chain,seq,length,t_first_ns,t_last_ns,t_decode_ns,lat_first_us,lat_last_us,decoded,correct
0,0,300,91908369510292,91908371551162,91908371736078,2225.786,184.916,1,1
0,1,300,91908371966906,91908373597061,91908374188071,2221.165,591.010,1,1
0,2,300,91908374013665,91908376055395,91908376247032,2233.367,191.637,1,1
0,3,300,91908376472349,91908378513458,91908378686124,2213.775,172.666,1,1
0,4,300,91908378932272,91908380970252,91908381160068,2227.796,189.816,1,1
0,5,300,91908380970252,91908383023301,91908383571430,2601.178,548.129,1,1
0,6,300,91908383428064,91908385477875,91908385663511,2235.447,185.636,1,1
0,7,300,91908385886238,91908387934978,91908388109314,2223.076,174.336,1,1
0,8,300,91908388343362,91908389981847,91908390550016,2206.654,568.169,1,1
0,9,300,91908390408962,91908392438621,91908392615347,2206.385,176.726,1,1
0,10,300,91908392849474,91908394897734,91908395075940,2226.466,178.206,1,1
0,11,300,91908395321778,91908396950283,91908397514202,2192.424,563.919,1,1
0,12,300,91908397355617,91908399401406,91908399580023,2224.406,178.617,1,1
0,13,300,91908399811951,91908401860280,91908402039376,2227.425,179.096,1,1
0,14,300,91908402269814,91908403907720,91908404485169,2215.355,577.449,1,1
0,15,300,91908404318953,91908406366283,91908406547629,2228.676,181.346,1,1
0,16,300,91908406784118,91908408832887,91908409012793,2228.675,179.906,1,1
0,17,300,91908409231851,91908411280630,91908411434635,2202.784,154.005,1,1
0,18,300,91908411280630,91908413330219,91908413872978,2592.348,542.759,1,1
0,19,300,91908413738653,91908415787313,91908415963329,2224.676,176.016,1,1
0,20,300,91908416214657,91908418243496,91908418399932,2185.275,156.436,1,1
0,21,300,91908418660610,91908420295606,91908420833664,2173.054,538.058,1,1
0,22,300,91908420700620,91908422759099,91908422925175,2224.555,166.076,1,1
0,23,300,91908423176224,91908425224583,91908425390149,2213.925,165.566,1,1
0,24,300,91908425623927,91908427254462,91908427804790,2180.863,550.328,1,1
0,25,300,91908427665106,91908429713435,91908429882121,2217.015,168.686,1,1
0,26,300,91908430122889,91908432177438,91908432349244,2226.355,171.806,1,1
0,27,300,91908432580872,91908434217508,91908434783727,2202.855,566.219,1,1
0,28,300,91908434628042,91908436676302,91908436867968,2239.926,191.666,1,1
0,29,300,91908437095746,91908439132925,91908439306921,2211.175,173.996,1,1
0,30,300,91908439543249,91908441591008,91908441743633,2200.384,152.625,1,1
0,31,300,91908441591008,91908443655948,91908444192796,2601.788,536.848,1,1
0,32,300,91908444050951,91908446101191,91908446276817,2225.866,175.626,1,1
0,33,300,91908446507015,91908448554634,91908448720490,2213.475,165.856,1,1
0,34,300,91908448972789,91908450602714,91908451159903,2187.114,557.189,1,1
0,35,300,91908451011628,91908453075438,91908453255804,2244.176,180.366,1,1
0,36,300,91908453486251,91908455534072,91908455692087,2205.836,158.015,1,1
0,37,300,91908455926125,91908457565661,91908458158400,2232.275,592.739,1,1
0,38,300,91908457975614,91908460023613,91908460213130,2237.516,189.517,1,1
0,39,300,91908460433958,91908462479797,91908462649043,2215.085,169.246,1,1
0,40,300,91908462891361,91908464529117,91908465115556,2224.195,586.439,1,1
0,41,300,91908464939920,91908466985710,91908467194767,2254.847,209.057,1,1
0,42,300,91908467405564,91908469447783,91908469619559,2213.995,171.776,1,1
0,43,300,91908469860997,91908471902237,91908472085153,2224.156,182.916,1,1
0,44,300,91908471902237,91908473950026,91908474508995,2606.758,558.969,1,1
0,45,300,91908474373641,91908476408099,91908476583205,2209.564,175.106,1,1
0,46,300,91908476817214,91908478865163,91908479039469,2222.255,174.306,1,1
0,47,300,91908479279677,91908480914122,91908481463391,2183.714,549.269,1,1
0,48,300,91908481321397,91908483379256,91908483556242,2234.845,176.986,1,1
0,49,300,91908483779869,91908485828879,91908486015345,2235.476,186.466,1,1
0,50,300,91908486238233,91908487885779,91908488433038,2194.805,547.259,1,1
0,51,300,91908488291513,91908490333412,91908490502888,2211.375,169.476,1,1
0,52,300,91908490742556,91908492809546,91908492990962,2248.406,181.416,1,1
0,53,300,91908493201289,91908494851595,91908495403064,2201.775,551.469,1,1
0,54,300,91908495255689,91908497296159,91908497478685,2222.996,182.526,1,1
0,55,300,91908497707162,91908499755282,91908499917097,2209.935,161.815,1,1
0,56,300,91908500164665,91908502215086,91908502368970,2204.305,153.884,1,1
0,57,300,91908502215086,91908504264395,91908504807483,2592.397,543.088,1,1
0,58,300,91908504671468,91908506717347,91908506881464,2209.996,164.117,1,1
0,59,300,91908507128102,91908509174681,91908509342097,2213.995,167.416,1,1
0,60,300,91908509585665,91908511222261,91908511783749,2198.084,561.488,1,1
0,61,300,91908511650226,91908513691184,91908513857460,2207.234,166.276,1,1
0,62,300,91908514103119,91908516137447,91908516316774,2213.655,179.327,1,1
0,63,300,91908516549042,91908518205218,91908518741556,2192.514,536.338,1,1
0,64,300,91908518596781,91908520644260,91908520816616,2219.835,172.356,1,1
0,65,300,91908521053435,91908523114184,91908523283910,2230.475,169.726,1,1
0,66,300,91908523518048,91908525150864,91908525713433,2195.385,562.569,1,1
0,67,300,91908525558677,91908527607936,91908527788063,2229.386,180.127,1,1
0,68,300,91908528018121,91908530064650,91908530250836,2232.715,186.186,1,1
0,69,300,91908530475034,91908532529933,91908532694879,2219.845,164.946,1,1
0,70,300,91908532529933,91908534570683,91908535125712,2595.779,555.029,1,1
0,71,300,91908534980577,91908537027306,91908537211743,2231.166,184.437,1,1
0,72,300,91908537438240,91908539485430,91908539649615,2211.375,164.185,1,1
0,73,300,91908539895553,91908541532889,91908542093698,2198.145,560.809,1,1
0,74,300,91908541942513,91908543990863,91908544197910,2255.397,207.047,1,1
0,75,300,91908544410857,91908546464107,91908546641152,2230.295,177.045,1,1
0,76,300,91908546859200,91908548498605,91908549064174,2204.974,565.569,1,1
0,77,300,91908548905789,91908550955179,91908551156915,2251.126,201.736,1,1
0,78,300,91908551363282,91908553427343,91908553606158,2242.876,178.815,1,1
0,79,300,91908553821346,91908555460812,91908556043812,2222.466,583.000,1,1
0,80,300,91908555868745,91908557918425,91908558110611,2241.866,192.186,1,1
0,81,300,91908558342559,91908560374528,91908560546664,2204.105,172.136,1,1
0,82,300,91908560791422,91908562832522,91908562995008,2203.586,162.486,1,1
0,83,300,91908562832522,91908564898672,91908565434910,2602.388,536.238,1,1
0,84,300,91908565291235,91908567337654,91908567512051,2220.816,174.397,1,1
0,85,300,91908567757019,91908569796498,91908569967494,2210.475,170.996,1,1
0,86,300,91908570213852,91908571843447,91908572419218,2205.366,575.771,1,1
0,87,300,91908572269412,91908574302371,91908574479427,2210.015,177.056,1,1
0,88,300,91908574719085,91908576770615,91908576927860,2208.775,157.245,1,1
0,89,300,91908577180709,91908578824035,91908579377513,2196.804,553.478,1,1
0,90,300,91908579227958,91908581265407,91908581444623,2216.665,179.216,1,1
0,91,300,91908581674151,91908583734181,91908583902787,2228.636,168.606,1,1
0,92,300,91908584158896,91908585771340,91908586327809,2168.913,556.469,1,1
0,93,300,91908586180134,91908588228243,91908588400059,2219.925,171.816,1,1
0,94,300,91908588637928,91908590684947,91908590846762,2208.834,161.815,1,1
0,95,300,91908591095920,91908593169521,91908593323716,2227.796,154.195,1,1
0,96,300,91908593169521,91908595190730,91908595741578,2572.057,550.848,1,1
0,97,300,91908595608694,91908597648343,91908597812258,2203.564,163.915,1,1
0,98,300,91908598058327,91908600113966,91908600287002,2228.675,173.036,1,1
0,99,300,91908600517160,91908602153406,91908602705705,2188.545,552.299,1,1
0,100,300,91908602564229,91908604614799,91908604789135,2224.906,174.336,1,1
0,101,300,91908605031374,91908607085373,91908607260429,2229.055,175.056,1,1
0,102,300,91908607491707,91908609116752,91908609675641,2183.934,558.889,1,1
0,103,300,91908609526746,91908611575416,91908611765102,2238.356,189.686,1,1
0,104,300,91908611986019,91908614034049,91908614210545,2224.526,176.496,1,1
0,105,300,91908614443043,91908616093019,91908616645138,2202.095,552.119,1,1
0,106,300,91908616489852,91908618538312,91908618718838,2228.986,180.526,1,1
0,107,300,91908618948316,91908621000316,91908621189122,2240.806,188.806,1,1
0,108,300,91908621406249,91908623466999,91908623636565,2230.316,169.566,1,1
0,109,300,91908623466999,91908625502829,91908626075347,2608.348,572.518,1,1
0,110,300,91908625917192,91908627961201,91908628183569,2266.377,222.368,1,1
0,111,300,91908628378916,91908630424915,91908630714785,2335.869,289.870,1,1
0,112,300,91908630829499,91908632467165,91908633055475,2225.976,588.310,1,1
0,113,300,91908632888909,91908634928698,91908635130675,2241.766,201.977,1,1
0,114,300,91908635332962,91908637379831,91908637551957,2218.995,172.126,1,1
0,115,300,91908637792895,91908639429230,91908639989609,2196.714,560.379,1,1
0,116,300,91908639837885,91908641886434,91908642080341,2242.456,193.907,1,1
0,117,300,91908642312318,91908644345467,91908644526894,2214.576,181.427,1,1
0,118,300,91908644754051,91908646394647,91908646957687,2203.636,563.040,1,1
0,119,300,91908646801831,91908648854701,91908649061237,2259.406,206.536,1,1
0,120,300,91908649266344,91908651307814,91908651480619,2214.275,172.805,1,1
0,121,300,91908651716557,91908653767927,91908653930442,2213.885,162.515,1,1
0,122,300,91908653767927,91908655811707,91908656358925,2590.998,547.218,1,1
0,123,300,91908656222871,91908658270350,91908658445286,2222.415,174.936,1,1
0,124,300,91908658678314,91908660728194,91908660903319,2225.005,175.125,1,1
0,125,300,91908661137457,91908662774093,91908663328691,2191.234,554.598,1,1
0,126,300,91908663185836,91908665233396,91908665411472,2225.636,178.076,1,1
0,127,300,91908665641780,91908667691400,91908667863126,2221.346,171.726,1,1
0,128,300,91908668108574,91908669754819,91908670296638,2188.064,541.819,1,1
0,129,300,91908670147643,91908672196713,91908672376518,2228.875,179.805,1,1
0,130,300,91908672616177,91908674658906,91908674828152,2211.975,169.246,1,1
0,131,300,91908675064020,91908676718916,91908677283975,2219.955,565.059,1,1
0,132,300,91908677110399,91908679171700,91908679358736,2248.337,187.036,1,1
0,133,300,91908679569773,91908681616182,91908681796008,2226.235,179.826,1,1
0,134,300,91908682031936,91908684092117,91908684262321,2230.385,170.204,1,1
0,135,300,91908684092117,91908686122045,91908686666764,2574.647,544.719,1,1
0,136,300,91908686531899,91908688581158,91908688754574,2222.675,173.416,1,1
0,137,300,91908688990203,91908691038362,91908691211057,2220.854,172.695,1,1
0,138,300,91908691455876,91908693092282,91908693651741,2195.865,559.459,1,1
0,139,300,91908693509956,91908695555215,91908695731240,2221.284,176.025,1,1
0,140,300,91908695952599,91908698028149,91908698215345,2262.746,187.196,1,1
0,141,300,91908698410181,91908700055078,91908700608346,2198.165,553.268,1,1
0,142,300,91908700459722,91908702507641,91908702686497,2226.775,178.856,1,1
0,143,300,91908702915394,91908704964764,91908705150610,2235.216,185.846,1,1
0,144,300,91908705373448,91908707018514,91908707588963,2215.515,570.449,1,1
0,145,300,91908707422298,91908709469347,91908709650453,2228.155,181.106,1,1
0,146,300,91908709879691,91908711929411,91908712128187,2248.496,198.776,1,1
0,147,300,91908712336094,91908714398665,91908714562070,2225.976,163.405,1,1
0,148,300,91908714398665,91908716433173,91908716986852,2588.187,553.679,1,1
0,149,300,91908716842897,91908718889887,91908719077943,2235.046,188.056,1,1
0,150,300,91908719300290,91908721364811,91908721529806,2229.516,164.995,1,1
0,151,300,91908721775284,91908723396790,91908723952528,2177.244,555.738,1,1
0,152,300,91908723804893,91908725854623,91908726041609,2236.716,186.986,1,1
0,153,300,91908726262467,91908728323646,91908728491742,2229.275,168.096,1,1
0,154,300,91908728721510,91908730360526,91908730918644,2197.134,558.118,1,1
0,155,300,91908730770100,91908732818080,91908733017646,2247.546,199.566,1,1
0,156,300,91908733227203,91908735275942,91908735446088,2218.885,170.146,1,1
0,157,300,91908735685367,91908737323472,91908737897332,2211.965,573.860,1,1
0,158,300,91908737731836,91908739799446,91908739979903,2248.067,180.457,1,1
0,159,300,91908740192339,91908742242089,91908742414465,2222.126,172.376,1,1
0,160,300,91908742659024,91908744695852,91908744857847,2198.823,161.995,1,1
0,161,300,91908744695852,91908746743121,91908747282210,2586.358,539.089,1,1
0,162,300,91908747153626,91908749205805,91908749370951,2217.325,165.146,1,1
0,163,300,91908749611179,91908751672289,91908751836814,2225.635,164.525,1,1
0,164,300,91908752067172,91908753706138,91908754257626,2190.454,551.488,1,1
0,165,300,91908754116142,91908756170892,91908756342658,2226.516,171.766,1,1
0,166,300,91908756573925,91908758622275,91908758788510,2214.585,166.235,1,1
0,167,300,91908759032618,91908760670554,91908761241824,2209.206,571.270,1,1
0,168,300,91908761079049,91908763127478,91908763320984,2241.935,193.506,1,1
0,169,300,91908763545672,91908765584591,91908765753456,2207.784,168.865,1,1
0,170,300,91908765993705,91908767634240,91908768220480,2226.775,586.240,1,1
0,171,300,91908768042865,91908770090784,91908770279470,2236.605,188.686,1,1
0,172,300,91908770501087,91908772551247,91908772722523,2221.436,171.276,1,1
0,173,300,91908772967122,91908775013511,91908775197557,2230.435,184.046,1,1
0,174,300,91908775013511,91908777053870,91908777599398,2585.887,545.528,1,1
0,175,300,91908777464244,91908779526304,91908779700050,2235.806,173.746,1,1
0,176,300,91908779920987,91908781969347,91908782151543,2230.556,182.196,1,1
0,177,300,91908782379611,91908784017927,91908784570075,2190.464,552.148,1,1
0,178,300,91908784427780,91908786474589,91908786661956,2234.176,187.367,1,1
0,179,300,91908786883564,91908788932693,91908789122130,2238.566,189.437,1,1
0,180,300,91908789356078,91908790979423,91908791539271,2183.193,559.848,1,1
0,181,300,91908791389716,91908793438896,91908793628253,2238.537,189.357,1,1
0,182,300,91908793848720,91908795911299,91908796091556,2242.836,180.257,1,1
0,183,300,91908796304294,91908797944619,91908798517358,2213.064,572.739,1,1
0,184,300,91908798361603,91908800401212,91908800582038,2220.435,180.826,1,1
0,185,300,91908800809846,91908802858436,91908803040252,2230.406,181.816,1,1
0,186,300,91908803269090,91908805331369,91908805494615,2225.525,163.246,1,1
0,187,300,91908805331369,91908807363198,91908807909147,2577.778,545.949,1,1
0,188,300,91908807774663,91908809827582,91908810023608,2248.945,196.026,1,1
0,189,300,91908810230615,91908812295996,91908812468551,2237.936,172.555,1,1
0,190,300,91908812688199,91908814338285,91908814880213,2192.014,541.928,1,1
0,191,300,91908814737249,91908816786258,91908816973504,2236.255,187.246,1,1
0,192,300,91908817194742,91908819241792,91908819409947,2215.205,168.155,1,1
0,193,300,91908819651925,91908821290311,91908821848260,2196.335,557.949,1,1
0,194,300,91908821699914,91908823762205,91908823940270,2240.356,178.065,1,1
0,195,300,91908824158908,91908826217639,91908826399654,2240.746,182.015,1,1
0,196,300,91908826615272,91908828271517,91908828832637,2217.365,561.120,1,1
0,197,300,91908828677322,91908830710671,91908830891056,2213.734,180.385,1,1
0,198,300,91908831121284,91908833170294,91908833343240,2221.956,172.946,1,1
0,199,300,91908833581808,91908835640987,91908835803304,2221.496,162.317,1,1
0,200,300,91908835640987,91908837674217,91908838226026,2585.039,551.809,1,1
0,201,300,91908838083201,91908840132580,91908840314796,2231.595,182.216,1,1
0,202,300,91908840550725,91908842600674,91908842776290,2225.565,175.616,1,1
0,203,300,91908842999348,91908844643063,91908845224353,2225.005,581.290,1,1
0,204,300,91908845065417,91908847105897,91908847291113,2225.696,185.216,1,1
0,205,300,91908847504411,91908849558271,91908849725006,2220.595,166.735,1,1
0,206,300,91908849970024,91908851601420,91908852171509,2201.485,570.089,1,1
0,207,300,91908852014213,91908854059322,91908854245810,2231.597,186.488,1,1
0,208,300,91908854468347,91908856516026,91908856685342,2216.995,169.316,1,1
0,209,300,91908856925220,91908858564595,91908859165627,2240.407,601.032,1,1
0,210,300,91908858991940,91908861043010,91908861235107,2243.167,192.097,1,1
0,211,300,91908861430893,91908863480152,91908863642398,2211.505,162.246,1,1
0,212,300,91908863888766,91908865947257,91908866127802,2239.036,180.545,1,1
0,213,300,91908865947257,91908867985975,91908868523443,2576.186,537.468,1,1
0,214,300,91908868395260,91908870442239,91908870617574,2222.314,175.335,1,1
0,215,300,91908870851842,91908872910372,91908873087418,2235.576,177.046,1,1
0,216,300,91908873312796,91908874960112,91908875511211,2198.415,551.099,1,1
0,217,300,91908875368165,91908877422245,91908877589331,2221.166,167.086,1,1
0,218,300,91908877822899,91908879863649,91908880042604,2219.705,178.955,1,1
0,219,300,91908880279153,91908881912298,91908882473177,2194.024,560.879,1,1
0,220,300,91908882322892,91908884370261,91908884548777,2225.885,178.516,1,1
0,221,300,91908884786426,91908886839835,91908887011921,2225.495,172.086,1,1
0,222,300,91908887236878,91908888874474,91908889442653,2205.775,568.179,1,1
0,223,300,91908889284048,91908891341077,91908891526354,2242.306,185.277,1,1
0,224,300,91908891740841,91908893801061,91908893973737,2232.896,172.676,1,1
0,225,300,91908894199195,91908896246804,91908896403790,2204.595,156.986,1,1
0,226,300,91908896246804,91908898307154,91908898833942,2587.138,526.788,1,1
0,227,300,91908898705928,91908900757078,91908900922223,2216.295,165.145,1,1
0,228,300,91908901177331,91908903210470,91908903367476,2190.145,157.006,1,1
0,229,300,91908903622945,91908905259650,91908905801869,2178.924,542.219,1,1
0,230,300,91908905667714,91908907733324,91908907899299,2231.585,165.975,1,1
0,231,300,91908908125698,91908910175517,91908910334572,2208.874,159.055,1,1
0,232,300,91908910583261,91908912221116,91908912788866,2205.605,567.750,1,1
0,233,300,91908912648230,91908914689640,91908914858256,2210.026,168.616,1,1
0,234,300,91908915105974,91908917136203,91908917305719,2199.745,169.516,1,1
0,235,300,91908917547567,91908919204433,91908919760362,2212.795,555.929,1,1
0,236,300,91908919594487,91908921642536,91908921813112,2218.625,170.576,1,1
0,237,300,91908922052040,91908924099669,91908924271495,2219.455,171.826,1,1
0,238,300,91908924509723,91908926557773,91908926720308,2210.585,162.535,1,1
0,239,300,91908926557773,91908928604962,91908929169451,2611.678,564.489,1,1
0,240,300,91908929016105,91908931064086,91908931249752,2233.647,185.666,1,1
0,241,300,91908931473009,91908933521879,91908933699075,2226.066,177.196,1,1
0,242,300,91908933945753,91908935574018,91908936136627,2190.874,562.609,1,1
0,243,300,91908935983793,91908938025802,91908938212478,2228.685,186.676,1,1
0,244,300,91908938442206,91908940485116,91908940652301,2210.095,167.185,1,1
0,245,300,91908940893319,91908942532585,91908943119205,2225.886,586.620,1,1
0,246,300,91908942959649,91908944990688,91908945192145,2232.496,201.457,1,1
0,247,300,91908945399152,91908947446421,91908947606996,2207.844,160.575,1,1
0,248,300,91908947856355,91908949494541,91908950087361,2231.006,592.820,1,1
0,249,300,91908949920525,91908951962754,91908952186893,2266.368,224.139,1,1
0,250,300,91908952373889,91908954426509,91908954593524,2219.635,167.015,1,1
0,251,300,91908954823942,91908956885101,91908957056577,2232.635,171.476,1,1
0,252,300,91908956885101,91908958929140,91908959464549,2579.448,535.409,1,1
0,253,300,91908959335615,91908961373844,91908961539010,2203.395,165.166,1,1
0,254,300,91908961783228,91908963838168,91908964015013,2231.785,176.845,1,1
0,255,300,91908964258222,91908965879156,91908966435006,2176.784,555.850,1,1
0,256,300,91908966290971,91908968336090,91908968507586,2216.615,171.496,1,1
0,257,300,91908968746674,91908970796953,91908970954569,2207.895,157.616,1,1
0,258,300,91908971209378,91908972842043,91908973403782,2194.404,561.739,1,1
0,259,300,91908973252747,91908975299826,91908975469752,2217.005,169.926,1,1
0,260,300,91908975709321,91908977756680,91908977916435,2207.114,159.755,1,1
0,261,300,91908978166953,91908979808259,91908980363348,2196.395,555.089,1,1
0,262,300,91908980214704,91908982281303,91908982453530,2238.826,172.227,1,1
0,263,300,91908982686057,91908984737916,91908984900062,2214.005,162.146,1,1
0,264,300,91908985156590,91908987179420,91908987334384,2177.794,154.964,1,1
0,265,300,91908987179420,91908989225749,91908989770607,2591.187,544.858,1,1
0,266,300,91908989636052,91908991683513,91908991847768,2211.716,164.255,1,1
0,267,300,91908992092906,91908994147656,91908994313542,2220.636,165.886,1,1
0,268,300,91908994552310,91908996190175,91908996741204,2188.894,551.029,1,1
0,269,300,91908996599499,91908998648019,91908998823844,2224.345,175.825,1,1
0,270,300,91908999058302,91909001106421,91909001285088,2226.786,178.667,1,1
0,271,300,91909001531576,91909003152342,91909003711590,2180.014,559.248,1,1
0,272,300,91909003562805,91909005610965,91909005789101,2226.296,178.136,1,1
0,273,300,91909006033849,91909008068038,91909008251594,2217.745,183.556,1,1
0,274,300,91909008477072,91909010115628,91909010692297,2215.225,576.669,1,1
0,275,300,91909010525651,91909012589182,91909012781448,2255.797,192.266,1,1
0,276,300,91909012986755,91909015030874,91909015361665,2374.910,330.791,1,1
0,277,300,91909015441359,91909017495398,91909017658364,2217.005,162.966,1,1
0,278,300,91909017495398,91909019537547,91909020092716,2597.318,555.169,1,1
0,279,300,91909019945751,91909022030302,91909022213058,2267.307,182.756,1,1
0,280,300,91909022403345,91909024451614,91909024616519,2213.174,164.905,1,1
0,281,300,91909024861308,91909026504154,91909027070763,2209.455,566.609,1,1
0,282,300,91909026909378,91909028957227,91909029162414,2253.036,205.187,1,1
0,283,300,91909029381292,91909031416280,91909031595467,2214.175,179.187,1,1
0,284,300,91909031825584,91909033463810,91909034032329,2206.745,568.519,1,1
0,285,300,91909033873814,91909035923123,91909036111650,2237.836,188.527,1,1
0,286,300,91909036330307,91909038379627,91909038549563,2219.256,169.936,1,1
0,287,300,91909038788290,91909040426726,91909040993075,2204.785,566.349,1,1
0,288,300,91909040836520,91909042883420,91909043074525,2238.005,191.105,1,1
0,289,300,91909043302194,91909045341603,91909045513869,2211.675,172.266,1,1
0,290,300,91909045751867,91909047799876,91909047962162,2210.295,162.286,1,1
0,291,300,91909047799876,91909049848476,91909050387164,2587.288,538.688,1,1
0,292,300,91909050258099,91909052321440,91909052497745,2239.646,176.305,1,1
0,293,300,91909052730533,91909054763312,91909054929498,2198.965,166.186,1,1
0,294,300,91909055173056,91909056813612,91909057369421,2196.365,555.809,1,1
0,295,300,91909057225546,91909059269056,91909059447391,2221.845,178.335,1,1
0,296,300,91909059678609,91909061725388,91909061882724,2204.115,157.336,1,1
0,297,300,91909062135683,91909063773699,91909064324437,2188.754,550.738,1,1
0,298,300,91909064182342,91909066232351,91909066412268,2229.926,179.917,1,1
0,299,300,91909066641636,91909068689665,91909068858591,2216.955,168.926,1,1
0,300,300,91909069108450,91909070749365,91909071313274,2204.824,563.909,1,1
0,301,300,91909071155459,91909073193638,91909073378934,2223.475,185.296,1,1
0,302,300,91909073620812,91909075652401,91909075829118,2208.306,176.717,1,1
0,303,300,91909076082116,91909078109615,91909078273020,2190.904,163.405,1,1
0,304,300,91909078109615,91909080158724,91909080703553,2593.938,544.829,1,1
0,305,300,91909080568218,91909082614717,91909082778983,2210.765,164.266,1,1
0,306,300,91909083025232,91909085088801,91909085257797,2232.565,168.996,1,1
0,307,300,91909085487755,91909087137250,91909087664879,2177.124,527.629,1,1
0,308,300,91909087530555,91909089577774,91909089744210,2213.655,166.436,1,1
0,309,300,91909090014539,91909092054697,91909092227603,2213.064,172.906,1,1
0,310,300,91909092460351,91909094084457,91909094646366,2186.015,561.909,1,1
0,311,300,91909094505190,91909096540740,91909096709076,2203.886,168.336,1,1
0,312,300,91909096964984,91909099015024,91909099196270,2231.286,181.246,1,1
0,313,300,91909099409677,91909101047553,91909101636233,2226.556,588.680,1,1
0,314,300,91909101469117,91909103505526,91909103686743,2217.626,181.217,1,1
0,315,300,91909103930631,91909105963330,91909106155916,2225.285,192.586,1,1
0,316,300,91909106373013,91909108420233,91909108583389,2210.376,163.156,1,1
0,317,300,91909108420233,91909110468803,91909111033482,2613.249,564.679,1,1
0,318,300,91909110887807,91909112924805,91909113109992,2222.185,185.187,1,1
0,319,300,91909113336050,91909115382899,91909115542184,2206.134,159.285,1,1
0,320,300,91909115794633,91909117432249,91909117975017,2180.384,542.768,1,1
0,321,300,91909117840993,91909119888552,91909120065128,2224.135,176.576,1,1
0,322,300,91909120299366,91909122347095,91909122506661,2207.295,159.566,1,1
0,323,300,91909122769680,91909124395545,91909124958505,2188.825,562.960,1,1
0,324,300,91909124803239,91909126852328,91909127047655,2244.416,195.327,1,1
0,325,300,91909127260773,91909129308762,91909129491008,2230.235,182.246,1,1
0,326,300,91909129731227,91909131358642,91909131923041,2191.814,564.399,1,1
0,327,300,91909131767035,91909133814484,91909133995781,2228.746,181.297,1,1
0,328,300,91909134224559,91909136273718,91909136448634,2224.075,174.916,1,1
0,329,300,91909136687022,91909138739472,91909138903357,2216.335,163.885,1,1
0,330,300,91909138739472,91909140778701,91909141332329,2592.857,553.628,1,1
0,331,300,91909141187284,91909143247075,91909143434901,2247.617,187.826,1,1
0,332,300,91909143645288,91909145694318,91909145859373,2214.085,165.055,1,1
0,333,300,91909146102841,91909147741787,91909148309266,2206.425,567.479,1,1
0,334,300,91909148165572,91909150200401,91909150378296,2212.724,177.895,1,1
0,335,300,91909150617765,91909152671825,91909152850520,2232.755,178.695,1,1
0,336,300,91909153065798,91909154704763,91909155279773,2213.975,575.010,1,1
0,337,300,91909155118928,91909157163437,91909157353903,2234.975,190.466,1,1
0,338,300,91909157581351,91909159632151,91909159811936,2230.585,179.785,1,1
0,339,300,91909160029714,91909161669020,91909162244989,2215.275,575.969,1,1
0,340,300,91909162078763,91909164135053,91909164327360,2248.597,192.307,1,1
0,341,300,91909164535747,91909166586937,91909166760442,2224.695,173.505,1,1
0,342,300,91909167020981,91909169040500,91909169214075,2193.094,173.575,1,1
0,343,300,91909169040500,91909171094489,91909171645628,2605.128,551.139,1,1
0,344,300,91909171509864,91909173556533,91909173741629,2231.765,185.096,1,1
0,345,300,91909173955547,91909176016896,91909176202752,2247.205,185.856,1,1
0,346,300,91909176425951,91909178062386,91909178622485,2196.534,560.099,1,1
0,347,300,91909178477840,91909180514529,91909180702925,2225.085,188.396,1,1
0,348,300,91909180918353,91909182967112,91909183152928,2234.575,185.816,1,1
0,349,300,91909183377307,91909185016751,91909185573741,2196.434,556.990,1,1
0,350,300,91909185424016,91909187475725,91909187654301,2230.285,178.576,1,1
0,351,300,91909187897560,91909189939099,91909190121235,2223.675,182.136,1,1
0,352,300,91909190340123,91909191991278,91909192545788,2205.665,554.510,1,1
0,353,300,91909192388972,91909194435411,91909194628128,2239.156,192.717,1,1
0,354,300,91909194844666,91909196894365,91909197086572,2241.906,192.207,1,1
0,355,300,91909197314349,91909199352218,91909199526684,2212.335,174.466,1,1
0,356,300,91909199352218,91909201400168,91909201945127,2592.909,544.959,1,1
0,357,300,91909201809692,91909203856841,91909204052348,2242.656,195.507,1,1
0,358,300,91909204275895,91909206321764,91909206497291,2221.396,175.527,1,1
0,359,300,91909206739179,91909208363614,91909208930693,2191.514,567.079,1,1
0,360,300,91909208788589,91909210820628,91909210997593,2209.004,176.965,1,1
0,361,300,91909211243581,91909213279541,91909213447906,2204.325,168.365,1,1
0,362,300,91909213689764,91909215326950,91909215883759,2193.995,556.809,1,1
0,363,300,91909215734524,91909217789824,91909217968090,2233.566,178.266,1,1
0,364,300,91909218193617,91909220239777,91909220401383,2207.766,161.606,1,1
0,365,300,91909220649541,91909222288577,91909222866316,2216.775,577.739,1,1
0,366,300,91909222699330,91909224747330,91909224928386,2229.056,181.056,1,1
0,367,300,91909225155974,91909227215433,91909227394200,2238.226,178.767,1,1
0,368,300,91909227612837,91909229661866,91909229824092,2211.255,162.226,1,1
0,369,300,91909229661866,91909231710767,91909232267555,2605.689,556.788,1,1
0,370,300,91909232118740,91909234168319,91909234349755,2231.015,181.436,1,1
0,371,300,91909234584003,91909236633303,91909236804739,2220.736,171.436,1,1
0,372,300,91909237035787,91909238673852,91909239233051,2197.264,559.199,1,1
0,373,300,91909239083296,91909241138206,91909241324212,2240.916,186.006,1,1
0,374,300,91909241541160,91909243587359,91909243765846,2224.686,178.487,1,1
0,375,300,91909244020503,91909245643749,91909246208338,2187.835,564.589,1,1
0,376,300,91909246048393,91909248092552,91909248268208,2219.815,175.656,1,1
0,377,300,91909248503276,91909250551885,91909250728471,2225.195,176.586,1,1
0,378,300,91909250962189,91909252598535,91909253178805,2216.616,580.270,1,1
0,379,300,91909253021709,91909255057908,91909255238475,2216.766,180.567,1,1
0,380,300,91909255467143,91909257514752,91909257678837,2211.694,164.085,1,1
0,381,300,91909257939416,91909259977395,91909260148981,2209.565,171.586,1,1
0,382,300,91909259977395,91909262035155,91909262558093,2580.698,522.938,1,1
0,383,300,91909262429418,91909264493538,91909264667584,2238.166,174.046,1,1
0,384,300,91909264886552,91909266953282,91909267119378,2232.826,166.096,1,1
0,385,300,91909267357126,91909268983781,91909269547590,2190.464,563.809,1,1
0,386,300,91909269393274,91909271440414,91909271617060,2223.786,176.646,1,1
0,387,300,91909271850198,91909273903318,91909274080863,2230.665,177.545,1,1
0,388,300,91909274308181,91909275961887,91909276505486,2197.305,543.599,1,1
0,389,300,91909276355091,91909278405391,91909278596367,2241.276,190.976,1,1
0,390,300,91909278813624,91909280861193,91909281051680,2238.056,190.487,1,1
0,391,300,91909281281378,91909282910863,91909283501253,2219.875,590.390,1,1
0,392,300,91909283338918,91909285367696,91909285549972,2211.054,182.276,1,1
0,393,300,91909285787921,91909287825110,91909287998996,2211.075,173.886,1,1
0,394,300,91909288251284,91909290283313,91909290446528,2195.244,163.215,1,1
0,395,300,91909290283313,91909292331742,91909292874951,2591.638,543.209,1,1
0,396,300,91909292739587,91909294789026,91909294963052,2223.465,174.026,1,1
0,397,300,91909295199130,91909297246590,91909297412986,2213.856,166.396,1,1
0,398,300,91909297655974,91909299305289,91909299862159,2206.185,556.870,1,1
0,399,300,91909299718254,91909301750192,91909301928299,2210.045,178.107,1,1
0,400,300,91909302181457,91909304209926,91909304378062,2196.605,168.136,1,1
0,401,300,91909304617489,91909306256565,91909306819744,2202.255,563.179,1,1
0,402,300,91909306666150,91909308713669,91909308892305,2226.155,178.636,1,1
0,403,300,91909309124012,91909311171942,91909311354159,2230.147,182.217,1,1
0,404,300,91909311581296,91909313227662,91909313788761,2207.465,561.099,1,1
0,405,300,91909313632936,91909315695445,91909315876332,2243.396,180.887,1,1
0,406,300,91909316087259,91909318135289,91909318317405,2230.146,182.116,1,1
0,407,300,91909318545522,91909320598962,91909320761757,2216.235,162.795,1,1
0,408,300,91909320598962,91909322640751,91909323194050,2595.088,553.299,1,1
0,409,300,91909323049895,91909325099685,91909325281761,2231.866,182.076,1,1
0,410,300,91909325509758,91909327556058,91909327720984,2211.226,164.926,1,1
0,411,300,91909327967182,91909329604328,91909330173527,2206.345,569.199,1,1
0,412,300,91909330014581,91909332062491,91909332249977,2235.396,187.486,1,1
0,413,300,91909332471615,91909334525145,91909334692240,2220.625,167.095,1,1
0,414,300,91909334933798,91909336567284,91909337154864,2221.066,587.580,1,1
0,415,300,91909336976928,91909339024127,91909339221684,2244.756,197.557,1,1
0,416,300,91909339444142,91909341500371,91909341669487,2225.345,169.116,1,1
0,417,300,91909341892225,91909343530040,91909344107200,2214.975,577.160,1,1
0,418,300,91909343940124,91909345993914,91909346200021,2259.897,206.107,1,1
0,419,300,91909346397677,91909348446737,91909348621032,2223.355,174.295,1,1
0,420,300,91909348856301,91909350917191,91909351090306,2234.005,173.115,1,1
0,421,300,91909350917191,91909352952449,91909353501858,2584.667,549.409,1,1
0,422,300,91909353363204,91909355409503,91909355583809,2220.605,174.306,1,1
0,423,300,91909355824487,91909357883747,91909358058523,2234.036,174.776,1,1
0,424,300,91909358275740,91909359915356,91909360492225,2216.485,576.869,1,1
0,425,300,91909360339970,91909362386970,91909362564226,2224.256,177.256,1,1
0,426,300,91909362782243,91909364830963,91909364998139,2215.896,167.176,1,1
0,427,300,91909365254277,91909366897253,91909367438561,2184.284,541.308,1,1
0,428,300,91909367288036,91909369354967,91909369534752,2246.716,179.785,1,1
0,429,300,91909369744859,91909371792729,91909371961194,2216.335,168.465,1,1
0,430,300,91909372210303,91909373851509,91909374419868,2209.565,568.359,1,1
0,431,300,91909374251613,91909376315672,91909376498298,2246.685,182.626,1,1
0,432,300,91909376708635,91909378762775,91909378939192,2230.557,176.417,1,1
0,433,300,91909379201540,91909381223999,91909381396284,2194.744,172.285,1,1
0,434,300,91909381223999,91909383261158,91909383808546,2584.547,547.388,1,1
0,435,300,91909383672772,91909385718901,91909385904308,2231.536,185.407,1,1
0,436,300,91909386128755,91909388179225,91909388347320,2218.565,168.095,1,1
0,437,300,91909388592359,91909390224745,91909390777113,2184.754,552.368,1,1
0,438,300,91909390634478,91909392694668,91909392882185,2247.707,187.517,1,1
0,439,300,91909393092282,91909395150341,91909395318407,2226.125,168.066,1,1
0,440,300,91909395558765,91909397206451,91909397758750,2199.985,552.299,1,1
0,441,300,91909397609635,91909399646874,91909399836740,2227.105,189.866,1,1
0,442,300,91909400068758,91909402113808,91909402292644,2223.886,178.836,1,1
0,443,300,91909402512042,91909404151967,91909404725376,2213.334,573.409,1,1
0,444,300,91909404559831,91909406625261,91909406796257,2236.426,170.996,1,1
0,445,300,91909407017794,91909409066194,91909409252650,2234.856,186.456,1,1
0,446,300,91909409486917,91909411524177,91909411684892,2197.975,160.715,1,1
0,447,300,91909411524177,91909413572536,91909414134245,2610.068,561.709,1,1
0,448,300,91909413996021,91909416036331,91909416209946,2213.925,173.615,1,1
0,449,300,91909416440934,91909418487223,91909418653259,2212.325,166.036,1,1
0,450,300,91909418896807,91909420549563,91909421089951,2193.144,540.388,1,1
0,451,300,91909420944447,91909423012126,91909423188093,2243.646,175.967,1,1
0,452,300,91909423420601,91909425463520,91909425621506,2200.905,157.986,1,1
0,453,300,91909425861243,91909427498219,91909428059668,2198.425,561.449,1,1
0,454,300,91909427908683,91909429955163,91909430133848,2225.165,178.685,1,1
0,455,300,91909430364866,91909432421286,91909432589072,2224.206,167.786,1,1
0,456,300,91909432823670,91909434461875,91909435030654,2206.984,568.779,1,1
0,457,300,91909434870379,91909436930289,91909437454566,2584.187,524.277,1,1
0,458,300,91909437329532,91909439377112,91909439542348,2212.816,165.236,1,1
0,459,300,91909439787466,91909441834285,91909441998661,2211.195,164.376,1,1
0,460,300,91909441834285,91909443882605,91909444433114,2598.829,550.509,1,1
0,461,300,91909444295618,91909446346109,91909446532495,2236.877,186.386,1,1
0,462,300,91909446749402,91909448796961,91909448972487,2223.085,175.526,1,1
0,463,300,91909449224466,91909450860632,91909451406880,2182.414,546.248,1,1
0,464,300,91909451270495,91909453304324,91909453471930,2201.435,167.606,1,1
0,465,300,91909453711819,91909455760918,91909455928934,2217.115,168.016,1,1
0,466,300,91909456170962,91909457808007,91909458360367,2189.405,552.360,1,1
0,467,300,91909458217791,91909460266051,91909460435966,2218.175,169.915,1,1
0,468,300,91909460677055,91909462724034,91909462894260,2217.205,170.226,1,1
0,469,300,91909463133198,91909464771853,91909465341883,2208.685,570.030,1,1
0,470,300,91909465182418,91909467233688,91909467769245,2586.827,535.557,1,1
0,471,300,91909467638791,91909469687100,91909469863386,2224.595,176.286,1,1
0,472,300,91909470096374,91909472151844,91909472306419,2210.045,154.575,1,1
0,473,300,91909472151844,91909474199274,91909474733841,2581.997,534.567,1,1
0,474,300,91909474603338,91909476651437,91909476815252,2211.914,163.815,1,1
0,475,300,91909477059910,91909479108910,91909479273825,2213.915,164.915,1,1
0,476,300,91909479517864,91909481156240,91909481715049,2197.185,558.809,1,1
0,477,300,91909481565223,91909483613983,91909483789949,2224.726,175.966,1,1
0,478,300,91909484034107,91909486081936,91909486275673,2241.566,193.737,1,1
0,479,300,91909486480170,91909488119716,91909488683985,2203.815,564.269,1,1
0,480,300,91909488533240,91909490576929,91909490754755,2221.515,177.826,1,1
0,481,300,91909490987123,91909493034252,91909493219519,2232.396,185.267,1,1
0,482,300,91909493444836,91909495081862,91909495647801,2202.965,565.939,1,1
0,483,300,91909495491216,91909497539516,91909498101484,2610.268,561.968,1,1
0,484,300,91909497959220,91909500001189,91909500195586,2236.366,194.397,1,1
0,485,300,91909500408163,91909502456372,91909502618668,2210.505,162.296,1,1
0,486,300,91909502456372,91909504505362,91909505062930,2606.558,557.568,1,1
0,487,300,91909504913886,91909506975546,91909507168012,2254.126,192.466,1,1
0,488,300,91909507370689,91909509419148,91909509595075,2224.386,175.927,1,1
0,489,300,91909509837332,91909511467208,91909512031817,2194.485,564.609,1,1
0,490,300,91909511875662,91909513924071,91909514114528,2238.866,190.457,1,1
0,491,300,91909514346156,91909516380815,91909516548511,2202.355,167.696,1,1
0,492,300,91909516792489,91909518445235,91909519000454,2207.965,555.219,1,1
0,493,300,91909518850459,91909520888327,91909521082434,2231.975,194.107,1,1
0,494,300,91909521296332,91909523345031,91909523521937,2225.605,176.906,1,1
0,495,300,91909523755164,91909525408601,91909525970130,2214.966,561.529,1,1
0,496,300,91909525813825,91909527850874,91909528392252,2578.427,541.378,1,1
0,497,300,91909528259087,91909530309037,91909530484153,2225.066,175.116,1,1
0,498,300,91909530717601,91909532765661,91909532927386,2209.785,161.725,1,1
0,499,300,91909532765661,91909534825171,91909535370418,2604.757,545.247,1,1
0,500,300,91909535222664,91909537270614,91909537445819,2223.155,175.205,1,1
0,501,300,91909537683967,91909539728967,91909539893252,2209.285,164.285,1,1
0,502,300,91909540137601,91909541778136,91909542349056,2211.455,570.920,1,1
0,503,300,91909542202121,91909544240840,91909544418556,2216.435,177.716,1,1
0,504,300,91909544663025,91909546692374,91909546858779,2195.754,166.405,1,1
0,505,300,91909547107067,91909548749363,91909549314802,2207.735,565.439,1,1
0,506,300,91909549151096,91909551197926,91909551380413,2229.317,182.487,1,1
0,507,300,91909551607440,91909553672880,91909553853036,2245.596,180.156,1,1
0,508,300,91909554065003,91909555702379,91909556287498,2222.495,585.119,1,1
0,509,300,91909556118813,91909558160332,91909558702621,2583.808,542.289,1,1
0,510,300,91909558571266,91909560618435,91909560791951,2220.685,173.516,1,1
0,511,300,91909561028970,91909563075599,91909563248085,2219.115,172.486,1,1
0,512,300,91909563075599,91909565124828,91909565686807,2611.208,561.979,1,1
0,513,300,91909565540142,91909567580992,91909567765858,2225.716,184.866,1,1
0,514,300,91909567991986,91909570054625,91909570240782,2248.796,186.157,1,1
0,515,300,91909570448469,91909572086874,91909572641494,2193.025,554.620,1,1
0,516,300,91909572496449,91909574559828,91909574735795,2239.346,175.967,1,1
0,517,300,91909574954042,91909577026602,91909577191168,2237.126,164.566,1,1
0,518,300,91909577427256,91909579050051,91909579603789,2176.533,553.738,1,1
0,519,300,91909579459715,91909581507394,91909581675860,2216.145,168.466,1,1
0,520,300,91909581917648,91909583965458,91909584136164,2218.516,170.706,1,1
0,521,300,91909584375161,91909586013727,91909586588747,2213.586,575.020,1,1
0,522,300,91909586428841,91909588470781,91909589017960,2589.119,547.179,1,1
0,523,300,91909588884185,91909590943185,91909591116900,2232.715,173.715,1,1
0,524,300,91909591338268,91909593387288,91909593541152,2202.884,153.864,1,1
0,525,300,91909593387288,91909595434797,91909595975735,2588.447,540.938,1,1
0,526,300,91909595844890,91909597891301,91909598065246,2220.356,173.945,1,1
0,527,300,91909598305584,91909600361374,91909600517149,2211.565,155.775,1,1
0,528,300,91909600760078,91909602397373,91909602943721,2183.643,546.348,1,1
0,529,300,91909602806687,91909604854727,91909605030253,2223.566,175.526,1,1
0,530,300,91909605264220,91909607318970,91909607488846,2224.626,169.876,1,1
0,531,300,91909607722054,91909609361490,91909609929968,2207.914,568.478,1,1
0,532,300,91909609786023,91909611832164,91909612000449,2214.426,168.285,1,1
0,533,300,91909612229317,91909614277216,91909614437811,2208.494,160.595,1,1
0,534,300,91909614701051,91909616324406,91909616904935,2203.884,580.529,1,1
0,535,300,91909616734959,91909618782629,91909619318047,2583.088,535.418,1,1
0,536,300,91909619192383,91909621240742,91909621418509,2226.126,177.767,1,1
0,537,300,91909621657616,91909623699366,91909623863612,2205.996,164.246,1,1
0,538,300,91909623699366,91909625744915,91909626294964,2595.598,550.049,1,1
0,539,300,91909626154429,91909628201639,91909628372354,2217.925,170.715,1,1
0,540,300,91909628612103,91909630659732,91909630823687,2211.584,163.955,1,1
0,541,300,91909631068836,91909632707601,91909633282501,2213.665,574.900,1,1
0,542,300,91909633134496,91909635165665,91909635332771,2198.275,167.106,1,1
0,543,300,91909635576459,91909637623338,91909637780634,2204.175,157.296,1,1
0,544,300,91909638033282,91909639686418,91909640237257,2203.975,550.839,1,1
0,545,300,91909640081912,91909642129311,91909642307918,2226.006,178.607,1,1
0,546,300,91909642539675,91909644600615,91909644760180,2220.505,159.565,1,1
0,547,300,91909644996378,91909646635824,91909647206054,2209.676,570.230,1,1
0,548,300,91909647044448,91909649099267,91909649627736,2583.288,528.469,1,1
0,549,300,91909649502741,91909651554731,91909651719136,2216.395,164.405,1,1
0,550,300,91909651959285,91909654029565,91909654205511,2246.226,175.946,1,1
0,551,300,91909654029565,91909656054694,91909656603613,2574.048,548.919,1,1
0,552,300,91909656464577,91909658513877,91909658687463,2222.886,173.586,1,1
0,553,300,91909658921741,91909660971400,91909661173887,2252.146,202.487,1,1
0,554,300,91909661380554,91909663036070,91909663573789,2193.235,537.719,1,1
0,555,300,91909663428214,91909665475923,91909665652049,2223.835,176.126,1,1
0,556,300,91909665886267,91909667946847,91909668119383,2233.116,172.536,1,1
0,557,300,91909668343771,91909669982407,91909670536075,2192.304,553.668,1,1
0,558,300,91909670391210,91909672450240,91909672618756,2227.546,168.516,1,1
0,559,300,91909672856763,91909674895923,91909675064799,2208.036,168.876,1,1
0,560,300,91909675314147,91909676952663,91909677517142,2202.995,564.479,1,1
0,561,300,91909677355536,91909679402016,91909679937244,2581.708,535.228,1,1
0,562,300,91909679813190,91909681859329,91909682044735,2231.545,185.406,1,1
0,563,300,91909682269654,91909684318053,91909684474138,2204.484,156.085,1,1
0,564,300,91909684318053,91909686375992,91909686905630,2587.577,529.638,1,1
0,565,300,91909686774816,91909688823955,91909688987861,2213.045,163.906,1,1
0,566,300,91909689243499,91909691285059,91909691457675,2214.176,172.616,1,1
0,567,300,91909691706644,91909693331028,91909693883977,2177.333,552.949,1,1
0,568,300,91909693738533,91909695793401,91909695969168,2230.635,175.767,1,1
0,569,300,91909696195335,91909698261116,91909698435291,2239.956,174.175,1,1
0,570,300,91909698653339,91909700291785,91909700854034,2200.695,562.249,1,1
0,571,300,91909700701929,91909702766848,91909702944805,2242.876,177.957,1,1
0,572,300,91909703161591,91909705223452,91909705384097,2222.506,160.645,1,1
0,573,300,91909705618195,91909707261271,91909707817830,2199.635,556.559,1,1
0,574,300,91909707665064,91909709712804,91909710263773,2598.709,550.969,1,1
0,575,300,91909710122438,91909712173958,91909712339063,2216.625,165.105,1,1
0,576,300,91909712580751,91909714628391,91909714794477,2213.726,166.086,1,1
0,577,300,91909714628391,91909716692901,91909717232759,2604.368,539.858,1,1
0,578,300,91909717089544,91909719132683,91909719306230,2216.686,173.547,1,1
0,579,300,91909719544338,91909721596228,91909721753462,2209.124,157.234,1,1
0,580,300,91909722000001,91909723638336,91909724217846,2217.845,579.510,1,1
0,581,300,91909724062091,91909726097020,91909726286147,2224.056,189.127,1,1
0,582,300,91909726507254,91909728555473,91909728715159,2207.905,159.686,1,1
0,583,300,91909728963648,91909730601822,91909731169812,2206.164,567.990,1,1
0,584,300,91909731016367,91909733060086,91909733248633,2232.266,188.547,1,1
0,585,300,91909733480601,91909735526600,91909735697996,2217.395,171.396,1,1
0,586,300,91909735945824,91909737566649,91909738176530,2230.706,609.881,1,1
0,587,300,91909737975333,91909740033833,91909740579012,2603.679,545.179,1,1
0,588,300,91909740446697,91909742480366,91909742669102,2222.405,188.736,1,1
0,589,300,91909742890289,91909744937900,91909745113285,2222.996,175.385,1,1
0,590,300,91909744937900,91909746985779,91909747543998,2606.098,558.219,1,1
0,591,300,91909747395803,91909749447662,91909749632898,2237.095,185.236,1,1
0,592,300,91909749852706,91909751902416,91909752070221,2217.515,167.805,1,1
0,593,300,91909752316610,91909753950125,91909754497004,2180.394,546.879,1,1
0,594,300,91909754358469,91909756408299,91909756580264,2221.795,171.965,1,1
0,595,300,91909756817222,91909758865092,91909759040138,2222.916,175.046,1,1
0,596,300,91909759274196,91909760919261,91909761476380,2202.184,557.119,1,1
0,597,300,91909761330755,91909763371075,91909763551310,2220.555,180.235,1,1
0,598,300,91909763779948,91909765828569,91909765990334,2210.386,161.765,1,1
0,599,300,91909766250722,91909767891388,91909768455147,2204.425,563.759,1,1
0,600,300,91909768303002,91909770333131,91909770882279,2579.277,549.148,1,1
0,601,300,91909770757565,91909772791074,91909772964921,2207.356,173.847,1,1
0,602,300,91909773221299,91909775249127,91909775426154,2204.855,177.027,1,1
0,603,300,91909775249127,91909777297828,91909777844865,2595.738,547.037,1,1
0,604,300,91909777705811,91909779770611,91909779944037,2238.226,173.426,1,1
0,605,300,91909780166855,91909782213294,91909782381450,2214.595,168.156,1,1
0,606,300,91909782634909,91909784272413,91909784843823,2208.914,571.410,1,1
0,607,300,91909784688868,91909786737188,91909786913383,2224.515,176.195,1,1
0,608,300,91909787126871,91909789176310,91909789347146,2220.275,170.836,1,1
0,609,300,91909789593164,91909791222749,91909791788659,2195.495,565.910,1,1
0,610,300,91909791633174,91909793680843,91909793858969,2225.795,178.126,1,1
0,611,300,91909794097467,91909796164827,91909796337423,2239.956,172.596,1,1
0,612,300,91909796549341,91909798193016,91909798769766,2220.425,576.750,1,1
0,613,300,91909798610250,91909800643189,91909801215199,2604.949,572.010,1,1
0,614,300,91909801071084,91909803117393,91909803301739,2230.655,184.346,1,1
0,615,300,91909803512206,91909805559516,91909805735182,2222.976,175.666,1,1
0,616,300,91909805559516,91909807606386,91909808169305,2609.789,562.919,1,1
0,617,300,91909808016429,91909810066019,91909810252015,2235.586,185.996,1,1
0,618,300,91909810474503,91909812521933,91909812688878,2214.375,166.945,1,1
0,619,300,91909812943117,91909814570952,91909815154882,2211.765,583.930,1,1
0,620,300,91909814979985,91909817032955,91909817219431,2239.446,186.476,1,1
0,621,300,91909817436879,91909819491969,91909819661355,2224.476,169.386,1,1
0,622,300,91909819894753,91909821534488,91909822107048,2212.295,572.560,1,1
0,623,300,91909821943172,91909823991602,91909824183268,2240.096,191.666,1,1
0,624,300,91909824400125,91909826457015,91909826628571,2228.446,171.556,1,1
0,625,300,91909826857799,91909828498175,91909829073244,2215.445,575.069,1,1
0,626,300,91909828905378,91909830957508,91909831506957,2601.579,549.449,1,1
0,627,300,91909831365382,91909833424791,91909833590197,2224.815,165.406,1,1
0,628,300,91909833828465,91909835869954,91909836047101,2218.636,177.147,1,1
0,629,300,91909835869954,91909837917774,91909838464112,2594.158,546.338,1,1
0,630,300,91909838326878,91909840379128,91909840551354,2224.476,172.226,1,1
0,631,300,91909840790111,91909842833521,91909843011157,2221.046,177.636,1,1
0,632,300,91909843249705,91909844880650,91909845438629,2188.924,557.979,1,1
0,633,300,91909845290864,91909847354984,91909847525680,2234.816,170.696,1,1
0,634,300,91909847747138,91909849795587,91909849965903,2218.765,170.316,1,1
0,635,300,91909850207271,91909851863677,91909852418766,2211.495,555.089,1,1
0,636,300,91909852261980,91909854301650,91909854493437,2231.457,191.787,1,1
0,637,300,91909854712354,91909856758613,91909856930059,2217.705,171.446,1,1
0,638,300,91909857170407,91909858810692,91909859377382,2206.975,566.690,1,1
0,639,300,91909859216307,91909861264106,91909861812715,2596.408,548.609,1,1
0,640,300,91909861674030,91909863729719,91909863915016,2240.986,185.297,1,1
0,641,300,91909864132403,91909866188963,91909866354889,2222.486,165.926,1,1
0,642,300,91909866188963,91909868236073,91909868785802,2596.839,549.729,1,1
0,643,300,91909868646937,91909870685926,91909870861862,2214.925,175.936,1,1
0,644,300,91909871094910,91909873155239,91909873323285,2228.375,168.046,1,1
0,645,300,91909873552843,91909875192749,91909875764548,2211.705,571.799,1,1
0,646,300,91909875609833,91909877648522,91909877831799,2221.966,183.277,1,1
0,647,300,91909878061316,91909880106955,91909880283802,2222.486,176.847,1,1
0,648,300,91909880524250,91909882153775,91909882728485,2204.235,574.710,1,1
0,649,300,91909882565469,91909884620518,91909884809895,2244.426,189.377,1,1
0,650,300,91909885022752,91909887069071,91909887248098,2225.346,179.027,1,1
0,651,300,91909887478916,91909889135482,91909889687340,2208.424,551.858,1,1
0,652,300,91909889527695,91909891577985,91909892134983,2607.288,556.998,1,1
0,653,300,91909891984209,91909894050609,91909894229944,2245.735,179.335,1,1
0,654,300,91909894443522,91909896491401,91909896655847,2212.325,164.446,1,1
0,655,300,91909896491401,91909898538740,91909899108020,2616.619,569.280,1,1
0,656,300,91909898949225,91909900996154,91909901188741,2239.516,192.587,1,1
0,657,300,91909901405169,91909903452718,91909903619784,2214.615,167.066,1,1
0,658,300,91909903864232,91909905502707,91909906068397,2204.165,565.690,1,1
0,659,300,91909905911481,91909907959340,91909908158557,2247.076,199.217,1,1
0,660,300,91909908369485,91909910427114,91909910596640,2227.155,169.526,1,1
0,661,300,91909910844599,91909912475404,91909913063784,2219.185,588.380,1,1
0,662,300,91909912889988,91909914922247,91909915114304,2224.316,192.057,1,1
0,663,300,91909915342291,91909917381170,91909917553476,2211.185,172.306,1,1
0,664,300,91909917789994,91909919428119,91909919997589,2207.595,569.470,1,1
0,665,300,91909919837814,91909921885133,91909922441872,2604.058,556.739,1,1
0,666,300,91909922301107,91909924343387,91909924529443,2228.336,186.056,1,1
0,667,300,91909924761121,91909926800659,91909926964435,2203.314,163.776,1,1
0,668,300,91909927228304,91909928849879,91909929399188,2170.884,549.309,1,1
0,669,300,91909929258543,91909931320553,91909931497949,2239.406,177.396,1,1
0,670,300,91909931716576,91909933780257,91909933946672,2230.096,166.415,1,1
0,671,300,91909934175170,91909935827446,91909936372294,2197.124,544.848,1,1
0,672,300,91909936221179,91909938269558,91909938449115,2227.936,179.557,1,1
0,673,300,91909938697904,91909940728672,91909940899268,2201.364,170.596,1,1
0,674,300,91909941136826,91909942774532,91909943339351,2202.525,564.819,1,1
0,675,300,91909943185026,91909945252776,91909945434252,2249.226,181.476,1,1
0,676,300,91909945642679,91909947691028,91909947873575,2230.896,182.547,1,1
0,677,300,91909948111263,91909949748308,91909950324337,2213.074,576.029,1,1
0,678,300,91909950152412,91909952206182,91909952750561,2598.149,544.379,1,1
0,679,300,91909952618546,91909954653675,91909954827020,2208.474,173.345,1,1
0,680,300,91909955072569,91909957123289,91909957309655,2237.086,186.366,1,1
0,681,300,91909957520642,91909959159807,91909959710656,2190.014,550.849,1,1
0,682,300,91909959568632,91909961631651,91909961807538,2238.906,175.887,1,1
0,683,300,91909962025865,91909964073665,91909964252460,2226.595,178.795,1,1
0,684,300,91909964488089,91909966150734,91909966687673,2199.584,536.939,1,1
0,685,300,91909966532538,91909968581357,91909968768653,2236.115,187.296,1,1
0,686,300,91909968988851,91909971036881,91909971228297,2239.446,191.416,1,1
0,687,300,91909971451295,91909973086290,91909973660480,2209.185,574.190,1,1
0,688,300,91909973507295,91909975557314,91909975749611,2242.316,192.297,1,1
0,689,300,91909975952897,91909978000577,91909978198084,2245.187,197.507,1,1
0,690,300,91909978411251,91909980049766,91909980619456,2208.205,569.690,1,1
0,691,300,91909980458480,91909982510840,91909983066629,2608.149,555.789,1,1
0,692,300,91909982916763,91909984963734,91909985160190,2243.427,196.456,1,1
0,693,300,91909985375037,91909987422806,91909987589232,2214.195,166.426,1,1
0,694,300,91909987831941,91909989489126,91909990030476,2198.535,541.350,1,1
0,695,300,91909989879500,91909991928360,91909992127966,2248.466,199.606,1,1
0,696,300,91909992336883,91909994386462,91909994554778,2217.895,168.316,1,1
0,697,300,91909994793767,91909996432753,91909996988671,2194.904,555.918,1,1
0,698,300,91909996842616,91909998909896,91909999099492,2256.876,189.596,1,1
0,699,300,91909999313720,91910001349689,91910001520195,2206.475,170.506,1,1
0,700,300,91910001769104,91910003403679,91910003964728,2195.624,561.049,1,1
0,701,300,91910003811873,91910005859102,91910006050548,2238.675,191.446,1,1
0,702,300,91910006263456,91910008311505,91910008483881,2220.425,172.376,1,1
0,703,300,91910008721900,91910010359524,91910010930184,2208.284,570.660,1,1
0,704,300,91910010770039,91910012815958,91910013367027,2596.988,551.069,1,1
0,705,300,91910013233342,91910015275641,91910015450637,2217.295,174.996,1,1
0,706,300,91910015683035,91910017732585,91910017906501,2223.466,173.916,1,1
0,707,300,91910018151859,91910019781614,91910020328643,2176.784,547.029,1,1
0,708,300,91910020190029,91910022237598,91910022415743,2225.714,178.145,1,1
0,709,300,91910022658062,91910024696591,91910024863567,2205.505,166.976,1,1
0,710,300,91910025103935,91910026743761,91910027301320,2197.385,557.559,1,1
0,711,300,91910027153085,91910029200804,91910029380991,2227.906,180.187,1,1
0,712,300,91910029614528,91910031676168,91910031845314,2230.786,169.146,1,1
0,713,300,91910032068911,91910033707107,91910034287746,2218.835,580.639,1,1
0,714,300,91910034119881,91910036165320,91910036347587,2227.706,182.267,1,1
0,715,300,91910036574054,91910038622834,91910038798480,2224.426,175.646,1,1
0,716,300,91910039042018,91910041080027,91910041253493,2211.475,173.466,1,1
0,717,300,91910041080027,91910043128207,91910043683025,2602.998,554.818,1,1
0,718,300,91910043549291,91910045584849,91910045758876,2209.585,174.027,1,1
0,719,300,91910045995554,91910048042233,91910048217340,2221.786,175.107,1,1
0,720,300,91910048470558,91910050089833,91910050643832,2173.274,553.999,1,1
0,721,300,91910050501497,91910052547386,91910052723232,2221.735,175.846,1,1
0,722,300,91910052967371,91910055014540,91910055204376,2237.005,189.836,1,1
0,723,300,91910055414304,91910057053139,91910057633199,2218.895,580.060,1,1
0,724,300,91910057482784,91910059527813,91910059718079,2235.295,190.266,1,1
0,725,300,91910059920817,91910061968466,91910062172323,2251.506,203.857,1,1
0,726,300,91910062377720,91910064017085,91910064597525,2219.805,580.440,1,1
0,727,300,91910064433609,91910066474258,91910066657755,2224.146,183.497,1,1
0,728,300,91910066893292,91910068932362,91910069114208,2220.916,181.846,1,1
0,729,300,91910069344856,91910071390846,91910071558342,2213.486,167.496,1,1
0,730,300,91910071390846,91910073438445,91910073986514,2595.668,548.069,1,1
0,731,300,91910073846669,91910075894708,91910076086035,2239.366,191.327,1,1
0,732,300,91910076306253,91910078352172,91910078517877,2211.624,165.705,1,1
0,733,300,91910078763835,91910080419802,91910080950570,2186.735,530.768,1,1
0,734,300,91910080811046,91910082857535,91910083044471,2233.425,186.936,1,1
0,735,300,91910083267308,91910085327309,91910085494984,2227.676,167.675,1,1
0,736,300,91910085745283,91910087364547,91910087910816,2165.533,546.269,1,1
0,737,300,91910087772631,91910089822501,91910089991457,2218.826,168.956,1,1
0,738,300,91910090232164,91910092284754,91910092455580,2223.416,170.826,1,1
0,739,300,91910092688078,91910094327864,91910094891503,2203.425,563.639,1,1
0,740,300,91910094738087,91910096801828,91910096987294,2249.207,185.466,1,1
0,741,300,91910097206881,91910099243130,91910099415917,2209.036,172.787,1,1
0,742,300,91910099651494,91910101704244,91910101875450,2223.956,171.206,1,1
0,743,300,91910101704244,91910103748674,91910104294572,2590.328,545.898,1,1
0,744,300,91910104160547,91910106205156,91910106380283,2219.736,175.127,1,1
0,745,300,91910106614711,91910108662530,91910108838236,2223.525,175.706,1,1
0,746,300,91910109072164,91910110710699,91910111277499,2205.335,566.800,1,1
0,747,300,91910111120924,91910113173903,91910113362519,2241.595,188.616,1,1
0,748,300,91910113579227,91910115627406,91910115794412,2215.185,167.006,1,1
0,749,300,91910116035641,91910117673505,91910118259935,2224.294,586.430,1,1
0,750,300,91910118092850,91910120136660,91910120325976,2233.126,189.316,1,1
0,751,300,91910120541073,91910122589883,91910122759039,2217.966,169.156,1,1
0,752,300,91910123024158,91910124637732,91910125210091,2185.933,572.359,1,1
0,753,300,91910125047326,91910127095285,91910127286612,2239.286,191.327,1,1
0,754,300,91910127514039,91910129553119,91910129719865,2205.826,166.746,1,1
0,755,300,91910129961582,91910132015342,91910132187698,2226.116,172.356,1,1
0,756,300,91910132015342,91910134071602,91910134608420,2593.078,536.818,1,1
0,757,300,91910134468005,91910136525326,91910136698842,2230.837,173.516,1,1
0,758,300,91910136924759,91910138977789,91910139162155,2237.396,184.366,1,1
0,759,300,91910139383722,91910141023228,91910141587377,2203.655,564.149,1,1
0,760,300,91910141447373,91910143490902,91910143666908,2219.535,176.006,1,1
0,761,300,91910143889655,91910145936655,91910146114321,2224.666,177.666,1,1
0,762,300,91910146347079,91910147984924,91910148541403,2194.324,556.479,1,1
0,763,300,91910148394338,91910150443418,91910150622553,2228.215,179.135,1,1
0,764,300,91910150865632,91910152899321,91910153075477,2209.845,176.156,1,1
0,765,300,91910153310245,91910154947621,91910155520740,2210.495,573.119,1,1
0,766,300,91910155357704,91910157406274,91910157587310,2229.606,181.036,1,1
0,767,300,91910157815258,91910159863727,91910160051444,2236.186,187.717,1,1
0,768,300,91910160273611,91910162324591,91910162485977,2212.366,161.386,1,1
0,769,300,91910162324591,91910164368260,91910164919288,2594.697,551.028,1,1
0,770,300,91910164779624,91910166826573,91910167021490,2241.866,194.917,1,1
0,771,300,91910167235728,91910169285237,91910169450813,2215.085,165.576,1,1
0,772,300,91910169692710,91910171331896,91910171889795,2197.085,557.899,1,1
0,773,300,91910171741800,91910173789940,91910173966046,2224.246,176.106,1,1
0,774,300,91910174217274,91910176248043,91910176416529,2199.255,168.486,1,1
0,775,300,91910176657228,91910178295342,91910178844581,2187.353,549.239,1,1
0,776,300,91910178705917,91910180752186,91910180931552,2225.635,179.366,1,1
0,777,300,91910181178701,91910183211539,91910183372365,2193.664,160.826,1,1
0,778,300,91910183619873,91910185258129,91910185812057,2192.184,553.928,1,1
0,779,300,91910185667233,91910187728613,91910187908649,2241.416,180.036,1,1
0,780,300,91910188126257,91910190174126,91910190346862,2220.605,172.736,1,1
0,781,300,91910190582459,91910192630559,91910192790495,2208.036,159.936,1,1
0,782,300,91910192630559,91910194678409,91910195239708,2609.149,561.299,1,1
0,783,300,91910195096163,91910197157192,91910197332499,2236.336,175.307,1,1
0,784,300,91910197547446,91910199594826,91910199759241,2211.795,164.415,1,1
0,785,300,91910200013070,91910201646775,91910202200533,2187.463,553.758,1,1
0,786,300,91910202051108,91910204114129,91910204311895,2260.787,197.766,1,1
0,787,300,91910204509012,91910206558712,91910206725167,2216.155,166.455,1,1
0,788,300,91910206977016,91910208616792,91910209180931,2203.915,564.139,1,1
0,789,300,91910209016405,91910211076465,91910211266171,2249.766,189.706,1,1
0,790,300,91910211473618,91910213520727,91910213680593,2206.975,159.866,1,1
0,791,300,91910213931222,91910215568468,91910216153597,2222.375,585.129,1,1
0,792,300,91910215978281,91910218036421,91910218216787,2238.506,180.366,1,1
0,793,300,91910218435145,91910220486414,91910220648330,2213.185,161.916,1,1
0,794,300,91910220894018,91910222945587,91910223117293,2223.275,171.706,1,1
0,795,300,91910222945587,91910224988947,91910225529085,2583.498,540.138,1,1
0,796,300,91910225399041,91910227459101,91910227633266,2234.225,174.165,1,1
0,797,300,91910227857965,91910229905864,91910230071130,2213.165,165.266,1,1
0,798,300,91910230319488,91910231952623,91910232494832,2175.344,542.209,1,1
0,799,300,91910232361747,91910234410566,91910234584112,2222.365,173.546,1,1
0,800,300,91910234819250,91910236867230,91910237042946,2223.696,175.716,1,1
0,801,300,91910237284804,91910238922180,91910239473269,2188.465,551.089,1,1
0,802,300,91910239325944,91910241372903,91910241552179,2226.235,179.276,1,1
0,803,300,91910241783636,91910243831346,91910244000262,2216.626,168.916,1,1
0,804,300,91910244242260,91910245879826,91910246450535,2208.275,570.709,1,1
0,805,300,91910246289540,91910248341679,91910248523585,2234.045,181.906,1,1
0,806,300,91910248747273,91910250794933,91910250965809,2218.536,170.876,1,1
0,807,300,91910251205526,91910253251445,91910253424322,2218.796,172.877,1,1
0,808,300,91910253251445,91910255302045,91910255865774,2614.329,563.729,1,1
0,809,300,91910255725430,91910257757649,91910257930985,2205.555,173.336,1,1
0,810,300,91910258168142,91910260215612,91910260391138,2222.996,175.526,1,1
0,811,300,91910260624056,91910262268332,91910262822150,2198.094,553.818,1,1
0,812,300,91910262682466,91910264720234,91910264896211,2213.745,175.977,1,1
0,813,300,91910265152090,91910267195289,91910267363374,2211.284,168.085,1,1
0,814,300,91910267589272,91910269231558,91910269775527,2186.255,543.969,1,1
0,815,300,91910269637022,91910271684011,91910271852367,2215.345,168.356,1,1
0,816,300,91910272105876,91910274169466,91910274339971,2234.095,170.505,1,1
0,817,300,91910274550459,91910276189215,91910276752154,2201.695,562.939,1,1
0,818,300,91910276599058,91910278647827,91910278839424,2240.366,191.597,1,1
0,819,300,91910279072492,91910281122802,91910281305008,2232.516,182.206,1,1
0,820,300,91910281514355,91910283561514,91910283732900,2218.545,171.386,1,1
0,821,300,91910283561514,91910285617294,91910286184063,2622.549,566.769,1,1
0,822,300,91910286041769,91910288079578,91910288264494,2222.725,184.916,1,1
0,823,300,91910288477851,91910290524931,91910290690956,2213.105,166.025,1,1
0,824,300,91910290936504,91910292575020,91910293134859,2198.355,559.839,1,1
0,825,300,91910292984194,91910295030823,91910295226540,2242.346,195.717,1,1
0,826,300,91910295458588,91910297498128,91910297666932,2208.344,168.804,1,1
0,827,300,91910297899100,91910299536796,91910300114776,2215.676,577.980,1,1
0,828,300,91910299946411,91910302243108,91910302426344,2479.933,183.236,1,1
0,829,300,91910302435495,91910304457093,91910304637649,2202.154,180.556,1,1
0,830,300,91910304862127,91910306511203,91910307086492,2224.365,575.289,1,1
0,831,300,91910306916427,91910308958786,91910309149232,2232.805,190.446,1,1
0,832,300,91910309368799,91910311416850,91910311582025,2213.226,165.175,1,1
0,833,300,91910311825713,91910313873312,91910314039428,2213.715,166.116,1,1
0,834,300,91910313873312,91910315933143,91910316467940,2594.628,534.797,1,1
0,835,300,91910316330966,91910318378536,91910318547971,2217.005,169.435,1,1
0,836,300,91910318788679,91910320837009,91910320996814,2208.135,159.805,1,1
0,837,300,91910321246763,91910322897259,91910323430667,2183.904,533.408,1,1
0,838,300,91910323294172,91910325360172,91910325532188,2238.016,172.016,1,1
0,839,300,91910325751416,91910327799715,91910327971731,2220.315,172.016,1,1
0,840,300,91910328220670,91910329846985,91910330400474,2179.804,553.489,1,1
0,841,300,91910330257618,91910332328189,91910332556377,2298.759,228.188,1,1
0,842,300,91910332718222,91910334763731,91910334967908,2249.686,204.177,1,1
0,843,300,91910335176106,91910336811651,91910337378270,2202.164,566.619,1,1
0,844,300,91910337220465,91910339269494,91910339459211,2238.746,189.717,1,1
0,845,300,91910339694909,91910341725348,91910341897253,2202.344,171.905,1,1
0,846,300,91910342163533,91910344205032,91910344379148,2215.615,174.116,1,1
0,847,300,91910344205032,91910346232190,91910346792500,2587.468,560.310,1,1
0,848,300,91910346652605,91910348688454,91910348873640,2221.035,185.186,1,1
0,849,300,91910349103348,91910351162388,91910351328394,2225.046,166.006,1,1
0,850,300,91910351556361,91910353193697,91910353744665,2188.304,550.968,1,1
0,851,300,91910353604841,91910355651640,91910355827356,2222.515,175.716,1,1
0,852,300,91910356062774,91910358109424,91910358296740,2233.966,187.316,1,1
0,853,300,91910358530198,91910360157893,91910360720592,2190.394,562.699,1,1
0,854,300,91910360566417,91910362626157,91910362804763,2238.346,178.606,1,1
0,855,300,91910363025840,91910365083040,91910365261156,2235.316,178.116,1,1
0,856,300,91910365482144,91910367120319,91910367685628,2203.484,565.309,1,1
0,857,300,91910367531433,91910369578513,91910369759399,2227.966,180.886,1,1
0,858,300,91910369987196,91910372036897,91910372233743,2246.547,196.846,1,1
0,859,300,91910372446220,91910374499540,91910374672206,2225.986,172.666,1,1
0,860,300,91910374499540,91910376542199,91910377112918,2613.378,570.719,1,1
0,861,300,91910376961003,91910379019713,91910379205549,2244.546,185.836,1,1
0,862,300,91910379408256,91910381457685,91910381622472,2214.216,164.787,1,1
0,863,300,91910381865900,91910383503895,91910384066834,2200.934,562.939,1,1
0,864,300,91910383915379,91910385961558,91910386171335,2255.956,209.777,1,1
0,865,300,91910386371723,91910388432542,91910388600848,2229.125,168.306,1,1
0,866,300,91910388830186,91910390478441,91910391055991,2225.805,577.550,1,1
0,867,300,91910390890636,91910392926025,91910393115652,2225.016,189.627,1,1
0,868,300,91910393346119,91910395384298,91910395554434,2208.315,170.136,1,1
0,869,300,91910395793463,91910397431457,91910397995506,2202.043,564.049,1,1
0,870,300,91910397841862,91910399889981,91910400081558,2239.696,191.577,1,1
0,871,300,91910400297635,91910402347904,91910402521250,2223.615,173.346,1,1
0,872,300,91910402761909,91910404815219,91910404987124,2225.215,171.905,1,1
0,873,300,91910404815219,91910406865058,91910407396976,2581.757,531.918,1,1
0,874,300,91910407261402,91910409309411,91910409484736,2223.334,175.325,1,1
0,875,300,91910409719334,91910411780985,91910411935809,2216.475,154.824,1,1
0,876,300,91910412196839,91910413815974,91910414358592,2161.753,542.618,1,1
0,877,300,91910414224977,91910416273767,91910416441273,2216.296,167.506,1,1
0,878,300,91910416682231,91910418731661,91910418899656,2217.425,167.995,1,1
0,879,300,91910419139174,91910420777810,91910421327379,2188.205,549.569,1,1
0,880,300,91910421187243,91910423238563,91910423419580,2232.337,181.017,1,1
0,881,300,91910423648777,91910425692866,91910425852632,2203.855,159.766,1,1
0,882,300,91910426102631,91910427759396,91910428314436,2211.805,555.040,1,1
0,883,300,91910428167911,91910430200620,91910430372746,2204.835,172.126,1,1
0,884,300,91910430610093,91910432657092,91910432818739,2208.646,161.647,1,1
0,885,300,91910433065927,91910435121277,91910435293592,2227.665,172.315,1,1
0,886,300,91910435121277,91910437163806,91910437698064,2576.787,534.258,1,1
0,887,300,91910437572240,91910439630409,91910439794505,2222.265,164.096,1,1
0,888,300,91910440047653,91910442077372,91910442247078,2199.425,169.706,1,1
0,889,300,91910442487247,91910444125202,91910444668851,2181.604,543.649,1,1
0,890,300,91910444536366,91910446583625,91910446749781,2213.415,166.156,1,1
0,891,300,91910446992490,91910449042469,91910449220115,2227.625,177.646,1,1
0,892,300,91910449449652,91910451088858,91910451650747,2201.095,561.889,1,1
0,893,300,91910451503672,91910453545762,91910453724398,2220.726,178.636,1,1
0,894,300,91910453959706,91910456024966,91910456197592,2237.886,172.626,1,1
0,895,300,91910456413968,91910458053284,91910458616983,2203.015,563.699,1,1
0,896,300,91910458460909,91910460510928,91910460687774,2226.865,176.846,1,1
0,897,300,91910460918421,91910462966551,91910463154537,2236.116,187.986,1,1
0,898,300,91910463385185,91910465425415,91910465577900,2192.715,152.485,1,1
0,899,300,91910465425415,91910467472474,91910468019743,2594.328,547.269,1,1
0,900,300,91910467883339,91910469930778,91910470116814,2233.475,186.036,1,1
0,901,300,91910470346022,91910472387861,91910472555036,2209.014,167.175,1,1
0,902,300,91910472797315,91910474436890,91910474985889,2188.574,548.999,1,1
0,903,300,91910474846334,91910476893034,91910477069850,2223.516,176.816,1,1
0,904,300,91910477304447,91910479351878,91910479510482,2206.035,158.604,1,1
0,905,300,91910479776851,91910481402837,91910481947676,2170.825,544.839,1,1
0,906,300,91910481808940,91910483856720,91910484035156,2226.216,178.436,1,1
0,907,300,91910484267714,91910486326533,91910486487290,2219.576,160.757,1,1
0,908,300,91910486728967,91910488373994,91910488917882,2188.915,543.888,1,1
0,909,300,91910488772427,91910490820967,91910490991763,2219.336,170.796,1,1
0,910,300,91910491238131,91910493276829,91910493450485,2212.354,173.656,1,1
0,911,300,91910493686504,91910495754234,91910495926460,2239.956,172.226,1,1
0,912,300,91910495754234,91910497797393,91910498328421,2574.187,531.028,1,1
0,913,300,91910498193017,91910500241466,91910500427592,2234.575,186.126,1,1
0,914,300,91910500655360,91910502697729,91910502873085,2217.725,175.356,1,1
0,915,300,91910503110864,91910504756309,91910505303798,2192.934,547.489,1,1
0,916,300,91910505157393,91910507204902,91910507383178,2225.785,178.276,1,1
0,917,300,91910507617586,91910509661676,91910509827921,2210.335,166.245,1,1
0,918,300,91910510089070,91910511709115,91910512276155,2187.085,567.040,1,1
0,919,300,91910512120899,91910514183679,91910514366125,2245.226,182.446,1,1
0,920,300,91910514577423,91910516625052,91910516793928,2216.505,168.876,1,1
0,921,300,91910517034075,91910518689102,91910519259551,2225.476,570.449,1,1
0,922,300,91910519083306,91910521131465,91910521331731,2248.425,200.266,1,1
0,923,300,91910521541068,91910523597509,91910523779994,2238.926,182.485,1,1
0,924,300,91910523999042,91910526046762,91910526218168,2219.126,171.406,1,1
0,925,300,91910526046762,91910528098751,91910528637569,2590.807,538.818,1,1
0,926,300,91910528503814,91910530551165,91910530724680,2220.866,173.515,1,1
0,927,300,91910530960568,91910533014438,91910533196134,2235.566,181.696,1,1
0,928,300,91910533417892,91910535072608,91910535608246,2190.354,535.638,1,1
0,929,300,91910535467321,91910537513831,91910537689417,2222.096,175.586,1,1
0,930,300,91910537924014,91910539971454,91910540175721,2251.707,204.267,1,1
0,931,300,91910540382998,91910542019504,91910542587823,2204.825,568.319,1,1
0,932,300,91910542430457,91910544493248,91910544672283,2241.826,179.035,1,1
0,933,300,91910544887761,91910546953721,91910547153817,2266.056,200.096,1,1
0,934,300,91910547350884,91910548984230,91910549551959,2201.075,567.729,1,1
0,935,300,91910549394013,91910551450403,91910551631880,2237.867,181.477,1,1
0,936,300,91910551851807,91910553914827,91910554097173,2245.366,182.346,1,1
0,937,300,91910554309141,91910556357440,91910556519945,2210.804,162.505,1,1
0,938,300,91910556357440,91910558406500,91910558970479,2613.039,563.979,1,1
0,939,300,91910558829084,91910560862953,91910561047909,2218.825,184.956,1,1
0,940,300,91910561280297,91910563325756,91910563491802,2211.505,166.046,1,1
0,941,300,91910563743991,91910565382857,91910565921935,2177.944,539.078,1,1
0,942,300,91910565776650,91910567835169,91910568021566,2244.916,186.397,1,1
0,943,300,91910568239273,91910570283322,91910570451268,2211.995,167.946,1,1
0,944,300,91910570691476,91910572331422,91910572908421,2216.945,576.999,1,1
0,945,300,91910572751677,91910574788795,91910574976551,2224.874,187.756,1,1
0,946,300,91910575197959,91910577246499,91910577417035,2219.076,170.536,1,1
0,947,300,91910577662173,91910579293368,91910579858837,2196.664,565.469,1,1
0,948,300,91910579704682,91910581767042,91910581947588,2242.906,180.546,1,1
0,949,300,91910582167296,91910584229325,91910584412961,2245.665,183.636,1,1
0,950,300,91910584617929,91910586666128,91910586837974,2220.045,171.846,1,1
0,951,300,91910586666128,91910588714578,91910589269106,2602.978,554.528,1,1
0,952,300,91910589124491,91910591171161,91910591346067,2221.576,174.906,1,1
0,953,300,91910591584705,91910593630864,91910593806541,2221.836,175.677,1,1
0,954,300,91910594051559,91910595683314,91910596253884,2202.325,570.570,1,1
0,955,300,91910596102428,91910598135017,91910598311433,2209.005,176.416,1,1
0,956,300,91910598544541,91910600592750,91910600761106,2216.565,168.356,1,1
0,957,300,91910601014285,91910602640181,91910603199419,2185.134,559.238,1,1
0,958,300,91910603050444,91910605098913,91910605300921,2250.477,202.008,1,1
0,959,300,91910605509418,91910607561848,91910607732223,2222.805,170.375,1,1
0,960,300,91910607975911,91910609607537,91910610169376,2193.465,561.839,1,1
0,961,300,91910610013210,91910612060720,91910612240546,2227.336,179.826,1,1
0,962,300,91910612478234,91910614519883,91910614693119,2214.885,173.236,1,1
0,963,300,91910614928067,91910616986167,91910617168344,2240.277,182.177,1,1
0,964,300,91910616986167,91910619038336,91910619586255,2600.088,547.919,1,1
0,965,300,91910619452090,91910621498110,91910621662666,2210.576,164.556,1,1
0,966,300,91910621902273,91910623940623,91910624107498,2205.225,166.875,1,1
0,967,300,91910624348657,91910625989002,91910626539081,2190.424,550.079,1,1
0,968,300,91910626404096,91910628446186,91910628612832,2208.736,166.646,1,1
0,969,300,91910628854499,91910630903459,91910631070774,2216.275,167.315,1,1
0,970,300,91910631313223,91910632954808,91910633510458,2197.235,555.650,1,1
0,971,300,91910633370253,91910635413712,91910635593598,2223.345,179.886,1,1
0,972,300,91910635817356,91910637865646,91910638042491,2225.135,176.845,1,1
0,973,300,91910638276119,91910639914945,91910640479244,2203.125,564.299,1,1
0,974,300,91910640327599,91910642371309,91910642548954,2221.355,177.645,1,1
0,975,300,91910642780652,91910644841492,91910645023838,2243.186,182.346,1,1
0,976,300,91910645238266,91910647286985,91910647440780,2202.514,153.795,1,1
0,977,300,91910647286985,91910649336075,91910649871822,2584.837,535.747,1,1
0,978,300,91910649744728,91910651792137,91910651956024,2211.296,163.887,1,1
0,979,300,91910652201692,91910654254952,91910654422047,2220.355,167.095,1,1
0,980,300,91910654663465,91910656307541,91910656854330,2190.865,546.789,1,1
0,981,300,91910656713294,91910658756684,91910658933290,2219.996,176.606,1,1
0,982,300,91910659183148,91910661212827,91910661381223,2198.075,168.396,1,1
0,983,300,91910661622672,91910663262138,91910663825026,2202.354,562.888,1,1
0,984,300,91910663671691,91910665718850,91910665897167,2225.476,178.317,1,1
0,985,300,91910666156115,91910668178074,91910668343780,2187.665,165.706,1,1
0,986,300,91910668586418,91910670226374,91910670797433,2211.015,571.059,1,1
0,987,300,91910670642898,91910672683626,91910672865983,2223.085,182.357,1,1
0,988,300,91910673091201,91910675145910,91910675311676,2220.475,165.766,1,1
0,989,300,91910675550764,91910677597624,91910677770149,2219.385,172.525,1,1
0,990,300,91910677597624,91910679661493,91910680211932,2614.308,550.439,1,1
0,991,300,91910680055217,91910682104826,91910682275622,2220.405,170.796,1,1
0,992,300,91910682515841,91910684560500,91910684726325,2210.484,165.825,1,1
0,993,300,91910684987334,91910686617470,91910687179969,2192.635,562.499,1,1
0,994,300,91910687019044,91910689087614,91910689275000,2255.956,187.386,1,1
0,995,300,91910689476766,91910691524186,91910691682011,2205.245,157.825,1,1
0,996,300,91910691933970,91910693572515,91910694148925,2214.955,576.410,1,1
0,997,300,91910693982189,91910696030059,91910696225806,2243.617,195.747,1,1
0,998,300,91910696439732,91910698487343,91910698656258,2216.526,168.915,1,1
0,999,300,91910698897326,91910700542431,91910701121902,2224.576,579.471,1,1
0,1000,300,91910700955516,91910702993485,91910703191182,2235.666,197.697,1,1
0,1001,300,91910703410939,91910705452289,91910705624065,2213.126,171.776,1,1
0,1002,300,91910705877523,91910707907912,91910708070798,2193.275,162.886,1,1
0,1003,300,91910707907912,91910709956352,91910710499940,2592.028,543.588,1,1
0,1004,300,91910710365205,91910712426105,91910712600551,2235.346,174.446,1,1
0,1005,300,91910712840399,91910714871228,91910715048094,2207.695,176.866,1,1
0,1006,300,91910715287952,91910716919237,91910717463706,2175.754,544.469,1,1
0,1007,300,91910717329591,91910719376371,91910719554357,2224.766,177.986,1,1
0,1008,300,91910719785755,91910721834464,91910721991840,2206.085,157.376,1,1
0,1009,300,91910722243398,91910723885274,91910724442213,2198.815,556.939,1,1
0,1010,300,91910724299298,91910726340567,91910726520843,2221.545,180.276,1,1
0,1011,300,91910726755571,91910728809381,91910728978727,2223.156,169.346,1,1
0,1012,300,91910729206624,91910730844970,91910731408739,2202.115,563.769,1,1
0,1013,300,91910731261434,91910733302873,91910733474879,2213.445,172.006,1,1
0,1014,300,91910733714068,91910735765737,91910735927242,2213.174,161.505,1,1
0,1015,300,91910736169750,91910738219800,91910738382066,2212.316,162.266,1,1
0,1016,300,91910738219800,91910740265710,91910740802688,2582.888,536.978,1,1
0,1017,300,91910740676693,91910742724023,91910742888048,2211.355,164.025,1,1
0,1018,300,91910743133277,91910745181247,91910745337381,2204.104,156.134,1,1
0,1019,300,91910745603041,91910747229856,91910747786864,2183.823,557.008,1,1
0,1020,300,91910747639089,91910749690369,91910749856025,2216.936,165.656,1,1
0,1021,300,91910750109463,91910752149893,91910752319789,2210.326,169.896,1,1
0,1022,300,91910752560016,91910754195032,91910754751151,2191.135,556.119,1,1
0,1023,300,91910754602236,91910756650956,91910756818891,2216.655,167.935,1,1
0,1024,300,91910757066210,91910759109210,91910759306786,2240.576,197.576,1,1
0,1025,300,91910759518583,91910761155529,91910761720978,2202.395,565.449,1,1
0,1026,300,91910761566572,91910763614892,91910763795578,2229.006,180.686,1,1
0,1027,300,91910764037976,91910766081935,91910766254281,2216.305,172.346,1,1
0,1028,300,91910766494450,91910768529008,91910768690444,2195.994,161.436,1,1
0,1029,300,91910768529008,91910770589648,91910771124097,2595.089,534.449,1,1
0,1030,300,91910770987002,91910773033601,91910773217348,2230.346,183.747,1,1
0,1031,300,91910773461386,91910775498246,91910775653810,2192.424,155.564,1,1
0,1032,300,91910775902799,91910777539734,91910778110034,2207.235,570.300,1,1
0,1033,300,91910777950298,91910780014399,91910780191794,2241.496,177.395,1,1
0,1034,300,91910780406752,91910782456561,91910782623567,2216.815,167.006,1,1
0,1035,300,91910782864115,91910784504510,91910785072510,2208.395,568.000,1,1
0,1036,300,91910784913695,91910786960274,91910787158370,2244.675,198.096,1,1
0,1037,300,91910787370918,91910789418348,91910789587623,2216.705,169.275,1,1
0,1038,300,91910789839911,91910791465807,91910792052047,2212.136,586.240,1,1
0,1039,300,91910791875191,91910793924850,91910794115327,2240.136,190.477,1,1
0,1040,300,91910794332794,91910796381524,91910796565040,2232.246,183.516,1,1
0,1041,300,91910796792597,91910798857258,91910799029463,2236.866,172.205,1,1
0,1042,300,91910798857258,91910800886947,91910801434435,2577.177,547.488,1,1
0,1043,300,91910801298771,91910803344480,91910803509815,2211.044,165.335,1,1
0,1044,300,91910803755054,91910805820824,91910805985209,2230.155,164.385,1,1
0,1045,300,91910806214557,91910807851313,91910808402002,2187.445,550.689,1,1
0,1046,300,91910808259746,91910810308557,91910810490733,2230.987,182.176,1,1
0,1047,300,91910810716740,91910812765289,91910812931955,2215.215,166.666,1,1
0,1048,300,91910813175254,91910814814909,91910815377848,2202.594,562.939,1,1
0,1049,300,91910815223853,91910817271973,91910817451548,2227.695,179.575,1,1
0,1050,300,91910817695097,91910819747697,91910819916642,2221.545,168.945,1,1
0,1051,300,91910820138720,91910821778226,91910822333154,2194.434,554.928,1,1
0,1052,300,91910822185629,91910824237369,91910824409565,2223.936,172.196,1,1
0,1053,300,91910824648472,91910826692632,91910826854647,2206.175,162.015,1,1
0,1054,300,91910827105396,91910829150655,91910829311571,2206.175,160.916,1,1
0,1055,300,91910829150655,91910831198565,91910831734143,2583.488,535.578,1,1
0,1056,300,91910831607909,91910833663019,91910833827224,2219.315,164.205,1,1
0,1057,300,91910834079773,91910836112752,91910836288687,2208.914,175.935,1,1
0,1058,300,91910836523485,91910838180282,91910838718440,2194.955,538.158,1,1
0,1059,300,91910838577215,91910840619104,91910840785261,2208.046,166.157,1,1
0,1060,300,91910841028889,91910843075168,91910843242023,2213.134,166.855,1,1
0,1061,300,91910843485372,91910845123327,91910845673356,2187.984,550.029,1,1
0,1062,300,91910845533892,91910847581561,91910847760487,2226.595,178.926,1,1
0,1063,300,91910847990914,91910850039194,91910850205979,2215.065,166.785,1,1
0,1064,300,91910850463538,91910852087394,91910852643553,2180.015,556.159,1,1
0,1065,300,91910852496878,91910854544107,91910854714873,2217.995,170.766,1,1
0,1066,300,91910854953511,91910857013221,91910857185767,2232.256,172.546,1,1
0,1067,300,91910857423295,91910859460234,91910859621900,2198.605,161.666,1,1
0,1068,300,91910859460234,91910861508643,91910862072433,2612.199,563.790,1,1
0,1069,300,91910861932798,91910863965857,91910864149843,2217.045,183.986,1,1
0,1070,300,91910864378430,91910866422410,91910866587526,2209.096,165.116,1,1
0,1071,300,91910866833964,91910868478629,91910869024798,2190.834,546.169,1,1
0,1072,300,91910868881573,91910870929513,91910871118539,2236.966,189.026,1,1
0,1073,300,91910871339077,91910873386126,91910873544951,2205.874,158.825,1,1
0,1074,300,91910873810921,91910875451986,91910876016335,2205.414,564.349,1,1
0,1075,300,91910875854680,91910877891509,91910878100536,2245.856,209.027,1,1
0,1076,300,91910878300963,91910880350472,91910880520688,2219.725,170.216,1,1
0,1077,300,91910880765836,91910882401052,91910882966231,2200.395,565.179,1,1
0,1078,300,91910882811286,91910884870206,91910885050892,2239.606,180.686,1,1
0,1079,300,91910885266029,91910887313149,91910887497215,2231.186,184.066,1,1
0,1080,300,91910887739003,91910889771262,91910889933238,2194.235,161.976,1,1
0,1081,300,91910889771262,91910891819131,91910892362760,2591.498,543.629,1,1
0,1082,300,91910892227896,91910894291455,91910894457351,2229.455,165.896,1,1
0,1083,300,91910894698720,91910896734399,91910896898864,2200.144,164.465,1,1
0,1084,300,91910897152063,91910898781998,91910899326427,2174.364,544.429,1,1
0,1085,300,91910899191652,91910901239811,91910901417238,2225.586,177.427,1,1
0,1086,300,91910901649676,91910903696305,91910903863070,2213.394,166.765,1,1
0,1087,300,91910904121980,91910905744514,91910906305013,2183.033,560.499,1,1
0,1088,300,91910906155509,91910908203588,91910908381794,2226.285,178.206,1,1
0,1089,300,91910908613231,91910910661171,91910910830637,2217.406,169.466,1,1
0,1090,300,91910911087886,91910912709190,91910913284910,2197.024,575.720,1,1
0,1091,300,91910913118074,91910915165174,91910915337440,2219.366,172.266,1,1
0,1092,300,91910915574748,91910917624258,91910917801683,2226.935,177.425,1,1
0,1093,300,91910918041372,91910920087751,91910920248676,2207.304,160.925,1,1
0,1094,300,91910920087751,91910922127800,91910922690940,2603.189,563.140,1,1
0,1095,300,91910922556445,91910924600254,91910924775380,2218.935,175.126,1,1
0,1096,300,91910925025098,91910927053527,91910927226043,2200.945,172.516,1,1
0,1097,300,91910927453711,91910929092577,91910929643805,2190.094,551.228,1,1
0,1098,300,91910929501900,91910931549349,91910931715375,2213.475,166.026,1,1
0,1099,300,91910931959914,91910934013324,91910934191669,2231.755,178.345,1,1
0,1100,300,91910934417027,91910936061073,91910936605632,2188.605,544.559,1,1
0,1101,300,91910936465126,91910938512076,91910938680952,2215.826,168.876,1,1
0,1102,300,91910938938060,91910940970049,91910941154105,2216.045,184.056,1,1
0,1103,300,91910941391624,91910943028849,91910943576928,2185.304,548.079,1,1
0,1104,300,91910943429103,91910945475562,91910945657458,2228.355,181.896,1,1
0,1105,300,91910945894786,91910947932596,91910948105421,2210.635,172.825,1,1
0,1106,300,91910948350850,91910950404220,91910950567145,2216.295,162.925,1,1
0,1107,300,91910950404220,91910952439608,91910952975047,2570.827,535.439,1,1
0,1108,300,91910952848413,91910954903483,91910955077138,2228.725,173.655,1,1
0,1109,300,91910955306655,91910957354466,91910957510891,2204.236,156.425,1,1
0,1110,300,91910957776989,91910959402685,91910959945763,2168.774,543.078,1,1
0,1111,300,91910959812699,91910961866928,91910962043055,2230.356,176.127,1,1
0,1112,300,91910962270152,91910964317842,91910964476487,2206.335,158.645,1,1
0,1113,300,91910964744005,91910966366951,91910966918220,2174.215,551.269,1,1
0,1114,300,91910966776485,91910968829294,91910968997870,2221.385,168.576,1,1
0,1115,300,91910969233168,91910971280027,91910971441114,2207.946,161.087,1,1
0,1116,300,91910971690862,91910973329177,91910973895236,2204.374,566.059,1,1
0,1117,300,91910973738891,91910975799521,91910975973277,2234.386,173.756,1,1
0,1118,300,91910976196244,91910978243564,91910978406570,2210.326,163.006,1,1
0,1119,300,91910978653888,91910980707618,91910980860433,2206.545,152.815,1,1
0,1120,300,91910980707618,91910982749477,91910983306626,2599.008,557.149,1,1
0,1121,300,91910983170751,91910985220080,91910985396677,2225.926,176.597,1,1
0,1122,300,91910985617464,91910987664084,91910987830150,2212.686,166.066,1,1
0,1123,300,91910988089228,91910989714214,91910990287332,2198.104,573.118,1,1
0,1124,300,91910990124157,91910992178237,91910992346933,2222.776,168.696,1,1
0,1125,300,91910992591321,91910994629280,91910994786625,2195.304,157.345,1,1
0,1126,300,91910995038994,91910996676520,91910997243579,2204.585,567.059,1,1
0,1127,300,91910997085013,91910999133643,91910999350410,2265.397,216.767,1,1
0,1128,300,91910999542857,91911001592216,91911001752061,2209.204,159.845,1,1
0,1129,300,91911002023780,91911003640435,91911004205345,2181.565,564.910,1,1
0,1130,300,91911004048370,91911006099099,91911006281255,2232.885,182.156,1,1
0,1131,300,91911006524033,91911008553403,91911008715498,2191.465,162.095,1,1
0,1132,300,91911008963756,91911011012606,91911011177301,2213.545,164.695,1,1
0,1133,300,91911011012606,91911013060985,91911013596694,2584.088,535.709,1,1
0,1134,300,91911013469419,91911015520519,91911015696074,2226.655,175.555,1,1
0,1135,300,91911015934563,91911017978712,91911018153188,2218.625,174.476,1,1
0,1136,300,91911018384266,91911020022822,91911020566890,2182.624,544.068,1,1
0,1137,300,91911020433125,91911022482035,91911022659511,2226.386,177.476,1,1
0,1138,300,91911022890579,91911024938659,91911025106534,2215.955,167.875,1,1
0,1139,300,91911025347882,91911026987138,91911027537207,2189.325,550.069,1,1
0,1140,300,91911027396751,91911029454442,91911029634187,2237.436,179.745,1,1
0,1141,300,91911029854515,91911031902575,91911032079451,2224.936,176.876,1,1
0,1142,300,91911032310609,91911033950174,91911034525734,2215.125,575.560,1,1
0,1143,300,91911034358838,91911036406277,91911036587653,2228.815,181.376,1,1
0,1144,300,91911036816681,91911038865871,91911039047737,2231.056,181.866,1,1
0,1145,300,91911039273695,91911041322344,91911041495890,2222.195,173.546,1,1
0,1146,300,91911041322344,91911043371004,91911043915502,2593.158,544.498,1,1
0,1147,300,91911043780968,91911045847768,91911046032984,2252.016,185.216,1,1
0,1148,300,91911046239031,91911048295181,91911048461196,2222.165,166.015,1,1
0,1149,300,91911048694765,91911050348021,91911050877779,2183.014,529.758,1,1
0,1150,300,91911050742444,91911052790833,91911052957389,2214.945,166.556,1,1
0,1151,300,91911053199968,91911055250167,91911055408922,2208.954,158.755,1,1
0,1152,300,91911055675211,91911057296866,91911057863936,2188.725,567.070,1,1
0,1153,300,91911057723890,91911059754599,91911059933736,2209.846,179.137,1,1
0,1154,300,91911060183504,91911062211213,91911062391099,2207.595,179.886,1,1
0,1155,300,91911062625817,91911064259592,91911064847412,2221.595,587.820,1,1
0,1156,300,91911064681737,91911066716686,91911066896932,2215.195,180.246,1,1
0,1157,300,91911067127560,91911069175389,91911069338755,2211.195,163.366,1,1
0,1158,300,91911069585543,91911071649413,91911071803109,2217.566,153.696,1,1
0,1159,300,91911071649413,91911073681902,91911074241381,2591.968,559.479,1,1
0,1160,300,91911074096056,91911076138896,91911076320522,2224.466,181.626,1,1
0,1161,300,91911076548589,91911078606839,91911078765034,2216.445,158.195,1,1
0,1162,300,91911079019773,91911080643079,91911081218968,2199.195,575.889,1,1
0,1163,300,91911081069833,91911083102322,91911083279238,2209.405,176.916,1,1
0,1164,300,91911083512475,91911085560006,91911085726041,2213.566,166.035,1,1
0,1165,300,91911085968479,91911087606425,91911088171624,2203.145,565.199,1,1
0,1166,300,91911088015948,91911090065138,91911090244144,2228.196,179.006,1,1
0,1167,300,91911090480283,91911092527062,91911092696238,2215.955,169.176,1,1
0,1168,300,91911092947606,91911094570731,91911095153650,2206.044,582.919,1,1
0,1169,300,91911094987925,91911097047935,91911097229101,2241.176,181.166,1,1
0,1170,300,91911097438778,91911099485297,91911099658253,2219.475,172.956,1,1
0,1171,300,91911099895712,91911101944041,91911102107997,2212.285,163.956,1,1
0,1172,300,91911101944041,91911104021382,91911104527608,2583.567,506.226,1,1
0,1173,300,91911104400045,91911106449564,91911106613890,2213.845,164.326,1,1
0,1174,300,91911106858918,91911108905457,91911109081973,2223.055,176.516,1,1
0,1175,300,91911109316872,91911110954236,91911111498035,2181.163,543.799,1,1
0,1176,300,91911111363521,91911113417391,91911113584456,2220.935,167.065,1,1
0,1177,300,91911113822884,91911115869494,91911116047469,2224.585,177.975,1,1
0,1178,300,91911116279737,91911117917053,91911118499893,2220.156,582.840,1,1
0,1179,300,91911118344747,91911120375566,91911120555363,2210.616,179.797,1,1
0,1180,300,91911120785371,91911122834300,91911123014136,2228.765,179.836,1,1
0,1181,300,91911123243453,91911124895239,91911125447138,2203.685,551.899,1,1
0,1182,300,91911125290474,91911127338383,91911127511268,2220.794,172.885,1,1
0,1183,300,91911127747256,91911129802486,91911129973672,2226.416,171.186,1,1
0,1184,300,91911130204910,91911132253250,91911132415565,2210.655,162.315,1,1
0,1185,300,91911132253250,91911134303579,91911134853898,2600.648,550.319,1,1
0,1186,300,91911134710283,91911136778563,91911136958419,2248.136,179.856,1,1
0,1187,300,91911137184356,91911139216405,91911139382521,2198.165,166.116,1,1
0,1188,300,91911139625850,91911141264175,91911141832964,2207.114,568.789,1,1
0,1189,300,91911141682649,91911143722869,91911143899235,2216.586,176.366,1,1
0,1190,300,91911144131172,91911146180532,91911146349207,2218.035,168.675,1,1
0,1191,300,91911146590996,91911148227312,91911148796261,2205.265,568.949,1,1
0,1192,300,91911148638345,91911150692715,91911150872191,2233.846,179.476,1,1
0,1193,300,91911151096539,91911153151489,91911153312794,2216.255,161.305,1,1
0,1194,300,91911153553142,91911155191308,91911155758127,2204.985,566.819,1,1
0,1195,300,91911155601551,91911157648621,91911157819317,2217.766,170.696,1,1
0,1196,300,91911158073025,91911160108934,91911160284151,2211.126,175.217,1,1
0,1197,300,91911160516849,91911162565248,91911162727653,2210.804,162.405,1,1
0,1198,300,91911162565248,91911164628778,91911165180437,2615.189,551.659,1,1
0,1199,300,91911165021931,91911167078721,91911167275668,2253.737,196.947,1,1
0,1200,300,91911167480365,91911169528834,91911169693940,2213.575,165.106,1,1
0,1201,300,91911169944958,91911171580874,91911172151323,2206.365,570.449,1,1
0,1202,300,91911171988148,91911174033527,91911174219763,2231.615,186.236,1,1
0,1203,300,91911174445391,91911176491650,91911176659186,2213.795,167.536,1,1
0,1204,300,91911176905225,91911178544410,91911179112599,2207.374,568.189,1,1
0,1205,300,91911178953634,91911181015594,91911181203910,2250.276,188.316,1,1
0,1206,300,91911181405077,91911183453497,91911183623013,2217.936,169.516,1,1
0,1207,300,91911183862500,91911185502986,91911186077755,2215.255,574.769,1,1
0,1208,300,91911185912160,91911187960420,91911188150065,2237.905,189.645,1,1
0,1209,300,91911188368613,91911190416313,91911190594579,2225.966,178.266,1,1
0,1210,300,91911190830196,91911192876257,91911193050032,2219.836,173.775,1,1
0,1211,300,91911192876257,91911194921866,91911195476314,2600.057,554.448,1,1
0,1212,300,91911195332339,91911197380000,91911197555055,2222.716,175.055,1,1
0,1213,300,91911197790023,91911199837462,91911200012809,2222.786,175.347,1,1
0,1214,300,91911200248237,91911201885672,91911202438251,2190.014,552.579,1,1
0,1215,300,91911202295146,91911204343856,91911204532622,2237.476,188.766,1,1
0,1216,300,91911204753869,91911206800178,91911206967844,2213.975,167.666,1,1
0,1217,300,91911207223123,91911208848899,91911209419607,2196.484,570.708,1,1
0,1218,300,91911209269603,91911211306481,91911211493798,2224.195,187.317,1,1
0,1219,300,91911211726506,91911213768226,91911213930381,2203.875,162.155,1,1
0,1220,300,91911214177729,91911215818245,91911216381564,2203.835,563.319,1,1
0,1221,300,91911216233609,91911218275848,91911218448774,2215.165,172.926,1,1
0,1222,300,91911218693792,91911220728181,91911220890276,2196.484,162.095,1,1
0,1223,300,91911221137456,91911223184015,91911223348400,2210.944,164.385,1,1
0,1224,300,91911223184015,91911225233144,91911225770862,2586.847,537.718,1,1
0,1225,300,91911225643418,91911227706368,91911227870554,2227.136,164.186,1,1
0,1226,300,91911228099941,91911230155951,91911230323417,2223.476,167.466,1,1
0,1227,300,91911230563635,91911232195630,91911232751780,2188.145,556.150,1,1
0,1228,300,91911232605935,91911234670194,91911234845741,2239.806,175.547,1,1
0,1229,300,91911235064517,91911237112557,91911237279972,2215.455,167.415,1,1
0,1230,300,91911237520131,91911239159817,91911239718506,2198.375,558.689,1,1
0,1231,300,91911239570041,91911241616520,91911241806116,2236.075,189.596,1,1
0,1232,300,91911242051264,91911244076024,91911244265430,2214.166,189.406,1,1
0,1233,300,91911244501628,91911246133193,91911246688642,2187.014,555.449,1,1
0,1234,300,91911246532806,91911248589177,91911248769802,2236.996,180.625,1,1
0,1235,300,91911248989190,91911251039100,91911251211386,2222.196,172.286,1,1
0,1236,300,91911251448313,91911253497003,91911253659589,2211.276,162.586,1,1
0,1237,300,91911253497003,91911255559973,91911256098621,2601.618,538.648,1,1
0,1238,300,91911255951906,91911258024076,91911258199613,2247.707,175.537,1,1
0,1239,300,91911258409790,91911260457999,91911260634406,2224.616,176.407,1,1
0,1240,300,91911260868633,91911262505459,91911263077558,2208.925,572.099,1,1
0,1241,300,91911262932113,91911264974732,91911265173770,2241.657,199.038,1,1
0,1242,300,91911265372796,91911267425255,91911267585442,2212.646,160.187,1,1
0,1243,300,91911267832110,91911269470495,91911270038444,2206.334,567.949,1,1
0,1244,300,91911269879179,91911271935019,91911272113875,2234.696,178.856,1,1
0,1245,300,91911272336423,91911274386212,91911274556447,2220.024,170.235,1,1
0,1246,300,91911274793735,91911276432731,91911277017701,2223.966,584.970,1,1
0,1247,300,91911276841625,91911278890434,91911279073671,2232.046,183.237,1,1
0,1248,300,91911279314859,91911281348228,91911281520944,2206.085,172.716,1,1
0,1249,300,91911281758271,91911283808761,91911283972347,2214.076,163.586,1,1
0,1250,300,91911283808761,91911285872022,91911286413340,2604.579,541.318,1,1
0,1251,300,91911286264555,91911288330935,91911288505911,2241.356,174.976,1,1
0,1252,300,91911288720428,91911290768608,91911290933693,2213.265,165.085,1,1
0,1253,300,91911291178741,91911292829877,91911293371106,2192.365,541.229,1,1
0,1254,300,91911293227971,91911295274471,91911295463407,2235.436,188.936,1,1
0,1255,300,91911295685424,91911297731364,91911297898219,2212.795,166.855,1,1
0,1256,300,91911298154478,91911299785193,91911300339483,2185.005,554.290,1,1
0,1257,300,91911300189417,91911302237727,91911302418743,2229.326,181.016,1,1
0,1258,300,91911302646930,91911304695501,91911304868346,2221.416,172.845,1,1
0,1259,300,91911305106304,91911306743630,91911307306969,2200.665,563.339,1,1
0,1260,300,91911307155984,91911309202353,91911309384250,2228.266,181.897,1,1
0,1261,300,91911309611157,91911311657886,91911311829242,2218.085,171.356,1,1
0,1262,300,91911312084751,91911314115740,91911314287445,2202.694,171.705,1,1
0,1263,300,91911314115740,91911316164330,91911316718178,2602.438,553.848,1,1
0,1264,300,91911316589773,91911318636834,91911318811399,2221.626,174.565,1,1
0,1265,300,91911319032437,91911321079056,91911321260632,2228.195,181.576,1,1
0,1266,300,91911321488410,91911323127245,91911323679275,2190.865,552.030,1,1
0,1267,300,91911323536770,91911325585519,91911325751995,2215.225,166.476,1,1
0,1268,300,91911325993823,91911328041892,91911328220549,2226.726,178.657,1,1
0,1269,300,91911328465557,91911330090651,91911330649241,2183.684,558.590,1,1
0,1270,300,91911330499556,91911332548305,91911332727141,2227.585,178.836,1,1
0,1271,300,91911332972590,91911335015169,91911335202135,2229.545,186.966,1,1
0,1272,300,91911335430483,91911337072709,91911337619197,2188.714,546.488,1,1
0,1273,300,91911337462632,91911339513021,91911339694218,2231.586,181.197,1,1
0,1274,300,91911339921376,91911341968595,91911342165132,2243.756,196.537,1,1
0,1275,300,91911342397769,91911344426879,91911344589494,2191.725,162.615,1,1
0,1276,300,91911344426879,91911346473638,91911347040877,2613.998,567.239,1,1
0,1277,300,91911346895122,91911348932311,91911349116757,2221.635,184.446,1,1
0,1278,300,91911349341305,91911351389175,91911351555290,2213.985,166.115,1,1
0,1279,300,91911351810369,91911353437264,91911353989233,2178.864,551.969,1,1
0,1280,300,91911353846967,91911355901297,91911356088463,2241.496,187.166,1,1
0,1281,300,91911356306311,91911358352450,91911358520646,2214.335,168.196,1,1
0,1282,300,91911358763715,91911360406110,91911360970629,2206.914,564.519,1,1
0,1283,300,91911360811874,91911362872374,91911363061350,2249.476,188.976,1,1
0,1284,300,91911363274228,91911365316887,91911365498733,2224.505,181.846,1,1
0,1285,300,91911365725491,91911367364937,91911367925406,2199.915,560.469,1,1
0,1286,300,91911367774300,91911369825130,91911370024117,2249.817,198.987,1,1
0,1287,300,91911370232174,91911372289083,91911372452779,2220.605,163.696,1,1
0,1288,300,91911372695167,91911374736646,91911374889922,2194.755,153.276,1,1
0,1289,300,91911374736646,91911376785046,91911377324164,2587.518,539.118,1,1
0,1290,300,91911377194860,91911379245389,91911379421866,2227.006,176.477,1,1
0,1291,300,91911379671344,91911381700933,91911381856518,2185.174,155.585,1,1
0,1292,300,91911382110377,91911383749412,91911384308141,2197.764,558.729,1,1
0,1293,300,91911384158136,91911386221646,91911386389312,2231.176,167.666,1,1
0,1294,300,91911386616110,91911388662999,91911388820645,2204.535,157.646,1,1
0,1295,300,91911389072253,91911390728389,91911391286308,2214.055,557.919,1,1
0,1296,300,91911391134043,91911393168412,91911393338418,2204.375,170.006,1,1
0,1297,300,91911393579296,91911395627565,91911395787421,2208.125,159.856,1,1
0,1298,300,91911396039140,91911397689175,91911398253194,2214.054,564.019,1,1
0,1299,300,91911398095670,91911400131718,91911400312415,2216.745,180.697,1,1
0,1300,300,91911400541842,91911402590302,91911402752567,2210.725,162.265,1,1
0,1301,300,91911402998715,91911405046965,91911405210941,2212.226,163.976,1,1
0,1302,300,91911405046965,91911407113665,91911407655004,2608.039,541.339,1,1
0,1303,300,91911407520519,91911409552968,91911409717693,2197.174,164.725,1,1
0,1304,300,91911409980953,91911412013132,91911412188397,2207.444,175.265,1,1
0,1305,300,91911412430646,91911414064111,91911414609750,2179.104,545.639,1,1
0,1306,300,91911414467314,91911416516225,91911416683260,2215.946,167.035,1,1
0,1307,300,91911416926828,91911418974977,91911419169734,2242.906,194.757,1,1
0,1308,300,91911419383462,91911421021087,91911421594807,2211.345,573.720,1,1
0,1309,300,91911421436751,91911423479331,91911423658086,2221.335,178.755,1,1
0,1310,300,91911423889414,91911425936993,91911426117840,2228.426,180.847,1,1
0,1311,300,91911426364848,91911427985534,91911428573493,2208.645,587.959,1,1
0,1312,300,91911428405398,91911430447247,91911430628593,2223.195,181.346,1,1
0,1313,300,91911430851271,91911432910730,91911433083616,2232.345,172.886,1,1
0,1314,300,91911433310204,91911435375574,91911435541150,2230.946,165.576,1,1
0,1315,300,91911435375574,91911437414543,91911437966762,2591.188,552.219,1,1
0,1316,300,91911437831407,91911439882287,91911440079504,2248.097,197.217,1,1
0,1317,300,91911440290031,91911442321520,91911442488116,2198.085,166.596,1,1
0,1318,300,91911442731753,91911444389060,91911444930228,2198.475,541.168,1,1
0,1319,300,91911444778983,91911446825413,91911447017379,2238.396,191.966,1,1
0,1320,300,91911447235967,91911449283456,91911449452282,2216.315,168.826,1,1
0,1321,300,91911449696540,91911451332075,91911451892004,2195.464,559.929,1,1
0,1322,300,91911451742860,91911453797729,91911453978365,2235.505,180.636,1,1
0,1323,300,91911454200563,91911456248132,91911456430679,2230.116,182.547,1,1
0,1324,300,91911456673277,91911458296022,91911458861530,2188.253,565.508,1,1
0,1325,300,91911458705326,91911460752835,91911460928781,2223.455,175.946,1,1
0,1326,300,91911461174439,91911463227799,91911463391754,2217.315,163.955,1,1
0,1327,300,91911463633203,91911465668832,91911465822407,2189.204,153.575,1,1
0,1328,300,91911465668832,91911467716371,91911468261139,2592.307,544.768,1,1
0,1329,300,91911468126845,91911470173595,91911470339530,2212.685,165.935,1,1
0,1330,300,91911470584248,91911472631978,91911472787753,2203.505,155.775,1,1
0,1331,300,91911473042002,91911474690668,91911475259507,2217.505,568.839,1,1
0,1332,300,91911475106752,91911477137331,91911477313937,2207.185,176.606,1,1
0,1333,300,91911477558385,91911479609805,91911479767740,2209.355,157.935,1,1
0,1334,300,91911480024318,91911481641674,91911482211583,2187.265,569.909,1,1
0,1335,300,91911482051638,91911484099837,91911484284673,2233.035,184.836,1,1
0,1336,300,91911484517662,91911486558040,91911486728956,2211.294,170.916,1,1
0,1337,300,91911486966295,91911488614870,91911489174879,2208.584,560.009,1,1
0,1338,300,91911489016434,91911491076823,91911491258550,2242.116,181.727,1,1
0,1339,300,91911491472038,91911493520147,91911493684472,2212.434,164.325,1,1
0,1340,300,91911493930851,91911495977420,91911496158277,2227.426,180.857,1,1
0,1341,300,91911495977420,91911498027479,91911498572238,2594.818,544.759,1,1
0,1342,300,91911498436474,91911500482963,91911500648138,2211.664,165.175,1,1
0,1343,300,91911500894677,91911502941677,91911503107472,2212.795,165.795,1,1
0,1344,300,91911503352400,91911504988626,91911505539794,2187.394,551.168,1,1
0,1345,300,91911505399040,91911507460030,91911507636545,2237.505,176.515,1,1
0,1346,300,91911507856033,91911509905943,91911510096879,2240.846,190.936,1,1
0,1347,300,91911510313736,91911511953922,91911512526552,2212.816,572.630,1,1
0,1348,300,91911512374146,91911514409806,91911514588731,2214.585,178.925,1,1
0,1349,300,91911514819459,91911516883840,91911517065226,2245.767,181.386,1,1
0,1350,300,91911517283963,91911518916468,91911519483877,2199.914,567.409,1,1
0,1351,300,91911519325832,91911521386582,91911521568169,2242.337,181.587,1,1
0,1352,300,91911521784095,91911523849066,91911524038022,2253.927,188.956,1,1
0,1353,300,91911524252759,91911526288898,91911526452214,2199.455,163.316,1,1
0,1354,300,91911526288898,91911528336828,91911528894877,2605.979,558.049,1,1
0,1355,300,91911528751863,91911530793891,91911530979248,2227.385,185.357,1,1
0,1356,300,91911531204875,91911533253504,91911533428331,2223.456,174.827,1,1
0,1357,300,91911533668059,91911535316755,91911535853103,2185.044,536.348,1,1
0,1358,300,91911535710368,91911537757147,91911537942463,2232.095,185.316,1,1
0,1359,300,91911538167442,91911540217801,91911540398027,2230.585,180.226,1,1
0,1360,300,91911540625635,91911542263711,91911542823389,2197.754,559.678,1,1
0,1361,300,91911542674204,91911544720834,91911544899280,2225.076,178.446,1,1
0,1362,300,91911545153569,91911547179297,91911547350173,2196.604,170.876,1,1
0,1363,300,91911547588282,91911549226836,91911549816957,2228.675,590.121,1,1
0,1364,300,91911549649901,91911551684230,91911551864756,2214.855,180.526,1,1
0,1365,300,91911552093244,91911554151634,91911554331341,2238.097,179.707,1,1
0,1366,300,91911554550387,91911556598787,91911556772533,2222.146,173.746,1,1
0,1367,300,91911556598787,91911558650796,91911559207126,2608.339,556.330,1,1
0,1368,300,91911559057641,91911561106130,91911561291626,2233.985,185.496,1,1
0,1369,300,91911561516024,91911563567393,91911563731599,2215.575,164.206,1,1
0,1370,300,91911563983507,91911565626353,91911566173202,2189.695,546.849,1,1
0,1371,300,91911566021237,91911568079167,91911568266373,2245.136,187.206,1,1
0,1372,300,91911568477270,91911570533429,91911570700645,2223.375,167.216,1,1
0,1373,300,91911570954244,91911572574289,91911573153098,2198.854,578.809,1,1
0,1374,300,91911572983842,91911575044533,91911575227639,2243.797,183.106,1,1
0,1375,300,91911575441016,91911577488536,91911577648612,2207.596,160.076,1,1
0,1376,300,91911577916130,91911579536715,91911580111955,2195.825,575.240,1,1
0,1377,300,91911579946319,91911582000679,91911582192785,2246.466,192.106,1,1
0,1378,300,91911582404762,91911584451432,91911584625328,2220.566,173.896,1,1
0,1379,300,91911584862556,91911586910525,91911587073131,2210.575,162.606,1,1
0,1380,300,91911586910525,91911588958365,91911589506113,2595.588,547.748,1,1
0,1381,300,91911589377209,91911591415568,91911591601385,2224.176,185.817,1,1
0,1382,300,91911591826082,91911593892253,91911594079259,2253.177,187.006,1,1
0,1383,300,91911594289696,91911595919951,91911596474360,2184.664,554.409,1,1
0,1384,300,91911596330885,91911598377874,91911598545540,2214.655,167.666,1,1
0,1385,300,91911598788619,91911600835268,91911600992733,2204.114,157.465,1,1
0,1386,300,91911601250282,91911602889318,91911603453027,2202.745,563.709,1,1
0,1387,300,91911603310462,91911605342710,91911605512836,2202.374,170.126,1,1
0,1388,300,91911605751405,91911607798904,91911607959139,2207.734,160.235,1,1
0,1389,300,91911608208878,91911609856644,91911610421303,2212.425,564.659,1,1
0,1390,300,91911610272118,91911612305187,91911612487843,2215.725,182.656,1,1
0,1391,300,91911612714741,91911614761421,91911614925556,2210.815,164.135,1,1
0,1392,300,91911615173014,91911617220764,91911617375019,2202.005,154.255,1,1
0,1393,300,91911617220764,91911619279864,91911619805382,2584.618,525.518,1,1
0,1394,300,91911619677667,91911621738747,91911621913833,2236.166,175.086,1,1
0,1395,300,91911622134970,91911624193010,91911624360496,2225.526,167.486,1,1
0,1396,300,91911624602454,91911626231840,91911626774358,2171.904,542.518,1,1
0,1397,300,91911626640223,91911628690973,91911628857308,2217.085,166.335,1,1
0,1398,300,91911629112207,91911631151856,91911631320132,2207.925,168.276,1,1
0,1399,300,91911631556800,91911633194446,91911633753344,2196.544,558.898,1,1
0,1400,300,91911633604289,91911635654479,91911635823385,2219.096,168.906,1,1
0,1401,300,91911636079664,91911638108802,91911638276658,2196.994,167.856,1,1
0,1402,300,91911638519676,91911640158752,91911640724671,2204.995,565.919,1,1
0,1403,300,91911640566656,91911642614445,91911642795901,2229.245,181.456,1,1
0,1404,300,91911643026159,91911645072128,91911645247665,2221.506,175.537,1,1
0,1405,300,91911645483173,91911647538773,91911647691647,2208.474,152.874,1,1
0,1406,300,91911647538773,91911649578211,91911650152371,2613.598,574.160,1,1
0,1407,300,91911650014156,91911652049165,91911652232591,2218.435,183.426,1,1
0,1408,300,91911652446299,91911654493198,91911654655104,2208.805,161.906,1,1
0,1409,300,91911654903963,91911656555869,91911657096657,2192.694,540.788,1,1
0,1410,300,91911656951682,91911659000531,91911659186017,2234.335,185.486,1,1
0,1411,300,91911659408016,91911661456755,91911661614940,2206.924,158.185,1,1
0,1412,300,91911661865638,91911663505834,91911664074404,2208.766,568.570,1,1
0,1413,300,91911663913938,91911665969618,91911666166075,2252.137,196.457,1,1
0,1414,300,91911666372732,91911668435011,91911668614638,2241.906,179.627,1,1
0,1415,300,91911668828625,91911670468700,91911671045840,2217.215,577.140,1,1
0,1416,300,91911670876885,91911672935484,91911673138381,2261.496,202.897,1,1
0,1417,300,91911673346738,91911675384637,91911675559123,2212.385,174.486,1,1
0,1418,300,91911675793551,91911677849091,91911678021186,2227.635,172.095,1,1
0,1419,300,91911677849091,91911679888130,91911680428578,2579.487,540.448,1,1
0,1420,300,91911680299074,91911682349624,91911682526229,2227.155,176.605,1,1
0,1421,300,91911682768128,91911684822557,91911684981213,2213.085,158.656,1,1
0,1422,300,91911685214491,91911686852676,91911687398014,2183.523,545.338,1,1
0,1423,300,91911687261750,91911689310600,91911689479015,2217.265,168.415,1,1
0,1424,300,91911689718334,91911691766723,91911691933569,2215.235,166.846,1,1
0,1425,300,91911692178197,91911693815953,91911694385382,2207.185,569.429,1,1
0,1426,300,91911694234217,91911696272155,91911696464302,2230.085,192.147,1,1
0,1427,300,91911696685330,91911698750580,91911698919826,2234.496,169.246,1,1
0,1428,300,91911699149694,91911700779199,91911701347398,2197.704,568.199,1,1
0,1429,300,91911701189423,91911703235752,91911703419868,2230.445,184.116,1,1
0,1430,300,91911703645536,91911705694215,91911705879311,2233.775,185.096,1,1
0,1431,300,91911706112369,91911708155819,91911708319595,2207.226,163.776,1,1
0,1432,300,91911708155819,91911710199588,91911710746217,2590.398,546.629,1,1
0,1433,300,91911710610022,91911712657012,91911712830937,2220.915,173.925,1,1
0,1434,300,91911713075386,91911715114645,91911715289381,2213.995,174.736,1,1
0,1435,300,91911715523559,91911717177005,91911717714343,2190.784,537.338,1,1
0,1436,300,91911717571499,91911719619518,91911719795784,2224.285,176.266,1,1
0,1437,300,91911720034332,91911722077342,91911722253597,2219.265,176.255,1,1
0,1438,300,91911722487455,91911724138241,91911724686540,2199.085,548.299,1,1
0,1439,300,91911724545266,91911726591925,91911726761791,2216.525,169.866,1,1
0,1440,300,91911727031860,91911729061268,91911729244304,2212.444,183.036,1,1
0,1441,300,91911729450531,91911731097948,91911731666207,2215.676,568.259,1,1
0,1442,300,91911731508561,91911733546681,91911733727427,2218.866,180.746,1,1
0,1443,300,91911733956574,91911736012894,91911736192740,2236.166,179.846,1,1
0,1444,300,91911736417348,91911738462148,91911738624633,2207.285,162.485,1,1
0,1445,300,91911738462148,91911740509817,91911741064735,2602.587,554.918,1,1
0,1446,300,91911740919360,91911742968081,91911743163267,2243.907,195.186,1,1
0,1447,300,91911743383135,91911745444184,91911745621571,2238.436,177.387,1,1
0,1448,300,91911745833838,91911747473033,91911748045653,2211.815,572.620,1,1
0,1449,300,91911747881407,91911749930136,91911750130353,2248.946,200.217,1,1
0,1450,300,91911750339870,91911752387320,91911752555196,2215.326,167.876,1,1
0,1451,300,91911752809014,91911754436130,91911754996268,2187.254,560.138,1,1
0,1452,300,91911754846753,91911756896373,91911757086179,2239.426,189.806,1,1
0,1453,300,91911757304237,91911759352186,91911759523032,2218.795,170.846,1,1
0,1454,300,91911759760320,91911761399536,91911761965245,2204.925,565.709,1,1
0,1455,300,91911761809109,91911763858019,91911764039385,2230.276,181.366,1,1
0,1456,300,91911764267703,91911766314362,91911766486668,2218.965,172.306,1,1
0,1457,300,91911766724367,91911768785396,91911768938992,2214.625,153.596,1,1
0,1458,300,91911768785396,91911770819145,91911771384284,2598.888,565.139,1,1
0,1459,300,91911771247000,91911773276939,91911773442935,2195.935,165.996,1,1
0,1460,300,91911773687793,91911775734692,91911775890298,2202.505,155.606,1,1
0,1461,300,91911776153536,91911777782851,91911778328600,2175.064,545.749,1,1
0,1462,300,91911778191956,91911780241295,91911780409891,2217.935,168.596,1,1
0,1463,300,91911780649618,91911782698109,91911782876534,2226.916,178.425,1,1
0,1464,300,91911783113223,91911784746788,91911785324837,2211.614,578.049,1,1
0,1465,300,91911785171162,91911787203431,91911787383618,2212.456,180.187,1,1
0,1466,300,91911787613125,91911789662305,91911789833001,2219.876,170.696,1,1
0,1467,300,91911790071518,91911791713624,91911792297934,2226.416,584.310,1,1
0,1468,300,91911792118997,91911794183378,91911794366344,2247.347,182.966,1,1
0,1469,300,91911794577771,91911796633101,91911796807247,2229.476,174.146,1,1
0,1470,300,91911797033885,91911799082864,91911799255170,2221.285,172.306,1,1
0,1471,300,91911799082864,91911801130014,91911801681873,2599.009,551.859,1,1
0,1472,300,91911801546228,91911803593167,91911803778223,2231.995,185.056,1,1
0,1473,300,91911803998791,91911806046210,91911806215896,2217.105,169.686,1,1
0,1474,300,91911806455505,91911808093190,91911808644439,2188.934,551.249,1,1
0,1475,300,91911808502314,91911810558094,91911810724130,2221.816,166.036,1,1
0,1476,300,91911810961567,91911813016637,91911813183142,2221.575,166.505,1,1
0,1477,300,91911813418251,91911815061736,91911815609085,2190.834,547.349,1,1
0,1478,300,91911815467360,91911817521910,91911817693486,2226.126,171.576,1,1
0,1479,300,91911817931093,91911819972753,91911820166469,2235.376,193.716,1,1
0,1480,300,91911820381457,91911822020963,91911822578701,2197.244,557.738,1,1
0,1481,300,91911822430276,91911824477726,91911825028624,2598.348,550.898,1,1
0,1482,300,91911824887820,91911826934539,91911827119245,2231.425,184.706,1,1
0,1483,300,91911827345394,91911829394973,91911829559688,2214.294,164.715,1,1
0,1484,300,91911829394973,91911831439912,91911831986581,2591.608,546.669,1,1
0,1485,300,91911831850876,91911833897995,91911834080852,2229.976,182.857,1,1
0,1486,300,91911834308589,91911836355639,91911836512235,2203.646,156.596,1,1
0,1487,300,91911836764813,91911838407918,91911838963647,2198.834,555.729,1,1
0,1488,300,91911838814753,91911840875132,91911841051288,2236.535,176.156,1,1
0,1489,300,91911841270615,91911843334776,91911843494351,2223.736,159.575,1,1
0,1490,300,91911843738679,91911845367305,91911845917253,2178.574,549.948,1,1
0,1491,300,91911845775998,91911847823958,91911848012714,2236.716,188.756,1,1
0,1492,300,91911848235312,91911850281812,91911850443047,2207.735,161.235,1,1
0,1493,300,91911850691545,91911852331521,91911852915331,2223.786,583.810,1,1
0,1494,300,91911852757545,91911854788234,91911855324353,2566.808,536.119,1,1
0,1495,300,91911855198938,91911857245887,91911857411513,2212.575,165.626,1,1
0,1496,300,91911857655291,91911859704291,91911859867917,2212.626,163.626,1,1
0,1497,300,91911859704291,91911861755361,91911862296569,2592.278,541.208,1,1
0,1498,300,91911862164384,91911864208373,91911864373760,2209.376,165.387,1,1
0,1499,300,91911864619578,91911866667377,91911866833343,2213.765,165.966,1,1
0,1500,300,91911867077001,91911868731857,91911869279286,2202.285,547.429,1,1
0,1501,300,91911869123891,91911871172930,91911871350176,2226.285,177.246,1,1
0,1502,300,91911871581964,91911873630703,91911873808670,2226.706,177.967,1,1
0,1503,300,91911874057328,91911875677782,91911876256763,2199.435,578.981,1,1
0,1504,300,91911876086877,91911878136216,91911878315802,2228.925,179.586,1,1
0,1505,300,91911878545460,91911880607350,91911880786516,2241.056,179.166,1,1
0,1506,300,91911881015075,91911882640599,91911883205789,2190.714,565.190,1,1
0,1507,300,91911883049883,91911885097802,91911885633401,2583.518,535.599,1,1
0,1508,300,91911885508737,91911887554966,91911887719241,2210.504,164.275,1,1
0,1509,300,91911887966390,91911890014310,91911890177035,2210.645,162.725,1,1
0,1510,300,91911890014310,91911892060709,91911892605377,2591.067,544.668,1,1
0,1511,300,91911892470402,91911894518822,91911894694668,2224.266,175.846,1,1
0,1512,300,91911894929726,91911896977636,91911897150202,2220.476,172.566,1,1
0,1513,300,91911897388389,91911899024725,91911899588464,2200.075,563.739,1,1
0,1514,300,91911899450540,91911901482189,91911901655074,2204.534,172.885,1,1
0,1515,300,91911901892592,91911903939682,91911904120098,2227.506,180.416,1,1
0,1516,300,91911904350296,91911905989231,91911906573141,2222.845,583.910,1,1
0,1517,300,91911906412636,91911908461255,91911908640162,2227.526,178.907,1,1
0,1518,300,91911908854588,91911910903359,91911911085184,2230.596,181.825,1,1
0,1519,300,91911911314292,91911912952148,91911913518527,2204.235,566.379,1,1
0,1520,300,91911913360271,91911915408241,91911915957779,2597.508,549.538,1,1
0,1521,300,91911915818935,91911917875855,91911918070211,2251.276,194.356,1,1
0,1522,300,91911918285199,91911920324498,91911920487804,2202.605,163.306,1,1
0,1523,300,91911920324498,91911922388338,91911922925556,2601.058,537.218,1,1
0,1524,300,91911922780781,91911924829870,91911925014887,2234.106,185.017,1,1
0,1525,300,91911925241455,91911927287644,91911927452100,2210.645,164.456,1,1
0,1526,300,91911927695887,91911929335053,91911929882492,2186.605,547.439,1,1
0,1527,300,91911929745357,91911931807667,91911931974053,2228.696,166.386,1,1
0,1528,300,91911932204251,91911934260451,91911934445507,2241.256,185.056,1,1
0,1529,300,91911934663884,91911936304460,91911936851209,2187.325,546.749,1,1
0,1530,300,91911936707704,91911938767523,91911938935939,2228.235,168.416,1,1
0,1531,300,91911939164657,91911941218196,91911941390022,2225.365,171.826,1,1
0,1532,300,91911941639481,91911943273086,91911943837975,2198.494,564.889,1,1
0,1533,300,91911943679810,91911945720209,91911946263958,2584.148,543.749,1,1
0,1534,300,91911946129004,91911948178013,91911948354628,2225.624,176.615,1,1
0,1535,300,91911948586056,91911950638886,91911950791832,2205.776,152.946,1,1
0,1536,300,91911950638886,91911952694516,91911953265616,2626.730,571.100,1,1
0,1537,300,91911953104920,91911955139319,91911955326765,2221.845,187.446,1,1
0,1538,300,91911955550573,91911957596792,91911957772039,2221.466,175.247,1,1
0,1539,300,91911958013587,91911959646902,91911960211001,2197.414,564.099,1,1
0,1540,300,91911960055285,91911962122906,91911962299892,2244.607,176.986,1,1
0,1541,300,91911962513559,91911964561499,91911964739285,2225.726,177.786,1,1
0,1542,300,91911964987483,91911966608278,91911967180548,2193.065,572.270,1,1
0,1543,300,91911967019392,91911969065592,91911969256448,2237.056,190.856,1,1
0,1544,300,91911969475985,91911971538506,91911971707351,2231.366,168.845,1,1
0,1545,300,91911971932989,91911973576224,91911974156865,2223.876,580.641,1,1
0,1546,300,91911973981248,91911976030328,91911976564816,2583.568,534.488,1,1
0,1547,300,91911976440032,91911978504332,91911978679698,2239.666,175.366,1,1
0,1548,300,91911978895975,91911980963056,91911981125871,2229.896,162.815,1,1
0,1549,300,91911980963056,91911982993905,91911983533883,2570.827,539.978,1,1
0,1550,300,91911983402238,91911985451707,91911985615983,2213.745,164.276,1,1
0,1551,300,91911985859002,91911987909181,91911988073477,2214.475,164.296,1,1
0,1552,300,91911988318235,91911989956140,91911990509719,2191.484,553.579,1,1
0,1553,300,91911990366764,91911992413564,91911992580210,2213.446,166.646,1,1
0,1554,300,91911992822728,91911994876507,91911995052323,2229.595,175.816,1,1
0,1555,300,91911995280701,91911996934218,91911997486826,2206.125,552.608,1,1
0,1556,300,91911997341861,91911999394670,91911999563916,2222.055,169.246,1,1
0,1557,300,91911999800785,91912001833734,91912002012779,2211.994,179.045,1,1
0,1558,300,91912002243427,91912003883133,91912004443672,2200.245,560.539,1,1
0,1559,300,91912004291147,91912006340066,91912006880544,2589.397,540.478,1,1
0,1560,300,91912006752880,91912008800610,91912008974435,2221.555,173.825,1,1
0,1561,300,91912009208773,91912011255603,91912011421558,2212.785,165.955,1,1
0,1562,300,91912011255603,91912013304752,91912013865182,2609.579,560.430,1,1
0,1563,300,91912013726346,91912015760836,91912015936802,2210.456,175.966,1,1
0,1564,300,91912016169490,91912018219460,91912018385345,2215.855,165.885,1,1
0,1565,300,91912018629263,91912020270549,91912020846228,2216.965,575.679,1,1
0,1566,300,91912020692064,91912022723253,91912022899308,2207.244,176.055,1,1
0,1567,300,91912023132926,91912025182876,91912025350941,2218.015,168.065,1,1
0,1568,300,91912025592509,91912027229435,91912027803205,2210.696,573.770,1,1
0,1569,300,91912027641389,91912029687779,91912029866014,2224.625,178.235,1,1
0,1570,300,91912030279429,91912032152672,91912032323658,2044.229,170.986,1,1
0,1571,300,91912032554026,91912034203921,91912034775741,2221.715,571.820,1,1
0,1572,300,91912034616405,91912036651665,91912037200573,2584.168,548.908,1,1
0,1573,300,91912037060409,91912039109208,91912039297385,2236.976,188.177,1,1
0,1574,300,91912039517612,91912041584892,91912041749158,2231.546,164.266,1,1
0,1575,300,91912041584892,91912043613781,91912044189070,2604.178,575.289,1,1
0,1576,300,91912044038285,91912046072504,91912046261401,2223.116,188.897,1,1
0,1577,300,91912046483608,91912048529528,91912048696814,2213.206,167.286,1,1
0,1578,300,91912048938281,91912050579437,91912051183258,2244.977,603.821,1,1
0,1579,300,91912051014122,91912053034540,91912053222706,2208.584,188.166,1,1
0,1580,300,91912053452354,91912055492694,91912055659830,2207.476,167.136,1,1
0,1581,300,91912055902377,91912057539603,91912058115463,2213.086,575.860,1,1
0,1582,300,91912057951528,91912059996787,91912060197223,2245.695,200.436,1,1
0,1583,300,91912060407820,91912062469071,91912062629276,2221.456,160.205,1,1
0,1584,300,91912062871434,91912064503820,91912065073219,2201.785,569.399,1,1
0,1585,300,91912064912183,91912066974433,91912067505171,2592.988,530.738,1,1
0,1586,300,91912067371347,91912069421907,91912069596352,2225.005,174.445,1,1
0,1587,300,91912069829040,91912071887400,91912072051796,2222.756,164.396,1,1
0,1588,300,91912071887400,91912073936540,91912074474678,2587.278,538.138,1,1
0,1589,300,91912074334773,91912076381943,91912076546968,2212.195,165.025,1,1
0,1590,300,91912076791296,91912078839006,91912078996741,2205.445,157.735,1,1
0,1591,300,91912079248810,91912080898776,91912081453015,2204.205,554.239,1,1
0,1592,300,91912081314210,91912083348539,91912083516084,2201.874,167.545,1,1
0,1593,300,91912083758543,91912085801882,91912085972208,2213.665,170.326,1,1
0,1594,300,91912086222167,91912087850342,91912088421471,2199.304,571.129,1,1
0,1595,300,91912088261096,91912090309016,91912090482531,2221.435,173.515,1,1
0,1596,300,91912090736579,91912092765128,91912092932844,2196.265,167.716,1,1
0,1597,300,91912093174833,91912094813058,91912095375467,2200.634,562.409,1,1
0,1598,300,91912095223262,91912097270321,91912097806529,2583.267,536.208,1,1
0,1599,300,91912097681465,91912099728655,91912099892530,2211.065,163.875,1,1
0,1600,300,91912100150160,91912102198189,91912102354974,2204.814,156.785,1,1
0,1601,300,91912102198189,91912104234387,91912104785476,2587.287,551.089,1,1
0,1602,300,91912104654342,91912106691551,91912106855486,2201.144,163.935,1,1
0,1603,300,91912107111325,91912109152144,91912109316650,2205.325,164.506,1,1
0,1604,300,91912109559758,91912111210834,91912111771953,2212.195,561.119,1,1
0,1605,300,91912111626088,91912113656157,91912113831673,2205.585,175.516,1,1
0,1606,300,91912114065631,91912116122961,91912116304507,2238.876,181.546,1,1
0,1607,300,91912116523744,91912118166451,91912118743130,2219.386,576.679,1,1
0,1608,300,91912118571884,91912120618594,91912120797579,2225.695,178.985,1,1
0,1609,300,91912121033908,91912123077147,91912123272734,2238.826,195.587,1,1
0,1610,300,91912123485251,91912125124166,91912125684626,2199.375,560.460,1,1
0,1611,300,91912125533780,91912127592780,91912128127818,2594.038,535.038,1,1
0,1612,300,91912127992153,91912130052964,91912130224660,2232.507,171.696,1,1
0,1613,300,91912130447997,91912132498136,91912132663442,2215.445,165.306,1,1
0,1614,300,91912132498136,91912134545506,91912135095055,2596.919,549.549,1,1
0,1615,300,91912134954100,91912137011260,91912137186496,2232.396,175.236,1,1
0,1616,300,91912137412783,91912139468103,91912139626259,2213.476,158.156,1,1
0,1617,300,91912139870347,91912141508543,91912142085412,2215.065,576.869,1,1
0,1618,300,91912141934526,91912143965575,91912144162793,2228.267,197.218,1,1
0,1619,300,91912144375890,91912146422989,91912146583354,2207.464,160.365,1,1
0,1620,300,91912146845304,91912148471359,91912149034948,2189.644,563.589,1,1
0,1621,300,91912148881492,91912150927992,91912151115799,2234.307,187.807,1,1
0,1622,300,91912151339746,91912153399966,91912153573131,2233.385,173.165,1,1
0,1623,300,91912153797580,91912155434164,91912156016005,2218.425,581.841,1,1
0,1624,300,91912155844329,91912157892898,91912158436127,2591.798,543.229,1,1
0,1625,300,91912158301962,91912160348852,91912160535248,2233.286,186.396,1,1
0,1626,300,91912160758385,91912162806715,91912162982781,2224.396,176.066,1,1
0,1627,300,91912162806715,91912164854174,91912165418903,2612.188,564.729,1,1
0,1628,300,91912165278339,91912167313928,91912167489403,2211.064,175.475,1,1
0,1629,300,91912167727162,91912169770911,91912169937946,2210.784,167.035,1,1
0,1630,300,91912170181455,91912171825211,91912172376030,2194.575,550.819,1,1
0,1631,300,91912172228815,91912174275474,91912174462700,2233.885,187.226,1,1
0,1632,300,91912174686428,91912176735008,91912176915243,2228.815,180.235,1,1
0,1633,300,91912177171942,91912178782627,91912179356447,2184.505,573.820,1,1
0,1634,300,91912179192010,91912181238591,91912181418706,2226.696,180.115,1,1
0,1635,300,91912181649774,91912183696484,91912183868190,2218.416,171.706,1,1
0,1636,300,91912184107338,91912185746303,91912186318253,2210.915,571.950,1,1
0,1637,300,91912186154777,91912188203317,91912188745135,2590.358,541.818,1,1
0,1638,300,91912188612940,91912190660189,91912190833936,2220.996,173.747,1,1
0,1639,300,91912191070164,91912193118143,91912193293860,2223.696,175.717,1,1
0,1640,300,91912193118143,91912195167073,91912195728052,2609.909,560.979,1,1
0,1641,300,91912195581087,91912197623506,91912197799562,2218.475,176.056,1,1
0,1642,300,91912198035270,91912200080249,91912200258236,2222.966,177.987,1,1
0,1643,300,91912200491124,91912202134519,91912202684608,2193.484,550.089,1,1
0,1644,300,91912202538233,91912204591663,91912204767449,2229.216,175.786,1,1
0,1645,300,91912204997307,91912207046436,91912207238182,2240.875,191.746,1,1
0,1646,300,91912207454590,91912209091115,91912209660465,2205.875,569.350,1,1
0,1647,300,91912209502179,91912211550408,91912211728695,2226.516,178.287,1,1
0,1648,300,91912211966053,91912214014543,91912214196638,2230.585,182.095,1,1
0,1649,300,91912214418046,91912216054551,91912216624191,2206.145,569.640,1,1
0,1650,300,91912216464366,91912218514425,91912219090874,2626.508,576.449,1,1
0,1651,300,91912218941019,91912220976538,91912221169755,2228.736,193.217,1,1
0,1652,300,91912221381662,91912223427072,91912223592677,2211.015,165.605,1,1
0,1653,300,91912223427072,91912225475381,91912226039330,2612.258,563.949,1,1
0,1654,300,91912225884655,91912227934585,91912228111250,2226.595,176.665,1,1
0,1655,300,91912228352699,91912230391248,91912230549644,2196.945,158.396,1,1
0,1656,300,91912230800772,91912232440157,91912232995416,2194.644,555.259,1,1
0,1657,300,91912232848791,91912234914521,91912235104858,2256.067,190.337,1,1
0,1658,300,91912235310665,91912237353574,91912237514520,2203.855,160.946,1,1
0,1659,300,91912237763108,91912239403884,91912239994614,2231.506,590.730,1,1
0,1660,300,91912239831448,91912241874758,91912242074914,2243.466,200.156,1,1
0,1661,300,91912242289282,91912244317130,91912244489716,2200.434,172.586,1,1
0,1662,300,91912244728154,91912246365300,91912246957880,2229.726,592.580,1,1
0,1663,300,91912246787004,91912248822363,91912249371772,2584.768,549.409,1,1
0,1664,300,91912249233987,91912251281116,91912251456593,2222.606,175.477,1,1
0,1665,300,91912251690901,91912253737780,91912253902126,2211.225,164.346,1,1
0,1666,300,91912253737780,91912255787630,91912256337318,2599.538,549.688,1,1
0,1667,300,91912256196714,91912258245703,91912258423779,2227.065,178.076,1,1
0,1668,300,91912258654627,91912260702506,91912260860192,2205.565,157.686,1,1
0,1669,300,91912261110290,91912262769157,91912263321575,2211.285,552.418,1,1
0,1670,300,91912263165030,91912265208239,91912265377875,2212.845,169.636,1,1
0,1671,300,91912265616464,91912267664383,91912267824038,2207.574,159.655,1,1
0,1672,300,91912268073896,91912269713592,91912270275901,2202.005,562.309,1,1
0,1673,300,91912270122176,91912272170865,91912272353342,2231.166,182.477,1,1
0,1674,300,91912272598000,91912274635920,91912274798205,2200.205,162.285,1,1
0,1675,300,91912275037442,91912276675908,91912277246588,2209.146,570.680,1,1
0,1676,300,91912277084913,91912279155553,91912279676390,2591.477,520.837,1,1
0,1677,300,91912279543946,91912281590925,91912281757500,2213.554,166.575,1,1
0,1678,300,91912282000499,91912284057659,91912284234035,2233.536,176.376,1,1
0,1679,300,91912284057659,91912286097198,91912286666477,2608.818,569.279,1,1
0,1680,300,91912286526813,91912288554872,91912288731557,2204.744,176.685,1,1
0,1681,300,91912288964385,91912291016155,91912291191751,2227.366,175.596,1,1
0,1682,300,91912291422779,91912293059934,91912293615993,2193.214,556.059,1,1
0,1683,300,91912293469138,91912295532528,91912295722424,2253.286,189.896,1,1
0,1684,300,91912295928411,91912297976492,91912298170137,2241.726,193.645,1,1
0,1685,300,91912298384915,91912300031840,91912300595739,2210.824,563.899,1,1
0,1686,300,91912300432304,91912302481894,91912302674360,2242.056,192.466,1,1
0,1687,300,91912302890358,91912304937717,91912305125024,2234.666,187.307,1,1
0,1688,300,91912305349481,91912306986537,91912307585388,2235.907,598.851,1,1
0,1689,300,91912307413742,91912309456851,91912309994328,2580.586,537.477,1,1
0,1690,300,91912309854484,91912311901643,91912312096970,2242.486,195.327,1,1
0,1691,300,91912312311318,91912314362087,91912314527583,2216.265,165.496,1,1
0,1692,300,91912314786781,91912316406576,91912316955465,2168.684,548.889,1,1
0,1693,300,91912316816241,91912318864820,91912319050626,2234.385,185.806,1,1
0,1694,300,91912319274064,91912321337694,91912321506319,2232.255,168.625,1,1
0,1695,300,91912321731687,91912323374423,91912323940452,2208.765,566.029,1,1
0,1696,300,91912323794307,91912325845827,91912326041924,2247.617,196.097,1,1
0,1697,300,91912326236869,91912328299310,91912328481216,2244.347,181.906,1,1
0,1698,300,91912328695213,91912330348079,91912330896108,2200.895,548.029,1,1
0,1699,300,91912330743313,91912332807533,91912332988519,2245.206,180.986,1,1
0,1700,300,91912333212406,91912335248916,91912335421362,2208.956,172.446,1,1
0,1701,300,91912335670580,91912337297035,91912337870345,2199.765,573.310,1,1
0,1702,300,91912337707279,91912339755639,91912340300878,2593.599,545.239,1,1
0,1703,300,91912340165082,91912342211122,91912342386368,2221.286,175.246,1,1
0,1704,300,91912342624236,91912344670576,91912344846541,2222.305,175.965,1,1
0,1705,300,91912345095180,91912346718335,91912347283374,2188.194,565.039,1,1
0,1706,300,91912347128938,91912349194389,91912349372325,2243.387,177.936,1,1
0,1707,300,91912349586222,91912351633841,91912351829568,2243.346,195.727,1,1
0,1708,300,91912352044446,91912353682211,91912354248060,2203.614,565.849,1,1
0,1709,300,91912354090105,91912356162505,91912356342991,2252.886,180.486,1,1
0,1710,300,91912356548498,91912358596128,91912358765083,2216.585,168.955,1,1
0,1711,300,91912359015532,91912360643248,91912361231478,2215.946,588.230,1,1
0,1712,300,91912361060742,91912363111271,91912363303198,2242.456,191.927,1,1
0,1713,300,91912363510915,91912365558964,91912365731880,2220.965,172.916,1,1
0,1714,300,91912365968808,91912367607504,91912368179583,2210.775,572.079,1,1
0,1715,300,91912368016747,91912370065067,91912370600425,2583.678,535.358,1,1
0,1716,300,91912370475111,91912372526730,91912372701997,2226.886,175.267,1,1
0,1717,300,91912372948075,91912374981094,91912375156559,2208.484,175.465,1,1
0,1718,300,91912375406398,91912377030673,91912377570702,2164.304,540.029,1,1
0,1719,300,91912377438297,91912379486936,91912379663283,2224.986,176.347,1,1
0,1720,300,91912379896011,91912381944400,91912382111776,2215.765,167.376,1,1
0,1721,300,91912382352474,91912383990099,91912384539688,2187.214,549.589,1,1
0,1722,300,91912384400814,91912386447993,91912386617339,2216.525,169.346,1,1
0,1723,300,91912386857786,91912388906496,91912389076182,2218.396,169.686,1,1
0,1724,300,91912389315640,91912390968866,91912391508944,2193.304,540.078,1,1
0,1725,300,91912391363179,91912393420430,91912393591916,2228.737,171.486,1,1
0,1726,300,91912393837414,91912395870583,91912396042039,2204.625,171.456,1,1
0,1727,300,91912396279016,91912397926363,91912398490782,2211.766,564.419,1,1
0,1728,300,91912398327825,91912400375106,91912400910884,2583.059,535.778,1,1
0,1729,300,91912400785019,91912402832749,91912402996854,2211.835,164.105,1,1
0,1730,300,91912403242853,91912405290822,91912405457128,2214.275,166.306,1,1
0,1731,300,91912405701456,91912407337892,91912407891900,2190.444,554.008,1,1
0,1732,300,91912407759986,91912409795685,91912409962261,2202.275,166.576,1,1
0,1733,300,91912410206179,91912412254488,91912412419084,2212.905,164.596,1,1
0,1734,300,91912412664772,91912414301568,91912414860867,2196.095,559.299,1,1
0,1735,300,91912414712482,91912416759731,91912416939607,2227.125,179.876,1,1
0,1736,300,91912417169995,91912419217684,91912419387910,2217.915,170.226,1,1
0,1737,300,91912419627779,91912421266155,91912421838583,2210.804,572.428,1,1
0,1738,300,91912421674988,91912423722807,91912423906213,2231.225,183.406,1,1
0,1739,300,91912424131342,91912426195751,91912426368457,2237.115,172.706,1,1
0,1740,300,91912426590535,91912428637834,91912428797920,2207.385,160.086,1,1
0,1741,300,91912428637834,91912430684774,91912431235082,2597.248,550.308,1,1
0,1742,300,91912431095258,91912433152268,91912433318193,2222.935,165.925,1,1
0,1743,300,91912433552271,91912435599851,91912435755385,2203.114,155.534,1,1
0,1744,300,91912436016625,91912437649890,91912438201938,2185.313,552.048,1,1
0,1745,300,91912438059114,91912440107773,91912440305860,2246.746,198.087,1,1
0,1746,300,91912440516447,91912442564957,91912442722482,2206.035,157.525,1,1
0,1747,300,91912442972661,91912444611776,91912445177595,2204.934,565.819,1,1
0,1748,300,91912445020610,91912447069460,91912447274577,2253.967,205.117,1,1
0,1749,300,91912447479023,91912449542534,91912449702409,2223.386,159.875,1,1
0,1750,300,91912449945437,91912451578372,91912452151152,2205.715,572.780,1,1
0,1751,300,91912451985746,91912454033166,91912454232393,2246.647,199.227,1,1
0,1752,300,91912454444059,91912456490080,91912456652335,2208.276,162.255,1,1
0,1753,300,91912456899833,91912458964274,91912459126319,2226.486,162.045,1,1
0,1754,300,91912458964274,91912461019063,91912461531750,2567.476,512.687,1,1
0,1755,300,91912461405576,91912463453745,91912463628012,2222.436,174.267,1,1
0,1756,300,91912463867269,91912465911109,91912466086795,2219.526,175.686,1,1
0,1757,300,91912466321963,91912467958819,91912468510717,2188.754,551.898,1,1
0,1758,300,91912468369872,91912470416871,91912470604348,2234.476,187.477,1,1
0,1759,300,91912470825816,91912472875745,91912473053491,2227.675,177.746,1,1
0,1760,300,91912473284349,91912474935596,91912475489634,2205.285,554.038,1,1
0,1761,300,91912475332689,91912477379108,91912477548524,2215.835,169.416,1,1
0,1762,300,91912477789892,91912479838181,91912480030948,2241.056,192.767,1,1
0,1763,300,91912480247876,91912481892251,91912482452730,2204.854,560.479,1,1
0,1764,300,91912482294845,91912484350205,91912484522281,2227.436,172.076,1,1
0,1765,300,91912484753638,91912486801208,91912486973973,2220.335,172.765,1,1
0,1766,300,91912487210181,91912489258651,91912489422016,2211.835,163.365,1,1
0,1767,300,91912489258651,91912491307330,91912491848888,2590.237,541.558,1,1
0,1768,300,91912491716325,91912493765824,91912493940510,2224.185,174.686,1,1
0,1769,300,91912494174337,91912496222518,91912496379533,2205.196,157.015,1,1
0,1770,300,91912496630431,91912498270697,91912498816276,2185.845,545.579,1,1
0,1771,300,91912498684681,91912500726530,91912500892965,2208.284,166.435,1,1
0,1772,300,91912501159235,91912503184954,91912503344349,2185.114,159.395,1,1
0,1773,300,91912503594777,91912505245473,91912505783792,2189.015,538.319,1,1
0,1774,300,91912505645357,91912507691617,91912507859953,2214.596,168.336,1,1
0,1775,300,91912508099230,91912510149750,91912510321766,2222.536,172.016,1,1
0,1776,300,91912510557054,91912512212510,91912512754098,2197.044,541.588,1,1
0,1777,300,91912512606703,91912514654373,91912514835599,2228.896,181.226,1,1
0,1778,300,91912515064076,91912517111967,91912517300943,2236.867,188.976,1,1
0,1779,300,91912517525060,91912519568829,91912519740405,2215.345,171.576,1,1
0,1780,300,91912519568829,91912521616559,91912522175468,2606.639,558.909,1,1
0,1781,300,91912522027563,91912524092403,91912524279099,2251.536,186.696,1,1
0,1782,300,91912524483866,91912526549447,91912526714312,2230.446,164.865,1,1
0,1783,300,91912526940780,91912528579595,91912529148495,2207.715,568.900,1,1
0,1784,300,91912528991599,91912531048859,91912531237266,2245.667,188.407,1,1
0,1785,300,91912531446303,91912533501773,91912533668708,2222.405,166.935,1,1
0,1786,300,91912533924146,91912535556171,91912536151692,2227.546,595.521,1,1
0,1787,300,91912535972476,91912538024855,91912538211762,2239.286,186.907,1,1
0,1788,300,91912538412879,91912540459278,91912540628794,2215.915,169.516,1,1
0,1789,300,91912540868843,91912542522509,91912543085698,2216.855,563.189,1,1
0,1790,300,91912542915682,91912544964861,91912545167748,2252.066,202.887,1,1
0,1791,300,91912545392206,91912547422535,91912547605591,2213.385,183.056,1,1
0,1792,300,91912547831708,91912549878208,91912550050924,2219.216,172.716,1,1
0,1793,300,91912549878208,91912551945247,91912552470885,2592.677,525.638,1,1
0,1794,300,91912552336791,91912554402211,91912554588588,2251.797,186.377,1,1
0,1795,300,91912554795174,91912556841735,91912557023150,2227.976,181.415,1,1
0,1796,300,91912557253488,91912558891294,91912559457963,2204.475,566.669,1,1
0,1797,300,91912559312337,91912561364367,91912561541654,2229.317,177.287,1,1
0,1798,300,91912561758651,91912563805150,91912563972026,2213.375,166.876,1,1
0,1799,300,91912564216194,91912565854010,91912566410898,2194.704,556.888,1,1
0,1800,300,91912566262923,91912568311544,91912568491029,2228.106,179.485,1,1
0,1801,300,91912568726008,91912570786497,91912570955933,2229.925,169.436,1,1
0,1802,300,91912571179581,91912572817806,91912573392366,2212.785,574.560,1,1
0,1803,300,91912573227560,91912575292870,91912575475706,2248.146,182.836,1,1
0,1804,300,91912575684803,91912577732282,91912577903228,2218.425,170.946,1,1
0,1805,300,91912578150937,91912580188866,91912580352341,2201.404,163.475,1,1
0,1806,300,91912580188866,91912582253666,91912582773144,2584.278,519.478,1,1
0,1807,300,91912582647240,91912584696229,91912584870005,2222.765,173.776,1,1
0,1808,300,91912585104923,91912587153382,91912587309818,2204.895,156.436,1,1
0,1809,300,91912587562017,91912589218813,91912589766272,2204.255,547.459,1,1
0,1810,300,91912589626126,91912591657695,91912591831021,2204.895,173.326,1,1
0,1811,300,91912592067610,91912594115299,91912594294935,2227.325,179.636,1,1
0,1812,300,91912594525892,91912596163898,91912596739067,2213.175,575.169,1,1
0,1813,300,91912596591303,91912598634552,91912598807838,2216.535,173.286,1,1
0,1814,300,91912599030675,91912601079865,91912601262431,2231.756,182.566,1,1
0,1815,300,91912601492009,91912603157306,91912603700894,2208.885,543.588,1,1
0,1816,300,91912603555409,91912605584558,91912605755524,2200.115,170.966,1,1
0,1817,300,91912605999652,91912608063962,91912608254238,2254.586,190.276,1,1
0,1818,300,91912608460165,91912610500125,91912610661010,2200.845,160.885,1,1
0,1819,300,91912610500125,91912612548584,91912613115043,2614.918,566.459,1,1
0,1820,300,91912612957198,91912615027759,91912615213425,2256.227,185.666,1,1
0,1821,300,91912615415381,91912617471081,91912617638797,2223.416,167.716,1,1
0,1822,300,91912617871955,91912619522141,91912620078309,2206.354,556.168,1,1
0,1823,300,91912619920144,91912621969494,91912622164671,2244.527,195.177,1,1
0,1824,300,91912622394168,91912624426777,91912624584932,2190.764,158.155,1,1
0,1825,300,91912624850371,91912626475227,91912627041206,2190.835,565.979,1,1
0,1826,300,91912626884800,91912628931000,91912629109326,2224.526,178.326,1,1
0,1827,300,91912629343574,91912631388773,91912631548998,2205.424,160.225,1,1
0,1828,300,91912631810858,91912633437673,91912634010803,2199.945,573.130,1,1
0,1829,300,91912633846507,91912635894506,91912636074272,2227.765,179.766,1,1
0,1830,300,91912636304330,91912638353159,91912638516546,2212.216,163.387,1,1
0,1831,300,91912638763174,91912640809473,91912640961558,2198.384,152.085,1,1
0,1832,300,91912640809473,91912642857652,91912643394991,2585.518,537.339,1,1
0,1833,300,91912643267707,91912645332677,91912645497712,2230.005,165.035,1,1
0,1834,300,91912645740390,91912647774209,91912647929945,2189.555,155.736,1,1
0,1835,300,91912648183143,91912649822128,91912650365767,2182.624,543.639,1,1
0,1836,300,91912650231903,91912652279222,91912652447268,2215.365,168.046,1,1
0,1837,300,91912652690026,91912654736136,91912654904882,2214.856,168.746,1,1
0,1838,300,91912655162170,91912656784405,91912657353135,2190.965,568.730,1,1
0,1839,300,91912657195749,91912659243848,91912659413644,2217.895,169.796,1,1
0,1840,300,91912659651812,91912661702862,91912661862517,2210.705,159.655,1,1
0,1841,300,91912662117626,91912663747841,91912664310400,2192.774,562.559,1,1
0,1842,300,91912664158466,91912666205215,91912666388161,2229.695,182.946,1,1
0,1843,300,91912666624889,91912668663088,91912668836324,2211.435,173.236,1,1
0,1844,300,91912669073272,91912671121542,91912671295298,2222.026,173.756,1,1
0,1845,300,91912671121542,91912673168511,91912673722100,2600.558,553.589,1,1
0,1846,300,91912673583355,91912675627355,91912675809201,2225.846,181.846,1,1
0,1847,300,91912676035498,91912678084277,91912678260424,2224.926,176.147,1,1
0,1848,300,91912678493312,91912680162638,91912680682006,2188.694,519.368,1,1
0,1849,300,91912680541961,91912682591511,91912682767907,2225.946,176.396,1,1
0,1850,300,91912682998474,91912685066015,91912685241000,2242.526,174.985,1,1
0,1851,300,91912685457368,91912687109114,91912687662823,2205.455,553.709,1,1
0,1852,300,91912687523398,91912689553417,91912689722082,2198.684,168.665,1,1
0,1853,300,91912689961771,91912692034211,91912692218977,2257.206,184.766,1,1
0,1854,300,91912692430085,91912694059830,91912694639689,2209.604,579.859,1,1
0,1855,300,91912694485624,91912696515313,91912696696129,2210.505,180.816,1,1
0,1856,300,91912696942287,91912698973956,91912699165193,2222.906,191.237,1,1
0,1857,300,91912699382471,91912701443040,91912701615536,2233.065,172.496,1,1
0,1858,300,91912701443040,91912703495340,91912704036518,2593.478,541.178,1,1
0,1859,300,91912703888214,91912705936683,91912706122689,2234.475,186.006,1,1
0,1860,300,91912706345696,91912708393846,91912708559191,2213.495,165.345,1,1
0,1861,300,91912708803420,91912710460257,91912710993504,2190.084,533.247,1,1
0,1862,300,91912710853310,91912712900749,91912713087145,2233.835,186.396,1,1
0,1863,300,91912713310522,91912715358123,91912715525879,2215.357,167.756,1,1
0,1864,300,91912715783057,91912717406252,91912717963051,2179.994,556.799,1,1
0,1865,300,91912717815876,91912719864335,91912720052671,2236.795,188.336,1,1
0,1866,300,91912720272259,91912722321369,91912722492995,2220.736,171.626,1,1
0,1867,300,91912722731252,91912724368958,91912724942958,2211.706,574.000,1,1
0,1868,300,91912724778682,91912726825722,91912727025768,2247.086,200.046,1,1
0,1869,300,91912727238785,91912729284835,91912729457901,2219.116,173.066,1,1
0,1870,300,91912729693169,91912731749598,91912731910554,2217.385,160.956,1,1
0,1871,300,91912731749598,91912733804318,91912734344346,2594.748,540.028,1,1
0,1872,300,91912734200861,91912736258281,91912736433378,2232.517,175.097,1,1
0,1873,300,91912736657525,91912738704874,91912738879571,2222.046,174.697,1,1
0,1874,300,91912739125889,91912740751994,91912741303593,2177.704,551.599,1,1
0,1875,300,91912741161808,91912743224798,91912743402804,2240.996,178.006,1,1
0,1876,300,91912743619581,91912745668760,91912745835737,2216.156,166.977,1,1
0,1877,300,91912746088365,91912747715081,91912748284610,2196.245,569.529,1,1
0,1878,300,91912748132245,91912750174673,91912750354440,2222.195,179.767,1,1
0,1879,300,91912750583528,91912752632217,91912752801893,2218.365,169.676,1,1
0,1880,300,91912753050901,91912754683017,91912755272997,2222.096,589.980,1,1
0,1881,300,91912755107131,91912757138210,91912757326767,2219.636,188.557,1,1
0,1882,300,91912757545784,91912759595643,91912759768239,2222.455,172.596,1,1
0,1883,300,91912760013777,91912762058636,91912762221383,2207.606,162.747,1,1
0,1884,300,91912762058636,91912764100226,91912764644295,2585.659,544.069,1,1
0,1885,300,91912764510810,91912766559189,91912766744356,2233.546,185.167,1,1
0,1886,300,91912766968024,91912769015233,91912769177888,2209.864,162.655,1,1
0,1887,300,91912769428167,91912771064642,91912771628201,2200.034,563.559,1,1
0,1888,300,91912771487347,91912773525326,91912773722572,2235.225,197.246,1,1
0,1889,300,91912773932300,91912775996510,91912776186617,2254.317,190.107,1,1
0,1890,300,91912776387903,91912778027689,91912778575977,2188.074,548.288,1,1
0,1891,300,91912778436022,91912780484082,91912780661968,2225.946,177.886,1,1
0,1892,300,91912780903366,91912782940646,91912783120231,2216.865,179.585,1,1
0,1893,300,91912783357020,91912784990775,91912785545313,2188.293,554.538,1,1
0,1894,300,91912785398828,91912787448309,91912787637894,2239.066,189.585,1,1
0,1895,300,91912787856652,91912789905502,91912790094738,2238.086,189.236,1,1
0,1896,300,91912790331726,91912792362375,91912792535930,2204.204,173.555,1,1
0,1897,300,91912792362375,91912794410405,91912794978904,2616.529,568.499,1,1
0,1898,300,91912794837080,91912796869398,91912797053485,2216.405,184.087,1,1
0,1899,300,91912797277152,91912799340591,91912799506467,2229.315,165.876,1,1
0,1900,300,91912799736265,91912801373341,91912801928290,2192.025,554.949,1,1
0,1901,300,91912801787814,91912803841734,91912804027440,2239.626,185.706,1,1
0,1902,300,91912804242728,91912806289787,91912806465954,2223.226,176.167,1,1
0,1903,300,91912806698172,91912808346687,91912808909336,2211.164,562.649,1,1
0,1904,300,91912808761901,91912810800241,91912810994318,2232.417,194.077,1,1
0,1905,300,91912811218675,91912813251234,91912813424200,2205.525,172.966,1,1
0,1906,300,91912813661918,91912815299833,91912815873143,2211.225,573.310,1,1
0,1907,300,91912815709187,91912817758866,91912817939663,2230.476,180.797,1,1
0,1908,300,91912818167521,91912820214860,91912820381886,2214.365,167.026,1,1
0,1909,300,91912820624024,91912822678423,91912822831119,2207.095,152.696,1,1
0,1910,300,91912822678423,91912824726674,91912825281222,2602.799,554.548,1,1
0,1911,300,91912825131137,91912827178356,91912827343902,2212.765,165.546,1,1
0,1912,300,91912827588220,91912829635010,91912829790305,2202.085,155.295,1,1
0,1913,300,91912830044694,91912831685039,91912832238968,2194.274,553.929,1,1
0,1914,300,91912832093924,91912834171553,91912834339719,2245.795,168.166,1,1
0,1915,300,91912834551316,91912836598896,91912836765691,2214.375,166.795,1,1
0,1916,300,91912837015960,91912838648095,91912839225065,2209.105,576.970,1,1
0,1917,300,91912839065510,91912841104029,91912841296395,2230.885,192.366,1,1
0,1918,300,91912841520783,91912843562402,91912843731378,2210.595,168.976,1,1
0,1919,300,91912843977936,91912845611122,91912846186451,2208.515,575.329,1,1
0,1920,300,91912846020685,91912848067505,91912848259481,2238.796,191.976,1,1
0,1921,300,91912848478609,91912850528869,91912850700465,2221.856,171.596,1,1
0,1922,300,91912850935412,91912852983182,91912853164518,2229.106,181.336,1,1
0,1923,300,91912852983182,91912855031472,91912855568759,2585.577,537.287,1,1
0,1924,300,91912855441945,91912857489224,91912857664771,2222.826,175.547,1,1
0,1925,300,91912857897569,91912859946018,91912860111274,2213.705,165.256,1,1
0,1926,300,91912860361502,91912862027409,91912862537796,2176.294,510.387,1,1
0,1927,300,91912862404252,91912864453201,91912864631317,2227.065,178.116,1,1
0,1928,300,91912864862155,91912866910214,91912867077320,2215.165,167.106,1,1
0,1929,300,91912867320449,91912868975015,91912869507762,2187.313,532.747,1,1
0,1930,300,91912869367928,91912871416097,91912871595923,2227.995,179.826,1,1
0,1931,300,91912871825891,91912873872121,91912874041627,2215.736,169.506,1,1
0,1932,300,91912874283595,91912875921670,91912876478669,2195.074,556.999,1,1
0,1933,300,91912876331614,91912878379463,91912878551569,2219.955,172.106,1,1
0,1934,300,91912878788738,91912880835417,91912881017333,2228.595,181.916,1,1
0,1935,300,91912881257751,91912883295091,91912883448915,2191.164,153.824,1,1
0,1936,300,91912883295091,91912885341390,91912885886118,2591.027,544.728,1,1
0,1937,300,91912885751743,91912887799953,91912887979510,2227.767,179.557,1,1
0,1938,300,91912888208237,91912890256077,91912890422112,2213.875,166.035,1,1
0,1939,300,91912890667420,91912892304306,91912892863855,2196.435,559.549,1,1
0,1940,300,91912892714959,91912894771339,91912894947306,2232.347,175.967,1,1
0,1941,300,91912895181214,91912897219642,91912897399649,2218.435,180.007,1,1
0,1942,300,91912897629337,91912899269462,91912899817901,2188.564,548.439,1,1
0,1943,300,91912899678886,91912901725616,91912901903951,2225.065,178.335,1,1
0,1944,300,91912902164340,91912904184910,91912904355174,2190.834,170.264,1,1
0,1945,300,91912904593133,91912906230679,91912906805908,2212.775,575.229,1,1
0,1946,300,91912906651643,91912908688101,91912908868938,2217.295,180.837,1,1
0,1947,300,91912909117057,91912911161296,91912911334202,2217.145,172.906,1,1
0,1948,300,91912911555519,91912913605278,91912913766594,2211.075,161.316,1,1
0,1949,300,91912913605278,91912915652859,91912916220818,2615.540,567.959,1,1
0,1950,300,91912916067572,91912918111131,91912918296808,2229.236,185.677,1,1
0,1951,300,91912918520476,91912920583505,91912920748001,2227.525,164.496,1,1
0,1952,300,91912920977829,91912922614544,91912923201754,2223.925,587.210,1,1
0,1953,300,91912923037249,91912925088518,91912925277755,2240.506,189.237,1,1
0,1954,300,91912925484152,91912927529871,91912927697067,2212.915,167.196,1,1
0,1955,300,91912927941005,91912929579270,91912930157391,2216.386,578.121,1,1
0,1956,300,91912929988995,91912932035934,91912932223830,2234.835,187.896,1,1
0,1957,300,91912932447428,91912934495077,91912934665243,2217.815,170.166,1,1
0,1958,300,91912934903091,91912936557087,91912937117416,2214.325,560.329,1,1
0,1959,300,91912936951091,91912939000400,91912939201107,2250.016,200.707,1,1
0,1960,300,91912939408174,91912941470654,91912941642970,2234.796,172.316,1,1
0,1961,300,91912941868087,91912943913998,91912944085793,2217.706,171.795,1,1
0,1962,300,91912943913998,91912945963017,91912946506955,2592.957,543.938,1,1
0,1963,300,91912946371430,91912948420210,91912948606186,2234.756,185.976,1,1
0,1964,300,91912948828734,91912950878914,91912951053399,2224.665,174.485,1,1
0,1965,300,91912951295468,91912952924893,91912953483281,2187.813,558.388,1,1
0,1966,300,91912953341567,91912955400347,91912955577703,2236.136,177.356,1,1
0,1967,300,91912955793930,91912957841889,91912958020156,2226.226,178.267,1,1
0,1968,300,91912958249784,91912959890729,91912960447228,2197.444,556.499,1,1
0,1969,300,91912960298133,91912962346543,91912962538029,2239.896,191.486,1,1
0,1970,300,91912962755066,91912964805315,91912964974081,2219.015,168.766,1,1
0,1971,300,91912965214920,91912966856645,91912967428345,2213.425,571.700,1,1
0,1972,300,91912967261989,91912969309688,91912969492095,2230.106,182.407,1,1
0,1973,300,91912969724482,91912971767122,91912971938708,2214.226,171.586,1,1
0,1974,300,91912972180606,91912974230916,91912974405102,2224.496,174.186,1,1
0,1975,300,91912974230916,91912976272525,91912976823213,2592.297,550.688,1,1
0,1976,300,91912976681569,91912978731698,91912978905544,2223.975,173.846,1,1
0,1977,300,91912979146862,91912981188742,91912981354658,2207.796,165.916,1,1
0,1978,300,91912981616356,91912983246651,91912983786800,2170.444,540.149,1,1
0,1979,300,91912983646225,91912985693315,91912985880111,2233.886,186.796,1,1
0,1980,300,91912986103699,91912988152808,91912988321094,2217.395,168.286,1,1
0,1981,300,91912988561981,91912990203448,91912990766787,2204.806,563.339,1,1
0,1982,300,91912990609962,91912992657141,91912992835797,2225.835,178.656,1,1
0,1983,300,91912993076555,91912995113514,91912995290230,2213.675,176.716,1,1
0,1984,300,91912995523878,91912997165983,91912997736173,2212.295,570.190,1,1
0,1985,300,91912997571097,91912999621237,91912999801974,2230.877,180.737,1,1
0,1986,300,91913000028791,91913002095141,91913002279937,2251.146,184.796,1,1
0,1987,300,91913002486964,91913004549675,91913004711490,2224.526,161.815,1,1
0,1988,300,91913004549675,91913006583444,91913007138782,2589.107,555.338,1,1
0,1989,300,91913006993457,91913009041747,91913009227263,2233.806,185.516,1,1
0,1990,300,91913009468662,91913011498190,91913011674156,2205.494,175.966,1,1
0,1991,300,91913011909244,91913013545430,91913014121059,2211.815,575.629,1,1
0,1992,300,91913013959643,91913016020324,91913016208980,2249.337,188.656,1,1
0,1993,300,91913016413257,91913018470307,91913018637763,2224.506,167.456,1,1
0,1994,300,91913018871810,91913020520276,91913021077905,2206.095,557.629,1,1
0,1995,300,91913020918560,91913022967959,91913023168396,2249.836,200.437,1,1
0,1996,300,91913023377703,91913025424982,91913025594718,2217.015,169.736,1,1
0,1997,300,91913025833987,91913027487423,91913028047571,2213.584,560.148,1,1
0,1998,300,91913027882836,91913029931465,91913030123252,2240.416,191.787,1,1
0,1999,300,91913030339910,91913032396819,91913032569565,2229.655,172.746,1,1
0,2000,300,91913032798283,91913034846982,91913035019718,2221.435,172.736,1,1
0,2001,300,91913034846982,91913036893042,91913037454791,2607.809,561.749,1,1
0,2002,300,91913037319386,91913039350395,91913039525611,2206.225,175.216,1,1
0,2003,300,91913039761379,91913041809669,91913041977785,2216.406,168.116,1,1
0,2004,300,91913042237713,91913043863259,91913044419257,2181.544,555.998,1,1
0,2005,300,91913044268172,91913046314201,91913046503567,2235.395,189.366,1,1
0,2006,300,91913046724235,91913048773465,91913048951950,2227.715,178.485,1,1
0,2007,300,91913049182548,91913050820214,91913051379073,2196.525,558.859,1,1
0,2008,300,91913051229629,91913053281438,91913053461984,2232.355,180.546,1,1
0,2009,300,91913053688461,91913055734431,91913055903696,2215.235,169.265,1,1
0,2010,300,91913056153585,91913057786680,91913058349299,2195.714,562.619,1,1
0,2011,300,91913058193284,91913060243944,91913060426330,2233.046,182.386,1,1
0,2012,300,91913060651807,91913062699678,91913062882434,2230.627,182.756,1,1
0,2013,300,91913063107301,91913065159731,91913065323676,2216.375,163.945,1,1
0,2014,300,91913065159731,91913067203650,91913067748468,2588.737,544.818,1,1
0,2015,300,91913067614104,91913069661443,91913069835200,2221.096,173.757,1,1
0,2016,300,91913070071837,91913072120607,91913072296053,2224.216,175.446,1,1
0,2017,300,91913072542671,91913074177956,91913074718215,2175.544,540.259,1,1
0,2018,300,91913074577340,91913076624109,91913076800426,2223.086,176.317,1,1
0,2019,300,91913077033814,91913079083653,91913079273110,2239.296,189.457,1,1
0,2020,300,91913079492357,91913081151883,91913081687851,2195.494,535.968,1,1
0,2021,300,91913081540077,91913083587896,91913083766452,2226.375,178.556,1,1
0,2022,300,91913083997320,91913086046849,91913086226736,2229.416,179.887,1,1
0,2023,300,91913086458264,91913088094238,91913088664108,2205.844,569.870,1,1
0,2024,300,91913088508883,91913090557643,91913090739029,2230.146,181.386,1,1
0,2025,300,91913090960726,91913093015296,91913093209242,2248.516,193.946,1,1
0,2026,300,91913093418419,91913095466589,91913095639945,2221.526,173.356,1,1
0,2027,300,91913095466589,91913097515378,91913098097799,2631.210,582.421,1,1
0,2028,300,91913097944043,91913099970942,91913100155418,2211.375,184.476,1,1
0,2029,300,91913100400247,91913102429496,91913102585290,2185.043,155.794,1,1
0,2030,300,91913102838189,91913104477745,91913105031373,2193.184,553.628,1,1
0,2031,300,91913104887409,91913106942938,91913107125284,2237.875,182.346,1,1
0,2032,300,91913107344382,91913109393762,91913109563087,2218.705,169.325,1,1
0,2033,300,91913109802735,91913111441011,91913111991930,2189.195,550.919,1,1
0,2034,300,91913111850694,91913113898435,91913114089561,2238.867,191.126,1,1
0,2035,300,91913114322368,91913116373278,91913116534794,2212.426,161.516,1,1
0,2036,300,91913116781792,91913118403097,91913118981737,2199.945,578.640,1,1
0,2037,300,91913118826541,91913120861811,91913121043866,2217.325,182.055,1,1
0,2038,300,91913121274094,91913123319204,91913123482680,2208.586,163.476,1,1
0,2039,300,91913123729228,91913125777427,91913125930543,2201.315,153.116,1,1
0,2040,300,91913125777427,91913127824457,91913128379286,2601.859,554.829,1,1
0,2041,300,91913128243401,91913130296720,91913130462296,2218.895,165.576,1,1
0,2042,300,91913130708325,91913132740204,91913132895979,2187.654,155.775,1,1
0,2043,300,91913133162248,91913134787853,91913135331012,2168.764,543.159,1,1
0,2044,300,91913135196627,91913137252837,91913137420963,2224.336,168.126,1,1
0,2045,300,91913137667661,91913139703420,91913139861255,2193.594,157.835,1,1
0,2046,300,91913140112664,91913141769100,91913142303258,2190.594,534.158,1,1
0,2047,300,91913142161953,91913144208233,91913144378179,2216.226,169.946,1,1
0,2048,300,91913144619517,91913146665936,91913146826132,2206.615,160.196,1,1
0,2049,300,91913147083950,91913148715135,91913149276764,2192.814,561.629,1,1
0,2050,300,91913149123250,91913151172409,91913151344705,2221.455,172.296,1,1
0,2051,300,91913151581723,91913153629723,91913153801428,2219.705,171.705,1,1
0,2052,300,91913154044757,91913156087346,91913156256302,2211.545,168.956,1,1
0,2053,300,91913156087346,91913158135655,91913158707275,2619.929,571.620,1,1
0,2054,300,91913158564760,91913160610359,91913160777895,2213.135,167.536,1,1
0,2055,300,91913161032614,91913163050022,91913163213798,2181.184,163.776,1,1
0,2056,300,91913163460996,91913165117962,91913165649810,2188.814,531.848,1,1
0,2057,300,91913165507385,91913167569216,91913167756732,2249.347,187.516,1,1
0,2058,300,91913167966589,91913170015469,91913170193094,2226.505,177.625,1,1
0,2059,300,91913170440802,91913172062298,91913172618766,2177.964,556.468,1,1
0,2060,300,91913172470261,91913174519282,91913174698217,2227.956,178.935,1,1
0,2061,300,91913174928365,91913176989695,91913177186162,2257.797,196.467,1,1
0,2062,300,91913177397799,91913179045364,91913179590273,2192.474,544.909,1,1
0,2063,300,91913179434418,91913181482217,91913181663783,2229.365,181.566,1,1
0,2064,300,91913181891141,91913183952171,91913184136217,2245.076,184.046,1,1
0,2065,300,91913184349605,91913186417925,91913186580750,2231.145,162.825,1,1
0,2066,300,91913186417925,91913188447174,91913188991772,2573.847,544.598,1,1
0,2067,300,91913188855518,91913190913927,91913191099433,2243.915,185.506,1,1
0,2068,300,91913191313381,91913193362090,91913193530286,2216.905,168.196,1,1
0,2069,300,91913193770394,91913195426061,91913195958398,2188.004,532.337,1,1
0,2070,300,91913195817584,91913197866593,91913198054630,2237.046,188.037,1,1
0,2071,300,91913198276688,91913200323207,91913200508733,2232.045,185.526,1,1
0,2072,300,91913200736981,91913202373186,91913202929075,2192.094,555.889,1,1
0,2073,300,91913202781110,91913204831479,91913205021896,2240.786,190.417,1,1
0,2074,300,91913205244744,91913207286883,91913207457579,2212.835,170.696,1,1
0,2075,300,91913207701057,91913209336662,91913209900251,2199.194,563.589,1,1
0,2076,300,91913209745327,91913211792046,91913211973072,2227.745,181.026,1,1
0,2077,300,91913212201819,91913214257979,91913214438235,2236.416,180.256,1,1
0,2078,300,91913214660323,91913216708883,91913216870788,2210.465,161.905,1,1
0,2079,300,91913216708883,91913218764943,91913219309111,2600.228,544.168,1,1
0,2080,300,91913219165596,91913221214936,91913221380421,2214.825,165.485,1,1
0,2081,300,91913221623509,91913223670618,91913223835295,2211.786,164.677,1,1
0,2082,300,91913224088683,91913225718519,91913226283058,2194.375,564.539,1,1
0,2083,300,91913226128952,91913228176682,91913228354418,2225.466,177.736,1,1
0,2084,300,91913228586566,91913230633865,91913230801241,2214.675,167.376,1,1
0,2085,300,91913231044029,91913232701975,91913233251494,2207.465,549.519,1,1
0,2086,300,91913233092028,91913235149478,91913235329324,2237.296,179.846,1,1
0,2087,300,91913235568493,91913237597631,91913237766817,2198.324,169.186,1,1
0,2088,300,91913238034716,91913239646591,91913240247701,2212.985,601.110,1,1
0,2089,300,91913240071535,91913242121785,91913242313122,2241.587,191.337,1,1
0,2090,300,91913242515598,91913244561097,91913244744334,2228.736,183.237,1,1
0,2091,300,91913244969832,91913247018321,91913247201477,2231.645,183.156,1,1
0,2092,300,91913247018321,91913249068011,91913249604448,2586.127,536.437,1,1
0,2093,300,91913249477065,91913251542145,91913251711340,2234.275,169.195,1,1
0,2094,300,91913251933338,91913253984457,91913254170733,2237.395,186.276,1,1
0,2095,300,91913254391581,91913256035277,91913256577805,2186.224,542.528,1,1
0,2096,300,91913256443831,91913258486530,91913258664006,2220.175,177.476,1,1
0,2097,300,91913258896514,91913260951913,91913261129730,2233.216,177.817,1,1
0,2098,300,91913261354437,91913262991893,91913263543552,2189.115,551.659,1,1
0,2099,300,91913263402607,91913265450606,91913265629973,2227.366,179.367,1,1
0,2100,300,91913265860040,91913267915190,91913268086045,2226.005,170.855,1,1
0,2101,300,91913268317033,91913269959939,91913270525359,2208.326,565.420,1,1
0,2102,300,91913270366354,91913272413113,91913272594749,2228.395,181.636,1,1
0,2103,300,91913272822396,91913274874686,91913275047012,2224.616,172.326,1,1
0,2104,300,91913275280700,91913277330270,91913277486654,2205.954,156.384,1,1
0,2105,300,91913277330270,91913279376319,91913279920267,2589.997,543.948,1,1
0,2106,300,91913279785743,91913281834423,91913282021669,2235.926,187.246,1,1
0,2107,300,91913282249587,91913284292525,91913284449391,2199.804,156.866,1,1
0,2108,300,91913284714020,91913286349325,91913286907534,2193.514,558.209,1,1
0,2109,300,91913286766079,91913288797859,91913288980974,2214.895,183.115,1,1
0,2110,300,91913289206712,91913291255742,91913291424558,2217.846,168.816,1,1
0,2111,300,91913291665826,91913293316242,91913293860820,2194.994,544.578,1,1
0,2112,300,91913293712565,91913295761644,91913295940221,2227.656,178.577,1,1
0,2113,300,91913296172069,91913298225009,91913298396254,2224.185,171.245,1,1
0,2114,300,91913298627372,91913300267768,91913300845297,2217.925,577.529,1,1
0,2115,300,91913300679861,91913302725341,91913302916388,2236.527,191.047,1,1
0,2116,300,91913303134645,91913305183054,91913305367310,2232.665,184.256,1,1
0,2117,300,91913305596418,91913307638688,91913307800663,2204.245,161.975,1,1
0,2118,300,91913307638688,91913309698767,91913310259437,2620.749,560.670,1,1
0,2119,300,91913310114312,91913312147850,91913312323667,2209.355,175.817,1,1
0,2120,300,91913312573465,91913314603174,91913314779060,2205.595,175.886,1,1
0,2121,300,91913315017368,91913316650853,91913317224933,2207.565,574.080,1,1
0,2122,300,91913317075598,91913319109297,91913319305464,2229.866,196.167,1,1
0,2123,300,91913319517030,91913321580101,91913321747127,2230.097,167.026,1,1
0,2124,300,91913321974664,91913323614760,91913324200170,2225.506,585.410,1,1
0,2125,300,91913324043384,91913326092144,91913326278350,2234.966,186.206,1,1
0,2126,300,91913326480467,91913328528407,91913328702983,2222.516,174.576,1,1
0,2127,300,91913328940040,91913330577176,91913331170586,2230.546,593.410,1,1
0,2128,300,91913330987270,91913333033710,91913333223386,2236.116,189.676,1,1
0,2129,300,91913333444633,91913335491803,91913335663879,2219.246,172.076,1,1
0,2130,300,91913335902927,91913337949426,91913338123533,2220.606,174.107,1,1
0,2131,300,91913337949426,91913339998846,91913340551715,2602.289,552.869,1,1
0,2132,300,91913340408129,91913342454489,91913342628815,2220.686,174.326,1,1
0,2133,300,91913342864253,91913344922143,91913345097308,2233.055,175.165,1,1
0,2134,300,91913345322997,91913346966492,91913347522821,2199.824,556.329,1,1
0,2135,300,91913347371986,91913349419295,91913349596141,2224.155,176.846,1,1
0,2136,300,91913349828769,91913351876768,91913352057165,2228.396,180.397,1,1
0,2137,300,91913352285953,91913353924589,91913354504728,2218.775,580.139,1,1
0,2138,300,91913354350682,91913356394742,91913356577848,2227.166,183.106,1,1
0,2139,300,91913356791386,91913358838875,91913359019261,2227.875,180.386,1,1
0,2140,300,91913359249919,91913360889695,91913361454134,2204.215,564.439,1,1
0,2141,300,91913361296298,91913363344638,91913363517033,2220.735,172.395,1,1
0,2142,300,91913363753452,91913365809162,91913365971267,2217.815,162.105,1,1
0,2143,300,91913366212345,91913368262885,91913368428531,2216.186,165.646,1,1
0,2144,300,91913368262885,91913370320564,91913370853623,2590.738,533.059,1,1
0,2145,300,91913370722018,91913372765368,91913372930083,2208.065,164.715,1,1
0,2146,300,91913373176431,91913375225171,91913375382347,2205.916,157.176,1,1
0,2147,300,91913375633345,91913377273570,91913377815008,2181.663,541.438,1,1
0,2148,300,91913377681245,91913379729644,91913379906059,2224.814,176.415,1,1
0,2149,300,91913380139137,91913382188747,91913382360293,2221.156,171.546,1,1
0,2150,300,91913382601762,91913384235127,91913384801586,2199.824,566.459,1,1
0,2151,300,91913384645531,91913386692560,91913386882686,2237.155,190.126,1,1
0,2152,300,91913387103514,91913389152234,91913389334300,2230.786,182.066,1,1
0,2153,300,91913389571838,91913391198913,91913391770653,2198.815,571.740,1,1
0,2154,300,91913391615227,91913393671137,91913393851803,2236.576,180.666,1,1
0,2155,300,91913394075580,91913396122400,91913396313307,2237.727,190.907,1,1
0,2156,300,91913396522834,91913398570373,91913398732709,2209.875,162.336,1,1
0,2157,300,91913398570373,91913400619483,91913401183002,2612.629,563.519,1,1
0,2158,300,91913401028176,91913403075535,91913403272692,2244.516,197.157,1,1
0,2159,300,91913403486370,91913405543940,91913405708475,2222.105,164.535,1,1
0,2160,300,91913405942464,91913407583829,91913408166258,2223.794,582.429,1,1
0,2161,300,91913408013754,91913410038422,91913410224848,2211.094,186.426,1,1
0,2162,300,91913410466256,91913412497975,91913412665201,2198.945,167.226,1,1
0,2163,300,91913412918990,91913414543995,91913415148586,2229.596,604.591,1,1
0,2164,300,91913414969199,91913417012099,91913417201755,2232.556,189.656,1,1
0,2165,300,91913417420672,91913419460552,91913419630098,2209.426,169.546,1,1
0,2166,300,91913419875196,91913421509121,91913422083150,2207.954,574.029,1,1
0,2167,300,91913421917055,91913423965165,91913424166242,2249.187,201.077,1,1
0,2168,300,91913424380549,91913426422138,91913426584963,2204.414,162.825,1,1
0,2169,300,91913426831992,91913428879912,91913429052977,2220.985,173.065,1,1
0,2170,300,91913428879912,91913430929341,91913431476290,2596.378,546.949,1,1
0,2171,300,91913431338695,91913433385814,91913433551040,2212.345,165.226,1,1
0,2172,300,91913433797768,91913435855268,91913436031514,2233.746,176.246,1,1
0,2173,300,91913436253261,91913437910527,91913438444606,2191.345,534.079,1,1
0,2174,300,91913438301391,91913440350351,91913440527966,2226.575,177.615,1,1
0,2175,300,91913440772835,91913442820855,91913442999460,2226.625,178.605,1,1
0,2176,300,91913443237289,91913444855094,91913445421922,2184.633,566.828,1,1
0,2177,300,91913445271438,91913447330247,91913447513354,2241.916,183.107,1,1
0,2178,300,91913447721871,91913449770020,91913449939346,2217.475,169.326,1,1
0,2179,300,91913450199094,91913451818340,91913452394089,2194.995,575.749,1,1
0,2180,300,91913452237274,91913454283613,91913454477380,2240.106,193.767,1,1
0,2181,300,91913454687057,91913456734046,91913456905992,2218.935,171.946,1,1
0,2182,300,91913457154231,91913459190910,91913459354986,2200.755,164.076,1,1
0,2183,300,91913459190910,91913461240150,91913461788278,2597.368,548.128,1,1
0,2184,300,91913461648633,91913463712884,91913463898380,2249.747,185.496,1,1
0,2185,300,91913464111407,91913466155636,91913466321632,2210.225,165.996,1,1
0,2186,300,91913466578651,91913468201745,91913468745244,2166.593,543.499,1,1
0,2187,300,91913468611500,91913470660469,91913470827005,2215.505,166.536,1,1
0,2188,300,91913471069893,91913473133853,91913473313559,2243.666,179.706,1,1
0,2189,300,91913473527796,91913475164971,91913475724341,2196.545,559.370,1,1
0,2190,300,91913475575736,91913477634865,91913477803261,2227.525,168.396,1,1
0,2191,300,91913478033599,91913480082779,91913480253604,2220.005,170.825,1,1
0,2192,300,91913480493383,91913482129238,91913482696758,2203.375,567.520,1,1
0,2193,300,91913482539802,91913484587561,91913484758387,2218.585,170.826,1,1
0,2194,300,91913484995265,91913487044675,91913487217091,2221.826,172.416,1,1
0,2195,300,91913487454228,91913489509148,91913489662664,2208.436,153.516,1,1
0,2196,300,91913489509148,91913491548888,91913492095737,2586.589,546.849,1,1
0,2197,300,91913491958661,91913494013571,91913494186787,2228.126,173.216,1,1
0,2198,300,91913494416555,91913496464554,91913496621559,2205.004,157.005,1,1
0,2199,300,91913496874368,91913498511964,91913499073603,2199.235,561.639,1,1
0,2200,300,91913498921898,91913500971108,91913501155404,2233.506,184.296,1,1
0,2201,300,91913501379091,91913503427310,91913503596506,2217.415,169.196,1,1
0,2202,300,91913503837105,91913505474950,91913506038980,2201.875,564.030,1,1
0,2203,300,91913505886644,91913507933314,91913508118040,2231.396,184.726,1,1
0,2204,300,91913508362159,91913510391277,91913510552112,2189.953,160.835,1,1
0,2205,300,91913510800631,91913512440297,91913513014986,2214.355,574.689,1,1
0,2206,300,91913512848820,91913514897980,91913515089536,2240.716,191.556,1,1
0,2207,300,91913515324834,91913517355403,91913517518509,2193.675,163.106,1,1
0,2208,300,91913517763087,91913519817396,91913519986272,2223.185,168.876,1,1
0,2209,300,91913519817396,91913521860856,91913522423225,2605.829,562.369,1,1
0,2210,300,91913522287190,91913524317019,91913524500846,2213.656,183.827,1,1
0,2211,300,91913524728694,91913526775153,91913526939788,2211.094,164.635,1,1
0,2212,300,91913527197587,91913528822522,91913529385201,2187.614,562.679,1,1
0,2213,300,91913529241946,91913531281106,91913531458792,2216.846,177.686,1,1
0,2214,300,91913531689539,91913533738539,91913533905485,2215.946,166.946,1,1
0,2215,300,91913534167904,91913535786808,91913536347198,2179.294,560.390,1,1
0,2216,300,91913536197043,91913538244612,91913538435929,2238.886,191.317,1,1
0,2217,300,91913538667547,91913540702286,91913540871901,2204.354,169.615,1,1
0,2218,300,91913541110699,91913542749425,91913543330995,2220.296,581.570,1,1
0,2219,300,91913543180269,91913545208918,91913545391514,2211.245,182.596,1,1
0,2220,300,91913545616222,91913547667492,91913547839218,2222.996,171.726,1,1
0,2221,300,91913548076075,91913550123755,91913550297591,2221.516,173.836,1,1
0,2222,300,91913550123755,91913552170805,91913552718533,2594.778,547.728,1,1
0,2223,300,91913552579238,91913554627928,91913554801824,2222.586,173.896,1,1
0,2224,300,91913555036932,91913557085231,91913557262797,2225.865,177.566,1,1
0,2225,300,91913557501015,91913559133831,91913559689179,2188.164,555.348,1,1
0,2226,300,91913559546934,91913561591975,91913561769330,2222.396,177.355,1,1
0,2227,300,91913562025839,91913564050227,91913564226394,2200.555,176.167,1,1
0,2228,300,91913564459092,91913566096847,91913566656946,2197.854,560.099,1,1
0,2229,300,91913566507361,91913568560881,91913568739827,2232.466,178.946,1,1
0,2230,300,91913568963124,91913571013473,91913571195490,2232.366,182.017,1,1
0,2231,300,91913571422838,91913573059804,91913573636903,2214.065,577.099,1,1
0,2232,300,91913573480938,91913575530537,91913575711813,2230.875,181.276,1,1
0,2233,300,91913575927621,91913577976360,91913578169507,2241.886,193.147,1,1
0,2234,300,91913578385404,91913580433393,91913580600209,2214.805,166.816,1,1
0,2235,300,91913580433393,91913582481723,91913583041082,2607.689,559.359,1,1
0,2236,300,91913582895707,91913584938926,91913585123282,2227.575,184.356,1,1
0,2237,300,91913585349481,91913587399850,91913587556395,2206.914,156.545,1,1
0,2238,300,91913587805673,91913589451300,91913590012249,2206.576,560.949,1,1
0,2239,300,91913589860763,91913591901842,91913592086219,2225.456,184.377,1,1
0,2240,300,91913592311496,91913594360166,91913594519001,2207.505,158.835,1,1
0,2241,300,91913594768330,91913596407055,91913596980085,2211.755,573.030,1,1
0,2242,300,91913596834320,91913598864159,91913599046095,2211.775,181.936,1,1
0,2243,300,91913599274962,91913601335463,91913601507689,2232.727,172.226,1,1
0,2244,300,91913601731636,91913603370342,91913603927170,2195.534,556.828,1,1
0,2245,300,91913603779715,91913605829315,91913606000881,2221.166,171.566,1,1
0,2246,300,91913606237409,91913608294818,91913608458335,2220.926,163.517,1,1
0,2247,300,91913608706213,91913610742431,91913610907578,2201.365,165.147,1,1
0,2248,300,91913610742431,91913612791562,91913613330790,2588.359,539.228,1,1
0,2249,300,91913613202035,91913615257545,91913615423011,2220.976,165.466,1,1
0,2250,300,91913615673039,91913617706868,91913617862383,2189.344,155.515,1,1
0,2251,300,91913618116152,91913619768918,91913620301556,2185.404,532.638,1,1
0,2252,300,91913620165111,91913622212760,91913622380626,2215.515,167.866,1,1
0,2253,300,91913622622675,91913624670164,91913624828259,2205.584,158.095,1,1
0,2254,300,91913625078429,91913626716783,91913627274973,2196.544,558.190,1,1
0,2255,300,91913627127358,91913629176397,91913629346673,2219.315,170.276,1,1
0,2256,300,91913629587571,91913631631930,91913631801786,2214.215,169.856,1,1
0,2257,300,91913632041915,91913633681080,91913634269410,2227.495,588.330,1,1
0,2258,300,91913634091914,91913636158894,91913636353341,2261.427,194.447,1,1
0,2259,300,91913636560788,91913638597207,91913638768812,2208.024,171.605,1,1
0,2260,300,91913639021821,91913641055130,91913641241346,2219.525,186.216,1,1
0,2261,300,91913641055130,91913643102169,91913643654088,2598.958,551.919,1,1
0,2262,300,91913643510494,91913645563283,91913645748599,2238.105,185.316,1,1
0,2263,300,91913645968437,91913648017427,91913648180642,2212.205,163.215,1,1
0,2264,300,91913648429971,91913650064766,91913650613765,2183.794,548.999,1,1
0,2265,300,91913650478880,91913652521769,91913652699315,2220.435,177.546,1,1
0,2266,300,91913652932543,91913654979823,91913655156219,2223.676,176.396,1,1
0,2267,300,91913655389986,91913657028292,91913657592011,2202.025,563.719,1,1
0,2268,300,91913657441686,91913659485106,91913659656922,2215.236,171.816,1,1
0,2269,300,91913659895799,91913661944389,91913662114375,2218.576,169.986,1,1
0,2270,300,91913662352043,91913663992468,91913664548097,2196.054,555.629,1,1
0,2271,300,91913664399982,91913666449442,91913666620488,2220.506,171.046,1,1
0,2272,300,91913666858426,91913668913975,91913669111392,2252.966,197.417,1,1
0,2273,300,91913669332109,91913671384209,91913671547335,2215.226,163.126,1,1
0,2274,300,91913671384209,91913673413248,91913673957996,2573.787,544.748,1,1
0,2275,300,91913673822932,91913675886532,91913676071418,2248.486,184.886,1,1
0,2276,300,91913676295266,91913678327225,91913678493551,2198.285,166.326,1,1
0,2277,300,91913678736369,91913680374784,91913680937073,2200.704,562.289,1,1
0,2278,300,91913680786228,91913682849449,91913683038235,2252.007,188.786,1,1
0,2279,300,91913683256202,91913685291761,91913685471567,2215.365,179.806,1,1
0,2280,300,91913685700055,91913687338970,91913687899039,2198.984,560.069,1,1
0,2281,300,91913687749444,91913689796124,91913689975130,2225.686,179.006,1,1
0,2282,300,91913690206418,91913692255017,91913692436774,2230.356,181.757,1,1
0,2283,300,91913692680822,91913694302966,91913694868856,2188.034,565.890,1,1
0,2284,300,91913694712731,91913696758250,91913696939296,2226.565,181.046,1,1
0,2285,300,91913697169714,91913699216554,91913699404520,2234.806,187.966,1,1
0,2286,300,91913699628538,91913701684218,91913701846993,2218.455,162.775,1,1
0,2287,300,91913701684218,91913703723246,91913704281216,2596.998,557.970,1,1
0,2288,300,91913704133301,91913706197400,91913706384487,2251.186,187.087,1,1
0,2289,300,91913706590963,91913708654974,91913708820070,2229.107,165.096,1,1
0,2290,300,91913709048087,91913710689603,91913711254232,2206.145,564.629,1,1
0,2291,300,91913711095356,91913713150836,91913713328852,2233.496,178.016,1,1
0,2292,300,91913713554110,91913715600970,91913715768465,2214.355,167.495,1,1
0,2293,300,91913716026184,91913717668950,91913718214048,2187.864,545.098,1,1
0,2294,300,91913718057982,91913720105513,91913720285398,2227.416,179.885,1,1
0,2295,300,91913720516786,91913722563145,91913722734411,2217.625,171.266,1,1
0,2296,300,91913722975830,91913724612445,91913725175364,2199.534,562.919,1,1
0,2297,300,91913725020669,91913727078499,91913727270795,2250.126,192.296,1,1
0,2298,300,91913727479372,91913729526772,91913729689608,2210.236,162.836,1,1
0,2299,300,91913729938096,91913732012406,91913732177542,2239.446,165.136,1,1
0,2300,300,91913732012406,91913734040955,91913734576643,2564.237,535.688,1,1
0,2301,300,91913734446479,91913736496459,91913736661264,2214.785,164.805,1,1
0,2302,300,91913736908652,91913738949021,91913739125838,2217.186,176.817,1,1
0,2303,300,91913739358206,91913741016632,91913741555080,2196.874,538.448,1,1
0,2304,300,91913741420195,91913743456214,91913743623540,2203.345,167.326,1,1
0,2305,300,91913743867578,91913745927978,91913746105335,2237.757,177.357,1,1
0,2306,300,91913746321392,91913747969108,91913748511196,2189.804,542.088,1,1
0,2307,300,91913748369111,91913750431891,91913750612367,2243.256,180.476,1,1
0,2308,300,91913750826285,91913752875334,91913753045730,2219.445,170.396,1,1
0,2309,300,91913753290598,91913754922333,91913755481803,2191.205,559.470,1,1
0,2310,300,91913755333038,91913757398017,91913757569583,2236.545,171.566,1,1
0,2311,300,91913757788600,91913759838690,91913760000816,2212.216,162.126,1,1
0,2312,300,91913760248504,91913762295944,91913762451289,2202.785,155.345,1,1
0,2313,300,91913762295944,91913764345573,91913764880842,2584.898,535.269,1,1
0,2314,300,91913764752887,91913766811627,91913766987403,2234.516,175.776,1,1
0,2315,300,91913767211530,91913769258380,91913769426315,2214.785,167.935,1,1
0,2316,300,91913769669284,91913771306650,91913771858558,2189.274,551.908,1,1
0,2317,300,91913771715503,91913773764183,91913773937109,2221.606,172.926,1,1
0,2318,300,91913774173947,91913776222877,91913776385852,2211.905,162.975,1,1
0,2319,300,91913776634100,91913778269076,91913778819965,2185.865,550.889,1,1
0,2320,300,91913778679179,91913780727220,91913780896164,2216.985,168.944,1,1
0,2321,300,91913781137673,91913783186282,91913783360769,2223.096,174.487,1,1
0,2322,300,91913783595257,91913785232232,91913785789341,2194.084,557.109,1,1
0,2323,300,91913785641986,91913787690675,91913787862031,2220.045,171.356,1,1
0,2324,300,91913788105119,91913790152009,91913790315364,2210.245,163.355,1,1
0,2325,300,91913790557443,91913792604962,91913792779278,2221.835,174.316,1,1
0,2326,300,91913792604962,91913794653091,91913795216460,2611.498,563.369,1,1
0,2327,300,91913795065646,91913797112145,91913797294811,2229.165,182.666,1,1
0,2328,300,91913797523019,91913799569358,91913799734313,2211.294,164.955,1,1
0,2329,300,91913799980033,91913801616578,91913802186147,2206.114,569.569,1,1
0,2330,300,91913802035582,91913804089161,91913804277308,2241.726,188.147,1,1
0,2331,300,91913804483996,91913806532515,91913806699821,2215.825,167.306,1,1
0,2332,300,91913806943068,91913808580304,91913809158843,2215.775,578.539,1,1
0,2333,300,91913808988708,91913811037068,91913811226933,2238.225,189.865,1,1
0,2334,300,91913811446801,91913813503451,91913813673317,2226.516,169.866,1,1
0,2335,300,91913813904055,91913815542980,91913816120720,2216.665,577.740,1,1
0,2336,300,91913815954015,91913818012214,91913818211821,2257.806,199.607,1,1
0,2337,300,91913818409587,91913820459227,91913820631743,2222.156,172.516,1,1
0,2338,300,91913820868831,91913822928911,91913823102577,2233.746,173.666,1,1
0,2339,300,91913822928911,91913824978610,91913825510218,2581.307,531.608,1,1
0,2340,300,91913825373734,91913827422844,91913827597469,2223.735,174.625,1,1
0,2341,300,91913827830447,91913829889067,91913830075263,2244.816,186.196,1,1
0,2342,300,91913830289351,91913831938117,91913832482735,2193.384,544.618,1,1
0,2343,300,91913832337750,91913834394540,91913834571716,2233.966,177.176,1,1
0,2344,300,91913834793514,91913836862394,91913837039899,2246.385,177.505,1,1
0,2345,300,91913837252287,91913838890523,91913839443041,2190.754,552.518,1,1
0,2346,300,91913839301176,91913841348025,91913841517841,2216.665,169.816,1,1
0,2347,300,91913841757170,91913843805319,91913843965504,2208.334,160.185,1,1
0,2348,300,91913844219323,91913845853679,91913846429669,2210.346,575.990,1,1
0,2349,300,91913846270603,91913848327983,91913848500499,2229.896,172.516,1,1
0,2350,300,91913848720176,91913850770045,91913850932672,2212.496,162.627,1,1
0,2351,300,91913851192690,91913853227039,91913853392965,2200.275,165.926,1,1
0,2352,300,91913853227039,91913855275608,91913855827278,2600.239,551.670,1,1
0,2353,300,91913855691292,91913857732352,91913857896838,2205.546,164.486,1,1
0,2354,300,91913858152646,91913860190035,91913860357561,2204.915,167.526,1,1
0,2355,300,91913860618710,91913862236694,91913862789813,2171.103,553.119,1,1
0,2356,300,91913862647289,91913864696338,91913864872914,2225.625,176.576,1,1
0,2357,300,91913865105471,91913867153692,91913867335048,2229.577,181.356,1,1
0,2358,300,91913867563465,91913869210191,91913869760840,2197.375,550.649,1,1
0,2359,300,91913869610185,91913871668425,91913871837350,2227.165,168.925,1,1
0,2360,300,91913872066988,91913874118908,91913874293224,2226.236,174.316,1,1
0,2361,300,91913874525291,91913876165787,91913876723416,2198.125,557.629,1,1
0,2362,300,91913876574742,91913878620851,91913878792027,2217.285,171.176,1,1
0,2363,300,91913879047645,91913881078834,91913881259790,2212.145,180.956,1,1
0,2364,300,91913881498518,91913883537618,91913883692122,2193.604,154.504,1,1
0,2365,300,91913883537618,91913885598077,91913886168406,2630.788,570.329,1,1
0,2366,300,91913885995830,91913888048190,91913888235746,2239.916,187.556,1,1
0,2367,300,91913888452044,91913890499503,91913890664729,2212.685,165.226,1,1
0,2368,300,91913890915677,91913892547573,91913893116082,2200.405,568.509,1,1
0,2369,300,91913892963088,91913895034148,91913895222304,2259.216,188.156,1,1
0,2370,300,91913895429851,91913897463390,91913897642656,2212.805,179.266,1,1
0,2371,300,91913897879934,91913899511730,91913900089829,2209.895,578.099,1,1
0,2372,300,91913899920323,91913901969762,91913902173290,2252.967,203.528,1,1
0,2373,300,91913902388257,91913904438806,91913904609372,2221.115,170.566,1,1
0,2374,300,91913904836560,91913906474425,91913907050546,2213.986,576.121,1,1
0,2375,300,91913906883670,91913908931809,91913909122826,2239.156,191.017,1,1
0,2376,300,91913909341203,91913911389292,91913911564068,2222.865,174.776,1,1
0,2377,300,91913911818927,91913913846656,91913914037322,2218.395,190.666,1,1
0,2378,300,91913913846656,91913915895915,91913916441664,2595.008,545.749,1,1
0,2379,300,91913916304539,91913918354139,91913918530485,2225.946,176.346,1,1
0,2380,300,91913918779813,91913920814892,91913920970928,2191.115,156.036,1,1
0,2381,300,91913921219936,91913922860021,91913923411060,2191.124,551.039,1,1
0,2382,300,91913923267155,91913925325985,91913925494280,2227.125,168.295,1,1
0,2383,300,91913925742370,91913927782558,91913927949984,2207.614,167.426,1,1
0,2384,300,91913928182602,91913929832168,91913930383667,2201.065,551.499,1,1
0,2385,300,91913930232662,91913932297301,91913932477818,2245.156,180.517,1,1
0,2386,300,91913932689645,91913934753335,91913934924771,2235.126,171.436,1,1
0,2387,300,91913935150078,91913936785824,91913937383484,2233.406,597.660,1,1
0,2388,300,91913937214838,91913939243608,91913939437284,2222.446,193.676,1,1
0,2389,300,91913939652581,91913941701291,91913941875227,2222.646,173.936,1,1
0,2390,300,91913942110025,91913944156894,91913944321640,2211.615,164.746,1,1
0,2391,300,91913944156894,91913946206394,91913946752302,2595.408,545.908,1,1
0,2392,300,91913946615767,91913948662567,91913948836743,2220.976,174.176,1,1
0,2393,300,91913949083291,91913951121250,91913951313447,2230.156,192.197,1,1
0,2394,300,91913951531435,91913953169270,91913953721819,2190.384,552.549,1,1
0,2395,300,91913953579144,91913955641554,91913955818380,2239.236,176.826,1,1
0,2396,300,91913956036717,91913958085316,91913958260083,2223.366,174.767,1,1
0,2397,300,91913958510581,91913960131756,91913960701535,2190.954,569.779,1,1
0,2398,300,91913960541970,91913962590239,91913962769086,2227.116,178.847,1,1
0,2399,300,91913963022205,91913965055493,91913965241450,2219.245,185.957,1,1
0,2400,300,91913965457347,91913967094652,91913967652791,2195.444,558.139,1,1
0,2401,300,91913967505446,91913969552566,91913969723831,2218.385,171.265,1,1
0,2402,300,91913969962430,91913972013539,91913972196245,2233.815,182.706,1,1
0,2403,300,91913972419913,91913974467823,91913974630928,2211.015,163.105,1,1
0,2404,300,91913974467823,91913976526402,91913977066721,2598.898,540.319,1,1
0,2405,300,91913976928296,91913978973256,91913979159242,2230.946,185.986,1,1
0,2406,300,91913979398740,91913981430399,91913981596094,2197.354,165.695,1,1
0,2407,300,91913981840513,91913983485669,91913984049428,2208.915,563.759,1,1
0,2408,300,91913983889523,91913985937562,91913986128118,2238.595,190.556,1,1
0,2409,300,91913986346565,91913988393615,91913988562060,2215.495,168.445,1,1
0,2410,300,91913988803379,91913990455225,91913991011613,2208.234,556.388,1,1
0,2411,300,91913990851978,91913992920368,91913993109635,2257.657,189.267,1,1
0,2412,300,91913993331423,91913995376992,91913995548168,2216.745,171.176,1,1
0,2413,300,91913995767455,91913997405961,91913997984800,2217.345,578.839,1,1
0,2414,300,91913997824215,91913999863175,91914000055250,2231.035,192.075,1,1
0,2415,300,91914000273268,91914002325438,91914002500794,2227.526,175.356,1,1
0,2416,300,91914002731451,91914004795702,91914004949297,2217.846,153.595,1,1
0,2417,300,91914004795702,91914006825940,91914007383529,2587.827,557.589,1,1
0,2418,300,91914007235654,91914009283233,91914009468290,2232.636,185.057,1,1
0,2419,300,91914009714499,91914011741647,91914011906253,2191.754,164.606,1,1
0,2420,300,91914012154491,91914013790477,91914014352245,2197.754,561.768,1,1
0,2421,300,91914014199021,91914016247330,91914016431716,2232.695,184.386,1,1
0,2422,300,91914016677214,91914018705313,91914018884440,2207.226,179.127,1,1
0,2423,300,91914019129928,91914020752293,91914021314842,2184.914,562.549,1,1
0,2424,300,91914021163657,91914023209916,91914023390583,2226.926,180.667,1,1
0,2425,300,91914023634321,91914025667710,91914025837346,2203.025,169.636,1,1
0,2426,300,91914026077353,91914027721530,91914028295059,2217.706,573.529,1,1
0,2427,300,91914028127003,91914030172843,91914030355489,2228.486,182.646,1,1
0,2428,300,91914030583187,91914032630576,91914032805742,2222.555,175.166,1,1
0,2429,300,91914033041599,91914035092229,91914035273776,2232.177,181.547,1,1
0,2430,300,91914035092229,91914037136279,91914037683498,2591.269,547.219,1,1
0,2431,300,91914037547343,91914039595512,91914039760327,2212.984,164.815,1,1
0,2432,300,91914040012906,91914042051786,91914042213891,2200.985,162.105,1,1
0,2433,300,91914042461319,91914044100685,91914044645483,2184.164,544.798,1,1
0,2434,300,91914044510439,91914046556719,91914046744745,2234.306,188.026,1,1
0,2435,300,91914046975763,91914049046603,91914049227489,2251.726,180.886,1,1
0,2436,300,91914049434766,91914051064121,91914051629660,2194.894,565.539,1,1
0,2437,300,91914051473875,91914053520605,91914053700181,2226.306,179.576,1,1
0,2438,300,91914053949690,91914055990248,91914056188946,2239.256,198.698,1,1
0,2439,300,91914056397073,91914058027878,91914058605927,2208.854,578.049,1,1
0,2440,300,91914058448262,91914060502312,91914060684338,2236.076,182.026,1,1
0,2441,300,91914060895165,91914062947675,91914063156622,2261.457,208.947,1,1
0,2442,300,91914063363549,91914065415338,91914065590524,2226.975,175.186,1,1
0,2443,300,91914065415338,91914067446807,91914067999926,2584.588,553.119,1,1
0,2444,300,91914067856751,91914069917361,91914070116998,2260.247,199.637,1,1
0,2445,300,91914070332695,91914072364014,91914072531000,2198.305,166.986,1,1
0,2446,300,91914072772458,91914074410823,91914074962693,2190.235,551.870,1,1
0,2447,300,91914074819688,91914076874797,91914077062183,2242.495,187.386,1,1
0,2448,300,91914077277871,91914079325210,91914079493696,2215.825,168.486,1,1
0,2449,300,91914079735264,91914081374789,91914081943049,2207.785,568.260,1,1
0,2450,300,91914081783534,91914083832373,91914084015139,2231.605,182.766,1,1
0,2451,300,91914084256158,91914086289577,91914086450892,2194.734,161.315,1,1
0,2452,300,91914086699480,91914088337256,91914088895835,2196.355,558.579,1,1
0,2453,300,91914088747480,91914090813230,91914090985006,2237.526,171.776,1,1
0,2454,300,91914091203323,91914093251083,91914093416858,2213.535,165.775,1,1
0,2455,300,91914093661876,91914095708927,91914095862251,2200.375,153.324,1,1
0,2456,300,91914095708927,91914097756806,91914098297234,2588.307,540.428,1,1
0,2457,300,91914098166499,91914100224439,91914100401165,2234.666,176.726,1,1
0,2458,300,91914100625343,91914102674713,91914102830587,2205.244,155.874,1,1
0,2459,300,91914103088957,91914104720782,91914105274151,2185.194,553.369,1,1
0,2460,300,91914105130855,91914107191066,91914107369941,2239.086,178.875,1,1
0,2461,300,91914107589139,91914109646479,91914109804744,2215.605,158.265,1,1
0,2462,300,91914110065033,91914111700989,91914112250847,2185.814,549.858,1,1
0,2463,300,91914112092982,91914114147732,91914114320257,2227.275,172.525,1,1
0,2464,300,91914114551225,91914116605315,91914116785972,2234.747,180.657,1,1
0,2465,300,91914117013689,91914118647835,91914119220864,2207.175,573.029,1,1
0,2466,300,91914119058288,91914121105608,91914121292074,2233.786,186.466,1,1
0,2467,300,91914121514242,91914123562871,91914123748137,2233.895,185.266,1,1
0,2468,300,91914123983166,91914126026175,91914126186411,2203.245,160.236,1,1
0,2469,300,91914126026175,91914128068644,91914128607632,2581.457,538.988,1,1
0,2470,300,91914128478648,91914130525467,91914130690123,2211.475,164.656,1,1
0,2471,300,91914130934792,91914132984201,91914133171657,2236.865,187.456,1,1
0,2472,300,91914133394125,91914135031760,91914135604730,2210.605,572.970,1,1
0,2473,300,91914135443484,91914137490653,91914137669120,2225.636,178.467,1,1
0,2474,300,91914137906438,91914139946837,91914140129843,2223.405,183.006,1,1
0,2475,300,91914140356191,91914141994556,91914142573216,2217.025,578.660,1,1
0,2476,300,91914142404851,91914144455430,91914144641446,2236.595,186.016,1,1
0,2477,300,91914144861313,91914146910343,91914147091320,2230.007,180.977,1,1
0,2478,300,91914147320837,91914148973613,91914149530662,2209.825,557.049,1,1
0,2479,300,91914149367287,91914151419116,91914151602862,2235.575,183.746,1,1
0,2480,300,91914151825930,91914153872360,91914154060806,2234.876,188.446,1,1
0,2481,300,91914154282703,91914156330352,91914156505569,2222.866,175.217,1,1
0,2482,300,91914156330352,91914158379963,91914158932621,2602.269,552.658,1,1
0,2483,300,91914158789276,91914160836636,91914161023042,2233.766,186.406,1,1
0,2484,300,91914161245760,91914163293339,91914163459545,2213.785,166.206,1,1
0,2485,300,91914163703133,91914165341779,91914165894108,2190.975,552.329,1,1
0,2486,300,91914165751522,91914167798582,91914167975308,2223.786,176.726,1,1
0,2487,300,91914168209216,91914170262296,91914170442441,2233.225,180.145,1,1
0,2488,300,91914170666120,91914172316056,91914172865104,2198.984,549.048,1,1
0,2489,300,91914172715239,91914174763148,91914174941824,2226.585,178.676,1,1
0,2490,300,91914175172052,91914177228432,91914177399718,2227.666,171.286,1,1
0,2491,300,91914177629476,91914179268222,91914179834401,2204.925,566.179,1,1
0,2492,300,91914179677555,91914181725624,91914181907601,2230.046,181.977,1,1
0,2493,300,91914182134869,91914184194268,91914184376095,2241.226,181.827,1,1
0,2494,300,91914184592822,91914186641831,91914186804027,2211.205,162.196,1,1
0,2495,300,91914186641831,91914188689291,91914189255560,2613.729,566.269,1,1
0,2496,300,91914189098975,91914191152135,91914191328730,2229.755,176.595,1,1
0,2497,300,91914191555909,91914193610227,91914193778423,2222.514,168.196,1,1
0,2498,300,91914194014701,91914195656898,91914196216356,2201.655,559.458,1,1
0,2499,300,91914196062271,91914198110870,91914198300037,2237.766,189.167,1,1
0,2500,300,91914198520615,91914200584324,91914200751620,2231.005,167.296,1,1
0,2501,300,91914200977887,91914202630713,91914203196103,2218.216,565.390,1,1
0,2502,300,91914203025848,91914205073867,91914205265064,2239.216,191.197,1,1
0,2503,300,91914205482610,91914207530110,91914207699955,2217.345,169.845,1,1
0,2504,300,91914207953414,91914209582519,91914210182810,2229.396,600.291,1,1
0,2505,300,91914209988954,91914212036983,91914212596372,2607.418,559.389,1,1
0,2506,300,91914212464018,91914214498617,91914214673422,2209.404,174.805,1,1
0,2507,300,91914214902760,91914216950449,91914217129836,2227.076,179.387,1,1
0,2508,300,91914216950449,91914219032360,91914219547728,2597.279,515.368,1,1
0,2509,300,91914219411493,91914221456913,91914221631359,2219.866,174.446,1,1
0,2510,300,91914221865467,91914223914306,91914224090072,2224.605,175.766,1,1
0,2511,300,91914224342280,91914225962596,91914226531635,2189.355,569.039,1,1
0,2512,300,91914226387260,91914228420949,91914228609845,2222.585,188.896,1,1
0,2513,300,91914228835283,91914230878972,91914231057678,2222.395,178.706,1,1
0,2514,300,91914231287056,91914232925662,91914233486690,2199.634,561.028,1,1
0,2515,300,91914233335446,91914235384525,91914235576212,2240.766,191.687,1,1
0,2516,300,91914235791789,91914237840278,91914238019305,2227.516,179.027,1,1
0,2517,300,91914238268343,91914239889698,91914240479408,2211.065,589.710,1,1
0,2518,300,91914240318503,91914242347311,91914242887559,2569.056,540.248,1,1
0,2519,300,91914242755636,91914244805655,91914244979600,2223.964,173.945,1,1
0,2520,300,91914245214289,91914247261338,91914247425333,2211.044,163.995,1,1
0,2521,300,91914247261338,91914249309117,91914249858826,2597.488,549.709,1,1
0,2522,300,91914249720402,91914251768871,91914251942757,2222.355,173.886,1,1
0,2523,300,91914252176424,91914254225405,91914254391520,2215.096,166.115,1,1
0,2524,300,91914254635798,91914256273494,91914256824912,2189.114,551.418,1,1
0,2525,300,91914256681827,91914258729637,91914258905723,2223.896,176.086,1,1
0,2526,300,91914259149981,91914261188501,91914261356996,2207.015,168.495,1,1
0,2527,300,91914261596984,91914263236900,91914263795099,2198.115,558.199,1,1
0,2528,300,91914263645204,91914265693924,91914265872469,2227.265,178.545,1,1
0,2529,300,91914266103917,91914268152127,91914268334424,2230.507,182.297,1,1
0,2530,300,91914268577861,91914270200966,91914270778416,2200.555,577.450,1,1
0,2531,300,91914270618430,91914272666780,91914273211509,2593.079,544.729,1,1
0,2532,300,91914273067993,91914275115734,91914275313750,2245.757,198.016,1,1
0,2533,300,91914275544648,91914277591167,91914277765233,2220.585,174.066,1,1
0,2534,300,91914277591167,91914279621006,91914280178805,2587.638,557.799,1,1
0,2535,300,91914280029670,91914282087909,91914282273136,2243.466,185.227,1,1
0,2536,300,91914282488193,91914284535273,91914284700049,2211.856,164.776,1,1
0,2537,300,91914284958947,91914286584403,91914287169552,2210.605,585.149,1,1
0,2538,300,91914287015087,91914289042225,91914289236332,2221.245,194.107,1,1
0,2539,300,91914289449780,91914291498639,91914291665655,2215.875,167.016,1,1
0,2540,300,91914291907743,91914293546978,91914294118118,2210.375,571.140,1,1
0,2541,300,91914293956762,91914296034293,91914296225239,2268.477,190.946,1,1
0,2542,300,91914296429836,91914298480616,91914298650601,2220.765,169.985,1,1
0,2543,300,91914298871429,91914300510244,91914301090815,2219.386,580.571,1,1
0,2544,300,91914300918559,91914302974579,91914303517327,2598.768,542.748,1,1
0,2545,300,91914303376722,91914305424862,91914305600007,2223.285,175.145,1,1
0,2546,300,91914305848166,91914307900965,91914308073401,2225.235,172.436,1,1
0,2547,300,91914307900965,91914309930164,91914310487474,2586.509,557.310,1,1
0,2548,300,91914310345729,91914312388788,91914312564064,2218.335,175.276,1,1
0,2549,300,91914312815693,91914314851271,91914315025477,2209.784,174.206,1,1
0,2550,300,91914315254605,91914316894831,91914317456310,2201.705,561.479,1,1
0,2551,300,91914317303814,91914319351974,91914319542910,2239.096,190.936,1,1
0,2552,300,91914319778329,91914321809708,91914321979493,2201.164,169.785,1,1
0,2553,300,91914322238472,91914323857337,91914324427086,2188.614,569.749,1,1
0,2554,300,91914324268120,91914326314221,91914326495296,2227.176,181.075,1,1
0,2555,300,91914326724454,91914328789484,91914328959670,2235.216,170.186,1,1
0,2556,300,91914329184238,91914330820313,91914331408483,2224.245,588.170,1,1
0,2557,300,91914331249308,91914333277487,91914333819205,2569.897,541.718,1,1
0,2558,300,91914333686530,91914335735860,91914335910456,2223.926,174.596,1,1
0,2559,300,91914336169975,91914338207923,91914338382100,2212.125,174.177,1,1
0,2560,300,91914338207923,91914340242033,91914340803161,2595.238,561.128,1,1
0,2561,300,91914340655616,91914342699496,91914342873503,2217.887,174.007,1,1
0,2562,300,91914343108640,91914345157429,91914345323395,2214.755,165.966,1,1
0,2563,300,91914345565674,91914347205450,91914347771639,2205.965,566.189,1,1
0,2564,300,91914347616663,91914349662272,91914349838599,2221.936,176.327,1,1
0,2565,300,91914350095438,91914352137216,91914352315452,2220.014,178.236,1,1
0,2566,300,91914352529840,91914354166445,91914354749085,2219.245,582.640,1,1
0,2567,300,91914354586750,91914356624759,91914356803505,2216.755,178.746,1,1
0,2568,300,91914357046713,91914359097182,91914359286319,2239.606,189.137,1,1
0,2569,300,91914359492766,91914361136042,91914361711692,2218.926,575.650,1,1
0,2570,300,91914361540686,91914363589125,91914364139454,2598.768,550.329,1,1
0,2571,300,91914363996708,91914366044929,91914366230135,2233.427,185.206,1,1
0,2572,300,91914366470132,91914368503642,91914368661208,2191.076,157.566,1,1
0,2573,300,91914368503642,91914370563942,91914371112690,2609.048,548.748,1,1
0,2574,300,91914370961935,91914373032496,91914373225661,2263.726,193.165,1,1
0,2575,300,91914373432479,91914375466528,91914375639684,2207.205,173.156,1,1
0,2576,300,91914375877352,91914377527048,91914378091697,2214.345,564.649,1,1
0,2577,300,91914377925241,91914379972271,91914380180998,2255.757,208.727,1,1
0,2578,300,91914380381665,91914382428894,91914382596290,2214.625,167.396,1,1
0,2579,300,91914382838418,91914384478594,91914385057023,2218.605,578.429,1,1
0,2580,300,91914384887587,91914386953268,91914387153024,2265.437,199.756,1,1
0,2581,300,91914387359951,91914389396131,91914389566077,2206.126,169.946,1,1
0,2582,300,91914389802705,91914391454601,91914392020500,2217.795,565.899,1,1
0,2583,300,91914391850764,91914393897663,91914394448692,2597.928,551.029,1,1
0,2584,300,91914394308917,91914396356396,91914396531583,2222.666,175.187,1,1
0,2585,300,91914396785671,91914398815100,91914398991207,2205.536,176.107,1,1
0,2586,300,91914398815100,91914400862059,91914401422938,2607.838,560.879,1,1
0,2587,300,91914401279734,91914403318443,91914403493678,2213.944,175.235,1,1
0,2588,300,91914403746537,91914405791607,91914405956633,2210.096,165.026,1,1
0,2589,300,91914406192121,91914407825546,91914408383005,2190.884,557.459,1,1
0,2590,300,91914408235950,91914410288940,91914410467415,2231.465,178.475,1,1
0,2591,300,91914410692264,91914412740833,91914412908169,2215.905,167.336,1,1
0,2592,300,91914413153107,91914414789282,91914415352901,2199.794,563.619,1,1
0,2593,300,91914415198626,91914417249025,91914417429142,2230.516,180.117,1,1
0,2594,300,91914417655750,91914419703389,91914419872365,2216.615,168.976,1,1
0,2595,300,91914420123083,91914421751568,91914422323898,2200.815,572.330,1,1
0,2596,300,91914422161953,91914424208522,91914424767271,2605.318,558.749,1,1
0,2597,300,91914424634936,91914426679656,91914426853991,2219.055,174.335,1,1
0,2598,300,91914427076459,91914429124569,91914429313555,2237.096,188.986,1,1
0,2599,300,91914429124569,91914431172028,91914431720647,2596.078,548.619,1,1
0,2600,300,91914431581372,91914433629862,91914433794407,2213.035,164.545,1,1
0,2601,300,91914434047186,91914436093065,91914436283801,2236.615,190.736,1,1
0,2602,300,91914436495989,91914438137404,91914438692983,2196.994,555.579,1,1
0,2603,300,91914438554808,91914440594388,91914440761973,2207.165,167.585,1,1
0,2604,300,91914441028062,91914443060141,91914443246167,2218.105,186.026,1,1
0,2605,300,91914443460895,91914445098781,91914445684671,2223.776,585.890,1,1
0,2606,300,91914445526635,91914447561574,91914447740130,2213.495,178.556,1,1
0,2607,300,91914447964848,91914450014627,91914450194793,2229.945,180.166,1,1
0,2608,300,91914450438512,91914452063177,91914452632026,2193.514,568.849,1,1
0,2609,300,91914452471631,91914454538371,91914455071068,2599.437,532.697,1,1
0,2610,300,91914454928674,91914456977753,91914457162639,2233.965,184.886,1,1
0,2611,300,91914457405778,91914459434497,91914459602563,2196.785,168.066,1,1
0,2612,300,91914459434497,91914461496146,91914462054776,2620.279,558.630,1,1
0,2613,300,91914461891521,91914463939010,91914464126956,2235.435,187.946,1,1
0,2614,300,91914464351014,91914466414373,91914466582569,2231.555,168.196,1,1
0,2615,300,91914466807267,91914468452263,91914469013392,2206.125,561.129,1,1
0,2616,300,91914468856147,91914470916306,91914471108843,2252.696,192.537,1,1
0,2617,300,91914471331511,91914473359980,91914473541976,2210.465,181.996,1,1
0,2618,300,91914473778934,91914475416469,91914475973828,2194.894,557.359,1,1
0,2619,300,91914475818423,91914477867652,91914478056098,2237.675,188.446,1,1
0,2620,300,91914478275146,91914480324976,91914480495162,2220.016,170.186,1,1
0,2621,300,91914480753920,91914482371145,91914482947655,2193.735,576.510,1,1
0,2622,300,91914482782879,91914484831069,91914485381267,2598.388,550.198,1,1
0,2623,300,91914485239882,91914487286392,91914487468188,2228.306,181.796,1,1
0,2624,300,91914487696806,91914489756805,91914489921801,2224.995,164.996,1,1
0,2625,300,91914489756805,91914491794205,91914492352333,2595.528,558.128,1,1
0,2626,300,91914492203888,91914494250149,91914494428314,2224.426,178.165,1,1
0,2627,300,91914494661612,91914496707121,91914496874407,2212.795,167.286,1,1
0,2628,300,91914497118306,91914498756701,91914499328490,2210.184,571.789,1,1
0,2629,300,91914499181115,91914501223365,91914501393410,2212.295,170.045,1,1
0,2630,300,91914501642748,91914503670658,91914503831113,2188.365,160.455,1,1
0,2631,300,91914504087892,91914505718117,91914506284587,2196.695,566.470,1,1
0,2632,300,91914506128941,91914508178110,91914508352687,2223.746,174.577,1,1
0,2633,300,91914508599315,91914510634314,91914510796769,2197.454,162.455,1,1
0,2634,300,91914511044448,91914512688314,91914513267343,2222.895,579.029,1,1
0,2635,300,91914513104908,91914515149347,91914515676525,2571.617,527.178,1,1
0,2636,300,91914515551061,91914517604661,91914517785006,2233.945,180.345,1,1
0,2637,300,91914518015644,91914520054444,91914520237290,2221.646,182.846,1,1
0,2638,300,91914520054444,91914522103113,91914522674573,2620.129,571.460,1,1
0,2639,300,91914522525718,91914524559837,91914524745163,2219.445,185.326,1,1
0,2640,300,91914524969820,91914527018030,91914527196426,2226.606,178.396,1,1
0,2641,300,91914527444625,91914529066709,91914529622438,2177.813,555.729,1,1
0,2642,300,91914529475954,91914531524453,91914531700918,2224.964,176.465,1,1
0,2643,300,91914531941897,91914533996167,91914534193043,2251.146,196.876,1,1
0,2644,300,91914534406300,91914536048667,91914536606785,2200.485,558.118,1,1
0,2645,300,91914536443270,91914538488159,91914538666765,2223.495,178.606,1,1
0,2646,300,91914538896373,91914540945523,91914541117909,2221.536,172.386,1,1
0,2647,300,91914541355386,91914542993592,91914543582302,2226.916,588.710,1,1
0,2648,300,91914543419687,91914545449686,91914545992804,2573.117,543.118,1,1
0,2649,300,91914545861039,91914547908008,91914548092515,2231.476,184.507,1,1
0,2650,300,91914548318633,91914550367112,91914550533028,2214.395,165.916,1,1
0,2651,300,91914550367112,91914552414772,91914552969790,2602.678,555.018,1,1
0,2652,300,91914552822555,91914554878515,91914555063801,2241.246,185.286,1,1
0,2653,300,91914555294899,91914557330008,91914557498384,2203.485,168.376,1,1
0,2654,300,91914557739473,91914559380818,91914559937836,2198.363,557.018,1,1
0,2655,300,91914559786622,91914561834341,91914562032738,2246.116,198.397,1,1
0,2656,300,91914562243345,91914564304795,91914564475881,2232.536,171.086,1,1
0,2657,300,91914564701579,91914566341105,91914566903823,2202.244,562.718,1,1
0,2658,300,91914566750978,91914568797527,91914568987614,2236.636,190.087,1,1
0,2659,300,91914569207442,91914571268671,91914571449997,2242.555,181.326,1,1
0,2660,300,91914571664674,91914573318141,91914573872720,2208.046,554.579,1,1
0,2661,300,91914573712844,91914575768714,91914576308792,2595.948,540.078,1,1
0,2662,300,91914576170538,91914578217767,91914578386253,2215.715,168.486,1,1
0,2663,300,91914578630061,91914580676681,91914580843556,2213.495,166.875,1,1
0,2664,300,91914580676681,91914582724580,91914583270869,2594.188,546.289,1,1
0,2665,300,91914583132703,91914585182153,91914585351219,2218.516,169.066,1,1
0,2666,300,91914585591927,91914587639717,91914587808772,2216.845,169.055,1,1
0,2667,300,91914588049600,91914589687546,91914590252465,2202.865,564.919,1,1
0,2668,300,91914590097691,91914592148570,91914592321115,2223.424,172.545,1,1
0,2669,300,91914592559344,91914594602103,91914594763939,2204.595,161.836,1,1
0,2670,300,91914595023527,91914596660703,91914597225772,2202.245,565.069,1,1
0,2671,300,91914597070177,91914599108066,91914599288422,2218.245,180.356,1,1
0,2672,300,91914599520239,91914601566400,91914601728115,2207.876,161.715,1,1
0,2673,300,91914601974393,91914603622010,91914604193268,2218.875,571.258,1,1
0,2674,300,91914604022302,91914606071622,91914606611391,2589.089,539.769,1,1
0,2675,300,91914606485856,91914608542395,91914608716832,2230.976,174.437,1,1
0,2676,300,91914608939679,91914611016250,91914611193596,2253.917,177.346,1,1
0,2677,300,91914611016250,91914613033928,91914613580447,2564.197,546.519,1,1
0,2678,300,91914613447932,91914615505832,91914615682808,2234.876,176.976,1,1
0,2679,300,91914615902736,91914617960715,91914618128941,2226.205,168.226,1,1
0,2680,300,91914618358989,91914619998535,91914620546513,2187.524,547.978,1,1
0,2681,300,91914620407519,91914622467158,91914622636714,2229.195,169.556,1,1
0,2682,300,91914622864572,91914624912181,91914625088477,2223.905,176.296,1,1
0,2683,300,91914625327526,91914626963301,91914627535600,2208.074,572.299,1,1
0,2684,300,91914627389625,91914629418624,91914629588200,2198.575,169.576,1,1
0,2685,300,91914629829118,91914631876878,91914632059904,2230.786,183.026,1,1
0,2686,300,91914632285221,91914633927198,91914634496147,2210.926,568.949,1,1
0,2687,300,91914634333321,91914636393551,91914636922229,2588.908,528.678,1,1
0,2688,300,91914636796605,91914638844244,91914639026560,2229.955,182.316,1,1
0,2689,300,91914639250067,91914641299957,91914641457533,2207.466,157.576,1,1
0,2690,300,91914641299957,91914643344137,91914643887975,2588.018,543.838,1,1
0,2691,300,91914643755741,91914645801660,91914645978096,2222.355,176.436,1,1
0,2692,300,91914646213214,91914648260294,91914648420009,2206.795,159.715,1,1
0,2693,300,91914648669777,91914650307433,91914650874342,2204.565,566.909,1,1
0,2694,300,91914650735898,91914652765917,91914652936263,2200.365,170.346,1,1
0,2695,300,91914653174330,91914655222519,91914655393415,2219.085,170.896,1,1
0,2696,300,91914655649904,91914657271449,91914657835009,2185.105,563.560,1,1
0,2697,300,91914657681193,91914659728223,91914659920069,2238.876,191.846,1,1
0,2698,300,91914660152167,91914662193786,91914662367172,2215.005,173.386,1,1
0,2699,300,91914662597190,91914664251216,91914664803815,2206.625,552.599,1,1
0,2700,300,91914664643879,91914666712449,91914667247558,2603.679,535.109,1,1
0,2701,300,91914667103003,91914669166363,91914669353799,2250.796,187.436,1,1
0,2702,300,91914669561156,91914671616346,91914671792602,2231.446,176.256,1,1
0,2703,300,91914671616346,91914673667315,91914674215894,2599.548,548.579,1,1
0,2704,300,91914674065109,91914676113398,91914676302305,2237.196,188.907,1,1
0,2705,300,91914676521843,91914678576742,91914678744008,2222.165,167.266,1,1
0,2706,300,91914678979975,91914680617631,91914681202231,2222.256,584.600,1,1
0,2707,300,91914681029605,91914683092865,91914683284182,2254.577,191.317,1,1
0,2708,300,91914683490919,91914685534908,91914685704464,2213.545,169.556,1,1
0,2709,300,91914685942552,91914687583177,91914688179038,2236.486,595.861,1,1
0,2710,300,91914688014623,91914690039141,91914690231138,2216.515,191.997,1,1
0,2711,300,91914690449795,91914692504124,91914692676210,2226.415,172.086,1,1
0,2712,300,91914692906778,91914694544074,91914695159184,2252.406,615.110,1,1
0,2713,300,91914694967159,91914697016038,91914697546125,2578.966,530.087,1,1
0,2714,300,91914697412501,91914699461291,91914699635247,2222.746,173.956,1,1
0,2715,300,91914699885915,91914701916834,91914702091980,2206.065,175.146,1,1
0,2716,300,91914702345468,91914703969773,91914704517422,2171.954,547.649,1,1
0,2717,300,91914704376607,91914706422467,91914706599623,2223.016,177.156,1,1
0,2718,300,91914706832071,91914708900801,91914709090088,2258.017,189.287,1,1
0,2719,300,91914709290594,91914710936850,91914711490109,2199.515,553.259,1,1
0,2720,300,91914711337593,91914713386504,91914713566809,2229.216,180.305,1,1
0,2721,300,91914713800297,91914715855467,91914716035353,2235.056,179.886,1,1
0,2722,300,91914716257500,91914717891796,91914718456865,2199.365,565.069,1,1
0,2723,300,91914718301860,91914720366260,91914720549296,2247.436,183.036,1,1
0,2724,300,91914720758863,91914722817723,91914722980048,2221.185,162.325,1,1
0,2725,300,91914723216737,91914724855833,91914725426261,2209.524,570.428,1,1
0,2726,300,91914725270036,91914727312285,91914727847214,2577.178,534.929,1,1
0,2727,300,91914727721680,91914729770709,91914729946115,2224.435,175.406,1,1
0,2728,300,91914730190053,91914732229712,91914732396028,2205.975,166.316,1,1
0,2729,300,91914732646476,91914734277712,91914734825910,2179.434,548.198,1,1
0,2730,300,91914734686456,91914736739156,91914736915162,2228.706,176.006,1,1
0,2731,300,91914737152959,91914739191739,91914739362395,2209.436,170.656,1,1
0,2732,300,91914739601142,91914741240328,91914741808528,2207.386,568.200,1,1
0,2733,300,91914741661833,91914743700441,91914743887908,2226.075,187.467,1,1
0,2734,300,91914744111406,91914746154995,91914746328671,2217.265,173.676,1,1
0,2735,300,91914746577919,91914748203834,91914748785424,2207.505,581.590,1,1
0,2736,300,91914748631859,91914750660588,91914750831664,2199.805,171.076,1,1
0,2737,300,91914751074502,91914753117721,91914753297647,2223.145,179.926,1,1
0,2738,300,91914753527745,91914755164981,91914755726120,2198.375,561.139,1,1
0,2739,300,91914755574514,91914757626794,91914758172223,2597.709,545.429,1,1
0,2740,300,91914758040678,91914760080778,91914760258403,2217.725,177.625,1,1
0,2741,300,91914760489721,91914762538620,91914762705216,2215.495,166.596,1,1
0,2742,300,91914762947595,91914764585401,91914765162790,2215.195,577.389,1,1
0,2743,300,91914765023695,91914767051684,91914767227670,2203.975,175.986,1,1
0,2744,300,91914767453568,91914769502557,91914769660972,2207.404,158.415,1,1
0,2745,300,91914769911541,91914771563887,91914772114126,2202.585,550.239,1,1
0,2746,300,91914771965641,91914774013810,91914774188306,2222.665,174.496,1,1
0,2747,300,91914774426944,91914776465673,91914776635099,2208.155,169.426,1,1
0,2748,300,91914776875098,91914778512593,91914779095502,2220.404,582.909,1,1
0,2749,300,91914778923017,91914780971686,91914781163333,2240.316,191.647,1,1
0,2750,300,91914781380800,91914783427479,91914783611226,2230.426,183.747,1,1
0,2751,300,91914783837574,91914785476940,91914786047698,2210.124,570.758,1,1
0,2752,300,91914785885663,91914787934672,91914788479041,2593.378,544.369,1,1
0,2753,300,91914788345577,91914790402736,91914790568402,2222.825,165.666,1,1
0,2754,300,91914790801350,91914792849689,91914793015154,2213.804,165.465,1,1
0,2755,300,91914793263374,91914794896379,91914795448087,2184.713,551.708,1,1
0,2756,300,91914795306953,91914797356762,91914797545369,2238.416,188.607,1,1
0,2757,300,91914797765556,91914799819295,91914799997642,2232.086,178.347,1,1
0,2758,300,91914800236079,91914801859425,91914802419414,2183.335,559.989,1,1
0,2759,300,91914802271369,91914804327499,91914804507694,2236.325,180.195,1,1
0,2760,300,91914804727672,91914806793512,91914806963268,2235.596,169.756,1,1
0,2761,300,91914807197196,91914808824641,91914809387390,2190.194,562.749,1,1
0,2762,300,91914809232175,91914811280405,91914811474352,2242.177,193.947,1,1
0,2763,300,91914811690388,91914813752859,91914813936255,2245.867,183.396,1,1
0,2764,300,91914814168103,91914816206371,91914816379387,2211.284,173.016,1,1
0,2765,300,91914816206371,91914818245291,91914818795290,2588.919,549.999,1,1
0,2766,300,91914818654115,91914820702055,91914820876270,2222.155,174.215,1,1
0,2767,300,91914821111188,91914823161187,91914823327963,2216.775,166.776,1,1
0,2768,300,91914823569932,91914825208267,91914825750106,2180.174,541.839,1,1
0,2769,300,91914825617911,91914827665901,91914827832836,2214.925,166.935,1,1
0,2770,300,91914828074864,91914830123724,91914830289510,2214.646,165.786,1,1
0,2771,300,91914830533408,91914832170594,91914832720113,2186.705,549.519,1,1
0,2772,300,91914832581227,91914834643688,91914834815843,2234.616,172.155,1,1
0,2773,300,91914835036751,91914837085570,91914837266136,2229.385,180.566,1,1
0,2774,300,91914837494534,91914839133429,91914839698119,2203.585,564.690,1,1
0,2775,300,91914839543164,91914841591163,91914841762529,2219.365,171.366,1,1
0,2776,300,91914842020317,91914844048566,91914844231133,2210.816,182.567,1,1
0,2777,300,91914844458991,91914846507660,91914846669955,2210.964,162.295,1,1
0,2778,300,91914846507660,91914848564390,91914849109319,2601.659,544.929,1,1
0,2779,300,91914848971713,91914851019753,91914851217290,2245.577,197.537,1,1
0,2780,300,91914851429797,91914853479577,91914853646712,2216.915,167.135,1,1
0,2781,300,91914853898751,91914855527636,91914856089015,2190.264,561.379,1,1
0,2782,300,91914855938450,91914857975529,91914858160255,2221.805,184.726,1,1
0,2783,300,91914858388073,91914860433933,91914860592438,2204.365,158.505,1,1
0,2784,300,91914860843026,91914862479902,91914863057141,2214.115,577.239,1,1
0,2785,300,91914862908526,91914864939405,91914865129291,2220.765,189.886,1,1
0,2786,300,91914865363120,91914867401649,91914867573354,2210.234,171.705,1,1
0,2787,300,91914867805692,91914869445188,91914870000217,2194.525,555.029,1,1
0,2788,300,91914869854672,91914871902112,91914872083098,2228.426,180.986,1,1
0,2789,300,91914872311835,91914874375196,91914874549351,2237.516,174.155,1,1
0,2790,300,91914874769169,91914876816178,91914876967984,2198.815,151.806,1,1
0,2791,300,91914876816178,91914878871118,91914879409986,2593.808,538.868,1,1
0,2792,300,91914879275801,91914881340912,91914881517557,2241.756,176.645,1,1
0,2793,300,91914881731985,91914883791195,91914883956331,2224.346,165.136,1,1
0,2794,300,91914884193028,91914885832234,91914886383583,2190.555,551.349,1,1
0,2795,300,91914886240928,91914888286217,91914888475404,2234.476,189.187,1,1
0,2796,300,91914888696201,91914890744351,91914890923357,2227.156,179.006,1,1
0,2797,300,91914891152095,91914892790230,91914893349839,2197.744,559.609,1,1
0,2798,300,91914893201494,91914895250353,91914895421119,2219.625,170.766,1,1
0,2799,300,91914895658578,91914897706867,91914897877003,2218.425,170.136,1,1
0,2800,300,91914898117271,91914899765587,91914900312235,2194.964,546.648,1,1
0,2801,300,91914900164610,91914902233661,91914902433337,2268.727,199.676,1,1
0,2802,300,91914902650895,91914904681174,91914904853129,2202.234,171.955,1,1
0,2803,300,91914905088957,91914907129787,91914907302372,2213.415,172.585,1,1
0,2804,300,91914907129787,91914909176076,91914909718675,2588.888,542.599,1,1
0,2805,300,91914909585170,91914911633970,91914911807685,2222.515,173.715,1,1
0,2806,300,91914912043193,91914914089643,91914914266699,2223.506,177.056,1,1
0,2807,300,91914914499857,91914916169143,91914916687561,2187.704,518.418,1,1
0,2808,300,91914916547246,91914918597196,91914918773881,2226.635,176.685,1,1
0,2809,300,91914919013770,91914921053550,91914921233475,2219.705,179.925,1,1
0,2810,300,91914921463583,91914923101329,91914923662888,2199.305,561.559,1,1
0,2811,300,91914923515273,91914925559452,91914925728718,2213.445,169.266,1,1
0,2812,300,91914925969686,91914928023716,91914928206202,2236.516,182.486,1,1
0,2813,300,91914928427599,91914930064915,91914930642004,2214.405,577.089,1,1
0,2814,300,91914930489720,91914932521479,91914932703444,2213.724,181.965,1,1
0,2815,300,91914932938913,91914934979771,91914935159658,2220.745,179.887,1,1
0,2816,300,91914935392195,91914937437865,91914937590170,2197.975,152.305,1,1
0,2817,300,91914937437865,91914939486195,91914940031343,2593.478,545.148,1,1
0,2818,300,91914939895558,91914941942718,91914942118474,2222.916,175.756,1,1
0,2819,300,91914942358742,91914944400351,91914944556797,2198.055,156.446,1,1
0,2820,300,91914944811705,91914946457021,91914946996369,2184.664,539.348,1,1
0,2821,300,91914946863974,91914948907994,91914949086670,2222.696,178.676,1,1
0,2822,300,91914949316998,91914951364087,91914951529574,2212.576,165.487,1,1
0,2823,300,91914951772831,91914953424797,91914953977737,2204.906,552.940,1,1
0,2824,300,91914953831362,91914955884251,91914956062847,2231.485,178.596,1,1
0,2825,300,91914956278685,91914958327744,91914958489039,2210.354,161.295,1,1
0,2826,300,91914958735937,91914960383074,91914960935982,2200.045,552.908,1,1
0,2827,300,91914960790167,91914962832477,91914963016953,2226.786,184.476,1,1
0,2828,300,91914963258471,91914965291580,91914965455325,2196.854,163.745,1,1
0,2829,300,91914965701124,91914967749324,91914967910639,2209.515,161.315,1,1
0,2830,300,91914967749324,91914969797383,91914970333091,2583.767,535.708,1,1
0,2831,300,91914970205396,91914972254596,91914972431292,2225.896,176.696,1,1
0,2832,300,91914972662760,91914974711220,91914974878135,2215.375,166.915,1,1
0,2833,300,91914975120764,91914976765299,91914977316458,2195.694,551.159,1,1
0,2834,300,91914977168033,91914979228043,91914979408209,2240.176,180.166,1,1
0,2835,300,91914979627476,91914981689007,91914981846922,2219.446,157.915,1,1
0,2836,300,91914982084940,91914983721586,91914984298145,2213.205,576.559,1,1
0,2837,300,91914984149020,91914986179399,91914986351175,2202.155,171.776,1,1
0,2838,300,91914986588883,91914988638532,91914988819808,2230.925,181.276,1,1
0,2839,300,91914989047526,91914990686272,91914991254331,2206.805,568.059,1,1
0,2840,300,91914991096555,91914993146305,91914993320231,2223.676,173.926,1,1
0,2841,300,91914993551909,91914995620419,91914995783134,2231.225,162.715,1,1
0,2842,300,91914996013392,91914998068922,91914998232597,2219.205,163.675,1,1
0,2843,300,91914998068922,91915000105861,91915000642389,2573.467,536.528,1,1
0,2844,300,91915000515755,91915002570795,91915002735290,2219.535,164.495,1,1
0,2845,300,91915002992119,91915005021808,91915005204924,2212.805,183.116,1,1
0,2846,300,91915005431262,91915007070698,91915007620946,2189.684,550.248,1,1
0,2847,300,91915007480232,91915009527071,91915009714948,2234.716,187.877,1,1
0,2848,300,91915009938385,91915011983914,91915012179181,2240.796,195.267,1,1
0,2849,300,91915012393588,91915014032294,91915014582762,2189.174,550.468,1,1
0,2850,300,91915014443258,91915016495697,91915016675893,2232.635,180.196,1,1
0,2851,300,91915016900082,91915018947851,91915019132217,2232.135,184.366,1,1
0,2852,300,91915019368995,91915020996120,91915021552869,2183.874,556.749,1,1
0,2853,300,91915021406434,91915023453973,91915023625509,2219.075,171.536,1,1
0,2854,300,91915023875257,91915025930127,91915026102293,2227.036,172.166,1,1
0,2855,300,91915026322180,91915028367911,91915028520995,2198.815,153.084,1,1
0,2856,300,91915028367911,91915030416140,91915030953108,2585.197,536.968,1,1
0,2857,300,91915030827043,91915032881943,91915033062659,2235.616,180.716,1,1
0,2858,300,91915033284327,91915035333097,91915035492612,2208.285,159.515,1,1
0,2859,300,91915035742590,91915037380966,91915037939555,2196.965,558.589,1,1
0,2860,300,91915037790839,91915039845169,91915040038116,2247.277,192.947,1,1
0,2861,300,91915040262833,91915042296223,91915042465028,2202.195,168.805,1,1
0,2862,300,91915042710476,91915044344112,91915044923712,2213.236,579.600,1,1
0,2863,300,91915044770407,91915046800476,91915046979472,2209.065,178.996,1,1
0,2864,300,91915047209950,91915049258419,91915049421155,2211.205,162.736,1,1
0,2865,300,91915049668953,91915051307499,91915051880318,2211.365,572.819,1,1
0,2866,300,91915051716192,91915053784602,91915053965719,2249.527,181.117,1,1
0,2867,300,91915054193627,91915056221765,91915056395461,2201.834,173.696,1,1
0,2868,300,91915056630649,91915058692939,91915058854014,2223.365,161.075,1,1
0,2869,300,91915058692939,91915060726908,91915061284567,2591.628,557.659,1,1
0,2870,300,91915061149013,91915063185021,91915063372297,2223.284,187.276,1,1
0,2871,300,91915063593706,91915065642935,91915065808080,2214.374,165.145,1,1
0,2872,300,91915066058299,91915067691034,91915068263634,2205.335,572.600,1,1
0,2873,300,91915068115799,91915070158908,91915070327504,2211.705,168.596,1,1
0,2874,300,91915070558692,91915072606091,91915072773197,2214.505,167.106,1,1
0,2875,300,91915073028895,91915074652990,91915075232200,2203.305,579.210,1,1
0,2876,300,91915075063555,91915077126124,91915077310590,2247.035,184.466,1,1
0,2877,300,91915077520017,91915079569558,91915079730083,2210.066,160.525,1,1
0,2878,300,91915079978541,91915081627827,91915082198767,2220.226,570.940,1,1
0,2879,300,91915082040482,91915084075860,91915084264986,2224.504,189.126,1,1
0,2880,300,91915084498655,91915086552524,91915086735950,2237.295,183.426,1,1
0,2881,300,91915086943107,91915089012967,91915089183963,2240.856,170.996,1,1
0,2882,300,91915089012967,91915091043846,91915091581415,2568.448,537.569,1,1
0,2883,300,91915091447490,91915093497810,91915093683736,2236.246,185.926,1,1
0,2884,300,91915093905024,91915095953463,91915096149619,2244.595,196.156,1,1
0,2885,300,91915096363387,91915098021323,91915098563212,2199.825,541.889,1,1
0,2886,300,91915098413786,91915100477977,91915100655223,2241.437,177.246,1,1
0,2887,300,91915100867480,91915102916469,91915103106116,2238.636,189.647,1,1
0,2888,300,91915103326684,91915104964319,91915105537729,2211.045,573.410,1,1
0,2889,300,91915105389053,91915107423443,91915107605118,2216.065,181.675,1,1
0,2890,300,91915107830306,91915109878956,91915110058602,2228.296,179.646,1,1
0,2891,300,91915110287860,91915111935885,91915112483594,2195.734,547.709,1,1
0,2892,300,91915112336309,91915114385178,91915114567875,2231.566,182.697,1,1
0,2893,300,91915114810293,91915116841962,91915117016608,2206.315,174.646,1,1
0,2894,300,91915117262746,91915119300995,91915119455701,2192.955,154.706,1,1
0,2895,300,91915119300995,91915121361255,91915121906144,2605.149,544.889,1,1
0,2896,300,91915121772659,91915123804958,91915123969693,2197.034,164.735,1,1
0,2897,300,91915124224282,91915126262612,91915126430698,2206.416,168.086,1,1
0,2898,300,91915126685846,91915128316362,91915128876600,2190.754,560.238,1,1
0,2899,300,91915128735626,91915130768175,91915130934871,2199.245,166.696,1,1
0,2900,300,91915131178658,91915133239059,91915133402794,2224.136,163.735,1,1
0,2901,300,91915133637352,91915135274477,91915135835137,2197.785,560.660,1,1
0,2902,300,91915135686882,91915137743261,91915137915047,2228.165,171.786,1,1
0,2903,300,91915138151835,91915140191104,91915140363760,2211.925,172.656,1,1
0,2904,300,91915140598448,91915142237934,91915142793092,2194.644,555.158,1,1
0,2905,300,91915142647207,91915144695237,91915144866113,2218.906,170.876,1,1
0,2906,300,91915145119001,91915147155201,91915147330636,2211.635,175.435,1,1
0,2907,300,91915147562154,91915149610993,91915149763619,2201.465,152.626,1,1
0,2908,300,91915149610993,91915151657624,91915152200722,2589.729,543.098,1,1
0,2909,300,91915152067677,91915154121077,91915154295813,2228.136,174.736,1,1
0,2910,300,91915154524641,91915156584950,91915156740596,2215.955,155.646,1,1
0,2911,300,91915156997894,91915158632239,91915159202889,2204.995,570.650,1,1
0,2912,300,91915159030623,91915161079492,91915161257219,2226.596,177.727,1,1
0,2913,300,91915161488817,91915163536736,91915163694772,2205.955,158.036,1,1
0,2914,300,91915163947820,91915165585406,91915166166955,2219.135,581.549,1,1
0,2915,300,91915165994330,91915168041499,91915168236336,2242.006,194.837,1,1
0,2916,300,91915168451783,91915170501272,91915170670808,2219.025,169.536,1,1
0,2917,300,91915170910147,91915172566233,91915173128452,2218.305,562.219,1,1
0,2918,300,91915172957136,91915175015616,91915175219703,2262.567,204.087,1,1
0,2919,300,91915175431710,91915177463249,91915177635495,2203.785,172.246,1,1
0,2920,300,91915177891103,91915179935963,91915180108538,2217.435,172.575,1,1
0,2921,300,91915179935963,91915181969601,91915182516610,2580.647,547.009,1,1
0,2922,300,91915182380036,91915184433146,91915184608201,2228.165,175.055,1,1
0,2923,300,91915184835569,91915186903559,91915187079785,2244.216,176.226,1,1
0,2924,300,91915187302743,91915188942828,91915189484766,2182.023,541.938,1,1
0,2925,300,91915189343012,91915191404192,91915191592908,2249.896,188.716,1,1
0,2926,300,91915191811175,91915193851385,91915194030621,2219.446,179.236,1,1
0,2927,300,91915194256678,91915195894374,91915196458313,2201.635,563.939,1,1
0,2928,300,91915196306509,91915198354648,91915198535114,2228.605,180.466,1,1
0,2929,300,91915198761881,91915200825142,91915201013168,2251.287,188.026,1,1
0,2930,300,91915201236025,91915202858901,91915203434010,2197.985,575.109,1,1
0,2931,300,91915203267954,91915205332724,91915205515491,2247.537,182.767,1,1
0,2932,300,91915205726618,91915207774968,91915207958014,2231.396,183.046,1,1
0,2933,300,91915208184601,91915210230770,91915210404806,2220.205,174.036,1,1
0,2934,300,91915210230770,91915212280440,91915212844599,2613.829,564.159,1,1
0,2935,300,91915212708795,91915214736983,91915214910900,2202.105,173.917,1,1
0,2936,300,91915215149857,91915217207797,91915217374773,2224.916,166.976,1,1
0,2937,300,91915217605101,91915219253266,91915219792935,2187.834,539.669,1,1
0,2938,300,91915219651680,91915221706320,91915221883546,2231.866,177.226,1,1
0,2939,300,91915222111824,91915224159303,91915224329029,2217.205,169.726,1,1
0,2940,300,91915224568837,91915226206303,91915226763831,2194.994,557.528,1,1
0,2941,300,91915226615317,91915228663266,91915228842912,2227.595,179.646,1,1
0,2942,300,91915229074520,91915231131120,91915231309685,2235.165,178.565,1,1
0,2943,300,91915231531984,91915233190789,91915233734918,2202.934,544.129,1,1
0,2944,300,91915233580023,91915235627922,91915235808978,2228.955,181.056,1,1
0,2945,300,91915236036926,91915238083846,91915238268002,2231.076,184.156,1,1
0,2946,300,91915238493759,91915240543149,91915240705074,2211.315,161.925,1,1
0,2947,300,91915240543149,91915242589498,91915243173289,2630.140,583.791,1,1
0,2948,300,91915243030893,91915245052602,91915245239879,2208.986,187.277,1,1
0,2949,300,91915245457375,91915247512795,91915247679611,2222.236,166.816,1,1
0,2950,300,91915247915279,91915249572706,91915250115544,2200.265,542.838,1,1
0,2951,300,91915249962828,91915252015378,91915252199924,2237.096,184.546,1,1
0,2952,300,91915252419592,91915254467652,91915254638858,2219.266,171.206,1,1
0,2953,300,91915254884906,91915256517191,91915257089441,2204.535,572.250,1,1
0,2954,300,91915256925185,91915258973425,91915259170661,2245.476,197.236,1,1
0,2955,300,91915259382418,91915261432788,91915261614254,2231.836,181.466,1,1
0,2956,300,91915261842512,91915263492248,91915264055427,2212.915,563.179,1,1
0,2957,300,91915263890231,91915265937531,91915266130817,2240.586,193.286,1,1
0,2958,300,91915266355565,91915268411745,91915268584191,2228.626,172.446,1,1
0,2959,300,91915268803578,91915270852417,91915271024413,2220.835,171.996,1,1
0,2960,300,91915270852417,91915272901217,91915273444485,2592.068,543.268,1,1
0,2961,300,91915273309501,91915275358980,91915275534327,2224.826,175.347,1,1
0,2962,300,91915275766464,91915277814874,91915277986499,2220.035,171.625,1,1
0,2963,300,91915278225128,91915279862453,91915280414431,2189.303,551.978,1,1
0,2964,300,91915280272237,91915282336247,91915282523964,2251.727,187.717,1,1
0,2965,300,91915282736450,91915284786221,91915284953696,2217.246,167.475,1,1
0,2966,300,91915285187773,91915286847160,91915287400169,2212.396,553.009,1,1
0,2967,300,91915287250624,91915289301274,91915289482369,2231.745,181.095,1,1
0,2968,300,91915289692736,91915291743186,91915291912852,2220.116,169.666,1,1
0,2969,300,91915292152991,91915293790375,91915294358125,2205.134,567.750,1,1
0,2970,300,91915294200220,91915296247299,91915296429835,2229.615,182.536,1,1
0,2971,300,91915296657733,91915298705213,91915298888629,2230.896,183.416,1,1
0,2972,300,91915299114726,91915301161836,91915301324941,2210.215,163.105,1,1
0,2973,300,91915301161836,91915303211995,91915303766754,2604.918,554.759,1,1
0,2974,300,91915303632179,91915305669249,91915305843775,2211.596,174.526,1,1
0,2975,300,91915306078372,91915308130212,91915308303398,2225.026,173.186,1,1
0,2976,300,91915308535496,91915310174602,91915310723950,2188.454,549.348,1,1
0,2977,300,91915310582775,91915312630825,91915312807511,2224.736,176.686,1,1
0,2978,300,91915313061680,91915315089929,91915315265004,2203.324,175.075,1,1
0,2979,300,91915315515962,91915317159339,91915317694006,2178.044,534.667,1,1
0,2980,300,91915317546051,91915319594882,91915319774247,2228.196,179.365,1,1
0,2981,300,91915320015365,91915322063675,91915322241371,2226.006,177.696,1,1
0,2982,300,91915322461309,91915324116665,91915324664593,2203.284,547.928,1,1
0,2983,300,91915324509928,91915326558438,91915326740033,2230.105,181.595,1,1
0,2984,300,91915326983132,91915329029671,91915329223378,2240.246,193.707,1,1
0,2985,300,91915329436145,91915331484595,91915331646940,2210.795,162.345,1,1
0,2986,300,91915331484595,91915333533584,91915334078553,2593.958,544.969,1,1
0,2987,300,91915333929658,91915335979947,91915336172704,2243.046,192.757,1,1
0,2988,300,91915336399852,91915338435160,91915338612316,2212.464,177.156,1,1
0,2989,300,91915338845774,91915340484180,91915341046889,2201.115,562.709,1,1
0,2990,300,91915340894524,91915342942483,91915343135320,2240.796,192.837,1,1
0,2991,300,91915343361077,91915345399547,91915345567583,2206.506,168.036,1,1
0,2992,300,91915345827851,91915347446396,91915348019566,2191.715,573.170,1,1
0,2993,300,91915347859930,91915349905869,91915350107687,2247.757,201.818,1,1
0,2994,300,91915350314143,91915352365693,91915352547649,2233.506,181.956,1,1
0,2995,300,91915352773037,91915354410552,91915354985202,2212.165,574.650,1,1
0,2996,300,91915354819707,91915356872546,91915357064023,2244.316,191.477,1,1
0,2997,300,91915357286670,91915359325189,91915359498455,2211.785,173.266,1,1
0,2998,300,91915359740464,91915361795723,91915361964028,2223.564,168.305,1,1
0,2999,300,91915361795723,91915363845443,91915364378040,2582.317,532.597,1,1
0,3000,300,91915364242416,91915366308836,91915366484622,2242.206,175.786,1,1
0,3001,300,91915366700229,91915368746028,91915368910985,2210.756,164.957,1,1
0,3002,300,91915369156123,91915370794869,91915371347497,2191.374,552.628,1,1
0,3003,300,91915371204812,91915373253882,91915373431908,2227.096,178.026,1,1
0,3004,300,91915373661016,91915375709785,91915375877141,2216.125,167.356,1,1
0,3005,300,91915376129970,91915377758865,91915378317793,2187.823,558.928,1,1
0,3006,300,91915378167408,91915380214638,91915380407354,2239.946,192.716,1,1
0,3007,300,91915380625982,91915382689702,91915382861688,2235.706,171.986,1,1
0,3008,300,91915383089655,91915384721361,91915385298241,2208.586,576.880,1,1
0,3009,300,91915385131535,91915387195255,91915387378611,2247.076,183.356,1,1
0,3010,300,91915387589998,91915389637037,91915389809043,2219.045,172.006,1,1
0,3011,300,91915390045272,91915392092981,91915392262737,2217.465,169.756,1,1
0,3012,300,91915392092981,91915394153041,91915394684909,2591.928,531.868,1,1
0,3013,300,91915394551015,91915396600324,91915396785710,2234.695,185.386,1,1
0,3014,300,91915397035279,91915399056357,91915399232673,2197.394,176.316,1,1
0,3015,300,91915399466401,91915401105646,91915401655875,2189.474,550.229,1,1
0,3016,300,91915401514371,91915403567130,91915403743956,2229.585,176.826,1,1
0,3017,300,91915403972884,91915406021184,91915406200240,2227.356,179.056,1,1
0,3018,300,91915406430797,91915408069303,91915408627042,2196.245,557.739,1,1
0,3019,300,91915408478597,91915410526346,91915410716633,2238.036,190.287,1,1
0,3020,300,91915410935390,91915412983090,91915413176747,2241.357,193.657,1,1
0,3021,300,91915413394133,91915415032079,91915415607669,2213.536,575.590,1,1
0,3022,300,91915415452573,91915417488983,91915417681900,2229.327,192.917,1,1
0,3023,300,91915417899526,91915419947316,91915420135332,2235.806,188.016,1,1
0,3024,300,91915420356290,91915422404259,91915422567165,2210.875,162.906,1,1
0,3025,300,91915422404259,91915424452019,91915425034068,2629.809,582.049,1,1
0,3026,300,91915424880534,91915426909443,91915427094299,2213.765,184.856,1,1
0,3027,300,91915427318416,91915429367345,91915429544702,2226.286,177.357,1,1
0,3028,300,91915429777970,91915431435995,91915431974434,2196.464,538.439,1,1
0,3029,300,91915431824389,91915433872038,91915434048395,2224.006,176.357,1,1
0,3030,300,91915434281983,91915436345582,91915436525388,2243.405,179.806,1,1
0,3031,300,91915436739346,91915438379572,91915438949691,2210.345,570.119,1,1
0,3032,300,91915438792055,91915440836974,91915441027431,2235.376,190.457,1,1
0,3033,300,91915441246319,91915443294938,91915443465874,2219.555,170.936,1,1
0,3034,300,91915443703242,91915445343628,91915445913337,2210.095,569.709,1,1
0,3035,300,91915445751592,91915447799071,91915447980677,2229.085,181.606,1,1
0,3036,300,91915448214195,91915450258304,91915450431510,2217.315,173.206,1,1
0,3037,300,91915450667249,91915452715738,91915452877853,2210.604,162.115,1,1
0,3038,300,91915452715738,91915454763687,91915455311266,2595.528,547.579,1,1
0,3039,300,91915455171862,91915457233271,91915457408907,2237.045,175.636,1,1
0,3040,300,91915457629144,91915459677324,91915459842329,2213.185,165.005,1,1
0,3041,300,91915460087048,91915461724863,91915462279852,2192.804,554.989,1,1
0,3042,300,91915462135238,91915464182987,91915464351783,2216.545,168.796,1,1
0,3043,300,91915464595971,91915466640431,91915466807466,2211.495,167.035,1,1
0,3044,300,91915467064754,91915468689110,91915469261719,2196.965,572.609,1,1
0,3045,300,91915469098453,91915471156744,91915471349190,2250.737,192.446,1,1
0,3046,300,91915471557087,91915473608357,91915473777823,2220.736,169.466,1,1
0,3047,300,91915474015450,91915475652876,91915476243756,2228.306,590.880,1,1
0,3048,300,91915476077191,91915478111250,91915478303836,2226.645,192.586,1,1
0,3049,300,91915478520693,91915480568103,91915480739509,2218.816,171.406,1,1
0,3050,300,91915480978847,91915483025876,91915483210212,2231.365,184.336,1,1
0,3051,300,91915483025876,91915485074776,91915485624375,2598.499,549.599,1,1
0,3052,300,91915485482409,91915487543139,91915487717546,2235.137,174.407,1,1
0,3053,300,91915487940933,91915489987042,91915490176689,2235.756,189.647,1,1
0,3054,300,91915490398207,91915492042512,91915492587061,2188.854,544.549,1,1
0,3055,300,91915492445016,91915494493645,91915494670502,2225.486,176.857,1,1
0,3056,300,91915494906729,91915496952208,91915497150685,2243.956,198.477,1,1
0,3057,300,91915497361153,91915499031809,91915499568038,2206.885,536.229,1,1
0,3058,300,91915499409962,91915501457951,91915501648738,2238.776,190.787,1,1
0,3059,300,91915501884266,91915503915245,91915504096071,2211.805,180.826,1,1
0,3060,300,91915504345699,91915505963204,91915506555045,2209.346,591.841,1,1
0,3061,300,91915506388249,91915508419128,91915508601144,2212.895,182.016,1,1
0,3062,300,91915508829132,91915510892262,91915511087068,2257.936,194.806,1,1
0,3063,300,91915511289106,91915513336075,91915513499680,2210.574,163.605,1,1
0,3064,300,91915513336075,91915515382404,91915515948183,2612.108,565.779,1,1
0,3065,300,91915515813388,91915517842058,91915518026674,2213.286,184.616,1,1
0,3066,300,91915518251911,91915520299211,91915520472007,2220.096,172.796,1,1
0,3067,300,91915520708465,91915522355561,91915522898489,2190.024,542.928,1,1
0,3068,300,91915522757285,91915524814654,91915524991190,2233.905,176.536,1,1
0,3069,300,91915525226528,91915527261747,91915527441903,2215.375,180.156,1,1
0,3070,300,91915527685501,91915529309907,91915529869726,2184.225,559.819,1,1
0,3071,300,91915529719580,91915531766980,91915531957616,2238.036,190.636,1,1
0,3072,300,91915532196685,91915534224823,91915534407649,2210.964,182.826,1,1
0,3073,300,91915534634797,91915536272153,91915536838252,2203.455,566.099,1,1
0,3074,300,91915536682826,91915538729567,91915538911022,2228.196,181.455,1,1
0,3075,300,91915539151090,91915541188959,91915541363146,2212.056,174.187,1,1
0,3076,300,91915541606874,91915543658353,91915543827319,2220.445,168.966,1,1
0,3077,300,91915543658353,91915545694773,91915546255091,2596.738,560.318,1,1
0,3078,300,91915546108166,91915548155506,91915548342462,2234.296,186.956,1,1
0,3079,300,91915548561330,91915550612679,91915550777845,2216.515,165.166,1,1
0,3080,300,91915551018194,91915552677279,91915553225268,2207.074,547.989,1,1
0,3081,300,91915553071502,91915555114832,91915555311988,2240.486,197.156,1,1
0,3082,300,91915555523346,91915557573395,91915557741881,2218.535,168.486,1,1
0,3083,300,91915557981729,91915559630525,91915560199985,2218.256,569.460,1,1
0,3084,300,91915560030649,91915562078638,91915562270795,2240.146,192.157,1,1
0,3085,300,91915562488273,91915564536672,91915564706128,2217.855,169.456,1,1
0,3086,300,91915564944335,91915566582401,91915567169811,2225.476,587.410,1,1
0,3087,300,91915566992485,91915569053015,91915569250951,2258.466,197.936,1,1
0,3088,300,91915569465239,91915571499888,91915571681504,2216.265,181.616,1,1
0,3089,300,91915571915232,91915573971562,91915574151078,2235.846,179.516,1,1
0,3090,300,91915573971562,91915576013871,91915576558119,2586.557,544.248,1,1
0,3091,300,91915576415275,91915578476605,91915578651660,2236.385,175.055,1,1
0,3092,300,91915578871598,91915580918267,91915581095424,2223.826,177.157,1,1
0,3093,300,91915581328002,91915582972387,91915583520446,2192.444,548.059,1,1
0,3094,300,91915583377771,91915585423941,91915585601406,2223.635,177.465,1,1
0,3095,300,91915585846125,91915587882993,91915588058860,2212.735,175.867,1,1
0,3096,300,91915588292108,91915589931653,91915590514174,2222.066,582.521,1,1
0,3097,300,91915590354857,91915592388947,91915592568882,2214.025,179.935,1,1
0,3098,300,91915592809401,91915594847341,91915595033537,2224.136,186.196,1,1
0,3099,300,91915595258554,91915596910460,91915597475159,2216.605,564.699,1,1
0,3100,300,91915597318544,91915599351973,91915599534370,2215.826,182.397,1,1
0,3101,300,91915599770627,91915601808566,91915601989222,2218.595,180.656,1,1
0,3102,300,91915602221330,91915604266370,91915604431526,2210.196,165.156,1,1
0,3103,300,91915604266370,91915606316360,91915606859238,2592.868,542.878,1,1
0,3104,300,91915606724293,91915608782053,91915608955999,2231.706,173.946,1,1
0,3105,300,91915609207168,91915611248727,91915611415472,2208.304,166.745,1,1
0,3106,300,91915611640910,91915613277875,91915613830165,2189.255,552.290,1,1
0,3107,300,91915613688540,91915615736489,91915615924296,2235.756,187.807,1,1
0,3108,300,91915616151883,91915618193382,91915618362928,2211.045,169.546,1,1
0,3109,300,91915618603506,91915620262652,91915620808521,2205.015,545.869,1,1
0,3110,300,91915620650576,91915622698115,91915622876802,2226.226,178.687,1,1
0,3111,300,91915623129589,91915625156039,91915625317894,2188.305,161.855,1,1
0,3112,300,91915625566892,91915627205248,91915627760137,2193.245,554.889,1,1
0,3113,300,91915627613592,91915629662111,91915629833677,2220.085,171.566,1,1
0,3114,300,91915630070485,91915632132785,91915632316572,2246.087,183.787,1,1
0,3115,300,91915632528188,91915634576969,91915634730473,2202.285,153.504,1,1
0,3116,300,91915634576969,91915636628038,91915637188827,2611.858,560.789,1,1
0,3117,300,91915637050452,91915639081961,91915639258877,2208.425,176.916,1,1
0,3118,300,91915639491255,91915641541615,91915641706640,2215.385,165.025,1,1
0,3119,300,91915641954298,91915643587894,91915644154173,2199.875,566.279,1,1
0,3120,300,91915643999067,91915646049767,91915646230764,2231.697,180.997,1,1
0,3121,300,91915646455061,91915648503100,91915648661256,2206.195,158.156,1,1
0,3122,300,91915648912295,91915650553600,91915651137690,2225.395,584.090,1,1
0,3123,300,91915650977434,91915653015064,91915653194750,2217.316,179.686,1,1
0,3124,300,91915653417678,91915655465947,91915655647653,2229.975,181.706,1,1
0,3125,300,91915655877251,91915657525206,91915658094836,2217.585,569.630,1,1
0,3126,300,91915657938001,91915659972809,91915660162546,2224.545,189.737,1,1
0,3127,300,91915660397534,91915662440993,91915662618160,2220.626,177.167,1,1
0,3128,300,91915662839067,91915664887947,91915665072653,2233.586,184.706,1,1
0,3129,300,91915664887947,91915666936536,91915667474034,2586.087,537.498,1,1
0,3130,300,91915667345460,91915669404000,91915669580505,2235.045,176.505,1,1
0,3131,300,91915669802814,91915671851783,91915672028088,2225.274,176.305,1,1
0,3132,300,91915672260956,91915673916813,91915674443441,2182.485,526.628,1,1
0,3133,300,91915674307766,91915676363616,91915676531661,2223.895,168.045,1,1
0,3134,300,91915676765129,91915678820649,91915678999315,2234.186,178.666,1,1
0,3135,300,91915679237853,91915680872439,91915681426787,2188.934,554.348,1,1
0,3136,300,91915681276653,91915683327163,91915683507468,2230.815,180.305,1,1
0,3137,300,91915683728005,91915685786315,91915685956271,2228.266,169.956,1,1
0,3138,300,91915686197119,91915687835545,91915688420405,2223.286,584.860,1,1
0,3139,300,91915688252249,91915690282078,91915690476265,2224.016,194.187,1,1
0,3140,300,91915690692302,91915692754492,91915692933748,2241.446,179.256,1,1
0,3141,300,91915693168816,91915695196875,91915695361751,2192.935,164.876,1,1
0,3142,300,91915695196875,91915697245115,91915697792984,2596.109,547.869,1,1
0,3143,300,91915697658048,91915699703128,91915699877524,2219.476,174.396,1,1
0,3144,300,91915700129732,91915702170151,91915702337267,2207.535,167.116,1,1
0,3145,300,91915702570835,91915704223091,91915704769780,2198.945,546.689,1,1
0,3146,300,91915704619104,91915706678134,91915706854831,2235.727,176.697,1,1
0,3147,300,91915707082129,91915709124397,91915709311574,2229.445,187.177,1,1
0,3148,300,91915709533632,91915711172037,91915711749827,2216.195,577.790,1,1
0,3149,300,91915711601102,91915713640000,91915713818817,2217.715,178.817,1,1
0,3150,300,91915714039074,91915716087524,91915716270010,2230.936,182.486,1,1
0,3151,300,91915716511988,91915718136914,91915718703743,2191.755,566.829,1,1
0,3152,300,91915718547617,91915720602807,91915720784483,2236.866,181.676,1,1
0,3153,300,91915721014551,91915723051010,91915723234646,2220.095,183.636,1,1
0,3154,300,91915723461864,91915725509503,91915725672469,2210.605,162.966,1,1
0,3155,300,91915725509503,91915727556693,91915728135843,2626.340,579.150,1,1
0,3156,300,91915727981657,91915730019726,91915730212403,2230.746,192.677,1,1
0,3157,300,91915730427950,91915732471590,91915732636985,2209.035,165.395,1,1
0,3158,300,91915732899994,91915734520359,91915735088299,2188.305,567.940,1,1
0,3159,300,91915734935363,91915736989163,91915737198300,2262.937,209.137,1,1
0,3160,300,91915737387036,91915739462367,91915739641453,2254.417,179.086,1,1
0,3161,300,91915739850000,91915741482055,91915742075656,2225.656,593.601,1,1
0,3162,300,91915741896600,91915743939879,91915744130745,2234.145,190.866,1,1
0,3163,300,91915744351412,91915746400072,91915746569858,2218.446,169.786,1,1
0,3164,300,91915746808866,91915748447142,91915749032182,2223.316,585.040,1,1
0,3165,300,91915748855586,91915750902625,91915751096822,2241.236,194.197,1,1
0,3166,300,91915751313139,91915753360229,91915753533045,2219.906,172.816,1,1
0,3167,300,91915753786502,91915755825852,91915756000178,2213.676,174.326,1,1
0,3168,300,91915755825852,91915757866462,91915758412159,2586.307,545.697,1,1
0,3169,300,91915758275535,91915760324945,91915760512241,2236.706,187.296,1,1
0,3170,300,91915760734439,91915762806979,91915762972225,2237.786,165.246,1,1
0,3171,300,91915763204203,91915764842268,91915765385976,2181.773,543.708,1,1
0,3172,300,91915765239971,91915767300561,91915767479227,2239.256,178.666,1,1
0,3173,300,91915767698445,91915769745164,91915769912710,2214.265,167.546,1,1
0,3174,300,91915770154948,91915771804214,91915772358283,2203.335,554.069,1,1
0,3175,300,91915772205988,91915774258607,91915774440764,2234.776,182.157,1,1
0,3176,300,91915774660131,91915776708950,91915776878796,2218.665,169.846,1,1
0,3177,300,91915777117075,91915778775591,91915779323059,2205.984,547.468,1,1
0,3178,300,91915779165524,91915781213393,91915781402830,2237.306,189.437,1,1
0,3179,300,91915781624928,91915783677457,91915783849663,2224.735,172.206,1,1
0,3180,300,91915784082281,91915786128840,91915786306586,2224.305,177.746,1,1
0,3181,300,91915786128840,91915788182760,91915788722938,2594.098,540.178,1,1
0,3182,300,91915788587754,91915790644054,91915790821699,2233.945,177.645,1,1
0,3183,300,91915791045037,91915793093257,91915793269122,2224.085,175.865,1,1
0,3184,300,91915793501240,91915795147686,91915795700655,2199.415,552.969,1,1
0,3185,300,91915795549680,91915797611750,91915797788685,2239.005,176.935,1,1
0,3186,300,91915798014854,91915800075843,91915800250750,2235.896,174.907,1,1
0,3187,300,91915800465316,91915802103712,91915802661442,2196.126,557.730,1,1
0,3188,300,91915802512206,91915804562416,91915804741742,2229.536,179.326,1,1
0,3189,300,91915804969769,91915807019849,91915807201576,2231.807,181.727,1,1
0,3190,300,91915807428463,91915809071718,91915809632218,2203.755,560.500,1,1
0,3191,300,91915809475892,91915811523462,91915811705007,2229.115,181.545,1,1
0,3192,300,91915811934805,91915813988675,91915814183872,2249.067,195.197,1,1
0,3193,300,91915814397890,91915816442729,91915816605714,2207.824,162.985,1,1
0,3194,300,91915816442729,91915818496438,91915819042047,2599.318,545.609,1,1
0,3195,300,91915818897042,91915820945912,91915821138648,2241.606,192.736,1,1
0,3196,300,91915821356965,91915823419056,91915823596191,2239.226,177.135,1,1
0,3197,300,91915823811759,91915825469735,91915826011633,2199.874,541.898,1,1
0,3198,300,91915825859418,91915827914598,91915828102684,2243.266,188.086,1,1
0,3199,300,91915828316812,91915830366081,91915830525376,2208.564,159.295,1,1
0,3200,300,91915830774404,91915832413260,91915832964959,2190.555,551.699,1,1
0,3201,300,91915832822455,91915834870644,91915835060881,2238.426,190.237,1,1
0,3202,300,91915835290408,91915837330207,91915837512234,2221.826,182.027,1,1
0,3203,300,91915837751342,91915839378426,91915839942786,2191.444,564.360,1,1
0,3204,300,91915839786661,91915841833970,91915842026067,2239.406,192.097,1,1
0,3205,300,91915842243805,91915844292004,91915844465269,2221.464,173.265,1,1
0,3206,300,91915844711548,91915846766537,91915846928983,2217.435,162.446,1,1
0,3207,300,91915846766537,91915848810767,91915849349985,2583.448,539.218,1,1
0,3208,300,91915849213341,91915851256720,91915851442676,2229.335,185.956,1,1
0,3209,300,91915851679704,91915853714144,91915853870399,2190.695,156.255,1,1
0,3210,300,91915854132828,91915855772703,91915856315151,2182.323,542.448,1,1
0,3211,300,91915856170396,91915858224536,91915858402683,2232.287,178.147,1,1
0,3212,300,91915858628140,91915860684480,91915860842845,2214.705,158.365,1,1
0,3213,300,91915861085113,91915862725539,91915863316229,2231.116,590.690,1,1
0,3214,300,91915863160774,91915865183343,91915865354108,2193.334,170.765,1,1
0,3215,300,91915865592646,91915867649336,91915867809621,2216.975,160.285,1,1
0,3216,300,91915868049510,91915869687385,91915870256974,2207.464,569.589,1,1
0,3217,300,91915870096919,91915872155988,91915872337405,2240.486,181.417,1,1
0,3218,300,91915872554272,91915874611882,91915874774507,2220.235,162.625,1,1
0,3219,300,91915875013806,91915877063565,91915877237132,2223.326,173.567,1,1
0,3220,300,91915877063565,91915879107364,91915879649763,2586.198,542.399,1,1
0,3221,300,91915879518069,91915881566278,91915881730804,2212.735,164.526,1,1
0,3222,300,91915881976422,91915884023952,91915884189878,2213.456,165.926,1,1
0,3223,300,91915884432826,91915886071181,91915886615030,2182.204,543.849,1,1
0,3224,300,91915886480255,91915888538925,91915888706201,2225.946,167.276,1,1
0,3225,300,91915888939609,91915890986098,91915891170354,2230.745,184.256,1,1
0,3226,300,91915891395431,91915893044058,91915893585926,2190.495,541.868,1,1
0,3227,300,91915893444841,91915895502841,91915895672477,2227.636,169.636,1,1
0,3228,300,91915895901605,91915897949784,91915898131691,2230.086,181.907,1,1
0,3229,300,91915898360068,91915900021324,91915900555553,2195.485,534.229,1,1
0,3230,300,91915900407838,91915902454597,91915902626493,2218.655,171.896,1,1
0,3231,300,91915902879532,91915904913581,91915905101017,2221.485,187.436,1,1
0,3232,300,91915905328225,91915907371684,91915907542930,2214.705,171.246,1,1
0,3233,300,91915907371684,91915909430314,91915909970162,2598.478,539.848,1,1
0,3234,300,91915909827167,91915911888437,91915912073813,2246.646,185.376,1,1
0,3235,300,91915912285830,91915914333191,91915914499036,2213.206,165.845,1,1
0,3236,300,91915914744324,91915916383030,91915916943249,2198.925,560.219,1,1
0,3237,300,91915916792173,91915918840593,91915919029449,2237.276,188.856,1,1
0,3238,300,91915919250227,91915921302067,91915921471332,2221.105,169.265,1,1
0,3239,300,91915921707480,91915923344176,91915923903184,2195.704,559.008,1,1
0,3240,300,91915923754339,91915925801770,91915926000186,2245.847,198.416,1,1
0,3241,300,91915926216043,91915928261863,91915928445669,2229.626,183.806,1,1
0,3242,300,91915928669707,91915930321213,91915930872671,2202.964,551.458,1,1
0,3243,300,91915930716826,91915932768206,91915932949832,2233.006,181.626,1,1
0,3244,300,91915933188160,91915935223488,91915935397785,2209.625,174.297,1,1
0,3245,300,91915935635783,91915937680172,91915937842787,2207.004,162.615,1,1
0,3246,300,91915937680172,91915939727751,91915940284311,2604.139,556.560,1,1
0,3247,300,91915940147086,91915942185605,91915942362541,2215.455,176.936,1,1
0,3248,300,91915942605369,91915944644738,91915944810005,2204.636,165.267,1,1
0,3249,300,91915945053962,91915946699718,91915947264757,2210.795,565.039,1,1
0,3250,300,91915947102552,91915949159432,91915949338498,2235.946,179.066,1,1
0,3251,300,91915949558295,91915951608555,91915951766970,2208.675,158.415,1,1
0,3252,300,91915952016778,91915953656064,91915954224454,2207.676,568.390,1,1
0,3253,300,91915954063958,91915956116487,91915956296064,2232.106,179.577,1,1
0,3254,300,91915956521621,91915958569851,91915958751197,2229.576,181.346,1,1
0,3255,300,91915958981494,91915960630621,91915961186150,2204.656,555.529,1,1
0,3256,300,91915961028635,91915963075574,91915963257200,2228.565,181.626,1,1
0,3257,300,91915963485097,91915965533497,91915965696303,2211.206,162.806,1,1
0,3258,300,91915965942761,91915967996601,91915968172676,2229.915,176.075,1,1
0,3259,300,91915967996601,91915970040150,91915970582448,2585.847,542.298,1,1
0,3260,300,91915970453914,91915972496324,91915972661689,2207.775,165.365,1,1
0,3261,300,91915972918288,91915974958237,91915975126452,2208.164,168.215,1,1
0,3262,300,91915975364681,91915977032907,91915977552735,2188.054,519.828,1,1
0,3263,300,91915977412670,91915979460060,91915979627435,2214.765,167.375,1,1
0,3264,300,91915979870074,91915981918023,91915982087549,2217.475,169.526,1,1
0,3265,300,91915982337368,91915983966233,91915984529072,2191.704,562.839,1,1
0,3266,300,91915984382057,91915986429226,91915986599202,2217.145,169.976,1,1
0,3267,300,91915986833190,91915988881639,91915989063625,2230.435,181.986,1,1
0,3268,300,91915989291413,91915990932939,91915991507529,2216.116,574.590,1,1
0,3269,300,91915991357524,91915993386022,91915993558308,2200.784,172.286,1,1
0,3270,300,91915993799746,91915995845015,91915996028592,2228.846,183.577,1,1
0,3271,300,91915996258400,91915998301289,91915998457455,2199.055,156.166,1,1
0,3272,300,91915998301289,91916000349058,91916000900097,2598.808,551.039,1,1
0,3273,300,91916000760613,91916002811292,91916002983648,2223.035,172.356,1,1
0,3274,300,91916003217266,91916005264025,91916005436011,2218.745,171.986,1,1
0,3275,300,91916005691930,91916007313154,91916007857273,2165.343,544.119,1,1
0,3276,300,91916007722429,91916009782159,91916009949205,2226.776,167.046,1,1
0,3277,300,91916010180521,91916012229492,91916012390177,2209.656,160.685,1,1
0,3278,300,91916012646866,91916014287861,91916014845771,2198.905,557.910,1,1
0,3279,300,91916014704405,91916016734644,91916016903900,2199.495,169.256,1,1
0,3280,300,91916017151468,91916019192408,91916019355673,2204.205,163.265,1,1
0,3281,300,91916019600721,91916021239727,91916021797257,2196.536,557.530,1,1
0,3282,300,91916021649652,91916023707211,91916023878297,2228.645,171.086,1,1
0,3283,300,91916024107234,91916026153614,91916026317660,2210.426,164.046,1,1
0,3284,300,91916026570998,91916028611747,91916028776323,2205.325,164.576,1,1
0,3285,300,91916028611747,91916030662607,91916031227406,2615.659,564.799,1,1
0,3286,300,91916031089362,91916033119591,91916033305327,2215.965,185.736,1,1
0,3287,300,91916033528274,91916035574673,91916035730859,2202.585,156.186,1,1
0,3288,300,91916035984238,91916037623873,91916038194552,2210.314,570.679,1,1
0,3289,300,91916038050058,91916040081266,91916040258173,2208.115,176.907,1,1
0,3290,300,91916040491030,91916042537760,91916042697675,2206.645,159.915,1,1
0,3291,300,91916042947664,91916044586890,91916045157319,2209.655,570.429,1,1
0,3292,300,91916044996203,91916047044512,91916047229159,2232.956,184.647,1,1
0,3293,300,91916047456857,91916049512786,91916049679702,2222.845,166.916,1,1
0,3294,300,91916049911930,91916051548895,91916052117945,2206.015,569.050,1,1
0,3295,300,91916051959200,91916054029980,91916054222086,2262.886,192.106,1,1
0,3296,300,91916054424953,91916056464902,91916056648859,2223.906,183.957,1,1
0,3297,300,91916056873906,91916058923916,91916059100211,2226.305,176.295,1,1
0,3298,300,91916058923916,91916060975466,91916061518014,2594.098,542.548,1,1
0,3299,300,91916061380499,91916063450890,91916063626485,2245.986,175.595,1,1
0,3300,300,91916063840763,91916065887212,91916066064678,2223.915,177.466,1,1
0,3301,300,91916066296976,91916067933581,91916068487390,2190.414,553.809,1,1
0,3302,300,91916068343866,91916070409765,91916070593021,2249.155,183.256,1,1
0,3303,300,91916070805829,91916072856658,91916073046665,2240.836,190.007,1,1
0,3304,300,91916073275993,91916074896218,91916075468047,2192.054,571.829,1,1
0,3305,300,91916075307492,91916077374611,91916077554708,2247.216,180.097,1,1
0,3306,300,91916077766895,91916079817055,91916079987031,2220.136,169.976,1,1
0,3307,300,91916080225068,91916081876144,91916082430384,2205.316,554.240,1,1
0,3308,300,91916082278468,91916084318548,91916084491123,2212.655,172.575,1,1
0,3309,300,91916084728691,91916086779451,91916086941816,2213.125,162.365,1,1
0,3310,300,91916087185875,91916089239215,91916089395900,2210.025,156.685,1,1
0,3311,300,91916089239215,91916091280344,91916091822742,2583.527,542.398,1,1
0,3312,300,91916091690217,91916093738517,91916093903103,2212.886,164.586,1,1
0,3313,300,91916094158432,91916096206671,91916096365316,2206.884,158.645,1,1
0,3314,300,91916096606885,91916098249260,91916098804979,2198.094,555.719,1,1
0,3315,300,91916098653204,91916100703253,91916100880109,2226.905,176.856,1,1
0,3316,300,91916101112917,91916103158857,91916103338623,2225.706,179.766,1,1
0,3317,300,91916103570521,91916105212236,91916105774556,2204.035,562.320,1,1
0,3318,300,91916105633260,91916107666079,91916107846266,2213.006,180.187,1,1
0,3319,300,91916108074314,91916110121703,91916110303129,2228.815,181.426,1,1
0,3320,300,91916110531286,91916112173453,91916112736362,2205.076,562.909,1,1
0,3321,300,91916112580266,91916114629516,91916114811142,2230.876,181.626,1,1
0,3322,300,91916115038350,91916117085159,91916117268795,2230.445,183.636,1,1
0,3323,300,91916117496303,91916119543523,91916119718398,2222.095,174.875,1,1
0,3324,300,91916119543523,91916121592212,91916122168811,2625.288,576.599,1,1
0,3325,300,91916122021946,91916124050265,91916124235342,2213.396,185.077,1,1
0,3326,300,91916124457949,91916126507569,91916126684665,2226.716,177.096,1,1
0,3327,300,91916126917053,91916128559338,91916129123888,2206.835,564.550,1,1
0,3328,300,91916128963532,91916131014862,91916131202258,2238.726,187.396,1,1
0,3329,300,91916131422795,91916133469845,91916133628611,2205.816,158.766,1,1
0,3330,300,91916133880589,91916135516915,91916136112625,2232.036,595.710,1,1
0,3331,300,91916135941479,91916137975168,91916138179154,2237.675,203.986,1,1
0,3332,300,91916138386032,91916140447802,91916140608977,2222.945,161.175,1,1
0,3333,300,91916140843065,91916142496871,91916143064801,2221.736,567.930,1,1
0,3334,300,91916142905976,91916144947514,91916145149401,2243.425,201.887,1,1
0,3335,300,91916145362458,91916147411698,91916147575424,2212.966,163.726,1,1
0,3336,300,91916147806592,91916149853261,91916150018537,2211.945,165.276,1,1
0,3337,300,91916149853261,91916151901060,91916152443069,2589.808,542.009,1,1
0,3338,300,91916152313374,91916154359253,91916154525370,2211.996,166.117,1,1
0,3339,300,91916154768268,91916156817777,91916156974073,2205.805,156.296,1,1
0,3340,300,91916157227301,91916158864206,91916159410255,2182.954,546.049,1,1
0,3341,300,91916159274081,91916161341621,91916161509977,2235.896,168.356,1,1
0,3342,300,91916161731114,91916163780463,91916163939039,2207.925,158.576,1,1
0,3343,300,91916164191738,91916165827913,91916166390152,2198.414,562.239,1,1
0,3344,300,91916166238247,91916168291877,91916168472562,2234.315,180.685,1,1
0,3345,300,91916168694571,91916170744610,91916170915036,2220.465,170.426,1,1
0,3346,300,91916171152033,91916172798650,91916173371879,2219.846,573.229,1,1
0,3347,300,91916173203533,91916175250172,91916175424578,2221.045,174.406,1,1
0,3348,300,91916175658246,91916177706666,91916177869921,2211.675,163.255,1,1
0,3349,300,91916178132081,91916180168909,91916180334116,2202.035,165.207,1,1
0,3350,300,91916180168909,91916182231910,91916182749667,2580.758,517.757,1,1
0,3351,300,91916182621142,91916184670292,91916184845538,2224.396,175.246,1,1
0,3352,300,91916185080546,91916187126746,91916187306491,2225.945,179.745,1,1
0,3353,300,91916187537329,91916189175045,91916189750025,2212.696,574.980,1,1
0,3354,300,91916189597889,91916191633169,91916191810544,2212.655,177.375,1,1
0,3355,300,91916192041832,91916194091552,91916194279188,2237.356,187.636,1,1
0,3356,300,91916194501596,91916196170092,91916196720261,2218.665,550.169,1,1
0,3357,300,91916196560715,91916198595295,91916198775381,2214.666,180.086,1,1
0,3358,300,91916199024820,91916201062978,91916201252445,2227.625,189.467,1,1
0,3359,300,91916201463952,91916203106428,91916203661246,2197.294,554.818,1,1
0,3360,300,91916203512711,91916205560291,91916205731987,2219.276,171.696,1,1
0,3361,300,91916205969015,91916208016394,91916208189100,2220.085,172.706,1,1
0,3362,300,91916208443589,91916210474598,91916210629573,2185.984,154.975,1,1
0,3363,300,91916210474598,91916212525128,91916213083136,2608.538,558.008,1,1
0,3364,300,91916212943902,91916214993271,91916215193808,2249.906,200.537,1,1
0,3365,300,91916215389495,91916217437484,91916217603910,2214.415,166.426,1,1
0,3366,300,91916217848328,91916219485743,91916220067693,2219.365,581.950,1,1
0,3367,300,91916219912608,91916221943917,91916222138273,2225.665,194.356,1,1
0,3368,300,91916222353921,91916224401540,91916224560866,2206.945,159.326,1,1
0,3369,300,91916224810784,91916226448050,91916227027450,2216.666,579.400,1,1
0,3370,300,91916226865314,91916228906363,91916229100920,2235.606,194.557,1,1
0,3371,300,91916229317777,91916231378277,91916231551013,2233.236,172.736,1,1
0,3372,300,91916231774360,91916233411426,91916233970995,2196.635,559.569,1,1
0,3373,300,91916233822690,91916235869269,91916236056685,2233.995,187.416,1,1
0,3374,300,91916236299454,91916238347093,91916238513219,2213.765,166.126,1,1
0,3375,300,91916238737186,91916240786986,91916240941411,2204.225,154.425,1,1
0,3376,300,91916240786986,91916242832746,91916243384604,2597.618,551.858,1,1
0,3377,300,91916243246570,91916245289819,91916245456954,2210.384,167.135,1,1
0,3378,300,91916245718884,91916247748803,91916247906767,2187.883,157.964,1,1
0,3379,300,91916248163856,91916249802042,91916250349901,2186.045,547.859,1,1
0,3380,300,91916250204966,91916252252756,91916252421321,2216.355,168.565,1,1
0,3381,300,91916252667129,91916254719859,91916254886615,2219.486,166.756,1,1
0,3382,300,91916255120653,91916256759888,91916257316917,2196.264,557.029,1,1
0,3383,300,91916257172852,91916259216961,91916259387947,2215.095,170.986,1,1
0,3384,300,91916259628975,91916261686975,91916261848000,2219.025,161.025,1,1
0,3385,300,91916262083609,91916263723135,91916264290614,2207.005,567.479,1,1
0,3386,300,91916264131908,91916266179917,91916266352744,2220.836,172.827,1,1
0,3387,300,91916266588902,91916268651151,91916268819307,2230.405,168.156,1,1
0,3388,300,91916269047875,91916271095685,91916271260180,2212.305,164.495,1,1
0,3389,300,91916271095685,91916273152574,91916273704553,2608.868,551.979,1,1
0,3390,300,91916273568558,91916275601377,91916275767063,2198.505,165.686,1,1
0,3391,300,91916276033462,91916278078001,91916278255207,2221.745,177.206,1,1
0,3392,300,91916278468374,91916280107220,91916280650989,2182.615,543.769,1,1
0,3393,300,91916280515305,91916282565544,91916282743650,2228.345,178.106,1,1
0,3394,300,91916282974528,91916285034448,91916285215714,2241.186,181.266,1,1
0,3395,300,91916285432331,91916287069106,91916287624655,2192.324,555.549,1,1
0,3396,300,91916287478531,91916289529050,91916289698646,2220.115,169.596,1,1
0,3397,300,91916289936613,91916291991623,91916292170580,2233.967,178.957,1,1
0,3398,300,91916292394607,91916294033663,91916294591332,2196.725,557.669,1,1
0,3399,300,91916294442877,91916296495806,91916296682052,2239.175,186.246,1,1
0,3400,300,91916296901420,91916298948470,91916299124135,2222.715,175.665,1,1
0,3401,300,91916299379414,91916301404863,91916301559578,2180.164,154.715,1,1
0,3402,300,91916301404863,91916303454073,91916304019382,2614.519,565.309,1,1
0,3403,300,91916303863266,91916305914666,91916306108293,2245.027,193.627,1,1
0,3404,300,91916306331240,91916308374190,91916308540895,2209.655,166.705,1,1
0,3405,300,91916308779163,91916310432499,91916310978978,2199.815,546.479,1,1
0,3406,300,91916310826432,91916312877302,91916313068298,2241.866,190.996,1,1
0,3407,300,91916313283386,91916315331355,91916315511572,2228.186,180.217,1,1
0,3408,300,91916315741860,91916317379435,91916317950404,2208.544,570.969,1,1
0,3409,300,91916317790369,91916319837988,91916320027625,2237.256,189.637,1,1
0,3410,300,91916320247222,91916322297111,91916322468287,2221.065,171.176,1,1
0,3411,300,91916322704076,91916324347141,91916324912000,2207.924,564.859,1,1
0,3412,300,91916324753465,91916326800984,91916326982571,2229.106,181.587,1,1
0,3413,300,91916327209869,91916329258018,91916329440334,2230.465,182.316,1,1
0,3414,300,91916329669602,91916331715161,91916331878397,2208.795,163.236,1,1
0,3415,300,91916331715161,91916333764991,91916334318420,2603.259,553.429,1,1
0,3416,300,91916334175055,91916336221114,91916336397310,2222.255,176.196,1,1
0,3417,300,91916336631668,91916338680488,91916338846273,2214.605,165.785,1,1
0,3418,300,91916339101862,91916340726857,91916341291916,2190.054,565.059,1,1
0,3419,300,91916341136561,91916343191440,91916343382267,2245.706,190.827,1,1
0,3420,300,91916343594734,91916345643104,91916345811249,2216.515,168.145,1,1
0,3421,300,91916346052938,91916347690603,91916348287524,2234.586,596.921,1,1
0,3422,300,91916348116008,91916350153177,91916350333643,2217.635,180.466,1,1
0,3423,300,91916350556770,91916352607490,91916352789117,2232.347,181.627,1,1
0,3424,300,91916353014804,91916354654250,91916355231689,2216.885,577.439,1,1
0,3425,300,91916355063743,91916357111323,91916357308930,2245.187,197.607,1,1
0,3426,300,91916357521837,91916359568216,91916359746402,2224.565,178.186,1,1
0,3427,300,91916359987091,91916362026579,91916362196665,2209.574,170.086,1,1
0,3428,300,91916362026579,91916364080209,91916364631338,2604.759,551.129,1,1
0,3429,300,91916364487103,91916366533943,91916366708859,2221.756,174.916,1,1
0,3430,300,91916366942507,91916368988666,91916369186632,2244.125,197.966,1,1
0,3431,300,91916369400100,91916371037486,91916371581974,2181.874,544.488,1,1
0,3432,300,91916371446289,91916373498169,91916373665794,2219.505,167.625,1,1
0,3433,300,91916373903903,91916375953172,91916376122048,2218.145,168.876,1,1
0,3434,300,91916376367006,91916378000821,91916378577922,2210.916,577.101,1,1
0,3435,300,91916378435416,91916380457935,91916380627841,2192.425,169.906,1,1
0,3436,300,91916380884629,91916382924359,91916383105355,2220.726,180.996,1,1
0,3437,300,91916383325743,91916384967548,91916385534827,2209.084,567.279,1,1
0,3438,300,91916385375092,91916387441532,91916387614078,2238.986,172.546,1,1
0,3439,300,91916387830466,91916389880125,91916390054710,2224.244,174.585,1,1
0,3440,300,91916390298999,91916392344388,91916392519755,2220.756,175.367,1,1
0,3441,300,91916392344388,91916394384578,91916394922846,2578.458,538.268,1,1
0,3442,300,91916394794152,91916396842521,91916397032427,2238.275,189.906,1,1
0,3443,300,91916397255545,91916399300245,91916399468490,2212.945,168.245,1,1
0,3444,300,91916399709328,91916401347984,91916401902682,2193.354,554.698,1,1
0,3445,300,91916401759188,91916403805977,91916403973673,2214.485,167.696,1,1
0,3446,300,91916404214671,91916406266481,91916406441526,2226.855,175.045,1,1
0,3447,300,91916406672254,91916408322001,91916408862519,2190.265,540.518,1,1
0,3448,300,91916408720494,91916410769274,91916410946609,2226.115,177.335,1,1
0,3449,300,91916411178527,91916413237437,91916413409223,2230.696,171.786,1,1
0,3450,300,91916413635341,91916415273997,91916415838976,2203.635,564.979,1,1
0,3451,300,91916415683320,91916417733500,91916417905216,2221.896,171.716,1,1
0,3452,300,91916418152034,91916420190333,91916420377380,2225.346,187.047,1,1
0,3453,300,91916420600997,91916422647686,91916422810522,2209.525,162.836,1,1
0,3454,300,91916422647686,91916424714527,91916425259715,2612.029,545.188,1,1
0,3455,300,91916425110930,91916427153589,91916427330796,2219.866,177.207,1,1
0,3456,300,91916427563463,91916429611993,91916429777459,2213.996,165.466,1,1
0,3457,300,91916430034777,91916431659203,91916432233841,2199.064,574.638,1,1
0,3458,300,91916432069706,91916434115845,91916434299672,2229.966,183.827,1,1
0,3459,300,91916434524870,91916436573689,91916436741195,2216.325,167.506,1,1
0,3460,300,91916436984593,91916438621958,91916439201298,2216.705,579.340,1,1
0,3461,300,91916439030473,91916441088712,91916441279839,2249.366,191.127,1,1
0,3462,300,91916441495246,91916443552296,91916443722791,2227.545,170.495,1,1
0,3463,300,91916443947970,91916445584094,91916446191585,2243.615,607.491,1,1
0,3464,300,91916446026929,91916448052959,91916448251185,2224.256,198.226,1,1
0,3465,300,91916448469013,91916450501652,91916450676417,2207.404,174.765,1,1
0,3466,300,91916450910325,91916452957765,91916453134911,2224.586,177.146,1,1
0,3467,300,91916452957765,91916455014945,91916455545843,2588.078,530.898,1,1
0,3468,300,91916455416369,91916457463478,91916457638604,2222.235,175.126,1,1
0,3469,300,91916457873051,91916459920332,91916460103467,2230.416,183.135,1,1
0,3470,300,91916460331525,91916461969721,91916462529880,2198.355,560.159,1,1
0,3471,300,91916462379524,91916464425874,91916464604650,2225.126,178.776,1,1
0,3472,300,91916464849678,91916466885388,91916467063593,2213.915,178.205,1,1
0,3473,300,91916467294341,91916468933597,91916469501866,2207.525,568.269,1,1
0,3474,300,91916469340841,91916471408491,91916471589117,2248.276,180.626,1,1
0,3475,300,91916471803264,91916473856734,91916474038550,2235.286,181.816,1,1
0,3476,300,91916474261797,91916475895403,91916476463212,2201.415,567.809,1,1
0,3477,300,91916476304367,91916478354087,91916478537353,2232.986,183.266,1,1
0,3478,300,91916478762000,91916480810960,91916480988296,2226.296,177.336,1,1
0,3479,300,91916481233514,91916483267413,91916483432039,2198.525,164.626,1,1
0,3480,300,91916483267413,91916485317523,91916485863491,2596.078,545.968,1,1
0,3481,300,91916485727037,91916487794597,91916487969173,2242.136,174.576,1,1
0,3482,300,91916488206701,91916490232809,91916490399845,2193.144,167.036,1,1
0,3483,300,91916490649984,91916492280449,91916492834728,2184.744,554.279,1,1
0,3484,300,91916492699394,91916494738152,91916494925809,2226.415,187.657,1,1
0,3485,300,91916495163157,91916497194926,91916497377962,2214.805,183.036,1,1
0,3486,300,91916497616280,91916499263266,91916499801844,2185.564,538.578,1,1
0,3487,300,91916499651229,91916501700449,91916501879865,2228.636,179.416,1,1
0,3488,300,91916502109723,91916504157722,91916504340198,2230.475,182.476,1,1
0,3489,300,91916504568686,91916506207481,91916506781961,2213.275,574.480,1,1
0,3490,300,91916506614656,91916508662965,91916508844441,2229.785,181.476,1,1
0,3491,300,91916509074789,91916511127298,91916511312824,2238.035,185.526,1,1
0,3492,300,91916511530222,91916513577952,91916513741037,2210.815,163.085,1,1
0,3493,300,91916513577952,91916515628161,91916516181820,2603.868,553.659,1,1
0,3494,300,91916516035595,91916518085035,91916518276621,2241.026,191.586,1,1
0,3495,300,91916518494418,91916520548538,91916520705084,2210.666,156.546,1,1
0,3496,300,91916520966242,91916522589358,91916523152567,2186.325,563.209,1,1
0,3497,300,91916522998211,91916525047151,91916525223637,2225.426,176.486,1,1
0,3498,300,91916525457965,91916527512634,91916527673690,2215.725,161.056,1,1
0,3499,300,91916527934209,91916529552104,91916530129033,2194.824,576.929,1,1
0,3500,300,91916529966988,91916532015257,91916532213594,2246.606,198.337,1,1
0,3501,300,91916532420381,91916534482020,91916534652816,2232.435,170.796,1,1
0,3502,300,91916534877665,91916536522020,91916537097320,2219.655,575.300,1,1
0,3503,300,91916536927184,91916538974593,91916539179550,2252.366,204.957,1,1
0,3504,300,91916539391748,91916541431496,91916541609573,2217.825,178.077,1,1
0,3505,300,91916541841851,91916543907731,91916544077886,2236.035,170.155,1,1
0,3506,300,91916543907731,91916545937859,91916546485338,2577.607,547.479,1,1
0,3507,300,91916546347564,91916548394283,91916548570089,2222.525,175.806,1,1
0,3508,300,91916548803467,91916550851876,91916551040682,2237.215,188.806,1,1
0,3509,300,91916551273750,91916552905156,91916553455355,2181.605,550.199,1,1
0,3510,300,91916553310110,91916555357569,91916555535636,2225.526,178.067,1,1
0,3511,300,91916555787594,91916557815623,91916557985229,2197.635,169.606,1,1
0,3512,300,91916558237957,91916559864002,91916560424391,2186.434,560.389,1,1
0,3513,300,91916560272616,91916562320936,91916562502102,2229.486,181.166,1,1
0,3514,300,91916562732290,91916564780029,91916564961165,2228.875,181.136,1,1
0,3515,300,91916565192983,91916566825798,91916567403438,2210.455,577.640,1,1
0,3516,300,91916567237703,91916569301422,91916569484848,2247.145,183.426,1,1
0,3517,300,91916569702356,91916571743015,91916571917291,2214.935,174.276,1,1
0,3518,300,91916572152359,91916574213049,91916574378164,2225.805,165.115,1,1
0,3519,300,91916574213049,91916576246368,91916576801517,2588.468,555.149,1,1
0,3520,300,91916576664972,91916578704562,91916578878937,2213.965,174.375,1,1
0,3521,300,91916579114605,91916581163704,91916581332600,2217.995,168.896,1,1
0,3522,300,91916581585539,91916583212304,91916583783664,2198.125,571.360,1,1
0,3523,300,91916583639549,91916585679258,91916585855914,2216.365,176.656,1,1
0,3524,300,91916586078062,91916588127371,91916588305407,2227.345,178.036,1,1
0,3525,300,91916588536595,91916590175421,91916590739830,2203.235,564.409,1,1
0,3526,300,91916590588395,91916592632474,91916592813000,2224.605,180.526,1,1
0,3527,300,91916593041528,91916595104357,91916595277094,2235.566,172.737,1,1
0,3528,300,91916595497932,91916597150428,91916597694126,2196.194,543.698,1,1
0,3529,300,91916597545721,91916599595060,91916600150619,2604.898,555.559,1,1
0,3530,300,91916600013955,91916602055163,91916602232930,2218.975,177.767,1,1
0,3531,300,91916602461408,91916604510247,91916604675823,2214.415,165.576,1,1
0,3532,300,91916604510247,91916606556746,91916607107465,2597.218,550.719,1,1
0,3533,300,91916606967101,91916609014800,91916609200956,2233.855,186.156,1,1
0,3534,300,91916609425894,91916611472423,91916611629089,2203.195,156.666,1,1
0,3535,300,91916611881597,91916613529503,91916614095012,2213.415,565.509,1,1
0,3536,300,91916613948327,91916615978286,91916616165042,2216.715,186.756,1,1
0,3537,300,91916616387920,91916618435650,91916618597345,2209.425,161.695,1,1
0,3538,300,91916618854124,91916620503080,91916621046978,2192.854,543.898,1,1
0,3539,300,91916620894303,91916622946252,91916623127679,2233.376,181.427,1,1
0,3540,300,91916623350506,91916625407286,91916625568852,2218.346,161.566,1,1
0,3541,300,91916625808009,91916627448565,91916628038495,2230.486,589.930,1,1
0,3542,300,91916627864059,91916629903989,91916630447617,2583.558,543.628,1,1
0,3543,300,91916630313712,91916632362492,91916632546519,2232.807,184.027,1,1
0,3544,300,91916632772256,91916634820235,91916634974161,2201.905,153.926,1,1
0,3545,300,91916634820235,91916636879846,91916637409763,2589.528,529.917,1,1
0,3546,300,91916637276849,91916639325248,91916639491654,2214.805,166.406,1,1
0,3547,300,91916639734572,91916641801442,91916641957228,2222.656,155.786,1,1
0,3548,300,91916642193176,91916643830951,91916644386780,2193.604,555.829,1,1
0,3549,300,91916644241145,91916646288844,91916646459350,2218.205,170.506,1,1
0,3550,300,91916646699388,91916648745588,91916648912874,2213.486,167.286,1,1
0,3551,300,91916649155802,91916650809648,91916651348626,2192.824,538.978,1,1
0,3552,300,91916651204281,91916653256961,91916653428597,2224.316,171.636,1,1
0,3553,300,91916653662775,91916655714125,91916655874480,2211.705,160.355,1,1
0,3554,300,91916656120708,91916657762974,91916658351804,2231.096,588.830,1,1
0,3555,300,91916658192608,91916660234558,91916660756926,2564.318,522.368,1,1
0,3556,300,91916660624641,91916662689680,91916662875818,2251.177,186.138,1,1
0,3557,300,91916663082885,91916665129704,91916665315310,2232.425,185.606,1,1
0,3558,300,91916665129704,91916667193963,91916667728512,2598.808,534.549,1,1
0,3559,300,91916667589247,91916669637067,91916669810762,2221.515,173.695,1,1
0,3560,300,91916670047001,91916672093390,91916672269246,2222.245,175.856,1,1
0,3561,300,91916672503234,91916674154560,91916674709028,2205.794,554.468,1,1
0,3562,300,91916674570554,91916676600233,91916676777868,2207.314,177.635,1,1
0,3563,300,91916677016467,91916679057687,91916679235502,2219.035,177.815,1,1
0,3564,300,91916679480220,91916681110275,91916681656834,2176.614,546.559,1,1
0,3565,300,91916681513559,91916683562039,91916683731245,2217.686,169.206,1,1
0,3566,300,91916683973493,91916686025573,91916686199068,2225.575,173.495,1,1
0,3567,300,91916686430956,91916688080472,91916688634821,2203.865,554.349,1,1
0,3568,300,91916688476806,91916690544106,91916691083214,2606.408,539.108,1,1
0,3569,300,91916690934789,91916692983049,91916693188095,2253.306,205.046,1,1
0,3570,300,91916693392633,91916695441472,91916695604318,2211.685,162.846,1,1
0,3571,300,91916695441472,91916697489652,91916698050121,2608.649,560.469,1,1
0,3572,300,91916697899375,91916699946995,91916700132372,2232.997,185.377,1,1
0,3573,300,91916700355249,91916702421619,91916702587394,2232.145,165.775,1,1
0,3574,300,91916702813713,91916704452788,91916705046798,2233.085,594.010,1,1
0,3575,300,91916704880973,91916706910941,91916707098638,2217.665,187.697,1,1
0,3576,300,91916707320205,91916709367984,91916709536260,2216.055,168.276,1,1
0,3577,300,91916709798319,91916711415984,91916711968173,2169.854,552.189,1,1
0,3578,300,91916711823868,91916713874157,91916714076575,2252.707,202.418,1,1
0,3579,300,91916714282462,91916716332281,91916716503037,2220.575,170.756,1,1
0,3580,300,91916716739194,91916718378040,91916718950650,2211.456,572.610,1,1
0,3581,300,91916718788224,91916720835334,91916721381863,2593.639,546.529,1,1
0,3582,300,91916721246948,91916723302308,91916723478203,2231.255,175.895,1,1
0,3583,300,91916723703421,91916725752411,91916725917636,2214.215,165.225,1,1
0,3584,300,91916725752411,91916727800960,91916728363139,2610.728,562.179,1,1
0,3585,300,91916728221305,91916730257863,91916730440240,2218.935,182.377,1,1
0,3586,300,91916730665667,91916732720567,91916732896963,2231.296,176.396,1,1
0,3587,300,91916733123521,91916734762036,91916735330445,2206.924,568.409,1,1
0,3588,300,91916735173301,91916737239240,91916737417866,2244.565,178.626,1,1
0,3589,300,91916737630603,91916739679263,91916739847178,2216.575,167.915,1,1
0,3590,300,91916740087767,91916741724863,91916742299132,2211.365,574.269,1,1
0,3591,300,91916742135666,91916744187776,91916744368592,2232.926,180.816,1,1
0,3592,300,91916744593680,91916746641970,91916746811255,2217.575,169.285,1,1
0,3593,300,91916747052323,91916748689809,91916749273779,2221.456,583.970,1,1
0,3594,300,91916749098792,91916751168992,91916751696901,2598.109,527.909,1,1
0,3595,300,91916751557116,91916753613386,91916753788101,2230.985,174.715,1,1
0,3596,300,91916754017429,91916756061939,91916756229295,2211.866,167.356,1,1
0,3597,300,91916756061939,91916758119088,91916758650297,2588.358,531.209,1,1
0,3598,300,91916758518252,91916760567061,91916760732508,2214.256,165.447,1,1
0,3599,300,91916760983276,91916763026045,91916763191531,2208.255,165.486,1,1
0,3600,300,91916763443689,91916765074394,91916765628814,2185.125,554.420,1,1
0,3601,300,91916765481829,91916767531908,91916767708934,2227.105,177.026,1,1
0,3602,300,91916767941492,91916770021303,91916770211389,2269.897,190.086,1,1
0,3603,300,91916770396995,91916772037091,91916772609330,2212.335,572.239,1,1
0,3604,300,91916772455716,91916774501335,91916774681110,2225.394,179.775,1,1
0,3605,300,91916774904299,91916776952078,91916777154815,2250.516,202.737,1,1
0,3606,300,91916777360571,91916778999597,91916779582147,2221.576,582.550,1,1
0,3607,300,91916779410591,91916781457070,91916781999519,2588.928,542.449,1,1
0,3608,300,91916781866985,91916783923055,91916784120131,2253.146,197.076,1,1
0,3609,300,91916784345039,91916786373628,91916786540093,2195.054,166.465,1,1
0,3610,300,91916786373628,91916788421187,91916788975525,2601.897,554.338,1,1
0,3611,300,91916788835901,91916790878130,91916791053596,2217.695,175.466,1,1
0,3612,300,91916791297694,91916793335474,91916793502829,2205.135,167.355,1,1
0,3613,300,91916793748517,91916795384013,91916795934252,2185.735,550.239,1,1
0,3614,300,91916795791997,91916797841317,91916798029283,2237.286,187.966,1,1
0,3615,300,91916798251990,91916800304410,91916800472616,2220.626,168.206,1,1
0,3616,300,91916800709634,91916802348389,91916802909889,2200.255,561.500,1,1
0,3617,300,91916802756683,91916804803293,91916804993919,2237.236,190.626,1,1
0,3618,300,91916805216586,91916807261266,91916807432592,2216.006,171.326,1,1
0,3619,300,91916807674870,91916809309676,91916809890855,2215.985,581.179,1,1
0,3620,300,91916809720199,91916811767499,91916812330619,2610.420,563.120,1,1
0,3621,300,91916812195624,91916814234793,91916814411929,2216.305,177.136,1,1
0,3622,300,91916814633826,91916816681986,91916816858631,2224.805,176.645,1,1
0,3623,300,91916816681986,91916818729825,91916819289514,2607.528,559.689,1,1
0,3624,300,91916819147349,91916821188648,91916821364315,2216.966,175.667,1,1
0,3625,300,91916821615903,91916823646502,91916823814578,2198.675,168.076,1,1
0,3626,300,91916824054795,91916825696892,91916826261441,2206.646,564.549,1,1
0,3627,300,91916826103446,91916828152625,91916828330881,2227.435,178.256,1,1
0,3628,300,91916828568739,91916830607928,91916830777254,2208.515,169.326,1,1
0,3629,300,91916831017562,91916832660828,91916833220427,2202.865,559.599,1,1
0,3630,300,91916833065582,91916835119041,91916835299447,2233.865,180.406,1,1
0,3631,300,91916835524265,91916837573015,91916837733200,2208.935,160.185,1,1
0,3632,300,91916837981948,91916839620044,91916840188244,2206.296,568.200,1,1
0,3633,300,91916840030238,91916842079087,91916842614126,2583.888,535.039,1,1
0,3634,300,91916842488492,91916844536461,91916844701566,2213.074,165.105,1,1
0,3635,300,91916844946454,91916846993575,91916847172730,2226.276,179.155,1,1
0,3636,300,91916846993575,91916849042664,91916849583492,2589.917,540.828,1,1
0,3637,300,91916849450907,91916851499897,91916851673453,2222.546,173.556,1,1
0,3638,300,91916851907161,91916853956641,91916854125436,2218.275,168.795,1,1
0,3639,300,91916854365294,91916856013961,91916856554109,2188.815,540.148,1,1
0,3640,300,91916856415023,91916858462324,91916858640919,2225.896,178.595,1,1
0,3641,300,91916858886447,91916860918816,91916861098073,2211.626,179.257,1,1
0,3642,300,91916861328031,91916862968766,91916863532415,2204.384,563.649,1,1
0,3643,300,91916863377110,91916865425139,91916865605765,2228.655,180.626,1,1
0,3644,300,91916865835363,91916867881523,91916868051968,2216.605,170.445,1,1
0,3645,300,91916868292027,91916869930053,91916870503461,2211.434,573.408,1,1
0,3646,300,91916870340496,91916872387535,91916872923214,2582.718,535.679,1,1
0,3647,300,91916872797840,91916874844709,91916875020035,2222.195,175.326,1,1
0,3648,300,91916875256013,91916877304362,91916877461858,2205.845,157.496,1,1
0,3649,300,91916877304362,91916879351802,91916879892040,2587.678,540.238,1,1
0,3650,300,91916879760266,91916881809345,91916881974211,2213.945,164.866,1,1
0,3651,300,91916882218620,91916884274399,91916884434275,2215.655,159.876,1,1
0,3652,300,91916884676842,91916886314588,91916886887058,2210.216,572.470,1,1
0,3653,300,91916886740443,91916888773302,91916888950538,2210.095,177.236,1,1
0,3654,300,91916889184606,91916891230795,91916891393780,2209.174,162.985,1,1
0,3655,300,91916891639799,91916893292875,91916893832323,2192.524,539.448,1,1
0,3656,300,91916893686709,91916895734688,91916895904204,2217.495,169.516,1,1
0,3657,300,91916896162593,91916898192462,91916898367367,2204.774,174.905,1,1
0,3658,300,91916898621486,91916900241661,91916900812150,2190.664,570.489,1,1
0,3659,300,91916900651625,91916902699324,91916903262433,2610.808,563.109,1,1
0,3660,300,91916903108908,91916905155808,91916905333123,2224.215,177.315,1,1
0,3661,300,91916905564961,91916907632702,91916907798628,2233.667,165.926,1,1
0,3662,300,91916907632702,91916909662551,91916910233089,2600.387,570.538,1,1
0,3663,300,91916910070894,91916912129794,91916912322031,2251.137,192.237,1,1
0,3664,300,91916912541088,91916914575917,91916914743503,2202.415,167.586,1,1
0,3665,300,91916914986651,91916916624127,91916917196046,2209.395,571.919,1,1
0,3666,300,91916917039641,91916919084230,91916919271877,2232.236,187.647,1,1
0,3667,300,91916919492224,91916921547164,91916921717350,2225.126,170.186,1,1
0,3668,300,91916921949068,91916923587753,91916924179983,2230.915,592.230,1,1
0,3669,300,91916923998767,91916926044926,91916926234983,2236.216,190.057,1,1
0,3670,300,91916926455040,91916928503609,91916928687736,2232.696,184.127,1,1
0,3671,300,91916928912604,91916930550259,91916931173230,2260.626,622.971,1,1
0,3672,300,91916930979754,91916933034003,91916933580482,2600.728,546.479,1,1
0,3673,300,91916933439858,91916935467416,91916935643862,2204.004,176.446,1,1
0,3674,300,91916935877440,91916937941720,91916938130357,2252.917,188.637,1,1
0,3675,300,91916937941720,91916939988900,91916940541438,2599.718,552.538,1,1
0,3676,300,91916940400573,91916942450463,91916942625219,2224.646,174.756,1,1
0,3677,300,91916942840427,91916944886306,91916945068512,2228.085,182.206,1,1
0,3678,300,91916945298049,91916946946625,91916947500894,2202.845,554.269,1,1
0,3679,300,91916947352939,91916949397528,91916949586565,2233.626,189.037,1,1
0,3680,300,91916949802192,91916951851182,91916952039168,2236.976,187.986,1,1
0,3681,300,91916952259676,91916953900041,91916954464010,2204.334,563.969,1,1
0,3682,300,91916954309266,91916956356805,91916956548252,2238.986,191.447,1,1
0,3683,300,91916956766668,91916958813558,91916958990414,2223.746,176.856,1,1
0,3684,300,91916959236262,91916960862258,91916961433637,2197.375,571.379,1,1
0,3685,300,91916961271321,91916963319721,91916963883310,2611.989,563.589,1,1
0,3686,300,91916963746266,91916965776564,91916965951280,2205.014,174.716,1,1
0,3687,300,91916966187038,91916968235367,91916968401973,2214.935,166.606,1,1
0,3688,300,91916968235367,91916970295138,91916970835346,2599.979,540.208,1,1
0,3689,300,91916970691061,91916972739840,91916972916897,2225.836,177.057,1,1
0,3690,300,91916973152524,91916975209594,91916975369939,2217.415,160.345,1,1
0,3691,300,91916975607908,91916977245984,91916977803222,2195.314,557.238,1,1
0,3692,300,91916977656617,91916979718028,91916979884943,2228.326,166.915,1,1
0,3693,300,91916980113061,91916982162060,91916982324736,2211.675,162.676,1,1
0,3694,300,91916982570934,91916984223311,91916984763899,2192.965,540.588,1,1
0,3695,300,91916984618154,91916986678623,91916986847639,2229.485,169.016,1,1
0,3696,300,91916987075697,91916989125386,91916989304863,2229.166,179.477,1,1
0,3697,300,91916989536351,91916991171976,91916991734945,2198.594,562.969,1,1
0,3698,300,91916991582950,91916993629539,91916994173408,2590.458,543.869,1,1
0,3699,300,91916994040653,91916996094393,91916996266569,2225.916,172.176,1,1
0,3700,300,91916996498227,91916998562426,91916998718652,2220.425,156.226,1,1
0,3701,300,91916998562426,91917000592625,91917001153815,2591.389,561.190,1,1
0,3702,300,91917001014760,91917003050789,91917003239135,2224.375,188.346,1,1
0,3703,300,91917003460122,91917005507333,91917005666198,2206.076,158.865,1,1
0,3704,300,91917005917346,91917007556802,91917008114421,2197.075,557.619,1,1
0,3705,300,91917007964755,91917010017965,91917010194562,2229.807,176.597,1,1
0,3706,300,91917010422579,91917012487929,91917012657705,2235.126,169.776,1,1
0,3707,300,91917012881332,91917014528929,91917015101828,2220.496,572.899,1,1
0,3708,300,91917014945193,91917016995102,91917017199799,2254.606,204.697,1,1
0,3709,300,91917017407156,91917019435965,91917019599020,2191.864,163.055,1,1
0,3710,300,91917019846199,91917021482255,91917022076954,2230.755,594.699,1,1
0,3711,300,91917021893448,91917023941238,91917024477416,2583.968,536.178,1,1
0,3712,300,91917024349991,91917026399312,91917026576267,2226.276,176.955,1,1
0,3713,300,91917026813275,91917028862785,91917029041230,2227.955,178.445,1,1
0,3714,300,91917028862785,91917030904074,91917031447832,2585.047,543.758,1,1
0,3715,300,91917031313258,91917033360597,91917033529083,2215.825,168.486,1,1
0,3716,300,91917033778331,91917035818641,91917035976956,2198.625,158.315,1,1
0,3717,300,91917036246805,91917037866780,91917038417278,2170.473,550.498,1,1
0,3718,300,91917038276234,91917040337494,91917040518690,2242.456,181.196,1,1
0,3719,300,91917040734598,91917042782967,91917042943732,2209.134,160.765,1,1
0,3720,300,91917043193071,91917044838177,91917045386396,2193.325,548.219,1,1
0,3721,300,91917045239451,91917047286870,91917047460505,2221.054,173.635,1,1
0,3722,300,91917047697164,91917049746253,91917049909068,2211.904,162.815,1,1
0,3723,300,91917050170598,91917051792292,91917052363072,2192.474,570.780,1,1
0,3724,300,91917052209167,91917054250356,91917054791984,2582.817,541.628,1,1
0,3725,300,91917054665840,91917056721560,91917056886705,2220.865,165.145,1,1
0,3726,300,91917057118073,91917059176784,91917059347289,2229.216,170.505,1,1
0,3727,300,91917059176784,91917061227433,91917061765141,2588.357,537.708,1,1
0,3728,300,91917061624757,91917063670356,91917063847772,2223.015,177.416,1,1
0,3729,300,91917064082759,91917066128200,91917066307415,2224.656,179.215,1,1
0,3730,300,91917066551153,91917068178649,91917068733327,2182.174,554.678,1,1
0,3731,300,91917068586642,91917070633532,91917070812678,2226.036,179.146,1,1
0,3732,300,91917071043566,91917073093236,91917073285712,2242.146,192.476,1,1
0,3733,300,91917073502709,91917075150736,91917075715125,2212.416,564.389,1,1
0,3734,300,91917075561289,91917077603288,91917077784835,2223.546,181.547,1,1
0,3735,300,91917078016183,91917080056462,91917080251458,2235.275,194.996,1,1
0,3736,300,91917080470955,91917082111761,91917082675610,2204.655,563.849,1,1
0,3737,300,91917082514595,91917084562135,91917085124954,2610.359,562.819,1,1
0,3738,300,91917084979759,91917087038599,91917087236905,2257.146,198.306,1,1
0,3739,300,91917087427882,91917089485222,91917089650907,2223.025,165.685,1,1
0,3740,300,91917089885066,91917091523650,91917092085310,2200.244,561.660,1,1
0,3741,300,91917091933485,91917093983044,91917094181301,2247.816,198.257,1,1
0,3742,300,91917094392258,91917096439887,91917096608083,2215.825,168.196,1,1
0,3743,300,91917096855832,91917098502098,91917099055407,2199.575,553.309,1,1
0,3744,300,91917098897041,91917100946170,91917101137497,2240.456,191.327,1,1
0,3745,300,91917101353785,91917103402314,91917103580109,2226.324,177.795,1,1
0,3746,300,91917103828368,91917105470184,91917106025103,2196.735,554.919,1,1
0,3747,300,91917105859297,91917107908017,91917108101283,2241.986,193.266,1,1
0,3748,300,91917108333601,91917110367340,91917110546767,2213.166,179.427,1,1
0,3749,300,91917110776574,91917112412919,91917112983499,2206.925,570.580,1,1
0,3750,300,91917112822364,91917114872023,91917115423472,2601.108,551.449,1,1
0,3751,300,91917115280946,91917117344387,91917117520222,2239.276,175.835,1,1
0,3752,300,91917117738340,91917119787740,91917119964376,2226.036,176.636,1,1
0,3753,300,91917120198203,91917121834959,91917122385438,2187.235,550.479,1,1
0,3754,300,91917122243473,91917124291453,91917124470368,2226.895,178.915,1,1
0,3755,300,91917124702976,91917126751396,91917126918841,2215.865,167.445,1,1
0,3756,300,91917127159040,91917128817396,91917129375685,2216.645,558.289,1,1
0,3757,300,91917129227010,91917131270529,91917131451106,2224.096,180.577,1,1
0,3758,300,91917131666813,91917133712832,91917133883188,2216.375,170.356,1,1
0,3759,300,91917134123166,91917135762332,91917136336721,2213.555,574.389,1,1
0,3760,300,91917136171805,91917138219236,91917138402972,2231.167,183.736,1,1
0,3761,300,91917138629589,91917140675288,91917140838344,2208.755,163.056,1,1
0,3762,300,91917141087802,91917142725458,91917143317448,2229.646,591.990,1,1
0,3763,300,91917143133392,91917145180851,91917145718819,2585.427,537.968,1,1
0,3764,300,91917145592705,91917147640644,91917147805151,2212.446,164.507,1,1
0,3765,300,91917148049959,91917150097668,91917150276184,2226.225,178.516,1,1
0,3766,300,91917150510082,91917152152748,91917152686846,2176.764,534.098,1,1
0,3767,300,91917152554482,91917154614151,91917154781327,2226.845,167.176,1,1
0,3768,300,91917155016565,91917157061864,91917157241011,2224.446,179.147,1,1
0,3769,300,91917157469558,91917159108184,91917159682773,2213.215,574.589,1,1
0,3770,300,91917159534878,91917161570027,91917161749943,2215.065,179.916,1,1
0,3771,300,91917161974951,91917164024141,91917164198996,2224.045,174.855,1,1
0,3772,300,91917164432774,91917166070960,91917166640310,2207.536,569.350,1,1
0,3773,300,91917166491024,91917168533163,91917168705189,2214.165,172.026,1,1
0,3774,300,91917168938227,91917170988297,91917171173123,2234.896,184.826,1,1
0,3775,300,91917171395641,91917173041177,91917173597455,2201.814,556.278,1,1
0,3776,300,91917173444971,91917175508010,91917176037508,2592.537,529.498,1,1
0,3777,300,91917175901363,91917177949553,91917178125249,2223.886,175.696,1,1
0,3778,300,91917178376988,91917180408917,91917180565911,2188.923,156.994,1,1
0,3779,300,91917180819170,91917182454526,91917182997314,2178.144,542.788,1,1
0,3780,300,91917182864920,91917184913480,91917185091525,2226.605,178.045,1,1
0,3781,300,91917185339943,91917187370602,91917187529958,2190.015,159.356,1,1
0,3782,300,91917187781967,91917189430133,91917189976041,2194.074,545.908,1,1
0,3783,300,91917189828916,91917191877006,91917192067252,2238.336,190.246,1,1
0,3784,300,91917192285850,91917194343919,91917194514645,2228.795,170.726,1,1
0,3785,300,91917194742813,91917196391718,91917196947708,2204.895,555.990,1,1
0,3786,300,91917196790582,91917198838591,91917199031968,2241.386,193.377,1,1
0,3787,300,91917199255156,91917201297155,91917201482441,2227.285,185.286,1,1
0,3788,300,91917201706749,91917203775660,91917203937025,2230.276,161.365,1,1
0,3789,300,91917203775660,91917205818579,91917206366467,2590.807,547.888,1,1
0,3790,300,91917206230822,91917208259811,91917208447147,2216.325,187.336,1,1
0,3791,300,91917208671396,91917210718915,91917210884391,2212.995,165.476,1,1
0,3792,300,91917211150859,91917212771935,91917213336134,2185.275,564.199,1,1
0,3793,300,91917213186479,91917215223488,91917215408834,2222.355,185.346,1,1
0,3794,300,91917215653842,91917217680431,91917217852577,2198.735,172.146,1,1
0,3795,300,91917218092275,91917219750281,91917220319250,2226.975,568.969,1,1
0,3796,300,91917220170575,91917222188334,91917222381711,2211.136,193.377,1,1
0,3797,300,91917222599618,91917224645798,91917224815913,2216.295,170.115,1,1
0,3798,300,91917225053611,91917226691487,91917227276437,2222.826,584.950,1,1
0,3799,300,91917227101200,91917229153950,91917229337316,2236.116,183.366,1,1
0,3800,300,91917229558744,91917231610414,91917231782220,2223.476,171.806,1,1
0,3801,300,91917232019267,91917234065177,91917234238413,2219.146,173.236,1,1
0,3802,300,91917234065177,91917236113067,91917236665615,2600.438,552.548,1,1
0,3803,300,91917236524210,91917238571220,91917238748836,2224.626,177.616,1,1
0,3804,300,91917238980814,91917241042884,91917241220270,2239.456,177.386,1,1
0,3805,300,91917241437187,91917243093823,91917243638162,2200.975,544.339,1,1
0,3806,300,91917243493737,91917245535007,91917245712072,2218.335,177.065,1,1
0,3807,300,91917245944520,91917247992979,91917248183786,2239.266,190.807,1,1
0,3808,300,91917248402074,91917250046019,91917250597338,2195.264,551.319,1,1
0,3809,300,91917250449753,91917252498423,91917252686419,2236.666,187.996,1,1
0,3810,300,91917252907116,91917254973137,91917255161623,2254.507,188.486,1,1
0,3811,300,91917255382330,91917257015026,91917257568345,2186.015,553.319,1,1
0,3812,300,91917257413429,91917259460538,91917259642375,2228.946,181.837,1,1
0,3813,300,91917259889373,91917261916882,91917262103588,2214.215,186.706,1,1
0,3814,300,91917262327956,91917264376165,91917264529250,2201.294,153.085,1,1
0,3815,300,91917264376165,91917266423555,91917266977703,2601.538,554.148,1,1
0,3816,300,91917266844230,91917268882608,91917269082055,2237.825,199.447,1,1
0,3817,300,91917269309183,91917271339942,91917271507938,2198.755,167.996,1,1
0,3818,300,91917271758436,91917273386941,91917273941020,2182.584,554.079,1,1
0,3819,300,91917273795365,91917275844075,91917276043761,2248.396,199.686,1,1
0,3820,300,91917276258409,91917278302418,91917278477864,2219.455,175.446,1,1
0,3821,300,91917278710562,91917280350087,91917280913486,2202.924,563.399,1,1
0,3822,300,91917280765731,91917282816442,91917283018898,2253.167,202.456,1,1
0,3823,300,91917283218104,91917285265165,91917285448611,2230.507,183.446,1,1
0,3824,300,91917285689048,91917287312664,91917287868662,2179.614,555.998,1,1
0,3825,300,91917287722827,91917289770717,91917289942023,2219.196,171.306,1,1
0,3826,300,91917290179781,91917292235541,91917292409866,2230.085,174.325,1,1
0,3827,300,91917292638274,91917294686903,91917294839529,2201.255,152.626,1,1
0,3828,300,91917294686903,91917296733994,91917297279202,2592.299,545.208,1,1
0,3829,300,91917297151948,91917299198817,91917299365063,2213.115,166.246,1,1
0,3830,300,91917299601401,91917301648870,91917301805195,2203.794,156.325,1,1
0,3831,300,91917302059254,91917303697130,91917304262279,2203.025,565.149,1,1
0,3832,300,91917304112994,91917306155942,91917306324648,2211.654,168.706,1,1
0,3833,300,91917306573638,91917308620427,91917308789853,2216.215,169.426,1,1
0,3834,300,91917309021181,91917310661666,91917311229655,2208.474,567.989,1,1
0,3835,300,91917311071060,91917313119429,91917313310426,2239.366,190.997,1,1
0,3836,300,91917313527203,91917315583833,91917315764879,2237.676,181.046,1,1
0,3837,300,91917315984196,91917317624302,91917318205662,2221.466,581.360,1,1
0,3838,300,91917318049416,91917320081345,91917320273902,2224.486,192.557,1,1
0,3839,300,91917320489890,91917322554849,91917322717935,2228.045,163.086,1,1
0,3840,300,91917322947212,91917324996572,91917325178169,2230.957,181.597,1,1
0,3841,300,91917324996572,91917327045382,91917327579650,2583.078,534.268,1,1
0,3842,300,91917327452776,91917329503015,91917329679151,2226.375,176.136,1,1
0,3843,300,91917329912589,91917331958739,91917332132344,2219.755,173.605,1,1
0,3844,300,91917332367962,91917334034929,91917334562566,2194.604,527.637,1,1
0,3845,300,91917334421002,91917336464961,91917336642307,2221.305,177.346,1,1
0,3846,300,91917336876145,91917338936605,91917339131942,2255.797,195.337,1,1
0,3847,300,91917339333048,91917340991375,91917341527814,2194.766,536.439,1,1
0,3848,300,91917341379538,91917343429338,91917343609023,2229.485,179.685,1,1
0,3849,300,91917343856472,91917345884850,91917346077717,2221.245,192.867,1,1
0,3850,300,91917346296405,91917347934411,91917348498240,2201.835,563.829,1,1
0,3851,300,91917348342654,91917350411844,91917350594370,2251.716,182.526,1,1
0,3852,300,91917350813368,91917352850218,91917353023793,2210.425,173.575,1,1
0,3853,300,91917353262321,91917355307510,91917355461436,2199.115,153.926,1,1
0,3854,300,91917355307510,91917357361640,91917357899468,2591.958,537.828,1,1
0,3855,300,91917357765454,91917359812203,91917359986950,2221.496,174.747,1,1
0,3856,300,91917360222767,91917362269757,91917362428012,2205.245,158.255,1,1
0,3857,300,91917362678561,91917364317886,91917364860765,2182.204,542.879,1,1
0,3858,300,91917364727810,91917366776959,91917366954026,2226.216,177.067,1,1
0,3859,300,91917367192654,91917369232353,91917369401109,2208.455,168.756,1,1
0,3860,300,91917369664387,91917371301063,91917371852302,2187.915,551.239,1,1
0,3861,300,91917371696186,91917373758697,91917373948703,2252.517,190.006,1,1
0,3862,300,91917374150190,91917376196089,91917376367175,2216.985,171.086,1,1
0,3863,300,91917376609454,91917378256469,91917378807858,2198.404,551.389,1,1
0,3864,300,91917378653673,91917380701502,91917380886938,2233.265,185.436,1,1
0,3865,300,91917381125437,91917383163326,91917383338822,2213.385,175.496,1,1
0,3866,300,91917383570089,91917385618619,91917385790875,2220.786,172.256,1,1
0,3867,300,91917385618619,91917387679909,91917388223728,2605.109,543.819,1,1
0,3868,300,91917388081483,91917390123312,91917390305918,2224.435,182.606,1,1
0,3869,300,91917390546336,91917392581476,91917392747241,2200.905,165.765,1,1
0,3870,300,91917393019781,91917394628065,91917395203994,2184.213,575.929,1,1
0,3871,300,91917395051249,91917397086298,91917397279275,2228.026,192.977,1,1
0,3872,300,91917397495312,91917399543132,91917399711027,2215.715,167.895,1,1
0,3873,300,91917399959036,91917401603702,91917402173900,2214.864,570.198,1,1
0,3874,300,91917402014515,91917404048255,91917404238671,2224.156,190.416,1,1
0,3875,300,91917404459098,91917406505857,91917406682654,2223.556,176.797,1,1
0,3876,300,91917406923942,91917408555577,91917409131597,2207.655,576.020,1,1
0,3877,300,91917408964811,91917411016541,91917411209278,2244.467,192.737,1,1
0,3878,300,91917411430395,91917413480954,91917413653880,2223.485,172.926,1,1
0,3879,300,91917413879988,91917415927827,91917416112693,2232.705,184.866,1,1
0,3880,300,91917415927827,91917417975686,91917418520565,2592.738,544.879,1,1
0,3881,300,91917418385401,91917420450331,91917420625177,2239.776,174.846,1,1
0,3882,300,91917420844824,91917422900814,91917423083190,2238.366,182.376,1,1
0,3883,300,91917423318278,91917424938793,91917425489811,2171.533,551.018,1,1
0,3884,300,91917425347537,91917427397486,91917427575493,2227.956,178.007,1,1
0,3885,300,91917427807501,91917429853200,91917430037596,2230.095,184.396,1,1
0,3886,300,91917430263363,91917431919360,91917432462208,2198.845,542.848,1,1
0,3887,300,91917432312823,91917434358813,91917434538769,2225.946,179.956,1,1
0,3888,300,91917434783157,91917436816276,91917436986082,2202.925,169.806,1,1
0,3889,300,91917437226620,91917438885206,91917439440835,2214.215,555.629,1,1
0,3890,300,91917439274910,91917441323539,91917441506185,2231.275,182.646,1,1
0,3891,300,91917441731932,91917443779293,91917443962549,2230.617,183.256,1,1
0,3892,300,91917444190316,91917446239116,91917446402961,2212.645,163.845,1,1
0,3893,300,91917446239116,91917448285905,91917448846205,2607.089,560.300,1,1
0,3894,300,91917448708870,91917450744669,91917450931085,2222.215,186.416,1,1
0,3895,300,91917451153822,91917453202362,91917453388129,2234.307,185.767,1,1
0,3896,300,91917453611766,91917455249202,91917455798390,2186.624,549.188,1,1
0,3897,300,91917455657855,91917457705665,91917457882861,2225.006,177.196,1,1
0,3898,300,91917458117079,91917460166069,91917460335294,2218.215,169.225,1,1
0,3899,300,91917460573212,91917462213438,91917462782257,2209.045,568.819,1,1
0,3900,300,91917462634282,91917464672132,91917464856908,2222.626,184.776,1,1
0,3901,300,91917465087606,91917467127694,91917467297940,2210.334,170.246,1,1
0,3902,300,91917467537189,91917469175534,91917469756104,2218.915,580.570,1,1
0,3903,300,91917469600328,91917471633347,91917471805103,2204.775,171.756,1,1
0,3904,300,91917472046391,91917474089721,91917474262356,2215.965,172.635,1,1
0,3905,300,91917474506015,91917476549414,91917476702030,2196.015,152.616,1,1
0,3906,300,91917476549414,91917478597033,91917479159392,2609.978,562.359,1,1
0,3907,300,91917479022478,91917481054857,91917481240443,2217.965,185.586,1,1
0,3908,300,91917481462481,91917483527691,91917483693367,2230.886,165.676,1,1
0,3909,300,91917483920244,91917485570450,91917486122129,2201.885,551.679,1,1
0,3910,300,91917485969664,91917488017703,91917488195040,2225.376,177.337,1,1
0,3911,300,91917488426368,91917490473977,91917490632832,2206.464,158.855,1,1
0,3912,300,91917490892341,91917492522036,91917493092996,2200.655,570.960,1,1
0,3913,300,91917492936600,91917494996530,91917495186827,2250.227,190.297,1,1
0,3914,300,91917495395124,91917497448014,91917497619809,2224.685,171.795,1,1
0,3915,300,91917497849237,91917499486722,91917500076282,2227.045,589.560,1,1
0,3916,300,91917499896167,91917501954326,91917502164343,2268.176,210.017,1,1
0,3917,300,91917502352539,91917504400360,91917504584766,2232.227,184.406,1,1
0,3918,300,91917504810863,91917506877953,91917507056070,2245.207,178.117,1,1
0,3919,300,91917506877953,91917508907492,91917509459921,2581.968,552.429,1,1
0,3920,300,91917509317156,91917511385086,91917511561222,2244.066,176.136,1,1
0,3921,300,91917511777369,91917513822429,91917513987875,2210.506,165.446,1,1
0,3922,300,91917514232743,91917515869159,91917516423497,2190.754,554.338,1,1
0,3923,300,91917516281132,91917518328742,91917518507708,2226.576,178.966,1,1
0,3924,300,91917518735916,91917520784295,91917520952181,2216.265,167.886,1,1
0,3925,300,91917521196479,91917522833035,91917523392983,2196.504,559.948,1,1
0,3926,300,91917523243868,91917525290498,91917525466904,2223.036,176.406,1,1
0,3927,300,91917525701392,91917527766732,91917527948129,2246.737,181.397,1,1
0,3928,300,91917528158915,91917529815711,91917530372341,2213.426,556.630,1,1
0,3929,300,91917530213965,91917532254884,91917532438160,2224.195,183.276,1,1
0,3930,300,91917532662328,91917534712137,91917534884753,2222.425,172.616,1,1
0,3931,300,91917535121332,91917537170081,91917537333466,2212.134,163.385,1,1
0,3932,300,91917537170081,91917539217890,91917539768449,2598.368,550.559,1,1
0,3933,300,91917539626645,91917541696715,91917541882801,2256.156,186.086,1,1
0,3934,300,91917542083848,91917544131427,91917544307663,2223.815,176.236,1,1
0,3935,300,91917544552781,91917546182006,91917546723496,2170.715,541.490,1,1
0,3936,300,91917546589901,91917548638960,91917548816007,2226.106,177.047,1,1
0,3937,300,91917549047695,91917551095144,91917551277850,2230.155,182.706,1,1
0,3938,300,91917551505237,91917553162104,91917553700412,2195.175,538.308,1,1
0,3939,300,91917553552337,91917555609537,91917555789052,2236.715,179.515,1,1
0,3940,300,91917556020090,91917558063540,91917558245076,2224.986,181.536,1,1
0,3941,300,91917558467414,91917560126220,91917560681559,2214.145,555.339,1,1
0,3942,300,91917560516233,91917562564943,91917562746889,2230.656,181.946,1,1
0,3943,300,91917562974596,91917565020985,91917565204082,2229.486,183.097,1,1
0,3944,300,91917565449261,91917567486410,91917567648455,2199.194,162.045,1,1
0,3945,300,91917567486410,91917569527599,91917570085597,2599.187,557.998,1,1
0,3946,300,91917569937263,91917571984742,91917572186749,2249.486,202.007,1,1
0,3947,300,91917572395726,91917574451616,91917574617232,2221.506,165.616,1,1
0,3948,300,91917574851200,91917576495705,91917577062374,2211.174,566.669,1,1
0,3949,300,91917576901349,91917578948549,91917579137265,2235.916,188.716,1,1
0,3950,300,91917579360112,91917581405842,91917581573908,2213.796,168.066,1,1
0,3951,300,91917581827557,91917583459452,91917584021931,2194.374,562.479,1,1
0,3952,300,91917583862585,91917585912084,91917586093031,2230.446,180.947,1,1
0,3953,300,91917586321169,91917588387119,91917588554924,2233.755,167.805,1,1
0,3954,300,91917588778802,91917590425408,91917590972297,2193.495,546.889,1,1
0,3955,300,91917590826042,91917592887331,91917593090568,2264.526,203.237,1,1
0,3956,300,91917593283615,91917595332514,91917595497620,2214.005,165.106,1,1
0,3957,300,91917595740918,91917597789728,91917597942953,2202.035,153.225,1,1
0,3958,300,91917597789728,91917599842768,91917600382716,2592.988,539.948,1,1
0,3959,300,91917600246892,91917602294331,91917602461647,2214.755,167.316,1,1
0,3960,300,91917602704874,91917604754044,91917604910170,2205.296,156.126,1,1
0,3961,300,91917605171548,91917606802153,91917607346602,2175.054,544.449,1,1
0,3962,300,91917607210888,91917609258867,91917609427403,2216.515,168.536,1,1
0,3963,300,91917609682121,91917611716631,91917611875276,2193.155,158.645,1,1
0,3964,300,91917612139264,91917613764320,91917614324959,2185.695,560.639,1,1
0,3965,300,91917614183804,91917616234684,91917616418780,2234.976,184.096,1,1
0,3966,300,91917616630327,91917618679777,91917618840522,2210.195,160.745,1,1
0,3967,300,91917619096311,91917620728406,91917621297736,2201.425,569.330,1,1
0,3968,300,91917621138320,91917623185600,91917623362255,2223.935,176.655,1,1
0,3969,300,91917623594673,91917625656394,91917625829039,2234.366,172.645,1,1
0,3970,300,91917626059267,91917628100506,91917628271702,2212.435,171.196,1,1
0,3971,300,91917628100506,91917630151736,91917630702615,2602.109,550.879,1,1
0,3972,300,91917630575721,91917632606099,91917632771205,2195.484,165.106,1,1
0,3973,300,91917633025584,91917635063682,91917635240649,2215.065,176.967,1,1
0,3974,300,91917635472087,91917637113382,91917637655970,2183.883,542.588,1,1
0,3975,300,91917637521966,91917639569075,91917639736871,2214.905,167.796,1,1
0,3976,300,91917639979069,91917642027529,91917642196764,2217.695,169.235,1,1
0,3977,300,91917642436283,91917644074548,91917644632287,2196.004,557.739,1,1
0,3978,300,91917644483392,91917646545672,91917646726218,2242.826,180.546,1,1
0,3979,300,91917646941596,91917648990695,91917649171961,2230.365,181.266,1,1
0,3980,300,91917649403939,91917651042255,91917651604024,2200.085,561.769,1,1
0,3981,300,91917651448878,91917653496158,91917653678264,2229.386,182.106,1,1
0,3982,300,91917653922542,91917655955011,91917656152168,2229.626,197.157,1,1
0,3983,300,91917656373015,91917658412785,91917658575330,2202.315,162.545,1,1
0,3984,300,91917658412785,91917660458074,91917661033924,2621.139,575.850,1,1
0,3985,300,91917660881359,91917662916978,91917663105144,2223.785,188.166,1,1
0,3986,300,91917663326371,91917665389431,91917665555547,2229.176,166.116,1,1
0,3987,300,91917665784835,91917667433801,91917667982520,2197.685,548.719,1,1
0,3988,300,91917667832665,91917669878564,91917670056509,2223.844,177.945,1,1
0,3989,300,91917670310938,91917672336147,91917672505152,2194.214,169.005,1,1
0,3990,300,91917672747881,91917674385797,91917674933755,2185.874,547.958,1,1
0,3991,300,91917674793620,91917676841880,91917677021826,2228.206,179.946,1,1
0,3992,300,91917677253234,91917679300114,91917679461799,2208.565,161.685,1,1
0,3993,300,91917679708767,91917681349123,91917681905081,2196.314,555.958,1,1
0,3994,300,91917681758236,91917683806167,91917683981122,2222.886,174.955,1,1
0,3995,300,91917684234031,91917686263429,91917686427615,2193.584,164.186,1,1
0,3996,300,91917686687634,91917688723723,91917688876738,2189.104,153.015,1,1
0,3997,300,91917688723723,91917690781983,91917691340412,2616.689,558.429,1,1
0,3998,300,91917691194367,91917693225816,91917693402522,2208.155,176.706,1,1
0,3999,300,91917693636840,91917695685619,91917695850985,2214.145,165.366,1,1
0,4000,300,91917696094484,91917697732638,91917698294877,2200.393,562.239,1,1
0,4001,300,91917698152043,91917700212553,91917700391859,2239.816,179.306,1,1
0,4002,300,91917700608856,91917702648045,91917702815791,2206.935,167.746,1,1
0,4003,300,91917703056489,91917704696295,91917705263554,2207.065,567.259,1,1
0,4004,300,91917705104159,91917707152898,91917707334425,2230.266,181.527,1,1
0,4005,300,91917707580683,91917709610562,91917709791668,2210.985,181.106,1,1
0,4006,300,91917710022006,91917711658411,91917712234940,2212.934,576.529,1,1
0,4007,300,91917712069015,91917714128065,91917714320852,2251.837,192.787,1,1
0,4008,300,91917714537679,91917716575268,91917716747254,2209.575,171.986,1,1
0,4009,300,91917716984272,91917719046642,91917719211947,2227.675,165.305,1,1
0,4010,300,91917719046642,91917721080781,91917721627640,2580.998,546.859,1,1
0,4011,300,91917721492825,91917723537034,91917723701790,2208.965,164.756,1,1
0,4012,300,91917723946718,91917726025969,91917726214536,2267.818,188.567,1,1
0,4013,300,91917726404182,91917728043947,91917728595876,2191.694,551.929,1,1
0,4014,300,91917728453692,91917730499711,91917730668966,2215.274,169.255,1,1
0,4015,300,91917730924615,91917732958784,91917733128879,2204.264,170.095,1,1
0,4016,300,91917733367718,91917735016784,91917735564602,2196.884,547.818,1,1
0,4017,300,91917735415427,91917737470867,91917737648123,2232.696,177.256,1,1
0,4018,300,91917737872521,91917739921410,91917740092906,2220.385,171.496,1,1
0,4019,300,91917740333274,91917741969420,91917742525148,2191.874,555.728,1,1
0,4020,300,91917742378113,91917744425903,91917744597908,2219.795,172.005,1,1
0,4021,300,91917744835777,91917746884726,91917747060703,2224.926,175.977,1,1
0,4022,300,91917747308351,91917749343350,91917749511026,2202.675,167.676,1,1
0,4023,300,91917749343350,91917751389119,91917751935478,2592.128,546.359,1,1
0,4024,300,91917751800953,91917753858863,91917754047230,2246.277,188.367,1,1
0,4025,300,91917754278187,91917756306006,91917756473492,2195.305,167.486,1,1
0,4026,300,91917756718770,91917758353235,91917758928055,2209.285,574.820,1,1
0,4027,300,91917758778180,91917760810649,91917760989965,2211.785,179.316,1,1
0,4028,300,91917761220193,91917763269282,91917763438138,2217.945,168.856,1,1
0,4029,300,91917763678466,91917765315652,91917765884851,2206.385,569.199,1,1
0,4030,300,91917765736426,91917767773495,91917767952822,2216.396,179.327,1,1
0,4031,300,91917768186639,91917770231639,91917770404464,2217.825,172.825,1,1
0,4032,300,91917770658823,91917772280098,91917772857247,2198.424,577.149,1,1
0,4033,300,91917772703693,91917774737471,91917774913407,2209.714,175.936,1,1
0,4034,300,91917775152176,91917777194605,91917777378641,2226.465,184.036,1,1
0,4035,300,91917777604248,91917779660208,91917779822743,2218.495,162.535,1,1
0,4036,300,91917779660208,91917781706418,91917782275267,2615.059,568.849,1,1
0,4037,300,91917782127882,91917784178521,91917784355518,2227.636,176.997,1,1
0,4038,300,91917784579195,91917786615004,91917786779960,2200.765,164.956,1,1
0,4039,300,91917787038729,91917788663304,91917789225763,2187.034,562.459,1,1
0,4040,300,91917789073068,91917791120508,91917791309874,2236.806,189.366,1,1
0,4041,300,91917791529931,91917793578880,91917793758227,2228.296,179.347,1,1
0,4042,300,91917793987475,91917795638621,91917796240781,2253.306,602.160,1,1
0,4043,300,91917796070375,91917798095974,91917798287710,2217.335,191.736,1,1
0,4044,300,91917798509298,91917800542677,91917800712603,2203.305,169.926,1,1
0,4045,300,91917800973012,91917802588807,91917803180007,2206.995,591.200,1,1
0,4046,300,91917802998800,91917805057400,91917805249857,2251.057,192.457,1,1
0,4047,300,91917805474624,91917807515024,91917807698840,2224.216,183.816,1,1
0,4048,300,91917807917917,91917809975697,91917810166814,2248.897,191.117,1,1
0,4049,300,91917809975697,91917812014637,91917812555495,2579.798,540.858,1,1
0,4050,300,91917812419880,91917814469429,91917814644486,2224.606,175.057,1,1
0,4051,300,91917814876794,91917816926123,91917817103818,2227.024,177.695,1,1
0,4052,300,91917817335106,91917818991343,91917819525281,2190.175,533.938,1,1
0,4053,300,91917819383157,91917821431066,91917821618672,2235.515,187.606,1,1
0,4054,300,91917821840909,91917823888159,91917824081666,2240.757,193.507,1,1
0,4055,300,91917824298563,91917825955350,91917826495538,2196.975,540.188,1,1
0,4056,300,91917826346123,91917828394632,91917828574328,2228.205,179.696,1,1
0,4057,300,91917828815236,91917830852136,91917831044891,2229.655,192.755,1,1
0,4058,300,91917831262189,91917832900105,91917833467504,2205.315,567.399,1,1
0,4059,300,91917833309769,91917835358628,91917835547094,2237.325,188.466,1,1
0,4060,300,91917835769072,91917837817772,91917837990258,2221.186,172.486,1,1
0,4061,300,91917838230666,91917840274175,91917840444870,2214.204,170.695,1,1
0,4062,300,91917840274175,91917842320785,91917842867103,2592.928,546.318,1,1
0,4063,300,91917842732348,91917844778158,91917844952804,2220.456,174.646,1,1
0,4064,300,91917845190922,91917847236071,91917847402747,2211.825,166.676,1,1
0,4065,300,91917847645535,91917849303801,91917849836020,2190.485,532.219,1,1
0,4066,300,91917849694084,91917851742905,91917851910210,2216.126,167.305,1,1
0,4067,300,91917852151388,91917854198437,91917854377074,2225.686,178.637,1,1
0,4068,300,91917854608922,91917856248547,91917856819116,2210.194,570.569,1,1
0,4069,300,91917856669501,91917858705690,91917858875256,2205.755,169.566,1,1
0,4070,300,91917859126255,91917861162844,91917861335779,2209.524,172.935,1,1
0,4071,300,91917861571288,91917863210744,91917863769662,2198.374,558.918,1,1
0,4072,300,91917863622787,91917865668106,91917865839992,2217.205,171.886,1,1
0,4073,300,91917866076711,91917868133991,91917868311176,2234.465,177.185,1,1
0,4074,300,91917868535954,91917870584463,91917870737879,2201.925,153.416,1,1
0,4075,300,91917870584463,91917872631973,91917873180421,2595.958,548.448,1,1
0,4076,300,91917873046077,91917875099857,91917875285623,2239.546,185.766,1,1
0,4077,300,91917875498430,91917877545460,91917877701894,2203.464,156.434,1,1
0,4078,300,91917877955863,91917879595599,91917880181439,2225.576,585.840,1,1
0,4079,300,91917880030424,91917882051263,91917882228628,2198.204,177.365,1,1
0,4080,300,91917882462576,91917884509756,91917884668632,2206.056,158.876,1,1
0,4081,300,91917884918350,91917886566876,91917887126865,2208.515,559.989,1,1
0,4082,300,91917886966539,91917889027359,91917889215035,2248.496,187.676,1,1
0,4083,300,91917889429073,91917891489283,91917891650168,2221.095,160.885,1,1
0,4084,300,91917891883596,91917893521712,91917894108882,2225.286,587.170,1,1
0,4085,300,91917893935876,91917895978845,91917896172052,2236.176,193.207,1,1
0,4086,300,91917896388419,91917898436209,91917898599884,2211.465,163.675,1,1
0,4087,300,91917898850362,91917900904372,91917901078338,2227.976,173.966,1,1
0,4088,300,91917900904372,91917902946181,91917903502470,2598.098,556.289,1,1
0,4089,300,91917903366445,91917905400705,91917905576301,2209.856,175.596,1,1
0,4090,300,91917905808119,91917907856908,91917908034394,2226.275,177.486,1,1
0,4091,300,91917908270762,91917909906428,91917910460716,2189.954,554.288,1,1
0,4092,300,91917910315131,91917912378822,91917912564658,2249.527,185.836,1,1
0,4093,300,91917912775145,91917914840895,91917915019611,2244.466,178.716,1,1
0,4094,300,91917915245669,91917916867793,91917917428303,2182.634,560.510,1,1
0,4095,300,91917917278728,91917919334937,91917919516154,2237.426,181.217,1,1
0,4096,300,91917919734711,91917921804221,91917921973757,2239.046,169.536,1,1
0,4097,300,91917922214745,91917923832150,91917924399459,2184.714,567.309,1,1
0,4098,300,91917924242364,91917926288443,91917926471070,2228.706,182.627,1,1
0,4099,300,91917926697938,91917928750067,91917928922542,2224.604,172.475,1,1
0,4100,300,91917929160061,91917931205600,91917931369995,2209.934,164.395,1,1
0,4101,300,91917931205600,91917933251300,91917933808569,2602.969,557.269,1,1
0,4102,300,91917933673774,91917935709363,91917935894849,2221.075,185.486,1,1
0,4103,300,91917936120327,91917938171127,91917938337703,2217.376,166.576,1,1
0,4104,300,91917938576520,91917940214656,91917940776485,2199.965,561.829,1,1
0,4105,300,91917940626190,91917942672400,91917942849225,2223.035,176.825,1,1
0,4106,300,91917943081623,91917945132013,91917945311588,2229.965,179.575,1,1
0,4107,300,91917945540186,91917947179792,91917947744671,2204.485,564.879,1,1
0,4108,300,91917947595976,91917949637146,91917949806712,2210.736,169.566,1,1
0,4109,300,91917950046219,91917952095049,91917952266165,2219.946,171.116,1,1
0,4110,300,91917952516563,91917954150799,91917954698017,2181.454,547.218,1,1
0,4111,300,91917954550962,91917956600482,91917956772618,2221.656,172.136,1,1
0,4112,300,91917957020516,91917959062385,91917959253772,2233.256,191.387,1,1
0,4113,300,91917959468609,91917961536869,91917961699934,2231.325,163.065,1,1
0,4114,300,91917961536869,91917963563028,91917964152008,2615.139,588.980,1,1
0,4115,300,91917963986582,91917966020011,91917966204757,2218.175,184.746,1,1
0,4116,300,91917966429736,91917968479235,91917968644991,2215.255,165.756,1,1
0,4117,300,91917968887329,91917970537534,91917971089264,2201.935,551.730,1,1
0,4118,300,91917970934748,91917972984877,91917973183785,2249.037,198.908,1,1
0,4119,300,91917973394352,91917975452641,91917975613807,2219.455,161.166,1,1
0,4120,300,91917975850254,91917977490321,91917978075500,2225.246,585.179,1,1
0,4121,300,91917977914415,91917979953484,91917980154901,2240.486,201.417,1,1
0,4122,300,91917980375878,91917982418948,91917982600874,2224.996,181.926,1,1
0,4123,300,91917982820941,91917984453746,91917985034877,2213.936,581.131,1,1
0,4124,300,91917984866871,91917986909380,91917987102447,2235.576,193.067,1,1
0,4125,300,91917987323814,91917989367064,91917989540729,2216.915,173.665,1,1
0,4126,300,91917989776277,91917991831937,91917992017823,2241.546,185.886,1,1
0,4127,300,91917991831937,91917993872576,91917994415815,2583.878,543.239,1,1
0,4128,300,91917994282300,91917996347020,91917996516266,2233.966,169.246,1,1
0,4129,300,91917996740633,91917998788084,91917998944278,2203.645,156.194,1,1
0,4130,300,91917999199057,91918000835573,91918001384282,2185.225,548.709,1,1
0,4131,300,91918001245826,91918003308597,91918003483472,2237.646,174.875,1,1
0,4132,300,91918003704730,91918005750299,91918005909214,2204.484,158.915,1,1
0,4133,300,91918006161213,91918007801269,91918008351568,2190.355,550.299,1,1
0,4134,300,91918008209253,91918010257683,91918010431508,2222.255,173.825,1,1
0,4135,300,91918010667396,91918012727096,91918012908822,2241.426,181.726,1,1
0,4136,300,91918013150011,91918014765415,91918015322004,2171.993,556.589,1,1
0,4137,300,91918015171269,91918017222979,91918017404765,2233.496,181.786,1,1
0,4138,300,91918017629053,91918019684782,91918019857428,2228.375,172.646,1,1
0,4139,300,91918020088906,91918022134425,91918022295121,2206.215,160.696,1,1
0,4140,300,91918022134425,91918024184355,91918024727703,2593.278,543.348,1,1
0,4141,300,91918024592269,91918026660189,91918026825614,2233.345,165.425,1,1
0,4142,300,91918027053042,91918029107962,91918029285038,2231.996,177.076,1,1
0,4143,300,91918029508005,91918031150512,91918031690270,2182.265,539.758,1,1
0,4144,300,91918031556045,91918033622215,91918033789690,2233.645,167.475,1,1
0,4145,300,91918034015749,91918036066218,91918036234794,2219.045,168.576,1,1
0,4146,300,91918036470611,91918038111957,91918038661586,2190.975,549.629,1,1
0,4147,300,91918038520601,91918040570840,91918040741086,2220.485,170.246,1,1
0,4148,300,91918040976725,91918043026094,91918043196740,2220.015,170.646,1,1
0,4149,300,91918043439538,91918045073243,91918045647853,2208.315,574.610,1,1
0,4150,300,91918045499808,91918047532177,91918047714333,2214.525,182.156,1,1
0,4151,300,91918047941421,91918050011511,91918050184987,2243.566,173.476,1,1
0,4152,300,91918050398964,91918052446854,91918052603729,2204.765,156.875,1,1
0,4153,300,91918052446854,91918054493783,91918055052052,2605.198,558.269,1,1
0,4154,300,91918054913687,91918056951107,91918057127703,2214.016,176.596,1,1
0,4155,300,91918057360740,91918059420440,91918059587106,2226.366,166.666,1,1
0,4156,300,91918059817784,91918061461499,91918062030969,2213.185,569.470,1,1
0,4157,300,91918061868193,91918063914323,91918064108549,2240.356,194.226,1,1
0,4158,300,91918064323897,91918066373677,91918066553382,2229.485,179.705,1,1
0,4159,300,91918066781020,91918068426816,91918068979564,2198.544,552.748,1,1
0,4160,300,91918068830889,91918070878930,91918071069775,2238.886,190.845,1,1
0,4161,300,91918071287433,91918073344073,91918073515229,2227.796,171.156,1,1
0,4162,300,91918073744667,91918075383852,91918075949101,2204.434,565.249,1,1
0,4163,300,91918075792576,91918077840345,91918078033832,2241.256,193.487,1,1
0,4164,300,91918078251419,91918080301598,91918080487176,2235.757,185.578,1,1
0,4165,300,91918080709803,91918082756352,91918082930028,2220.225,173.676,1,1
0,4166,300,91918082756352,91918084804751,91918085342890,2586.538,538.139,1,1
0,4167,300,91918085213326,91918087281066,91918087450282,2236.956,169.216,1,1
0,4168,300,91918087671849,91918089719218,91918089886324,2214.475,167.106,1,1
0,4169,300,91918090130242,91918091787129,91918092313657,2183.415,526.528,1,1
0,4170,300,91918092178262,91918094226351,91918094395187,2216.925,168.836,1,1
0,4171,300,91918094651356,91918096681655,91918096850751,2199.395,169.096,1,1
0,4172,300,91918097092048,91918098729464,91918099295913,2203.865,566.449,1,1
0,4173,300,91918099153909,91918101204768,91918101376314,2222.405,171.546,1,1
0,4174,300,91918101598731,91918103645581,91918103806536,2207.805,160.955,1,1
0,4175,300,91918104061235,91918105693710,91918106260699,2199.464,566.989,1,1
0,4176,300,91918106102704,91918108152204,91918108326680,2223.976,174.476,1,1
0,4177,300,91918108560047,91918110608398,91918110782623,2222.576,174.225,1,1
0,4178,300,91918111204917,91918113066270,91918113228916,2023.999,162.646,1,1
0,4179,300,91918113066270,91918115122130,91918115659438,2593.168,537.308,1,1
0,4180,300,91918115524004,91918117572304,91918117743130,2219.126,170.826,1,1
0,4181,300,91918117983127,91918120046208,91918120212703,2229.576,166.495,1,1
0,4182,300,91918120440321,91918122077087,91918122622085,2181.764,544.998,1,1
0,4183,300,91918122487150,91918124538650,91918124715876,2228.726,177.226,1,1
0,4184,300,91918124946264,91918126994073,91918127173289,2227.025,179.216,1,1
0,4185,300,91918127403947,91918129042353,91918129601991,2198.044,559.638,1,1
0,4186,300,91918129451146,91918131498486,91918131670391,2219.245,171.905,1,1
0,4187,300,91918131907390,91918133955269,91918134127565,2220.175,172.296,1,1
0,4188,300,91918134365414,91918136015399,91918136571078,2205.664,555.679,1,1
0,4189,300,91918136413093,91918138475222,91918138648119,2235.026,172.897,1,1
0,4190,300,91918138872506,91918140919525,91918141096942,2224.436,177.417,1,1
0,4191,300,91918141328200,91918143397270,91918143552565,2224.365,155.295,1,1
0,4192,300,91918143397270,91918145426318,91918145971557,2574.287,545.239,1,1
0,4193,300,91918145835953,91918147882892,91918148069318,2233.365,186.426,1,1
0,4194,300,91918148292616,91918150339905,91918150507020,2214.404,167.115,1,1
0,4195,300,91918150750829,91918152406046,91918152964314,2213.485,558.268,1,1
0,4196,300,91918152813309,91918154845988,91918155044075,2230.766,198.087,1,1
0,4197,300,91918155272193,91918157303682,91918157469567,2197.374,165.885,1,1
0,4198,300,91918157712575,91918159350931,91918159920011,2207.436,569.080,1,1
0,4199,300,91918159778845,91918161807985,91918161977690,2198.845,169.705,1,1
0,4200,300,91918162220398,91918164281668,91918164464015,2243.617,182.347,1,1
0,4201,300,91918164684442,91918166315567,91918166881676,2197.234,566.109,1,1
0,4202,300,91918166725742,91918168773621,91918168954837,2229.095,181.216,1,1
0,4203,300,91918169183364,91918171230664,91918171404300,2220.936,173.636,1,1
0,4204,300,91918171654768,91918173687417,91918173858273,2203.505,170.856,1,1
0,4205,300,91918173687417,91918175734287,91918176288866,2601.449,554.579,1,1
0,4206,300,91918176152141,91918178191890,91918178376106,2223.965,184.216,1,1
0,4207,300,91918178601774,91918180651973,91918180818029,2216.255,166.056,1,1
0,4208,300,91918181061528,91918182698363,91918183260943,2199.415,562.580,1,1
0,4209,300,91918183107147,91918185157377,91918185335842,2228.695,178.465,1,1
0,4210,300,91918185565121,91918187613520,91918187781776,2216.655,168.256,1,1
0,4211,300,91918188022474,91918189662000,91918190230939,2208.465,568.939,1,1
0,4212,300,91918190078784,91918192119722,91918192310899,2232.115,191.177,1,1
0,4213,300,91918192529287,91918194577796,91918194747512,2218.225,169.716,1,1
0,4214,300,91918194987310,91918196628376,91918197203676,2216.366,575.300,1,1
0,4215,300,91918197037339,91918199090459,91918199283246,2245.907,192.787,1,1
0,4216,300,91918199507103,91918201539252,91918201723219,2216.116,183.967,1,1
0,4217,300,91918201950046,91918204023587,91918204197822,2247.776,174.235,1,1
0,4218,300,91918204023587,91918206045355,91918206591624,2568.037,546.269,1,1
0,4219,300,91918206455879,91918208511849,91918208686655,2230.776,174.806,1,1
0,4220,300,91918208912652,91918210965282,91918211148708,2236.056,183.426,1,1
0,4221,300,91918211378216,91918213016142,91918213562940,2184.724,546.798,1,1
0,4222,300,91918213420186,91918215485415,91918215653161,2232.975,167.746,1,1
0,4223,300,91918215876418,91918217924249,91918218100904,2224.486,176.655,1,1
0,4224,300,91918218334802,91918219971368,91918220540097,2205.295,568.729,1,1
0,4225,300,91918220380801,91918222431521,91918222621477,2240.676,189.956,1,1
0,4226,300,91918222846985,91918224886734,91918225087911,2240.926,201.177,1,1
0,4227,300,91918225298058,91918226956925,91918227502373,2204.315,545.448,1,1
0,4228,300,91918227344448,91918229414958,91918229597564,2253.116,182.606,1,1
0,4229,300,91918229822522,91918231855801,91918232042917,2220.395,187.116,1,1
0,4230,300,91918232259965,91918234307734,91918234484120,2224.155,176.386,1,1
0,4231,300,91918234307734,91918236356964,91918236902762,2595.028,545.798,1,1
0,4232,300,91918236766897,91918238813127,91918238994103,2227.206,180.976,1,1
0,4233,300,91918239245442,91918241272630,91918241450397,2204.955,177.767,1,1
0,4234,300,91918241682575,91918243320200,91918243871399,2188.824,551.199,1,1
0,4235,300,91918243728974,91918245780324,91918245958539,2229.565,178.215,1,1
0,4236,300,91918246189107,91918248234127,91918248394652,2205.545,160.525,1,1
0,4237,300,91918248656331,91918250283026,91918250835215,2178.884,552.189,1,1
0,4238,300,91918250691340,91918252755510,91918252925825,2234.485,170.315,1,1
0,4239,300,91918253158463,91918255199403,91918255370049,2211.586,170.646,1,1
0,4240,300,91918255607366,91918257245302,91918257810741,2203.375,565.439,1,1
0,4241,300,91918257655776,91918259704116,91918259880182,2224.406,176.066,1,1
0,4242,300,91918260113020,91918262167469,91918262331715,2218.695,164.246,1,1
0,4243,300,91918262571043,91918264617993,91918264782828,2211.785,164.835,1,1
0,4244,300,91918264617993,91918266667912,91918267209990,2591.997,542.078,1,1
0,4245,300,91918267075305,91918269131665,91918269318232,2242.927,186.567,1,1
0,4246,300,91918269533039,91918271581789,91918271738725,2205.686,156.936,1,1
0,4247,300,91918271990383,91918273628798,91918274193067,2202.684,564.269,1,1
0,4248,300,91918274038752,91918276088862,91918276276378,2237.626,187.516,1,1
0,4249,300,91918276498615,91918278565096,91918278724101,2225.486,159.005,1,1
0,4250,300,91918278955619,91918280593625,91918281180075,2224.456,586.450,1,1
0,4251,300,91918281028969,91918283056078,91918283234994,2206.025,178.916,1,1
0,4252,300,91918283459262,91918285509872,91918285681268,2222.006,171.396,1,1
0,4253,300,91918285929006,91918287557061,91918288133300,2204.294,576.239,1,1
0,4254,300,91918287965364,91918290016454,91918290196981,2231.617,180.527,1,1
0,4255,300,91918290424888,91918292471107,91918292633913,2209.025,162.806,1,1
0,4256,300,91918292899452,91918294930071,91918295113187,2213.735,183.116,1,1
0,4257,300,91918294930071,91918296977941,91918297524369,2594.298,546.428,1,1
0,4258,300,91918297386044,91918299447794,91918299623790,2237.746,175.996,1,1
0,4259,300,91918299847828,91918301892217,91918302069344,2221.516,177.127,1,1
0,4260,300,91918302303011,91918303946367,91918304503305,2200.294,556.938,1,1
0,4261,300,91918304349801,91918306408140,91918306586107,2236.306,177.967,1,1
0,4262,300,91918306811264,91918308855513,91918309034870,2223.606,179.357,1,1
0,4263,300,91918309266498,91918310905293,91918311475842,2209.344,570.549,1,1
0,4264,300,91918311314367,91918313362146,91918313542433,2228.066,180.287,1,1
0,4265,300,91918313770601,91918315819340,91918316001156,2230.555,181.816,1,1
0,4266,300,91918316229143,91918317877499,91918318446449,2217.306,568.950,1,1
0,4267,300,91918318278213,91918320324123,91918320508979,2230.766,184.856,1,1
0,4268,300,91918320735877,91918322781886,91918322957472,2221.595,175.586,1,1
0,4269,300,91918323192600,91918325239810,91918325406655,2214.055,166.845,1,1
0,4270,300,91918325239810,91918327308940,91918327858959,2619.149,550.019,1,1
0,4271,300,91918327714173,91918329757463,91918329933568,2219.395,176.105,1,1
0,4272,300,91918330178637,91918332202856,91918332370791,2192.154,167.935,1,1
0,4273,300,91918332611570,91918334255655,91918334822725,2211.155,567.070,1,1
0,4274,300,91918334670639,91918336726899,91918336904005,2233.366,177.106,1,1
0,4275,300,91918337119272,91918339184013,91918339364399,2245.127,180.386,1,1
0,4276,300,91918339586666,91918341212882,91918341773251,2186.585,560.369,1,1
0,4277,300,91918341623535,91918343685275,91918343864361,2240.826,179.086,1,1
0,4278,300,91918344082669,91918346130808,91918346314995,2232.326,184.187,1,1
0,4279,300,91918346539282,91918348198578,91918348747707,2208.425,549.129,1,1
0,4280,300,91918348591442,91918350656101,91918350838358,2246.916,182.257,1,1
0,4281,300,91918351044925,91918353092084,91918353280631,2235.706,188.547,1,1
0,4282,300,91918353501619,91918355555348,91918355718944,2217.325,163.596,1,1
0,4283,300,91918355555348,91918357598167,91918358180797,2625.449,582.630,1,1
0,4284,300,91918358033662,91918360057710,91918360249447,2215.785,191.737,1,1
0,4285,300,91918360470535,91918362513474,91918362679910,2209.375,166.436,1,1
0,4286,300,91918362922127,91918364567484,91918365135783,2213.656,568.299,1,1
0,4287,300,91918364971968,91918367019867,91918367204623,2232.655,184.756,1,1
0,4288,300,91918367429381,91918369475800,91918369644186,2214.805,168.386,1,1
0,4289,300,91918369884994,91918371527910,91918372095269,2210.275,567.359,1,1
0,4290,300,91918371933674,91918373983133,91918374181610,2247.936,198.477,1,1
0,4291,300,91918374391888,91918376439377,91918376609773,2217.885,170.396,1,1
0,4292,300,91918376850420,91918378489276,91918379076206,2225.786,586.930,1,1
0,4293,300,91918378896800,91918380955010,91918381159476,2262.676,204.466,1,1
0,4294,300,91918381355493,91918383404003,91918383578469,2222.976,174.466,1,1
0,4295,300,91918383812796,91918385860667,91918386036212,2223.416,175.545,1,1
0,4296,300,91918385860667,91918387909316,91918388455855,2595.188,546.539,1,1
0,4297,300,91918388317409,91918390375679,91918390551835,2234.426,176.156,1,1
0,4298,300,91918390775563,91918392831033,91918392997249,2221.686,166.216,1,1
0,4299,300,91918393242527,91918394872512,91918395428201,2185.674,555.689,1,1
0,4300,300,91918395282365,91918397336325,91918397514962,2232.597,178.637,1,1
0,4301,300,91918397737859,91918399788169,91918399960135,2222.276,171.966,1,1
0,4302,300,91918400206273,91918401835758,91918402403707,2197.434,567.949,1,1
0,4303,300,91918402245702,91918404291851,91918404484568,2238.866,192.717,1,1
0,4304,300,91918404701156,91918406749035,91918406920011,2218.855,170.976,1,1
0,4305,300,91918407163869,91918408805194,91918409378644,2214.775,573.450,1,1
0,4306,300,91918409219669,91918411272029,91918411455555,2235.886,183.526,1,1
0,4307,300,91918411677782,91918413713681,91918413885777,2207.995,172.096,1,1
0,4308,300,91918414124085,91918416174874,91918416339580,2215.495,164.706,1,1
0,4309,300,91918416174874,91918418230074,91918418763353,2588.479,533.279,1,1
0,4310,300,91918418627168,91918420676167,91918420851583,2224.415,175.416,1,1
0,4311,300,91918421084792,91918423135461,91918423312256,2227.464,176.795,1,1
0,4312,300,91918423543944,91918425183300,91918425742659,2198.715,559.359,1,1
0,4313,300,91918425590905,91918427639934,91918427817380,2226.475,177.446,1,1
0,4314,300,91918428050538,91918430096657,91918430277484,2226.946,180.827,1,1
0,4315,300,91918430506001,91918432164847,91918432696575,2190.574,531.728,1,1
0,4316,300,91918432555471,91918434603230,91918434772986,2217.515,169.756,1,1
0,4317,300,91918435015684,91918437059634,91918437227729,2212.045,168.095,1,1
0,4318,300,91918437469747,91918439108853,91918439675392,2205.645,566.539,1,1
0,4319,300,91918439518847,91918441578377,91918441759923,2241.076,181.546,1,1
0,4320,300,91918441979701,91918444022459,91918444209566,2229.865,187.107,1,1
0,4321,300,91918444432313,91918446486953,91918446650328,2218.015,163.375,1,1
0,4322,300,91918446486953,91918448530253,91918449086111,2599.158,555.858,1,1
0,4323,300,91918448937746,91918450985435,91918451188673,2250.927,203.238,1,1
0,4324,300,91918451411520,91918453444849,91918453622245,2210.725,177.396,1,1
0,4325,300,91918453853713,91918455497469,91918456064979,2211.266,567.510,1,1
0,4326,300,91918455901572,91918457949432,91918458159860,2258.288,210.428,1,1
0,4327,300,91918458360876,91918460424416,91918460593001,2232.125,168.585,1,1
0,4328,300,91918460816210,91918462456435,91918463043095,2226.885,586.660,1,1
0,4329,300,91918462866199,91918464912258,91918465104165,2237.966,191.907,1,1
0,4330,300,91918465323482,91918467385472,91918467567688,2244.206,182.216,1,1
0,4331,300,91918467791446,91918469417861,91918469986841,2195.395,568.980,1,1
0,4332,300,91918469827135,91918471876034,91918472080032,2252.897,203.998,1,1
0,4333,300,91918472284869,91918474333668,91918474519024,2234.155,185.356,1,1
0,4334,300,91918474743342,91918476792551,91918476956227,2212.885,163.676,1,1
0,4335,300,91918476792551,91918478840871,91918479387759,2595.208,546.888,1,1
0,4336,300,91918479249535,91918481297184,91918481475071,2225.536,177.887,1,1
0,4337,300,91918481705498,91918483753548,91918483918813,2213.315,165.265,1,1
0,4338,300,91918484163401,91918485801977,91918486348946,2185.545,546.969,1,1
0,4339,300,91918486212371,91918488277001,91918488446577,2234.206,169.576,1,1
0,4340,300,91918488670694,91918490734964,91918490899900,2229.206,164.936,1,1
0,4341,300,91918491128248,91918492764773,91918493318822,2190.574,554.049,1,1
0,4342,300,91918493175668,91918495231447,91918495422303,2246.635,190.856,1,1
0,4343,300,91918495637551,91918497682080,91918497843266,2205.715,161.186,1,1
0,4344,300,91918498095465,91918499729710,91918500298519,2203.054,568.809,1,1
0,4345,300,91918500139083,91918502187963,91918502371659,2232.576,183.696,1,1
0,4346,300,91918502596507,91918504644197,91918504817913,2221.406,173.716,1,1
0,4347,300,91918505056260,91918507106310,91918507280906,2224.646,174.596,1,1
0,4348,300,91918507106310,91918509153579,91918509694158,2587.848,540.579,1,1
0,4349,300,91918509558673,91918511624863,91918511790238,2231.565,165.375,1,1
0,4350,300,91918512017097,91918514073596,91918514251723,2234.626,178.127,1,1
0,4351,300,91918514475400,91918516114676,91918516658584,2183.184,543.908,1,1
0,4352,300,91918516523089,91918518569539,91918518747275,2224.186,177.736,1,1
0,4353,300,91918518984803,91918521028732,91918521197308,2212.505,168.576,1,1
0,4354,300,91918521458867,91918523085752,91918523636400,2177.533,550.648,1,1
0,4355,300,91918523486856,91918525533515,91918525713141,2226.285,179.626,1,1
0,4356,300,91918525943439,91918528026990,91918528220157,2276.718,193.167,1,1
0,4357,300,91918528400443,91918530058059,91918530624768,2224.325,566.709,1,1
0,4358,300,91918530467002,91918532497961,91918532680587,2213.585,182.626,1,1
0,4359,300,91918532907206,91918534967255,91918535153451,2246.245,186.196,1,1
0,4360,300,91918535367979,91918537412958,91918537578223,2210.244,165.265,1,1
0,4361,300,91918537412958,91918539459428,91918540019067,2606.109,559.639,1,1
0,4362,300,91918539871262,91918541918031,91918542094407,2223.145,176.376,1,1
0,4363,300,91918542326935,91918544396715,91918544555460,2228.525,158.745,1,1
0,4364,300,91918544786038,91918546423154,91918546976422,2190.384,553.268,1,1
0,4365,300,91918546833118,91918548881447,91918549070643,2237.525,189.196,1,1
0,4366,300,91918549290591,91918551339101,91918551502016,2211.425,162.915,1,1
0,4367,300,91918551752004,91918553386350,91918553946139,2194.135,559.789,1,1
0,4368,300,91918553796154,91918555845954,91918556040060,2243.906,194.106,1,1
0,4369,300,91918556255607,91918558302747,91918558488683,2233.076,185.936,1,1
0,4370,300,91918558711741,91918560349257,91918560920585,2208.844,571.328,1,1
0,4371,300,91918560762131,91918562828390,91918563031687,2269.556,203.297,1,1
0,4372,300,91918563216744,91918565264383,91918565438219,2221.475,173.836,1,1
0,4373,300,91918565673877,91918567732317,91918567895972,2222.095,163.655,1,1
0,4374,300,91918567732317,91918569770746,91918570318254,2585.937,547.508,1,1
0,4375,300,91918570180470,91918572233160,91918572420576,2240.106,187.416,1,1
0,4376,300,91918572644423,91918574707914,91918574885269,2240.846,177.355,1,1
0,4377,300,91918575095107,91918576734273,91918577297062,2201.955,562.789,1,1
0,4378,300,91918577152487,91918579212806,91918579392623,2240.136,179.817,1,1
0,4379,300,91918579613280,91918581649369,91918581828885,2215.605,179.516,1,1
0,4380,300,91918582060333,91918583717969,91918584268548,2208.215,550.579,1,1
0,4381,300,91918584107973,91918586156392,91918586337468,2229.495,181.076,1,1
0,4382,300,91918586563976,91918588612565,91918588782761,2218.785,170.196,1,1
0,4383,300,91918589022990,91918590665425,91918591241335,2218.345,575.910,1,1
0,4384,300,91918591069769,91918593120448,91918593311125,2241.356,190.677,1,1
0,4385,300,91918593526623,91918595588092,91918595751387,2224.764,163.295,1,1
0,4386,300,91918595984825,91918598054585,91918598223191,2238.366,168.606,1,1
0,4387,300,91918598054585,91918600081194,91918600618853,2564.268,537.659,1,1
0,4388,300,91918600489588,91918602551118,91918602716853,2227.265,165.735,1,1
0,4389,300,91918602947002,91918604995352,91918605176227,2229.225,180.875,1,1
0,4390,300,91918605405605,91918607043251,91918607604630,2199.025,561.379,1,1
0,4391,300,91918607469065,91918609502994,91918609670349,2201.284,167.355,1,1
0,4392,300,91918609912058,91918611969007,91918612153214,2241.156,184.207,1,1
0,4393,300,91918612369641,91918614014377,91918614558916,2189.275,544.539,1,1
0,4394,300,91918614416911,91918616463831,91918616633676,2216.765,169.845,1,1
0,4395,300,91918616875154,91918618922773,91918619095070,2219.916,172.297,1,1
0,4396,300,91918619333528,91918620974213,91918621529352,2195.824,555.139,1,1
0,4397,300,91918621380057,91918623429067,91918623601453,2221.396,172.386,1,1
0,4398,300,91918623844851,91918625894730,91918626070376,2225.525,175.646,1,1
0,4399,300,91918626294484,91918628342413,91918628497809,2203.325,155.396,1,1
0,4400,300,91918628342413,91918630390932,91918630952192,2609.779,561.260,1,1
0,4401,300,91918630815537,91918632849096,91918633028412,2212.875,179.316,1,1
0,4402,300,91918633260010,91918635327281,91918635485746,2225.736,158.465,1,1
0,4403,300,91918635716994,91918637364189,91918637908848,2191.854,544.659,1,1
0,4404,300,91918637765473,91918639812262,91918639989509,2224.036,177.247,1,1
0,4405,300,91918640223577,91918642269476,91918642440102,2216.525,170.626,1,1
0,4406,300,91918642679739,91918644328086,91918644878604,2198.865,550.518,1,1
0,4407,300,91918644728479,91918646774769,91918646954115,2225.636,179.346,1,1
0,4408,300,91918647199383,91918649233522,91918649407108,2207.725,173.586,1,1
0,4409,300,91918649652716,91918651280191,91918651857961,2205.245,577.770,1,1
0,4410,300,91918651690306,91918653740685,91918653912261,2221.955,171.576,1,1
0,4411,300,91918654152639,91918656197009,91918656374134,2221.495,177.125,1,1
0,4412,300,91918656605312,91918658653962,91918658828408,2223.096,174.446,1,1
0,4413,300,91918658653962,91918660708111,91918661271140,2617.178,563.029,1,1
0,4414,300,91918661121985,91918663180375,91918663357211,2235.226,176.836,1,1
0,4415,300,91918663580299,91918665618198,91918665783824,2203.525,165.626,1,1
0,4416,300,91918666042852,91918667663948,91918668227047,2184.195,563.099,1,1
0,4417,300,91918668076111,91918670140051,91918670340028,2263.917,199.977,1,1
0,4418,300,91918670531265,91918672580234,91918672748740,2217.475,168.506,1,1
0,4419,300,91918673020109,91918674629524,91918675199773,2179.664,570.249,1,1
0,4420,300,91918675039727,91918677095077,91918677284754,2245.027,189.677,1,1
0,4421,300,91918677510491,91918679557491,91918679718517,2208.026,161.026,1,1
0,4422,300,91918679954315,91918681591560,91918682170560,2216.245,579.000,1,1
0,4423,300,91918682012564,91918684048683,91918684230649,2218.085,181.966,1,1
0,4424,300,91918684471258,91918686520777,91918686701233,2229.975,180.456,1,1
0,4425,300,91918686921291,91918688965560,91918689130516,2209.225,164.956,1,1
0,4426,300,91918688965560,91918691034490,91918691550518,2584.958,516.028,1,1
0,4427,300,91918691421564,91918693469853,91918693635749,2214.185,165.896,1,1
0,4428,300,91918693878987,91918695926906,91918696104612,2225.625,177.706,1,1
0,4429,300,91918696337570,91918697976116,91918698544915,2207.345,568.799,1,1
0,4430,300,91918698400800,91918700432469,91918700610096,2209.296,177.627,1,1
0,4431,300,91918700843454,91918702890673,91918703075509,2232.055,184.836,1,1
0,4432,300,91918703301396,91918704940482,91918705520292,2218.896,579.810,1,1
0,4433,300,91918705368746,91918707395936,91918707581142,2212.396,185.206,1,1
0,4434,300,91918707804999,91918709853739,91918710034715,2229.716,180.976,1,1
0,4435,300,91918710268213,91918711917239,91918712477068,2208.855,559.829,1,1
0,4436,300,91918712311953,91918714359572,91918714542948,2230.995,183.376,1,1
0,4437,300,91918714768765,91918716818495,91918716993311,2224.546,174.816,1,1
0,4438,300,91918717227309,91918719274298,91918719450025,2222.716,175.727,1,1
0,4439,300,91918719274298,91918721322988,91918721870407,2596.109,547.419,1,1
0,4440,300,91918721733502,91918723797392,91918723972298,2238.796,174.906,1,1
0,4441,300,91918724190315,91918726237344,91918726405230,2214.915,167.886,1,1
0,4442,300,91918726666319,91918728285605,91918728839683,2173.364,554.078,1,1
0,4443,300,91918728696488,91918730761158,91918730938774,2242.286,177.616,1,1
0,4444,300,91918731152292,91918733201611,91918733382757,2230.465,181.146,1,1
0,4445,300,91918733611485,91918735251901,91918735812870,2201.385,560.969,1,1
0,4446,300,91918735658364,91918737718704,91918737907351,2248.987,188.647,1,1
0,4447,300,91918738116958,91918740163347,91918740346423,2229.465,183.076,1,1
0,4448,300,91918740574441,91918742211587,91918742790807,2216.366,579.220,1,1
0,4449,300,91918742623171,91918744689211,91918744882558,2259.387,193.347,1,1
0,4450,300,91918745079644,91918747126963,91918747315600,2235.956,188.637,1,1
0,4451,300,91918747537288,91918749604688,91918749779664,2242.376,174.976,1,1
0,4452,300,91918749604688,91918751645467,91918752224347,2619.659,578.880,1,1
0,4453,300,91918752069801,91918754107650,91918754293157,2223.356,185.507,1,1
0,4454,300,91918754521454,91918756547523,91918756712548,2191.094,165.025,1,1
0,4455,300,91918756963658,91918758613684,91918759162211,2198.553,548.527,1,1
0,4456,300,91918759013147,91918761054896,91918761231752,2218.605,176.856,1,1
0,4457,300,91918761465040,91918763513980,91918763672985,2207.945,159.005,1,1
0,4458,300,91918763921223,91918765560549,91918766122248,2201.025,561.699,1,1
0,4459,300,91918765969343,91918768018162,91918768197279,2227.936,179.117,1,1
0,4460,300,91918768433547,91918770485826,91918770648012,2214.465,162.186,1,1
0,4461,300,91918770883270,91918772523045,91918773092335,2209.065,569.290,1,1
0,4462,300,91918772932409,91918774981019,91918775188446,2256.037,207.427,1,1
0,4463,300,91918775399943,91918777439462,91918777609068,2209.125,169.606,1,1
0,4464,300,91918777862566,91918779894425,91918780058931,2196.365,164.506,1,1
0,4465,300,91918779894425,91918781962835,91918782484073,2589.648,521.238,1,1
0,4466,300,91918782353959,91918784401469,91918784567764,2213.805,166.295,1,1
0,4467,300,91918784815642,91918786859091,91918787025607,2209.965,166.516,1,1
0,4468,300,91918787270976,91918788906331,91918789462470,2191.494,556.139,1,1
0,4469,300,91918789317285,91918791363454,91918791532820,2215.535,169.366,1,1
0,4470,300,91918791788369,91918793820788,91918793979853,2191.484,159.065,1,1
0,4471,300,91918794250782,91918795871068,91918796423526,2172.744,552.458,1,1
0,4472,300,91918796279371,91918798327350,91918798508797,2229.426,181.447,1,1
0,4473,300,91918798736355,91918800786344,91918800947509,2211.154,161.165,1,1
0,4474,300,91918801195068,91918802833133,91918803402793,2207.725,569.660,1,1
0,4475,300,91918803243288,91918805291257,91918805474583,2231.295,183.326,1,1
0,4476,300,91918805700511,91918807747660,91918807922466,2221.955,174.806,1,1
0,4477,300,91918808157504,91918810208364,91918810374390,2216.886,166.026,1,1
0,4478,300,91918810208364,91918812252803,91918812818592,2610.228,565.789,1,1
0,4479,300,91918812682488,91918814710927,91918814885452,2202.964,174.525,1,1
0,4480,300,91918815120740,91918817170790,91918817342626,2221.886,171.836,1,1
0,4481,300,91918817577914,91918819217849,91918819779709,2201.795,561.860,1,1
0,4482,300,91918819635963,91918821674813,91918821852568,2216.605,177.755,1,1
0,4483,300,91918822084616,91918824159187,91918824328383,2243.767,169.196,1,1
0,4484,300,91918824565421,91918826180166,91918826748115,2182.694,567.949,1,1
0,4485,300,91918826591370,91918828637229,91918828817175,2225.805,179.946,1,1
0,4486,300,91918829047583,91918831097583,91918831276568,2228.985,178.985,1,1
0,4487,300,91918831504886,91918833148802,91918833711491,2206.605,562.689,1,1
0,4488,300,91918833554085,91918835601406,91918835783102,2229.017,181.696,1,1
0,4489,300,91918836014679,91918838058278,91918838240995,2226.316,182.717,1,1
0,4490,300,91918838469333,91918840517572,91918840681398,2212.065,163.826,1,1
0,4491,300,91918840517572,91918842565522,91918843129261,2611.689,563.739,1,1
0,4492,300,91918842972835,91918845023045,91918845206952,2234.117,183.907,1,1
0,4493,300,91918845431109,91918847479738,91918847646784,2215.675,167.046,1,1
0,4494,300,91918847888563,91918849530638,91918850096977,2208.414,566.339,1,1
0,4495,300,91918849936422,91918851984261,91918852179558,2243.136,195.297,1,1
0,4496,300,91918852394255,91918854443684,91918854623341,2229.086,179.657,1,1
0,4497,300,91918854851268,91918856491034,91918857068694,2217.426,577.660,1,1
0,4498,300,91918856907748,91918858948097,91918859138684,2230.936,190.587,1,1
0,4499,300,91918859359142,91918861406711,91918861577687,2218.545,170.976,1,1
0,4500,300,91918861814204,91918863463171,91918864040990,2226.786,577.819,1,1
0,4501,300,91918863862615,91918865910284,91918866102940,2240.325,192.656,1,1
0,4502,300,91918866322508,91918868369097,91918868545633,2223.125,176.536,1,1
0,4503,300,91918868779141,91918870826201,91918870989456,2210.315,163.255,1,1
0,4504,300,91918870826201,91918872873840,91918873427949,2601.748,554.109,1,1
0,4505,300,91918873283443,91918875332094,91918875509069,2225.626,176.975,1,1
0,4506,300,91918875740707,91918877790787,91918877967853,2227.146,177.066,1,1
0,4507,300,91918878199341,91918879838306,91918880401545,2202.204,563.239,1,1
0,4508,300,91918880247530,91918882310730,91918882489717,2242.187,178.987,1,1
0,4509,300,91918882711784,91918884753213,91918884923688,2211.904,170.475,1,1
0,4510,300,91918885163997,91918886802703,91918887395622,2231.625,592.919,1,1
0,4511,300,91918887233467,91918889258606,91918889440943,2207.476,182.337,1,1
0,4512,300,91918889669570,91918891716629,91918891886715,2217.145,170.086,1,1
0,4513,300,91918892126293,91918893768029,91918894357939,2231.646,589.910,1,1
0,4514,300,91918894192044,91918896222523,91918896406279,2214.235,183.756,1,1
0,4515,300,91918896631606,91918898679215,91918898854312,2222.706,175.097,1,1
0,4516,300,91918899089920,91918901135979,91918901310884,2220.964,174.905,1,1
0,4517,300,91918901135979,91918903186049,91918903739067,2603.088,553.018,1,1
0,4518,300,91918903594362,91918905644101,91918905818948,2224.586,174.847,1,1
0,4519,300,91918906057246,91918908104995,91918908290212,2232.966,185.217,1,1
0,4520,300,91918908514229,91918910151405,91918910710093,2195.864,558.688,1,1
0,4521,300,91918910557269,91918912606118,91918912795105,2237.836,188.987,1,1
0,4522,300,91918913017202,91918915063591,91918915243728,2226.526,180.137,1,1
0,4523,300,91918915472335,91918917116841,91918917675850,2203.515,559.009,1,1
0,4524,300,91918917523465,91918919588815,91918919780131,2256.666,191.316,1,1
0,4525,300,91918920000089,91918922027808,91918922225654,2225.565,197.846,1,1
0,4526,300,91918922440042,91918924075567,91918924641176,2201.134,565.609,1,1
0,4527,300,91918924483721,91918926531731,91918926714347,2230.626,182.616,1,1
0,4528,300,91918926943225,91918928988794,91918929183191,2239.966,194.397,1,1
0,4529,300,91918929398378,91918931452027,91918931615493,2217.115,163.466,1,1
0,4530,300,91918931452027,91918933495247,91918934054356,2602.329,559.109,1,1
0,4531,300,91918933905970,91918935970581,91918936168857,2262.887,198.276,1,1
0,4532,300,91918936363534,91918938410123,91918938587470,2223.936,177.347,1,1
0,4533,300,91918938821547,91918940474133,91918941021462,2199.915,547.329,1,1
0,4534,300,91918940867167,91918942916687,91918943117283,2250.116,200.596,1,1
0,4535,300,91918943325840,91918945373619,91918945544175,2218.335,170.556,1,1
0,4536,300,91918945792374,91918947420930,91918947993588,2201.214,572.658,1,1
0,4537,300,91918947833043,91918949883603,91918950073669,2240.626,190.066,1,1
0,4538,300,91918950305997,91918952339907,91918952510622,2204.625,170.715,1,1
0,4539,300,91918952746550,91918954397296,91918954952735,2206.185,555.439,1,1
0,4540,300,91918954795579,91918956850629,91918957049086,2253.507,198.457,1,1
0,4541,300,91918957251333,91918959300922,91918959477399,2226.066,176.477,1,1
0,4542,300,91918959710376,91918961767986,91918961942342,2231.966,174.356,1,1
0,4543,300,91918961767986,91918963819516,91918964371665,2603.679,552.149,1,1
0,4544,300,91918964233669,91918966263688,91918966439795,2206.126,176.107,1,1
0,4545,300,91918966673913,91918968720452,91918968885737,2211.824,165.285,1,1
0,4546,300,91918969131696,91918970771942,91918971346822,2215.126,574.880,1,1
0,4547,300,91918971197686,91918973227995,91918973407841,2210.155,179.846,1,1
0,4548,300,91918973637389,91918975689508,91918975868845,2231.456,179.337,1,1
0,4549,300,91918976112333,91918977731948,91918978305837,2193.504,573.889,1,1
0,4550,300,91918978148792,91918980189631,91918980370647,2221.855,181.016,1,1
0,4551,300,91918980599904,91918982646625,91918982816561,2216.657,169.936,1,1
0,4552,300,91918983058008,91918984697024,91918985272223,2214.215,575.199,1,1
0,4553,300,91918985106868,91918987154007,91918987709226,2602.358,555.219,1,1
0,4554,300,91918987572431,91918989610151,91918989796337,2223.906,186.186,1,1
0,4555,300,91918990029785,91918992067074,91918992237989,2208.204,170.915,1,1
0,4556,300,91918992067074,91918994116444,91918994662292,2595.218,545.848,1,1
0,4557,300,91918994525327,91918996581617,91918996756434,2231.107,174.817,1,1
0,4558,300,91918996982631,91918999052811,91918999280759,2298.128,227.948,1,1
0,4559,300,91918999442684,91919001078560,91919001632359,2189.675,553.799,1,1
0,4560,300,91919001488134,91919003536183,91919003713239,2225.105,177.056,1,1
0,4561,300,91919003946897,91919005999237,91919006211844,2264.947,212.607,1,1
0,4562,300,91919006403131,91919008043096,91919008613195,2210.064,570.099,1,1
0,4563,300,91919008451110,91919010518540,91919010698597,2247.487,180.057,1,1
0,4564,300,91919010923524,91919012972973,91919013164330,2240.806,191.357,1,1
0,4565,300,91919013366547,91919015014912,91919015574202,2207.655,559.290,1,1
0,4566,300,91919015416236,91919017474716,91919018017085,2600.849,542.369,1,1
0,4567,300,91919017872980,91919019922399,91919020124706,2251.726,202.307,1,1
0,4568,300,91919020347784,91919022378783,91919022543508,2195.724,164.725,1,1
0,4569,300,91919022378783,91919024425782,91919024984921,2606.138,559.139,1,1
0,4570,300,91919024837666,91919026884645,91919027059681,2222.015,175.036,1,1
0,4571,300,91919027293460,91919029349049,91919029506524,2213.064,157.475,1,1
0,4572,300,91919029750422,91919031389538,91919031943437,2193.015,553.899,1,1
0,4573,300,91919031799862,91919033846702,91919034036078,2236.216,189.376,1,1
0,4574,300,91919034265866,91919036304975,91919036465001,2199.135,160.026,1,1
0,4575,300,91919036719139,91919038354484,91919038904413,2185.274,549.929,1,1
0,4576,300,91919038762169,91919040810608,91919040980184,2218.015,169.576,1,1
0,4577,300,91919041220691,91919043268802,91919043441847,2221.156,173.045,1,1
0,4578,300,91919043677875,91919045316001,91919045894060,2216.185,578.059,1,1
0,4579,300,91919045745195,91919047774384,91919048324373,2579.178,549.989,1,1
0,4580,300,91919048190518,91919050230478,91919050400113,2209.595,169.635,1,1
0,4581,300,91919050642401,91919052689100,91919052842976,2200.575,153.876,1,1
0,4582,300,91919052689100,91919054751641,91919055282139,2593.039,530.498,1,1
0,4583,300,91919055149454,91919057195424,91919057361649,2212.195,166.225,1,1
0,4584,300,91919057603628,91919059655708,91919059812322,2208.694,156.614,1,1
0,4585,300,91919060061091,91919061699767,91919062278056,2216.965,578.289,1,1
0,4586,300,91919062128982,91919064157180,91919064326276,2197.294,169.096,1,1
0,4587,300,91919064582074,91919066614793,91919066782579,2200.505,167.786,1,1
0,4588,300,91919067024968,91919068663453,91919069242863,2217.895,579.410,1,1
0,4589,300,91919069074497,91919071152697,91919071333694,2259.197,180.997,1,1
0,4590,300,91919071530870,91919073578590,91919073748805,2217.935,170.215,1,1
0,4591,300,91919073988314,91919075637629,91919076222519,2234.205,584.890,1,1
0,4592,300,91919076046214,91919078085222,91919078625921,2579.707,540.699,1,1
0,4593,300,91919078492747,91919080557086,91919080732053,2239.306,174.967,1,1
0,4594,300,91919080952760,91919083023120,91919083196386,2243.626,173.266,1,1
0,4595,300,91919083023120,91919085051649,91919085590998,2567.878,539.349,1,1
0,4596,300,91919085458393,91919087503782,91919087669097,2210.704,165.315,1,1
0,4597,300,91919087915816,91919089970815,91919090137591,2221.775,166.776,1,1
0,4598,300,91919090373619,91919092013575,91919092567214,2193.595,553.639,1,1
0,4599,300,91919092428139,91919094469688,91919094637244,2209.105,167.556,1,1
0,4600,300,91919094889982,91919096926872,91919097095898,2205.916,169.026,1,1
0,4601,300,91919097346126,91919098979741,91919099538550,2192.424,558.809,1,1
0,4602,300,91919099382895,91919101432985,91919101602811,2219.916,169.826,1,1
0,4603,300,91919101855399,91919103889048,91919104070784,2215.385,181.736,1,1
0,4604,300,91919104297662,91919105936528,91919106496387,2198.725,559.859,1,1
0,4605,300,91919106346581,91919108394471,91919108932420,2585.839,537.949,1,1
0,4606,300,91919108803125,91919110853095,91919111028280,2225.155,175.185,1,1
0,4607,300,91919111277309,91919113310547,91919113465503,2188.194,154.956,1,1
0,4608,300,91919113310547,91919115357388,91919115903645,2593.098,546.257,1,1
0,4609,300,91919115766331,91919117814600,91919117979366,2213.035,164.766,1,1
0,4610,300,91919118237015,91919120278864,91919120445230,2208.215,166.366,1,1
0,4611,300,91919120682558,91919122338074,91919122876312,2193.754,538.238,1,1
0,4612,300,91919122729537,91919124798918,91919124975613,2246.076,176.695,1,1
0,4613,300,91919125187311,91919127235950,91919127409086,2221.775,173.136,1,1
0,4614,300,91919127645115,91919129285350,91919129847788,2202.673,562.438,1,1
0,4615,300,91919129694734,91919131741693,91919131932380,2237.646,190.687,1,1
0,4616,300,91919132157967,91919134207617,91919134385153,2227.186,177.536,1,1
0,4617,300,91919134615021,91919136248836,91919136835945,2220.924,587.109,1,1
0,4618,300,91919136675400,91919138721710,91919139262589,2587.189,540.879,1,1
0,4619,300,91919139118983,91919141162323,91919141338558,2219.575,176.235,1,1
0,4620,300,91919141572426,91919143620016,91919143782942,2210.516,162.926,1,1
0,4621,300,91919143620016,91919145668785,91919146245305,2625.289,576.520,1,1
0,4622,300,91919146095020,91919148137170,91919148314285,2219.265,177.115,1,1
0,4623,300,91919148534283,91919150582323,91919150738517,2204.234,156.194,1,1
0,4624,300,91919151015957,91919152642462,91919153189391,2173.434,546.929,1,1
0,4625,300,91919153040425,91919155090955,91919155268971,2228.546,178.016,1,1
0,4626,300,91919155498669,91919157545719,91919157703864,2205.195,158.145,1,1
0,4627,300,91919157966773,91919159595998,91919160188768,2221.995,592.770,1,1
0,4628,300,91919160033783,91919162051842,91919162240048,2206.265,188.206,1,1
0,4629,300,91919162462075,91919164510725,91919164671721,2209.646,160.996,1,1
0,4630,300,91919164940570,91919166569415,91919167162655,2222.085,593.240,1,1
0,4631,300,91919166966318,91919169017378,91919169558276,2591.958,540.898,1,1
0,4632,300,91919169424982,91919171488752,91919171663748,2238.766,174.996,1,1
0,4633,300,91919171885855,91919173939355,91919174115730,2229.875,176.375,1,1
0,4634,300,91919173939355,91919175978844,91919176537733,2598.378,558.889,1,1
0,4635,300,91919176388508,91919178450668,91919178626224,2237.716,175.556,1,1
0,4636,300,91919178856602,91919180894911,91919181082177,2225.575,187.266,1,1
0,4637,300,91919181302634,91919182943081,91919183498179,2195.545,555.098,1,1
0,4638,300,91919183352224,91919185400153,91919185568339,2216.115,168.186,1,1
0,4639,300,91919185809758,91919187876978,91919188056653,2246.895,179.675,1,1
0,4640,300,91919188279101,91919189904076,91919190467275,2188.174,563.199,1,1
0,4641,300,91919190314061,91919192362510,91919192547896,2233.835,185.386,1,1
0,4642,300,91919192772254,91919194819223,91919194991439,2219.185,172.216,1,1
0,4643,300,91919195229157,91919196874293,91919197449813,2220.656,575.520,1,1
0,4644,300,91919197286936,91919199326066,91919199870605,2583.669,544.539,1,1
0,4645,300,91919199736190,91919201784230,91919201958635,2222.445,174.405,1,1
0,4646,300,91919202193913,91919204262963,91919204441670,2247.757,178.707,1,1
0,4647,300,91919204262963,91919206289172,91919206854541,2591.578,565.369,1,1
0,4648,300,91919206714837,91919208746066,91919208921862,2207.025,175.796,1,1
0,4649,300,91919209163760,91919211217050,91919211396835,2233.075,179.785,1,1
0,4650,300,91919211618953,91919213253839,91919213821568,2202.615,567.729,1,1
0,4651,300,91919213674973,91919215710952,91919215887588,2212.615,176.636,1,1
0,4652,300,91919216120606,91919218166995,91919218346211,2225.605,179.216,1,1
0,4653,300,91919218577569,91919220232225,91919220777424,2199.855,545.199,1,1
0,4654,300,91919220624129,91919222680728,91919222859725,2235.596,178.997,1,1
0,4655,300,91919223100572,91919225131381,91919225324868,2224.296,193.487,1,1
0,4656,300,91919225541246,91919227195072,91919227747380,2206.134,552.308,1,1
0,4657,300,91919227587115,91919229637455,91919230189784,2602.669,552.329,1,1
0,4658,300,91919230045818,91919232110609,91919232307745,2261.927,197.136,1,1
0,4659,300,91919232502482,91919234552341,91919234717557,2215.075,165.216,1,1
0,4660,300,91919234552341,91919236600390,91919237163449,2611.108,563.059,1,1
0,4661,300,91919237013015,91919239057614,91919239239460,2226.445,181.846,1,1
0,4662,300,91919239466158,91919241515507,91919241674553,2208.395,159.046,1,1
0,4663,300,91919241942922,91919243563427,91919244121806,2178.884,558.379,1,1
0,4664,300,91919243971351,91919246020810,91919246194616,2223.265,173.806,1,1
0,4665,300,91919246437504,91919248498045,91919248669951,2232.447,171.906,1,1
0,4666,300,91919248887277,91919250535734,91919251093883,2206.606,558.149,1,1
0,4667,300,91919250934907,91919252988666,91919253190564,2255.657,201.898,1,1
0,4668,300,91919253413411,91919255440110,91919255615316,2201.905,175.206,1,1
0,4669,300,91919255864374,91919257489039,91919258078589,2214.215,589.550,1,1
0,4670,300,91919257915104,91919259946163,91919260483401,2568.297,537.238,1,1
0,4671,300,91919260356346,91919262404617,91919262584322,2227.976,179.705,1,1
0,4672,300,91919262826790,91919264861670,91919265029305,2202.515,167.635,1,1
0,4673,300,91919264861670,91919266930740,91919267479248,2617.578,548.508,1,1
0,4674,300,91919267337274,91919269366553,91919269533498,2196.224,166.945,1,1
0,4675,300,91919269777846,91919271836846,91919271995311,2217.465,158.465,1,1
0,4676,300,91919272235280,91919273873766,91919274424364,2189.084,550.598,1,1
0,4677,300,91919274283749,91919276331309,91919276499894,2216.145,168.585,1,1
0,4678,300,91919276747633,91919278818513,91919278988729,2241.096,170.216,1,1
0,4679,300,91919279198246,91919280837292,91919281418361,2220.115,581.069,1,1
0,4680,300,91919281262887,91919283294916,91919283476011,2213.124,181.095,1,1
0,4681,300,91919283703849,91919285752888,91919285932205,2228.356,179.317,1,1
0,4682,300,91919286167142,91919287814989,91919288378108,2210.966,563.119,1,1
0,4683,300,91919288216492,91919290256401,91919290791889,2575.397,535.488,1,1
0,4684,300,91919290665755,91919292721275,91919292895901,2230.146,174.626,1,1
0,4685,300,91919293130699,91919295185078,91919295353674,2222.975,168.596,1,1
0,4686,300,91919295185078,91919297219957,91919297770726,2585.648,550.769,1,1
0,4687,300,91919297630862,91919299676791,91919299851167,2220.305,174.376,1,1
0,4688,300,91919300092245,91919302136014,91919302313440,2221.195,177.426,1,1
0,4689,300,91919302544838,91919304185194,91919304770254,2225.416,585.060,1,1
0,4690,300,91919304614498,91919306642477,91919306809763,2195.265,167.286,1,1
0,4691,300,91919307050292,91919309127731,91919309307698,2257.406,179.967,1,1
0,4692,300,91919309509814,91919311159020,91919311711979,2202.165,552.959,1,1
0,4693,300,91919311558854,91919313604344,91919313783930,2225.076,179.586,1,1
0,4694,300,91919314017808,91919316066067,91919316247053,2229.245,180.986,1,1
0,4695,300,91919316473110,91919318120207,91919318678846,2205.736,558.639,1,1
0,4696,300,91919318518710,91919320568190,91919321129339,2610.629,561.149,1,1
0,4697,300,91919320976953,91919323026003,91919323209180,2232.227,183.177,1,1
0,4698,300,91919323435317,91919325483587,91919325649372,2214.055,165.785,1,1
0,4699,300,91919325483587,91919327531696,91919328095385,2611.798,563.689,1,1
0,4700,300,91919327944160,91919329988600,91919330181676,2237.516,193.076,1,1
0,4701,300,91919330396863,91919332445292,91919332624869,2228.006,179.577,1,1
0,4702,300,91919332854787,91919334492913,91919335062211,2207.424,569.298,1,1
0,4703,300,91919334903656,91919336960156,91919337158942,2255.286,198.786,1,1
0,4704,300,91919337361210,91919339410689,91919339585075,2223.865,174.386,1,1
0,4705,300,91919339838423,91919341458479,91919342048659,2210.236,590.180,1,1
0,4706,300,91919341866652,91919343914851,91919344105778,2239.126,190.927,1,1
0,4707,300,91919344324786,91919346373075,91919346553071,2228.285,179.996,1,1
0,4708,300,91919346783609,91919348421125,91919348999395,2215.786,578.270,1,1
0,4709,300,91919348838459,91919350879248,91919351430276,2591.817,551.028,1,1
0,4710,300,91919351288392,91919353336391,91919353513258,2224.866,176.867,1,1
0,4711,300,91919353746016,91919355793905,91919355960411,2214.395,166.506,1,1
0,4712,300,91919355793905,91919357840394,91919358391683,2597.778,551.289,1,1
0,4713,300,91919358250029,91919360300668,91919360479564,2229.535,178.896,1,1
0,4714,300,91919360726612,91919362755541,91919362923266,2196.654,167.725,1,1
0,4715,300,91919363167305,91919364805020,91919365363770,2196.465,558.750,1,1
0,4716,300,91919365215375,91919367263154,91919367441221,2225.846,178.067,1,1
0,4717,300,91919367689869,91919369718848,91919369882123,2192.254,163.275,1,1
0,4718,300,91919370129821,91919371766747,91919372328126,2198.305,561.379,1,1
0,4719,300,91919372177621,91919374236841,91919374407357,2229.736,170.516,1,1
0,4720,300,91919374633594,91919376681984,91919376855560,2221.966,173.576,1,1
0,4721,300,91919377093617,91919378729973,91919379313463,2219.846,583.490,1,1
0,4722,300,91919379151047,91919381188187,91919381725445,2574.398,537.258,1,1
0,4723,300,91919381599650,91919383645580,91919383821746,2222.096,176.166,1,1
0,4724,300,91919384057044,91919386104493,91919386271249,2214.205,166.756,1,1
0,4725,300,91919386104493,91919388155813,91919388701112,2596.619,545.299,1,1
0,4726,300,91919388562316,91919390608546,91919390786592,2224.276,178.046,1,1
0,4727,300,91919391017740,91919393066909,91919393239665,2221.925,172.756,1,1
0,4728,300,91919393476364,91919395115159,91919395669528,2193.164,554.369,1,1
0,4729,300,91919395530284,91919397572482,91919397756318,2226.034,183.836,1,1
0,4730,300,91919397981856,91919400047467,91919400228182,2246.326,180.715,1,1
0,4731,300,91919400456520,91919402079386,91919402633154,2176.634,553.768,1,1
0,4732,300,91919402487599,91919404536338,91919404705744,2218.145,169.406,1,1
0,4733,300,91919404957433,91919406993032,91919407176158,2218.725,183.126,1,1
0,4734,300,91919407420207,91919409057802,91919409606291,2186.084,548.489,1,1
0,4735,300,91919409450856,91919411497835,91919412052603,2601.747,554.768,1,1
0,4736,300,91919411909409,91919413968659,91919414162945,2253.536,194.286,1,1
0,4737,300,91919414376302,91919416414082,91919416570517,2194.215,156.435,1,1
0,4738,300,91919416414082,91919418461131,91919419046201,2632.119,585.070,1,1
0,4739,300,91919418890186,91919420920325,91919421098531,2208.345,178.206,1,1
0,4740,300,91919421330619,91919423380158,91919423550064,2219.445,169.906,1,1
0,4741,300,91919423786332,91919425425697,91919425991726,2205.394,566.029,1,1
0,4742,300,91919425835822,91919427883751,91919428087648,2251.826,203.897,1,1
0,4743,300,91919428292804,91919430339885,91919430519540,2226.736,179.655,1,1
0,4744,300,91919430750858,91919432389614,91919432950853,2199.995,561.239,1,1
0,4745,300,91919432798577,91919434845127,91919435027694,2229.117,182.567,1,1
0,4746,300,91919435255111,91919437305291,91919437469936,2214.825,164.645,1,1
0,4747,300,91919437713564,91919439352780,91919439929089,2215.525,576.309,1,1
0,4748,300,91919439766654,91919441810074,91919442349712,2583.058,539.638,1,1
0,4749,300,91919442218827,91919444265976,91919444444303,2225.476,178.327,1,1
0,4750,300,91919444675731,91919446724700,91919446881505,2205.774,156.805,1,1
0,4751,300,91919446724700,91919448787620,91919449318358,2593.658,530.738,1,1
0,4752,300,91919449184173,91919451232373,91919451401228,2217.055,168.855,1,1
0,4753,300,91919451640797,91919453705527,91919453864323,2223.526,158.796,1,1
0,4754,300,91919454119221,91919455738036,91919456304875,2185.654,566.839,1,1
0,4755,300,91919456153970,91919458199390,91919458370505,2216.535,171.115,1,1
0,4756,300,91919458603723,91919460651142,91919460812008,2208.285,160.866,1,1
0,4757,300,91919461062487,91919462700253,91919463273961,2211.474,573.708,1,1
0,4758,300,91919463107626,91919465170096,91919465353092,2245.466,182.996,1,1
0,4759,300,91919465576560,91919467615649,91919467789504,2212.944,173.855,1,1
0,4760,300,91919468025233,91919469667399,91919470244698,2219.465,577.299,1,1
0,4761,300,91919470072422,91919472118542,91919472664431,2592.009,545.889,1,1
0,4762,300,91919472530746,91919474576985,91919474751451,2220.705,174.466,1,1
0,4763,300,91919474988450,91919477034089,91919477213334,2224.884,179.245,1,1
0,4764,300,91919477444022,91919479103089,91919479646297,2202.275,543.208,1,1
0,4765,300,91919479505513,91919481539632,91919481716867,2211.354,177.235,1,1
0,4766,300,91919481951025,91919483998205,91919484184511,2233.486,186.306,1,1
0,4767,300,91919484409918,91919486051734,91919486604024,2194.106,552.290,1,1
0,4768,300,91919486456208,91919488502628,91919488682133,2225.925,179.505,1,1
0,4769,300,91919488914471,91919490960611,91919491148258,2233.787,187.647,1,1
0,4770,300,91919491371735,91919493014710,91919493569350,2197.615,554.640,1,1
0,4771,300,91919493420154,91919495467644,91919495650550,2230.396,182.906,1,1
0,4772,300,91919495876588,91919497931617,91919498122044,2245.456,190.427,1,1
0,4773,300,91919498346012,91919499975427,91919500537026,2191.014,561.599,1,1
0,4774,300,91919500383140,91919502429961,91919502972039,2588.899,542.078,1,1
0,4775,300,91919502838424,91919504901734,91919505078930,2240.506,177.196,1,1
0,4776,300,91919505305998,91919507344477,91919507513063,2207.065,168.586,1,1
0,4777,300,91919507755611,91919509393216,91919509952195,2196.584,558.979,1,1
0,4778,300,91919509819281,91919511856010,91919512042436,2223.155,186.426,1,1
0,4779,300,91919512262734,91919514307453,91919514478699,2215.965,171.246,1,1
0,4780,300,91919514716917,91919516355792,91919516912992,2196.075,557.200,1,1
0,4781,300,91919516773837,91919518813896,91919518983582,2209.745,169.686,1,1
0,4782,300,91919519223630,91919521272549,91919521435285,2211.655,162.736,1,1
0,4783,300,91919521680903,91919523318279,91919523885789,2204.886,567.510,1,1
0,4784,300,91919523730553,91919525777022,91919525948788,2218.235,171.766,1,1
0,4785,300,91919526187217,91919528234956,91919528405132,2217.915,170.176,1,1
0,4786,300,91919528643689,91919530283035,91919530864485,2220.796,581.450,1,1
0,4787,300,91919530692199,91919532741898,91919533277857,2585.658,535.959,1,1
0,4788,300,91919533150243,91919535198232,91919535364617,2214.374,166.385,1,1
0,4789,300,91919535606456,91919537656036,91919537813481,2207.025,157.445,1,1
0,4790,300,91919538064129,91919539702455,91919540257163,2193.034,554.708,1,1
0,4791,300,91919540113768,91919542160168,91919542328693,2214.925,168.525,1,1
0,4792,300,91919542571592,91919544618711,91919544777977,2206.385,159.266,1,1
0,4793,300,91919545027535,91919546678972,91919547224880,2197.345,545.908,1,1
0,4794,300,91919547075735,91919549125065,91919549310771,2235.036,185.706,1,1
0,4795,300,91919549546519,91919551582537,91919551742914,2196.395,160.377,1,1
0,4796,300,91919551992742,91919553635077,91919554194747,2202.005,559.670,1,1
0,4797,300,91919554039181,91919556090291,91919556286798,2247.617,196.507,1,1
0,4798,300,91919556510035,91919558562355,91919558739060,2229.025,176.705,1,1
0,4799,300,91919558959138,91919560601963,91919561196954,2237.816,594.991,1,1
0,4800,300,91919561013258,91919563051677,91919563593346,2580.088,541.669,1,1
0,4801,300,91919563459321,91919565507160,91919565693586,2234.265,186.426,1,1
0,4802,300,91919565917155,91919567979684,91919568174661,2257.506,194.977,1,1
0,4803,300,91919568375778,91919570016214,91919570563812,2188.034,547.598,1,1
0,4804,300,91919570422937,91919572472656,91919572650083,2227.146,177.427,1,1
0,4805,300,91919572880211,91919574927950,91919575118956,2238.745,191.006,1,1
0,4806,300,91919575339774,91919576985360,91919577544229,2204.455,558.869,1,1
0,4807,300,91919577386514,91919579451543,91919579632609,2246.095,181.066,1,1
0,4808,300,91919579855617,91919581892796,91919582085733,2230.116,192.937,1,1
0,4809,300,91919582313500,91919583939745,91919584507105,2193.605,567.360,1,1
0,4810,300,91919584351010,91919586397869,91919586581945,2230.935,184.076,1,1
0,4811,300,91919586806463,91919588868473,91919589051829,2245.366,183.356,1,1
0,4812,300,91919589288337,91919591313756,91919591477171,2188.834,163.415,1,1
0,4813,300,91919591313756,91919593370266,91919593914154,2600.398,543.888,1,1
0,4814,300,91919593773060,91919595820229,91919595995395,2222.335,175.166,1,1
0,4815,300,91919596235233,91919598277933,91919598445847,2210.614,167.914,1,1
0,4816,300,91919598701956,91919600325892,91919600874480,2172.524,548.588,1,1
0,4817,300,91919600733755,91919602781465,91919602958371,2224.616,176.906,1,1
0,4818,300,91919603192209,91919605239718,91919605408894,2216.685,169.176,1,1
0,4819,300,91919605649092,91919607287168,91919607844356,2195.264,557.188,1,1
0,4820,300,91919607696492,91919609765222,91919609944408,2247.916,179.186,1,1
0,4821,300,91919610154945,91919612202344,91919612374070,2219.125,171.726,1,1
0,4822,300,91919612612939,91919614266795,91919614816213,2203.274,549.418,1,1
0,4823,300,91919614661988,91919616728848,91919616900164,2238.176,171.316,1,1
0,4824,300,91919617125282,91919619166911,91919619331167,2205.885,164.256,1,1
0,4825,300,91919619575625,91919621628984,91919621781030,2205.405,152.046,1,1
0,4826,300,91919621628984,91919623670583,91919624224353,2595.369,553.770,1,1
0,4827,300,91919624080718,91919626129727,91919626324274,2243.556,194.547,1,1
0,4828,300,91919626540101,91919628587720,91919628755486,2215.385,167.766,1,1
0,4829,300,91919629019935,91919630647060,91919631204109,2184.174,557.049,1,1
0,4830,300,91919631043244,91919633091563,91919633280609,2237.365,189.046,1,1
0,4831,300,91919633501207,91919635549847,91919635728862,2227.655,179.015,1,1
0,4832,300,91919635958840,91919637598846,91919638175045,2216.205,576.199,1,1
0,4833,300,91919638019881,91919640059909,91919640250086,2230.205,190.177,1,1
0,4834,300,91919640476384,91919642512783,91919642673819,2197.435,161.036,1,1
0,4835,300,91919642922397,91919644561532,91919645162153,2239.756,600.621,1,1
0,4836,300,91919644985757,91919647021376,91919647217262,2231.505,195.886,1,1
0,4837,300,91919647441550,91919649495810,91919649658796,2217.246,162.986,1,1
0,4838,300,91919649886773,91919651933282,91919652105879,2219.106,172.597,1,1
0,4839,300,91919651933282,91919653982952,91919654532281,2598.999,549.329,1,1
0,4840,300,91919654400696,91919656449985,91919656616661,2215.965,166.676,1,1
0,4841,300,91919656850499,91919658909179,91919659078335,2227.836,169.156,1,1
0,4842,300,91919659306643,91919660945109,91919661489487,2182.844,544.378,1,1
0,4843,300,91919661354572,91919663402221,91919663571267,2216.695,169.046,1,1
0,4844,300,91919663813736,91919665878976,91919666048882,2235.146,169.906,1,1
0,4845,300,91919666274759,91919667911845,91919668467803,2193.044,555.958,1,1
0,4846,300,91919668317678,91919670379359,91919670550785,2233.107,171.426,1,1
0,4847,300,91919670775212,91919672823781,91919672984776,2209.564,160.995,1,1
0,4848,300,91919673243015,91919674872801,91919675438480,2195.465,565.679,1,1
0,4849,300,91919675282205,91919677346035,91919677519341,2237.136,173.306,1,1
0,4850,300,91919677740178,91919679786288,91919679949333,2209.155,163.045,1,1
0,4851,300,91919680196812,91919682247351,91919682420847,2224.035,173.496,1,1
0,4852,300,91919682247351,91919684297331,91919684844309,2596.958,546.978,1,1
0,4853,300,91919684702995,91919686751094,91919686925559,2222.564,174.465,1,1
0,4854,300,91919687158697,91919689208417,91919689374693,2215.996,166.276,1,1
0,4855,300,91919689618951,91919691255037,91919691827606,2208.655,572.569,1,1
0,4856,300,91919691686731,91919693735141,91919693912257,2225.526,177.116,1,1
0,4857,300,91919694122714,91919696191474,91919696362380,2239.666,170.906,1,1
0,4858,300,91919696590708,91919698220413,91919698777472,2186.764,557.059,1,1
0,4859,300,91919698629917,91919700676816,91919700856263,2226.346,179.447,1,1
0,4860,300,91919701085260,91919703158391,91919703340297,2255.037,181.906,1,1
0,4861,300,91919703542604,91919705191080,91919705755209,2212.605,564.129,1,1
0,4862,300,91919705592594,91919707638963,91919707821029,2228.435,182.066,1,1
0,4863,300,91919708054107,91919710096236,91919710288722,2234.615,192.486,1,1
0,4864,300,91919710508270,91919712555749,91919712717285,2209.015,161.536,1,1
0,4865,300,91919712555749,91919714603039,91919715159238,2603.489,556.199,1,1
0,4866,300,91919715014433,91919717062783,91919717248319,2233.886,185.536,1,1
0,4867,300,91919717473636,91919719517775,91919719683831,2210.195,166.056,1,1
0,4868,300,91919719949901,91919721566396,91919722126704,2176.803,560.308,1,1
0,4869,300,91919721976919,91919724044309,91919724240996,2264.077,196.687,1,1
0,4870,300,91919724434143,91919726496622,91919726665868,2231.725,169.246,1,1
0,4871,300,91919726890626,91919728545442,91919729122212,2231.586,576.770,1,1
0,4872,300,91919728947126,91919730986814,91919731187572,2240.446,200.758,1,1
0,4873,300,91919731406369,91919733443968,91919733625724,2219.355,181.756,1,1
0,4874,300,91919733854872,91919735493308,91919736066707,2211.835,573.399,1,1
0,4875,300,91919735901152,91919737953502,91919738157298,2256.146,203.796,1,1
0,4876,300,91919738379725,91919740406544,91919740580180,2200.455,173.636,1,1
0,4877,300,91919740818229,91919742864868,91919743048464,2230.235,183.596,1,1
0,4878,300,91919742864868,91919744918888,91919745469877,2605.009,550.989,1,1
0,4879,300,91919745333772,91919747370471,91919747546176,2212.404,175.705,1,1
0,4880,300,91919747803145,91919749828434,91919750016960,2213.815,188.526,1,1
0,4881,300,91919750236888,91919751877783,91919752444062,2207.174,566.279,1,1
0,4882,300,91919752293718,91919754333657,91919754511693,2217.975,178.036,1,1
0,4883,300,91919754744200,91919756809871,91919756989077,2244.877,179.206,1,1
0,4884,300,91919757200874,91919758839900,91919759420359,2219.485,580.459,1,1
0,4885,300,91919759261364,91919761297753,91919761479500,2218.136,181.747,1,1
0,4886,300,91919761706407,91919763755237,91919763925423,2219.016,170.186,1,1
0,4887,300,91919764172151,91919765802466,91919766369745,2197.594,567.279,1,1
0,4888,300,91919766213430,91919768282070,91919768476696,2263.266,194.626,1,1
0,4889,300,91919768670553,91919770717382,91919770891679,2221.126,174.297,1,1
0,4890,300,91919771126957,91919773175736,91919773338562,2211.605,162.826,1,1
0,4891,300,91919773175736,91919775222716,91919775775425,2599.689,552.709,1,1
0,4892,300,91919775641820,91919777697610,91919777874215,2232.395,176.605,1,1
0,4893,300,91919778096513,91919780149853,91919780309188,2212.675,159.335,1,1
0,4894,300,91919780549567,91919782193062,91919782729650,2180.083,536.588,1,1
0,4895,300,91919782596586,91919784646555,91919784814091,2217.505,167.536,1,1
0,4896,300,91919785052870,91919787101959,91919787270755,2217.885,168.796,1,1
0,4897,300,91919787527523,91919789158338,91919789698527,2171.004,540.189,1,1
0,4898,300,91919789559052,91919791607571,91919791782748,2223.696,175.177,1,1
0,4899,300,91919792017436,91919794064515,91919794235021,2217.585,170.506,1,1
0,4900,300,91919794474178,91919796134455,91919796682134,2207.956,547.679,1,1
0,4901,300,91919796526598,91919798571548,91919798743113,2216.515,171.565,1,1
0,4902,300,91919798984642,91919801028211,91919801200977,2216.335,172.766,1,1
0,4903,300,91919801438765,91919803503815,91919803656911,2218.146,153.096,1,1
0,4904,300,91919803503815,91919805554795,91919806094373,2590.558,539.578,1,1
0,4905,300,91919805942618,91919807991008,91919808203804,2261.186,212.796,1,1
0,4906,300,91919808416992,91919810449741,91919810620167,2203.175,170.426,1,1
0,4907,300,91919810860155,91919812497380,91919813087280,2227.125,589.900,1,1
0,4908,300,91919812926145,91919814956854,91919815155240,2229.095,198.386,1,1
0,4909,300,91919815379428,91919817434338,91919817606763,2227.335,172.425,1,1
0,4910,300,91919817829362,91919819459797,91919820053316,2223.954,593.519,1,1
0,4911,300,91919819889231,91919821918230,91919822109396,2220.165,191.166,1,1
0,4912,300,91919822336014,91919824376924,91919824548310,2212.296,171.386,1,1
0,4913,300,91919824799568,91919826423513,91919826988482,2188.914,564.969,1,1
0,4914,300,91919826834016,91919828881637,91919829090974,2256.958,209.337,1,1
0,4915,300,91919829290020,91919831339169,91919831525336,2235.316,186.167,1,1
0,4916,300,91919831749204,91919833795393,91919833957058,2207.854,161.665,1,1
0,4917,300,91919833795393,91919835845923,91919836395802,2600.409,549.879,1,1
0,4918,300,91919836260106,91919838303416,91919838481912,2221.806,178.496,1,1
0,4919,300,91919838712040,91919840759729,91919840936646,2224.606,176.917,1,1
0,4920,300,91919841171713,91919842821940,91919843368838,2197.125,546.898,1,1
0,4921,300,91919843218513,91919845266252,91919845445818,2227.305,179.566,1,1
0,4922,300,91919845676216,91919847737206,91919847906172,2229.956,168.966,1,1
0,4923,300,91919848165300,91919849775955,91919850351445,2186.145,575.490,1,1
0,4924,300,91919850202020,91919852229278,91919852415824,2213.804,186.546,1,1
0,4925,300,91919852637743,91919854686292,91919854867518,2229.775,181.226,1,1
0,4926,300,91919855104526,91919856732921,91919857320091,2215.565,587.170,1,1
0,4927,300,91919857153866,91919859194104,91919859377151,2223.285,183.047,1,1
0,4928,300,91919859602249,91919861649518,91919861821974,2219.725,172.456,1,1
0,4929,300,91919862058512,91919864111322,91919864291758,2233.246,180.436,1,1
0,4930,300,91919864111322,91919866177482,91919866691509,2580.187,514.027,1,1
0,4931,300,91919866564774,91919868613084,91919868778220,2213.446,165.136,1,1
0,4932,300,91919869040749,91919871070468,91919871248234,2207.485,177.766,1,1
0,4933,300,91919871480462,91919873130798,91919873677067,2196.605,546.269,1,1
0,4934,300,91919873535461,91919875589671,91919875774777,2239.316,185.106,1,1
0,4935,300,91919875996605,91919878032603,91919878211740,2215.135,179.137,1,1
0,4936,300,91919878443658,91919880090004,91919880641303,2197.645,551.299,1,1
0,4937,300,91919880493257,91919882539427,91919882731123,2237.866,191.696,1,1
0,4938,300,91919882948991,91919884995520,91919885186967,2237.976,191.447,1,1
0,4939,300,91919885405194,91919887053090,91919887630820,2225.626,577.730,1,1
0,4940,300,91919887465674,91919889501513,91919889694639,2228.965,193.126,1,1
0,4941,300,91919889910467,91919891960316,91919892150513,2240.046,190.197,1,1
0,4942,300,91919892371010,91919894428700,91919894582896,2211.886,154.196,1,1
0,4943,300,91919894428700,91919896463929,91919897027248,2598.548,563.319,1,1
0,4944,300,91919896889214,91919898943853,91919899121369,2232.155,177.516,1,1
0,4945,300,91919899341926,91919901379376,91919901537432,2195.506,158.056,1,1
0,4946,300,91919901789610,91919903428335,91919903972834,2183.224,544.499,1,1
0,4947,300,91919903839100,91919905886299,91919906073075,2233.975,186.776,1,1
0,4948,300,91919906296763,91919908343582,91919908503238,2206.475,159.656,1,1
0,4949,300,91919908763076,91919910395182,91919910944690,2181.614,549.508,1,1
0,4950,300,91919910801166,91919912852595,91919913042172,2241.006,189.577,1,1
0,4951,300,91919913280130,91919915308179,91919915470434,2190.304,162.255,1,1
0,4952,300,91919915715802,91919917355018,91919917909646,2193.844,554.628,1,1
0,4953,300,91919917763311,91919919813361,91919919985407,2222.096,172.046,1,1
0,4954,300,91919920242146,91919922271095,91919922446151,2204.005,175.056,1,1
0,4955,300,91919922692759,91919924728779,91919924881753,2188.994,152.974,1,1
0,4956,300,91919924728779,91919926776348,91919927312406,2583.627,536.058,1,1
0,4957,300,91919927184051,91919929232671,91919929401296,2217.245,168.625,1,1
0,4958,300,91919929655575,91919931689394,91919931846090,2190.515,156.696,1,1
0,4959,300,91919932100208,91919933738024,91919934301913,2201.705,563.889,1,1
0,4960,300,91919934158568,91919936197398,91919936365763,2207.195,168.365,1,1
0,4961,300,91919936621201,91919938653680,91919938827196,2205.995,173.516,1,1
0,4962,300,91919939064195,91919940718941,91919941256309,2192.114,537.368,1,1
0,4963,300,91919941110374,91919943160013,91919943340559,2230.185,180.546,1,1
0,4964,300,91919943569098,91919945617667,91919945778412,2209.314,160.745,1,1
0,4965,300,91919946027271,91919947665757,91919948238305,2211.034,572.548,1,1
0,4966,300,91919948075040,91919950122629,91919950310286,2235.246,187.657,1,1
0,4967,300,91919950533774,91919952580543,91919952754339,2220.565,173.796,1,1
0,4968,300,91919953021268,91919955037097,91919955207343,2186.075,170.246,1,1
0,4969,300,91919955037097,91919957088046,91919957623844,2586.747,535.798,1,1
0,4970,300,91919957496630,91919959562330,91919959727846,2231.216,165.516,1,1
0,4971,300,91919959953284,91919962000403,91919962183739,2230.455,183.336,1,1
0,4972,300,91919962411066,91919964062302,91919964605442,2194.376,543.140,1,1
0,4973,300,91919964464106,91919966505916,91919966682761,2218.655,176.845,1,1
0,4974,300,91919966939330,91919968975650,91919969161926,2222.596,186.276,1,1
0,4975,300,91919969384453,91919971013588,91919971581808,2197.355,568.220,1,1
0,4976,300,91919971422903,91919973470072,91919973649558,2226.655,179.486,1,1
0,4977,300,91919973880405,91919975942156,91919976123682,2243.277,181.526,1,1
0,4978,300,91919976357360,91919977993535,91919978542394,2185.034,548.859,1,1
0,4979,300,91919978385909,91919980434348,91919980616535,2230.626,182.187,1,1
0,4980,300,91919980842692,91919982908472,91919983091928,2249.236,183.456,1,1
0,4981,300,91919983322536,91919985348605,91919985511081,2188.545,162.476,1,1
0,4982,300,91919985348605,91919987416045,91919987941293,2592.688,525.248,1,1
0,4983,300,91919987807018,91919989853838,91919990039484,2232.466,185.646,1,1
0,4984,300,91919990265132,91919992311011,91919992489757,2224.625,178.746,1,1
0,4985,300,91919992721265,91919994368661,91919994911780,2190.515,543.119,1,1
0,4986,300,91919994770434,91919996816044,91919996993870,2223.436,177.826,1,1
0,4987,300,91919997226988,91919999288528,91919999470114,2243.126,181.586,1,1
0,4988,300,91919999696912,91920001321766,91920001880966,2184.054,559.200,1,1
0,4989,300,91920001732791,91920003781240,91920003960106,2227.315,178.866,1,1
0,4990,300,91920004192834,91920006238044,91920006401940,2209.106,163.896,1,1
0,4991,300,91920006656738,91920008287204,91920008860152,2203.414,572.948,1,1
0,4992,300,91920008694877,91920010744876,91920010926183,2231.306,181.307,1,1
0,4993,300,91920011154541,91920013200880,91920013374656,2220.115,173.776,1,1
0,4994,300,91920013611034,91920015657534,91920015821209,2210.175,163.675,1,1
0,4995,300,91920015657534,91920017706993,91920018270192,2612.658,563.199,1,1
0,4996,300,91920018116417,91920020183547,91920020365103,2248.686,181.556,1,1
0,4997,300,91920020584740,91920022629170,91920022794426,2209.686,165.256,1,1
0,4998,300,91920023033233,91920024671379,91920025237788,2204.555,566.409,1,1
0,4999,300,91920025080093,91920027154653,91920027333260,2253.167,178.607,1,1
0,5000,300,91920027554107,91920029598897,91920029767722,2213.615,168.825,1,1
0,5001,300,91920029993520,91920031634425,91920032202064,2208.544,567.639,1,1
0,5002,300,91920032043029,91920034091939,91920034292765,2249.736,200.826,1,1
0,5003,300,91920034515954,91920036548703,91920036718177,2202.223,169.474,1,1
0,5004,300,91920036975016,91920038595382,91920039205913,2230.897,610.531,1,1
0,5005,300,91920039039307,91920041054425,91920041244031,2204.724,189.606,1,1
0,5006,300,91920041462449,91920043511158,91920043684245,2221.796,173.087,1,1
0,5007,300,91920043921942,91920045969631,91920046152808,2230.866,183.177,1,1
0,5008,300,91920045969631,91920048026671,91920048583421,2613.790,556.750,1,1
0,5009,300,91920048440815,91920050476055,91920050662821,2222.006,186.766,1,1
0,5010,300,91920050883229,91920052931198,91920053120135,2236.906,188.937,1,1
0,5011,300,91920053342582,91920054981688,91920055551317,2208.735,569.629,1,1
0,5012,300,91920055400472,91920057437661,91920057621787,2221.315,184.126,1,1
0,5013,300,91920057847065,91920059895694,91920060077170,2230.105,181.476,1,1
0,5014,300,91920060306669,91920061944974,91920062502413,2195.744,557.439,1,1
0,5015,300,91920062352438,91920064402597,91920064582303,2229.865,179.706,1,1
0,5016,300,91920064810271,91920066857481,91920067038617,2228.346,181.136,1,1
0,5017,300,91920067269645,91920068907800,91920069483129,2213.484,575.329,1,1
0,5018,300,91920069316194,91920071371814,91920071555190,2238.996,183.376,1,1
0,5019,300,91920071776388,91920073820947,91920073993923,2217.535,172.976,1,1
0,5020,300,91920074252001,91920076279280,91920076454396,2202.395,175.116,1,1
0,5021,300,91920076279280,91920078341280,91920078873099,2593.819,531.819,1,1
0,5022,300,91920078738434,91920080786563,91920080972579,2234.145,186.016,1,1
0,5023,300,91920081200627,91920083242307,91920083419672,2219.045,177.365,1,1
0,5024,300,91920083653350,91920085308806,91920085842435,2189.085,533.629,1,1
0,5025,300,91920085701440,91920087748540,91920087925935,2224.495,177.395,1,1
0,5026,300,91920088170853,91920090209883,91920090378689,2207.836,168.806,1,1
0,5027,300,91920090615457,91920092252842,91920092811692,2196.235,558.850,1,1
0,5028,300,91920092663096,91920094711976,91920094891151,2228.055,179.175,1,1
0,5029,300,91920095121969,91920097169379,91920097354056,2232.087,184.677,1,1
0,5030,300,91920097578113,91920099217859,91920099791538,2213.425,573.679,1,1
0,5031,300,91920099636393,91920101688373,91920101860138,2223.745,171.765,1,1
0,5032,300,91920102084866,91920104133265,91920104328161,2243.295,194.896,1,1
0,5033,300,91920104542509,91920106606330,91920106762914,2220.405,156.584,1,1
0,5034,300,91920106606330,91920108636818,91920109197857,2591.527,561.039,1,1
0,5035,300,91920109057083,91920111094811,91920111272848,2215.765,178.037,1,1
0,5036,300,91920111506156,91920113566335,91920113733951,2227.795,167.616,1,1
0,5037,300,91920113963629,91920115601124,91920116160083,2196.454,558.959,1,1
0,5038,300,91920116015278,91920118059527,91920118233253,2217.975,173.726,1,1
0,5039,300,91920118485422,91920120516191,91920120684157,2198.735,167.966,1,1
0,5040,300,91920120935525,91920122563760,91920123156291,2220.766,592.531,1,1
0,5041,300,91920122982454,91920125022924,91920125213421,2230.967,190.497,1,1
0,5042,300,91920125432898,91920127482627,91920127664004,2231.106,181.377,1,1
0,5043,300,91920127890292,91920129527647,91920130134278,2243.986,606.631,1,1
0,5044,300,91920129957751,91920131985650,91920132204828,2247.077,219.178,1,1
0,5045,300,91920132398214,91920134444104,91920134616599,2218.385,172.495,1,1
0,5046,300,91920134852027,91920136900667,91920137075353,2223.326,174.686,1,1
0,5047,300,91920136900667,91920138947717,91920139493905,2593.238,546.188,1,1
0,5048,300,91920139358500,91920141424930,91920141594576,2236.076,169.646,1,1
0,5049,300,91920141815214,91920143864004,91920144040699,2225.485,176.695,1,1
0,5050,300,91920144273637,91920145914893,91920146477432,2203.795,562.539,1,1
0,5051,300,91920146334737,91920148369536,91920148548882,2214.145,179.346,1,1
0,5052,300,91920148780210,91920150825809,91920151015746,2235.536,189.937,1,1
0,5053,300,91920151235713,91920152884850,91920153445648,2209.935,560.798,1,1
0,5054,300,91920153295693,91920155353263,91920155534819,2239.126,181.556,1,1
0,5055,300,91920155754277,91920157790866,91920157951802,2197.525,160.936,1,1
0,5056,300,91920158206690,91920159838695,91920160415655,2208.965,576.960,1,1
0,5057,300,91920160248689,91920162295559,91920162478574,2229.885,183.015,1,1
0,5058,300,91920162704713,91920164764242,91920164948378,2243.665,184.136,1,1
0,5059,300,91920165162726,91920167209745,91920167375541,2212.815,165.796,1,1
0,5060,300,91920167209745,91920169259925,91920169819094,2609.349,559.169,1,1
0,5061,300,91920169684179,91920171715368,91920171890164,2205.985,174.796,1,1
0,5062,300,91920172126442,91920174173222,91920174339728,2213.286,166.506,1,1
0,5063,300,91920174600526,91920176224602,91920176774750,2174.224,550.148,1,1
0,5064,300,91920176633115,91920178693845,91920178870911,2237.796,177.066,1,1
0,5065,300,91920179104009,91920181137848,91920181317254,2213.245,179.406,1,1
0,5066,300,91920181546481,91920183185887,91920183752017,2205.536,566.130,1,1
0,5067,300,91920183595042,91920185645931,91920185825537,2230.495,179.606,1,1
0,5068,300,91920186052195,91920188100334,91920188280931,2228.736,180.597,1,1
0,5069,300,91920188509908,91920190152403,91920190722963,2213.055,570.560,1,1
0,5070,300,91920190556898,91920192625518,91920192807263,2250.365,181.745,1,1
0,5071,300,91920193040212,91920195083391,91920195267147,2226.935,183.756,1,1
0,5072,300,91920195490845,91920197522034,91920197685039,2194.194,163.005,1,1
0,5073,300,91920197522034,91920199573043,91920200125462,2603.428,552.419,1,1
0,5074,300,91920199977917,91920202026857,91920202212443,2234.526,185.586,1,1
0,5075,300,91920202435990,91920204484891,91920204654725,2218.735,169.834,1,1
0,5076,300,91920204894154,91920206531830,91920207095549,2201.395,563.719,1,1
0,5077,300,91920206943043,91920208989222,91920209188100,2245.057,198.878,1,1
0,5078,300,91920209400047,91920211460136,91920211628432,2228.385,168.296,1,1
0,5079,300,91920211857590,91920213496046,91920214086756,2229.166,590.710,1,1
0,5080,300,91920213927280,91920215964129,91920216164577,2237.297,200.448,1,1
0,5081,300,91920216362533,91920218410432,91920218581788,2219.255,171.356,1,1
0,5082,300,91920218821577,91920220466482,91920221034582,2213.005,568.100,1,1
0,5083,300,91920220868706,91920222915365,91920223108362,2239.656,192.997,1,1
0,5084,300,91920223325899,91920225392670,91920225569555,2243.656,176.885,1,1
0,5085,300,91920225791233,91920227852953,91920228030249,2239.016,177.296,1,1
0,5086,300,91920227852953,91920229885162,91920230460872,2607.919,575.710,1,1
0,5087,300,91920230311697,91920232337475,91920232513411,2201.714,175.936,1,1
0,5088,300,91920232762520,91920234794539,91920234959114,2196.594,164.575,1,1
0,5089,300,91920235203522,91920236852738,91920237414297,2210.775,561.559,1,1
0,5090,300,91920237271222,91920239308172,91920239487327,2216.105,179.155,1,1
0,5091,300,91920239710206,91920241757115,91920241935960,2225.754,178.845,1,1
0,5092,300,91920242167148,91920243813815,91920244385764,2218.616,571.949,1,1
0,5093,300,91920244235468,91920246265278,91920246457314,2221.846,192.036,1,1
0,5094,300,91920246672581,91920248720991,91920248903037,2230.456,182.046,1,1
0,5095,300,91920249130625,91920250782551,91920251353510,2222.885,570.959,1,1
0,5096,300,91920251196575,91920253226624,91920253409810,2213.235,183.186,1,1
0,5097,300,91920253635897,91920255684278,91920255856593,2220.696,172.315,1,1
0,5098,300,91920256094091,91920258150761,91920258314627,2220.536,163.866,1,1
0,5099,300,91920258150761,91920260190350,91920260743869,2593.108,553.519,1,1
0,5100,300,91920260608154,91920262646424,91920262820990,2212.836,174.566,1,1
0,5101,300,91920263057637,91920265118077,91920265294443,2236.806,176.366,1,1
0,5102,300,91920265518911,91920267152177,91920267705965,2187.054,553.788,1,1
0,5103,300,91920267563530,91920269618670,91920269795356,2231.826,176.686,1,1
0,5104,300,91920270029814,91920272074214,91920272262820,2233.006,188.606,1,1
0,5105,300,91920272485447,91920274115683,91920274682902,2197.455,567.219,1,1
0,5106,300,91920274524676,91920276576196,91920276752802,2228.126,176.606,1,1
0,5107,300,91920276983650,91920279030829,91920279363690,2380.040,332.861,1,1
0,5108,300,91920279463265,91920281084969,91920281637498,2174.233,552.529,1,1
0,5109,300,91920281489423,91920283544813,91920283727179,2237.756,182.366,1,1
0,5110,300,91920283946606,91920286023156,91920286195123,2248.517,171.967,1,1
0,5111,300,91920286406780,91920288452719,91920288615144,2208.364,162.425,1,1
0,5112,300,91920288452719,91920290513769,91920291055018,2602.299,541.249,1,1
0,5113,300,91920290909533,91920292956782,91920293165249,2255.716,208.467,1,1
0,5114,300,91920293380247,91920295431596,91920295597652,2217.405,166.056,1,1
0,5115,300,91920295826169,91920297485586,91920298027054,2200.885,541.468,1,1
0,5116,300,91920297874759,91920299920468,91920300123105,2248.346,202.637,1,1
0,5117,300,91920300333552,91920302397432,91920302566658,2233.106,169.226,1,1
0,5118,300,91920302789885,91920304441641,91920304984030,2194.145,542.389,1,1
0,5119,300,91920304835274,91920306897125,91920307098841,2263.567,201.716,1,1
0,5120,300,91920307295018,91920309341128,91920309513574,2218.556,172.446,1,1
0,5121,300,91920309761982,91920311390497,91920311955516,2193.534,565.019,1,1
0,5122,300,91920311799951,91920313846681,91920314040968,2241.017,194.287,1,1
0,5123,300,91920314268385,91920316325284,91920316500290,2231.905,175.006,1,1
0,5124,300,91920316719178,91920318777508,91920318940654,2221.476,163.146,1,1
0,5125,300,91920318777508,91920320830087,91920321379216,2601.708,549.129,1,1
0,5126,300,91920321242002,91920323269000,91920323445806,2203.804,176.806,1,1
0,5127,300,91920323698075,91920325746244,91920325923350,2225.275,177.106,1,1
0,5128,300,91920326137058,91920327773114,91920328337513,2200.455,564.399,1,1
0,5129,300,91920328188958,91920330231076,91920330421133,2232.175,190.057,1,1
0,5130,300,91920330640061,91920332688890,91920332868096,2228.035,179.206,1,1
0,5131,300,91920333098934,91920334736579,91920335302049,2203.115,565.470,1,1
0,5132,300,91920335151363,91920337206573,91920337387629,2236.266,181.056,1,1
0,5133,300,91920337605447,91920339652046,91920339821802,2216.355,169.756,1,1
0,5134,300,91920340063150,91920341701486,91920342286605,2223.455,585.119,1,1
0,5135,300,91920342109960,91920344157589,91920344341985,2232.025,184.396,1,1
0,5136,300,91920344567723,91920346614722,91920346795189,2227.466,180.467,1,1
0,5137,300,91920347024466,91920349085646,91920349269433,2244.967,183.787,1,1
0,5138,300,91920349085646,91920351119965,91920351666584,2580.938,546.619,1,1
0,5139,300,91920351531250,91920353578679,91920353764885,2233.635,186.206,1,1
0,5140,300,91920353987322,91920356035912,91920356223408,2236.086,187.496,1,1
0,5141,300,91920356446986,91920358083571,91920358635720,2188.734,552.149,1,1
0,5142,300,91920358493295,91920360543205,91920360720221,2226.926,177.016,1,1
0,5143,300,91920360966200,91920363019229,91920363196865,2230.665,177.636,1,1
0,5144,300,91920363418803,91920365055488,91920365620297,2201.494,564.809,1,1
0,5145,300,91920365467872,91920367504171,91920367685728,2217.856,181.557,1,1
0,5146,300,91920367914795,91920369961474,91920370133131,2218.336,171.657,1,1
0,5147,300,91920370385209,91920372014184,91920372569183,2183.974,554.999,1,1
0,5148,300,91920372421188,91920374475497,91920374647413,2226.225,171.916,1,1
0,5149,300,91920374877421,91920376926351,91920377099557,2222.136,173.206,1,1
0,5150,300,91920377336045,91920379403515,91920379567760,2231.715,164.245,1,1
0,5151,300,91920379403515,91920381443844,91920381990292,2586.777,546.448,1,1
0,5152,300,91920381847318,91920383890698,91920384076714,2229.396,186.016,1,1
0,5153,300,91920384317591,91920386345940,91920386524207,2206.616,178.267,1,1
0,5154,300,91920386756075,91920388396360,91920388947639,2191.564,551.279,1,1
0,5155,300,91920388805504,91920390852093,91920391039780,2234.276,187.687,1,1
0,5156,300,91920391263537,91920393328868,91920393498203,2234.666,169.335,1,1
0,5157,300,91920393720101,91920395357516,91920395918155,2198.054,560.639,1,1
0,5158,300,91920395769110,91920397816529,91920398023636,2254.526,207.107,1,1
0,5159,300,91920398224444,91920400272713,91920400455539,2231.095,182.826,1,1
0,5160,300,91920400682386,91920402321832,91920402885961,2203.575,564.129,1,1
0,5161,300,91920402730147,91920404779796,91920404961292,2231.145,181.496,1,1
0,5162,300,91920405189740,91920407239409,91920407413215,2223.475,173.806,1,1
0,5163,300,91920407644683,91920409694883,91920409861208,2216.525,166.325,1,1
0,5164,300,91920409694883,91920411742902,91920412289181,2594.298,546.279,1,1
0,5165,300,91920412152936,91920414198996,91920414375261,2222.325,176.265,1,1
0,5166,300,91920414626460,91920416667399,91920416823684,2197.224,156.285,1,1
0,5167,300,91920417066043,91920418704538,91920419260467,2194.424,555.929,1,1
0,5168,300,91920419114672,91920421163952,91920421332718,2218.046,168.766,1,1
0,5169,300,91920421592196,91920423619105,91920423788401,2196.205,169.296,1,1
0,5170,300,91920424037990,91920425668445,91920426229654,2191.664,561.209,1,1
0,5171,300,91920426078518,91920428127318,91920428317234,2238.716,189.916,1,1
0,5172,300,91920428536432,91920430589032,91920430770258,2233.826,181.226,1,1
0,5173,300,91920430993225,91920432631591,91920433219571,2226.346,587.980,1,1
0,5174,300,91920433052555,91920435089235,91920435271000,2218.445,181.765,1,1
0,5175,300,91920435499538,91920437547757,91920437710553,2211.015,162.796,1,1
0,5176,300,91920437958992,91920440015671,91920440189647,2230.655,173.976,1,1
0,5177,300,91920440015671,91920442053361,91920442598349,2582.678,544.988,1,1
0,5178,300,91920442462774,91920444510324,91920444686250,2223.476,175.926,1,1
0,5179,300,91920444926998,91920446967087,91920447164884,2237.886,197.797,1,1
0,5180,300,91920447378232,91920449014466,91920449574766,2196.534,560.300,1,1
0,5181,300,91920449430820,91920451473720,91920451645626,2214.806,171.906,1,1
0,5182,300,91920451898035,91920453930963,91920454105869,2207.834,174.906,1,1
0,5183,300,91920454339347,91920455992553,91920456532822,2193.475,540.269,1,1
0,5184,300,91920456390297,91920458436316,91920458606362,2216.065,170.046,1,1
0,5185,300,91920458847941,91920460894400,91920461076956,2229.015,182.556,1,1
0,5186,300,91920461304603,91920462940589,91920463526959,2222.356,586.370,1,1
0,5187,300,91920463367934,91920465398663,91920465571308,2203.374,172.645,1,1
0,5188,300,91920465823127,91920467857426,91920468041572,2218.445,184.146,1,1
0,5189,300,91920468267390,91920470313460,91920470468654,2201.264,155.194,1,1
0,5190,300,91920470313460,91920472380589,91920472907987,2594.527,527.398,1,1
0,5191,300,91920472772972,91920474820852,91920474990358,2217.386,169.506,1,1
0,5192,300,91920475230526,91920477279256,91920477437041,2206.515,157.785,1,1
0,5193,300,91920477691819,91920479327065,91920479877564,2185.745,550.499,1,1
0,5194,300,91920479734739,91920481782229,91920481949804,2215.065,167.575,1,1
0,5195,300,91920482210833,91920484239941,91920484409447,2198.614,169.506,1,1
0,5196,300,91920484650706,91920486288202,91920486847070,2196.364,558.868,1,1
0,5197,300,91920486697505,91920488745694,91920488925101,2227.596,179.407,1,1
0,5198,300,91920489157739,91920491212058,91920491384134,2226.395,172.076,1,1
0,5199,300,91920491614792,91920493251858,91920493836457,2221.665,584.599,1,1
0,5200,300,91920493680802,91920495711061,91920495892747,2211.945,181.686,1,1
0,5201,300,91920496120515,91920498170495,91920498345771,2225.256,175.276,1,1
0,5202,300,91920498578268,91920500645299,91920500808714,2230.446,163.415,1,1
0,5203,300,91920500645299,91920502673647,91920503226286,2580.987,552.639,1,1
0,5204,300,91920503082451,91920505154721,91920505331898,2249.447,177.177,1,1
0,5205,300,91920505555885,91920507589104,91920507755220,2199.335,166.116,1,1
0,5206,300,91920507998938,91920509637343,91920510194793,2195.855,557.450,1,1
0,5207,300,91920510045178,91920512106907,91920512296834,2251.656,189.927,1,1
0,5208,300,91920512519401,91920514573731,91920514742667,2223.266,168.936,1,1
0,5209,300,91920514968254,91920516599640,91920517195230,2226.976,595.590,1,1
0,5210,300,91920517037595,91920519056313,91920519255570,2217.975,199.257,1,1
0,5211,300,91920519467518,91920521517557,91920521688592,2221.074,171.035,1,1
0,5212,300,91920521924430,91920523583947,91920524171057,2246.627,587.110,1,1
0,5213,300,91920523985031,91920526020719,91920526218736,2233.705,198.017,1,1
0,5214,300,91920526431243,91920528479543,91920528653129,2221.886,173.586,1,1
0,5215,300,91920528887287,91920530935707,91920531110412,2223.125,174.705,1,1
0,5216,300,91920530935707,91920532992026,91920533539994,2604.287,547.968,1,1
0,5217,300,91920533403450,91920535441239,91920535616525,2213.075,175.286,1,1
0,5218,300,91920535851433,91920537899883,91920538077048,2225.615,177.165,1,1
0,5219,300,91920538307406,91920539945572,91920540510061,2202.655,564.489,1,1
0,5220,300,91920540358056,91920542403756,91920542584201,2226.145,180.445,1,1
0,5221,300,91920542813049,91920544862678,91920545042885,2229.836,180.207,1,1
0,5222,300,91920545272633,91920546915258,91920547471258,2198.625,556.000,1,1
0,5223,300,91920547319912,91920549367391,91920549548407,2228.495,181.016,1,1
0,5224,300,91920549776526,91920551825585,91920552012332,2235.806,186.747,1,1
0,5225,300,91920552235159,91920553880604,91920554453444,2218.285,572.840,1,1
0,5226,300,91920554296029,91920556331007,91920556514654,2218.625,183.647,1,1
0,5227,300,91920556740602,91920558788201,91920558960387,2219.785,172.186,1,1
0,5228,300,91920559197825,91920561268016,91920561438471,2240.646,170.455,1,1
0,5229,300,91920561268016,91920563293844,91920563863184,2595.168,569.340,1,1
0,5230,300,91920563725439,91920565758028,91920565944274,2218.835,186.246,1,1
0,5231,300,91920566161572,91920568209761,91920568390647,2229.075,180.886,1,1
0,5232,300,91920568619744,91920570257400,91920570839680,2219.936,582.280,1,1
0,5233,300,91920570688345,91920572715144,91920572892229,2203.884,177.085,1,1
0,5234,300,91920573129368,91920575173407,91920575353774,2224.406,180.367,1,1
0,5235,300,91920575581691,91920577220696,91920577778306,2196.615,557.610,1,1
0,5236,300,91920577629031,91920579696100,91920579875977,2246.946,179.877,1,1
0,5237,300,91920580087013,91920582135084,91920582325550,2238.537,190.466,1,1
0,5238,300,91920582544087,91920584200033,91920584769103,2225.016,569.070,1,1
0,5239,300,91920584602387,91920586642276,91920586830142,2227.755,187.866,1,1
0,5240,300,91920587051710,91920589098180,91920589293767,2242.057,195.587,1,1
0,5241,300,91920589513653,91920591556193,91920591720929,2207.276,164.736,1,1
0,5242,300,91920591556193,91920593604683,91920594164371,2608.178,559.688,1,1
0,5243,300,91920594017907,91920596062776,91920596249062,2231.155,186.286,1,1
0,5244,300,91920596472690,91920598518749,91920598695645,2222.955,176.896,1,1
0,5245,300,91920598930063,91920600568599,91920601139488,2209.425,570.889,1,1
0,5246,300,91920600985473,91920603025602,91920603213409,2227.936,187.807,1,1
0,5247,300,91920603436226,91920605481595,91920605649641,2213.415,168.046,1,1
0,5248,300,91920605891780,91920607531425,91920608109395,2217.615,577.970,1,1
0,5249,300,91920607939239,91920609988338,91920610188265,2249.026,199.927,1,1
0,5250,300,91920610414223,91920612446922,91920612623218,2208.995,176.296,1,1
0,5251,300,91920612874076,91920614495152,91920615070191,2196.115,575.039,1,1
0,5252,300,91920614903535,91920616951434,91920617133601,2230.066,182.167,1,1
0,5253,300,91920617360049,91920619408778,91920619572443,2212.394,163.665,1,1
0,5254,300,91920619818632,91920621866732,91920622031667,2213.035,164.935,1,1
0,5255,300,91920621866732,91920623913521,91920624460860,2594.128,547.339,1,1
0,5256,300,91920624324075,91920626382115,91920626569251,2245.176,187.136,1,1
0,5257,300,91920626789658,91920628839628,91920628996033,2206.375,156.405,1,1
0,5258,300,91920629238281,91920630877557,91920631423486,2185.205,545.929,1,1
0,5259,300,91920631287061,91920633353771,91920633523007,2235.946,169.236,1,1
0,5260,300,91920633743874,91920635793974,91920635953230,2209.356,159.256,1,1
0,5261,300,91920636215418,91920637842313,91920638394192,2178.774,551.879,1,1
0,5262,300,91920638251548,91920640300087,91920640481173,2229.625,181.086,1,1
0,5263,300,91920640709280,91920642757590,91920642929356,2220.076,171.766,1,1
0,5264,300,91920643164694,91920644814880,91920645362989,2198.295,548.109,1,1
0,5265,300,91920645214043,91920647272454,91920647455230,2241.187,182.776,1,1
0,5266,300,91920647671467,91920649719306,91920649893383,2221.916,174.077,1,1
0,5267,300,91920650149971,91920652178509,91920652333825,2183.854,155.316,1,1
0,5268,300,91920652178509,91920654224090,91920654761887,2583.378,537.797,1,1
0,5269,300,91920654633413,91920656681782,91920656847068,2213.655,165.286,1,1
0,5270,300,91920657110557,91920659150846,91920659319162,2208.605,168.316,1,1
0,5271,300,91920659551030,91920661187846,91920661741985,2190.955,554.139,1,1
0,5272,300,91920661598909,91920663644859,91920663812425,2213.516,167.566,1,1
0,5273,300,91920664058883,91920666104452,91920666272778,2213.895,168.326,1,1
0,5274,300,91920666519086,91920668156502,91920668712241,2193.155,555.739,1,1
0,5275,300,91920668561576,91920670618055,91920670804542,2242.966,186.487,1,1
0,5276,300,91920671037899,91920673067858,91920673248675,2210.776,180.817,1,1
0,5277,300,91920673475972,91920675115248,91920675676067,2200.095,560.819,1,1
0,5278,300,91920675527692,91920677573481,91920677745357,2217.665,171.876,1,1
0,5279,300,91920677984146,91920680029815,91920680213541,2229.395,183.726,1,1
0,5280,300,91920680439878,91920682496798,91920682651464,2211.586,154.666,1,1
0,5281,300,91920682496798,91920684534508,91920685091827,2595.029,557.319,1,1
0,5282,300,91920684944902,91920686992641,91920687189658,2244.756,197.017,1,1
0,5283,300,91920687404125,91920689451595,91920689608370,2204.245,156.775,1,1
0,5284,300,91920689864368,91920691505455,91920692064703,2200.335,559.248,1,1
0,5285,300,91920691909368,91920693955558,91920694165175,2255.807,209.617,1,1
0,5286,300,91920694367341,91920696424161,91920696597567,2230.226,173.406,1,1
0,5287,300,91920696824254,91920698461210,91920699039360,2215.106,578.150,1,1
0,5288,300,91920698872874,91920700924554,91920701126731,2253.857,202.177,1,1
0,5289,300,91920701330717,91920703377897,91920703549753,2219.036,171.856,1,1
0,5290,300,91920703787641,91920705425267,91920706000556,2212.915,575.289,1,1
0,5291,300,91920705843871,91920707883440,91920708088646,2244.775,205.206,1,1
0,5292,300,91920708302414,91920710353203,91920710526400,2223.986,173.197,1,1
0,5293,300,91920710749937,91920712798986,91920712962452,2212.515,163.466,1,1
0,5294,300,91920712798986,91920714845967,91920715411995,2613.009,566.028,1,1
0,5295,300,91920715266890,91920717313970,91920717501797,2234.907,187.827,1,1
0,5296,300,91920717728314,91920719760273,91920719936778,2208.464,176.505,1,1
0,5297,300,91920720171137,91920721811723,91920722367171,2196.034,555.448,1,1
0,5298,300,91920722222726,91920724267885,91920724446532,2223.806,178.647,1,1
0,5299,300,91920724676360,91920726724159,91920726892135,2215.775,167.976,1,1
0,5300,300,91920727133013,91920728772958,91920729332607,2199.594,559.649,1,1
0,5301,300,91920729181663,91920731228802,91920731399638,2217.975,170.836,1,1
0,5302,300,91920731638576,91920733686365,91920733857631,2219.055,171.266,1,1
0,5303,300,91920734098379,91920735737894,91920736311494,2213.115,573.600,1,1
0,5304,300,91920736152179,91920738193548,91920738377414,2225.235,183.866,1,1
0,5305,300,91920738604082,91920740651242,91920740835088,2231.006,183.846,1,1
0,5306,300,91920741068326,91920743108935,91920743296121,2227.795,187.186,1,1
0,5307,300,91920743108935,91920745157764,91920745703473,2594.538,545.709,1,1
0,5308,300,91920745567139,91920747615458,91920747790714,2223.575,175.256,1,1
0,5309,300,91920748024761,91920750071432,91920750260138,2235.377,188.706,1,1
0,5310,300,91920750480755,91920752118901,91920752673649,2192.894,554.748,1,1
0,5311,300,91920752530144,91920754594975,91920754783592,2253.448,188.617,1,1
0,5312,300,91920754986728,91920757035998,91920757215163,2228.435,179.165,1,1
0,5313,300,91920757444001,91920759088817,91920759644176,2200.175,555.359,1,1
0,5314,300,91920759493541,91920761540421,91920761731347,2237.806,190.926,1,1
0,5315,300,91920761951074,91920763997483,91920764185780,2234.706,188.297,1,1
0,5316,300,91920764407168,91920766058004,91920766629533,2222.365,571.529,1,1
0,5317,300,91920766467867,91920768504937,91920768686892,2219.025,181.955,1,1
0,5318,300,91920768912691,91920770961530,91920771160627,2247.936,199.097,1,1
0,5319,300,91920771371294,91920773419973,91920773583809,2212.515,163.836,1,1
0,5320,300,91920773419973,91920775476533,91920776023402,2603.429,546.869,1,1
0,5321,300,91920775875527,91920777924916,91920778110942,2235.415,186.026,1,1
0,5322,300,91920778333900,91920780389010,91920780558055,2224.155,169.045,1,1
0,5323,300,91920780790543,91920782429669,91920782991578,2201.035,561.909,1,1
0,5324,300,91920782840063,91920784907943,91920785096659,2256.596,188.716,1,1
0,5325,300,91920785297107,91920787345706,91920787526232,2229.125,180.526,1,1
0,5326,300,91920787754769,91920789398506,91920789959434,2204.665,560.928,1,1
0,5327,300,91920789801600,91920791871260,91920792061086,2259.486,189.826,1,1
0,5328,300,91920792261053,91920794309112,91920794492358,2231.305,183.246,1,1
0,5329,300,91920794718296,91920796377472,91920796948562,2230.266,571.090,1,1
0,5330,300,91920796781216,91920798815305,91920799000651,2219.435,185.346,1,1
0,5331,300,91920799222998,91920801289129,91920801453385,2230.387,164.256,1,1
0,5332,300,91920801679932,91920803745052,91920803908048,2228.116,162.996,1,1
0,5333,300,91920803745052,91920805775871,91920806324920,2579.868,549.049,1,1
0,5334,300,91920806187735,91920808233795,91920808421671,2233.936,187.876,1,1
0,5335,300,91920808645078,91920810691808,91920810857484,2212.406,165.676,1,1
0,5336,300,91920811102302,91920812741178,91920813296546,2194.244,555.368,1,1
0,5337,300,91920813152161,91920815197110,91920815376077,2223.916,178.967,1,1
0,5338,300,91920815608835,91920817656784,91920817836130,2227.295,179.346,1,1
0,5339,300,91920818068178,91920819704714,91920820283093,2214.915,578.379,1,1
0,5340,300,91920820112637,91920822174708,91920822355253,2242.616,180.545,1,1
0,5341,300,91920822589051,91920824636551,91920824806837,2217.786,170.286,1,1
0,5342,300,91920825044715,91920826667830,91920827253360,2208.645,585.530,1,1
0,5343,300,91920827075864,91920829126054,91920829319710,2243.846,193.656,1,1
0,5344,300,91920829539847,91920831582517,91920831755172,2215.325,172.655,1,1
0,5345,300,91920832021912,91920834064201,91920834238697,2216.785,174.496,1,1
0,5346,300,91920834064201,91920836088829,91920836641029,2576.828,552.200,1,1
0,5347,300,91920836497004,91920838547943,91920838722509,2225.505,174.566,1,1
0,5348,300,91920838954377,91920841015367,91920841191842,2237.465,176.475,1,1
0,5349,300,91920841417801,91920843051956,91920843604415,2186.614,552.459,1,1
0,5350,300,91920843460500,91920845509339,91920845686636,2226.136,177.297,1,1
0,5351,300,91920845918083,91920847965633,91920848165299,2247.216,199.666,1,1
0,5352,300,91920848375226,91920850021873,91920850571741,2196.515,549.868,1,1
0,5353,300,91920850423516,91920852474985,91920852655602,2232.086,180.617,1,1
0,5354,300,91920852885770,91920854929719,91920855111385,2225.615,181.666,1,1
0,5355,300,91920855342212,91920856993399,91920857555688,2213.476,562.289,1,1
0,5356,300,91920857386843,91920859445602,91920859633628,2246.785,188.026,1,1
0,5357,300,91920859845925,91920861893555,91920862218746,2372.821,325.191,1,1
0,5358,300,91920862303299,91920864350849,91920864506624,2203.325,155.775,1,1
0,5359,300,91920864350849,91920866397978,91920866959787,2608.938,561.809,1,1
0,5360,300,91920866823452,91920868856022,91920869032267,2208.815,176.245,1,1
0,5361,300,91920869286196,91920871331086,91920871498582,2212.386,167.496,1,1
0,5362,300,91920871729999,91920873362725,91920873921863,2191.864,559.138,1,1
0,5363,300,91920873770008,91920875818047,91920875995324,2225.316,177.277,1,1
0,5364,300,91920876242542,91920878276631,91920878448397,2205.855,171.766,1,1
0,5365,300,91920878687305,91920880325781,91920880882859,2195.554,557.078,1,1
0,5366,300,91920880733014,91920882781534,91920882969141,2236.127,187.607,1,1
0,5367,300,91920883192028,91920885239187,91920885410933,2218.905,171.746,1,1
0,5368,300,91920885667352,91920887301318,91920887874086,2206.734,572.768,1,1
0,5369,300,91920887706431,91920889746510,91920889921456,2215.025,174.946,1,1
0,5370,300,91920890154414,91920892224374,91920892391330,2236.916,166.956,1,1
0,5371,300,91920892611648,91920894661177,91920894826382,2214.734,165.205,1,1
0,5372,300,91920894661177,91920896707226,91920897258915,2597.738,551.689,1,1
0,5373,300,91920897118501,91920899166610,91920899333256,2214.755,166.646,1,1
0,5374,300,91920899574543,91920901624103,91920901799759,2225.216,175.656,1,1
0,5375,300,91920902034357,91920903673122,91920904244642,2210.285,571.520,1,1
0,5376,300,91920904081807,91920906130036,91920906319202,2237.395,189.166,1,1
0,5377,300,91920906551160,91920908585510,91920908753525,2202.365,168.015,1,1
0,5378,300,91920908996513,91920910635879,91920911202748,2206.235,566.869,1,1
0,5379,300,91920911045163,91920913094112,91920913296790,2251.627,202.678,1,1
0,5380,300,91920913509677,91920915550616,91920915721182,2211.505,170.566,1,1
0,5381,300,91920915960789,91920917597515,91920918178484,2217.695,580.969,1,1
0,5382,300,91920918013239,91920920071179,91920920253265,2240.026,182.086,1,1
0,5383,300,91920920469243,91920922513952,91920922677378,2208.135,163.426,1,1
0,5384,300,91920922922856,91920924971745,91920925154751,2231.895,183.006,1,1
0,5385,300,91920924971745,91920927029025,91920927566393,2594.648,537.368,1,1
0,5386,300,91920927428489,91920929478809,91920929666075,2237.586,187.266,1,1
0,5387,300,91920929885872,91920931934431,91920932105267,2219.395,170.836,1,1
0,5388,300,91920932345276,91920933983241,91920934531349,2186.073,548.108,1,1
0,5389,300,91920934393475,91920936439594,91920936608360,2214.885,168.766,1,1
0,5390,300,91920936848589,91920938918189,91920939088515,2239.926,170.326,1,1
0,5391,300,91920939314292,91920940955937,91920941508507,2194.215,552.570,1,1
0,5392,300,91920941364742,91920943418512,91920943589148,2224.406,170.636,1,1
0,5393,300,91920943811295,91920945860254,91920946032090,2220.795,171.836,1,1
0,5394,300,91920946291308,91920947909633,91920948481253,2189.945,571.620,1,1
0,5395,300,91920948331778,91920950376177,91920950559414,2227.636,183.237,1,1
0,5396,300,91920950784591,91920952824670,91920952998756,2214.165,174.086,1,1
0,5397,300,91920953234855,91920955281864,91920955437899,2203.044,156.035,1,1
0,5398,300,91920955281864,91920957329983,91920957866601,2584.737,536.618,1,1
0,5399,300,91920957737638,91920959786267,91920959951962,2214.324,165.695,1,1
0,5400,300,91920960213741,91920962243760,91920962401986,2188.245,158.226,1,1
0,5401,300,91920962655174,91920964292179,91920964846698,2191.524,554.519,1,1
0,5402,300,91920964703504,91920966750013,91920966917678,2214.174,167.665,1,1
0,5403,300,91920967179318,91920969207437,91920969367522,2188.204,160.085,1,1
0,5404,300,91920969618030,91920971259596,91920971816415,2198.385,556.819,1,1
0,5405,300,91920971665839,91920973714439,91920973884295,2218.456,169.856,1,1
0,5406,300,91920974123143,91920976191213,91920976354759,2231.616,163.546,1,1
0,5407,300,91920976580226,91920978220362,91920978796372,2216.146,576.010,1,1
0,5408,300,91920978628656,91920980675346,91920980859342,2230.686,183.996,1,1
0,5409,300,91920981091240,91920983184221,91920983350056,2258.816,165.835,1,1
0,5410,300,91920983543853,91920985594873,91920985749497,2205.644,154.624,1,1
0,5411,300,91920985594873,91920987639752,91920988203931,2609.058,564.179,1,1
0,5412,300,91920988064716,91920990111606,91920990288442,2223.726,176.836,1,1
0,5413,300,91920990507949,91920992553828,91920992710704,2202.755,156.876,1,1
0,5414,300,91920992963693,91920994618059,91920995157587,2193.894,539.528,1,1
0,5415,300,91920995015562,91920997059821,91920997238117,2222.555,178.296,1,1
0,5416,300,91920997469915,91920999525215,91920999690280,2220.365,165.065,1,1
0,5417,300,91920999928149,91921001580665,91921002129733,2201.584,549.068,1,1
0,5418,300,91921001975828,91921004023417,91921004218124,2242.296,194.707,1,1
0,5419,300,91921004440761,91921006482411,91921006654097,2213.336,171.686,1,1
0,5420,300,91921006889414,91921008546521,91921009108280,2218.866,561.759,1,1
0,5421,300,91921008939224,91921010986244,91921011177051,2237.827,190.807,1,1
0,5422,300,91921011395617,91921013444367,91921013609122,2213.505,164.755,1,1
0,5423,300,91921013870942,91921015904931,91921016070476,2199.534,165.545,1,1
0,5424,300,91921015904931,91921017950410,91921018497599,2592.668,547.189,1,1
0,5425,300,91921018360024,91921020407004,91921020573929,2213.905,166.925,1,1
0,5426,300,91921020817167,91921022866327,91921023044823,2227.656,178.496,1,1
0,5427,300,91921023275831,91921024926737,91921025465995,2190.164,539.258,1,1
0,5428,300,91921025321660,91921027384300,91921027563777,2242.117,179.477,1,1
0,5429,300,91921027786684,91921029827503,91921029996069,2209.385,168.566,1,1
0,5430,300,91921030254177,91921031875143,91921032437802,2183.625,562.659,1,1
0,5431,300,91921032285206,91921034333426,91921034513952,2228.746,180.526,1,1
0,5432,300,91921034744490,91921036793730,91921036967905,2223.415,174.175,1,1
0,5433,300,91921037216644,91921038840319,91921039418798,2202.154,578.479,1,1
0,5434,300,91921039249522,91921041298923,91921041482909,2233.387,183.986,1,1
0,5435,300,91921041708316,91921043755085,91921043930072,2221.756,174.987,1,1
0,5436,300,91921044164770,91921046213569,91921046378795,2214.025,165.226,1,1
0,5437,300,91921046213569,91921048275369,91921048828128,2614.559,552.759,1,1
0,5438,300,91921048683753,91921050735603,91921050910818,2227.065,175.215,1,1
0,5439,300,91921051159086,91921053176525,91921053350631,2191.545,174.106,1,1
0,5440,300,91921053583959,91921055222984,91921055776444,2192.485,553.460,1,1
0,5441,300,91921055632589,91921057693408,91921057874985,2242.396,181.577,1,1
0,5442,300,91921058111612,91921060159172,91921060319658,2208.046,160.486,1,1
0,5443,300,91921060548605,91921062204732,91921062754271,2205.666,549.539,1,1
0,5444,300,91921062603135,91921064643314,91921064824191,2221.056,180.877,1,1
0,5445,300,91921065053079,91921067102828,91921067282044,2228.965,179.216,1,1
0,5446,300,91921067520092,91921069153387,91921069717007,2196.915,563.620,1,1
0,5447,300,91921069558311,91921071608331,91921071780106,2221.795,171.775,1,1
0,5448,300,91921072034345,91921074065694,91921074241200,2206.855,175.506,1,1
0,5449,300,91921074480208,91921076539068,91921076714094,2233.886,175.026,1,1
0,5450,300,91921076539068,91921078571277,91921079131886,2592.818,560.609,1,1
0,5451,300,91921078980530,91921081029400,91921081215837,2235.307,186.437,1,1
0,5452,300,91921081438454,91921083494704,91921083672090,2233.636,177.386,1,1
0,5453,300,91921083896017,91921085535143,91921086099142,2203.125,563.999,1,1
0,5454,300,91921085944257,91921087992807,91921088192263,2248.006,199.456,1,1
0,5455,300,91921088401970,91921090459000,91921090629586,2227.616,170.586,1,1
0,5456,300,91921090857474,91921092497180,91921093073799,2216.325,576.619,1,1
0,5457,300,91921092906773,91921094957883,91921095160539,2253.766,202.656,1,1
0,5458,300,91921095364757,91921097412606,91921097584612,2219.855,172.006,1,1
0,5459,300,91921097820820,91921099480486,91921100043305,2222.485,562.819,1,1
0,5460,300,91921099875570,91921101918558,91921102112245,2236.675,193.687,1,1
0,5461,300,91921102326883,91921104376862,91921104564099,2237.216,187.237,1,1
0,5462,300,91921104785916,91921106834376,91921106997822,2211.906,163.446,1,1
0,5463,300,91921106834376,91921108888515,91921109446455,2612.079,557.940,1,1
0,5464,300,91921109308869,91921111338958,91921111528825,2219.956,189.867,1,1
0,5465,300,91921111748333,91921113810082,91921113966648,2218.315,156.566,1,1
0,5466,300,91921114210326,91921115847521,91921116391890,2181.564,544.369,1,1
0,5467,300,91921116254826,91921118301265,91921118480131,2225.305,178.866,1,1
0,5468,300,91921118718439,91921120758958,91921120934204,2215.765,175.246,1,1
0,5469,300,91921121179402,91921122806398,91921123369327,2189.925,562.929,1,1
0,5470,300,91921123217042,91921125264561,91921125456948,2239.906,192.387,1,1
0,5471,300,91921125673535,91921127739365,91921127909801,2236.266,170.436,1,1
0,5472,300,91921128166420,91921129780624,91921130349383,2182.963,568.759,1,1
0,5473,300,91921130180448,91921132229757,91921132413414,2232.966,183.657,1,1
0,5474,300,91921132638741,91921134699511,91921134873757,2235.016,174.246,1,1
0,5475,300,91921135109775,91921137155214,91921137319990,2210.215,164.776,1,1
0,5476,300,91921137155214,91921139202494,91921139739023,2583.809,536.529,1,1
0,5477,300,91921139602537,91921141650857,91921141825603,2223.066,174.746,1,1
0,5478,300,91921142062371,91921144119230,91921144298367,2235.996,179.137,1,1
0,5479,300,91921144517564,91921146164210,91921146699218,2181.654,535.008,1,1
0,5480,300,91921146563574,91921148613824,91921148786909,2223.335,173.085,1,1
0,5481,300,91921149036577,91921151069746,91921151236432,2199.855,166.686,1,1
0,5482,300,91921151480031,91921153116987,91921153695336,2215.305,578.349,1,1
0,5483,300,91921153543810,91921155586280,91921155756045,2212.235,169.765,1,1
0,5484,300,91921155984414,91921158031963,91921158203209,2218.795,171.246,1,1
0,5485,300,91921158443307,91921160091212,91921160641341,2198.034,550.129,1,1
0,5486,300,91921160492136,91921162538245,91921162711201,2219.065,172.956,1,1
0,5487,300,91921162961900,91921164995939,91921165192956,2231.056,197.017,1,1
0,5488,300,91921165406773,91921167453803,91921167609348,2202.575,155.545,1,1
0,5489,300,91921167453803,91921169519503,91921170050621,2596.818,531.118,1,1
0,5490,300,91921169911526,91921171960115,91921172156282,2244.756,196.167,1,1
0,5491,300,91921172369790,91921174417719,91921174586445,2216.655,168.726,1,1
0,5492,300,91921174839433,91921176469189,91921177030737,2191.304,561.548,1,1
0,5493,300,91921176874813,91921178923302,91921179112569,2237.756,189.267,1,1
0,5494,300,91921179341056,91921181381585,91921181562292,2221.236,180.707,1,1
0,5495,300,91921181789379,91921183429804,91921183989394,2200.015,559.590,1,1
0,5496,300,91921183838889,91921185898148,91921186089515,2250.626,191.367,1,1
0,5497,300,91921186294931,91921188342432,91921188519897,2224.966,177.465,1,1
0,5498,300,91921188752995,91921190391911,91921190973751,2220.756,581.840,1,1
0,5499,300,91921190815056,91921192855084,91921193049011,2233.955,193.927,1,1
0,5500,300,91921193258228,91921195306108,91921195493414,2235.186,187.306,1,1
0,5501,300,91921195715781,91921197764591,91921197939427,2223.646,174.836,1,1
0,5502,300,91921197764591,91921199811461,91921200369339,2604.748,557.878,1,1
0,5503,300,91921200231065,91921202269633,91921202446280,2215.215,176.647,1,1
0,5504,300,91921202680648,91921204726357,91921204902993,2222.345,176.636,1,1
0,5505,300,91921205137231,91921206797497,91921207329926,2192.695,532.429,1,1
0,5506,300,91921207184780,91921209233100,91921209423677,2238.897,190.577,1,1
0,5507,300,91921209643464,91921211696724,91921211864679,2221.215,167.955,1,1
0,5508,300,91921212099838,91921213738153,91921214305702,2205.864,567.549,1,1
0,5509,300,91921214153587,91921216197056,91921216378032,2224.445,180.976,1,1
0,5510,300,91921216605280,91921218661740,91921218843367,2238.087,181.627,1,1
0,5511,300,91921219083634,91921220703120,91921221282149,2198.515,579.029,1,1
0,5512,300,91921221112923,91921223159132,91921223342809,2229.886,183.677,1,1
0,5513,300,91921223570677,91921225618816,91921225793761,2223.084,174.945,1,1
0,5514,300,91921226028290,91921228084010,91921228258566,2230.276,174.556,1,1
0,5515,300,91921228084010,91921230121569,91921230669268,2585.258,547.699,1,1
0,5516,300,91921230532953,91921232580722,91921232758539,2225.586,177.817,1,1
0,5517,300,91921232990687,91921235038266,91921235214631,2223.944,176.365,1,1
0,5518,300,91921235448729,91921237087035,91921237632234,2183.505,545.199,1,1
0,5519,300,91921237496129,91921239543579,91921239720964,2224.835,177.385,1,1
0,5520,300,91921239953972,91921242001222,91921242202679,2248.707,201.457,1,1
0,5521,300,91921242412016,91921244048621,91921244610411,2198.395,561.790,1,1
0,5522,300,91921244459316,91921246529176,91921246709451,2250.135,180.275,1,1
0,5523,300,91921246934879,91921248963049,91921249155084,2220.205,192.035,1,1
0,5524,300,91921249376372,91921251014648,91921251590717,2214.345,576.069,1,1
0,5525,300,91921251421451,91921253470351,91921253653447,2231.996,183.096,1,1
0,5526,300,91921253899736,91921255947195,91921256153992,2254.256,206.797,1,1
0,5527,300,91921256337748,91921258389738,91921258553923,2216.175,164.185,1,1
0,5528,300,91921258389738,91921260434228,91921260996967,2607.229,562.739,1,1
0,5529,300,91921260860642,91921262904052,91921263095877,2235.235,191.825,1,1
0,5530,300,91921263300955,91921265349564,91921265516410,2215.455,166.846,1,1
0,5531,300,91921265757828,91921267396994,91921267957392,2199.564,560.398,1,1
0,5532,300,91921267805127,91921269854347,91921270055814,2250.687,201.467,1,1
0,5533,300,91921270264211,91921272312210,91921272491876,2227.665,179.666,1,1
0,5534,300,91921272739485,91921274359639,91921274920498,2181.013,560.859,1,1
0,5535,300,91921274769804,91921276827913,91921277018410,2248.606,190.497,1,1
0,5536,300,91921277226237,91921279273946,91921279445772,2219.535,171.826,1,1
0,5537,300,91921279683580,91921281324066,91921281902636,2219.056,578.570,1,1
0,5538,300,91921281753881,91921283791720,91921283963885,2210.004,172.165,1,1
0,5539,300,91921284200744,91921286238633,91921286410499,2209.755,171.866,1,1
0,5540,300,91921286656917,91921288701156,91921288865552,2208.635,164.396,1,1
0,5541,300,91921288701156,91921290743016,91921291284184,2583.028,541.168,1,1
0,5542,300,91921291154010,91921293201659,91921293389355,2235.345,187.696,1,1
0,5543,300,91921293612342,91921295669473,91921295826348,2214.006,156.875,1,1
0,5544,300,91921296068446,91921297707782,91921298258491,2190.045,550.709,1,1
0,5545,300,91921298115795,91921300164545,91921300336721,2220.926,172.176,1,1
0,5546,300,91921300586259,91921302622849,91921302781124,2194.865,158.275,1,1
0,5547,300,91921303031433,91921304669228,91921305233857,2202.424,564.629,1,1
0,5548,300,91921305080002,91921307128202,91921307318698,2238.696,190.496,1,1
0,5549,300,91921307536785,91921309584234,91921309754220,2217.435,169.986,1,1
0,5550,300,91921309995979,91921311651765,91921312231475,2235.496,579.710,1,1
0,5551,300,91921312059549,91921314089588,91921314280864,2221.315,191.276,1,1
0,5552,300,91921314500092,91921316547121,91921316722087,2221.995,174.966,1,1
0,5553,300,91921316957895,91921319014015,91921319187181,2229.286,173.166,1,1
0,5554,300,91921319014015,91921321054864,91921321610833,2596.818,555.969,1,1
0,5555,300,91921321464898,91921323512747,91921323678293,2213.395,165.546,1,1
0,5556,300,91921323919852,91921325968621,91921326153227,2233.375,184.606,1,1
0,5557,300,91921326377654,91921328017390,91921328580950,2203.296,563.560,1,1
0,5558,300,91921328426714,91921330473683,91921330652020,2225.306,178.337,1,1
0,5559,300,91921330885828,91921332951688,91921333136494,2250.666,184.806,1,1
0,5560,300,91921333342601,91921334984877,91921335542395,2199.794,557.518,1,1
0,5561,300,91921335391231,91921337449900,91921337636226,2244.995,186.326,1,1
0,5562,300,91921337861295,91921339894993,91921340082329,2221.034,187.336,1,1
0,5563,300,91921340311887,91921341942893,91921342511702,2199.815,568.809,1,1
0,5564,300,91921342353297,91921344419947,91921344603513,2250.216,183.566,1,1
0,5565,300,91921344827951,91921346859820,91921347046476,2218.525,186.656,1,1
0,5566,300,91921347284534,91921349328894,91921349504609,2220.075,175.715,1,1
0,5567,300,91921349328894,91921351364572,91921351910611,2581.717,546.039,1,1
0,5568,300,91921351772756,91921353822026,91921353996862,2224.106,174.836,1,1
0,5569,300,91921354231469,91921356279970,91921356437924,2206.455,157.954,1,1
0,5570,300,91921356697654,91921358327559,91921358873267,2175.613,545.708,1,1
0,5571,300,91921358737032,91921360799343,91921360966919,2229.887,167.576,1,1
0,5572,300,91921361210076,91921363241985,91921363401710,2191.634,159.725,1,1
0,5573,300,91921363652839,91921365292075,91921365869694,2216.855,577.619,1,1
0,5574,300,91921365717640,91921367762079,91921367931705,2214.065,169.626,1,1
0,5575,300,91921368168113,91921370209202,91921370382138,2214.025,172.936,1,1
0,5576,300,91921370614466,91921372272962,91921372820860,2206.394,547.898,1,1
0,5577,300,91921372662325,91921374715855,91921375256853,2594.528,540.998,1,1
0,5578,300,91921375122018,91921377177878,91921377354734,2232.716,176.856,1,1
0,5579,300,91921377579772,91921379627171,91921379781037,2201.265,153.866,1,1
0,5580,300,91921379627171,91921381675880,91921382220359,2593.188,544.479,1,1
0,5581,300,91921382084245,91921384132724,91921384309381,2225.136,176.657,1,1
0,5582,300,91921384557179,91921386602788,91921386769674,2212.495,166.886,1,1
0,5583,300,91921387000192,91921388639167,91921389221387,2221.195,582.220,1,1
0,5584,300,91921389066071,91921391096890,91921391285787,2219.716,188.897,1,1
0,5585,300,91921391504004,91921393551984,91921393723570,2219.566,171.586,1,1
0,5586,300,91921393962727,91921395602523,91921396178842,2216.115,576.319,1,1
0,5587,300,91921396016047,91921398058997,91921398249714,2233.667,190.717,1,1
0,5588,300,91921398469911,91921400516530,91921400686676,2216.765,170.146,1,1
0,5589,300,91921400926284,91921402563739,91921403151369,2225.085,587.630,1,1
0,5590,300,91921402973094,91921405021253,91921405564041,2590.947,542.788,1,1
0,5591,300,91921405431016,91921407479387,91921407653972,2222.956,174.585,1,1
0,5592,300,91921407887990,91921409958390,91921410150427,2262.437,192.037,1,1
0,5593,300,91921409958390,91921412000570,91921412542958,2584.568,542.388,1,1
0,5594,300,91921412394693,91921414444763,91921414619898,2225.205,175.135,1,1
0,5595,300,91921414853446,91921416915307,91921417082182,2228.736,166.875,1,1
0,5596,300,91921417311220,91921418947676,91921419504524,2193.304,556.848,1,1
0,5597,300,91921419357759,91921421405399,91921421574044,2216.285,168.645,1,1
0,5598,300,91921421816743,91921423872592,91921424040798,2224.055,168.206,1,1
0,5599,300,91921424273866,91921425912652,91921426463471,2189.605,550.819,1,1
0,5600,300,91921426320435,91921428368515,91921428549881,2229.446,181.366,1,1
0,5601,300,91921428778889,91921430847209,91921431020635,2241.746,173.426,1,1
0,5602,300,91921431256053,91921432876128,91921433449718,2193.665,573.590,1,1
0,5603,300,91921433299262,91921435334102,91921435874360,2575.098,540.258,1,1
0,5604,300,91921435741885,91921437789075,91921437975341,2233.456,186.266,1,1
0,5605,300,91921438198639,91921440251488,91921440427055,2228.416,175.567,1,1
0,5606,300,91921440251488,91921442296077,91921442858576,2607.088,562.499,1,1
0,5607,300,91921442718982,91921444771232,91921444945838,2226.856,174.606,1,1
0,5608,300,91921445162705,91921447218285,91921447385030,2222.325,166.745,1,1
0,5609,300,91921447619828,91921449259804,91921449814053,2194.225,554.249,1,1
0,5610,300,91921449668318,91921451715447,91921451900883,2232.565,185.436,1,1
0,5611,300,91921452127222,91921454173021,91921454342167,2214.945,169.146,1,1
0,5612,300,91921454591715,91921456223100,91921456786079,2194.364,562.979,1,1
0,5613,300,91921456643605,91921458679084,91921458848869,2205.264,169.785,1,1
0,5614,300,91921459088287,91921461138077,91921461308753,2220.466,170.676,1,1
0,5615,300,91921461567312,91921463188276,91921463749135,2181.823,560.859,1,1
0,5616,300,91921463593970,91921465643910,91921466193959,2599.989,550.049,1,1
0,5617,300,91921466052823,91921468107623,91921468282880,2230.057,175.257,1,1
0,5618,300,91921468511297,91921470559317,91921470713222,2201.925,153.905,1,1
0,5619,300,91921470559317,91921472604996,91921473159995,2600.678,554.999,1,1
0,5620,300,91921473016910,91921475075840,91921475262036,2245.126,186.196,1,1
0,5621,300,91921475478633,91921477522302,91921477679508,2200.875,157.206,1,1
0,5622,300,91921477943527,91921479569723,91921480151212,2207.685,581.489,1,1
0,5623,300,91921479988447,91921482027886,91921482204992,2216.545,177.106,1,1
0,5624,300,91921482445700,91921484485279,91921484644774,2199.074,159.495,1,1
0,5625,300,91921484910003,91921486533399,91921487103368,2193.365,569.969,1,1
0,5626,300,91921486941812,91921488989422,91921489179458,2237.646,190.036,1,1
0,5627,300,91921489400716,91921491448845,91921491610520,2209.804,161.675,1,1
0,5628,300,91921491857550,91921493515535,91921494062974,2205.424,547.439,1,1
0,5629,300,91921493903969,91921495952898,91921496496877,2592.908,543.979,1,1
0,5630,300,91921496363902,91921498410721,91921498586977,2223.075,176.256,1,1
0,5631,300,91921498821416,91921500874665,91921501050071,2228.655,175.406,1,1
0,5632,300,91921500874665,91921502917704,91921503471364,2596.699,553.660,1,1
0,5633,300,91921503325179,91921505375558,91921505552114,2226.935,176.556,1,1
0,5634,300,91921505783041,91921507846902,91921508041808,2258.767,194.906,1,1
0,5635,300,91921508242545,91921509885361,91921510448020,2205.475,562.659,1,1
0,5636,300,91921510300565,91921512339774,91921512527860,2227.295,188.086,1,1
0,5637,300,91921512752968,91921514808188,91921514988023,2235.055,179.835,1,1
0,5638,300,91921515205691,91921516844067,91921517407546,2201.855,563.479,1,1
0,5639,300,91921517253331,91921519301720,91921519491096,2237.765,189.376,1,1
0,5640,300,91921519711304,91921521763954,91921521924929,2213.625,160.975,1,1
0,5641,300,91921522167667,91921523810923,91921524369322,2201.655,558.399,1,1
0,5642,300,91921524216417,91921526264467,91921526815115,2598.698,550.648,1,1
0,5643,300,91921526689461,91921528721960,91921528887455,2197.994,165.495,1,1
0,5644,300,91921529131264,91921531177823,91921531333269,2202.005,155.446,1,1
0,5645,300,91921531177823,91921533237274,91921533768851,2591.028,531.577,1,1
0,5646,300,91921533636797,91921535685387,91921535862642,2225.845,177.255,1,1
0,5647,300,91921536100590,91921538155590,91921538325006,2224.416,169.416,1,1
0,5648,300,91921538550404,91921540191759,91921540745468,2195.064,553.709,1,1
0,5649,300,91921540598833,91921542646352,91921542823409,2224.576,177.057,1,1
0,5650,300,91921543058596,91921545105126,91921545280571,2221.975,175.445,1,1
0,5651,300,91921545514400,91921547174536,91921547738815,2224.415,564.279,1,1
0,5652,300,91921547575240,91921549609848,91921549789315,2214.075,179.467,1,1
0,5653,300,91921550028722,91921552069272,91921552251218,2222.496,181.946,1,1
0,5654,300,91921552478616,91921554117912,91921554692771,2214.155,574.859,1,1
0,5655,300,91921554524936,91921556579505,91921557137654,2612.718,558.149,1,1
0,5656,300,91921556985019,91921559030678,91921559217964,2232.945,187.286,1,1
0,5657,300,91921559440002,91921561488142,91921561659778,2219.776,171.636,1,1
0,5658,300,91921561488142,91921563538661,91921564118151,2630.009,579.490,1,1
0,5659,300,91921563966556,91921565994115,91921566191741,2225.185,197.626,1,1
0,5660,300,91921566404088,91921568451978,91921568618513,2214.425,166.535,1,1
0,5661,300,91921568875352,91921570516538,91921571067466,2192.114,550.928,1,1
0,5662,300,91921570909121,91921572970831,91921573176829,2267.708,205.998,1,1
0,5663,300,91921573367794,91921575416035,91921575584870,2217.076,168.835,1,1
0,5664,300,91921575835389,91921577462874,91921578037603,2202.214,574.729,1,1
0,5665,300,91921577872527,91921579920697,91921580123094,2250.567,202.397,1,1
0,5666,300,91921580330881,91921582378210,91921582549206,2218.325,170.996,1,1
0,5667,300,91921582806125,91921584441620,91921584997849,2191.724,556.229,1,1
0,5668,300,91921584837533,91921586883464,91921587428592,2591.059,545.128,1,1
0,5669,300,91921587294127,91921589341756,91921589517543,2223.416,175.787,1,1
0,5670,300,91921589750971,91921591811000,91921591987747,2236.776,176.747,1,1
0,5671,300,91921591811000,91921593847790,91921594406078,2595.078,558.288,1,1
0,5672,300,91921594264614,91921596306033,91921596493260,2228.646,187.227,1,1
0,5673,300,91921596715727,91921598763626,91921598933052,2217.325,169.426,1,1
0,5674,300,91921599172471,91921600810085,91921601367855,2195.384,557.770,1,1
0,5675,300,91921601219160,91921603267419,91921603435895,2216.735,168.476,1,1
0,5676,300,91921603676743,91921605725543,91921605883828,2207.085,158.285,1,1
0,5677,300,91921606159857,91921607775002,91921608348881,2189.024,573.879,1,1
0,5678,300,91921608196277,91921610245886,91921610416641,2220.364,170.755,1,1
0,5679,300,91921610639940,91921612689559,91921612860965,2221.025,171.406,1,1
0,5680,300,91921613098062,91921614736208,91921615304878,2206.816,568.670,1,1
0,5681,300,91921615151972,91921617194282,91921617731110,2579.138,536.828,1,1
0,5682,300,91921617605276,91921619660065,91921619825491,2220.215,165.426,1,1
0,5683,300,91921620062629,91921622110559,91921622276924,2214.295,166.365,1,1
0,5684,300,91921622110559,91921624157298,91921624700576,2590.017,543.278,1,1
0,5685,300,91921624568632,91921626616422,91921626781617,2212.985,165.195,1,1
0,5686,300,91921627051966,91921629077945,91921629246271,2194.305,168.326,1,1
0,5687,300,91921629483899,91921631120804,91921631681104,2197.205,560.300,1,1
0,5688,300,91921631530878,91921633579098,91921633746533,2215.655,167.435,1,1
0,5689,300,91921634021523,91921636052582,91921636222778,2201.255,170.196,1,1
0,5690,300,91921636447485,91921638105522,91921638639189,2191.704,533.667,1,1
0,5691,300,91921638492934,91921640541894,91921640720230,2227.296,178.336,1,1
0,5692,300,91921640952378,91921643021418,91921643191064,2238.686,169.646,1,1
0,5693,300,91921643408491,91921645067107,91921645609676,2201.185,542.569,1,1
0,5694,300,91921645456710,91921647504400,91921648059209,2602.499,554.809,1,1
0,5695,300,91921647923585,91921649963873,91921650154020,2230.435,190.147,1,1
0,5696,300,91921650373478,91921652419107,91921652576752,2203.274,157.645,1,1
0,5697,300,91921652419107,91921654468226,91921655021286,2602.179,553.060,1,1
0,5698,300,91921654879500,91921656938350,91921657113997,2234.497,175.647,1,1
0,5699,300,91921657341424,91921659382513,91921659553039,2211.615,170.526,1,1
0,5700,300,91921659792677,91921661435843,91921661987882,2195.205,552.039,1,1
0,5701,300,91921661840737,91921663890186,91921664085093,2244.356,194.907,1,1
0,5702,300,91921664297950,91921666345460,91921666517995,2220.045,172.535,1,1
0,5703,300,91921666755413,91921668393579,91921668969838,2214.425,576.259,1,1
0,5704,300,91921668822763,91921670867692,91921671047279,2224.516,179.587,1,1
0,5705,300,91921671274317,91921673311036,91921673475261,2200.944,164.225,1,1
0,5706,300,91921673739220,91921675358565,91921675920244,2181.024,561.679,1,1
0,5707,300,91921675768409,91921677828439,91921678353327,2584.918,524.888,1,1
0,5708,300,91921678226623,91921680273542,91921680451358,2224.735,177.816,1,1
0,5709,300,91921680682866,91921682731026,91921682887570,2204.704,156.544,1,1
0,5710,300,91921682731026,91921684798586,91921685339364,2608.338,540.778,1,1
0,5711,300,91921685189778,91921687235679,91921687411724,2221.946,176.045,1,1
0,5712,300,91921687658932,91921689713412,91921689871998,2213.066,158.586,1,1
0,5713,300,91921690104205,91921691750261,91921692304670,2200.465,554.409,1,1
0,5714,300,91921692154235,91921694221875,91921694402121,2247.886,180.246,1,1
0,5715,300,91921694628179,91921696675929,91921696846444,2218.265,170.515,1,1
0,5716,300,91921697089933,91921698711097,91921699280047,2190.114,568.950,1,1
0,5717,300,91921699118111,91921701168361,91921701360488,2242.377,192.127,1,1
0,5718,300,91921701585935,91921703634634,91921703817930,2231.995,183.296,1,1
0,5719,300,91921704030088,91921705687494,91921706266834,2236.746,579.340,1,1
0,5720,300,91921706095319,91921708127097,91921708669456,2574.137,542.359,1,1
0,5721,300,91921708535881,91921710584310,91921710763336,2227.455,179.026,1,1
0,5722,300,91921710993664,91921713042624,91921713214639,2220.975,172.015,1,1
0,5723,300,91921713042624,91921715100973,91921715663052,2620.428,562.079,1,1
0,5724,300,91921715514048,91921717559587,91921717733882,2219.834,174.295,1,1
0,5725,300,91921717959341,91921720016520,91921720205826,2246.485,189.306,1,1
0,5726,300,91921720414383,91921722053839,91921722610519,2196.136,556.680,1,1
0,5727,300,91921722461964,91921724510883,91921724689159,2227.195,178.276,1,1
0,5728,300,91921724921137,91921726967826,91921727139412,2218.275,171.586,1,1
0,5729,300,91921727378040,91921729014926,91921729581144,2203.104,566.218,1,1
0,5730,300,91921729426130,91921731472429,91921731659715,2233.585,187.286,1,1
0,5731,300,91921731881533,91921733930963,91921734105048,2223.515,174.085,1,1
0,5732,300,91921734352707,91921735998433,91921736550092,2197.385,551.659,1,1
0,5733,300,91921736396096,91921738437355,91921738984564,2588.468,547.209,1,1
0,5734,300,91921738851620,91921740892929,91921741082015,2230.395,189.086,1,1
0,5735,300,91921741303212,91921743352873,91921743510217,2207.005,157.344,1,1
0,5736,300,91921743352873,91921745399582,91921745941560,2588.687,541.978,1,1
0,5737,300,91921745808885,91921747869896,91921748047701,2238.816,177.805,1,1
0,5738,300,91921748273619,91921750313508,91921750484224,2210.605,170.716,1,1
0,5739,300,91921750723182,91921752361498,91921752918247,2195.065,556.749,1,1
0,5740,300,91921752777082,91921754821442,91921754994487,2217.405,173.045,1,1
0,5741,300,91921755229915,91921757278714,91921757440621,2210.706,161.907,1,1
0,5742,300,91921757692618,91921759324645,91921759881113,2188.495,556.468,1,1
0,5743,300,91921759735938,91921761784057,91921761953163,2217.225,169.106,1,1
0,5744,300,91921762194231,91921764252941,91921764417337,2223.106,164.396,1,1
0,5745,300,91921764650295,91921766300390,91921766851659,2201.364,551.269,1,1
0,5746,300,91921766699784,91921768745543,91921769282702,2582.918,537.159,1,1
0,5747,300,91921769155518,91921771204877,91921771371613,2216.095,166.736,1,1
0,5748,300,91921771614681,91921773666970,91921773823386,2208.705,156.416,1,1
0,5749,300,91921773666970,91921775714511,91921776262828,2595.858,548.317,1,1
0,5750,300,91921776118904,91921778168273,91921778347670,2228.766,179.397,1,1
0,5751,300,91921778578528,91921780626087,91921780784852,2206.324,158.765,1,1
0,5752,300,91921781053971,91921782674136,91921783230245,2176.274,556.109,1,1
0,5753,300,91921783083590,91921785132210,91921785312526,2228.936,180.316,1,1
0,5754,300,91921785557864,91921787591903,91921787752708,2194.844,160.805,1,1
0,5755,300,91921787997447,91921789651823,91921790211442,2213.995,559.619,1,1
0,5756,300,91921790046207,91921792103497,91921792283582,2237.375,180.085,1,1
0,5757,300,91921792502269,91921794551430,91921794714595,2212.326,163.165,1,1
0,5758,300,91921794976003,91921796600929,91921797199339,2223.336,598.410,1,1
0,5759,300,91921797030353,91921799079893,91921799594101,2563.748,514.208,1,1
0,5760,300,91921799467506,91921801514145,91921801691531,2224.025,177.386,1,1
0,5761,300,91921801926539,91921803972299,91921804152035,2225.496,179.736,1,1
0,5762,300,91921803972299,91921806026728,91921806561977,2589.678,535.249,1,1
0,5763,300,91921806428912,91921808499312,91921808677519,2248.607,178.207,1,1
0,5764,300,91921808889796,91921810937805,91921811121291,2231.495,183.486,1,1
0,5765,300,91921811349639,91921812982414,91921813549504,2199.865,567.090,1,1
0,5766,300,91921813391989,91921815452798,91921815632984,2240.995,180.186,1,1
0,5767,300,91921815858592,91921817899941,91921818097798,2239.206,197.857,1,1
0,5768,300,91921818308886,91921819947581,91921820518080,2209.194,570.499,1,1
0,5769,300,91921820363355,91921822410645,91921822594701,2231.346,184.056,1,1
0,5770,300,91921822817938,91921824863337,91921825046544,2228.606,183.207,1,1
0,5771,300,91921825273332,91921826911328,91921827481496,2208.164,570.168,1,1
0,5772,300,91921827319541,91921829384751,91921829932449,2612.908,547.698,1,1
0,5773,300,91921829791875,91921831827024,91921831996050,2204.175,169.026,1,1
0,5774,300,91921832238528,91921834299018,91921834466204,2227.676,167.186,1,1
0,5775,300,91921834299018,91921836340457,91921836882115,2583.097,541.658,1,1
0,5776,300,91921836740361,91921838805970,91921838982737,2242.376,176.767,1,1
0,5777,300,91921839197414,91921841246194,91921841414860,2217.446,168.666,1,1
0,5778,300,91921841656247,91921843295633,91921843850492,2194.245,554.859,1,1
0,5779,300,91921843703487,91921845750997,91921845930052,2226.565,179.055,1,1
0,5780,300,91921846162110,91921848231810,91921848405727,2243.617,173.917,1,1
0,5781,300,91921848631824,91921850256239,91921850819908,2188.084,563.669,1,1
0,5782,300,91921850666063,91921852719543,91921852901089,2235.026,181.546,1,1
0,5783,300,91921853138207,91921855172017,91921855350262,2212.055,178.245,1,1
0,5784,300,91921855583210,91921857241387,91921857819696,2236.486,578.309,1,1
0,5785,300,91921857648190,91921859678609,91921860232628,2584.438,554.019,1,1
0,5786,300,91921860088483,91921862135872,91921862320839,2232.356,184.967,1,1
0,5787,300,91921862557847,91921864591845,91921864755212,2197.365,163.367,1,1
0,5788,300,91921865032530,91921866642216,91921867190163,2157.633,547.947,1,1
0,5789,300,91921867050299,91921869117469,91921869292125,2241.826,174.656,1,1
0,5790,300,91921869509403,91921871557472,91921871732538,2223.135,175.066,1,1
0,5791,300,91921871966496,91921873603741,91921874182181,2215.685,578.440,1,1
0,5792,300,91921874016595,91921876061295,91921876252501,2235.906,191.206,1,1
0,5793,300,91921876472889,91921878520268,91921878700174,2227.285,179.906,1,1
0,5794,300,91921878930152,91921880567007,91921881157118,2226.966,590.111,1,1
0,5795,300,91921880978232,91921883039351,91921883228388,2250.156,189.037,1,1
0,5796,300,91921883455005,91921885484324,91921885657980,2202.975,173.656,1,1
0,5797,300,91921885894009,91921887531024,91921888135235,2241.226,604.211,1,1
0,5798,300,91921887962669,91921889987447,91921890536146,2573.477,548.699,1,1
0,5799,300,91921890402141,91921892446971,91921892622326,2220.185,175.355,1,1
0,5800,300,91921892854494,91921894913234,91921895100781,2246.287,187.547,1,1
0,5801,300,91921895335409,91921896950264,91921897504402,2168.993,554.138,1,1
0,5802,300,91921897370618,91921899425347,91921899594143,2223.525,168.796,1,1
0,5803,300,91921899818951,91921901866971,91921902050827,2231.876,183.856,1,1
0,5804,300,91921902281895,91921903914250,91921904482599,2200.704,568.349,1,1
0,5805,300,91921904325183,91921906380883,91921906572550,2247.367,191.667,1,1
0,5806,300,91921906795327,91921908831177,91921909011752,2216.425,180.575,1,1
0,5807,300,91921909240160,91921910877376,91921911454236,2214.076,576.860,1,1
0,5808,300,91921911288710,91921913334980,91921913518276,2229.566,183.296,1,1
0,5809,300,91921913744423,91921915793132,91921915972939,2228.516,179.807,1,1
0,5810,300,91921916202397,91921917840923,91921918414322,2211.925,573.399,1,1
0,5811,300,91921918251976,91921920319896,91921920836874,2584.898,516.978,1,1
0,5812,300,91921920710739,91921922756519,91921922921985,2211.246,165.466,1,1
0,5813,300,91921923186463,91921925214952,91921925383398,2196.935,168.446,1,1
0,5814,300,91921925623567,91921927261372,91921927830331,2206.764,568.959,1,1
0,5815,300,91921927689496,91921929720615,91921929899211,2209.715,178.596,1,1
0,5816,300,91921930131529,91921932178369,91921932365525,2233.996,187.156,1,1
0,5817,300,91921932585872,91921934227199,91921934792298,2206.426,565.099,1,1
0,5818,300,91921934634742,91921936702812,91921936882689,2247.947,179.877,1,1
0,5819,300,91921937091416,91921939157535,91921939329371,2237.955,171.836,1,1
0,5820,300,91921939552969,91921941196675,91921941769824,2216.855,573.149,1,1
0,5821,300,91921941605068,91921943644938,91921943826674,2221.606,181.736,1,1
0,5822,300,91921944061442,91921946103681,91921946287468,2226.026,183.787,1,1
0,5823,300,91921946512655,91921948152140,91921948720740,2208.085,568.600,1,1
0,5824,300,91921948561635,91921950609264,91921951164533,2602.898,555.269,1,1
0,5825,300,91921951019118,91921953073717,91921953270294,2251.176,196.577,1,1
0,5826,300,91921953499262,91921955523471,91921955690306,2191.044,166.835,1,1
0,5827,300,91921955933285,91921957573240,91921958126159,2192.874,552.919,1,1
0,5828,300,91921957982324,91921960029904,91921960217580,2235.256,187.676,1,1
0,5829,300,91921960460588,91921962506848,91921962666573,2205.985,159.725,1,1
0,5830,300,91921962896251,91921964549607,91921965104476,2208.225,554.869,1,1
0,5831,300,91921964945530,91921967018681,91921967199706,2254.176,181.025,1,1
0,5832,300,91921967417534,91921969451423,91921969629299,2211.765,177.876,1,1
0,5833,300,91921969859357,91921971497943,91921972067252,2207.895,569.309,1,1
0,5834,300,91921971908967,91921973956096,91921974171703,2262.736,215.607,1,1
0,5835,300,91921974388801,91921976415079,91921976588736,2199.935,173.657,1,1
0,5836,300,91921976849844,91921978870353,91921979051019,2201.175,180.666,1,1
0,5837,300,91921978870353,91921980918772,91921981465751,2595.398,546.979,1,1
0,5838,300,91921981330746,91921983377766,91921983565793,2235.047,188.027,1,1
0,5839,300,91921983786390,91921985836179,91921985992335,2205.945,156.156,1,1
0,5840,300,91921986243994,91921987899730,91921988452548,2208.554,552.818,1,1
0,5841,300,91921988310303,91921990340512,91921990508858,2198.555,168.346,1,1
0,5842,300,91921990762917,91921992802195,91921992964922,2202.005,162.727,1,1
0,5843,300,91921993208050,91921994851205,91921995404534,2196.484,553.329,1,1
0,5844,300,91921995255579,91921997309989,91921997481105,2225.526,171.116,1,1
0,5845,300,91921997712513,91921999760692,91921999921647,2209.134,160.955,1,1
0,5846,300,91922000170375,91922001808501,91922002366100,2195.725,557.599,1,1
0,5847,300,91922002218645,91922004266025,91922004438840,2220.195,172.815,1,1
0,5848,300,91922004696619,91922006745969,91922006918145,2221.526,172.176,1,1
0,5849,300,91922007133852,91922009190961,91922009364447,2230.595,173.486,1,1
0,5850,300,91922009190961,91922011229101,91922011772659,2581.698,543.558,1,1
0,5851,300,91922011638814,91922013686745,91922013864120,2225.306,177.375,1,1
0,5852,300,91922014110608,91922016154098,91922016327943,2217.335,173.845,1,1
0,5853,300,91922016555812,91922018207158,91922018742486,2186.674,535.328,1,1
0,5854,300,91922018601851,91922020650131,91922020838497,2236.646,188.366,1,1
0,5855,300,91922021067255,91922023122735,91922023296571,2229.316,173.836,1,1
0,5856,300,91922023517758,91922025156774,91922025722843,2205.085,566.069,1,1
0,5857,300,91922025565947,91922027624437,91922027815294,2249.347,190.857,1,1
0,5858,300,91922028024071,91922030078261,91922030259517,2235.446,181.256,1,1
0,5859,300,91922030487234,91922032120890,91922032683589,2196.355,562.699,1,1
0,5860,300,91922032529473,91922034595484,91922034777540,2248.067,182.056,1,1
0,5861,300,91922035014448,91922037036306,91922037216043,2201.595,179.737,1,1
0,5862,300,91922037443451,91922039492970,91922039655405,2211.954,162.435,1,1
0,5863,300,91922039492970,91922041554310,91922042102458,2609.488,548.148,1,1
0,5864,300,91922041951003,91922044024923,91922044219330,2268.327,194.407,1,1
0,5865,300,91922044407497,91922046457986,91922046625052,2217.555,167.066,1,1
0,5866,300,91922046864630,91922048503685,91922049063635,2199.005,559.950,1,1
0,5867,300,91922048914070,91922050968230,91922051154376,2240.306,186.146,1,1
0,5868,300,91922051370703,91922053419142,91922053579238,2208.535,160.096,1,1
0,5869,300,91922053828426,91922055468092,91922056027051,2198.625,558.959,1,1
0,5870,300,91922055877396,91922057923705,91922058104022,2226.626,180.317,1,1
0,5871,300,91922058335170,91922060382649,91922060554235,2219.065,171.586,1,1
0,5872,300,91922060790592,91922062429488,91922063020498,2229.906,591.010,1,1
0,5873,300,91922062839232,91922064888851,91922065093589,2254.357,204.738,1,1
0,5874,300,91922065296795,91922067365275,91922067545022,2248.227,179.747,1,1
0,5875,300,91922067772070,91922069802378,91922069970754,2198.684,168.376,1,1
0,5876,300,91922069802378,91922071850838,91922072396256,2593.878,545.418,1,1
0,5877,300,91922072260581,91922074308141,91922074495228,2234.647,187.087,1,1
0,5878,300,91922074717985,91922076766865,91922076924090,2206.105,157.225,1,1
0,5879,300,91922077175309,91922078815154,91922079372483,2197.174,557.329,1,1
0,5880,300,91922079237768,91922081275138,91922081463674,2225.906,188.536,1,1
0,5881,300,91922081690092,91922083730470,91922083897876,2207.784,167.406,1,1
0,5882,300,91922084137795,91922085793951,91922086336739,2198.944,542.788,1,1
0,5883,300,91922086187664,91922088233963,91922088427030,2239.366,193.067,1,1
0,5884,300,91922088643538,91922090692957,91922090863103,2219.565,170.146,1,1
0,5885,300,91922091103191,91922092752167,91922093332107,2228.916,579.940,1,1
0,5886,300,91922093175921,91922095199359,91922095382546,2206.625,183.187,1,1
0,5887,300,91922095606954,91922097667484,91922097840299,2233.345,172.815,1,1
0,5888,300,91922098084808,91922100111927,91922100284862,2200.054,172.935,1,1
0,5889,300,91922100111927,91922102168346,91922102714074,2602.147,545.728,1,1
0,5890,300,91922102572240,91922104617649,91922104792505,2220.265,174.856,1,1
0,5891,300,91922105028144,91922107087513,91922107254159,2226.015,166.646,1,1
0,5892,300,91922107486746,91922109124262,91922109665890,2179.144,541.628,1,1
0,5893,300,91922109532677,91922111583516,91922111760872,2228.195,177.356,1,1
0,5894,300,91922111991079,91922114062810,91922114246666,2255.587,183.856,1,1
0,5895,300,91922114448533,91922116109119,91922116655577,2207.044,546.458,1,1
0,5896,300,91922116497453,91922118545562,91922118725688,2228.235,180.126,1,1
0,5897,300,91922118956035,91922121013026,91922121193662,2237.627,180.636,1,1
0,5898,300,91922121411899,91922123051675,91922123616354,2204.455,564.679,1,1
0,5899,300,91922123461579,91922125507628,91922125695015,2233.436,187.387,1,1
0,5900,300,91922125917182,91922127966732,91922128160689,2243.507,193.957,1,1
0,5901,300,91922128388086,91922130422905,91922130587181,2199.095,164.276,1,1
0,5902,300,91922130422905,91922132471035,91922133025433,2602.528,554.398,1,1
0,5903,300,91922132879888,91922134928017,91922135104304,2224.416,176.287,1,1
0,5904,300,91922135340042,91922137404992,91922137563118,2223.076,158.126,1,1
0,5905,300,91922137797195,91922139443631,91922139985160,2187.965,541.529,1,1
0,5906,300,91922139844215,91922141891304,91922142080561,2236.346,189.257,1,1
0,5907,300,91922142308648,91922144350467,91922144519663,2211.015,169.196,1,1
0,5908,300,91922144760722,91922146416498,91922146948246,2187.524,531.748,1,1
0,5909,300,91922146808771,91922148871811,91922149066008,2257.237,194.197,1,1
0,5910,300,91922149266474,91922151312344,91922151493740,2227.266,181.396,1,1
0,5911,300,91922151724278,91922153361073,91922153927113,2202.835,566.040,1,1
0,5912,300,91922153772317,91922155819586,91922156001163,2228.846,181.577,1,1
0,5913,300,91922156227231,91922158291680,91922158456266,2229.035,164.586,1,1
0,5914,300,91922158686604,91922160746494,91922160907999,2221.395,161.505,1,1
0,5915,300,91922160746494,91922162798944,91922163350113,2603.619,551.169,1,1
0,5916,300,91922163212407,91922165240846,91922165428552,2216.145,187.706,1,1
0,5917,300,91922165648730,91922167696560,91922167861815,2213.085,165.255,1,1
0,5918,300,91922168108553,91922169745409,91922170298768,2190.215,553.359,1,1
0,5919,300,91922170156673,91922172203313,91922172381919,2225.246,178.606,1,1
0,5920,300,91922172611526,91922174659106,91922174838152,2226.626,179.046,1,1
0,5921,300,91922175069360,91922176708395,91922177276264,2206.904,567.869,1,1
0,5922,300,91922177117319,91922179167279,91922179359166,2241.847,191.887,1,1
0,5923,300,91922179574802,91922181624193,91922181805838,2231.036,181.645,1,1
0,5924,300,91922182032836,91922183671162,91922184238161,2205.325,566.999,1,1
0,5925,300,91922184081155,91922186128225,91922186321241,2240.086,193.016,1,1
0,5926,300,91922186538259,91922188588009,91922188761915,2223.656,173.906,1,1
0,5927,300,91922188995212,91922191044881,91922191207948,2212.736,163.067,1,1
0,5928,300,91922191044881,91922193099911,91922193635770,2590.889,535.859,1,1
0,5929,300,91922193500965,91922195567065,91922195741391,2240.426,174.326,1,1
0,5930,300,91922195965848,91922198022118,91922198213755,2247.907,191.637,1,1
0,5931,300,91922198437622,91922200064928,91922200636027,2198.405,571.099,1,1
0,5932,300,91922200485962,91922202514791,91922202693497,2207.535,178.706,1,1
0,5933,300,91922202923025,91922204969624,91922205163651,2240.626,194.027,1,1
0,5934,300,91922205379339,91922207045115,91922207576363,2197.024,531.248,1,1
0,5935,300,91922207427458,91922209486707,91922209667234,2239.776,180.527,1,1
0,5936,300,91922209890011,91922211934890,91922212117357,2227.346,182.467,1,1
0,5937,300,91922212343735,91922213981660,91922214560090,2216.355,578.430,1,1
0,5938,300,91922214403525,91922216442213,91922216625479,2221.954,183.266,1,1
0,5939,300,91922216850118,91922218908267,91922219094573,2244.455,186.306,1,1
0,5940,300,91922219306930,91922221354210,91922221516686,2209.756,162.476,1,1
0,5941,300,91922221354210,91922223418580,91922223945928,2591.718,527.348,1,1
0,5942,300,91922223811764,91922225859413,91922226046139,2234.375,186.726,1,1
0,5943,300,91922226269017,91922228317407,91922228484762,2215.745,167.355,1,1
0,5944,300,91922228728880,91922230369976,91922230908444,2179.564,538.468,1,1
0,5945,300,91922230774709,91922232823440,91922233000825,2226.116,177.385,1,1
0,5946,300,91922233235013,91922235285133,91922235465749,2230.736,180.616,1,1
0,5947,300,91922235690007,91922237346832,91922237878821,2188.814,531.989,1,1
0,5948,300,91922237739246,91922239787506,91922239957052,2217.806,169.546,1,1
0,5949,300,91922240197139,91922242245409,91922242407865,2210.726,162.456,1,1
0,5950,300,91922242655873,91922244301939,91922244848177,2192.304,546.238,1,1
0,5951,300,91922244702072,91922246766292,91922246937778,2235.706,171.486,1,1
0,5952,300,91922247176166,91922249206985,91922249371741,2195.575,164.756,1,1
0,5953,300,91922249616949,91922251674319,91922251837744,2220.795,163.425,1,1
0,5954,300,91922251674319,91922253714459,91922254258976,2584.657,544.517,1,1
0,5955,300,91922254121702,91922256171671,91922256338417,2216.715,166.746,1,1
0,5956,300,91922256595126,91922258629235,91922258786270,2191.144,157.035,1,1
0,5957,300,91922259061089,91922260675864,91922261228064,2166.975,552.200,1,1
0,5958,300,91922261084728,91922263161238,91922263330034,2245.306,168.796,1,1
0,5959,300,91922263542782,91922265592591,91922265758707,2215.925,166.116,1,1
0,5960,300,91922266012755,91922267659291,91922268199589,2186.834,540.298,1,1
0,5961,300,91922268048765,91922270096254,91922270276140,2227.375,179.886,1,1
0,5962,300,91922270506478,91922272562518,91922272733964,2227.486,171.446,1,1
0,5963,300,91922272963561,91922274603317,91922275171026,2207.465,567.709,1,1
0,5964,300,91922275014741,91922277059090,91922277253287,2238.546,194.197,1,1
0,5965,300,91922277471325,91922279517834,91922279681769,2210.444,163.935,1,1
0,5966,300,91922279927197,91922281975937,91922282168633,2241.436,192.696,1,1
0,5967,300,91922281975937,91922284023597,91922284567635,2591.698,544.038,1,1
0,5968,300,91922284432330,91922286497420,91922286672276,2239.946,174.856,1,1
0,5969,300,91922286901984,91922288940354,91922289117289,2215.305,176.935,1,1
0,5970,300,91922289352827,91922290988233,91922291537762,2184.935,549.529,1,1
0,5971,300,91922291395376,91922293445006,91922293629173,2233.797,184.167,1,1
0,5972,300,91922293853260,91922295900949,91922296079306,2226.046,178.357,1,1
0,5973,300,91922296312263,91922297949589,91922298507558,2195.295,557.969,1,1
0,5974,300,91922298358583,91922300406773,91922300587018,2228.435,180.245,1,1
0,5975,300,91922300817296,91922302877066,91922303069523,2252.227,192.457,1,1
0,5976,300,91922303273630,91922304918985,91922305497575,2223.945,578.590,1,1
0,5977,300,91922305341380,91922307371729,91922307554775,2213.395,183.046,1,1
0,5978,300,91922307780363,91922309850933,91922310033989,2253.626,183.056,1,1
0,5979,300,91922310239406,91922312295376,91922312458591,2219.185,163.215,1,1
0,5980,300,91922312295376,91922314332735,91922314877554,2582.178,544.819,1,1
0,5981,300,91922314742999,91922316790908,91922316966034,2223.035,175.126,1,1
0,5982,300,91922317200853,91922319248302,91922319425907,2225.054,177.605,1,1
0,5983,300,91922319657495,91922321315292,91922321853960,2196.465,538.668,1,1
0,5984,300,91922321712985,91922323754444,91922323932131,2219.146,177.687,1,1
0,5985,300,91922324165069,91922326213958,91922326389764,2224.695,175.806,1,1
0,5986,300,91922326622171,91922328260267,91922328828847,2206.676,568.580,1,1
0,5987,300,91922328671172,91922330719331,91922330903037,2231.865,183.706,1,1
0,5988,300,91922331126674,91922333177284,91922333350840,2224.166,173.556,1,1
0,5989,300,91922333603529,91922335233314,91922335800073,2196.544,566.759,1,1
0,5990,300,91922335634888,91922337682477,91922337875304,2240.416,192.827,1,1
0,5991,300,91922338115011,91922340159611,91922340333527,2218.516,173.916,1,1
0,5992,300,91922340559515,91922342604704,91922342771050,2211.535,166.346,1,1
0,5993,300,91922342604704,91922344649293,91922345202312,2597.608,553.019,1,1
0,5994,300,91922345060178,91922347102757,91922347289653,2229.475,186.896,1,1
0,5995,300,91922347514230,91922349559800,91922349724996,2210.766,165.196,1,1
0,5996,300,91922349990985,91922351623850,91922352183579,2192.594,559.729,1,1
0,5997,300,91922352030444,91922354074373,91922354262900,2232.456,188.527,1,1
0,5998,300,91922354490117,91922356522976,91922356690792,2200.675,167.816,1,1
0,5999,300,91922356952890,91922358571936,91922359152405,2199.515,580.469,1,1
0,6000,300,91922358981589,91922361027949,91922361221775,2240.186,193.826,1,1
0,6001,300,91922361440683,91922363485552,91922363656508,2215.825,170.956,1,1
0,6002,300,91922363913257,91922365533502,91922366109332,2196.075,575.830,1,1
0,6003,300,91922365943116,91922367991915,91922368202503,2259.387,210.588,1,1
0,6004,300,91922368402209,91922370468440,91922370641425,2239.216,172.985,1,1
0,6005,300,91922370865103,91922372907602,91922373071127,2206.024,163.525,1,1
0,6006,300,91922372907602,91922374953681,91922375512871,2605.269,559.190,1,1
0,6007,300,91922375384556,91922377412885,91922377579531,2194.975,166.646,1,1
0,6008,300,91922377822509,91922379870749,91922380037375,2214.866,166.626,1,1
0,6009,300,91922380279082,91922381917268,91922382463517,2184.435,546.249,1,1
0,6010,300,91922382328252,91922384374771,91922384543267,2215.015,168.496,1,1
0,6011,300,91922384795915,91922386833055,91922386991650,2195.735,158.595,1,1
0,6012,300,91922387242958,91922388880834,91922389449824,2206.866,568.990,1,1
0,6013,300,91922389308569,91922391339068,91922391510753,2202.184,171.685,1,1
0,6014,300,91922391749531,91922393796421,91922393966717,2217.186,170.296,1,1
0,6015,300,91922394204815,91922395854621,91922396410099,2205.284,555.478,1,1
0,6016,300,91922396253454,91922398303124,91922398486430,2232.976,183.306,1,1
0,6017,300,91922398712467,91922400758648,91922400931263,2218.796,172.615,1,1
0,6018,300,91922401168131,91922403216680,91922403391017,2222.886,174.337,1,1
0,6019,300,91922403216680,91922405264460,91922405810268,2593.588,545.808,1,1
0,6020,300,91922405675884,91922407728834,91922407914820,2238.936,185.986,1,1
0,6021,300,91922408163069,91922410181906,91922410353462,2190.393,171.556,1,1
0,6022,300,91922410590741,91922412227867,91922412779255,2188.514,551.388,1,1
0,6023,300,91922412637800,91922414687200,91922414864166,2226.366,176.966,1,1
0,6024,300,91922415101693,91922417154193,91922417323419,2221.726,169.226,1,1
0,6025,300,91922417553687,91922419200073,91922419748451,2194.764,548.378,1,1
0,6026,300,91922419599976,91922421650406,91922421826022,2226.046,175.616,1,1
0,6027,300,91922422059580,91922424106339,91922424289685,2230.105,183.346,1,1
0,6028,300,91922424515734,91922426156249,91922426721918,2206.184,565.669,1,1
0,6029,300,91922426565763,91922428611572,91922428783088,2217.325,171.516,1,1
0,6030,300,91922429042806,91922431069416,91922431242581,2199.775,173.165,1,1
0,6031,300,91922431480490,91922433541099,91922433695535,2215.045,154.436,1,1
0,6032,300,91922433541099,91922435576798,91922436156499,2615.400,579.701,1,1
0,6033,300,91922435999793,91922438034552,91922438235929,2236.136,201.377,1,1
0,6034,300,91922438444046,91922440489985,91922440656711,2212.665,166.726,1,1
0,6035,300,91922440901019,91922442539745,91922443105444,2204.425,565.699,1,1
0,6036,300,91922442960069,91922445022319,91922445199885,2239.816,177.566,1,1
0,6037,300,91922445413122,91922447459132,91922447628557,2215.435,169.425,1,1
0,6038,300,91922447862815,91922449501651,91922450063380,2200.565,561.729,1,1
0,6039,300,91922449912655,91922451959035,91922452149990,2237.335,190.955,1,1
0,6040,300,91922452368568,91922454430498,91922454592754,2224.186,162.256,1,1
0,6041,300,91922454826712,91922456473588,91922457030416,2203.704,556.828,1,1
0,6042,300,91922456873441,91922458923831,91922459106607,2233.166,182.776,1,1
0,6043,300,91922459333674,91922461392485,91922461556370,2222.696,163.885,1,1
0,6044,300,91922461791258,91922463843328,91922464014684,2223.426,171.356,1,1
0,6045,300,91922463843328,91922465901957,91922466440326,2596.998,538.369,1,1
0,6046,300,91922466296581,91922468354590,91922468520796,2224.215,166.206,1,1
0,6047,300,91922468751854,91922470800553,91922470957039,2205.185,156.486,1,1
0,6048,300,91922471209498,91922472869544,91922473411032,2201.534,541.488,1,1
0,6049,300,91922473259407,91922475312187,91922475491152,2231.745,178.965,1,1
0,6050,300,91922475717801,91922477763610,91922477931216,2213.415,167.606,1,1
0,6051,300,91922478176354,91922479811369,91922480382119,2205.765,570.750,1,1
0,6052,300,91922480222583,91922482270172,91922482462329,2239.746,192.157,1,1
0,6053,300,91922482679157,91922484728396,91922484898532,2219.375,170.136,1,1
0,6054,300,91922485137670,91922486780686,91922487349475,2211.805,568.789,1,1
0,6055,300,91922487191529,91922489243859,91922489434766,2243.237,190.907,1,1
0,6056,300,91922489656554,91922491691762,91922491858718,2202.164,166.956,1,1
0,6057,300,91922492100726,91922494152216,91922494317362,2216.636,165.146,1,1
0,6058,300,91922494152216,91922496199315,91922496733933,2581.717,534.618,1,1
0,6059,300,91922496606420,91922498653559,91922498829474,2223.054,175.915,1,1
0,6060,300,91922499064452,91922501110762,91922501277797,2213.345,167.035,1,1
0,6061,300,91922501521726,91922503175422,91922503703580,2181.854,528.158,1,1
0,6062,300,91922503569976,91922505617515,91922505784941,2214.965,167.426,1,1
0,6063,300,91922506025699,91922508073789,91922508253224,2227.525,179.435,1,1
0,6064,300,91922508494253,91922510149989,91922510674746,2180.493,524.757,1,1
0,6065,300,91922510533591,91922512580531,91922512758067,2224.476,177.536,1,1
0,6066,300,91922512990455,91922515042555,91922515213071,2222.616,170.516,1,1
0,6067,300,91922515446369,91922517086774,91922517642003,2195.634,555.229,1,1
0,6068,300,91922517494588,91922519564928,91922519742194,2247.606,177.266,1,1
0,6069,300,91922519955321,91922522012261,91922522185858,2230.537,173.597,1,1
0,6070,300,91922522411855,91922524459914,91922524622880,2211.025,162.966,1,1
0,6071,300,91922524459914,91922526505983,91922527063763,2603.849,557.780,1,1
0,6072,300,91922526915208,91922528965327,91922529158983,2243.775,193.656,1,1
0,6073,300,91922529374321,91922531422180,91922531588696,2214.375,166.516,1,1
0,6074,300,91922531832715,91922533471080,91922534060440,2227.725,589.360,1,1
0,6075,300,91922533897164,91922535950324,91922536139301,2242.137,188.977,1,1
0,6076,300,91922536338787,91922538401687,91922538571553,2232.766,169.866,1,1
0,6077,300,91922538798681,91922540433576,91922540991125,2192.444,557.549,1,1
0,6078,300,91922540842990,91922542895590,91922543086416,2243.426,190.826,1,1
0,6079,300,91922543307933,91922545348563,91922545519829,2211.896,171.266,1,1
0,6080,300,91922545756856,91922547396982,91922547977502,2220.646,580.520,1,1
0,6081,300,91922547822027,91922549856886,91922550058223,2236.196,201.337,1,1
0,6082,300,91922550262609,91922552315859,91922552489755,2227.146,173.896,1,1
0,6083,300,91922552720923,91922554770583,91922554936708,2215.785,166.125,1,1
0,6084,300,91922554770583,91922556834172,91922557364751,2594.168,530.579,1,1
0,6085,300,91922557228086,91922559274576,91922559451041,2222.955,176.465,1,1
0,6086,300,91922559683549,91922561733369,91922561899024,2215.475,165.655,1,1
0,6087,300,91922562152853,91922563791589,91922564356148,2203.295,564.559,1,1
0,6088,300,91922564213023,91922566245652,91922566424078,2211.055,178.426,1,1
0,6089,300,91922566649245,91922568695155,91922568862761,2213.516,167.606,1,1
0,6090,300,91922569126040,91922570743375,91922571303724,2177.684,560.349,1,1
0,6091,300,91922571154048,91922573201848,91922573382884,2228.836,181.036,1,1
0,6092,300,91922573612062,91922575658051,91922575828237,2216.175,170.186,1,1
0,6093,300,91922576069275,91922577707231,91922578284680,2215.405,577.449,1,1
0,6094,300,91922578117694,91922580165195,91922580348871,2231.177,183.676,1,1
0,6095,300,91922580574338,91922582640778,91922582824825,2250.487,184.047,1,1
0,6096,300,91922583032892,91922585086522,91922585261127,2228.235,174.605,1,1
0,6097,300,91922585086522,91922587154302,91922587679690,2593.168,525.388,1,1
0,6098,300,91922587536334,91922589585184,91922589771740,2235.406,186.556,1,1
0,6099,300,91922589993548,91922592054958,91922592228633,2235.085,173.675,1,1
0,6100,300,91922592455831,91922594091366,91922594643886,2188.055,552.520,1,1
0,6101,300,91922594500981,91922596549500,91922596727176,2226.195,177.676,1,1
0,6102,300,91922596959514,91922599013574,91922599193020,2233.506,179.446,1,1
0,6103,300,91922599416818,91922601075484,91922601623162,2206.344,547.678,1,1
0,6104,300,91922601464017,91922603512226,91922603692423,2228.406,180.197,1,1
0,6105,300,91922603920530,91922605975140,91922606166896,2246.366,191.756,1,1
0,6106,300,91922606396034,91922608019749,91922608584098,2188.064,564.349,1,1
0,6107,300,91922608426803,91922610476093,91922610659099,2232.296,183.006,1,1
0,6108,300,91922610883206,91922612944907,91922613160073,2276.867,215.166,1,1
0,6109,300,91922613341900,91922615389390,91922615552645,2210.745,163.255,1,1
0,6110,300,91922615389390,91922617438939,91922618016048,2626.658,577.109,1,1
0,6111,300,91922617869943,91922619896473,91922620082909,2212.966,186.436,1,1
0,6112,300,91922620304656,91922622354246,91922622520751,2216.095,166.505,1,1
0,6113,300,91922622777220,91922624413696,91922624973445,2196.225,559.749,1,1
0,6114,300,91922624822969,91922626865589,91922627052975,2230.006,187.386,1,1
0,6115,300,91922627286463,91922629315202,91922629485997,2199.534,170.795,1,1
0,6116,300,91922629725166,91922631384872,91922631914020,2188.854,529.148,1,1
0,6117,300,91922631773635,91922633823025,91922633992510,2218.875,169.485,1,1
0,6118,300,91922634230539,91922636291888,91922636454044,2223.505,162.156,1,1
0,6119,300,91922636689232,91922638327118,91922638882916,2193.684,555.798,1,1
0,6120,300,91922638736091,91922640785691,91922640967297,2231.206,181.606,1,1
0,6121,300,91922641208385,91922643249825,91922643422751,2214.366,172.926,1,1
0,6122,300,91922643665109,91922645703778,91922645868074,2202.965,164.296,1,1
0,6123,300,91922645703778,91922647747767,91922648293736,2589.958,545.969,1,1
0,6124,300,91922648157511,91922650206760,91922650373087,2215.576,166.327,1,1
0,6125,300,91922650614595,91922652662814,91922652839420,2224.825,176.606,1,1
0,6126,300,91922653085148,91922654711403,91922655277733,2192.585,566.330,1,1
0,6127,300,91922655122558,91922657169077,91922657337823,2215.265,168.746,1,1
0,6128,300,91922657597971,91922659625620,91922659784346,2186.375,158.726,1,1
0,6129,300,91922660036354,91922661675080,91922662253069,2216.715,577.989,1,1
0,6130,300,91922662085504,91922664137333,91922664314289,2228.785,176.956,1,1
0,6131,300,91922664542197,91922666590537,91922666751252,2209.055,160.715,1,1
0,6132,300,91922666999630,91922668643577,91922669225916,2226.286,582.339,1,1
0,6133,300,91922669051160,91922671111900,91922671306466,2255.306,194.566,1,1
0,6134,300,91922671506323,91922673554743,91922673727129,2220.806,172.386,1,1
0,6135,300,91922673962307,91922676028697,91922676208723,2246.416,180.026,1,1
0,6136,300,91922676028697,91922678060246,91922678623035,2594.338,562.789,1,1
0,6137,300,91922678486910,91922680516999,91922680682305,2195.395,165.306,1,1
0,6138,300,91922680946294,91922682984143,91922683162399,2216.105,178.256,1,1
0,6139,300,91922683385056,91922685026352,91922685567420,2182.364,541.068,1,1
0,6140,300,91922685431866,91922687479055,91922687647251,2215.385,168.196,1,1
0,6141,300,91922687890589,91922689938188,91922690107284,2216.695,169.096,1,1
0,6142,300,91922690347833,91922691986428,91922692553597,2205.764,567.169,1,1
0,6143,300,91922692403183,91922694442441,91922694623138,2219.955,180.697,1,1
0,6144,300,91922694851056,91922696900055,91922697081771,2230.715,181.716,1,1
0,6145,300,91922697311219,91922698947434,91922699515464,2204.245,568.030,1,1
0,6146,300,91922699358718,91922701406787,91922701588734,2230.016,181.947,1,1
0,6147,300,91922701829152,91922703871412,91922704058218,2229.066,186.806,1,1
0,6148,300,91922704272975,91922706321315,91922706485040,2212.065,163.725,1,1
0,6149,300,91922706321315,91922708369474,91922708912333,2591.018,542.859,1,1
0,6150,300,91922708777498,91922710828287,91922711013603,2236.105,185.316,1,1
0,6151,300,91922711236501,91922713283601,91922713450236,2213.735,166.635,1,1
0,6152,300,91922713714825,91922715333330,91922715906560,2191.735,573.230,1,1
0,6153,300,91922715764694,91922717789784,91922717976830,2212.136,187.046,1,1
0,6154,300,91922718214008,91922720264348,91922720433693,2219.685,169.345,1,1
0,6155,300,91922720660902,91922722297086,91922722855706,2194.804,558.620,1,1
0,6156,300,91922722704070,91922724753400,91922724932716,2228.646,179.316,1,1
0,6157,300,91922725162714,91922727210664,91922727393340,2230.626,182.676,1,1
0,6158,300,91922727621257,91922729257683,91922729824662,2203.405,566.979,1,1
0,6159,300,91922729668777,91922731716096,91922731899263,2230.486,183.167,1,1
0,6160,300,91922732124650,91922734175310,91922734339745,2215.095,164.435,1,1
0,6161,300,91922734584443,91922736631213,91922736788248,2203.805,157.035,1,1
0,6162,300,91922736631213,91922738679153,91922739241602,2610.389,562.449,1,1
0,6163,300,91922739089336,91922741137806,91922741335183,2245.847,197.377,1,1
0,6164,300,91922741547230,91922743594619,91922743751324,2204.094,156.705,1,1
0,6165,300,91922744015474,91922745647239,91922746197348,2181.874,550.109,1,1
0,6166,300,91922746052793,91922748107712,91922748282058,2229.265,174.346,1,1
0,6167,300,91922748510016,91922750557875,91922750716691,2206.675,158.816,1,1
0,6168,300,91922750967690,91922752605784,91922753164614,2196.924,558.830,1,1
0,6169,300,91922753014309,91922755062908,91922755254045,2239.736,191.137,1,1
0,6170,300,91922755474422,91922757520772,91922757681897,2207.475,161.125,1,1
0,6171,300,91922757930966,91922759568011,91922760161731,2230.765,593.720,1,1
0,6172,300,91922759996395,91922762027584,91922762220061,2223.666,192.477,1,1
0,6173,300,91922762436639,91922764483078,91922764647243,2210.604,164.165,1,1
0,6174,300,91922764897762,91922766958152,91922767123248,2225.486,165.096,1,1
0,6175,300,91922766958152,91922769001081,91922769532309,2574.157,531.228,1,1
0,6176,300,91922769403715,91922771447654,91922771613800,2210.085,166.146,1,1
0,6177,300,91922771863598,91922773903998,91922774081793,2218.195,177.795,1,1
0,6178,300,91922774314381,91922775961568,91922776501106,2186.725,539.538,1,1
0,6179,300,91922776362360,91922778410061,91922778589737,2227.377,179.676,1,1
0,6180,300,91922778835695,91922780870024,91922781048580,2212.885,178.556,1,1
0,6181,300,91922781278408,91922782917703,91922783477293,2198.885,559.590,1,1
0,6182,300,91922783326888,91922785374957,91922785555233,2228.345,180.276,1,1
0,6183,300,91922785784210,91922787832171,91922788024156,2239.946,191.985,1,1
0,6184,300,91922788263095,91922789900031,91922790445689,2182.594,545.658,1,1
0,6185,300,91922790288243,91922792336923,91922792519660,2231.417,182.737,1,1
0,6186,300,91922792746597,91922794793556,91922794977362,2230.765,183.806,1,1
0,6187,300,91922795206980,91922797262850,91922797427716,2220.736,164.866,1,1
0,6188,300,91922797262850,91922799322650,91922799851698,2588.848,529.048,1,1
0,6189,300,91922799708703,91922801759132,91922801937149,2228.446,178.017,1,1
0,6190,300,91922802188908,91922804224966,91922804391692,2202.784,166.726,1,1
0,6191,300,91922804624490,91922806264306,91922806815165,2190.675,550.859,1,1
0,6192,300,91922806673319,91922808736870,91922808913955,2240.636,177.085,1,1
0,6193,300,91922809163693,91922811202043,91922811371249,2207.556,169.206,1,1
0,6194,300,91922811601617,91922813235792,91922813787321,2185.704,551.529,1,1
0,6195,300,91922813638086,91922815698665,91922815889412,2251.326,190.747,1,1
0,6196,300,91922816096829,91922818174000,91922818345416,2248.587,171.416,1,1
0,6197,300,91922818550762,91922820205079,91922820761467,2210.705,556.388,1,1
0,6198,300,91922820605312,91922822654362,91922822847489,2242.177,193.127,1,1
0,6199,300,91922823057626,91922825117115,91922825300252,2242.626,183.137,1,1
0,6200,300,91922825529780,91922827571048,91922827744785,2215.005,173.737,1,1
0,6201,300,91922827571048,91922829614847,91922830171677,2600.629,556.830,1,1
0,6202,300,91922830025022,91922832088691,91922832266108,2241.086,177.417,1,1
0,6203,300,91922832483015,91922834525405,91922834702450,2219.435,177.045,1,1
0,6204,300,91922834935848,91922836580295,91922837129492,2193.644,549.197,1,1
0,6205,300,91922836984288,91922839031048,91922839218124,2233.836,187.076,1,1
0,6206,300,91922839442001,91922841490901,91922841670316,2228.315,179.415,1,1
0,6207,300,91922841897685,91922843538110,91922844132611,2234.926,594.501,1,1
0,6208,300,91922843965145,91922845995094,91922846196100,2230.955,201.006,1,1
0,6209,300,91922846405687,91922848452696,91922848623402,2217.715,170.706,1,1
0,6210,300,91922848862131,91922850499587,91922851088127,2225.996,588.540,1,1
0,6211,300,91922850910820,91922852958130,91922853172337,2261.517,214.207,1,1
0,6212,300,91922853372933,91922855414463,91922855588600,2215.667,174.137,1,1
0,6213,300,91922855825117,91922857874536,91922858060363,2235.246,185.827,1,1
0,6214,300,91922857874536,91922859920396,91922860474735,2600.199,554.339,1,1
0,6215,300,91922860338341,91922862378809,91922862544895,2206.554,166.086,1,1
0,6216,300,91922862802114,91922864851163,91922865028610,2226.496,177.447,1,1
0,6217,300,91922865256547,91922866884992,91922867445851,2189.304,560.859,1,1
0,6218,300,91922867310267,91922869363526,91922869541453,2231.186,177.927,1,1
0,6219,300,91922869768880,91922871800699,91922871959274,2190.394,158.575,1,1
0,6220,300,91922872207993,91922873848928,91922874400057,2192.064,551.129,1,1
0,6221,300,91922874257873,91922876306282,91922876477068,2219.195,170.786,1,1
0,6222,300,91922876716756,91922878762955,91922878934391,2217.635,171.436,1,1
0,6223,300,91922879172419,91922880824755,91922881378214,2205.795,553.459,1,1
0,6224,300,91922881220919,91922883269778,91922883442974,2222.055,173.196,1,1
0,6225,300,91922883677452,91922885725072,91922885888047,2210.595,162.975,1,1
0,6226,300,91922886153346,91922888183135,91922888347730,2194.384,164.595,1,1
0,6227,300,91922888183135,91922890244395,91922890772343,2589.208,527.948,1,1
0,6228,300,91922890640658,91922892687998,91922892860284,2219.626,172.286,1,1
0,6229,300,91922893099621,91922895155931,91922895313887,2214.266,157.956,1,1
0,6230,300,91922895575926,91922897202440,91922897745720,2169.794,543.280,1,1
0,6231,300,91922897603104,91922899672734,91922899840020,2236.916,167.286,1,1
0,6232,300,91922900068149,91922902111598,91922902293453,2225.304,181.855,1,1
0,6233,300,91922902520051,91922904159327,91922904726906,2206.855,567.579,1,1
0,6234,300,91922904566961,91922906614400,91922906794066,2227.105,179.666,1,1
0,6235,300,91922907030955,91922909072173,91922909253670,2222.715,181.497,1,1
0,6236,300,91922909482618,91922911122463,91922911689422,2206.804,566.959,1,1
0,6237,300,91922911532397,91922913589597,91922913774914,2242.517,185.317,1,1
0,6238,300,91922913999151,91922916035900,91922916226437,2227.286,190.537,1,1
0,6239,300,91922916444984,91922918501844,91922918667989,2223.005,166.145,1,1
0,6240,300,91922918501844,91922920543293,91922921107922,2606.078,564.629,1,1
0,6241,300,91922920968437,91922922998546,91922923186873,2218.436,188.327,1,1
0,6242,300,91922923408291,91922925457880,91922925615605,2207.314,157.725,1,1
0,6243,300,91922925884264,91922927507620,91922928069938,2185.674,562.318,1,1
0,6244,300,91922927914503,91922929961892,91922930157879,2243.376,195.987,1,1
0,6245,300,91922930373617,91922932420026,91922932580301,2206.684,160.275,1,1
0,6246,300,91922932844931,91922934470185,91922935038675,2193.744,568.490,1,1
0,6247,300,91922934877420,91922936926619,91922937118466,2241.046,191.847,1,1
0,6248,300,91922937335303,91922939391782,91922939553278,2217.975,161.496,1,1
0,6249,300,91922939792046,91922941447332,91922941999091,2207.045,551.759,1,1
0,6250,300,91922941841486,91922943894705,91922944077021,2235.535,182.316,1,1
0,6251,300,91922944305079,91922946345719,91922946514564,2209.485,168.845,1,1
0,6252,300,91922946756102,91922948804262,91922948958407,2202.305,154.145,1,1
0,6253,300,91922948804262,91922950867262,91922951400460,2596.198,533.198,1,1
0,6254,300,91922951263545,91922953330155,91922953511691,2248.146,181.536,1,1
0,6255,300,91922953737960,91922955778928,91922955944344,2206.384,165.416,1,1
0,6256,300,91922956196422,91922957816728,91922958381347,2184.925,564.619,1,1
0,6257,300,91922958236742,91922960273071,91922960462837,2226.095,189.766,1,1
0,6258,300,91922960684125,91922962751145,91922962919321,2235.196,168.176,1,1
0,6259,300,91922963169389,91922964779114,91922965345953,2176.564,566.839,1,1
0,6260,300,91922965195538,91922967238078,91922967420053,2224.515,181.975,1,1
0,6261,300,91922967646781,91922969712411,91922969883187,2236.406,170.776,1,1
0,6262,300,91922970119915,91922971742560,91922972308079,2188.164,565.519,1,1
0,6263,300,91922972150584,91922974199183,91922974384889,2234.305,185.706,1,1
0,6264,300,91922974609797,91922976656927,91922976819422,2209.625,162.495,1,1
0,6265,300,91922977078901,91922979127771,91922979288956,2210.055,161.185,1,1
0,6266,300,91922979127771,91922981179961,91922981707898,2580.127,527.937,1,1
0,6267,300,91922981571624,91922983632403,91922983797399,2225.775,164.996,1,1
0,6268,300,91922984031287,91922986077037,91922986250282,2218.995,173.245,1,1
0,6269,300,91922986487520,91922988126696,91922988679374,2191.854,552.678,1,1
0,6270,300,91922988536540,91922990591760,91922990763196,2226.656,171.436,1,1
0,6271,300,91922990994054,91922993042353,91922993211949,2217.895,169.596,1,1
0,6272,300,91922993451696,91922995088262,91922995639651,2187.955,551.389,1,1
0,6273,300,91922995497935,91922997546256,91922997727612,2229.677,181.356,1,1
0,6274,300,91922997974950,91923000029770,91923000227977,2253.027,198.207,1,1
0,6275,300,91923000414103,91923002052138,91923002620447,2206.344,568.309,1,1
0,6276,300,91923002463393,91923004509592,91923004683628,2220.235,174.036,1,1
0,6277,300,91923004919365,91923006968426,91923007150922,2231.557,182.496,1,1
0,6278,300,91923007377959,91923009425298,91923009591774,2213.815,166.476,1,1
0,6279,300,91923009425298,91923011472178,91923012029747,2604.449,557.569,1,1
0,6280,300,91923011891302,91923013956733,91923014132318,2241.016,175.585,1,1
0,6281,300,91923014358966,91923016398455,91923016563031,2204.065,164.576,1,1
0,6282,300,91923016798359,91923018441464,91923018980293,2181.934,538.829,1,1
0,6283,300,91923018845948,91923020894378,91923021082694,2236.746,188.316,1,1
0,6284,300,91923021303392,91923023352181,91923023521307,2217.915,169.126,1,1
0,6285,300,91923023762405,91923025418871,91923025967060,2204.655,548.189,1,1
0,6286,300,91923025817405,91923027870745,91923028061141,2243.736,190.396,1,1
0,6287,300,91923028267518,91923030314917,91923030481463,2213.945,166.546,1,1
0,6288,300,91923030740012,91923032377168,91923032932266,2192.254,555.098,1,1
0,6289,300,91923032776011,91923034821790,91923035016967,2240.956,195.177,1,1
0,6290,300,91923035231134,91923037277054,91923037450719,2219.585,173.665,1,1
0,6291,300,91923037686898,91923039736867,91923039891423,2204.525,154.556,1,1
0,6292,300,91923039736867,91923041782506,91923042322644,2585.777,540.138,1,1
0,6293,300,91923042193311,91923044241590,91923044408246,2214.935,166.656,1,1
0,6294,300,91923044651384,91923046697593,91923046864679,2213.295,167.086,1,1
0,6295,300,91923047128238,91923048746603,91923049300771,2172.533,554.168,1,1
0,6296,300,91923049156427,91923051208086,91923051386632,2230.205,178.546,1,1
0,6297,300,91923051613950,91923053674950,91923053853886,2239.936,178.936,1,1
0,6298,300,91923054070413,91923055708929,91923056276488,2206.075,567.559,1,1
0,6299,300,91923056119553,91923058168152,91923058349159,2229.606,181.007,1,1
0,6300,300,91923058578106,91923060626276,91923060796722,2218.616,170.446,1,1
0,6301,300,91923061034170,91923062674545,91923063259145,2224.975,584.600,1,1
0,6302,300,91923063081859,91923065159949,91923065354516,2272.657,194.567,1,1
0,6303,300,91923065540192,91923067596472,91923067769418,2229.226,172.946,1,1
0,6304,300,91923067999626,91923070044965,91923070221952,2222.326,176.987,1,1
0,6305,300,91923070044965,91923072094095,91923072639093,2594.128,544.998,1,1
0,6306,300,91923072502379,91923074550888,91923074725974,2223.595,175.086,1,1
0,6307,300,91923074962712,91923077014062,91923077185608,2222.896,171.546,1,1
0,6308,300,91923077419836,91923079058481,91923079618980,2199.144,560.499,1,1
0,6309,300,91923079482625,91923081515094,91923081693441,2210.816,178.347,1,1
0,6310,300,91923081938859,91923083973348,91923084162025,2223.166,188.677,1,1
0,6311,300,91923084382612,91923086039288,91923086601167,2218.555,561.879,1,1
0,6312,300,91923086450302,91923088481231,91923088660917,2210.615,179.686,1,1
0,6313,300,91923088887095,91923090934514,91923091126561,2239.466,192.047,1,1
0,6314,300,91923091345058,91923092984023,91923093570533,2225.475,586.510,1,1
0,6315,300,91923093402338,91923095441497,91923095623793,2221.455,182.296,1,1
0,6316,300,91923095850171,91923097898010,91923098081497,2231.326,183.487,1,1
0,6317,300,91923098307374,91923100371844,91923100547830,2240.456,175.986,1,1
0,6318,300,91923100371844,91923102403953,91923102978663,2606.819,574.710,1,1
0,6319,300,91923102834148,91923104861887,91923105048763,2214.615,186.876,1,1
0,6320,300,91923105270690,91923107321350,91923107490376,2219.686,169.026,1,1
0,6321,300,91923107730024,91923109366330,91923109937009,2206.985,570.679,1,1
0,6322,300,91923109794014,91923111826503,91923112014639,2220.625,188.136,1,1
0,6323,300,91923112233937,91923114282027,91923114442422,2208.485,160.395,1,1
0,6324,300,91923114706080,91923116329646,91923116884114,2178.034,554.468,1,1
0,6325,300,91923116743020,91923118788509,91923118958305,2215.285,169.796,1,1
0,6326,300,91923119199073,91923121246373,91923121419409,2220.336,173.036,1,1
0,6327,300,91923121656236,91923123295012,91923123851961,2195.725,556.949,1,1
0,6328,300,91923123704216,91923125766556,91923125948332,2244.116,181.776,1,1
0,6329,300,91923126159919,91923128229089,91923128393586,2233.667,164.497,1,1
0,6330,300,91923128619243,91923130666342,91923130820748,2201.505,154.406,1,1
0,6331,300,91923130666342,91923132715962,91923133272150,2605.808,556.188,1,1
0,6332,300,91923133123756,91923135172405,91923135350911,2227.155,178.506,1,1
0,6333,300,91923135582449,91923137649269,91923137815014,2232.565,165.745,1,1
0,6334,300,91923138054613,91923139699478,91923140239977,2185.364,540.499,1,1
0,6335,300,91923140088922,91923142136951,91923142325058,2236.136,188.107,1,1
0,6336,300,91923142567816,91923144594775,91923144762821,2195.005,168.046,1,1
0,6337,300,91923145015429,91923146641444,91923147227394,2211.965,585.950,1,1
0,6338,300,91923147067368,91923149098817,91923149301555,2234.187,202.738,1,1
0,6339,300,91923149520162,91923151555431,91923151718046,2197.884,162.615,1,1
0,6340,300,91923151964804,91923153603240,91923154181320,2216.516,578.080,1,1
0,6341,300,91923154018444,91923156082245,91923156260540,2242.096,178.295,1,1
0,6342,300,91923156474818,91923158519087,91923158683242,2208.424,164.155,1,1
0,6343,300,91923158930421,91923160975871,91923161159327,2228.906,183.456,1,1
0,6344,300,91923160975871,91923163026210,91923163569708,2593.837,543.498,1,1
0,6345,300,91923163433464,91923165482574,91923165669980,2236.516,187.406,1,1
0,6346,300,91923165893757,91923167946047,91923168126933,2233.176,180.886,1,1
0,6347,300,91923168369322,91923169987446,91923170554895,2185.573,567.449,1,1
0,6348,300,91923170410930,91923172454150,91923172631866,2220.936,177.716,1,1
0,6349,300,91923172862494,91923174908213,91923175091980,2229.486,183.767,1,1
0,6350,300,91923175334178,91923176950933,91923177522601,2188.423,571.668,1,1
0,6351,300,91923177362236,91923179409216,91923179589172,2226.936,179.956,1,1
0,6352,300,91923179819640,91923181888920,91923182070656,2251.016,181.736,1,1
0,6353,300,91923182277773,91923183936780,91923184493298,2215.525,556.518,1,1
0,6354,300,91923184325042,91923186372273,91923186555739,2230.697,183.466,1,1
0,6355,300,91923186781356,91923188829405,91923189012092,2230.736,182.687,1,1
0,6356,300,91923189239750,91923191286369,91923191451124,2211.374,164.755,1,1
0,6357,300,91923191286369,91923193336669,91923193888298,2601.929,551.629,1,1
0,6358,300,91923193744282,91923195793912,91923195980519,2236.237,186.607,1,1
0,6359,300,91923196203306,91923198250775,91923198418181,2214.875,167.406,1,1
0,6360,300,91923198659519,91923200299734,91923200852144,2192.625,552.410,1,1
0,6361,300,91923200709119,91923202757208,91923202934734,2225.615,177.526,1,1
0,6362,300,91923203167242,91923205212932,91923205382447,2215.205,169.515,1,1
0,6363,300,91923205623125,91923207261131,91923207821600,2198.475,560.469,1,1
0,6364,300,91923207671355,91923209720124,91923209900071,2228.716,179.947,1,1
0,6365,300,91923210129859,91923212193058,91923212365464,2235.605,172.406,1,1
0,6366,300,91923212594592,91923214224057,91923214801017,2206.425,576.960,1,1
0,6367,300,91923214634021,91923216683301,91923216864897,2230.876,181.596,1,1
0,6368,300,91923217093625,91923219139324,91923219323800,2230.175,184.476,1,1
0,6369,300,91923219549098,91923221598648,91923221773443,2224.345,174.795,1,1
0,6370,300,91923221598648,91923223647407,91923224201445,2602.797,554.038,1,1
0,6371,300,91923224057511,91923226113220,91923226299667,2242.156,186.447,1,1
0,6372,300,91923226529504,91923228574994,91923228740860,2211.356,165.866,1,1
0,6373,300,91923228973807,91923230626273,91923231197103,2223.296,570.830,1,1
0,6374,300,91923231042668,91923233067507,91923233257013,2214.345,189.506,1,1
0,6375,300,91923233475100,91923235525439,91923235694555,2219.455,169.116,1,1
0,6376,300,91923235951544,91923237590040,91923238161649,2210.105,571.609,1,1
0,6377,300,91923237990154,91923240042084,91923240229440,2239.286,187.356,1,1
0,6378,300,91923240459148,91923242487876,91923242670552,2211.404,182.676,1,1
0,6379,300,91923242896640,91923244537516,91923245118455,2221.815,580.939,1,1
0,6380,300,91923244944489,91923246992939,91923247197006,2252.517,204.067,1,1
0,6381,300,91923247411514,91923249451142,91923249624208,2212.694,173.066,1,1
0,6382,300,91923249860317,91923251909006,91923252083671,2223.354,174.665,1,1
0,6383,300,91923251909006,91923253967445,91923254511974,2602.968,544.529,1,1
0,6384,300,91923254367299,91923256415348,91923256589945,2222.646,174.597,1,1
0,6385,300,91923256822402,91923258879483,91923259057498,2235.096,178.015,1,1
0,6386,300,91923259288786,91923260939242,91923261489701,2200.915,550.459,1,1
0,6387,300,91923261345146,91923263378665,91923263547251,2202.105,168.586,1,1
0,6388,300,91923263803519,91923265833728,91923265992724,2189.205,158.996,1,1
0,6389,300,91923266264903,91923267883258,91923268434086,2169.183,550.828,1,1
0,6390,300,91923268291342,91923270340741,91923270511217,2219.875,170.476,1,1
0,6391,300,91923270761395,91923272798465,91923272970521,2209.126,172.056,1,1
0,6392,300,91923273206698,91923274846704,91923275405293,2198.595,558.589,1,1
0,6393,300,91923275255698,91923277303398,91923277476743,2221.045,173.345,1,1
0,6394,300,91923277721792,91923279771171,91923279955338,2233.546,184.167,1,1
0,6395,300,91923280171584,91923282235985,91923282401100,2229.516,165.115,1,1
0,6396,300,91923282235985,91923284266254,91923284804482,2568.497,538.228,1,1
0,6397,300,91923284675547,91923286723607,91923286899683,2224.136,176.076,1,1
0,6398,300,91923287135461,91923289185681,91923289354616,2219.155,168.935,1,1
0,6399,300,91923289590984,91923291229420,91923291787799,2196.815,558.379,1,1
0,6400,300,91923291640204,91923293688874,91923293856269,2216.065,167.395,1,1
0,6401,300,91923294096987,91923296148937,91923296309063,2212.076,160.126,1,1
0,6402,300,91923296565291,91923298194006,91923298744615,2179.324,550.609,1,1
0,6403,300,91923298602640,91923300651059,91923300820855,2218.215,169.796,1,1
0,6404,300,91923301060454,91923303121533,91923303312350,2251.896,190.817,1,1
0,6405,300,91923303517087,91923305164942,91923305730071,2212.984,565.129,1,1
0,6406,300,91923305573087,91923307629427,91923307819183,2246.096,189.756,1,1
0,6407,300,91923308024020,91923310072319,91923310267606,2243.586,195.287,1,1
0,6408,300,91923310482763,91923312530863,91923312694718,2211.955,163.855,1,1
0,6409,300,91923312530863,91923314576462,91923315155381,2624.518,578.919,1,1
0,6410,300,91923314986316,91923317046986,91923317238103,2251.787,191.117,1,1
0,6411,300,91923317445200,91923319492949,91923319670944,2225.744,177.995,1,1
0,6412,300,91923319902612,91923321540678,91923322113188,2210.576,572.510,1,1
0,6413,300,91923321949973,91923323998332,91923324193478,2243.505,195.146,1,1
0,6414,300,91923324416376,91923326459205,91923326634961,2218.585,175.756,1,1
0,6415,300,91923326863929,91923328523426,91923329063724,2199.795,540.298,1,1
0,6416,300,91923328912078,91923330970249,91923331160995,2248.917,190.746,1,1
0,6417,300,91923331381832,91923333430572,91923333592197,2210.365,161.625,1,1
0,6418,300,91923333829485,91923335465881,91923336047590,2218.105,581.709,1,1
0,6419,300,91923335876614,91923337924764,91923338107291,2230.677,182.527,1,1
0,6420,300,91923338334678,91923340382278,91923340546483,2211.805,164.205,1,1
0,6421,300,91923340807012,91923342840561,91923343015767,2208.755,175.206,1,1
0,6422,300,91923342840561,91923344889191,91923345460329,2619.768,571.138,1,1
0,6423,300,91923345319695,91923347345534,91923347523640,2203.945,178.106,1,1
0,6424,300,91923347755358,91923349801587,91923349967213,2211.855,165.626,1,1
0,6425,300,91923350217191,91923351868377,91923352414076,2196.885,545.699,1,1
0,6426,300,91923352260780,91923354318040,91923354496737,2235.957,178.697,1,1
0,6427,300,91923354726705,91923356768193,91923356947730,2221.025,179.537,1,1
0,6428,300,91923357177018,91923358813993,91923359374962,2197.944,560.969,1,1
0,6429,300,91923359223577,91923361271986,91923361452902,2229.325,180.916,1,1
0,6430,300,91923361682380,91923363730210,91923363911886,2229.506,181.676,1,1
0,6431,300,91923364138284,91923365776589,91923366356679,2218.395,580.090,1,1
0,6432,300,91923366207204,91923368235052,91923368418689,2211.485,183.637,1,1
0,6433,300,91923368644147,91923370705386,91923370868762,2224.615,163.376,1,1
0,6434,300,91923371102870,91923373150010,91923373306765,2203.895,156.755,1,1
0,6435,300,91923373150010,91923375199209,91923375744208,2594.198,544.999,1,1
0,6436,300,91923375607433,91923377664533,91923377839748,2232.315,175.215,1,1
0,6437,300,91923378069576,91923380128836,91923380293281,2223.705,164.445,1,1
0,6438,300,91923380523309,91923382161985,91923382713724,2190.415,551.739,1,1
0,6439,300,91923382577939,91923384619059,91923384797034,2219.095,177.975,1,1
0,6440,300,91923385028812,91923387075672,91923387245097,2216.285,169.425,1,1
0,6441,300,91923387501906,91923389127671,91923389685711,2183.805,558.040,1,1
0,6442,300,91923389533395,91923391597215,91923391767011,2233.616,169.796,1,1
0,6443,300,91923391990498,91923394040598,91923394207824,2217.326,167.226,1,1
0,6444,300,91923394449682,91923396088448,91923396655817,2206.135,567.369,1,1
0,6445,300,91923396496261,91923398551161,91923398723887,2227.626,172.726,1,1
0,6446,300,91923398955545,91923401015064,91923401188881,2233.336,173.817,1,1
0,6447,300,91923401413698,91923403464908,91923403619713,2206.015,154.805,1,1
0,6448,300,91923403464908,91923405508368,91923406071607,2606.699,563.239,1,1
0,6449,300,91923405924852,91923407966600,91923408153807,2228.955,187.207,1,1
0,6450,300,91923408389205,91923410422354,91923410590310,2201.105,167.956,1,1
0,6451,300,91923410849348,91923412471834,91923413034332,2184.984,562.498,1,1
0,6452,300,91923412880057,91923414934677,91923415132504,2252.447,197.827,1,1
0,6453,300,91923415339591,91923417388460,91923417568896,2229.305,180.436,1,1
0,6454,300,91923417795454,91923419434489,91923419995389,2199.935,560.900,1,1
0,6455,300,91923419845294,91923421892513,91923422083220,2237.926,190.707,1,1
0,6456,300,91923422303047,91923424350016,91923424521582,2218.535,171.566,1,1
0,6457,300,91923424758870,91923426402986,91923426966415,2207.545,563.429,1,1
0,6458,300,91923426807410,91923428855039,91923429048026,2240.616,192.987,1,1
0,6459,300,91923429264734,91923431312173,91923431489368,2224.634,177.195,1,1
0,6460,300,91923431723506,91923433770666,91923433925581,2202.075,154.915,1,1
0,6461,300,91923433770666,91923435818826,91923436359134,2588.468,540.308,1,1
0,6462,300,91923436229130,91923438278969,91923438445425,2216.295,166.456,1,1
0,6463,300,91923438685713,91923440738373,91923440904128,2218.415,165.755,1,1
0,6464,300,91923441166627,91923442793422,91923443344501,2177.874,551.079,1,1
0,6465,300,91923443191525,91923445240595,91923445419081,2227.556,178.486,1,1
0,6466,300,91923445650489,91923447696408,91923447864864,2214.375,168.456,1,1
0,6467,300,91923448107283,91923449745378,91923450317418,2210.135,572.040,1,1
0,6468,300,91923450155382,91923452204292,91923452397359,2241.977,193.067,1,1
0,6469,300,91923452612475,91923454661965,91923454832540,2220.065,170.575,1,1
0,6470,300,91923455070389,91923456707995,91923457290184,2219.795,582.189,1,1
0,6471,300,91923457118778,91923459179319,91923459362575,2243.797,183.256,1,1
0,6472,300,91923459593702,91923461624761,91923461811218,2217.516,186.457,1,1
0,6473,300,91923462034825,91923464089845,91923464264121,2229.296,174.276,1,1
0,6474,300,91923464089845,91923466130734,91923466680953,2591.108,550.219,1,1
0,6475,300,91923466543348,91923468585927,91923468761364,2218.016,175.437,1,1
0,6476,300,91923468997891,91923471058751,91923471225707,2227.816,166.956,1,1
0,6477,300,91923471453755,91923473093680,91923473654039,2200.284,560.359,1,1
0,6478,300,91923473517295,91923475549893,91923475718199,2200.904,168.306,1,1
0,6479,300,91923475958478,91923478019537,91923478191213,2232.735,171.676,1,1
0,6480,300,91923478438601,91923480054546,91923480617085,2178.484,562.539,1,1
0,6481,300,91923480466341,91923482513480,91923482685026,2218.685,171.546,1,1
0,6482,300,91923482923504,91923484971873,91923485151960,2228.456,180.087,1,1
0,6483,300,91923485398338,91923487018983,91923487597202,2198.864,578.219,1,1
0,6484,300,91923487428797,91923489493896,91923489666633,2237.836,172.737,1,1
0,6485,300,91923489886170,91923491936060,91923492134496,2248.326,198.436,1,1
0,6486,300,91923492343033,91923494411033,91923494577129,2234.096,166.096,1,1
0,6487,300,91923494411033,91923496439232,91923496986041,2575.008,546.809,1,1
0,6488,300,91923496849566,91923498898786,91923499085352,2235.786,186.566,1,1
0,6489,300,91923499308149,91923501356500,91923501523015,2214.866,166.515,1,1
0,6490,300,91923501765633,91923503402019,91923503954607,2188.974,552.588,1,1
0,6491,300,91923503811102,91923505859222,91923506055279,2244.177,196.057,1,1
0,6492,300,91923506273216,91923508318175,91923508499951,2226.735,181.776,1,1
0,6493,300,91923508728379,91923510367575,91923510928064,2199.685,560.489,1,1
0,6494,300,91923510777219,91923512830888,91923513021045,2243.826,190.157,1,1
0,6495,300,91923513232012,91923515299272,91923515471318,2239.306,172.046,1,1
0,6496,300,91923515702606,91923517329801,91923517902320,2199.714,572.519,1,1
0,6497,300,91923517753705,91923519785524,91923519957540,2203.835,172.016,1,1
0,6498,300,91923520196279,91923522243828,91923522420114,2223.835,176.286,1,1
0,6499,300,91923522653472,91923524700971,91923524855417,2201.945,154.446,1,1
0,6500,300,91923524700971,91923526758671,91923527291480,2590.509,532.809,1,1
0,6501,300,91923527160825,91923529208524,91923529375670,2214.845,167.146,1,1
0,6502,300,91923529632649,91923531664618,91923531832194,2199.545,167.576,1,1
0,6503,300,91923532084032,91923533712427,91923534267186,2183.154,554.759,1,1
0,6504,300,91923534121911,91923536170500,91923536350207,2228.296,179.707,1,1
0,6505,300,91923536580935,91923538627614,91923538786879,2205.944,159.265,1,1
0,6506,300,91923539038357,91923540676523,91923541255633,2217.276,579.110,1,1
0,6507,300,91923541105728,91923543135327,91923543315543,2209.815,180.216,1,1
0,6508,300,91923543543000,91923545594360,91923545759735,2216.735,165.375,1,1
0,6509,300,91923546011944,91923547640879,91923548208089,2196.145,567.210,1,1
0,6510,300,91923548048934,91923550097793,91923550286839,2237.905,189.046,1,1
0,6511,300,91923550507806,91923552568527,91923552733942,2226.136,165.415,1,1
0,6512,300,91923552963160,91923555023070,91923555199686,2236.526,176.616,1,1
0,6513,300,91923555023070,91923557061569,91923557613128,2590.058,551.559,1,1
0,6514,300,91923557471383,91923559517303,91923559692399,2221.016,175.096,1,1
0,6515,300,91923559927786,91923561989176,91923562176723,2248.937,187.547,1,1
0,6516,300,91923562384710,91923564033966,91923564593334,2208.624,559.368,1,1
0,6517,300,91923564449330,91923566482099,91923566670535,2221.205,188.436,1,1
0,6518,300,91923566889723,91923568939522,91923569119648,2229.925,180.126,1,1
0,6519,300,91923569348906,91923570986612,91923571548241,2199.335,561.629,1,1
0,6520,300,91923571396795,91923573445336,91923573625811,2229.016,180.475,1,1
0,6521,300,91923573853509,91923575903468,91923576096635,2243.126,193.167,1,1
0,6522,300,91923576312713,91923577949868,91923578521787,2209.074,571.919,1,1
0,6523,300,91923578362482,91923580408081,91923580591297,2228.815,183.216,1,1
0,6524,300,91923580821125,91923582865595,91923583060061,2238.936,194.466,1,1
0,6525,300,91923583274099,91923585321718,91923585486303,2212.204,164.585,1,1
0,6526,300,91923585321718,91923587370767,91923587918026,2596.308,547.259,1,1
0,6527,300,91923587781842,91923589829401,91923590015307,2233.465,185.906,1,1
0,6528,300,91923590240095,91923592287164,91923592454190,2214.095,167.026,1,1
0,6529,300,91923592696068,91923594333074,91923594887472,2191.404,554.398,1,1
0,6530,300,91923594744038,91923596791187,91923596969063,2225.025,177.876,1,1
0,6531,300,91923597201791,91923599249331,91923599418887,2217.096,169.556,1,1
0,6532,300,91923599658404,91923601298380,91923601866500,2208.096,568.120,1,1
0,6533,300,91923601706303,91923603755634,91923603936070,2229.767,180.436,1,1
0,6534,300,91923604178477,91923606211777,91923606383533,2205.056,171.756,1,1
0,6535,300,91923606623271,91923608261996,91923608828685,2205.414,566.689,1,1
0,6536,300,91923608671231,91923610716800,91923610910316,2239.085,193.516,1,1
0,6537,300,91923611127183,91923613175454,91923613363360,2236.177,187.906,1,1
0,6538,300,91923613585817,91923615646637,91923615809573,2223.756,162.936,1,1
0,6539,300,91923615646637,91923617680426,91923618253835,2607.198,573.409,1,1
0,6540,300,91923618097810,91923620161990,91923620338666,2240.856,176.676,1,1
0,6541,300,91923620566383,91923622595363,91923622770719,2204.336,175.356,1,1
0,6542,300,91923623014727,91923624644543,91923625217331,2202.604,572.788,1,1
0,6543,300,91923625054006,91923627100885,91923627289952,2235.946,189.067,1,1
0,6544,300,91923627512130,91923629558529,91923629719614,2207.484,161.085,1,1
0,6545,300,91923629968813,91923631606618,91923632169537,2200.724,562.919,1,1
0,6546,300,91923632017192,91923634066291,91923634245338,2228.146,179.047,1,1
0,6547,300,91923634492826,91923636535526,91923636696711,2203.885,161.185,1,1
0,6548,300,91923636933530,91923638584276,91923639138774,2205.244,554.498,1,1
0,6549,300,91923638979169,91923641029318,91923641216235,2237.066,186.917,1,1
0,6550,300,91923641437122,91923643492432,91923643657877,2220.755,165.445,1,1
0,6551,300,91923643895556,91923645943605,91923646108640,2213.084,165.035,1,1
0,6552,300,91923645943605,91923647991454,91923648538553,2594.948,547.099,1,1
0,6553,300,91923648400709,91923650447978,91923650614463,2213.754,166.485,1,1
0,6554,300,91923650859692,91923652916712,91923653095067,2235.375,178.355,1,1
0,6555,300,91923653318805,91923654953771,91923655518410,2199.605,564.639,1,1
0,6556,300,91923655381325,91923657411724,91923657580520,2199.195,168.796,1,1
0,6557,300,91923657829358,91923659881108,91923660050573,2221.215,169.465,1,1
0,6558,300,91923660280631,91923661923467,91923662503817,2223.186,580.350,1,1
0,6559,300,91923662351041,91923664374361,91923664545096,2194.055,170.735,1,1
0,6560,300,91923664784344,91923666853594,91923667025150,2240.806,171.556,1,1
0,6561,300,91923667252468,91923668882143,91923669454263,2201.795,572.120,1,1
0,6562,300,91923669304257,91923671339417,91923671522823,2218.566,183.406,1,1
0,6563,300,91923671748100,91923673795209,91923673971226,2223.126,176.017,1,1
0,6564,300,91923674206734,91923676253253,91923676409159,2202.425,155.906,1,1
0,6565,300,91923676253253,91923678303273,91923678856802,2603.549,553.529,1,1
0,6566,300,91923678727577,91923680758616,91923680924082,2196.505,165.466,1,1
0,6567,300,91923681169140,91923683216689,91923683374465,2205.325,157.776,1,1
0,6568,300,91923683626734,91923685265460,91923685822188,2195.454,556.728,1,1
0,6569,300,91923685686133,91923687724242,91923687902539,2216.406,178.297,1,1
0,6570,300,91923688133416,91923690181566,91923690341621,2208.205,160.055,1,1
0,6571,300,91923690602761,91923692228625,91923692795535,2192.774,566.910,1,1
0,6572,300,91923692653190,91923694706619,91923694876755,2223.565,170.136,1,1
0,6573,300,91923695104332,91923697159302,91923697321479,2217.147,162.177,1,1
0,6574,300,91923697552296,91923699196222,91923699787272,2234.976,591.050,1,1
0,6575,300,91923699622017,91923701649085,91923701821641,2199.624,172.556,1,1
0,6576,300,91923702071010,91923704107078,91923704293674,2222.664,186.596,1,1
0,6577,300,91923704515222,91923706582702,91923706745708,2230.486,163.006,1,1
0,6578,300,91923706582702,91923708613351,91923709167700,2584.998,554.349,1,1
0,6579,300,91923709023745,91923711074914,91923711262152,2238.407,187.238,1,1
0,6580,300,91923711491909,91923713528118,91923713694223,2202.314,166.105,1,1
0,6581,300,91923713938312,91923715575777,91923716154537,2216.225,578.760,1,1
0,6582,300,91923715985001,91923718032931,91923718227698,2242.697,194.767,1,1
0,6583,300,91923718458426,91923720490405,91923720667650,2209.224,177.245,1,1
0,6584,300,91923720900108,91923722538694,91923723119443,2219.335,580.749,1,1
0,6585,300,91923722948357,91923724995187,91923725192804,2244.447,197.617,1,1
0,6586,300,91923725405011,91923727454661,91923727631856,2226.845,177.195,1,1
0,6587,300,91923727864054,91923729524401,91923730092200,2228.146,567.799,1,1
0,6588,300,91923729924054,91923731959054,91923732161730,2237.676,202.676,1,1
0,6589,300,91923732375988,91923734419097,91923734594273,2218.285,175.176,1,1
0,6590,300,91923734827921,91923736894551,91923737068607,2240.686,174.056,1,1
0,6591,300,91923736894551,91923738924130,91923739491839,2597.288,567.709,1,1
0,6592,300,91923739349504,91923741382143,91923741569380,2219.876,187.237,1,1
0,6593,300,91923741789757,91923743838406,91923744015733,2225.976,177.327,1,1
0,6594,300,91923744248061,91923745906386,91923746448755,2200.694,542.369,1,1
0,6595,300,91923746295570,91923748359700,91923748549166,2253.596,189.466,1,1
0,6596,300,91923748753183,91923750803182,91923750970958,2217.775,167.776,1,1
0,6597,300,91923751227537,91923752847912,91923753401250,2173.713,553.338,1,1
0,6598,300,91923753257946,91923755305695,91923755476811,2218.865,171.116,1,1
0,6599,300,91923755716790,91923757763309,91923757924404,2207.614,161.095,1,1
0,6600,300,91923758174933,91923759811458,91923760372077,2197.144,560.619,1,1
0,6601,300,91923760221943,91923762270472,91923762804550,2582.607,534.078,1,1
0,6602,300,91923762679206,91923764748856,91923764924532,2245.326,175.676,1,1
0,6603,300,91923765162390,91923767186119,91923767350664,2188.274,164.545,1,1
0,6604,300,91923767186119,91923769233808,91923769771696,2585.577,537.888,1,1
0,6605,300,91923769642191,91923771692062,91923771863277,2221.086,171.215,1,1
0,6606,300,91923772099645,91923774151135,91923774308651,2209.006,157.516,1,1
0,6607,300,91923774572089,91923776195664,91923776742042,2169.953,546.378,1,1
0,6608,300,91923776605738,91923778654438,91923778822143,2216.405,167.705,1,1
0,6609,300,91923779062741,91923781112831,91923781278177,2215.436,165.346,1,1
0,6610,300,91923781540235,91923783160401,91923783710359,2170.124,549.958,1,1
0,6611,300,91923783567914,91923785617834,91923785787960,2220.046,170.126,1,1
0,6612,300,91923786043949,91923788079338,91923788250633,2206.684,171.295,1,1
0,6613,300,91923788483991,91923790123217,91923790689126,2205.135,565.909,1,1
0,6614,300,91923790531691,91923792579400,91923793158100,2626.409,578.700,1,1
0,6615,300,91923793013295,91923795038253,91923795224710,2211.415,186.457,1,1
0,6616,300,91923795447748,91923797496217,91923797659883,2212.135,163.666,1,1
0,6617,300,91923797496217,91923799543436,91923800121456,2625.239,578.020,1,1
0,6618,300,91923799970671,91923802015490,91923802190277,2219.606,174.787,1,1
0,6619,300,91923802412214,91923804481624,91923804659340,2247.126,177.716,1,1
0,6620,300,91923804867447,91923806507932,91923807073862,2206.415,565.930,1,1
0,6621,300,91923806916847,91923808963326,91923809158433,2241.586,195.107,1,1
0,6622,300,91923809373600,91923811422469,91923811590445,2216.845,167.976,1,1
0,6623,300,91923811854004,91923813480069,91923814042548,2188.544,562.479,1,1
0,6624,300,91923813880293,91923815928182,91923816119369,2239.076,191.187,1,1
0,6625,300,91923816336657,91923818384396,91923818556012,2219.355,171.616,1,1
0,6626,300,91923818794149,91923820431985,91923821000205,2206.056,568.220,1,1
0,6627,300,91923820841959,91923822895738,91923823439867,2597.908,544.129,1,1
0,6628,300,91923823301963,91923825349332,91923825529968,2228.005,180.636,1,1
0,6629,300,91923825759316,91923827805806,91923827969091,2209.775,163.285,1,1
0,6630,300,91923827805806,91923829864345,91923830425315,2619.509,560.970,1,1
0,6631,300,91923830284969,91923832312088,91923832488134,2203.165,176.046,1,1
0,6632,300,91923832739363,91923834776622,91923834942248,2202.885,165.626,1,1
0,6633,300,91923835196496,91923836818391,91923837374530,2178.034,556.139,1,1
0,6634,300,91923837226785,91923839295085,91923839484432,2257.647,189.347,1,1
0,6635,300,91923839683108,91923841748029,91923841906844,2223.736,158.815,1,1
0,6636,300,91923842151852,91923843793048,91923844345207,2193.355,552.159,1,1
0,6637,300,91923844191681,91923846238731,91923846419976,2228.295,181.245,1,1
0,6638,300,91923846647235,91923848696894,91923848878320,2231.085,181.426,1,1
0,6639,300,91923849106188,91923850743684,91923851327463,2221.275,583.779,1,1
0,6640,300,91923851157527,91923853202096,91923853742716,2585.189,540.620,1,1
0,6641,300,91923853610531,91923855669661,91923855844596,2234.065,174.935,1,1
0,6642,300,91923856083135,91923858115874,91923858301660,2218.525,185.786,1,1
0,6643,300,91923858115874,91923860163793,91923860714402,2598.528,550.609,1,1
0,6644,300,91923860574377,91923862623396,91923862798713,2224.336,175.317,1,1
0,6645,300,91923863033081,91923865081010,91923865264646,2231.565,183.636,1,1
0,6646,300,91923865490584,91923867156451,91923867692258,2201.674,535.807,1,1
0,6647,300,91923867544483,91923869586483,91923869753799,2209.316,167.316,1,1
0,6648,300,91923869994887,91923872047796,91923872234583,2239.696,186.787,1,1
0,6649,300,91923872464430,91923874091806,91923874671406,2206.976,579.600,1,1
0,6650,300,91923874508270,91923876556440,91923876736055,2227.785,179.615,1,1
0,6651,300,91923876963493,91923879015663,91923879198710,2235.217,183.047,1,1
0,6652,300,91923879416056,91923881053762,91923881623022,2206.966,569.260,1,1
0,6653,300,91923881464306,91923883511555,91923884070375,2606.069,558.820,1,1
0,6654,300,91923883922649,91923885969439,91923886164326,2241.677,194.887,1,1
0,6655,300,91923886379892,91923888427812,91923888591648,2211.756,163.836,1,1
0,6656,300,91923888427812,91923890475592,91923891063662,2635.850,588.070,1,1
0,6657,300,91923890905116,91923892931725,91923893108451,2203.335,176.726,1,1
0,6658,300,91923893341729,91923895389508,91923895546854,2205.125,157.346,1,1
0,6659,300,91923895814413,91923897445108,91923897998196,2183.783,553.088,1,1
0,6660,300,91923897846682,91923899907231,91923900090967,2244.285,183.736,1,1
0,6661,300,91923900316526,91923902352244,91923902521070,2204.544,168.826,1,1
0,6662,300,91923902770008,91923904421885,91923904972833,2202.825,550.948,1,1
0,6663,300,91923904819279,91923906859357,91923907050124,2230.845,190.767,1,1
0,6664,300,91923907281682,91923909316621,91923909487926,2206.244,171.305,1,1
0,6665,300,91923909724995,91923911383491,91923911944180,2219.185,560.689,1,1
0,6666,300,91923911778934,91923913831244,91923914366932,2587.998,535.688,1,1
0,6667,300,91923914232458,91923916278977,91923916455894,2223.436,176.917,1,1
0,6668,300,91923916688281,91923918736751,91923918899766,2211.485,163.015,1,1
0,6669,300,91923918736751,91923920790131,91923921346199,2609.448,556.068,1,1
0,6670,300,91923921204525,91923923259024,91923923435610,2231.085,176.586,1,1
0,6671,300,91923923662797,91923925699677,91923925864752,2201.955,165.075,1,1
0,6672,300,91923926111060,91923927748446,91923928305465,2194.405,557.019,1,1
0,6673,300,91923928157691,91923930205410,91923930386006,2228.315,180.596,1,1
0,6674,300,91923930616013,91923932664173,91923932833619,2217.606,169.446,1,1
0,6675,300,91923933074787,91923934711772,91923935287532,2212.745,575.760,1,1
0,6676,300,91923935122497,91923937170046,91923937341302,2218.805,171.256,1,1
0,6677,300,91923937577800,91923939640010,91923939801445,2223.645,161.435,1,1
0,6678,300,91923940037113,91923941686449,91923942246348,2209.235,559.899,1,1
0,6679,300,91923942084752,91923944137742,91923944685171,2600.419,547.429,1,1
0,6680,300,91923944547157,91923946590246,91923946766272,2219.115,176.026,1,1
0,6681,300,91923946998979,91923949048089,91923949214335,2215.356,166.246,1,1
0,6682,300,91923949048089,91923951097009,91923951648257,2600.168,551.248,1,1
0,6683,300,91923951515243,91923953552381,91923953728548,2213.305,176.167,1,1
0,6684,300,91923953975606,91923956022975,91923956189741,2214.135,166.766,1,1
0,6685,300,91923956421229,91923958065465,91923958606413,2185.184,540.948,1,1
0,6686,300,91923958467269,91923960518609,91923960686504,2219.235,167.895,1,1
0,6687,300,91923960926672,91923962993032,91923963168328,2241.656,175.296,1,1
0,6688,300,91923963385596,91923965036582,91923965577360,2191.764,540.778,1,1
0,6689,300,91923965431855,91923967478394,91923967648400,2216.545,170.006,1,1
0,6690,300,91923967890228,91923969935898,91923970109513,2219.285,173.615,1,1
0,6691,300,91923970346572,91923971986328,91923972576227,2229.655,589.899,1,1
0,6692,300,91923972414221,91923974446550,91923974993999,2579.778,547.449,1,1
0,6693,300,91923974854115,91923976900674,91923977076909,2222.794,176.235,1,1
0,6694,300,91923977308857,91923979357488,91923979520073,2211.216,162.585,1,1
0,6695,300,91923979357488,91923981405027,91923981957335,2599.847,552.308,1,1
0,6696,300,91923981824681,91923983864080,91923984041016,2216.335,176.936,1,1
0,6697,300,91923984274164,91923986320314,91923986490720,2216.556,170.406,1,1
0,6698,300,91923986745138,91923988370663,91923988918252,2173.114,547.589,1,1
0,6699,300,91923988778706,91923990835537,91923991024723,2246.017,189.186,1,1
0,6700,300,91923991236430,91923993284450,91923993454546,2218.116,170.096,1,1
0,6701,300,91923993692924,91923995335589,91923995886688,2193.764,551.099,1,1
0,6702,300,91923995741763,91923997791003,91923997960159,2218.396,169.156,1,1
0,6703,300,91923998200556,91924000247147,91924000409282,2208.726,162.135,1,1
0,6704,300,91924000661670,91924002294786,91924002867255,2205.585,572.469,1,1
0,6705,300,91924002704939,91924004753299,91924005289267,2584.328,535.968,1,1
0,6706,300,91924005162233,91924007209842,91924007380338,2218.105,170.496,1,1
0,6707,300,91924007619276,91924009688327,91924009851842,2232.566,163.515,1,1
0,6708,300,91924009688327,91924011735686,91924012274024,2585.697,538.338,1,1
0,6709,300,91924012125999,91924014173088,91924014340334,2214.335,167.246,1,1
0,6710,300,91924014600163,91924016632002,91924016790937,2190.774,158.935,1,1
0,6711,300,91924017040626,91924018694052,91924019243571,2202.945,549.519,1,1
0,6712,300,91924019090465,91924021150905,91924021323892,2233.427,172.987,1,1
0,6713,300,91924021547509,91924023595638,91924023777774,2230.265,182.136,1,1
0,6714,300,91924024016523,91924025644118,91924026206626,2190.103,562.508,1,1
0,6715,300,91924026051542,91924028100661,91924028280777,2229.235,180.116,1,1
0,6716,300,91924028509125,91924030573715,91924030750891,2241.766,177.176,1,1
0,6717,300,91924030967338,91924032606444,91924033196854,2229.516,590.410,1,1
0,6718,300,91924033035458,91924035079307,91924035599196,2563.738,519.889,1,1
0,6719,300,91924035473322,91924037521491,91924037688267,2214.945,166.776,1,1
0,6720,300,91924037931594,91924039979854,91924040156160,2224.566,176.306,1,1
0,6721,300,91924039979854,91924042030113,91924042574802,2594.948,544.689,1,1
0,6722,300,91924042435247,91924044484257,91924044663603,2228.356,179.346,1,1
0,6723,300,91924044908671,91924046964901,91924047153038,2244.367,188.137,1,1
0,6724,300,91924047368774,91924049018861,91924049547118,2178.344,528.257,1,1
0,6725,300,91924049399983,91924051446734,91924051626599,2226.616,179.865,1,1
0,6726,300,91924051857967,91924053906437,91924054088753,2230.786,182.316,1,1
0,6727,300,91924054314841,91924055973417,91924056527436,2212.595,554.019,1,1
0,6728,300,91924056362930,91924058410360,91924058590945,2228.015,180.585,1,1
0,6729,300,91924058820713,91924060883424,91924061079330,2258.617,195.906,1,1
0,6730,300,91924061279677,91924062922302,91924063491102,2211.425,568.800,1,1
0,6731,300,91924063325346,91924065375106,91924065935014,2609.668,559.908,1,1
0,6732,300,91924065801330,91924067830399,91924068016265,2214.935,185.866,1,1
0,6733,300,91924068241733,91924070295513,91924070462408,2220.675,166.895,1,1
0,6734,300,91924070295513,91924072336472,91924072888250,2592.737,551.778,1,1
0,6735,300,91924072748366,91924074814526,91924074989022,2240.656,174.496,1,1
0,6736,300,91924075205040,91924077253159,91924077433445,2228.405,180.286,1,1
0,6737,300,91924077662393,91924079304579,91924079856707,2194.314,552.128,1,1
0,6738,300,91924079709392,91924081763702,91924081937288,2227.896,173.586,1,1
0,6739,300,91924082175256,91924084224066,91924084386121,2210.865,162.055,1,1
0,6740,300,91924084624538,91924086263974,91924086825893,2201.355,561.919,1,1
0,6741,300,91924086672569,91924088722098,91924088891014,2218.445,168.916,1,1
0,6742,300,91924089130672,91924091179161,91924091354677,2224.005,175.516,1,1
0,6743,300,91924091588855,91924093226811,91924093812071,2223.216,585.260,1,1
0,6744,300,91924093651585,91924095684654,91924096247323,2595.738,562.669,1,1
0,6745,300,91924096095268,91924098151218,91924098327584,2232.316,176.366,1,1
0,6746,300,91924098551311,91924100598621,91924100764466,2213.155,165.845,1,1
0,6747,300,91924100598621,91924102667072,91924103226630,2628.009,559.558,1,1
0,6748,300,91924103075385,91924105105984,91924105291120,2215.735,185.136,1,1
0,6749,300,91924105514048,91924107585708,91924107754533,2240.485,168.825,1,1
0,6750,300,91924107979342,91924109610997,91924110185276,2205.934,574.279,1,1
0,6751,300,91924110027251,91924112069880,91924112246546,2219.295,176.666,1,1
0,6752,300,91924112483695,91924114529144,91924114689949,2206.254,160.805,1,1
0,6753,300,91924114935667,91924116581253,91924117147373,2211.706,566.120,1,1
0,6754,300,91924116984327,91924119031397,91924119265235,2280.908,233.838,1,1
0,6755,300,91924119456240,91924121492040,91924121656315,2200.075,164.275,1,1
0,6756,300,91924121898324,91924123538159,91924124109488,2211.164,571.329,1,1
0,6757,300,91924123946693,91924126022394,91924126546221,2599.528,523.827,1,1
0,6758,300,91924126404856,91924128453056,91924128629592,2224.736,176.536,1,1
0,6759,300,91924128863120,91924130909709,91924131077285,2214.165,167.576,1,1
0,6760,300,91924130909709,91924132958348,91924133517598,2607.889,559.250,1,1
0,6761,300,91924133384443,91924135415722,91924135584378,2199.935,168.656,1,1
0,6762,300,91924135832956,91924137873676,91924138043421,2210.465,169.745,1,1
0,6763,300,91924138282389,91924139921825,91924140470823,2188.434,548.998,1,1
0,6764,300,91924140330449,91924142379328,91924142547914,2217.465,168.586,1,1
0,6765,300,91924142797192,91924144836922,91924145000037,2202.845,163.115,1,1
0,6766,300,91924145246815,91924146887141,91924147440471,2193.656,553.330,1,1
0,6767,300,91924147294036,91924149341435,91924149522841,2228.805,181.406,1,1
0,6768,300,91924149752439,91924151800968,91924151964033,2211.594,163.065,1,1
0,6769,300,91924152208542,91924153848247,91924154409687,2201.145,561.440,1,1
0,6770,300,91924154256422,91924156306791,91924156847089,2590.667,540.298,1,1
0,6771,300,91924156713565,91924158780765,91924158955090,2241.525,174.325,1,1
0,6772,300,91924159174098,91924161220077,91924161386623,2212.525,166.546,1,1
0,6773,300,91924161220077,91924163268887,91924163831396,2611.319,562.509,1,1
0,6774,300,91924163691141,91924165742291,91924165919427,2228.286,177.136,1,1
0,6775,300,91924166135794,91924168183764,91924168353529,2217.735,169.765,1,1
0,6776,300,91924168610908,91924170230824,91924170787472,2176.564,556.648,1,1
0,6777,300,91924170640617,91924172688897,91924172868543,2227.926,179.646,1,1
0,6778,300,91924173098331,91924175169321,91924175341207,2242.876,171.886,1,1
0,6779,300,91924175567595,91924177193770,91924177759259,2191.664,565.489,1,1
0,6780,300,91924177605023,91924179653013,91924179831759,2226.736,178.746,1,1
0,6781,300,91924180062277,91924182124627,91924182316663,2254.386,192.036,1,1
0,6782,300,91924182518951,91924184158506,91924184751566,2232.615,593.060,1,1
0,6783,300,91924184590701,91924186634960,91924187177788,2587.087,542.828,1,1
0,6784,300,91924187026783,91924189090114,91924189287270,2260.487,197.156,1,1
0,6785,300,91924189482637,91924191530266,91924191707492,2224.855,177.226,1,1
0,6786,300,91924191530266,91924193580325,91924194168645,2638.379,588.320,1,1
0,6787,300,91924194017440,91924196036609,91924196225676,2208.236,189.067,1,1
0,6788,300,91924196445342,91924198495442,91924198663548,2218.206,168.106,1,1
0,6789,300,91924198916876,91924200550082,91924201116011,2199.135,565.929,1,1
0,6790,300,91924200952786,91924203000355,91924203202133,2249.347,201.778,1,1
0,6791,300,91924203427170,91924205458229,91924205629765,2202.595,171.536,1,1
0,6792,300,91924205865722,91924207505308,91924208086368,2220.646,581.060,1,1
0,6793,300,91924207916202,91924209963812,91924210175008,2258.806,211.196,1,1
0,6794,300,91924210372605,91924212420605,91924212604861,2232.256,184.256,1,1
0,6795,300,91924212830979,91924214467214,91924215051934,2220.955,584.720,1,1
0,6796,300,91924214877038,91924216926338,91924217471186,2594.148,544.848,1,1
0,6797,300,91924217337031,91924219394511,91924219570888,2233.857,176.377,1,1
0,6798,300,91924219801326,91924221839984,91924222016881,2215.555,176.897,1,1
0,6799,300,91924221839984,91924223889954,91924224440403,2600.419,550.449,1,1
0,6800,300,91924224298938,91924226348228,91924226526273,2227.335,178.045,1,1
0,6801,300,91924226757211,91924228803680,91924228982847,2225.636,179.167,1,1
0,6802,300,91924229226605,91924230851581,91924231413859,2187.254,562.278,1,1
0,6803,300,91924231262574,91924233311534,91924233492049,2229.475,180.515,1,1
0,6804,300,91924233719398,91924235766657,91924235937933,2218.535,171.276,1,1
0,6805,300,91924236176511,91924237815237,91924238371195,2194.684,555.958,1,1
0,6806,300,91924238224150,91924240273030,91924240456546,2232.396,183.516,1,1
0,6807,300,91924240682194,91924242731643,91924242895469,2213.275,163.826,1,1
0,6808,300,91924243150727,91924244781673,91924245341731,2191.004,560.058,1,1
0,6809,300,91924245187987,91924247236946,91924247779975,2591.988,543.029,1,1
0,6810,300,91924247646510,91924249698769,91924249873426,2226.916,174.657,1,1
0,6811,300,91924250123394,91924252174744,91924252332699,2209.305,157.955,1,1
0,6812,300,91924252562216,91924254200062,91924254758052,2195.836,557.990,1,1
0,6813,300,91924254608577,91924256665976,91924256843052,2234.475,177.076,1,1
0,6814,300,91924257083820,91924259119499,91924259298586,2214.766,179.087,1,1
0,6815,300,91924259533593,91924261179249,91924261728957,2195.364,549.708,1,1
0,6816,300,91924261580983,91924263619822,91924263789418,2208.435,169.596,1,1
0,6817,300,91924264031396,91924266088966,91924266259321,2227.925,170.355,1,1
0,6818,300,91924266488729,91924268125785,91924268690744,2202.015,564.959,1,1
0,6819,300,91924268534348,91924270584848,91924270756264,2221.916,171.416,1,1
0,6820,300,91924270992672,91924273043262,91924273216308,2223.636,173.046,1,1
0,6821,300,91924273449926,91924275090421,91924275658040,2208.114,567.619,1,1
0,6822,300,91924275504635,91924277545865,91924278093543,2588.908,547.678,1,1
0,6823,300,91924277955828,91924280014608,91924280190705,2234.877,176.097,1,1
0,6824,300,91924280413812,91924282463461,91924282630987,2217.175,167.526,1,1
0,6825,300,91924282872855,91924284511151,91924285075290,2202.435,564.139,1,1
0,6826,300,91924284927635,91924286967314,91924287178242,2250.607,210.928,1,1
0,6827,300,91924287378478,91924289424747,91924289593143,2214.665,168.396,1,1
0,6828,300,91924289835852,91924291491988,91924292048817,2212.965,556.829,1,1
0,6829,300,91924291889772,91924293931820,91924294133877,2244.105,202.057,1,1
0,6830,300,91924294341654,91924296404774,91924296575930,2234.276,171.156,1,1
0,6831,300,91924296805058,91924298451314,91924299015883,2210.825,564.569,1,1
0,6832,300,91924298850397,91924300914017,91924301119475,2269.078,205.458,1,1
0,6833,300,91924301302951,91924303353100,91924303539436,2236.485,186.336,1,1
0,6834,300,91924303762264,91924305419740,91924305970199,2207.935,550.459,1,1
0,6835,300,91924305809114,91924307857823,91924308402672,2593.558,544.849,1,1
0,6836,300,91924308267727,91924310332507,91924310511403,2243.676,178.896,1,1
0,6837,300,91924310739711,91924312774560,91924312952995,2213.284,178.435,1,1
0,6838,300,91924313196384,91924314832320,91924315372278,2175.894,539.958,1,1
0,6839,300,91924315229513,91924317293493,91924317476249,2246.736,182.756,1,1
0,6840,300,91924317704367,91924319735556,91924319915092,2210.725,179.536,1,1
0,6841,300,91924320149700,91924321783095,91924322357175,2207.475,574.080,1,1
0,6842,300,91924322199560,91924324240799,91924324421704,2222.144,180.905,1,1
0,6843,300,91924324649493,91924326697772,91924326867858,2218.365,170.086,1,1
0,6844,300,91924327109476,91924328761172,91924329311511,2202.035,550.339,1,1
0,6845,300,91924329156315,91924331203215,91924331386282,2229.967,183.067,1,1
0,6846,300,91924331613499,91924333661498,91924333845434,2231.935,183.936,1,1
0,6847,300,91924334070812,91924335709618,91924336291077,2220.265,581.459,1,1
0,6848,300,91924336121371,91924338167012,91924338711850,2590.479,544.838,1,1
0,6849,300,91924338577235,91924340626915,91924340801841,2224.606,174.926,1,1
0,6850,300,91924341034679,91924343083198,91924343260884,2226.205,177.686,1,1
0,6851,300,91924343492802,91924345140738,91924345697797,2204.995,557.059,1,1
0,6852,300,91924345557232,91924347589881,91924347778668,2221.436,188.787,1,1
0,6853,300,91924347998055,91924350046874,91924350226561,2228.506,179.687,1,1
0,6854,300,91924350459388,91924352093733,91924352653193,2193.805,559.460,1,1
0,6855,300,91924352504928,91924354556658,91924354747584,2242.656,190.926,1,1
0,6856,300,91924354975412,91924357014950,91924357211648,2236.236,196.698,1,1
0,6857,300,91924357419014,91924359056720,91924359620559,2201.545,563.839,1,1
0,6858,300,91924359466074,91924361516283,91924361698760,2232.686,182.477,1,1
0,6859,300,91924361927538,91924363972957,91924364167694,2240.156,194.737,1,1
0,6860,300,91924364386521,91924366451790,91924366624247,2237.726,172.457,1,1
0,6861,300,91924366451790,91924368477340,91924369054399,2602.609,577.059,1,1
0,6862,300,91924368909034,91924370936433,91924371123819,2214.785,187.386,1,1
0,6863,300,91924371346737,91924373397277,91924373574752,2228.015,177.475,1,1
0,6864,300,91924373806280,91924375443016,91924375992965,2186.685,549.949,1,1
0,6865,300,91924375852129,91924377900580,91924378089615,2237.486,189.035,1,1
0,6866,300,91924378322943,91924380356583,91924380525388,2202.445,168.805,1,1
0,6867,300,91924380766157,91924382404312,91924382960931,2194.774,556.619,1,1
0,6868,300,91924382813656,91924384862886,91924385067282,2253.626,204.396,1,1
0,6869,300,91924385278910,91924387320689,91924387502905,2223.995,182.216,1,1
0,6870,300,91924387729023,91924389368769,91924389930538,2201.515,561.769,1,1
0,6871,300,91924389776522,91924391826772,91924392020839,2244.317,194.067,1,1
0,6872,300,91924392233936,91924394284215,91924394458121,2224.185,173.906,1,1
0,6873,300,91924394691259,91924396739638,91924396912084,2220.825,172.446,1,1
0,6874,300,91924396739638,91924398787198,91924399334247,2594.609,547.049,1,1
0,6875,300,91924399198922,91924401245291,91924401422418,2223.496,177.127,1,1
0,6876,300,91924401656056,91924403704285,91924403871131,2215.075,166.846,1,1
0,6877,300,91924404113289,91924405750434,91924406315203,2201.914,564.769,1,1
0,6878,300,91924406181118,91924408208488,91924408387204,2206.086,178.716,1,1
0,6879,300,91924408620412,91924410668341,91924410832727,2212.315,164.386,1,1
0,6880,300,91924411079105,91924412727671,91924413286930,2207.825,559.259,1,1
0,6881,300,91924413125465,91924415174164,91924415354880,2229.415,180.716,1,1
0,6882,300,91924415582368,91924417629877,91924417799373,2217.005,169.496,1,1
0,6883,300,91924418041691,91924419697778,91924420254696,2213.005,556.918,1,1
0,6884,300,91924420089151,91924422134530,91924422326907,2237.756,192.377,1,1
0,6885,300,91924422546755,91924424592434,91924424773049,2226.294,180.615,1,1
0,6886,300,91924425013548,91924427052337,91924427232283,2218.735,179.946,1,1
0,6887,300,91924427052337,91924429102886,91924429649975,2597.638,547.089,1,1
0,6888,300,91924429507680,91924431557770,91924431733366,2225.686,175.596,1,1
0,6889,300,91924431965544,91924434018254,91924434193599,2228.055,175.345,1,1
0,6890,300,91924434426357,91924436062973,91924436612772,2186.415,549.799,1,1
0,6891,300,91924436471226,91924438518677,91924438687071,2215.845,168.394,1,1
0,6892,300,91924438930740,91924440977319,91924441156206,2225.466,178.887,1,1
0,6893,300,91924441386674,91924443025039,91924443584018,2197.344,558.979,1,1
0,6894,300,91924443435243,91924445482703,91924445663158,2227.915,180.455,1,1
0,6895,300,91924445892186,91924447951586,91924448134442,2242.256,182.856,1,1
0,6896,300,91924448350960,91924449987576,91924450561245,2210.285,573.669,1,1
0,6897,300,91924450399719,91924452445478,91924452627984,2228.265,182.506,1,1
0,6898,300,91924452856333,91924454902712,91924455087308,2230.975,184.596,1,1
0,6899,300,91924455312706,91924457365065,91924457534061,2221.355,168.996,1,1
0,6900,300,91924457365065,91924459409365,91924459960523,2595.458,551.158,1,1
0,6901,300,91924459826449,91924461878919,91924462055405,2228.956,176.486,1,1
0,6902,300,91924462286872,91924464323232,91924464491688,2204.816,168.456,1,1
0,6903,300,91924464743786,91924466371371,91924466921940,2178.154,550.569,1,1
0,6904,300,91924466781285,91924468848786,91924469032272,2250.987,183.486,1,1
0,6905,300,91924469238548,91924471288418,91924471453453,2214.905,165.035,1,1
0,6906,300,91924471707362,91924473335077,91924473894846,2187.484,559.769,1,1
0,6907,300,91924473745732,91924475793571,91924475974087,2228.355,180.516,1,1
0,6908,300,91924476202054,91924478251074,91924478413390,2211.336,162.316,1,1
0,6909,300,91924478659628,91924480314684,91924480875083,2215.455,560.399,1,1
0,6910,300,91924480712118,91924482756667,91924482928233,2216.115,171.566,1,1
0,6911,300,91924483165101,91924485212921,91924485385347,2220.246,172.426,1,1
0,6912,300,91924485625104,91924487671853,91924487824449,2199.345,152.596,1,1
0,6913,300,91924487671853,91924489718394,91924490266491,2594.638,548.097,1,1
0,6914,300,91924490129407,91924492176407,91924492343202,2213.795,166.795,1,1
0,6915,300,91924492591070,91924494655341,91924494812146,2221.076,156.805,1,1
0,6916,300,91924495045854,91924496683750,91924497242028,2196.174,558.278,1,1
0,6917,300,91924497093093,91924499151553,91924499330399,2237.306,178.846,1,1
0,6918,300,91924499556737,91924501596916,91924501765902,2209.165,168.986,1,1
0,6919,300,91924502017811,91924503646996,91924504213965,2196.154,566.969,1,1
0,6920,300,91924504055000,91924506125410,91924506316047,2261.047,190.637,1,1
0,6921,300,91924506534204,91924508566143,91924508737469,2203.265,171.326,1,1
0,6922,300,91924508971697,91924510620382,91924511212073,2240.376,591.691,1,1
0,6923,300,91924511036926,91924513087076,91924513269012,2232.086,181.936,1,1
0,6924,300,91924513486130,91924515540950,91924515704895,2218.765,163.945,1,1
0,6925,300,91924515935033,91924517989513,91924518169368,2234.335,179.855,1,1
0,6926,300,91924517989513,91924520038832,91924520587891,2598.378,549.059,1,1
0,6927,300,91924520453406,91924522489025,91924522664432,2211.026,175.407,1,1
0,6928,300,91924522897589,91924524964329,91924525151776,2254.187,187.447,1,1
0,6929,300,91924525353782,91924527020978,91924527546666,2192.884,525.688,1,1
0,6930,300,91924527412932,91924529450261,91924529628398,2215.466,178.137,1,1
0,6931,300,91924529861046,91924531909125,91924532089381,2228.335,180.256,1,1
0,6932,300,91924532318038,91924533955154,91924534522893,2204.855,567.739,1,1
0,6933,300,91924534365689,91924536414798,91924536606764,2241.075,191.966,1,1
0,6934,300,91924536822951,91924538870341,91924539041977,2219.026,171.636,1,1
0,6935,300,91924539302116,91924540940981,91924541484829,2182.713,543.848,1,1
0,6936,300,91924541329304,91924543385254,91924543557910,2228.606,172.656,1,1
0,6937,300,91924543787757,91924545844997,91924546036354,2248.597,191.357,1,1
0,6938,300,91924546245071,91924548291240,91924548464456,2219.385,173.216,1,1
0,6939,300,91924548291240,91924550340540,91924550883648,2592.408,543.108,1,1
0,6940,300,91924550749364,91924552801094,91924552983950,2234.586,182.856,1,1
0,6941,300,91924553207267,91924555255957,91924555422503,2215.236,166.546,1,1
0,6942,300,91924555665001,91924557303677,91924557854805,2189.804,551.128,1,1
0,6943,300,91924557713990,91924559765060,91924559951036,2237.046,185.976,1,1
0,6944,300,91924560169624,91924562219723,91924562388859,2219.235,169.136,1,1
0,6945,300,91924562648447,91924564265852,91924564855003,2206.556,589.151,1,1
0,6946,300,91924564697457,91924566725246,91924566904912,2207.455,179.666,1,1
0,6947,300,91924567133370,91924569182129,91924569353815,2220.445,171.686,1,1
0,6948,300,91924569590894,91924571231569,91924571803158,2212.264,571.589,1,1
0,6949,300,91924571640423,91924573686582,91924573868598,2228.175,182.016,1,1
0,6950,300,91924574098056,91924576151576,91924576336772,2238.716,185.196,1,1
0,6951,300,91924576554299,91924578603159,91924578765704,2211.405,162.545,1,1
0,6952,300,91924578603159,91924580650168,91924581200387,2597.228,550.219,1,1
0,6953,300,91924581059172,91924583108982,91924583306948,2247.776,197.966,1,1
0,6954,300,91924583533887,91924585587026,91924585752732,2218.845,165.706,1,1
0,6955,300,91924585980940,91924587614315,91924588175734,2194.794,561.419,1,1
0,6956,300,91924588025009,91924590073118,91924590270445,2245.436,197.327,1,1
0,6957,300,91924590480502,91924592541462,91924592720868,2240.366,179.406,1,1
0,6958,300,91924592948726,91924594586552,91924595153680,2204.954,567.128,1,1
0,6959,300,91924594986534,91924597033815,91924597221281,2234.747,187.466,1,1
0,6960,300,91924597444878,91924599493228,91924599663654,2218.776,170.426,1,1
0,6961,300,91924599901762,91924601539277,91924602137238,2235.476,597.961,1,1
0,6962,300,91924601969442,91924603998371,91924604214388,2244.946,216.017,1,1
0,6963,300,91924604408724,91924606456654,91924606629580,2220.856,172.926,1,1
0,6964,300,91924606866678,91924608914597,91924609088034,2221.356,173.437,1,1
0,6965,300,91924608914597,91924610962757,91924611506225,2591.628,543.468,1,1
0,6966,300,91924611370861,91924613418230,91924613593586,2222.725,175.356,1,1
0,6967,300,91924613827844,91924615875523,91924616053020,2225.176,177.497,1,1
0,6968,300,91924616284988,91924617924003,91924618477442,2192.454,553.439,1,1
0,6969,300,91924618334957,91924620381046,91924620559253,2224.296,178.207,1,1
0,6970,300,91924620790871,91924622840630,91924623031567,2240.696,190.937,1,1
0,6971,300,91924623270354,91924624891810,91924625469039,2198.685,577.229,1,1
0,6972,300,91924625319464,91924627346852,91924627527479,2208.015,180.627,1,1
0,6973,300,91924627756397,91924629802736,91924629983892,2227.495,181.156,1,1
0,6974,300,91924630213381,91924631850965,91924632417845,2204.464,566.880,1,1
0,6975,300,91924632259440,91924634322589,91924634506145,2246.705,183.556,1,1
0,6976,300,91924634735853,91924636764953,91924636949009,2213.156,184.056,1,1
0,6977,300,91924637177087,91924639222876,91924639386651,2209.564,163.775,1,1
0,6978,300,91924639222876,91924641271525,91924641837604,2614.728,566.079,1,1
0,6979,300,91924641703040,91924643728939,91924643903584,2200.544,174.645,1,1
0,6980,300,91924644138612,91924646199163,91924646366268,2227.656,167.105,1,1
0,6981,300,91924646596476,91924648252252,91924648791370,2194.894,539.118,1,1
0,6982,300,91924648655545,91924650692345,91924650859781,2204.236,167.436,1,1
0,6983,300,91924651102839,91924653167489,91924653327924,2225.085,160.435,1,1
0,6984,300,91924653560452,91924655198868,91924655756067,2195.615,557.199,1,1
0,6985,300,91924655614612,91924657656151,91924657825807,2211.195,169.656,1,1
0,6986,300,91924658065245,91924660112324,91924660293990,2228.745,181.666,1,1
0,6987,300,91924660522659,91924662161164,91924662733864,2211.205,572.700,1,1
0,6988,300,91924662586979,91924664618158,91924664801824,2214.845,183.666,1,1
0,6989,300,91924665031651,91924667077760,91924667251037,2219.386,173.277,1,1
0,6990,300,91924667499195,91924669534454,91924669688470,2189.275,154.016,1,1
0,6991,300,91924669534454,91924671595635,91924672129242,2594.788,533.607,1,1
0,6992,300,91924671990388,91924674039267,91924674219043,2228.655,179.776,1,1
0,6993,300,91924674450161,91924676496320,91924676652926,2202.765,156.606,1,1
0,6994,300,91924676906325,91924678565831,91924679107489,2201.164,541.658,1,1
0,6995,300,91924678955064,91924681013444,91924681190720,2235.656,177.276,1,1
0,6996,300,91924681412777,91924683475277,91924683634422,2221.645,159.145,1,1
0,6997,300,91924683870961,91924685507916,91924686070335,2199.374,562.419,1,1
0,6998,300,91924685917510,91924687978440,91924688169377,2251.867,190.937,1,1
0,6999,300,91924688390384,91924690425093,91924690586788,2196.404,161.695,1,1
0,7000,300,91924690833796,91924692492673,91924693063183,2229.387,570.510,1,1
0,7001,300,91924692896327,91924694930436,91924695124392,2228.065,193.956,1,1
0,7002,300,91924695338950,91924697387889,91924697561735,2222.785,173.846,1,1
0,7003,300,91924697797773,91924699844263,91924700028919,2231.146,184.656,1,1
0,7004,300,91924699844263,91924701891102,91924702435880,2591.617,544.778,1,1
0,7005,300,91924702304786,91924704350066,91924704525451,2220.665,175.385,1,1
0,7006,300,91924704758919,91924706808929,91924706965515,2206.596,156.586,1,1
0,7007,300,91924707218593,91924708873509,91924709408597,2190.004,535.088,1,1
0,7008,300,91924709266383,91924711312462,91924711482548,2216.165,170.086,1,1
0,7009,300,91924711724855,91924713769885,91924713932271,2207.416,162.386,1,1
0,7010,300,91924714179649,91924715818615,91924716388184,2208.535,569.569,1,1
0,7011,300,91924716238409,91924718286118,91924718467324,2228.915,181.206,1,1
0,7012,300,91924718687682,91924720733921,91924720915627,2227.945,181.706,1,1
0,7013,300,91924721170066,91924722797371,91924723348550,2178.484,551.179,1,1
0,7014,300,91924723192255,91924725240745,91924725424271,2232.016,183.526,1,1
0,7015,300,91924725648248,91924727696867,91924727869373,2221.125,172.506,1,1
0,7016,300,91924728108272,91924730155171,91924730318867,2210.595,163.696,1,1
0,7017,300,91924730155171,91924732203430,91924732748299,2593.128,544.869,1,1
0,7018,300,91924732613034,91924734671994,91924734847061,2234.027,175.067,1,1
0,7019,300,91924735090938,91924737136568,91924737323044,2232.106,186.476,1,1
0,7020,300,91924737528952,91924739165056,91924739718085,2189.133,553.029,1,1
0,7021,300,91924739576091,91924741628321,91924741806066,2229.975,177.745,1,1
0,7022,300,91924742048335,91924744089394,91924744267160,2218.825,177.766,1,1
0,7023,300,91924744497578,91924746129853,91924746678641,2181.063,548.788,1,1
0,7024,300,91924746538267,91924748595767,91924748776593,2238.326,180.826,1,1
0,7025,300,91924748997071,91924751045310,91924751216546,2219.475,171.236,1,1
0,7026,300,91924751467474,91924753092829,91924753656028,2188.554,563.199,1,1
0,7027,300,91924753501134,91924755549403,91924755721958,2220.824,172.555,1,1
0,7028,300,91924755974817,91924758015516,91924758188013,2213.196,172.497,1,1
0,7029,300,91924758434301,91924760466290,91924760639646,2205.345,173.356,1,1
0,7030,300,91924760466290,91924762514129,91924763068337,2602.047,554.208,1,1
0,7031,300,91924762921902,91924764977742,91924765163828,2241.926,186.086,1,1
0,7032,300,91924765384126,91924767449126,91924767606092,2221.966,156.966,1,1
0,7033,300,91924767839420,91924769476395,91924770043404,2203.984,567.009,1,1
0,7034,300,91924769898929,91924771934099,91924772123605,2224.676,189.506,1,1
0,7035,300,91924772342672,91924774392281,91924774551487,2208.815,159.206,1,1
0,7036,300,91924774801156,91924776455412,91924776989780,2188.624,534.368,1,1
0,7037,300,91924776849695,91924778916285,91924779097432,2247.737,181.147,1,1
0,7038,300,91924779328230,91924781353738,91924781515333,2187.103,161.595,1,1
0,7039,300,91924781764462,91924783404228,91924783961686,2197.224,557.458,1,1
0,7040,300,91924783815361,91924785859401,91924786044838,2229.477,185.437,1,1
0,7041,300,91924786270565,91924788317634,91924788481930,2211.365,164.296,1,1
0,7042,300,91924788743379,91924790775168,91924790928703,2185.324,153.535,1,1
0,7043,300,91924790775168,91924792825037,91924793363775,2588.607,538.738,1,1
0,7044,300,91924793234841,91924795282630,91924795459407,2224.566,176.777,1,1
0,7045,300,91924795690325,91924797738734,91924797905720,2215.395,166.986,1,1
0,7046,300,91924798153148,91924799804974,91924800361003,2207.855,556.029,1,1
0,7047,300,91924800218279,91924802255277,91924802434474,2216.195,179.197,1,1
0,7048,300,91924802654061,91924804702300,91924804871556,2217.495,169.256,1,1
0,7049,300,91924805123234,91924806754060,91924807329640,2206.406,575.580,1,1
0,7050,300,91924807179994,91924809208993,91924809390189,2210.195,181.196,1,1
0,7051,300,91924809619658,91924811666047,91924811838473,2218.815,172.426,1,1
0,7052,300,91924812073840,91924813712376,91924814293055,2219.215,580.679,1,1
0,7053,300,91924814124440,91924816170230,91924816353766,2229.326,183.536,1,1
0,7054,300,91924816581453,91924818628373,91924818804579,2223.126,176.206,1,1
0,7055,300,91924819039297,91924821105417,91924821278753,2239.456,173.336,1,1
0,7056,300,91924821105417,91924823135046,91924823686714,2581.297,551.668,1,1
0,7057,300,91924823544329,91924825594139,91924825769265,2224.936,175.126,1,1
0,7058,300,91924826013683,91924828056803,91924828233398,2219.715,176.595,1,1
0,7059,300,91924828461896,91924830099132,91924830653021,2191.125,553.889,1,1
0,7060,300,91924830511136,91924832572186,91924832750862,2239.726,178.676,1,1
0,7061,300,91924832977790,91924835027890,91924835204555,2226.765,176.665,1,1
0,7062,300,91924835435313,91924837065298,91924837632177,2196.864,566.879,1,1
0,7063,300,91924837477863,91924839531703,91924839711988,2234.125,180.285,1,1
0,7064,300,91924839940736,91924841977345,91924842168542,2227.806,191.197,1,1
0,7065,300,91924842403409,91924844030185,91924844600124,2196.715,569.939,1,1
0,7066,300,91924844444339,91924846496399,91924846681095,2236.756,184.696,1,1
0,7067,300,91924846910002,91924848940251,91924849126027,2216.025,185.776,1,1
0,7068,300,91924849348576,91924851402984,91924851577261,2228.685,174.277,1,1
0,7069,300,91924851402984,91924853443504,91924854024924,2621.940,581.420,1,1
0,7070,300,91924853872998,91924855903257,91924856101334,2228.336,198.077,1,1
0,7071,300,91924856310651,91924858359681,91924858526516,2215.865,166.835,1,1
0,7072,300,91924858788726,91924860430281,91924860973789,2185.063,543.508,1,1
0,7073,300,91924860832525,91924862864584,91924863053150,2220.625,188.566,1,1
0,7074,300,91924863274357,91924865324487,91924865494173,2219.816,169.686,1,1
0,7075,300,91924865733951,91924867372846,91924867919795,2185.844,546.949,1,1
0,7076,300,91924867779820,91924869833190,91924870020227,2240.407,187.037,1,1
0,7077,300,91924870250864,91924872286844,91924872458359,2207.495,171.515,1,1
0,7078,300,91924872696407,91924874334843,91924874888631,2192.224,553.788,1,1
0,7079,300,91924874742196,91924876808997,91924876991623,2249.427,182.626,1,1
0,7080,300,91924877200900,91924879250100,91924879425006,2224.106,174.906,1,1
0,7081,300,91924879659793,91924881707333,91924881860668,2200.875,153.335,1,1
0,7082,300,91924881707333,91924883755533,91924884308991,2601.658,553.458,1,1
0,7083,300,91924884164896,91924886213516,91924886380131,2215.235,166.615,1,1
0,7084,300,91924886621910,91924888669859,91924888826505,2204.595,156.646,1,1
0,7085,300,91924889080653,91924890718939,91924891291258,2210.605,572.319,1,1
0,7086,300,91924891139013,91924893174972,91924893366439,2227.426,191.467,1,1
0,7087,300,91924893592766,91924895632595,91924895800371,2207.605,167.776,1,1
0,7088,300,91924896044420,91924897680555,91924898251194,2206.774,570.639,1,1
0,7089,300,91924898091649,91924900161239,91924900342495,2250.846,181.256,1,1
0,7090,300,91924900548762,91924902595672,91924902766528,2217.766,170.856,1,1
0,7091,300,91924903034877,91924904643331,91924905218910,2184.033,575.579,1,1
0,7092,300,91924905052765,91924907101524,91924907306442,2253.677,204.918,1,1
0,7093,300,91924907512609,91924909558898,91924909731384,2218.775,172.486,1,1
0,7094,300,91924909970162,91924912017722,91924912205348,2235.186,187.626,1,1
0,7095,300,91924912017722,91924914065891,91924914633411,2615.689,567.520,1,1
0,7096,300,91924914490285,91924916524024,91924916699340,2209.055,175.316,1,1
0,7097,300,91924916932508,91924918979818,91924919170714,2238.206,190.896,1,1
0,7098,300,91924919391451,91924921030967,91924921589176,2197.725,558.209,1,1
0,7099,300,91924921447281,91924923486491,91924923664406,2217.125,177.915,1,1
0,7100,300,91924923895804,91924925950294,91924926151581,2255.777,201.287,1,1
0,7101,300,91924926354038,91924928023625,91924928549783,2195.745,526.158,1,1
0,7102,300,91924928400067,91924930450787,91924930631983,2231.916,181.196,1,1
0,7103,300,91924930859900,91924932906651,91924933094547,2234.647,187.896,1,1
0,7104,300,91924933318084,91924934954980,91924935530379,2212.295,575.399,1,1
0,7105,300,91924935363553,91924937424844,91924937608500,2244.947,183.656,1,1
0,7106,300,91924937840048,91924939871427,91924940059343,2219.295,187.916,1,1
0,7107,300,91924940291241,91924942329389,91924942503536,2212.295,174.147,1,1
0,7108,300,91924942329389,91924944374580,91924944928898,2599.509,554.318,1,1
0,7109,300,91924944786303,91924946833362,91924947031430,2245.127,198.068,1,1
0,7110,300,91924947244117,91924949292056,91924949458902,2214.785,166.846,1,1
0,7111,300,91924949700750,91924951338435,91924951898914,2198.164,560.479,1,1
0,7112,300,91924951748809,91924953796089,91924953973215,2224.406,177.126,1,1
0,7113,300,91924954207053,91924956272523,91924956453599,2246.546,181.076,1,1
0,7114,300,91924956684027,91924958303272,91924958860991,2176.964,557.719,1,1
0,7115,300,91924958712016,91924960760215,91924960951152,2239.136,190.937,1,1
0,7116,300,91924961170889,91924963216869,91924963399515,2228.626,182.646,1,1
0,7117,300,91924963626732,91924965266598,91924965847928,2221.196,581.330,1,1
0,7118,300,91924965682202,91924967722151,91924967903808,2221.606,181.657,1,1
0,7119,300,91924968135586,91924970181705,91924970345850,2210.264,164.145,1,1
0,7120,300,91924970604620,91924972637549,91924972791693,2187.073,154.144,1,1
0,7121,300,91924972637549,91924974685078,91924975233266,2595.717,548.188,1,1
0,7122,300,91924975095091,91924977154532,91924977321797,2226.706,167.265,1,1
0,7123,300,91924977568696,91924979601715,91924979765220,2196.524,163.505,1,1
0,7124,300,91924980030679,91924981650224,91924982204732,2174.053,554.508,1,1
0,7125,300,91924982060278,91924984121978,91924984302524,2242.246,180.546,1,1
0,7126,300,91924984519951,91924986563510,91924986724527,2204.576,161.017,1,1
0,7127,300,91924986994186,91924988629351,91924989187690,2193.504,558.339,1,1
0,7128,300,91924989027924,91924991071534,91924991262690,2234.766,191.156,1,1
0,7129,300,91924991478647,91924993532617,91924993693713,2215.066,161.096,1,1
0,7130,300,91924993936611,91924995576187,91924996165916,2229.305,589.729,1,1
0,7131,300,91924995991611,91924998032380,91924998213796,2222.185,181.416,1,1
0,7132,300,91924998441894,91925000491543,91925000655019,2213.125,163.476,1,1
0,7133,300,91925000901837,91925002947226,91925003112733,2210.896,165.507,1,1
0,7134,300,91925002947226,91925004996356,91925005548305,2601.079,551.949,1,1
0,7135,300,91925005406120,91925007455389,91925007630606,2224.486,175.217,1,1
0,7136,300,91925007863604,91925009910503,91925010101470,2237.866,190.967,1,1
0,7137,300,91925010320696,91925011960322,91925012520781,2200.085,560.459,1,1
0,7138,300,91925012369256,91925014417985,91925014596482,2227.226,178.497,1,1
0,7139,300,91925014825990,91925016894010,91925017074186,2248.196,180.176,1,1
0,7140,300,91925017285923,91925018922558,91925019492108,2206.185,569.550,1,1
0,7141,300,91925019332633,91925021382322,91925021562408,2229.775,180.086,1,1
0,7142,300,91925021788995,91925023837555,91925023998151,2209.156,160.596,1,1
0,7143,300,91925024246989,91925025887075,91925026463304,2216.315,576.229,1,1
0,7144,300,91925026296359,91925028344628,91925028517184,2220.825,172.556,1,1
0,7145,300,91925028754603,91925030801952,91925030966917,2212.314,164.965,1,1
0,7146,300,91925031211845,91925033261645,91925033418611,2206.766,156.966,1,1
0,7147,300,91925033261645,91925035307794,91925035861683,2600.038,553.889,1,1
0,7148,300,91925035734239,91925037780118,91925037945824,2211.585,165.706,1,1
0,7149,300,91925038194383,91925040223322,91925040381267,2186.884,157.945,1,1
0,7150,300,91925040648145,91925042268921,91925042830440,2182.295,561.519,1,1
0,7151,300,91925042688535,91925044732034,91925044899560,2211.025,167.526,1,1
0,7152,300,91925045151928,91925047191718,91925047372204,2220.276,180.486,1,1
0,7153,300,91925047603322,91925049232147,91925049796426,2193.104,564.279,1,1
0,7154,300,91925049642561,91925051691791,91925051861637,2219.076,169.846,1,1
0,7155,300,91925052120125,91925054152194,91925054314679,2194.554,162.485,1,1
0,7156,300,91925054557188,91925056216534,91925056777873,2220.685,561.339,1,1
0,7157,300,91925056622637,91925058654517,91925058837002,2214.365,182.485,1,1
0,7158,300,91925059065231,91925061110500,91925061294266,2229.035,183.766,1,1
0,7159,300,91925061520194,91925063568683,91925063731199,2211.005,162.516,1,1
0,7160,300,91925063568683,91925065617362,91925066172362,2603.679,555.000,1,1
0,7161,300,91925066026287,91925068074606,91925068272293,2246.006,197.687,1,1
0,7162,300,91925068485830,91925070533650,91925070699206,2213.376,165.556,1,1
0,7163,300,91925070942713,91925072580019,91925073163129,2220.416,583.110,1,1
0,7164,300,91925072989713,91925075039822,91925075227719,2238.006,187.897,1,1
0,7165,300,91925075450067,91925077494456,91925077662381,2212.314,167.925,1,1
0,7166,300,91925077904689,91925079545285,91925080106734,2202.045,561.449,1,1
0,7167,300,91925079953880,91925082014309,91925082221066,2267.186,206.757,1,1
0,7168,300,91925082418503,91925084459922,91925084630628,2212.125,170.706,1,1
0,7169,300,91925084868686,91925086508571,91925087083321,2214.635,574.750,1,1
0,7170,300,91925086915335,91925088963705,91925089172252,2256.917,208.547,1,1
0,7171,300,91925089374189,91925091422469,91925091595984,2221.795,173.515,1,1
0,7172,300,91925091832412,91925093879331,91925094056858,2224.446,177.527,1,1
0,7173,300,91925093879331,91925095946092,91925096472369,2593.038,526.277,1,1
0,7174,300,91925096336135,91925098387875,91925098570381,2234.246,182.506,1,1
0,7175,300,91925098804549,91925100843818,91925101025354,2220.805,181.536,1,1
0,7176,300,91925101254162,91925102890228,91925103452577,2198.415,562.349,1,1
0,7177,300,91925103300181,91925105352791,91925105531107,2230.926,178.316,1,1
0,7178,300,91925105760915,91925107814575,91925107993701,2232.786,179.126,1,1
0,7179,300,91925108216228,91925109869834,91925110422633,2206.405,552.799,1,1
0,7180,300,91925110262938,91925112312758,91925112493563,2230.625,180.805,1,1
0,7181,300,91925112721471,91925114770840,91925114932197,2210.726,161.357,1,1
0,7182,300,91925115180105,91925116836701,91925117389609,2209.504,552.908,1,1
0,7183,300,91925117240674,91925119288413,91925119471800,2231.126,183.387,1,1
0,7184,300,91925119700708,91925121731117,91925121894522,2193.814,163.405,1,1
0,7185,300,91925122167992,91925124191060,91925124347566,2179.574,156.506,1,1
0,7186,300,91925124191060,91925126247000,91925126776878,2585.818,529.878,1,1
0,7187,300,91925126647004,91925128695453,91925128861119,2214.115,165.666,1,1
0,7188,300,91925129117608,91925131152887,91925131321153,2203.545,168.266,1,1
0,7189,300,91925131562740,91925133212496,91925133753954,2191.214,541.458,1,1
0,7190,300,91925133611560,91925135658989,91925135837156,2225.596,178.167,1,1
0,7191,300,91925136069103,91925138117693,91925138286269,2217.166,168.576,1,1
0,7192,300,91925138537967,91925140164922,91925140715571,2177.604,550.649,1,1
0,7193,300,91925140574196,91925142622126,91925142801252,2227.056,179.126,1,1
0,7194,300,91925143040670,91925145079169,91925145261636,2220.966,182.467,1,1
0,7195,300,91925145489303,91925147126448,91925147698578,2209.275,572.130,1,1
0,7196,300,91925147542653,91925149607703,91925149800739,2258.086,193.036,1,1
0,7197,300,91925149994665,91925152044556,91925152235131,2240.466,190.575,1,1
0,7198,300,91925152451429,91925154499318,91925154673495,2222.066,174.177,1,1
0,7199,300,91925154499318,91925156548278,91925157107437,2608.119,559.159,1,1
0,7200,300,91925156959532,91925159045273,91925159230819,2271.287,185.546,1,1
0,7201,300,91925159414345,91925161482636,91925161650572,2236.227,167.936,1,1
0,7202,300,91925161873169,91925163529745,91925164067003,2193.834,537.258,1,1
0,7203,300,91925163921148,91925165969177,91925166170025,2248.877,200.848,1,1
0,7204,300,91925166379562,91925168426211,91925168605737,2226.175,179.526,1,1
0,7205,300,91925168837575,91925170473580,91925171047010,2209.435,573.430,1,1
0,7206,300,91925170885864,91925172933494,91925173125390,2239.526,191.896,1,1
0,7207,300,91925173349798,91925175398558,91925175570644,2220.846,172.086,1,1
0,7208,300,91925175800692,91925177449467,91925177996246,2195.554,546.779,1,1
0,7209,300,91925177848991,91925179895530,91925180089577,2240.586,194.047,1,1
0,7210,300,91925180323744,91925182354573,91925182529299,2205.555,174.726,1,1
0,7211,300,91925182763618,91925184817277,91925184971462,2207.844,154.185,1,1
0,7212,300,91925184817277,91925186857436,91925187399084,2581.807,541.648,1,1
0,7213,300,91925187269711,91925189329640,91925189496366,2226.655,166.726,1,1
0,7214,300,91925189726473,91925191787034,91925191952099,2225.626,165.065,1,1
0,7215,300,91925192184567,91925193821733,91925194376491,2191.924,554.758,1,1
0,7216,300,91925194232927,91925196280106,91925196460163,2227.236,180.057,1,1
0,7217,300,91925196690560,91925198747149,91925198914725,2224.165,167.576,1,1
0,7218,300,91925199172624,91925200788869,91925201366268,2193.644,577.399,1,1
0,7219,300,91925201215623,91925203257643,91925203437789,2222.166,180.146,1,1
0,7220,300,91925203654656,91925205701696,91925205863351,2208.695,161.655,1,1
0,7221,300,91925206109750,91925207750775,91925208325995,2216.245,575.220,1,1
0,7222,300,91925208168459,91925210207269,91925210399045,2230.586,191.776,1,1
0,7223,300,91925210629763,91925212662762,91925212829508,2199.745,166.746,1,1
0,7224,300,91925213075906,91925215133166,91925215307852,2231.946,174.686,1,1
0,7225,300,91925215133166,91925217168985,91925217717403,2584.237,548.418,1,1
0,7226,300,91925217580589,91925219647839,91925219823274,2242.685,175.435,1,1
0,7227,300,91925220037672,91925222086201,91925222262908,2225.236,176.707,1,1
0,7228,300,91925222493296,91925224135861,91925224686430,2193.134,550.569,1,1
0,7229,300,91925224543425,91925226597425,91925226775130,2231.705,177.705,1,1
0,7230,300,91925227020219,91925229068969,91925229269065,2248.846,200.096,1,1
0,7231,300,91925229458542,91925231096187,91925231654626,2196.084,558.439,1,1
0,7232,300,91925231505081,91925233553590,91925233733857,2228.776,180.267,1,1
0,7233,300,91925233962595,91925236014694,91925236207031,2244.436,192.337,1,1
0,7234,300,91925236421448,91925238059403,91925238628073,2206.625,568.670,1,1
0,7235,300,91925238468598,91925240516827,91925240699403,2230.805,182.576,1,1
0,7236,300,91925240927721,91925242991571,91925243186057,2258.336,194.486,1,1
0,7237,300,91925243384825,91925245432444,91925245595599,2210.774,163.155,1,1
0,7238,300,91925245432444,91925247497574,91925248046642,2614.198,549.068,1,1
0,7239,300,91925247899727,91925249945317,91925250121623,2221.896,176.306,1,1
0,7240,300,91925250352231,91925252395170,91925252563925,2211.694,168.755,1,1
0,7241,300,91925252817404,91925254461320,91925254995438,2178.034,534.118,1,1
0,7242,300,91925254852323,91925256899163,91925257077869,2225.546,178.706,1,1
0,7243,300,91925257311606,91925259357527,91925259516952,2205.346,159.425,1,1
0,7244,300,91925259775321,91925261406376,91925261956195,2180.874,549.819,1,1
0,7245,300,91925261815269,91925263863339,91925264043685,2228.416,180.346,1,1
0,7246,300,91925264272803,91925266330693,91925266504458,2231.655,173.765,1,1
0,7247,300,91925266729557,91925268368532,91925268936771,2207.214,568.239,1,1
0,7248,300,91925268779136,91925270826086,91925270997802,2218.666,171.716,1,1
0,7249,300,91925271237619,91925273284588,91925273460325,2222.706,175.737,1,1
0,7250,300,91925273700413,91925275755842,91925275925128,2224.715,169.286,1,1
0,7251,300,91925275755842,91925277789701,91925278343671,2587.829,553.970,1,1
0,7252,300,91925278198596,91925280249615,91925280437402,2238.806,187.787,1,1
0,7253,300,91925280658979,91925282704678,91925282870044,2211.065,165.366,1,1
0,7254,300,91925283115923,91925284759808,91925285322667,2206.744,562.859,1,1
0,7255,300,91925285178552,91925287210201,91925287378987,2200.435,168.786,1,1
0,7256,300,91925287621125,91925289669435,91925289828160,2207.035,158.725,1,1
0,7257,300,91925290079109,91925291733485,91925292298794,2219.685,565.309,1,1
0,7258,300,91925292137999,91925294175567,91925294346173,2208.174,170.606,1,1
0,7259,300,91925294584772,91925296632221,91925296803347,2218.575,171.126,1,1
0,7260,300,91925297040724,91925298681590,91925299246580,2205.856,564.990,1,1
0,7261,300,91925299089115,91925301137084,91925301328371,2239.256,191.287,1,1
0,7262,300,91925301545727,91925303595107,91925303758483,2212.756,163.376,1,1
0,7263,300,91925304036842,91925306051551,91925306225927,2189.085,174.376,1,1
0,7264,300,91925306051551,91925308101010,91925308644658,2593.107,543.648,1,1
0,7265,300,91925308516424,91925310559194,91925310724539,2208.115,165.345,1,1
0,7266,300,91925310967377,91925313014436,91925313181062,2213.685,166.626,1,1
0,7267,300,91925313426521,91925315063486,91925315614465,2187.944,550.979,1,1
0,7268,300,91925315474700,91925317534950,91925317703556,2228.856,168.606,1,1
0,7269,300,91925317931173,91925319979373,91925320159009,2227.836,179.636,1,1
0,7270,300,91925320401977,91925322027993,91925322579981,2178.004,551.988,1,1
0,7271,300,91925322435466,91925324485536,91925324655302,2219.836,169.766,1,1
0,7272,300,91925324894420,91925326942049,91925327113905,2219.485,171.856,1,1
0,7273,300,91925327350763,91925328994909,91925329547957,2197.194,553.048,1,1
0,7274,300,91925329399343,91925331457392,91925331629618,2230.275,172.226,1,1
0,7275,300,91925331856606,91925333906395,91925334089331,2232.725,182.936,1,1
0,7276,300,91925334313910,91925336361829,91925336527094,2213.184,165.265,1,1
0,7277,300,91925336361829,91925338414259,91925338947356,2585.527,533.097,1,1
0,7278,300,91925338819623,91925340868482,91925341045118,2225.495,176.636,1,1
0,7279,300,91925341278776,91925343327255,91925343485211,2206.435,157.956,1,1
0,7280,300,91925343734819,91925345375345,91925345934904,2200.085,559.559,1,1
0,7281,300,91925345800179,91925347837199,91925348016034,2215.855,178.835,1,1
0,7282,300,91925348255103,91925350288432,91925350448647,2193.544,160.215,1,1
0,7283,300,91925350698645,91925352338901,91925352895640,2196.995,556.739,1,1
0,7284,300,91925352746555,91925354795224,91925354986471,2239.916,191.247,1,1
0,7285,300,91925355205259,91925357252138,91925357433694,2228.435,181.556,1,1
0,7286,300,91925357661331,91925359299177,91925359868797,2207.466,569.620,1,1
0,7287,300,91925359711331,91925361776392,91925361958277,2246.946,181.885,1,1
0,7288,300,91925362168475,91925364235254,91925364399700,2231.225,164.446,1,1
0,7289,300,91925364624898,91925366672548,91925366847114,2222.216,174.566,1,1
0,7290,300,91925366672548,91925368721207,91925369277735,2605.187,556.528,1,1
0,7291,300,91925369131760,91925371178511,91925371345106,2213.346,166.595,1,1
0,7292,300,91925371588164,91925373637854,91925373795199,2207.035,157.345,1,1
0,7293,300,91925374045358,91925375684643,91925376238702,2193.344,554.059,1,1
0,7294,300,91925376094217,91925378152447,91925378321442,2227.225,168.995,1,1
0,7295,300,91925378552160,91925380612871,91925380782506,2230.346,169.635,1,1
0,7296,300,91925381016775,91925382648170,91925383218378,2201.603,570.208,1,1
0,7297,300,91925383057803,91925385103982,91925385284309,2226.506,180.327,1,1
0,7298,300,91925385515487,91925387561626,91925387722701,2207.214,161.075,1,1
0,7299,300,91925387976790,91925389613326,91925390176125,2199.335,562.799,1,1
0,7300,300,91925390021849,91925392082500,91925392264365,2242.516,181.865,1,1
0,7301,300,91925392484823,91925394526102,91925394693938,2209.115,167.836,1,1
0,7302,300,91925394944236,91925396984236,91925397169892,2225.656,185.656,1,1
0,7303,300,91925396984236,91925399031915,91925399588754,2604.518,556.839,1,1
0,7304,300,91925399459140,91925401493449,91925401658754,2199.614,165.305,1,1
0,7305,300,91925401898093,91925403946432,91925404132548,2234.455,186.116,1,1
0,7306,300,91925404378217,91925405995271,91925406554151,2175.934,558.880,1,1
0,7307,300,91925406410625,91925408452155,91925408630411,2219.786,178.256,1,1
0,7308,300,91925408863339,91925410909528,91925411094195,2230.856,184.667,1,1
0,7309,300,91925411331532,91925412961448,91925413528677,2197.145,567.229,1,1
0,7310,300,91925413368602,91925415438422,91925415619738,2251.136,181.316,1,1
0,7311,300,91925415847606,91925417872865,91925418055701,2208.095,182.836,1,1
0,7312,300,91925418290809,91925419929775,91925420495024,2204.215,565.249,1,1
0,7313,300,91925420331638,91925422379128,91925422561864,2230.226,182.736,1,1
0,7314,300,91925422789391,91925424836961,91925425030348,2240.957,193.387,1,1
0,7315,300,91925425247714,91925427300634,91925427477000,2229.286,176.366,1,1
0,7316,300,91925427300634,91925429343554,91925429888112,2587.478,544.558,1,1
0,7317,300,91925429755328,91925431810247,91925431978843,2223.515,168.596,1,1
0,7318,300,91925432220981,91925434258180,91925434416265,2195.284,158.085,1,1
0,7319,300,91925434677905,91925436309410,91925436848408,2170.503,538.998,1,1
0,7320,300,91925436714074,91925438761603,91925438929139,2215.065,167.536,1,1
0,7321,300,91925439172977,91925441223617,91925441387652,2214.675,164.035,1,1
0,7322,300,91925441630171,91925443276666,91925443819785,2189.614,543.119,1,1
0,7323,300,91925443678470,91925445742130,91925445922076,2243.606,179.946,1,1
0,7324,300,91925446136604,91925448185353,91925448359519,2222.915,174.166,1,1
0,7325,300,91925448598567,91925450231323,91925450809292,2210.725,577.969,1,1
0,7326,300,91925450641796,91925452688386,91925452860191,2218.395,171.805,1,1
0,7327,300,91925453098130,91925455167150,91925455334475,2236.345,167.325,1,1
0,7328,300,91925455557503,91925457603913,91925457770729,2213.226,166.816,1,1
0,7329,300,91925457603913,91925459674203,91925460210221,2606.308,536.018,1,1
0,7330,300,91925460062766,91925462109155,91925462305972,2243.206,196.817,1,1
0,7331,300,91925462518889,91925464568519,91925464734334,2215.445,165.815,1,1
0,7332,300,91925464977292,91925466617398,91925467180587,2203.295,563.189,1,1
0,7333,300,91925467026053,91925469073542,91925469261958,2235.905,188.416,1,1
0,7334,300,91925469482965,91925471529875,91925471709231,2226.266,179.356,1,1
0,7335,300,91925471939949,91925473578205,91925474160655,2220.706,582.450,1,1
0,7336,300,91925473989959,91925476036658,91925476226904,2236.945,190.246,1,1
0,7337,300,91925476446322,91925478503701,91925478671747,2225.425,168.046,1,1
0,7338,300,91925478903915,91925480560812,91925481139011,2235.096,578.199,1,1
0,7339,300,91925480963205,91925482998374,91925483207951,2244.746,209.577,1,1
0,7340,300,91925483416978,91925485458168,91925485631044,2214.066,172.876,1,1
0,7341,300,91925485868091,91925487914761,91925488096467,2228.376,181.706,1,1
0,7342,300,91925487914761,91925489963771,91925490521599,2606.838,557.828,1,1
0,7343,300,91925490376965,91925492420264,91925492595690,2218.725,175.426,1,1
0,7344,300,91925492829738,91925494877457,91925495066674,2236.936,189.217,1,1
0,7345,300,91925495299072,91925496930767,91925497478386,2179.314,547.619,1,1
0,7346,300,91925497335111,91925499386421,91925499575467,2240.356,189.046,1,1
0,7347,300,91925499804535,91925501848344,91925502017750,2213.215,169.406,1,1
0,7348,300,91925502250148,91925503907304,91925504464133,2213.985,556.829,1,1
0,7349,300,91925504312597,91925506346416,91925506517142,2204.545,170.726,1,1
0,7350,300,91925506757100,91925508804600,91925508965465,2208.365,160.865,1,1
0,7351,300,91925509215084,91925510862849,91925511436479,2221.395,573.630,1,1
0,7352,300,91925511276774,91925513309262,91925513482048,2205.274,172.786,1,1
0,7353,300,91925513720227,91925515768276,91925515930981,2210.754,162.705,1,1
0,7354,300,91925516178080,91925518226380,91925518381795,2203.715,155.415,1,1
0,7355,300,91925518226380,91925520272859,91925520823767,2597.387,550.908,1,1
0,7356,300,91925520687833,91925522729552,91925522905638,2217.805,176.086,1,1
0,7357,300,91925523150546,91925525201306,91925525368481,2217.935,167.175,1,1
0,7358,300,91925525596759,91925527236635,91925527795244,2198.485,558.609,1,1
0,7359,300,91925527646029,91925529694129,91925529862515,2216.486,168.386,1,1
0,7360,300,91925530102842,91925532163423,91925532334169,2231.327,170.746,1,1
0,7361,300,91925532562456,91925534199641,91925534759281,2196.825,559.640,1,1
0,7362,300,91925534608045,91925536659845,91925536830061,2222.016,170.216,1,1
0,7363,300,91925537067248,91925539116079,91925539286974,2219.726,170.895,1,1
0,7364,300,91925539534983,91925541168157,91925541720636,2185.653,552.479,1,1
0,7365,300,91925541572121,91925543619821,91925543802368,2230.247,182.547,1,1
0,7366,300,91925544032655,91925546078705,91925546253231,2220.576,174.526,1,1
0,7367,300,91925546487048,91925548535268,91925548699444,2212.396,164.176,1,1
0,7368,300,91925548535268,91925550583638,91925551138086,2602.818,554.448,1,1
0,7369,300,91925550994381,91925553043591,91925553230717,2236.336,187.126,1,1
0,7370,300,91925553452055,91925555520545,91925555698721,2246.666,178.176,1,1
0,7371,300,91925555926948,91925557548024,91925558131663,2204.715,583.639,1,1
0,7372,300,91925557960587,91925560028137,91925560217584,2256.997,189.447,1,1
0,7373,300,91925560415151,91925562463650,91925562633336,2218.185,169.686,1,1
0,7374,300,91925562873045,91925564520700,91925565086520,2213.475,565.820,1,1
0,7375,300,91925564924954,91925566973904,91925567163410,2238.456,189.506,1,1
0,7376,300,91925567387208,91925569432087,91925569603283,2216.075,171.196,1,1
0,7377,300,91925569836171,91925571479916,91925572051736,2215.565,571.820,1,1
0,7378,300,91925571883540,91925573946860,91925574160917,2277.377,214.057,1,1
0,7379,300,91925574342274,91925576387533,91925576560579,2218.305,173.046,1,1
0,7380,300,91925576798306,91925578855777,91925579024982,2226.676,169.205,1,1
0,7381,300,91925578855777,91925580895466,91925581439585,2583.808,544.119,1,1
0,7382,300,91925581302699,91925583351979,91925583518504,2215.805,166.525,1,1
0,7383,300,91925583763073,91925585808533,91925585974308,2211.235,165.775,1,1
0,7384,300,91925586219526,91925587856402,91925588424131,2204.605,567.729,1,1
0,7385,300,91925588267045,91925590314846,91925590493101,2226.056,178.255,1,1
0,7386,300,91925590725799,91925592771358,91925592939674,2213.875,168.316,1,1
0,7387,300,91925593181903,91925594820928,91925595381807,2199.904,560.879,1,1
0,7388,300,91925595230652,91925597277492,91925597458647,2227.995,181.155,1,1
0,7389,300,91925597691195,91925599736905,91925599918861,2227.666,181.956,1,1
0,7390,300,91925600149999,91925601784275,91925602370835,2220.836,586.560,1,1
0,7391,300,91925602212249,91925604257668,91925604440815,2228.566,183.147,1,1
0,7392,300,91925604672523,91925606698381,91925606871447,2198.924,173.066,1,1
0,7393,300,91925607122706,91925609156534,91925609333541,2210.835,177.007,1,1
0,7394,300,91925609156534,91925611216064,91925611780254,2623.720,564.190,1,1
0,7395,300,91925611636139,91925613662837,91925613838304,2202.165,175.467,1,1
0,7396,300,91925614072912,91925616121461,91925616295186,2222.274,173.725,1,1
0,7397,300,91925616530935,91925618179850,91925618748020,2217.085,568.170,1,1
0,7398,300,91925618595604,91925620626403,91925620803570,2207.966,177.167,1,1
0,7399,300,91925621038998,91925623082387,91925623274154,2235.156,191.767,1,1
0,7400,300,91925623499991,91925625136987,91925625699916,2199.925,562.929,1,1
0,7401,300,91925625549181,91925627589810,91925627782087,2232.906,192.277,1,1
0,7402,300,91925627997134,91925630057384,91925630248991,2251.857,191.607,1,1
0,7403,300,91925630455017,91925632093233,91925632667312,2212.295,574.079,1,1
0,7404,300,91925632503937,91925634551696,91925634734692,2230.755,182.996,1,1
0,7405,300,91925634961511,91925637014870,91925637198786,2237.275,183.916,1,1
0,7406,300,91925637418963,91925639467053,91925639631558,2212.595,164.505,1,1
0,7407,300,91925639467053,91925641515263,91925642073822,2606.769,558.559,1,1
0,7408,300,91925641925556,91925643974046,91925644171173,2245.617,197.127,1,1
0,7409,300,91925644381740,91925646430420,91925646596835,2215.095,166.415,1,1
0,7410,300,91925646839923,91925648484989,91925649043538,2203.615,558.549,1,1
0,7411,300,91925648888622,91925650936962,91925651138389,2249.767,201.427,1,1
0,7412,300,91925651362457,91925653392995,91925653561541,2199.084,168.546,1,1
0,7413,300,91925653802130,91925655441015,91925656026435,2224.305,585.420,1,1
0,7414,300,91925655851379,91925657922019,91925658113906,2262.527,191.887,1,1
0,7415,300,91925658308232,91925660355611,91925660527047,2218.815,171.436,1,1
0,7416,300,91925660764816,91925662403312,91925662971360,2206.544,568.048,1,1
0,7417,300,91925662814455,91925664862505,91925665055721,2241.266,193.216,1,1
0,7418,300,91925665283539,91925667320168,91925667490114,2206.575,169.946,1,1
0,7419,300,91925667749062,91925669775981,91925669930677,2181.615,154.696,1,1
0,7420,300,91925669775981,91925671825170,91925672372299,2596.318,547.129,1,1
0,7421,300,91925672234265,91925674300855,91925674480061,2245.796,179.206,1,1
0,7422,300,91925674691529,91925676763209,91925676929394,2237.865,166.185,1,1
0,7423,300,91925677153842,91925678789697,91925679337356,2183.514,547.659,1,1
0,7424,300,91925679198051,91925681245820,91925681425667,2227.616,179.847,1,1
0,7425,300,91925681655065,91925683704014,91925683874570,2219.505,170.556,1,1
0,7426,300,91925684113367,91925685763384,91925686325103,2211.736,561.719,1,1
0,7427,300,91925686173728,91925688214777,91925688385862,2212.134,171.085,1,1
0,7428,300,91925688619911,91925690684640,91925690847927,2228.016,163.287,1,1
0,7429,300,91925691081005,91925692713920,91925693309000,2227.995,595.080,1,1
0,7430,300,91925693125134,91925695173443,91925695358789,2233.655,185.346,1,1
0,7431,300,91925695582687,91925697653198,91925697826393,2243.706,173.195,1,1
0,7432,300,91925698040670,91925700091640,91925700268776,2228.106,177.136,1,1
0,7433,300,91925700091640,91925702135029,91925702688608,2596.968,553.579,1,1
0,7434,300,91925702544143,91925704594663,91925704769499,2225.356,174.836,1,1
0,7435,300,91925705015687,91925707051086,91925707220032,2204.345,168.946,1,1
0,7436,300,91925707461360,91925709098416,91925709655204,2193.844,556.788,1,1
0,7437,300,91925709508549,91925711556839,91925711734685,2226.136,177.846,1,1
0,7438,300,91925711967123,91925714016413,91925714185398,2218.275,168.985,1,1
0,7439,300,91925714434957,91925716063722,91925716632721,2197.764,568.999,1,1
0,7440,300,91925716472625,91925718518635,91925718688501,2215.876,169.866,1,1
0,7441,300,91925718929089,91925720976688,91925721159615,2230.526,182.927,1,1
0,7442,300,91925721386883,91925723045858,91925723610377,2223.494,564.519,1,1
0,7443,300,91925723451552,91925725482851,91925725664927,2213.375,182.076,1,1
0,7444,300,91925725893775,91925727940725,91925728137581,2243.806,196.856,1,1
0,7445,300,91925728349969,91925730398638,91925730562993,2213.024,164.355,1,1
0,7446,300,91925730398638,91925732463619,91925733000407,2601.769,536.788,1,1
0,7447,300,91925732855622,91925734918011,91925735105088,2249.466,187.077,1,1
0,7448,300,91925735313345,91925737361205,91925737528321,2214.976,167.116,1,1
0,7449,300,91925737770518,91925739417934,91925739991354,2220.836,573.420,1,1
0,7450,300,91925739838868,91925741867717,91925742051863,2212.995,184.146,1,1
0,7451,300,91925742276992,91925744335431,91925744505527,2228.535,170.096,1,1
0,7452,300,91925744738355,91925746371370,91925746923979,2185.624,552.609,1,1
0,7453,300,91925746782224,91925748829314,91925749032050,2249.826,202.736,1,1
0,7454,300,91925749240497,91925751288187,91925751451182,2210.685,162.995,1,1
0,7455,300,91925751701791,91925753347307,91925753893056,2191.265,545.749,1,1
0,7456,300,91925753744630,91925755794060,91925755976996,2232.366,182.936,1,1
0,7457,300,91925756201973,91925758251924,91925758427419,2225.446,175.495,1,1
0,7458,300,91925758659567,91925760722158,91925760876832,2217.265,154.674,1,1
0,7459,300,91925760722158,91925762756236,91925763297564,2575.406,541.328,1,1
0,7460,300,91925763167330,91925765214800,91925765392475,2225.145,177.675,1,1
0,7461,300,91925765624383,91925767673162,91925767831178,2206.795,158.016,1,1
0,7462,300,91925768101397,91925769731493,91925770275531,2174.134,544.038,1,1
0,7463,300,91925770129256,91925772177655,91925772346461,2217.205,168.806,1,1
0,7464,300,91925772587420,91925774638780,91925774797465,2210.045,158.685,1,1
0,7465,300,91925775044633,91925776681808,91925777251338,2206.705,569.530,1,1
0,7466,300,91925777094022,91925779159363,91925779329859,2235.837,170.496,1,1
0,7467,300,91925779550766,91925781597765,91925781759880,2209.114,162.115,1,1
0,7468,300,91925782021810,91925783646475,91925784218644,2196.834,572.169,1,1
0,7469,300,91925784056409,91925786125459,91925786308305,2251.896,182.846,1,1
0,7470,300,91925786531492,91925788561082,91925788725038,2193.546,163.956,1,1
0,7471,300,91925788971816,91925791019755,91925791181600,2209.784,161.845,1,1
0,7472,300,91925791019755,91925793068524,91925793607112,2587.357,538.588,1,1
0,7473,300,91925793477929,91925795524398,91925795690284,2212.355,165.886,1,1
0,7474,300,91925795935542,91925798013932,91925798180968,2245.426,167.036,1,1
0,7475,300,91925798406255,91925800038891,91925800575200,2168.945,536.309,1,1
0,7476,300,91925800439625,91925802487774,91925802655690,2216.065,167.916,1,1
0,7477,300,91925802896958,91925804952727,91925805123363,2226.405,170.636,1,1
0,7478,300,91925805354401,91925806992927,91925807549245,2194.844,556.318,1,1
0,7479,300,91925807401870,91925809452200,91925809622236,2220.366,170.036,1,1
0,7480,300,91925809877415,91925811909504,91925812081650,2204.235,172.146,1,1
0,7481,300,91925812317948,91925813956773,91925814516913,2198.965,560.140,1,1
0,7482,300,91925814367298,91925816414897,91925816587653,2220.355,172.756,1,1
0,7483,300,91925816832371,91925818873450,91925819060916,2228.545,187.466,1,1
0,7484,300,91925819280234,91925821328933,91925821494769,2214.535,165.836,1,1
0,7485,300,91925821328933,91925823394733,91925823940732,2611.799,545.999,1,1
0,7486,300,91925823803978,91925825835306,91925826022073,2218.095,186.767,1,1
0,7487,300,91925826243850,91925828292649,91925828460135,2216.285,167.486,1,1
0,7488,300,91925828703404,91925830339279,91925830886937,2183.533,547.658,1,1
0,7489,300,91925830751553,91925832811852,91925832979308,2227.755,167.456,1,1
0,7490,300,91925833224417,91925835256656,91925835417061,2192.644,160.405,1,1
0,7491,300,91925835664030,91925837303475,91925837871115,2207.085,567.640,1,1
0,7492,300,91925837712149,91925839762738,91925839942395,2230.246,179.657,1,1
0,7493,300,91925840172283,91925842219642,91925842391888,2219.605,172.246,1,1
0,7494,300,91925842627827,91925844272282,91925844839941,2212.114,567.659,1,1
0,7495,300,91925844682145,91925846726065,91925846915612,2233.467,189.547,1,1
0,7496,300,91925847133449,91925849204569,91925849380645,2247.196,176.076,1,1
0,7497,300,91925849615213,91925851640302,91925851803387,2188.174,163.085,1,1
0,7498,300,91925851640302,91925853687581,91925854251220,2610.918,563.639,1,1
0,7499,300,91925854096916,91925856153495,91925856333481,2236.565,179.986,1,1
0,7500,300,91925856563189,91925858602718,91925858769253,2206.064,166.535,1,1
0,7501,300,91925859015782,91925860663518,91925861222697,2206.915,559.179,1,1
0,7502,300,91925861059271,91925863131112,91925863331448,2272.177,200.336,1,1
0,7503,300,91925863517025,91925865574524,91925865742680,2225.655,168.156,1,1
0,7504,300,91925865978348,91925867612954,91925868184414,2206.066,571.460,1,1
0,7505,300,91925868023227,91925870078917,91925870269424,2246.197,190.507,1,1
0,7506,300,91925870482741,91925872530411,91925872702177,2219.436,171.766,1,1
0,7507,300,91925872940084,91925874587971,91925875175171,2235.087,587.200,1,1
0,7508,300,91925874995744,91925877034054,91925877227650,2231.906,193.596,1,1
0,7509,300,91925877448907,91925879493847,91925879669273,2220.366,175.426,1,1
0,7510,300,91925879901051,91925881950830,91925882126127,2225.076,175.297,1,1
0,7511,300,91925881950830,91925883996749,91925884573510,2622.680,576.761,1,1
0,7512,300,91925884428375,91925886458464,91925886633979,2205.604,175.515,1,1
0,7513,300,91925886866567,91925888912036,91925889089813,2223.246,177.777,1,1
0,7514,300,91925889322371,91925890962426,91925891521515,2199.144,559.089,1,1
0,7515,300,91925891370410,91925893418559,91925893596816,2226.406,178.257,1,1
0,7516,300,91925893827414,91925895877313,91925896047268,2219.854,169.955,1,1
0,7517,300,91925896284796,91925897924392,91925898477461,2192.665,553.069,1,1
0,7518,300,91925898334676,91925900393426,91925900574102,2239.426,180.676,1,1
0,7519,300,91925900803930,91925902855529,91925903048206,2244.276,192.677,1,1
0,7520,300,91925903249733,91925904888168,91925905467588,2217.855,579.420,1,1
0,7521,300,91925905297763,91925907345582,91925907540068,2242.305,194.486,1,1
0,7522,300,91925907754466,91925909804535,91925909979551,2225.085,175.016,1,1
0,7523,300,91925910225339,91925912260719,91925912430515,2205.176,169.796,1,1
0,7524,300,91925912260719,91925914309058,91925914854817,2594.098,545.759,1,1
0,7525,300,91925914718242,91925916766692,91925916953548,2235.306,186.856,1,1
0,7526,300,91925917176105,91925919230065,91925919409141,2233.036,179.076,1,1
0,7527,300,91925919641039,91925921272154,91925921835853,2194.814,563.699,1,1
0,7528,300,91925921682789,91925923729038,91925923906834,2224.045,177.796,1,1
0,7529,300,91925924140131,91925926187482,91925926368067,2227.936,180.585,1,1
0,7530,300,91925926597985,91925928235651,91925928793840,2195.855,558.189,1,1
0,7531,300,91925928643084,91925930692724,91925930873420,2230.336,180.696,1,1
0,7532,300,91925931110728,91925933157078,91925933329203,2218.475,172.125,1,1
0,7533,300,91925933561291,91925935213767,91925935775996,2214.705,562.229,1,1
0,7534,300,91925935618351,91925937655841,91925937838026,2219.675,182.185,1,1
0,7535,300,91925938082644,91925940112503,91925940310310,2227.666,197.807,1,1
0,7536,300,91925940522558,91925942571757,91925942746873,2224.315,175.116,1,1
0,7537,300,91925942571757,91925944618316,91925945175485,2603.728,557.169,1,1
0,7538,300,91925945028000,91925947077780,91925947276747,2248.747,198.967,1,1
0,7539,300,91925947487294,91925949534013,91925949699619,2212.325,165.606,1,1
0,7540,300,91925949942287,91925951597764,91925952168442,2226.155,570.678,1,1
0,7541,300,91925952013618,91925954040526,91925954240343,2226.725,199.817,1,1
0,7542,300,91925954449650,91925956498749,91925956667015,2217.365,168.266,1,1
0,7543,300,91925956906823,91925958547910,91925959118458,2211.635,570.548,1,1
0,7544,300,91925958955423,91925961012653,91925961202479,2247.056,189.826,1,1
0,7545,300,91925961411826,91925963461496,91925963643872,2232.046,182.376,1,1
0,7546,300,91925963870709,91925965507685,91925966089155,2218.446,581.470,1,1
0,7547,300,91925965919129,91925967964759,91925968176516,2257.387,211.757,1,1
0,7548,300,91925968391463,91925970424972,91925970600418,2208.955,175.446,1,1
0,7549,300,91925970834986,91925972881186,91925973056581,2221.595,175.395,1,1
0,7550,300,91925972881186,91925974940945,91925975481964,2600.778,541.019,1,1
0,7551,300,91925975337668,91925977417039,91925977602525,2264.857,185.486,1,1
0,7552,300,91925977795372,91925979845482,91925980012337,2216.965,166.855,1,1
0,7553,300,91925980253606,91925981892151,91925982454060,2200.454,561.909,1,1
0,7554,300,91925982301015,91925984354695,91925984528290,2227.275,173.595,1,1
0,7555,300,91925984761078,91925986806378,91925986965173,2204.095,158.795,1,1
0,7556,300,91925987232372,91925988854838,91925989416477,2184.105,561.639,1,1
0,7557,300,91925989264581,91925991320891,91925991491957,2227.376,171.066,1,1
0,7558,300,91925991723365,91925993792225,91925993953550,2230.185,161.325,1,1
0,7559,300,91925994195449,91925995818044,91925996377632,2182.183,559.588,1,1
0,7560,300,91925996227487,91925998275707,91925998460603,2233.116,184.896,1,1
0,7561,300,91925998703731,91926000749601,91926000915267,2211.536,165.666,1,1
0,7562,300,91926001155055,91926003191084,91926003349919,2194.864,158.835,1,1
0,7563,300,91926003191084,91926005257104,91926005779902,2588.818,522.798,1,1
0,7564,300,91926005649577,91926007696917,91926007872262,2222.685,175.345,1,1
0,7565,300,91926008106231,91926010154170,91926010322656,2216.425,168.486,1,1
0,7566,300,91926010565924,91926012204589,91926012756889,2190.965,552.300,1,1
0,7567,300,91926012612454,91926014659103,91926014836739,2224.285,177.636,1,1
0,7568,300,91926015084998,91926017119066,91926017305782,2220.784,186.716,1,1
0,7569,300,91926017526290,91926019173656,91926019752146,2225.856,578.490,1,1
0,7570,300,91926019591360,91926021622759,91926021800165,2208.805,177.406,1,1
0,7571,300,91926022034164,91926024082313,91926024253329,2219.165,171.016,1,1
0,7572,300,91926024492206,91926026130182,91926026697372,2205.166,567.190,1,1
0,7573,300,91926026538296,91926028590645,91926028763491,2225.195,172.846,1,1
0,7574,300,91926028996589,91926031044529,91926031220325,2223.736,175.796,1,1
0,7575,300,91926031454813,91926033503503,91926033658547,2203.734,155.044,1,1
0,7576,300,91926033503503,91926035550432,91926036104180,2600.677,553.748,1,1
0,7577,300,91926035958305,91926038016395,91926038192372,2234.067,175.977,1,1
0,7578,300,91926038417259,91926040483359,91926040651775,2234.516,168.416,1,1
0,7579,300,91926040878802,91926042521938,91926043076707,2197.905,554.769,1,1
0,7580,300,91926042921522,91926044970312,91926045159508,2237.986,189.196,1,1
0,7581,300,91926045379265,91926047429874,91926047589090,2209.825,159.216,1,1
0,7582,300,91926047837709,91926049479114,91926050038804,2201.095,559.690,1,1
0,7583,300,91926049886038,91926051952168,91926052133205,2247.167,181.037,1,1
0,7584,300,91926052364333,91926054424462,91926054595578,2231.245,171.116,1,1
0,7585,300,91926054802115,91926056458011,91926057031231,2229.116,573.220,1,1
0,7586,300,91926056862065,91926058896763,91926059092270,2230.205,195.507,1,1
0,7587,300,91926059307008,91926061355567,91926061531174,2224.166,175.607,1,1
0,7588,300,91926061764511,91926063813581,91926063988126,2223.615,174.545,1,1
0,7589,300,91926063813581,91926065859390,91926066405499,2591.918,546.109,1,1
0,7590,300,91926066271584,91926068318153,91926068506229,2234.645,188.076,1,1
0,7591,300,91926068726947,91926070775487,91926070941072,2214.125,165.585,1,1
0,7592,300,91926071185620,91926072823106,91926073394686,2209.066,571.580,1,1
0,7593,300,91926073249641,91926075280380,91926075459385,2209.744,179.005,1,1
0,7594,300,91926075691894,91926077738473,91926077909879,2217.985,171.406,1,1
0,7595,300,91926078154597,91926079797413,91926080348912,2194.315,551.499,1,1
0,7596,300,91926080197207,91926082245116,91926082425992,2228.785,180.876,1,1
0,7597,300,91926082654220,91926084701180,91926084882465,2228.245,181.285,1,1
0,7598,300,91926085113323,91926086751229,91926087327118,2213.795,575.889,1,1
0,7599,300,91926087167903,91926089208092,91926089391509,2223.606,183.417,1,1
0,7600,300,91926089618756,91926091665386,91926091842292,2223.536,176.906,1,1
0,7601,300,91926092076219,91926094122249,91926094289995,2213.776,167.746,1,1
0,7602,300,91926094122249,91926096169739,91926096732458,2610.209,562.719,1,1
0,7603,300,91926096602093,91926098637482,91926098814378,2212.285,176.896,1,1
0,7604,300,91926099044316,91926101091806,91926101273112,2228.796,181.306,1,1
0,7605,300,91926101496449,91926103133705,91926103696044,2199.595,562.339,1,1
0,7606,300,91926103543189,91926105605349,91926105782385,2239.196,177.036,1,1
0,7607,300,91926106026893,91926108048131,91926108233947,2207.054,185.816,1,1
0,7608,300,91926108457806,91926110097111,91926110658820,2201.014,561.709,1,1
0,7609,300,91926110507925,91926112553634,91926112734540,2226.615,180.906,1,1
0,7610,300,91926112965198,91926115014528,91926115195594,2230.396,181.066,1,1
0,7611,300,91926115420902,91926117061418,91926117628427,2207.525,567.009,1,1
0,7612,300,91926117470841,91926119535932,91926119708717,2237.876,172.785,1,1
0,7613,300,91926119929555,91926121976334,91926122172331,2242.776,195.997,1,1
0,7614,300,91926122385388,91926124434627,91926124598353,2212.965,163.726,1,1
0,7615,300,91926124434627,91926126482137,91926127031705,2597.078,549.568,1,1
0,7616,300,91926126891541,91926128938060,91926129115276,2223.735,177.216,1,1
0,7617,300,91926129354794,91926131416314,91926131573209,2218.415,156.895,1,1
0,7618,300,91926131805457,91926133444953,91926133996792,2191.335,551.839,1,1
0,7619,300,91926133860687,91926135901517,91926136080452,2219.765,178.935,1,1
0,7620,300,91926136312120,91926138359540,91926138519356,2207.236,159.816,1,1
0,7621,300,91926138768654,91926140411759,91926140961048,2192.394,549.289,1,1
0,7622,300,91926140816623,91926142885173,91926143066909,2250.286,181.736,1,1
0,7623,300,91926143275016,91926145323177,91926145486992,2211.976,163.815,1,1
0,7624,300,91926145753361,91926147376935,91926147929845,2176.484,552.910,1,1
0,7625,300,91926147781039,91926149846919,91926150375447,2594.408,528.528,1,1
0,7626,300,91926150248933,91926152306083,91926152472739,2223.806,166.656,1,1
0,7627,300,91926152694496,91926154755946,91926154910102,2215.606,154.156,1,1
0,7628,300,91926154755946,91926156790486,91926157332024,2576.078,541.538,1,1
0,7629,300,91926157201509,91926159249908,91926159416224,2214.715,166.316,1,1
0,7630,300,91926159658813,91926161725893,91926161893038,2234.225,167.145,1,1
0,7631,300,91926162132377,91926163754752,91926164305501,2173.124,550.749,1,1
0,7632,300,91926164164825,91926166214805,91926166387631,2222.806,172.826,1,1
0,7633,300,91926166626989,91926168670138,91926168839074,2212.085,168.936,1,1
0,7634,300,91926169097583,91926170730008,91926171301977,2204.394,571.969,1,1
0,7635,300,91926171129422,91926173183572,91926173365068,2235.646,181.496,1,1
0,7636,300,91926173596116,91926175632615,91926175801410,2205.294,168.795,1,1
0,7637,300,91926176041838,91926177682134,91926178250123,2208.285,567.989,1,1
0,7638,300,91926178090718,91926180151408,91926180681766,2591.048,530.358,1,1
0,7639,300,91926180549882,91926182597781,91926182774266,2224.384,176.485,1,1
0,7640,300,91926183013935,91926185053874,91926185218080,2204.145,164.206,1,1
0,7641,300,91926185053874,91926187102034,91926187658353,2604.479,556.319,1,1
0,7642,300,91926187510897,91926189560007,91926189725402,2214.505,165.395,1,1
0,7643,300,91926189971231,91926192018601,91926192192236,2221.005,173.635,1,1
0,7644,300,91926192426694,91926194065440,91926194629509,2202.815,564.069,1,1
0,7645,300,91926194477384,91926196523923,91926196701259,2223.875,177.336,1,1
0,7646,300,91926196931647,91926199000217,91926199188544,2256.897,188.327,1,1
0,7647,300,91926199389061,91926201046976,91926201583995,2194.934,537.019,1,1
0,7648,300,91926201441271,91926203485960,91926203655916,2214.645,169.956,1,1
0,7649,300,91926203899073,91926205943632,91926206118729,2219.656,175.097,1,1
0,7650,300,91926206373698,91926207992443,91926208550231,2176.533,557.788,1,1
0,7651,300,91926208400756,91926210450636,91926211020135,2619.379,569.499,1,1
0,7652,300,91926210875520,91926212905569,91926213085825,2210.305,180.256,1,1
0,7653,300,91926213315803,91926215370133,91926215525418,2209.615,155.285,1,1
0,7654,300,91926215370133,91926217412583,91926217956551,2586.418,543.968,1,1
0,7655,300,91926217822546,91926219869345,91926220045862,2223.316,176.517,1,1
0,7656,300,91926220279810,91926222327719,91926222494695,2214.885,166.976,1,1
0,7657,300,91926222737503,91926224378519,91926224934877,2197.374,556.358,1,1
0,7658,300,91926224784892,91926226843172,91926227048439,2263.547,205.267,1,1
0,7659,300,91926227242386,91926229292065,91926229461321,2218.935,169.256,1,1
0,7660,300,91926229700829,91926231343205,91926231900513,2199.684,557.308,1,1
0,7661,300,91926231749649,91926233795408,91926233974804,2225.155,179.396,1,1
0,7662,300,91926234205552,91926236253761,91926236425257,2219.705,171.496,1,1
0,7663,300,91926236665146,91926238302101,91926238869090,2203.944,566.989,1,1
0,7664,300,91926238711475,91926240759014,91926241302772,2591.297,543.758,1,1
0,7665,300,91926241168258,91926243227298,91926243403684,2235.426,176.386,1,1
0,7666,300,91926243627711,91926245675091,91926245838887,2211.176,163.796,1,1
0,7667,300,91926245675091,91926247724390,91926248287710,2612.619,563.320,1,1
0,7668,300,91926248133795,91926250181804,91926250358140,2224.345,176.336,1,1
0,7669,300,91926250589678,91926252638098,91926252815203,2225.525,177.105,1,1
0,7670,300,91926253046881,91926254687567,91926255242735,2195.854,555.168,1,1
0,7671,300,91926255094480,91926257176551,91926257355287,2260.807,178.736,1,1
0,7672,300,91926257552234,91926259601033,91926259768979,2216.745,167.946,1,1
0,7673,300,91926260027278,91926261649713,91926262222653,2195.375,572.940,1,1
0,7674,300,91926262058417,91926264107717,91926264287972,2229.555,180.255,1,1
0,7675,300,91926264533660,91926266565219,91926266726386,2192.726,161.167,1,1
0,7676,300,91926266973624,91926268612740,91926269190859,2217.235,578.119,1,1
0,7677,300,91926269022223,91926271070813,91926271607620,2585.397,536.807,1,1
0,7678,300,91926271478417,91926273527756,91926273693132,2214.715,165.376,1,1
0,7679,300,91926273938440,91926275984629,91926276159155,2220.715,174.526,1,1
0,7680,300,91926275984629,91926278032888,91926278582447,2597.818,549.559,1,1
0,7681,300,91926278442303,91926280508723,91926280674288,2231.985,165.565,1,1
0,7682,300,91926280900876,91926282971567,91926283161002,2260.126,189.435,1,1
0,7683,300,91926283357189,91926284995445,91926285555184,2197.995,559.739,1,1
0,7684,300,91926285407069,91926287453948,91926287621954,2214.885,168.006,1,1
0,7685,300,91926287883573,91926289911732,91926290087878,2204.305,176.146,1,1
0,7686,300,91926290320345,91926291968412,91926292524590,2204.245,556.178,1,1
0,7687,300,91926292370735,91926294429585,91926294610291,2239.556,180.706,1,1
0,7688,300,91926294843179,91926296876178,91926297058765,2215.586,182.587,1,1
0,7689,300,91926297286042,91926298922487,91926299494387,2208.345,571.900,1,1
0,7690,300,91926299332412,91926301379651,91926301929930,2597.518,550.279,1,1
0,7691,300,91926301789705,91926303838955,91926304025411,2235.706,186.456,1,1
0,7692,300,91926304247698,91926306302178,91926306466223,2218.525,164.045,1,1
0,7693,300,91926306302178,91926308343087,91926308915777,2613.599,572.690,1,1
0,7694,300,91926308775352,91926310801801,91926310977277,2201.925,175.476,1,1
0,7695,300,91926311224385,91926313258794,91926313436680,2212.295,177.886,1,1
0,7696,300,91926313669308,91926315305594,91926315862662,2193.354,557.068,1,1
0,7697,300,91926315715717,91926317770137,91926317958583,2242.866,188.446,1,1
0,7698,300,91926318174911,91926320222390,91926320393186,2218.275,170.796,1,1
0,7699,300,91926320633614,91926322286640,91926322861850,2228.236,575.210,1,1
0,7700,300,91926322696365,91926324729454,91926324910369,2214.004,180.915,1,1
0,7701,300,91926325165848,91926327184346,91926327356612,2190.764,172.266,1,1
0,7702,300,91926327595701,91926329233036,91926329803575,2207.874,570.539,1,1
0,7703,300,91926329642110,91926331691539,91926332247068,2604.958,555.529,1,1
0,7704,300,91926332104713,91926334150473,91926334326729,2222.016,176.256,1,1
0,7705,300,91926334557887,91926336605356,91926336771171,2213.284,165.815,1,1
0,7706,300,91926336605356,91926338654005,91926339219705,2614.349,565.700,1,1
0,7707,300,91926339063170,91926341124139,91926341309405,2246.235,185.266,1,1
0,7708,300,91926341542563,91926343570432,91926343736149,2193.586,165.717,1,1
0,7709,300,91926343978506,91926345619012,91926346184082,2205.576,565.070,1,1
0,7710,300,91926346026106,91926348089216,91926348279143,2253.037,189.927,1,1
0,7711,300,91926348485930,91926350532569,91926350700185,2214.255,167.616,1,1
0,7712,300,91926350943462,91926352579808,91926353174959,2231.497,595.151,1,1
0,7713,300,91926352989292,91926355037922,91926355229058,2239.766,191.136,1,1
0,7714,300,91926355446595,91926357511085,91926357681511,2234.916,170.426,1,1
0,7715,300,91926357916739,91926359543894,91926360134134,2217.395,590.240,1,1
0,7716,300,91926359952148,91926362035629,91926362550307,2598.159,514.678,1,1
0,7717,300,91926362409811,91926364460311,91926364636067,2226.256,175.756,1,1
0,7718,300,91926364869485,91926366915914,91926367105961,2236.476,190.047,1,1
0,7719,300,91926366915914,91926368964224,91926369533653,2617.739,569.429,1,1
0,7720,300,91926369392659,91926371423288,91926371598643,2205.984,175.355,1,1
0,7721,300,91926371830551,91926373879290,91926374058917,2228.366,179.627,1,1
0,7722,300,91926374300055,91926375936460,91926376495490,2195.435,559.030,1,1
0,7723,300,91926376338844,91926378386774,91926378554979,2216.135,168.205,1,1
0,7724,300,91926378805668,91926380841857,91926381000362,2194.694,158.505,1,1
0,7725,300,91926381267512,91926382892307,91926383457876,2190.364,565.569,1,1
0,7726,300,91926383301930,91926385360270,91926385530676,2228.746,170.406,1,1
0,7727,300,91926385759424,91926387813024,91926387973089,2213.665,160.065,1,1
0,7728,300,91926388215028,91926389854903,91926390426382,2211.354,571.479,1,1
0,7729,300,91926390265087,91926392312586,91926392848714,2583.627,536.128,1,1
0,7730,300,91926392722440,91926394787401,91926394963016,2240.576,175.615,1,1
0,7731,300,91926395178974,91926397241683,91926397410839,2231.865,169.156,1,1
0,7732,300,91926397241683,91926399276172,91926399824091,2582.408,547.919,1,1
0,7733,300,91926399685287,91926401732996,91926401909921,2224.634,176.925,1,1
0,7734,300,91926402150830,91926404188809,91926404348465,2197.635,159.656,1,1
0,7735,300,91926404600923,91926406237679,91926406805497,2204.574,567.818,1,1
0,7736,300,91926406660433,91926408695632,91926408863518,2203.085,167.886,1,1
0,7737,300,91926409105146,91926411154706,91926411316591,2211.445,161.885,1,1
0,7738,300,91926411563119,91926413202075,91926413764744,2201.625,562.669,1,1
0,7739,300,91926413610508,91926415663238,91926415844145,2233.637,180.907,1,1
0,7740,300,91926416081542,91926418115902,91926418289018,2207.476,173.116,1,1
0,7741,300,91926418541106,91926420181981,91926420726960,2185.854,544.979,1,1
0,7742,300,91926420575225,91926422639645,91926423311518,2736.293,671.873,1,1
0,7743,300,91926423032428,91926425081878,91926425257224,2224.796,175.346,1,1
0,7744,300,91926425488732,91926427537021,91926427704667,2215.935,167.646,1,1
0,7745,300,91926427537021,91926429584021,91926430161431,2624.410,577.410,1,1
0,7746,300,91926429996555,91926432048675,91926432245701,2249.146,197.026,1,1
0,7747,300,91926432451728,91926434499557,91926434674013,2222.285,174.456,1,1
0,7748,300,91926434929952,91926436547257,91926437127797,2197.845,580.540,1,1
0,7749,300,91926436959041,91926439024621,91926439213127,2254.086,188.506,1,1
0,7750,300,91926439416125,91926441462544,91926441633700,2217.575,171.156,1,1
0,7751,300,91926441872758,91926443531584,91926444076783,2204.025,545.199,1,1
0,7752,300,91926443920647,91926445969116,91926446158553,2237.906,189.437,1,1
0,7753,300,91926446377991,91926448427530,91926448590965,2212.974,163.435,1,1
0,7754,300,91926448836174,91926450475309,91926451071710,2235.536,596.401,1,1
0,7755,300,91926450898424,91926452931973,91926453469371,2570.947,537.398,1,1
0,7756,300,91926453342367,91926455389876,91926455556372,2214.005,166.496,1,1
0,7757,300,91926455812110,91926457847480,91926458020836,2208.726,173.356,1,1
0,7758,300,91926457847480,91926459904590,91926460455388,2607.908,550.798,1,1
0,7759,300,91926460306114,91926462354473,91926462530608,2224.494,176.135,1,1
0,7760,300,91926462764526,91926464810516,91926464978801,2214.275,168.285,1,1
0,7761,300,91926465232760,91926466859005,91926467417205,2184.445,558.200,1,1
0,7762,300,91926467269050,91926469319889,91926469498105,2229.055,178.216,1,1
0,7763,300,91926469729613,91926471775653,91926471949448,2219.835,173.795,1,1
0,7764,300,91926472183346,91926473825762,91926474397431,2214.085,571.669,1,1
0,7765,300,91926474241096,91926476279825,91926476450521,2209.425,170.696,1,1
0,7766,300,91926476689559,91926478736418,91926478899544,2209.985,163.126,1,1
0,7767,300,91926479152052,91926480801118,91926481357758,2205.706,556.640,1,1
0,7768,300,91926481204362,91926483242332,91926483799910,2595.548,557.578,1,1
0,7769,300,91926483673196,91926485721335,91926485897101,2223.905,175.766,1,1
0,7770,300,91926486128909,91926488175639,91926488333515,2204.606,157.876,1,1
0,7771,300,91926488175639,91926490205287,91926490754966,2579.327,549.679,1,1
0,7772,300,91926490614502,91926492663881,91926492829017,2214.515,165.136,1,1
0,7773,300,91926493084376,91926495120544,91926495289830,2205.454,169.286,1,1
0,7774,300,91926495530079,91926497184835,91926497717902,2187.823,533.067,1,1
0,7775,300,91926497578978,91926499627497,91926499795653,2216.675,168.156,1,1
0,7776,300,91926500052632,91926502086831,91926502262327,2209.695,175.496,1,1
0,7777,300,91926502492994,91926504154081,91926504686329,2193.335,532.248,1,1
0,7778,300,91926504540954,91926506589903,91926506760149,2219.195,170.246,1,1
0,7779,300,91926507016368,91926509046447,91926509231443,2215.075,184.996,1,1
0,7780,300,91926509458171,91926511094376,91926511656345,2198.174,561.969,1,1
0,7781,300,91926511504071,91926513573631,91926514101089,2597.018,527.458,1,1
0,7782,300,91926513963684,91926516013823,91926516188789,2225.105,174.966,1,1
0,7783,300,91926516420327,91926518469327,91926518634442,2214.115,165.115,1,1
0,7784,300,91926518469327,91926520545067,91926521088846,2619.519,543.779,1,1
0,7785,300,91926520936430,91926522974080,91926523161876,2225.446,187.796,1,1
0,7786,300,91926523384193,91926525445654,91926525605149,2220.956,159.495,1,1
0,7787,300,91926525842067,91926527480702,91926528048381,2206.314,567.679,1,1
0,7788,300,91926527887916,91926529959246,91926530159673,2271.757,200.427,1,1
0,7789,300,91926530346019,91926532394189,91926532565214,2219.195,171.025,1,1
0,7790,300,91926532804043,91926534444609,91926535018278,2214.235,573.669,1,1
0,7791,300,91926534852482,91926536900892,91926537092328,2239.846,191.436,1,1
0,7792,300,91926537308786,91926539357405,91926539533222,2224.436,175.817,1,1
0,7793,300,91926539766379,91926541405235,91926541977344,2210.965,572.109,1,1
0,7794,300,91926541814679,91926543864529,91926544419447,2604.768,554.918,1,1
0,7795,300,91926544292013,91926546323531,91926546490137,2198.124,166.606,1,1
0,7796,300,91926546731426,91926548796336,91926548963531,2232.105,167.195,1,1
0,7797,300,91926548796336,91926550830085,91926551384063,2587.727,553.978,1,1
0,7798,300,91926551237878,91926553285258,91926553453963,2216.085,168.705,1,1
0,7799,300,91926553692722,91926555743561,91926555923188,2230.466,179.627,1,1
0,7800,300,91926556177586,91926557806092,91926558349500,2171.914,543.408,1,1
0,7801,300,91926558200785,91926560259784,91926560441441,2240.656,181.657,1,1
0,7802,300,91926560671099,91926562705977,91926562877513,2206.414,171.536,1,1
0,7803,300,91926563115041,91926564754767,91926565327666,2212.625,572.899,1,1
0,7804,300,91926565162351,91926567210590,91926567391757,2229.406,181.167,1,1
0,7805,300,91926567620484,91926569669514,91926569841830,2221.346,172.316,1,1
0,7806,300,91926570078087,91926571721654,91926572305103,2227.016,583.449,1,1
0,7807,300,91926572135537,91926574174907,91926574717265,2581.728,542.358,1,1
0,7808,300,91926574583460,91926576653681,91926576828647,2245.187,174.966,1,1
0,7809,300,91926577042134,91926579102164,91926579282630,2240.496,180.466,1,1
0,7810,300,91926579102164,91926581138153,91926581688152,2585.988,549.999,1,1
0,7811,300,91926581547486,91926583611087,91926583788302,2240.816,177.215,1,1
0,7812,300,91926584034732,91926586053780,91926586232706,2197.974,178.926,1,1
0,7813,300,91926586461784,91926588105089,91926588685829,2224.045,580.740,1,1
0,7814,300,91926588528894,91926590557933,91926590738378,2209.484,180.445,1,1
0,7815,300,91926590969966,91926593018156,91926593198472,2228.506,180.316,1,1
0,7816,300,91926593424470,91926595063316,91926595628175,2203.705,564.859,1,1
0,7817,300,91926595473419,91926597524689,91926597717336,2243.917,192.647,1,1
0,7818,300,91926597949793,91926599978972,91926600171579,2221.786,192.607,1,1
0,7819,300,91926600409166,91926602026812,91926602615382,2206.216,588.570,1,1
0,7820,300,91926602452756,91926604484635,91926605038404,2585.648,553.769,1,1
0,7821,300,91926604893309,91926606960019,91926607153305,2259.996,193.286,1,1
0,7822,300,91926607353103,91926609400762,91926609567278,2214.175,166.516,1,1
0,7823,300,91926609400762,91926611446941,91926612029251,2628.489,582.310,1,1
0,7824,300,91926611876815,91926613904525,91926614093470,2216.655,188.945,1,1
0,7825,300,91926614335529,91926616362478,91926616531474,2195.945,168.996,1,1
0,7826,300,91926616791633,91926618411447,91926618963166,2171.533,551.719,1,1
0,7827,300,91926618819372,91926620891362,91926621086878,2267.506,195.516,1,1
0,7828,300,91926621277994,91926623326454,91926623498340,2220.346,171.886,1,1
0,7829,300,91926623736658,91926625385384,91926625946133,2209.475,560.749,1,1
0,7830,300,91926625791698,91926627832667,91926628025994,2234.296,193.327,1,1
0,7831,300,91926628240571,91926630288961,91926630474297,2233.726,185.336,1,1
0,7832,300,91926630699884,91926632336770,91926632909290,2209.406,572.520,1,1
0,7833,300,91926632747904,91926634795883,91926635347462,2599.558,551.579,1,1
0,7834,300,91926635204837,91926637269727,91926637445743,2240.906,176.016,1,1
0,7835,300,91926637680022,91926639711581,91926639877146,2197.124,165.565,1,1
0,7836,300,91926640119974,91926641758510,91926642328979,2209.005,570.469,1,1
0,7837,300,91926642187234,91926644217433,91926644407379,2220.145,189.946,1,1
0,7838,300,91926644639227,91926646673816,91926646833301,2194.074,159.485,1,1
0,7839,300,91926647082570,91926648721546,91926649290275,2207.705,568.729,1,1
0,7840,300,91926649132270,91926651180460,91926651361735,2229.465,181.275,1,1
0,7841,300,91926651589583,91926653637022,91926653798528,2208.945,161.506,1,1
0,7842,300,91926654064717,91926655688052,91926656251261,2186.544,563.209,1,1
0,7843,300,91926656095006,91926658151066,91926658324411,2229.405,173.345,1,1
0,7844,300,91926658551530,91926660620810,91926660784115,2232.585,163.305,1,1
0,7845,300,91926661019433,91926662647198,91926663240049,2220.616,592.851,1,1
0,7846,300,91926663067373,91926665104841,91926665647411,2580.038,542.570,1,1
0,7847,300,91926665514156,91926667562735,91926667739041,2224.885,176.306,1,1
0,7848,300,91926667973209,91926670019819,91926670192594,2219.385,172.775,1,1
0,7849,300,91926670429722,91926672067458,91926672626007,2196.285,558.549,1,1
0,7850,300,91926672476912,91926674526241,91926674706148,2229.236,179.907,1,1
0,7851,300,91926674935626,91926676984105,91926677169471,2233.845,185.366,1,1
0,7852,300,91926677394378,91926679046604,91926679598343,2203.965,551.739,1,1
0,7853,300,91926679441819,91926681488748,91926681668824,2227.005,180.076,1,1
0,7854,300,91926681899672,91926683948561,91926684132617,2232.945,184.056,1,1
0,7855,300,91926684372606,91926685994260,91926686579411,2206.805,585.151,1,1
0,7856,300,91926686424305,91926688452214,91926688633980,2209.675,181.766,1,1
0,7857,300,91926688863648,91926690922138,91926691107144,2243.496,185.006,1,1
0,7858,300,91926691318641,91926692958677,91926693545657,2227.016,586.980,1,1
0,7859,300,91926693383491,91926695415850,91926695967399,2583.908,551.549,1,1
0,7860,300,91926695826374,91926697874024,91926698060700,2234.326,186.676,1,1
0,7861,300,91926698301159,91926700332197,91926700498743,2197.584,166.546,1,1
0,7862,300,91926700741011,91926702384166,91926702955586,2214.575,571.420,1,1
0,7863,300,91926702806831,91926704835819,91926705035377,2228.546,199.558,1,1
0,7864,300,91926705245204,91926707294973,91926707464019,2218.815,169.046,1,1
0,7865,300,91926707722637,91926709343153,91926709899271,2176.634,556.118,1,1
0,7866,300,91926709752106,91926711800386,91926711980052,2227.946,179.666,1,1
0,7867,300,91926712221761,91926714275220,91926714446356,2224.595,171.136,1,1
0,7868,300,91926714678954,91926716304638,91926716880309,2201.355,575.671,1,1
0,7869,300,91926716715343,91926718777692,91926718964759,2249.416,187.067,1,1
0,7870,300,91926719171936,91926721219506,91926721393011,2221.075,173.505,1,1
0,7871,300,91926721631620,91926723268145,91926723840394,2208.774,572.249,1,1
0,7872,300,91926723678039,91926725736509,91926726271337,2593.298,534.828,1,1
0,7873,300,91926726136663,91926728182982,91926728350458,2213.795,167.476,1,1
0,7874,300,91926728593025,91926730657506,91926730822952,2229.927,165.446,1,1
0,7875,300,91926731070240,91926732689605,91926733249344,2179.104,559.739,1,1
0,7876,300,91926733100079,91926735154749,91926735344965,2244.886,190.216,1,1
0,7877,300,91926735579613,91926737606362,91926737776208,2196.595,169.846,1,1
0,7878,300,91926738016505,91926739674582,91926740218870,2202.365,544.288,1,1
0,7879,300,91926740062074,91926742131236,91926742320612,2258.538,189.376,1,1
0,7880,300,91926742521108,91926744567428,91926744739674,2218.566,172.246,1,1
0,7881,300,91926744977312,91926746630548,91926747192647,2215.335,562.099,1,1
0,7882,300,91926747026161,91926749079811,91926749281858,2255.697,202.047,1,1
0,7883,300,91926749484404,91926751534424,91926751718951,2234.547,184.527,1,1
0,7884,300,91926751940178,91926754023398,91926754192274,2252.096,168.876,1,1
0,7885,300,91926754023398,91926756037257,91926756579895,2556.497,542.638,1,1
0,7886,300,91926756445411,91926758494240,91926758669936,2224.525,175.696,1,1
0,7887,300,91926758905064,91926760950654,91926761128330,2223.266,177.676,1,1
0,7888,300,91926761364198,91926763014494,91926763555232,2191.034,540.738,1,1
0,7889,300,91926763408917,91926765468007,91926765646233,2237.316,178.226,1,1
0,7890,300,91926765877951,91926767916020,91926768095586,2217.635,179.566,1,1
0,7891,300,91926768326164,91926769963109,91926770541009,2214.845,577.900,1,1
0,7892,300,91926770383454,91926772421673,91926772602229,2218.775,180.556,1,1
0,7893,300,91926772829677,91926774886077,91926775079194,2249.517,193.117,1,1
0,7894,300,91926775288611,91926776926945,91926777490685,2202.074,563.740,1,1
0,7895,300,91926777335120,91926779385049,91926779579036,2243.916,193.987,1,1
0,7896,300,91926779794693,91926781839983,91926782027889,2233.196,187.906,1,1
0,7897,300,91926782251117,91926784299266,91926784462001,2210.884,162.735,1,1
0,7898,300,91926784299266,91926786348335,91926786890344,2591.078,542.009,1,1
0,7899,300,91926786756080,91926788805829,91926788992195,2236.115,186.366,1,1
0,7900,300,91926789214212,91926791262792,91926791429967,2215.755,167.175,1,1
0,7901,300,91926791670796,91926793311202,91926793860660,2189.864,549.458,1,1
0,7902,300,91926793726916,91926795768845,91926795936871,2209.955,168.026,1,1
0,7903,300,91926796178029,91926798226539,91926798386644,2208.615,160.105,1,1
0,7904,300,91926798637242,91926800273738,91926800832967,2195.725,559.229,1,1
0,7905,300,91926800683982,91926802738261,91926802919128,2235.146,180.867,1,1
0,7906,300,91926803162706,91926805187114,91926805349420,2186.714,162.306,1,1
0,7907,300,91926805598968,91926807237454,91926807802913,2203.945,565.459,1,1
0,7908,300,91926807646248,91926809692678,91926809865884,2219.636,173.206,1,1
0,7909,300,91926810103361,91926812153961,91926812329277,2225.916,175.316,1,1
0,7910,300,91926812562005,91926814610084,91926814762880,2200.875,152.796,1,1
0,7911,300,91926814610084,91926816660234,91926817199622,2589.538,539.388,1,1
0,7912,300,91926817066068,91926819126717,91926819312553,2246.485,185.836,1,1
0,7913,300,91926819547932,91926821571360,91926821737157,2189.225,165.797,1,1
0,7914,300,91926821981275,91926823619300,91926824229530,2248.255,610.230,1,1
0,7915,300,91926824066515,91926826079773,91926826276230,2209.715,196.457,1,1
0,7916,300,91926826496027,91926828536027,91926828704403,2208.376,168.376,1,1
0,7917,300,91926828944611,91926830584717,91926831167476,2222.865,582.759,1,1
0,7918,300,91926830994800,91926833042499,91926833244767,2249.967,202.268,1,1
0,7919,300,91926833465784,91926835497923,91926835679769,2213.985,181.846,1,1
0,7920,300,91926835907697,91926837548142,91926838121652,2213.955,573.510,1,1
0,7921,300,91926837963656,91926840016726,91926840210203,2246.547,193.477,1,1
0,7922,300,91926840414440,91926842461679,91926842625445,2211.005,163.766,1,1
0,7923,300,91926842876914,91926844918703,91926845081838,2204.924,163.135,1,1
0,7924,300,91926844918703,91926846983852,91926847512371,2593.668,528.519,1,1
0,7925,300,91926847378377,91926849425216,91926849591301,2212.924,166.085,1,1
0,7926,300,91926849856060,91926851899240,91926852065966,2209.906,166.726,1,1
0,7927,300,91926852306733,91926853930568,91926854474766,2168.033,544.198,1,1
0,7928,300,91926854340632,91926856390292,91926856559078,2218.446,168.786,1,1
0,7929,300,91926856798475,91926858848326,91926859036712,2238.237,188.386,1,1
0,7930,300,91926859256739,91926860893295,91926861453094,2196.355,559.799,1,1
0,7931,300,91926861304148,91926863352658,91926863534265,2230.117,181.607,1,1
0,7932,300,91926863761422,91926865811662,91926865981758,2220.336,170.096,1,1
0,7933,300,91926866240306,91926867858371,91926868421900,2181.594,563.529,1,1
0,7934,300,91926868267015,91926870313814,91926870497400,2230.385,183.586,1,1
0,7935,300,91926870724588,91926872773607,91926872957375,2232.787,183.768,1,1
0,7936,300,91926873182062,91926875248862,91926875412017,2229.955,163.155,1,1
0,7937,300,91926875248862,91926877279411,91926877820999,2572.137,541.588,1,1
0,7938,300,91926877687195,91926879749214,91926879929040,2241.845,179.826,1,1
0,7939,300,91926880154889,91926882194367,91926882361493,2206.604,167.126,1,1
0,7940,300,91926882602512,91926884257488,91926884809906,2207.394,552.418,1,1
0,7941,300,91926884666111,91926886711640,91926886899657,2233.546,188.017,1,1
0,7942,300,91926887109744,91926889155934,91926889316169,2206.425,160.235,1,1
0,7943,300,91926889566668,91926891204963,91926891765122,2198.454,560.159,1,1
0,7944,300,91926891624608,91926893669937,91926893850983,2226.375,181.046,1,1
0,7945,300,91926894087741,91926896122400,91926896304426,2216.685,182.026,1,1
0,7946,300,91926896528683,91926898179280,91926898762460,2233.777,583.180,1,1
0,7947,300,91926898597274,91926900625653,91926900806689,2209.415,181.036,1,1
0,7948,300,91926901051217,91926903082246,91926903273122,2221.905,190.876,1,1
0,7949,300,91926903493380,91926905540890,91926905713406,2220.026,172.516,1,1
0,7950,300,91926905540890,91926907590009,91926908161389,2620.499,571.380,1,1
0,7951,300,91926907996763,91926910050702,91926910239829,2243.066,189.127,1,1
0,7952,300,91926910457046,91926912521646,91926912699022,2241.976,177.376,1,1
0,7953,300,91926912932461,91926914550845,91926915112825,2180.364,561.980,1,1
0,7954,300,91926914960729,91926917033600,91926917223456,2262.727,189.856,1,1
0,7955,300,91926917417882,91926919467562,91926919637877,2219.995,170.315,1,1
0,7956,300,91926919875886,91926921514462,91926922083161,2207.275,568.699,1,1
0,7957,300,91926921924065,91926923974905,91926924176072,2252.007,201.167,1,1
0,7958,300,91926924383699,91926926430968,91926926612984,2229.285,182.016,1,1
0,7959,300,91926926841252,91926928490988,91926929064528,2223.276,573.540,1,1
0,7960,300,91926928896632,91926930935972,91926931129807,2233.175,193.835,1,1
0,7961,300,91926931356456,91926933395034,91926933568471,2212.015,173.437,1,1
0,7962,300,91926933804399,91926935853808,91926936026863,2222.464,173.055,1,1
0,7963,300,91926935853808,91926937899267,91926938444376,2590.568,545.109,1,1
0,7964,300,91926938308691,91926940355371,91926940531386,2222.695,176.015,1,1
0,7965,300,91926940766235,91926942812904,91926942978329,2212.094,165.425,1,1
0,7966,300,91926943230998,91926944873614,91926945421383,2190.385,547.769,1,1
0,7967,300,91926945270798,91926947337347,91926947515954,2245.156,178.607,1,1
0,7968,300,91926947749401,91926949776971,91926949944207,2194.806,167.236,1,1
0,7969,300,91926950186954,91926951825610,91926952386739,2199.785,561.129,1,1
0,7970,300,91926952235874,91926954284113,91926954464980,2229.106,180.867,1,1
0,7971,300,91926954691347,91926956741547,91926956922893,2231.546,181.346,1,1
0,7972,300,91926957163091,91926958802986,91926959365555,2202.464,562.569,1,1
0,7973,300,91926959199290,91926961250639,91926961434206,2234.916,183.567,1,1
0,7974,300,91926961668853,91926963725724,91926963904900,2236.047,179.176,1,1
0,7975,300,91926964113627,91926966160586,91926966314491,2200.864,153.905,1,1
0,7976,300,91926966160586,91926968209836,91926968759825,2599.239,549.989,1,1
0,7977,300,91926968632300,91926970668269,91926970845875,2213.575,177.606,1,1
0,7978,300,91926971084474,91926973123752,91926973313819,2229.345,190.067,1,1
0,7979,300,91926973532677,91926975194473,91926975746912,2214.235,552.439,1,1
0,7980,300,91926975604567,91926977631136,91926977808431,2203.864,177.295,1,1
0,7981,300,91926978063500,91926980087218,91926980266265,2202.765,179.047,1,1
0,7982,300,91926980496243,91926982135909,91926982702078,2205.835,566.169,1,1
0,7983,300,91926982553623,91926984593701,91926984784058,2230.435,190.357,1,1
0,7984,300,91926985028196,91926987049515,91926987245771,2217.575,196.256,1,1
0,7985,300,91926987459869,91926989119205,91926989664774,2204.905,545.569,1,1
0,7986,300,91926989509728,91926991555808,91926991737284,2227.556,181.476,1,1
0,7987,300,91926991972852,91926994017861,91926994212628,2239.776,194.767,1,1
0,7988,300,91926994424606,91926996471465,91926996633420,2208.814,161.955,1,1
0,7989,300,91926996471465,91926998518294,91926999082143,2610.678,563.849,1,1
0,7990,300,91926998929308,91927000976178,91927001182835,2253.527,206.657,1,1
0,7991,300,91927001388562,91927003440401,91927003606187,2217.625,165.786,1,1
0,7992,300,91927003845354,91927005481970,91927006076321,2230.967,594.351,1,1
0,7993,300,91927005892805,91927007954834,91927008154521,2261.716,199.687,1,1
0,7994,300,91927008349177,91927010397347,91927010566173,2216.996,168.826,1,1
0,7995,300,91927010809451,91927012464258,91927013042987,2233.536,578.729,1,1
0,7996,300,91927012873681,91927014902280,91927015092296,2218.615,190.016,1,1
0,7997,300,91927015317984,91927017383855,91927017565990,2248.006,182.135,1,1
0,7998,300,91927017772397,91927019408993,91927019973642,2201.245,564.649,1,1
0,7999,300,91927019819016,91927021875477,91927022080933,2261.917,205.456,1,1
0,8000,300,91927022275330,91927024325850,91927024500886,2225.556,175.036,1,1
0,8001,300,91927024734653,91927026781813,91927026943289,2208.636,161.476,1,1
0,8002,300,91927026781813,91927028850053,91927029375731,2593.918,525.678,1,1
0,8003,300,91927029240676,91927031287055,91927031463592,2222.916,176.537,1,1
0,8004,300,91927031697150,91927033745289,91927033911365,2214.215,166.076,1,1
0,8005,300,91927034155883,91927035793169,91927036375168,2219.285,581.999,1,1
0,8006,300,91927036224784,91927038251773,91927038430568,2205.784,178.795,1,1
0,8007,300,91927038661376,91927040707885,91927040876031,2214.655,168.146,1,1
0,8008,300,91927041119740,91927042756486,91927043316034,2196.294,559.548,1,1
0,8009,300,91927043166769,91927045214428,91927045396434,2229.665,182.006,1,1
0,8010,300,91927045622373,91927047670902,91927047841208,2218.835,170.306,1,1
0,8011,300,91927048082756,91927049719531,91927050296751,2213.995,577.220,1,1
0,8012,300,91927050129335,91927052184325,91927052357311,2227.976,172.986,1,1
0,8013,300,91927052587129,91927054644289,91927054816844,2229.715,172.555,1,1
0,8014,300,91927055047412,91927057093382,91927057253807,2206.395,160.425,1,1
0,8015,300,91927057093382,91927059154451,91927059688720,2595.338,534.269,1,1
0,8016,300,91927059549885,91927061596694,91927061783531,2233.646,186.837,1,1
0,8017,300,91927062013049,91927064064619,91927064232244,2219.195,167.625,1,1
0,8018,300,91927064466571,91927066104007,91927066667816,2201.245,563.809,1,1
0,8019,300,91927066534082,91927068572211,91927068739766,2205.684,167.555,1,1
0,8020,300,91927068971464,91927071018154,91927071188540,2217.076,170.386,1,1
0,8021,300,91927071429708,91927073082224,91927073621952,2192.244,539.728,1,1
0,8022,300,91927073481158,91927075523527,91927075693463,2212.305,169.936,1,1
0,8023,300,91927075933661,91927077980981,91927078170697,2237.036,189.716,1,1
0,8024,300,91927078391704,91927080028880,91927080615050,2223.346,586.170,1,1
0,8025,300,91927080461354,91927082487013,91927082666509,2205.155,179.496,1,1
0,8026,300,91927082895947,91927084962587,91927085157324,2261.377,194.737,1,1
0,8027,300,91927085355070,91927087416570,91927087578986,2223.916,162.416,1,1
0,8028,300,91927087416570,91927089450310,91927090019389,2602.819,569.079,1,1
0,8029,300,91927089861963,91927091907122,91927092104119,2242.156,196.997,1,1
0,8030,300,91927092337187,91927094365426,91927094550052,2212.865,184.626,1,1
0,8031,300,91927094776480,91927096412965,91927096972724,2196.244,559.759,1,1
0,8032,300,91927096822610,91927098870409,91927099058376,2235.766,187.967,1,1
0,8033,300,91927099303404,91927101330182,91927101499008,2195.604,168.826,1,1
0,8034,300,91927101739117,91927103376091,91927103935571,2196.454,559.480,1,1
0,8035,300,91927103787536,91927105836445,91927106027032,2239.496,190.587,1,1
0,8036,300,91927106243799,91927108291249,91927108475765,2231.966,184.516,1,1
0,8037,300,91927108702813,91927110340908,91927110904547,2201.734,563.639,1,1
0,8038,300,91927110750202,91927112801781,91927112984427,2234.225,182.646,1,1
0,8039,300,91927113206536,91927115257385,91927115431211,2224.675,173.826,1,1
0,8040,300,91927115666619,91927117723039,91927117884984,2218.365,161.945,1,1
0,8041,300,91927117723039,91927119785129,91927120313576,2590.537,528.447,1,1
0,8042,300,91927120170512,91927122241862,91927122418658,2248.146,176.796,1,1
0,8043,300,91927122628525,91927124678025,91927124844080,2215.555,166.055,1,1
0,8044,300,91927125087338,91927126723484,91927127338695,2251.357,615.211,1,1
0,8045,300,91927127135448,91927129182858,91927129351973,2216.525,169.115,1,1
0,8046,300,91927129599552,91927131638570,91927131808796,2209.244,170.226,1,1
0,8047,300,91927132048955,91927133693050,91927134249979,2201.024,556.929,1,1
0,8048,300,91927134098965,91927136156114,91927136326900,2227.935,170.786,1,1
0,8049,300,91927136555007,91927138621688,91927138782883,2227.876,161.195,1,1
0,8050,300,91927139014081,91927140650347,91927141225566,2211.485,575.219,1,1
0,8051,300,91927141059960,91927143128380,91927143309947,2249.987,181.567,1,1
0,8052,300,91927143529424,91927145564733,91927145738870,2209.446,174.137,1,1
0,8053,300,91927145975107,91927148029027,91927148192182,2217.075,163.155,1,1
0,8054,300,91927148029027,91927150072687,91927150615865,2586.838,543.178,1,1
0,8055,300,91927150481320,91927152528699,91927152694475,2213.155,165.776,1,1
0,8056,300,91927152938194,91927155016934,91927155183579,2245.385,166.645,1,1
0,8057,300,91927155405287,91927157034802,91927157578531,2173.244,543.729,1,1
0,8058,300,91927157444736,91927159493146,91927159671702,2226.966,178.556,1,1
0,8059,300,91927159912151,91927161955629,91927162126995,2214.844,171.366,1,1
0,8060,300,91927162368193,91927163997178,91927164564778,2196.585,567.600,1,1
0,8061,300,91927164415262,91927166456752,91927166636618,2221.356,179.866,1,1
0,8062,300,91927166864436,91927168914305,91927169104852,2240.416,190.547,1,1
0,8063,300,91927169322359,91927170961805,91927171527355,2204.996,565.550,1,1
0,8064,300,91927171370789,91927173418018,91927173600245,2229.456,182.227,1,1
0,8065,300,91927173829243,91927175877942,91927176061398,2232.155,183.456,1,1
0,8066,300,91927176286835,91927178342755,91927178505831,2218.996,163.076,1,1
0,8067,300,91927178342755,91927180391455,91927180938623,2595.868,547.168,1,1
0,8068,300,91927180803558,91927182841128,91927183042804,2239.246,201.676,1,1
0,8069,300,91927183249202,91927185313222,91927185486258,2237.056,173.036,1,1
0,8070,300,91927185718916,91927187344961,91927187899709,2180.793,554.748,1,1
0,8071,300,91927187754594,91927189801695,91927189978750,2224.156,177.055,1,1
0,8072,300,91927190216978,91927192281758,91927192451304,2234.326,169.546,1,1
0,8073,300,91927192683642,91927194308037,91927194865336,2181.694,557.299,1,1
0,8074,300,91927194717141,91927196774930,91927196953987,2236.846,179.057,1,1
0,8075,300,91927197174824,91927199222953,91927199394149,2219.325,171.196,1,1
0,8076,300,91927199633548,91927201291734,91927201859724,2226.176,567.990,1,1
0,8077,300,91927201704488,91927203728046,91927203915493,2211.005,187.447,1,1
0,8078,300,91927204161742,91927206187940,91927206388657,2226.915,200.717,1,1
0,8079,300,91927206597864,91927208645433,91927208808289,2210.425,162.856,1,1
0,8080,300,91927208645433,91927210692903,91927211253682,2608.249,560.779,1,1
0,8081,300,91927211107317,91927213152576,91927213329903,2222.586,177.327,1,1
0,8082,300,91927213560171,91927215616860,91927215783185,2223.014,166.325,1,1
0,8083,300,91927216026484,91927217654439,91927218225729,2199.245,571.290,1,1
0,8084,300,91927218064943,91927220130384,91927220317580,2252.637,187.196,1,1
0,8085,300,91927220521836,91927222570536,91927222738402,2216.566,167.866,1,1
0,8086,300,91927222981789,91927224640946,91927225188145,2206.356,547.199,1,1
0,8087,300,91927225029190,91927227088839,91927227291087,2261.897,202.248,1,1
0,8088,300,91927227485362,91927229534322,91927229721778,2236.416,187.456,1,1
0,8089,300,91927229943896,91927231580662,91927232171551,2227.655,590.889,1,1
0,8090,300,91927231991326,91927234043775,91927234245212,2253.886,201.437,1,1
0,8091,300,91927234449659,91927236497559,91927236670684,2221.025,173.125,1,1
0,8092,300,91927236907962,91927238953411,91927239163649,2255.687,210.238,1,1
0,8093,300,91927238953411,91927241015982,91927241567610,2614.199,551.628,1,1
0,8094,300,91927241432356,91927243461185,91927243636551,2204.195,175.366,1,1
0,8095,300,91927243870988,91927245917928,91927246094464,2223.476,176.536,1,1
0,8096,300,91927246327512,91927247967128,91927248528697,2201.185,561.569,1,1
0,8097,300,91927248386232,91927250424831,91927250602607,2216.375,177.776,1,1
0,8098,300,91927250834515,91927252881684,91927253060500,2225.985,178.816,1,1
0,8099,300,91927253291418,91927254929554,91927255490383,2198.965,560.829,1,1
0,8100,300,91927255339488,91927257387598,91927257568223,2228.735,180.625,1,1
0,8101,300,91927257797961,91927259845740,91927260027677,2229.716,181.937,1,1
0,8102,300,91927260265235,91927261892780,91927262512021,2246.786,619.241,1,1
0,8103,300,91927262344176,91927264351394,91927264535090,2190.914,183.696,1,1
0,8104,300,91927264759788,91927266806897,91927266980682,2220.894,173.785,1,1
0,8105,300,91927267217031,91927269268720,91927269432536,2215.505,163.816,1,1
0,8106,300,91927269268720,91927271312099,91927271856718,2587.998,544.619,1,1
0,8107,300,91927271721884,91927273771313,91927273946499,2224.615,175.186,1,1
0,8108,300,91927274182657,91927276249978,91927276416733,2234.076,166.755,1,1
0,8109,300,91927276650180,91927278277086,91927278826374,2176.194,549.288,1,1
0,8110,300,91927278684940,91927280734029,91927280910845,2225.905,176.816,1,1
0,8111,300,91927281159054,91927283190573,91927283365779,2206.725,175.206,1,1
0,8112,300,91927283602106,91927285241192,91927285798741,2196.635,557.549,1,1
0,8113,300,91927285649877,91927287697276,91927287867852,2217.975,170.576,1,1
0,8114,300,91927288108119,91927290166660,91927290328985,2220.866,162.325,1,1
0,8115,300,91927290565563,91927292204908,91927292790698,2225.135,585.790,1,1
0,8116,300,91927292624332,91927294661942,91927294843438,2219.106,181.496,1,1
0,8117,300,91927295070445,91927297121195,91927297311831,2241.386,190.636,1,1
0,8118,300,91927297546560,91927299574678,91927299738044,2191.484,163.366,1,1
0,8119,300,91927299574678,91927301623318,91927302170106,2595.428,546.788,1,1
0,8120,300,91927302033062,91927304081322,91927304255568,2222.506,174.246,1,1
0,8121,300,91927304489625,91927306554946,91927306714821,2225.196,159.875,1,1
0,8122,300,91927306947229,91927308588625,91927309141163,2193.934,552.538,1,1
0,8123,300,91927308995238,91927311046348,91927311239554,2244.316,193.206,1,1
0,8124,300,91927311474943,91927313502301,91927313670777,2195.834,168.476,1,1
0,8125,300,91927313928146,91927315550621,91927316121840,2193.694,571.219,1,1
0,8126,300,91927315960814,91927318027005,91927318211691,2250.877,184.686,1,1
0,8127,300,91927318435698,91927320470818,91927320634433,2198.735,163.615,1,1
0,8128,300,91927320876102,91927322514697,91927323083056,2206.954,568.359,1,1
0,8129,300,91927322923681,91927324970940,91927325168037,2244.356,197.097,1,1
0,8130,300,91927325379114,91927327449385,91927327623850,2244.736,174.465,1,1
0,8131,300,91927327839158,91927329887557,91927330056073,2216.915,168.516,1,1
0,8132,300,91927329887557,91927331935276,91927332484635,2597.078,549.359,1,1
0,8133,300,91927332343071,91927334410010,91927334586767,2243.696,176.757,1,1
0,8134,300,91927334822374,91927336849154,91927337029329,2206.955,180.175,1,1
0,8135,300,91927337267048,91927338910513,91927339451751,2184.703,541.238,1,1
0,8136,300,91927339308537,91927341355926,91927341534373,2225.836,178.447,1,1
0,8137,300,91927341764180,91927343829310,91927343999166,2234.986,169.856,1,1
0,8138,300,91927344221583,91927345861209,91927346436448,2214.865,575.239,1,1
0,8139,300,91927346286444,91927348317353,91927348502969,2216.525,185.616,1,1
0,8140,300,91927348735997,91927350777186,91927350947502,2211.505,170.316,1,1
0,8141,300,91927351186470,91927352827135,91927353391774,2205.304,564.639,1,1
0,8142,300,91927353234800,91927355280829,91927355470425,2235.625,189.596,1,1
0,8143,300,91927355689492,91927357740062,91927357912668,2223.176,172.606,1,1
0,8144,300,91927358153916,91927360196905,91927360360691,2206.775,163.786,1,1
0,8145,300,91927360196905,91927362244305,91927362790303,2593.398,545.998,1,1
0,8146,300,91927362655219,91927364720259,91927364905125,2249.906,184.866,1,1
0,8147,300,91927365112842,91927367160961,91927367327707,2214.865,166.746,1,1
0,8148,300,91927367567986,91927369208732,91927369758690,2190.704,549.958,1,1
0,8149,300,91927369616495,91927371666114,91927371842581,2226.086,176.467,1,1
0,8150,300,91927372076069,91927374139178,91927374321754,2245.685,182.576,1,1
0,8151,300,91927374553942,91927376189228,91927376759648,2205.706,570.420,1,1
0,8152,300,91927376601602,91927378629241,91927378811017,2209.415,181.776,1,1
0,8153,300,91927379038495,91927381084994,91927381267190,2228.695,182.196,1,1
0,8154,300,91927381497118,91927383134073,91927383698683,2201.565,564.610,1,1
0,8155,300,91927383542978,91927385590807,91927385772813,2229.835,182.006,1,1
0,8156,300,91927386012622,91927388048101,91927388231187,2218.565,183.086,1,1
0,8157,300,91927388460895,91927390526584,91927390689820,2228.925,163.236,1,1
0,8158,300,91927390526584,91927392554953,91927393132333,2605.749,577.380,1,1
0,8159,300,91927392986018,91927395015947,91927395212333,2226.315,196.386,1,1
0,8160,300,91927395436922,91927397489810,91927397655517,2218.595,165.707,1,1
0,8161,300,91927397885715,91927399519400,91927400088149,2202.434,568.749,1,1
0,8162,300,91927399926403,91927401975803,91927402163609,2237.206,187.806,1,1
0,8163,300,91927402384277,91927404434197,91927404593292,2209.015,159.095,1,1
0,8164,300,91927404843300,91927406489367,91927407050025,2206.725,560.658,1,1
0,8165,300,91927406890129,91927408951700,91927409132336,2242.207,180.636,1,1
0,8166,300,91927409363183,91927411396242,91927411568709,2205.526,172.467,1,1
0,8167,300,91927411806247,91927413459623,91927414020392,2214.145,560.769,1,1
0,8168,300,91927413852896,91927415917806,91927416100132,2247.236,182.326,1,1
0,8169,300,91927416331340,91927418358448,91927418522275,2190.935,163.827,1,1
0,8170,300,91927418773893,91927420838063,91927420991688,2217.795,153.625,1,1
0,8171,300,91927420838063,91927422864451,91927423403130,2565.067,538.679,1,1
0,8172,300,91927423274006,91927425322375,91927425499121,2225.115,176.746,1,1
0,8173,300,91927425741820,91927427797079,91927427953664,2211.844,156.585,1,1
0,8174,300,91927428190633,91927429829278,91927430405548,2214.915,576.270,1,1
0,8175,300,91927430253562,91927432305082,91927432473568,2220.006,168.486,1,1
0,8176,300,91927432696126,91927434742695,91927434902200,2206.074,159.505,1,1
0,8177,300,91927435172189,91927436796385,91927437350503,2178.314,554.118,1,1
0,8178,300,91927437200448,91927439265979,91927439436933,2236.485,170.954,1,1
0,8179,300,91927439659882,91927441706051,91927441866726,2206.844,160.675,1,1
0,8180,300,91927442115275,91927443754970,91927444322300,2207.025,567.330,1,1
0,8181,300,91927444163685,91927446211634,91927446385030,2221.345,173.396,1,1
0,8182,300,91927446627548,91927448668887,91927448837373,2209.825,168.486,1,1
0,8183,300,91927449080261,91927451127401,91927451307506,2227.245,180.105,1,1
0,8184,300,91927451127401,91927453193050,91927453733099,2605.698,540.049,1,1
0,8185,300,91927453597964,91927455637374,91927455821020,2223.056,183.646,1,1
0,8186,300,91927456065338,91927458090647,91927458268223,2202.885,177.576,1,1
0,8187,300,91927458501271,91927460139136,91927460692715,2191.444,553.579,1,1
0,8188,300,91927460547810,91927462597210,91927462775815,2228.005,178.605,1,1
0,8189,300,91927463016444,91927465053963,91927465224588,2208.144,170.625,1,1
0,8190,300,91927465465257,91927467123394,91927467656771,2191.514,533.377,1,1
0,8191,300,91927467515967,91927469558255,91927469728081,2212.114,169.826,1,1
0,8192,300,91927469979420,91927472016769,91927472198875,2219.455,182.106,1,1
0,8193,300,91927472426483,91927474065009,91927474623507,2197.024,558.498,1,1
0,8194,300,91927474476043,91927476532012,91927476714299,2238.256,182.287,1,1
0,8195,300,91927476934126,91927478980755,91927479173472,2239.346,192.717,1,1
0,8196,300,91927479388920,91927481437269,91927481591455,2202.535,154.186,1,1
0,8197,300,91927481437269,91927483489489,91927484032947,2595.678,543.458,1,1
0,8198,300,91927483895433,91927485960353,91927486136538,2241.105,176.185,1,1
0,8199,300,91927486363087,91927488410106,91927488586301,2223.214,176.195,1,1
0,8200,300,91927488820069,91927490448374,91927491001053,2180.984,552.679,1,1
0,8201,300,91927490858349,91927492928279,91927493118085,2259.736,189.806,1,1
0,8202,300,91927493316282,91927495366172,91927495535317,2219.035,169.145,1,1
0,8203,300,91927495774085,91927497413991,91927497970780,2196.695,556.789,1,1
0,8204,300,91927497821775,91927499869884,91927500059981,2238.206,190.097,1,1
0,8205,300,91927500278838,91927502326868,91927502498874,2220.036,172.006,1,1
0,8206,300,91927502737651,91927504374907,91927504941166,2203.515,566.259,1,1
0,8207,300,91927504785422,91927506832931,91927507031277,2245.855,198.346,1,1
0,8208,300,91927507243074,91927509309394,91927509494281,2251.207,184.887,1,1
0,8209,300,91927509699638,91927511748778,91927511924153,2224.515,175.375,1,1
0,8210,300,91927511748778,91927513795937,91927514342686,2593.908,546.749,1,1
0,8211,300,91927514206000,91927516263330,91927516430136,2224.136,166.806,1,1
0,8212,300,91927516664434,91927518714764,91927518880099,2215.665,165.335,1,1
0,8213,300,91927519122428,91927520768414,91927521306521,2184.093,538.107,1,1
0,8214,300,91927521170967,91927523215977,91927523384692,2213.725,168.715,1,1
0,8215,300,91927523627460,91927525675680,91927525834715,2207.255,159.035,1,1
0,8216,300,91927526085214,91927527722150,91927528282398,2197.184,560.248,1,1
0,8217,300,91927528131313,91927530187363,91927530358299,2226.986,170.936,1,1
0,8218,300,91927530590807,91927532636646,91927532804062,2213.255,167.416,1,1
0,8219,300,91927533047590,91927534706176,91927535263395,2215.805,557.219,1,1
0,8220,300,91927535095209,91927537157700,91927537353607,2258.398,195.907,1,1
0,8221,300,91927537572533,91927539622803,91927539798039,2225.506,175.236,1,1
0,8222,300,91927540014836,91927542058076,91927542231382,2216.546,173.306,1,1
0,8223,300,91927542058076,91927544114446,91927544664564,2606.488,550.118,1,1
0,8224,300,91927544528590,91927546564629,91927546739114,2210.524,174.485,1,1
0,8225,300,91927546987073,91927549022892,91927549189908,2202.835,167.016,1,1
0,8226,300,91927549442696,91927551071331,91927551621930,2179.234,550.599,1,1
0,8227,300,91927551479226,91927553527465,91927553695271,2216.045,167.806,1,1
0,8228,300,91927553936728,91927555984529,91927556177425,2240.697,192.896,1,1
0,8229,300,91927556394852,91927558043358,91927558600628,2205.776,557.270,1,1
0,8230,300,91927558442022,91927560489611,91927560669698,2227.676,180.087,1,1
0,8231,300,91927560900855,91927562949725,91927563156212,2255.357,206.487,1,1
0,8232,300,91927563359528,91927564996144,91927565563163,2203.635,567.019,1,1
0,8233,300,91927565406818,91927567453578,91927567635744,2228.926,182.166,1,1
0,8234,300,91927567863711,91927569912951,91927570097207,2233.496,184.256,1,1
0,8235,300,91927570336975,91927572369004,91927572543850,2206.875,174.846,1,1
0,8236,300,91927572369004,91927574416314,91927574971522,2602.518,555.208,1,1
0,8237,300,91927574828717,91927576876167,91927577062254,2233.537,186.087,1,1
0,8238,300,91927577292652,91927579332010,91927579490376,2197.724,158.366,1,1
0,8239,300,91927579741025,91927581395121,91927581922938,2181.913,527.817,1,1
0,8240,300,91927581788674,91927583838223,91927584025710,2237.036,187.487,1,1
0,8241,300,91927584248767,91927586304447,91927586476583,2227.816,172.136,1,1
0,8242,300,91927586706271,91927588343257,91927588912335,2206.064,569.078,1,1
0,8243,300,91927588754130,91927590802029,91927590992956,2238.826,190.927,1,1
0,8244,300,91927591210004,91927593259213,91927593430329,2220.325,171.116,1,1
0,8245,300,91927593667287,91927595306092,91927595873242,2205.955,567.150,1,1
0,8246,300,91927595716696,91927597764106,91927597945622,2228.926,181.516,1,1
0,8247,300,91927598174980,91927600242160,91927600423736,2248.756,181.576,1,1
0,8248,300,91927600654603,91927602680743,91927602844208,2189.605,163.465,1,1
0,8249,300,91927602680743,91927604728222,91927605290111,2609.368,561.889,1,1
0,8250,300,91927605152957,91927607186085,91927607361881,2208.924,175.796,1,1
0,8251,300,91927607594389,91927609644589,91927609821155,2226.766,176.566,1,1
0,8252,300,91927610065703,91927611695348,91927612260318,2194.615,564.970,1,1
0,8253,300,91927612103353,91927614151052,91927614329368,2226.015,178.316,1,1
0,8254,300,91927614557185,91927616607415,91927616787272,2230.087,179.857,1,1
0,8255,300,91927617031260,91927618676735,91927619232104,2200.844,555.369,1,1
0,8256,300,91927619062978,91927621112428,91927621304675,2241.697,192.247,1,1
0,8257,300,91927621535823,91927623570852,91927623741208,2205.385,170.356,1,1
0,8258,300,91927623997746,91927625616671,91927626190461,2192.715,573.790,1,1
0,8259,300,91927626027344,91927628074894,91927628256961,2229.617,182.067,1,1
0,8260,300,91927628483978,91927630547848,91927630720484,2236.506,172.636,1,1
0,8261,300,91927630952652,91927632990021,91927633193178,2240.526,203.157,1,1
0,8262,300,91927632990021,91927635041871,91927635592039,2602.018,550.168,1,1
0,8263,300,91927635448724,91927637495914,91927637671110,2222.386,175.196,1,1
0,8264,300,91927637904578,91927639955427,91927640156484,2251.906,201.057,1,1
0,8265,300,91927640363481,91927641999846,91927642555646,2192.165,555.800,1,1
0,8266,300,91927642412760,91927644457760,91927644634856,2222.096,177.096,1,1
0,8267,300,91927644868874,91927646915583,91927647106160,2237.286,190.577,1,1
0,8268,300,91927647327528,91927648965133,91927649535732,2208.204,570.599,1,1
0,8269,300,91927649385927,91927651423616,91927651603772,2217.845,180.156,1,1
0,8270,300,91927651831341,91927653878670,91927654059906,2228.565,181.236,1,1
0,8271,300,91927654289934,91927655926329,91927656493659,2203.725,567.330,1,1
0,8272,300,91927656336663,91927658385872,91927658568419,2231.756,182.547,1,1
0,8273,300,91927658798657,91927660844166,91927661027182,2228.525,183.016,1,1
0,8274,300,91927661262360,91927663299870,91927663466425,2204.065,166.555,1,1
0,8275,300,91927663299870,91927665348729,91927665894908,2595.038,546.179,1,1
0,8276,300,91927665758853,91927667808942,91927667982888,2224.035,173.946,1,1
0,8277,300,91927668214756,91927670279496,91927670437692,2222.936,158.196,1,1
0,8278,300,91927670672559,91927672313075,91927672869014,2196.455,555.939,1,1
0,8279,300,91927672734140,91927674768279,91927674936315,2202.175,168.036,1,1
0,8280,300,91927675178072,91927677227912,91927677387528,2209.456,159.616,1,1
0,8281,300,91927677635256,91927679281532,91927679844091,2208.835,562.559,1,1
0,8282,300,91927679683305,91927681732245,91927681901711,2218.406,169.466,1,1
0,8283,300,91927682153439,91927684193798,91927684355584,2202.145,161.786,1,1
0,8284,300,91927684599972,91927686237418,91927686806417,2206.445,568.999,1,1
0,8285,300,91927686655872,91927688695211,91927688868097,2212.225,172.886,1,1
0,8286,300,91927689106455,91927691156195,91927691320530,2214.075,164.335,1,1
0,8287,300,91927691563358,91927693610408,91927693773264,2209.906,162.856,1,1
0,8288,300,91927693610408,91927695661368,91927696229796,2619.388,568.428,1,1
0,8289,300,91927696079132,91927698126281,91927698311017,2231.885,184.736,1,1
0,8290,300,91927698543145,91927700574044,91927700750620,2207.475,176.576,1,1
0,8291,300,91927700983178,91927702622664,91927703201513,2218.335,578.849,1,1
0,8292,300,91927703030938,91927705084397,91927705269654,2238.716,185.257,1,1
0,8293,300,91927705490911,91927707538820,91927707707136,2216.225,168.316,1,1
0,8294,300,91927707947225,91927709586350,91927710170769,2223.544,584.419,1,1
0,8295,300,91927709994204,91927712059604,91927712248120,2253.916,188.516,1,1
0,8296,300,91927712453987,91927714501957,91927714683663,2229.676,181.706,1,1
0,8297,300,91927714910731,91927716552507,91927717125366,2214.635,572.859,1,1
0,8298,300,91927716957250,91927719037801,91927719232707,2275.457,194.906,1,1
0,8299,300,91927719415784,91927721463893,91927721636429,2220.645,172.536,1,1
0,8300,300,91927721873796,91927723920597,91927724095302,2221.506,174.705,1,1
0,8301,300,91927723920597,91927725969516,91927726516265,2595.668,546.749,1,1
0,8302,300,91927726379940,91927728428369,91927728603445,2223.505,175.076,1,1
0,8303,300,91927728836083,91927730898123,91927731076119,2240.036,177.996,1,1
0,8304,300,91927731293266,91927732942533,91927733485281,2192.015,542.748,1,1
0,8305,300,91927733341655,91927735388876,91927735567171,2225.516,178.295,1,1
0,8306,300,91927735798469,91927737849399,91927738032575,2234.106,183.176,1,1
0,8307,300,91927738258403,91927739896468,91927740466227,2207.824,569.759,1,1
0,8308,300,91927740305792,91927742352762,91927742533447,2227.655,180.685,1,1
0,8309,300,91927742763995,91927744811515,91927744981600,2217.605,170.085,1,1
0,8310,300,91927745221449,91927746858135,91927747439374,2217.925,581.239,1,1
0,8311,300,91927747275399,91927749317768,91927749501634,2226.235,183.866,1,1
0,8312,300,91927749726212,91927751774411,91927751958297,2232.085,183.886,1,1
0,8313,300,91927752202475,91927754232564,91927754412451,2209.976,179.887,1,1
0,8314,300,91927754232564,91927756281215,91927756824713,2592.149,543.498,1,1
0,8315,300,91927756688028,91927758737587,91927758912224,2224.196,174.637,1,1
0,8316,300,91927759154571,91927761196081,91927761362837,2208.266,166.756,1,1
0,8317,300,91927761603444,91927763244441,91927763796230,2192.786,551.789,1,1
0,8318,300,91927763651874,91927765719455,91927765907821,2255.947,188.366,1,1
0,8319,300,91927766110528,91927768158057,91927768327793,2217.265,169.736,1,1
0,8320,300,91927768567241,91927770205506,91927770766656,2199.415,561.150,1,1
0,8321,300,91927770617141,91927772663750,91927772843116,2225.975,179.366,1,1
0,8322,300,91927773079414,91927775121503,91927775306110,2226.696,184.607,1,1
0,8323,300,91927775530857,91927777180143,91927777746302,2215.445,566.159,1,1
0,8324,300,91927777585427,91927779642416,91927779834353,2248.926,191.937,1,1
0,8325,300,91927780036721,91927782085410,91927782260455,2223.734,175.045,1,1
0,8326,300,91927782510474,91927784542453,91927784707958,2197.484,165.505,1,1
0,8327,300,91927784542453,91927786590893,91927787153312,2610.859,562.419,1,1
0,8328,300,91927787014547,91927789049326,91927789244643,2230.096,195.317,1,1
0,8329,300,91927789460670,91927791505650,91927791662344,2201.674,156.694,1,1
0,8330,300,91927791925924,91927793555419,91927794117208,2191.284,561.789,1,1
0,8331,300,91927793963212,91927796014262,91927796192119,2228.907,177.857,1,1
0,8332,300,91927796435876,91927798468625,91927798638051,2202.175,169.426,1,1
0,8333,300,91927798876910,91927800515795,91927801092625,2215.715,576.830,1,1
0,8334,300,91927800940789,91927802973529,91927803162495,2221.706,188.966,1,1
0,8335,300,91927803384342,91927805432241,91927805604287,2219.945,172.046,1,1
0,8336,300,91927805851036,91927807499592,91927808049420,2198.384,549.828,1,1
0,8337,300,91927807888305,91927809937985,91927810120761,2232.456,182.776,1,1
0,8338,300,91927810345549,91927812396218,91927812560114,2214.565,163.896,1,1
0,8339,300,91927812823502,91927814851451,91927815015977,2192.475,164.526,1,1
0,8340,300,91927814851451,91927816900960,91927817438809,2587.358,537.849,1,1
0,8341,300,91927817309605,91927819359004,91927819524970,2215.365,165.966,1,1
0,8342,300,91927819769198,91927821834299,91927822013834,2244.636,179.535,1,1
0,8343,300,91927822235072,91927823863367,91927824417826,2182.754,554.459,1,1
0,8344,300,91927824273691,91927826340122,91927826518687,2244.996,178.565,1,1
0,8345,300,91927826749375,91927828778294,91927828946120,2196.745,167.826,1,1
0,8346,300,91927829190228,91927830831364,91927831398563,2208.335,567.199,1,1
0,8347,300,91927831237358,91927833297997,91927833478624,2241.266,180.627,1,1
0,8348,300,91927833712351,91927835740850,91927835907645,2195.294,166.795,1,1
0,8349,300,91927836154175,91927837804740,91927838359579,2205.404,554.839,1,1
0,8350,300,91927838200554,91927840246563,91927840430359,2229.805,183.796,1,1
0,8351,300,91927840657357,91927842724907,91927842888833,2231.476,163.926,1,1
0,8352,300,91927843129790,91927845176591,91927845332505,2202.715,155.914,1,1
0,8353,300,91927845176591,91927847209930,91927847747728,2571.137,537.798,1,1
0,8354,300,91927847619213,91927849682653,91927849858529,2239.316,175.876,1,1
0,8355,300,91927850105147,91927852127267,91927852294232,2189.085,166.965,1,1
0,8356,300,91927852534870,91927854173996,91927854717734,2182.864,543.738,1,1
0,8357,300,91927854582849,91927856631459,91927856809645,2226.796,178.186,1,1
0,8358,300,91927857040163,91927859088422,91927859257558,2217.395,169.136,1,1
0,8359,300,91927859499686,91927861137292,91927861696900,2197.214,559.608,1,1
0,8360,300,91927861546466,91927863596246,91927863775141,2228.675,178.895,1,1
0,8361,300,91927864016170,91927866051518,91927866251656,2235.486,200.138,1,1
0,8362,300,91927866463283,91927868116099,91927868689478,2226.195,573.379,1,1
0,8363,300,91927868532783,91927870557011,91927870739087,2206.304,182.076,1,1
0,8364,300,91927870968555,91927873036906,91927873232982,2264.427,196.076,1,1
0,8365,300,91927873423929,91927875489238,91927875653305,2229.376,164.067,1,1
0,8366,300,91927875489238,91927877522767,91927878077047,2587.809,554.280,1,1
0,8367,300,91927877930262,91927879995591,91927880188758,2258.496,193.167,1,1
0,8368,300,91927880387384,91927882449735,91927882627471,2240.087,177.736,1,1
0,8369,300,91927882862989,91927884484214,91927885049463,2186.474,565.249,1,1
0,8370,300,91927884895708,91927886943157,91927887133404,2237.696,190.247,1,1
0,8371,300,91927887351051,91927889400071,91927889569207,2218.156,169.136,1,1
0,8372,300,91927889807904,91927891463970,91927892030770,2222.866,566.800,1,1
0,8373,300,91927891869925,91927893904154,91927894095030,2225.105,190.876,1,1
0,8374,300,91927894315577,91927896364467,91927896535503,2219.926,171.036,1,1
0,8375,300,91927896773731,91927898411016,91927898987376,2213.645,576.360,1,1
0,8376,300,91927898834201,91927900869400,91927901062657,2228.456,193.257,1,1
0,8377,300,91927901285044,91927903349195,91927903523810,2238.766,174.615,1,1
0,8378,300,91927903757408,91927905783186,91927905947532,2190.124,164.346,1,1
0,8379,300,91927905783186,91927907855137,91927908377864,2594.678,522.727,1,1
0,8380,300,91927908240560,91927910309670,91927910486177,2245.617,176.507,1,1
0,8381,300,91927910716454,91927912748372,91927912914109,2197.655,165.737,1,1
0,8382,300,91927913158017,91927914805763,91927915350341,2192.324,544.578,1,1
0,8383,300,91927915206056,91927917251485,91927917430072,2224.016,178.587,1,1
0,8384,300,91927917662820,91927919709019,91927919878025,2215.205,169.006,1,1
0,8385,300,91927920120803,91927921759619,91927922329378,2208.575,569.759,1,1
0,8386,300,91927922168622,91927924216142,91927924410048,2241.426,193.906,1,1
0,8387,300,91927924626256,91927926673135,91927926844591,2218.335,171.456,1,1
0,8388,300,91927927083800,91927928722235,91927929301195,2217.395,578.960,1,1
0,8389,300,91927929132179,91927931179308,91927931362774,2230.595,183.466,1,1
0,8390,300,91927931588232,91927933636002,91927933809497,2221.265,173.495,1,1
0,8391,300,91927934045355,91927936094895,91927936272091,2226.736,177.196,1,1
0,8392,300,91927936094895,91927938157005,91927938699954,2605.059,542.949,1,1
0,8393,300,91927938564119,91927940599398,91927940775693,2211.574,176.295,1,1
0,8394,300,91927941015032,91927943069052,91927943245577,2230.545,176.525,1,1
0,8395,300,91927943478315,91927945126532,91927945656759,2178.444,530.227,1,1
0,8396,300,91927945513444,91927947563244,91927947740790,2227.346,177.546,1,1
0,8397,300,91927947971728,91927950026558,91927950209924,2238.196,183.366,1,1
0,8398,300,91927950442912,91927952069827,91927952630476,2187.564,560.649,1,1
0,8399,300,91927952480361,91927954539181,91927954718677,2238.316,179.496,1,1
0,8400,300,91927954942255,91927956990404,91927957179851,2237.596,189.447,1,1
0,8401,300,91927957392398,91927959031133,91927959616853,2224.455,585.720,1,1
0,8402,300,91927959447837,91927961490717,91927961673963,2226.126,183.246,1,1
0,8403,300,91927961902961,91927963947090,91927964138476,2235.515,191.386,1,1
0,8404,300,91927964355304,91927966405793,91927966574899,2219.595,169.106,1,1
0,8405,300,91927966405793,91927968452233,91927969019522,2613.729,567.289,1,1
0,8406,300,91927968863397,91927970909086,91927971110253,2246.856,201.167,1,1
0,8407,300,91927971328921,91927973385051,91927973552426,2223.505,167.375,1,1
0,8408,300,91927973782904,91927975435470,91927975979469,2196.565,543.999,1,1
0,8409,300,91927975836763,91927977895623,91927978084440,2247.677,188.817,1,1
0,8410,300,91927978282747,91927980331986,91927980501302,2218.555,169.316,1,1
0,8411,300,91927980740520,91927982380226,91927982937274,2196.754,557.048,1,1
0,8412,300,91927982787729,91927984835959,91927985026835,2239.106,190.876,1,1
0,8413,300,91927985246263,91927987313383,91927987496149,2249.886,182.766,1,1
0,8414,300,91927987705416,91927989367002,91927989898871,2193.455,531.869,1,1
0,8415,300,91927989750506,91927991801125,91927991983671,2233.165,182.546,1,1
0,8416,300,91927992210209,91927994257458,91927994429224,2219.015,171.766,1,1
0,8417,300,91927994667392,91927996725493,91927996880567,2213.175,155.074,1,1
0,8418,300,91927996725493,91927998763061,91927999302669,2577.176,539.608,1,1
0,8419,300,91927999172786,91928001219425,91928001397350,2224.564,177.925,1,1
0,8420,300,91928001634849,91928003677368,91928003833703,2198.854,156.335,1,1
0,8421,300,91928004091702,91928005727397,91928006280106,2188.404,552.709,1,1
0,8422,300,91928006134621,91928008185191,91928008353517,2218.896,168.326,1,1
0,8423,300,91928008610386,91928010641325,91928010800060,2189.674,158.735,1,1
0,8424,300,91928011051618,91928012698384,91928013252963,2201.345,554.579,1,1
0,8425,300,91928013099607,91928015157668,91928015329004,2229.397,171.336,1,1
0,8426,300,91928015556491,91928017605481,91928017766536,2210.045,161.055,1,1
0,8427,300,91928018015504,91928019670340,91928020229660,2214.156,559.320,1,1
0,8428,300,91928020064845,91928022109454,91928022288189,2223.344,178.735,1,1
0,8429,300,91928022540828,91928024568006,91928024731243,2190.415,163.237,1,1
0,8430,300,91928024978251,91928027024900,91928027186245,2207.994,161.345,1,1
0,8431,300,91928027024900,91928029072389,91928029612458,2587.558,540.069,1,1
0,8432,300,91928029483404,91928031550974,91928031727549,2244.145,176.575,1,1
0,8433,300,91928031949608,91928033998097,91928034182923,2233.315,184.826,1,1
0,8434,300,91928034405000,91928036035606,91928036580684,2175.684,545.078,1,1
0,8435,300,91928036445020,91928038506050,91928038684606,2239.586,178.556,1,1
0,8436,300,91928038903394,91928040952663,91928041123388,2219.994,170.725,1,1
0,8437,300,91928041382597,91928043000172,91928043550501,2167.904,550.329,1,1
0,8438,300,91928043408316,91928045478166,91928045659243,2250.927,181.077,1,1
0,8439,300,91928045880940,91928047919309,91928048103105,2222.165,183.796,1,1
0,8440,300,91928048330703,91928049964068,91928050522817,2192.114,558.749,1,1
0,8441,300,91928050373183,91928052434542,91928052607678,2234.495,173.136,1,1
0,8442,300,91928052834096,91928054878385,91928055052171,2218.075,173.786,1,1
0,8443,300,91928055286429,91928057336819,91928057492563,2206.134,155.744,1,1
0,8444,300,91928057336819,91928059384638,91928059930757,2593.938,546.119,1,1
0,8445,300,91928059794562,91928061842182,91928062018237,2223.675,176.055,1,1
0,8446,300,91928062252145,91928064299065,91928064457040,2204.895,157.975,1,1
0,8447,300,91928064709089,91928066367485,91928066893353,2184.264,525.868,1,1
0,8448,300,91928066757188,91928068803898,91928068971423,2214.235,167.525,1,1
0,8449,300,91928069213891,91928071267751,91928071435777,2221.886,168.026,1,1
0,8450,300,91928071671215,91928073310771,91928073870970,2199.755,560.199,1,1
0,8451,300,91928073719214,91928075788764,91928075958300,2239.086,169.536,1,1
0,8452,300,91928076177548,91928078225407,91928078387673,2210.125,162.266,1,1
0,8453,300,91928078656182,91928080277557,91928080855346,2199.164,577.789,1,1
0,8454,300,91928080697861,91928082730381,91928082913086,2215.225,182.705,1,1
0,8455,300,91928083161505,91928085189173,91928085363110,2201.605,173.937,1,1
0,8456,300,91928085597678,91928087648287,91928087819433,2221.755,171.146,1,1
0,8457,300,91928087648287,91928089693916,91928090248226,2599.939,554.310,1,1
0,8458,300,91928090104640,91928092155880,91928092337236,2232.596,181.356,1,1
0,8459,300,91928092567234,91928094610323,91928094788510,2221.276,178.187,1,1
0,8460,300,91928095020468,91928096657302,91928097222412,2201.944,565.110,1,1
0,8461,300,91928097067007,91928099115366,91928099306853,2239.846,191.487,1,1
0,8462,300,91928099524460,91928101572560,91928101740996,2216.536,168.436,1,1
0,8463,300,91928101982383,91928103621379,91928104194728,2212.345,573.349,1,1
0,8464,300,91928104029563,91928106078312,91928106280400,2250.837,202.088,1,1
0,8465,300,91928106505767,91928108534726,91928108705042,2199.275,170.316,1,1
0,8466,300,91928108946749,91928110582485,91928111185755,2239.006,603.270,1,1
0,8467,300,91928110994679,91928113040309,91928113241005,2246.326,200.696,1,1
0,8468,300,91928113458983,91928115500472,91928115685228,2226.245,184.756,1,1
0,8469,300,91928115907836,91928117957306,91928118152932,2245.096,195.626,1,1
0,8470,300,91928117957306,91928120020505,91928120552444,2595.138,531.939,1,1
0,8471,300,91928120415438,91928122461849,91928122637174,2221.736,175.325,1,1
0,8472,300,91928122872772,91928124919111,91928125099228,2226.456,180.117,1,1
0,8473,300,91928125338596,91928126973721,91928127521450,2182.854,547.729,1,1
0,8474,300,91928127376955,91928129437635,91928129615671,2238.716,178.036,1,1
0,8475,300,91928129835058,91928131882528,91928132061554,2226.496,179.026,1,1
0,8476,300,91928132315683,91928133941298,91928134503626,2187.943,562.328,1,1
0,8477,300,91928134348842,91928136395301,91928136567227,2218.385,171.926,1,1
0,8478,300,91928136798545,91928138861975,91928139033421,2234.876,171.446,1,1
0,8479,300,91928139255598,91928140894474,91928141452392,2196.794,557.918,1,1
0,8480,300,91928141302777,91928143355247,91928143528063,2225.286,172.816,1,1
0,8481,300,91928143768491,91928145810320,91928145974406,2205.915,164.086,1,1
0,8482,300,91928146220375,91928148267454,91928148434700,2214.325,167.246,1,1
0,8483,300,91928148267454,91928150316323,91928150862112,2594.658,545.789,1,1
0,8484,300,91928150724347,91928152771487,91928152938263,2213.916,166.776,1,1
0,8485,300,91928153185191,91928155229420,91928155387786,2202.595,158.366,1,1
0,8486,300,91928155658805,91928157288850,91928157831968,2173.163,543.118,1,1
0,8487,300,91928157688064,91928159734393,91928159903029,2214.965,168.636,1,1
0,8488,300,91928160170898,91928162199216,91928162362652,2191.754,163.436,1,1
0,8489,300,91928162601620,91928164241336,91928164792654,2191.034,551.318,1,1
0,8490,300,91928164650490,91928166721250,91928166901006,2250.516,179.756,1,1
0,8491,300,91928167107943,91928169156363,91928169328069,2220.126,171.706,1,1
0,8492,300,91928169567166,91928171211673,91928171774662,2207.496,562.989,1,1
0,8493,300,91928171617576,91928173662056,91928173844742,2227.166,182.686,1,1
0,8494,300,91928174081110,91928176120039,91928176306165,2225.055,186.126,1,1
0,8495,300,91928176542383,91928178576032,91928178739828,2197.445,163.796,1,1
0,8496,300,91928178576032,91928180625102,91928181182180,2606.148,557.078,1,1
0,8497,300,91928181035415,91928183082546,91928183269152,2233.737,186.606,1,1
0,8498,300,91928183499720,91928185544559,91928185710554,2210.834,165.995,1,1
0,8499,300,91928185971803,91928187589518,91928188170677,2198.874,581.159,1,1
0,8500,300,91928187997182,91928190047392,91928190246208,2249.026,198.816,1,1
0,8501,300,91928190456455,91928192503714,91928192684021,2227.566,180.307,1,1
0,8502,300,91928192933479,91928194552275,91928195123183,2189.704,570.908,1,1
0,8503,300,91928194960398,91928197045598,91928197237305,2276.907,191.707,1,1
0,8504,300,91928197429332,91928199468571,91928199651187,2221.855,182.616,1,1
0,8505,300,91928199879455,91928201516461,91928202094350,2214.895,577.889,1,1
0,8506,300,91928201925914,91928203972214,91928204187401,2261.487,215.187,1,1
0,8507,300,91928204381748,91928206434377,91928206612503,2230.755,178.126,1,1
0,8508,300,91928206838461,91928208888881,91928209068017,2229.556,179.136,1,1
0,8509,300,91928208888881,91928210936600,91928211488388,2599.507,551.788,1,1
0,8510,300,91928211346844,91928213391994,91928213567329,2220.485,175.335,1,1
0,8511,300,91928213802947,91928215851317,91928216029592,2226.645,178.275,1,1
0,8512,300,91928216275041,91928217908487,91928218452715,2177.674,544.228,1,1
0,8513,300,91928218307531,91928220371230,91928220549957,2242.426,178.727,1,1
0,8514,300,91928220767554,91928222831464,91928223000239,2232.685,168.775,1,1
0,8515,300,91928223225477,91928224862752,91928225422022,2196.545,559.270,1,1
0,8516,300,91928225270586,91928227319236,91928227504092,2233.506,184.856,1,1
0,8517,300,91928227742830,91928229776860,91928229947596,2204.766,170.736,1,1
0,8518,300,91928230187993,91928231828319,91928232392898,2204.905,564.579,1,1
0,8519,300,91928232234172,91928234281992,91928234465309,2231.137,183.317,1,1
0,8520,300,91928234713397,91928236740956,91928236915902,2202.505,174.946,1,1
0,8521,300,91928237152999,91928239197939,91928239363275,2210.276,165.336,1,1
0,8522,300,91928239197939,91928241246229,91928241799567,2601.628,553.338,1,1
0,8523,300,91928241654762,91928243713412,91928243889419,2234.657,176.007,1,1
0,8524,300,91928244114256,91928246160945,91928246336172,2221.916,175.227,1,1
0,8525,300,91928246571249,91928248210475,91928248763174,2191.925,552.699,1,1
0,8526,300,91928248619309,91928250666168,91928250854585,2235.276,188.417,1,1
0,8527,300,91928251077092,91928253123831,91928253313148,2236.056,189.317,1,1
0,8528,300,91928253534806,91928255173541,91928255745990,2211.184,572.449,1,1
0,8529,300,91928255582065,91928257630354,91928257810590,2228.525,180.236,1,1
0,8530,300,91928258039129,91928260088678,91928260272544,2233.415,183.866,1,1
0,8531,300,91928260498872,91928262135367,91928262703637,2204.765,568.270,1,1
0,8532,300,91928262546041,91928264608621,91928264790877,2244.836,182.256,1,1
0,8533,300,91928265013124,91928267070825,91928267257171,2244.047,186.346,1,1
0,8534,300,91928267459347,91928269508138,91928269671673,2212.326,163.535,1,1
0,8535,300,91928269508138,91928271563517,91928272123436,2615.298,559.919,1,1
0,8536,300,91928271970011,91928274026441,91928274220827,2250.816,194.386,1,1
0,8537,300,91928274425295,91928276494335,91928276660530,2235.235,166.195,1,1
0,8538,300,91928276904798,91928278520953,91928279073352,2168.554,552.399,1,1
0,8539,300,91928278927857,91928280999438,91928281198184,2270.327,198.746,1,1
0,8540,300,91928281386600,91928283435190,91928283594736,2208.136,159.546,1,1
0,8541,300,91928283844204,91928285483929,91928286054619,2210.415,570.690,1,1
0,8542,300,91928285892603,91928287948133,91928288129089,2236.486,180.956,1,1
0,8543,300,91928288349096,91928290398527,91928290560672,2211.576,162.145,1,1
0,8544,300,91928290809270,91928292468047,91928293044346,2235.076,576.299,1,1
0,8545,300,91928292876290,91928294903309,91928295107956,2231.666,204.647,1,1
0,8546,300,91928295313783,91928297361712,91928297548749,2234.966,187.037,1,1
0,8547,300,91928297781377,91928299818436,91928299982012,2200.635,163.576,1,1
0,8548,300,91928299818436,91928301868276,91928302445185,2626.749,576.909,1,1
0,8549,300,91928302299220,91928304325858,91928304513615,2214.395,187.757,1,1
0,8550,300,91928304741252,91928306787543,91928306964788,2223.536,177.245,1,1
0,8551,300,91928307190806,91928308830201,91928309403951,2213.145,573.750,1,1
0,8552,300,91928309258617,91928311293565,91928311471951,2213.334,178.386,1,1
0,8553,300,91928311698589,91928313746618,91928313914184,2215.595,167.566,1,1
0,8554,300,91928314171483,91928315801508,91928316356056,2184.573,554.548,1,1
0,8555,300,91928316204232,91928318250401,91928318431107,2226.875,180.706,1,1
0,8556,300,91928318660895,91928320710174,91928320881120,2220.225,170.946,1,1
0,8557,300,91928321121039,91928322774785,91928323323804,2202.765,549.019,1,1
0,8558,300,91928323164858,91928325213987,91928325397734,2232.876,183.747,1,1
0,8559,300,91928325636082,91928327672381,91928327847307,2211.225,174.926,1,1
0,8560,300,91928328083445,91928330134144,91928330305510,2222.065,171.366,1,1
0,8561,300,91928330134144,91928332199445,91928332744713,2610.569,545.268,1,1
0,8562,300,91928332608228,91928334634787,91928334817504,2209.276,182.717,1,1
0,8563,300,91928335046031,91928337092141,91928337280057,2234.026,187.916,1,1
0,8564,300,91928337506604,91928339139400,91928339702569,2195.965,563.169,1,1
0,8565,300,91928339550183,91928341597204,91928341786140,2235.957,188.936,1,1
0,8566,300,91928342014798,91928344056537,91928344245693,2230.895,189.156,1,1
0,8567,300,91928344475271,91928346125577,91928346664366,2189.095,538.789,1,1
0,8568,300,91928346514160,91928348577810,91928348769387,2255.227,191.577,1,1
0,8569,300,91928348971383,91928351036894,91928351219290,2247.907,182.396,1,1
0,8570,300,91928351427347,91928353065843,91928353660712,2233.365,594.869,1,1
0,8571,300,91928353492707,91928355523405,91928355705782,2213.075,182.377,1,1
0,8572,300,91928355945260,91928357983249,91928358178845,2233.585,195.596,1,1
0,8573,300,91928358419824,91928360440182,91928360604059,2184.235,163.877,1,1
0,8574,300,91928360440182,91928362486922,91928363045261,2605.079,558.339,1,1
0,8575,300,91928362897326,91928364948496,91928365162293,2264.967,213.797,1,1
0,8576,300,91928365360759,91928367403589,91928367572065,2211.306,168.476,1,1
0,8577,300,91928367814083,91928369451378,91928370027637,2213.554,576.259,1,1
0,8578,300,91928369861702,91928371907782,91928372108829,2247.127,201.047,1,1
0,8579,300,91928372317876,91928374365065,91928374533941,2216.065,168.876,1,1
0,8580,300,91928374775569,91928376419855,91928376976153,2200.584,556.298,1,1
0,8581,300,91928376825999,91928378871728,91928379073655,2247.656,201.927,1,1
0,8582,300,91928379280511,91928381351172,91928381522718,2242.207,171.546,1,1
0,8583,300,91928381740496,91928383377781,91928383944771,2204.275,566.990,1,1
0,8584,300,91928383795965,91928385834574,91928386017770,2221.805,183.196,1,1
0,8585,300,91928386243908,91928388298657,91928388474334,2230.426,175.677,1,1
0,8586,300,91928388702731,91928390750161,91928390912957,2210.226,162.796,1,1
0,8587,300,91928390750161,91928392821081,91928393346769,2596.608,525.688,1,1
0,8588,300,91928393208644,91928395255904,91928395428160,2219.516,172.256,1,1
0,8589,300,91928395666328,91928397712267,91928397869782,2203.454,157.515,1,1
0,8590,300,91928398121861,91928399761257,91928400312016,2190.155,550.759,1,1
0,8591,300,91928400171670,91928402219510,91928402388726,2217.056,169.216,1,1
0,8592,300,91928402628674,91928404675963,91928404846849,2218.175,170.886,1,1
0,8593,300,91928405087587,91928406725283,91928407316393,2228.806,591.110,1,1
0,8594,300,91928407133397,91928409182817,91928409354163,2220.766,171.346,1,1
0,8595,300,91928409593180,91928411651850,91928411823576,2230.396,171.726,1,1
0,8596,300,91928412048994,91928413687830,91928414266919,2217.925,579.089,1,1
0,8597,300,91928414096913,91928416171744,91928416345280,2248.367,173.536,1,1
0,8598,300,91928416576018,91928418619267,91928418785542,2209.524,166.275,1,1
0,8599,300,91928419028960,91928421065279,91928421229265,2200.305,163.986,1,1
0,8600,300,91928421065279,91928423108289,91928423648548,2583.269,540.259,1,1
0,8601,300,91928423517373,91928425587103,91928425752988,2235.615,165.885,1,1
0,8602,300,91928425982906,91928428037726,91928428215273,2232.367,177.547,1,1
0,8603,300,91928428445050,91928430071415,91928430618704,2173.654,547.289,1,1
0,8604,300,91928430482539,91928432530148,91928432709095,2226.556,178.947,1,1
0,8605,300,91928432949452,91928434987492,91928435167428,2217.976,179.936,1,1
0,8606,300,91928435396295,91928437033931,91928437610731,2214.436,576.800,1,1
0,8607,300,91928437458626,91928439493625,91928439675981,2217.355,182.356,1,1
0,8608,300,91928439901658,91928441953158,91928442135874,2234.216,182.716,1,1
0,8609,300,91928442359532,91928443999267,91928444574757,2215.225,575.490,1,1
0,8610,300,91928444425112,91928446455521,91928446627847,2202.735,172.326,1,1
0,8611,300,91928446866654,91928448912445,91928449097671,2231.017,185.226,1,1
0,8612,300,91928449324128,91928451370047,91928451535913,2211.785,165.866,1,1
0,8613,300,91928451370047,91928453421627,91928453970796,2600.749,549.169,1,1
0,8614,300,91928453833782,91928455875360,91928456050977,2217.195,175.617,1,1
0,8615,300,91928456285225,91928458343564,91928458521691,2236.466,178.127,1,1
0,8616,300,91928458743828,91928460388933,91928460929122,2185.294,540.189,1,1
0,8617,300,91928460792637,91928462838966,91928463027973,2235.336,189.007,1,1
0,8618,300,91928463250611,91928465297250,91928465458065,2207.454,160.815,1,1
0,8619,300,91928465706424,91928467344820,91928467909239,2202.815,564.419,1,1
0,8620,300,91928467754724,91928469816354,91928469987449,2232.725,171.095,1,1
0,8621,300,91928470213327,91928472259506,91928472431482,2218.155,171.976,1,1
0,8622,300,91928472692562,91928474309106,91928474875445,2182.883,566.339,1,1
0,8623,300,91928474718210,91928476764719,91928476947845,2229.635,183.126,1,1
0,8624,300,91928477187554,91928479236683,91928479418349,2230.795,181.666,1,1
0,8625,300,91928479633047,91928481681786,91928481844821,2211.774,163.035,1,1
0,8626,300,91928481681786,91928483728645,91928484286405,2604.619,557.760,1,1
0,8627,300,91928484138520,91928486187789,91928486364415,2225.895,176.626,1,1
0,8628,300,91928486595292,91928488656623,91928488831699,2236.407,175.076,1,1
0,8629,300,91928489053406,91928490691892,91928491258961,2205.555,567.069,1,1
0,8630,300,91928491103406,91928493149475,91928493318311,2214.905,168.836,1,1
0,8631,300,91928493559179,91928495607549,91928495774454,2215.275,166.905,1,1
0,8632,300,91928496017292,91928497656038,91928498223567,2206.275,567.529,1,1
0,8633,300,91928498065442,91928500118111,91928500307208,2241.766,189.097,1,1
0,8634,300,91928500537346,91928502571555,91928502734180,2196.834,162.625,1,1
0,8635,300,91928502981069,91928504617974,91928505193994,2212.925,576.020,1,1
0,8636,300,91928505027448,91928507079198,91928507278314,2250.866,199.116,1,1
0,8637,300,91928507488031,91928509543071,91928509718018,2229.987,174.947,1,1
0,8638,300,91928509964826,91928511998525,91928512187891,2223.065,189.366,1,1
0,8639,300,91928511998525,91928514041074,91928514591533,2593.008,550.459,1,1
0,8640,300,91928514448318,91928516498028,91928516673044,2224.726,175.016,1,1
0,8641,300,91928516905701,91928518958141,91928519135537,2229.836,177.396,1,1
0,8642,300,91928519364245,91928521016061,91928521567030,2202.785,550.969,1,1
0,8643,300,91928521422845,91928523460743,91928523628539,2205.694,167.796,1,1
0,8644,300,91928523869958,91928525919327,91928526099213,2229.255,179.886,1,1
0,8645,300,91928526328671,91928527967947,91928528525865,2197.194,557.918,1,1
0,8646,300,91928528376480,91928530423840,91928530593935,2217.455,170.095,1,1
0,8647,300,91928530838814,91928532881673,91928533063769,2224.955,182.096,1,1
0,8648,300,91928533291518,91928534933733,91928535501262,2209.744,567.529,1,1
0,8649,300,91928535340107,91928537386666,91928537922214,2582.107,535.548,1,1
0,8650,300,91928537796160,91928539855770,91928540031536,2235.376,175.766,1,1
0,8651,300,91928540255294,91928542314104,91928542469619,2214.325,155.515,1,1
0,8652,300,91928542314104,91928544355023,91928544891680,2577.576,536.657,1,1
0,8653,300,91928544760327,91928546808276,91928546983331,2223.004,175.055,1,1
0,8654,300,91928547244761,91928549265309,91928549431795,2187.034,166.486,1,1
0,8655,300,91928549673663,91928551313469,91928551887658,2213.995,574.189,1,1
0,8656,300,91928551743863,91928553771252,91928553955408,2211.545,184.156,1,1
0,8657,300,91928554205236,91928556241886,91928556418182,2212.946,176.296,1,1
0,8658,300,91928556639579,91928558276125,91928558835474,2195.895,559.349,1,1
0,8659,300,91928558685338,91928560746599,91928560926215,2240.877,179.616,1,1
0,8660,300,91928561151593,91928563191252,91928563365518,2213.925,174.266,1,1
0,8661,300,91928563602486,91928565262092,91928565835012,2232.526,572.920,1,1
0,8662,300,91928565670606,91928567704265,91928568257354,2586.748,553.089,1,1
0,8663,300,91928568106098,91928570178638,91928570354565,2248.467,175.927,1,1
0,8664,300,91928570565342,91928572626571,91928572808078,2242.736,181.507,1,1
0,8665,300,91928572626571,91928574661641,91928575223750,2597.179,562.109,1,1
0,8666,300,91928575073435,91928577119014,91928577303961,2230.526,184.947,1,1
0,8667,300,91928577527958,91928579575127,91928579731133,2203.175,156.006,1,1
0,8668,300,91928579985662,91928581623108,91928582196926,2211.264,573.818,1,1
0,8669,300,91928582034471,91928584104241,91928584291968,2257.497,187.727,1,1
0,8670,300,91928584490045,91928586540124,91928586708200,2218.155,168.076,1,1
0,8671,300,91928586949928,91928588585553,91928589179584,2229.656,594.031,1,1
0,8672,300,91928588997177,91928591044227,91928591223603,2226.426,179.376,1,1
0,8673,300,91928591454871,91928593510771,91928593671996,2217.125,161.225,1,1
0,8674,300,91928593911465,91928595549329,91928596139600,2228.135,590.271,1,1
0,8675,300,91928595967013,91928598014924,91928598558822,2591.809,543.898,1,1
0,8676,300,91928598432698,91928600466496,91928600632192,2199.494,165.696,1,1
0,8677,300,91928600875651,91928602921770,91928603085885,2210.234,164.115,1,1
0,8678,300,91928602921770,91928604970479,91928605530878,2609.108,560.399,1,1
0,8679,300,91928605398464,91928607449874,91928607627199,2228.735,177.325,1,1
0,8680,300,91928607858927,91928609886196,91928610055792,2196.865,169.596,1,1
0,8681,300,91928610295640,91928611943466,91928612490734,2195.094,547.268,1,1
0,8682,300,91928612343049,91928614392649,91928614570405,2227.356,177.756,1,1
0,8683,300,91928614801733,91928616848033,91928617030918,2229.185,182.885,1,1
0,8684,300,91928617259646,91928618896952,91928619480582,2220.936,583.630,1,1
0,8685,300,91928619328436,91928621358425,91928621538562,2210.126,180.137,1,1
0,8686,300,91928621764719,91928623811218,91928623992504,2227.785,181.286,1,1
0,8687,300,91928624232123,91928625860058,91928626449808,2217.685,589.750,1,1
0,8688,300,91928626291143,91928628339022,91928628867401,2576.258,528.379,1,1
0,8689,300,91928628726275,91928630798125,91928630973782,2247.507,175.657,1,1
0,8690,300,91928631199959,91928633233948,91928633398334,2198.375,164.386,1,1
0,8691,300,91928633233948,91928635280477,91928635840476,2606.528,559.999,1,1
0,8692,300,91928635692391,91928637740171,91928637914997,2222.606,174.826,1,1
0,8693,300,91928638150845,91928640196654,91928640363430,2212.585,166.776,1,1
0,8694,300,91928640607279,91928642248624,91928642800953,2193.674,552.329,1,1
0,8695,300,91928642654628,91928644713668,91928644891814,2237.186,178.146,1,1
0,8696,300,91928645112561,91928647159921,91928647329027,2216.466,169.106,1,1
0,8697,300,91928647571035,91928649208610,91928649771619,2200.584,563.009,1,1
0,8698,300,91928649618524,91928651664143,91928651834289,2215.765,170.146,1,1
0,8699,300,91928652073838,91928654122557,91928654301033,2227.195,178.476,1,1
0,8700,300,91928654535571,91928656184347,91928656728636,2193.065,544.289,1,1
0,8701,300,91928656579691,91928658628820,91928659199829,2620.138,571.009,1,1
0,8702,300,91928659055764,91928661085543,91928661272169,2216.405,186.626,1,1
0,8703,300,91928661496887,91928663543117,91928663717593,2220.706,174.476,1,1
0,8704,300,91928663543117,91928665596086,91928666160335,2617.218,564.249,1,1
0,8705,300,91928666013130,91928668058470,91928668245396,2232.266,186.926,1,1
0,8706,300,91928668458523,91928670506643,91928670679869,2221.346,173.226,1,1
0,8707,300,91928670935248,91928672555612,91928673135552,2200.304,579.940,1,1
0,8708,300,91928672985837,91928675037117,91928675214102,2228.265,176.985,1,1
0,8709,300,91928675421129,91928677470229,91928677629575,2208.446,159.346,1,1
0,8710,300,91928677878993,91928679538449,91928680082118,2203.125,543.669,1,1
0,8711,300,91928679926472,91928681976462,91928682163028,2236.556,186.566,1,1
0,8712,300,91928682384436,91928684435266,91928684597281,2212.845,162.015,1,1
0,8713,300,91928684842839,91928686480345,91928687065204,2222.365,584.859,1,1
0,8714,300,91928686892658,91928688937448,91928689473496,2580.838,536.048,1,1
0,8715,300,91928689347172,91928691396481,91928691562607,2215.435,166.126,1,1
0,8716,300,91928691805736,91928693875766,91928694055682,2249.946,179.916,1,1
0,8717,300,91928693875766,91928695923235,91928696453844,2578.078,530.609,1,1
0,8718,300,91928696312868,91928698358758,91928698535644,2222.776,176.886,1,1
0,8719,300,91928698768432,91928700820611,91928700977877,2209.445,157.266,1,1
0,8720,300,91928701241796,91928702864110,91928703416309,2174.513,552.199,1,1
0,8721,300,91928703275535,91928705323564,91928705491680,2216.145,168.116,1,1
0,8722,300,91928705732558,91928707779208,91928707938163,2205.605,158.955,1,1
0,8723,300,91928708190291,91928709839817,91928710386196,2195.905,546.379,1,1
0,8724,300,91928710239881,91928712286140,91928712463206,2223.325,177.066,1,1
0,8725,300,91928712696975,91928714755824,91928714917400,2220.425,161.576,1,1
0,8726,300,91928715154287,91928716797694,91928717383434,2229.147,585.740,1,1
0,8727,300,91928717221678,91928719250557,91928719783075,2561.397,532.518,1,1
0,8728,300,91928719657600,91928721710950,91928721876826,2219.226,165.876,1,1
0,8729,300,91928722127844,91928724165364,91928724333569,2205.725,168.205,1,1
0,8730,300,91928724165364,91928726212393,91928726760002,2594.638,547.609,1,1
0,8731,300,91928726627877,91928728669067,91928728835322,2207.445,166.255,1,1
0,8732,300,91928729082830,91928731150010,91928731307606,2224.776,157.596,1,1
0,8733,300,91928731555014,91928733175679,91928733724348,2169.334,548.669,1,1
0,8734,300,91928733585803,91928735634253,91928735801458,2215.655,167.205,1,1
0,8735,300,91928736049347,91928738090146,91928738262601,2213.254,172.455,1,1
0,8736,300,91928738514920,91928740140376,91928740703425,2188.505,563.049,1,1
0,8737,300,91928740549919,91928742595648,91928742781015,2231.096,185.367,1,1
0,8738,300,91928743019563,91928745078023,91928745259789,2240.226,181.766,1,1
0,8739,300,91928745463286,91928747102782,91928747672231,2208.945,569.449,1,1
0,8740,300,91928747511655,91928749559665,91928750114304,2602.649,554.639,1,1
0,8741,300,91928749970119,91928752018638,91928752193905,2223.786,175.267,1,1
0,8742,300,91928752427463,91928754473692,91928754640738,2213.275,167.046,1,1
0,8743,300,91928754473692,91928756523691,91928757102501,2628.809,578.810,1,1
0,8744,300,91928756953055,91928758980385,91928759177601,2224.546,197.216,1,1
0,8745,300,91928759399898,91928761436868,91928761596224,2196.326,159.356,1,1
0,8746,300,91928761846572,91928763487167,91928764045667,2199.095,558.500,1,1
0,8747,300,91928763896632,91928765944121,91928766127407,2230.775,183.286,1,1
0,8748,300,91928766363945,91928768400844,91928768570370,2206.425,169.526,1,1
0,8749,300,91928768810368,91928770448464,91928771015703,2205.335,567.239,1,1
0,8750,300,91928770860028,91928772907227,91928773102874,2242.846,195.647,1,1
0,8751,300,91928773327051,91928775364561,91928775525766,2198.715,161.205,1,1
0,8752,300,91928775774534,91928777413340,91928778019351,2244.817,606.011,1,1
0,8753,300,91928777841514,91928779870794,91928780411842,2570.328,541.048,1,1
0,8754,300,91928780278347,91928782327577,91928782494512,2216.165,166.935,1,1
0,8755,300,91928782736681,91928784786511,91928784949916,2213.235,163.405,1,1
0,8756,300,91928784786511,91928786832610,91928787397659,2611.148,565.049,1,1
0,8757,300,91928787241593,91928789292153,91928789467959,2226.366,175.806,1,1
0,8758,300,91928789707858,91928791757197,91928791923393,2215.535,166.196,1,1
0,8759,300,91928792159400,91928793801126,91928794346175,2186.775,545.049,1,1
0,8760,300,91928794206580,91928796255280,91928796424245,2217.665,168.965,1,1
0,8761,300,91928796663603,91928798711112,91928798883318,2219.715,172.206,1,1
0,8762,300,91928799121887,91928800760423,91928801316991,2195.104,556.568,1,1
0,8763,300,91928801170606,91928803217085,91928803388191,2217.585,171.106,1,1
0,8764,300,91928803626070,91928805682009,91928805853975,2227.905,171.966,1,1
0,8765,300,91928806084853,91928807721748,91928808296997,2212.144,575.249,1,1
0,8766,300,91928808134762,91928810180881,91928810724011,2589.249,543.130,1,1
0,8767,300,91928810598346,91928812648246,91928812813401,2215.055,165.155,1,1
0,8768,300,91928813069829,91928815094479,91928815271484,2201.655,177.005,1,1
0,8769,300,91928815094479,91928817153208,91928817694107,2599.628,540.899,1,1
0,8770,300,91928817561862,91928819615042,91928819791168,2229.306,176.126,1,1
0,8771,300,91928820013896,91928822059815,91928822239571,2225.675,179.756,1,1
0,8772,300,91928822484420,91928824105544,91928824656763,2172.343,551.219,1,1
0,8773,300,91928824517549,91928826564038,91928826751984,2234.435,187.946,1,1
0,8774,300,91928826975181,91928829028701,91928829210217,2235.036,181.516,1,1
0,8775,300,91928829432635,91928831069471,91928831633180,2200.545,563.709,1,1
0,8776,300,91928831479264,91928833527194,91928833717740,2238.476,190.546,1,1
0,8777,300,91928833944898,91928835991187,91928836181734,2236.836,190.547,1,1
0,8778,300,91928836394231,91928838034437,91928838613576,2219.345,579.139,1,1
0,8779,300,91928838441640,91928840490840,91928841050910,2609.270,560.070,1,1
0,8780,300,91928840899694,91928842947213,91928843133310,2233.616,186.097,1,1
0,8781,300,91928843360227,91928845407217,91928845573843,2213.616,166.626,1,1
0,8782,300,91928845407217,91928847455137,91928847995785,2588.568,540.648,1,1
0,8783,300,91928847863310,91928849910419,91928850086466,2223.156,176.047,1,1
0,8784,300,91928850320594,91928852391164,91928852552079,2231.485,160.915,1,1
0,8785,300,91928852779247,91928854418053,91928854967332,2188.085,549.279,1,1
0,8786,300,91928854827687,91928856873456,91928857062363,2234.676,188.907,1,1
0,8787,300,91928857285350,91928859334209,91928859505695,2220.345,171.486,1,1
0,8788,300,91928859744804,91928861381529,91928861976099,2231.295,594.570,1,1
0,8789,300,91928861812064,91928863837302,91928864039079,2227.015,201.777,1,1
0,8790,300,91928864254496,91928866294976,91928866480182,2225.686,185.206,1,1
0,8791,300,91928866705390,91928868344275,91928868932055,2226.665,587.780,1,1
0,8792,300,91928868770489,91928870800158,91928871373658,2603.169,573.500,1,1
0,8793,300,91928871231803,91928873261772,91928873437888,2206.085,176.116,1,1
0,8794,300,91928873669926,91928875717046,91928875882871,2212.945,165.825,1,1
0,8795,300,91928875717046,91928877784186,91928878317473,2600.427,533.287,1,1
0,8796,300,91928878175869,91928880220908,91928880396474,2220.605,175.566,1,1
0,8797,300,91928880634673,91928882697782,91928882877108,2242.435,179.326,1,1
0,8798,300,91928883103476,91928884727031,91928885296611,2193.135,569.580,1,1
0,8799,300,91928885137165,91928887186705,91928887376521,2239.356,189.816,1,1
0,8800,300,91928887596598,91928889651658,91928889821864,2225.266,170.206,1,1
0,8801,300,91928890053492,91928891695947,91928892275277,2221.785,579.330,1,1
0,8802,300,91928892113341,91928894154481,91928894335707,2222.366,181.226,1,1
0,8803,300,91928894579005,91928896628375,91928896801310,2222.305,172.935,1,1
0,8804,300,91928897017108,91928898653344,91928899239624,2222.516,586.280,1,1
0,8805,300,91928899067448,91928901123528,91928901669946,2602.498,546.418,1,1
0,8806,300,91928901536691,91928903582691,91928903757537,2220.846,174.846,1,1
0,8807,300,91928903978834,91928906026874,91928906214491,2235.657,187.617,1,1
0,8808,300,91928906026874,91928908086114,91928908633972,2607.098,547.858,1,1
0,8809,300,91928908493418,91928910533496,91928910711513,2218.095,178.017,1,1
0,8810,300,91928910943511,91928912990360,91928913179987,2236.476,189.627,1,1
0,8811,300,91928913416654,91928915039010,91928915608539,2191.885,569.529,1,1
0,8812,300,91928915458704,91928917495233,91928917662999,2204.295,167.766,1,1
0,8813,300,91928917925167,91928919951916,91928920129852,2204.685,177.936,1,1
0,8814,300,91928920364681,91928922015327,91928922557615,2192.934,542.288,1,1
0,8815,300,91928922411680,91928924471339,91928924641635,2229.955,170.296,1,1
0,8816,300,91928924887953,91928926916733,91928927102089,2214.136,185.356,1,1
0,8817,300,91928927326376,91928928965332,91928929537391,2211.015,572.059,1,1
0,8818,300,91928929375186,91928931421535,91928931964713,2589.527,543.178,1,1
0,8819,300,91928931831200,91928933895309,91928934082095,2250.895,186.786,1,1
0,8820,300,91928934288262,91928936338642,91928936501438,2213.176,162.796,1,1
0,8821,300,91928936338642,91928938384392,91928938947871,2609.229,563.479,1,1
0,8822,300,91928938799286,91928940842335,91928941031931,2232.645,189.596,1,1
0,8823,300,91928941264029,91928943301429,91928943474484,2210.455,173.055,1,1
0,8824,300,91928943709472,91928945348298,91928945920618,2211.146,572.320,1,1
0,8825,300,91928945773173,91928947846293,91928948039379,2266.206,193.086,1,1
0,8826,300,91928948227245,91928950263044,91928950446190,2218.945,183.146,1,1
0,8827,300,91928950673029,91928952310824,91928952879223,2206.194,568.399,1,1
0,8828,300,91928952722318,91928954777867,91928954957184,2234.866,179.317,1,1
0,8829,300,91928955180591,91928957228471,91928957413258,2232.667,184.787,1,1
0,8830,300,91928957659956,91928959274721,91928959845839,2185.883,571.118,1,1
0,8831,300,91928959684704,91928961732084,91928962286863,2602.159,554.779,1,1
0,8832,300,91928962151928,91928964189677,91928964369523,2217.595,179.846,1,1
0,8833,300,91928964630382,91928966647670,91928966813446,2183.064,165.776,1,1
0,8834,300,91928966647670,91928968704000,91928969274290,2626.620,570.290,1,1
0,8835,300,91928969120334,91928971161614,91928971330220,2209.886,168.606,1,1
0,8836,300,91928971570607,91928973611487,91928973779393,2208.786,167.906,1,1
0,8837,300,91928974020781,91928975660327,91928976218085,2197.304,557.758,1,1
0,8838,300,91928976069220,91928978116020,91928978296046,2226.826,180.026,1,1
0,8839,300,91928978527604,91928980573553,91928980734548,2206.944,160.995,1,1
0,8840,300,91928980983287,91928982622842,91928983233423,2250.136,610.581,1,1
0,8841,300,91928983030367,91928985094796,91928985276782,2246.415,181.986,1,1
0,8842,300,91928985490350,91928987536809,91928987700475,2210.125,163.666,1,1
0,8843,300,91928987965444,91928989585419,91928990187999,2222.555,602.580,1,1
0,8844,300,91928990026274,91928992042032,91928992590091,2563.817,548.059,1,1
0,8845,300,91928992455506,91928994523657,91928994699312,2243.806,175.655,1,1
0,8846,300,91928994909759,91928996956848,91928997156986,2247.227,200.138,1,1
0,8847,300,91928996956848,91928999038900,91928999556167,2599.319,517.267,1,1
0,8848,300,91928999415492,91929001463482,91929001641418,2225.926,177.936,1,1
0,8849,300,91929001886366,91929003921556,91929004117432,2231.066,195.876,1,1
0,8850,300,91929004349479,91929005969285,91929006527203,2177.724,557.918,1,1
0,8851,300,91929006379118,91929008425829,91929008605424,2226.306,179.595,1,1
0,8852,300,91929008852472,91929010901362,91929011089628,2237.156,188.266,1,1
0,8853,300,91929011295615,91929012932951,91929013519551,2223.936,586.600,1,1
0,8854,300,91929013355705,91929015397654,91929015580491,2224.786,182.837,1,1
0,8855,300,91929015801188,91929017848347,91929018035784,2234.596,187.437,1,1
0,8856,300,91929018279423,91929019894648,91929020467116,2187.693,572.468,1,1
0,8857,300,91929020304701,91929022353110,91929022903829,2599.128,550.719,1,1
0,8858,300,91929022762145,91929024809784,91929024991520,2229.375,181.736,1,1
0,8859,300,91929025220548,91929027268137,91929027434723,2214.175,166.586,1,1
0,8860,300,91929027686691,91929029315407,91929029871676,2184.985,556.269,1,1
0,8861,300,91929029725331,91929031791261,91929031969717,2244.386,178.456,1,1
0,8862,300,91929032184414,91929034230644,91929034411650,2227.236,181.006,1,1
0,8863,300,91929034647308,91929036302114,91929036853542,2206.234,551.428,1,1
0,8864,300,91929036705277,91929038736826,91929038917293,2212.016,180.467,1,1
0,8865,300,91929039151121,91929041193800,91929041377256,2226.135,183.456,1,1
0,8866,300,91929041604683,91929043244119,91929043807628,2202.945,563.509,1,1
0,8867,300,91929043653654,91929045699183,91929045880649,2226.995,181.466,1,1
0,8868,300,91929046127677,91929048158886,91929048333302,2205.625,174.416,1,1
0,8869,300,91929048581870,91929050207485,91929050776235,2194.365,568.750,1,1
0,8870,300,91929050615150,91929052663779,91929053215858,2600.708,552.079,1,1
0,8871,300,91929053074002,91929055121753,91929055316009,2242.007,194.256,1,1
0,8872,300,91929055535226,91929057601296,91929057767462,2232.236,166.166,1,1
0,8873,300,91929057989880,91929059626305,91929060200005,2210.125,573.700,1,1
0,8874,300,91929060046519,91929062084279,91929062270245,2223.726,185.966,1,1
0,8875,300,91929062493692,91929064550652,91929064719478,2225.786,168.826,1,1
0,8876,300,91929064973457,91929066590712,91929067175662,2202.205,584.950,1,1
0,8877,300,91929066998835,91929069049025,91929069239331,2240.496,190.306,1,1
0,8878,300,91929069456769,91929071508849,91929071691515,2234.746,182.666,1,1
0,8879,300,91929071936343,91929073554258,91929074137587,2201.244,583.329,1,1
0,8880,300,91929073961432,91929076031392,91929076225318,2263.886,193.926,1,1
0,8881,300,91929076419865,91929078469564,91929078642420,2222.555,172.856,1,1
0,8882,300,91929078895539,91929080516854,91929081106794,2211.255,589.940,1,1
0,8883,300,91929080926258,91929082986677,91929083517996,2591.738,531.319,1,1
0,8884,300,91929083383641,91929085430941,91929085611947,2228.306,181.006,1,1
0,8885,300,91929085845655,91929087890294,91929088066960,2221.305,176.666,1,1
0,8886,300,91929088318719,91929089937573,91929090498173,2179.454,560.600,1,1
0,8887,300,91929090348488,91929092393457,91929092562113,2213.625,168.656,1,1
0,8888,300,91929092804200,91929094867641,91929095037277,2233.077,169.636,1,1
0,8889,300,91929095261674,91929096915320,91929097465809,2204.135,550.489,1,1
0,8890,300,91929097325294,91929099358293,91929099546759,2221.465,188.466,1,1
0,8891,300,91929099770308,91929101819347,91929101989993,2219.685,170.646,1,1
0,8892,300,91929102224330,91929103864356,91929104447386,2223.056,583.030,1,1
0,8893,300,91929104291321,91929106319900,91929106492615,2201.294,172.715,1,1
0,8894,300,91929106735884,91929108792614,91929108977390,2241.506,184.776,1,1
0,8895,300,91929109187677,91929110844773,91929111398742,2211.065,553.969,1,1
0,8896,300,91929111235266,91929113286176,91929113826484,2591.218,540.308,1,1
0,8897,300,91929113692759,91929115741390,91929115916265,2223.506,174.875,1,1
0,8898,300,91929116151323,91929118200012,91929118393009,2241.686,192.997,1,1
0,8899,300,91929118608907,91929120247202,91929120808041,2199.134,560.839,1,1
0,8900,300,91929120658686,91929122706096,91929122883451,2224.765,177.355,1,1
0,8901,300,91929123132210,91929125164608,91929125334264,2202.054,169.656,1,1
0,8902,300,91929125572183,91929127230119,91929127788868,2216.685,558.749,1,1
0,8903,300,91929127640253,91929129667931,91929129847678,2207.425,179.747,1,1
0,8904,300,91929130079486,91929132127165,91929132309491,2230.005,182.326,1,1
0,8905,300,91929132535159,91929134199176,91929134737934,2202.775,538.758,1,1
0,8906,300,91929134584118,91929136646439,91929136832955,2248.837,186.516,1,1
0,8907,300,91929137042622,91929139105741,91929139290069,2247.447,184.328,1,1
0,8908,300,91929139499526,91929141545735,91929141717851,2218.325,172.116,1,1
0,8909,300,91929141545735,91929143593534,91929144158673,2612.938,565.139,1,1
0,8910,300,91929144013678,91929146051678,91929146229223,2215.545,177.545,1,1
0,8911,300,91929146462112,91929148509401,91929148666157,2204.045,156.756,1,1
0,8912,300,91929148918605,91929150559020,91929151124169,2205.564,565.149,1,1
0,8913,300,91929150979785,91929153015974,91929153204120,2224.335,188.146,1,1
0,8914,300,91929153425397,91929155483238,91929155651583,2226.186,168.345,1,1
0,8915,300,91929155906382,91929157520457,91929158093416,2187.034,572.959,1,1
0,8916,300,91929157930410,91929159977610,91929160167966,2237.556,190.356,1,1
0,8917,300,91929160399094,91929162439744,91929162610829,2211.735,171.085,1,1
0,8918,300,91929162867658,91929164485803,91929165060332,2192.674,574.529,1,1
0,8919,300,91929164894656,91929166941977,91929167138013,2243.357,196.036,1,1
0,8920,300,91929167351650,91929169401130,91929169578506,2226.856,177.376,1,1
0,8921,300,91929169808444,91929171857473,91929172029808,2221.364,172.335,1,1
0,8922,300,91929171857473,91929173924733,91929174454092,2596.619,529.359,1,1
0,8923,300,91929174316666,91929176369886,91929176557692,2241.026,187.806,1,1
0,8924,300,91929176771910,91929178820389,91929178992105,2220.195,171.716,1,1
0,8925,300,91929179230633,91929180869719,91929181421238,2190.605,551.519,1,1
0,8926,300,91929181279223,91929183338172,91929183517039,2237.816,178.867,1,1
0,8927,300,91929183735696,91929185784945,91929185953551,2217.855,168.606,1,1
0,8928,300,91929186204520,91929187847386,91929188391954,2187.434,544.568,1,1
0,8929,300,91929188242909,91929190290348,91929190471594,2228.685,181.246,1,1
0,8930,300,91929190703112,91929192769623,91929192940788,2237.676,171.165,1,1
0,8931,300,91929193158716,91929194796662,91929195360091,2201.375,563.429,1,1
0,8932,300,91929195204125,91929197251375,91929197446001,2241.876,194.626,1,1
0,8933,300,91929197683259,91929199711588,91929199883694,2200.435,172.106,1,1
0,8934,300,91929200121682,91929202166752,91929202330747,2209.065,163.995,1,1
0,8935,300,91929202166752,91929204214621,91929204759330,2592.578,544.709,1,1
0,8936,300,91929204626035,91929206689025,91929206864481,2238.446,175.456,1,1
0,8937,300,91929207083728,91929209132248,91929209318224,2234.496,185.976,1,1
0,8938,300,91929209540321,91929211178877,91929211729446,2189.125,550.569,1,1
0,8939,300,91929211589082,91929213640081,91929213817497,2228.415,177.416,1,1
0,8940,300,91929214045634,91929216092754,91929216271510,2225.876,178.756,1,1
0,8941,300,91929216502978,91929218149374,91929218702813,2199.835,553.439,1,1
0,8942,300,91929218555038,91929220600417,91929220779742,2224.704,179.325,1,1
0,8943,300,91929221035141,91929223056881,91929223245037,2209.896,188.156,1,1
0,8944,300,91929223489325,91929225111550,91929225681309,2191.984,569.759,1,1
0,8945,300,91929225516153,91929227564143,91929227746150,2229.997,182.007,1,1
0,8946,300,91929227974117,91929230019366,91929230202802,2228.685,183.436,1,1
0,8947,300,91929230428841,91929232477140,91929232639475,2210.634,162.335,1,1
0,8948,300,91929232477140,91929234527480,91929235088388,2611.248,560.908,1,1
0,8949,300,91929234935793,91929236983522,91929237181300,2245.507,197.778,1,1
0,8950,300,91929237394117,91929239440466,91929239617743,2223.626,177.277,1,1
0,8951,300,91929239851850,91929241488135,91929242051814,2199.964,563.679,1,1
0,8952,300,91929241899810,91929243946719,91929244139486,2239.676,192.767,1,1
0,8953,300,91929244356173,91929246405462,91929246573958,2217.785,168.496,1,1
0,8954,300,91929246822536,91929248454002,91929249020971,2198.435,566.969,1,1
0,8955,300,91929248862246,91929250911565,91929251102562,2240.316,190.997,1,1
0,8956,300,91929251328909,91929253384759,91929253555995,2227.086,171.236,1,1
0,8957,300,91929253778763,91929255415958,91929255990847,2212.084,574.889,1,1
0,8958,300,91929255826342,91929257872451,91929258075669,2249.327,203.218,1,1
0,8959,300,91929258282206,91929260329655,91929260503091,2220.885,173.436,1,1
0,8960,300,91929260739138,91929262801249,91929262963704,2224.566,162.455,1,1
0,8961,300,91929262801249,91929264836228,91929265389036,2587.787,552.808,1,1
0,8962,300,91929265253462,91929267309282,91929267490668,2237.206,181.386,1,1
0,8963,300,91929267703535,91929269770115,91929269927820,2224.285,157.705,1,1
0,8964,300,91929270162488,91929271798514,91929272349703,2187.215,551.189,1,1
0,8965,300,91929272208128,91929274257258,91929274426184,2218.056,168.926,1,1
0,8966,300,91929274667381,91929276731351,91929276890017,2222.636,158.666,1,1
0,8967,300,91929277152725,91929278763630,91929279334290,2181.565,570.660,1,1
0,8968,300,91929279175805,91929281223174,91929281405260,2229.455,182.086,1,1
0,8969,300,91929281646779,91929283678437,91929283839583,2192.804,161.146,1,1
0,8970,300,91929284088981,91929285725717,91929286294236,2205.255,568.519,1,1
0,8971,300,91929286137140,91929288185280,91929288368956,2231.816,183.676,1,1
0,8972,300,91929288595474,91929290657564,91929290829990,2234.516,172.426,1,1
0,8973,300,91929291052397,91929293098027,91929293258342,2205.945,160.315,1,1
0,8974,300,91929293098027,91929295151626,91929295697074,2599.047,545.448,1,1
0,8975,300,91929295555860,91929297607519,91929297773165,2217.305,165.646,1,1
0,8976,300,91929298025114,91929300060933,91929300245399,2220.285,184.466,1,1
0,8977,300,91929300472997,91929302112513,91929302651661,2178.664,539.148,1,1
0,8978,300,91929302518497,91929304574156,91929304751582,2233.085,177.426,1,1
0,8979,300,91929304976120,91929307024699,91929307201485,2225.365,176.786,1,1
0,8980,300,91929307438693,91929309081009,91929309629568,2190.875,548.559,1,1
0,8981,300,91929309481883,91929311531202,91929311711138,2229.255,179.936,1,1
0,8982,300,91929311955287,91929313987556,91929314188292,2233.005,200.736,1,1
0,8983,300,91929314397299,91929316036455,91929316602665,2205.366,566.210,1,1
0,8984,300,91929316447559,91929318511058,91929318693275,2245.716,182.217,1,1
0,8985,300,91929318903302,91929320951182,91929321152488,2249.186,201.306,1,1
0,8986,300,91929321362395,91929323409315,91929323572001,2209.606,162.686,1,1
0,8987,300,91929323409315,91929325472485,91929326022834,2613.519,550.349,1,1
0,8988,300,91929325877509,91929327931728,91929328119904,2242.395,188.176,1,1
0,8989,300,91929328329882,91929330383041,91929330549237,2219.355,166.196,1,1
0,8990,300,91929330782555,91929332420151,91929332973310,2190.755,553.159,1,1
0,8991,300,91929332831584,91929334877415,91929335067411,2235.827,189.996,1,1
0,8992,300,91929335288738,91929337336407,91929337505703,2216.965,169.296,1,1
0,8993,300,91929337756422,91929339384337,91929339943016,2186.594,558.679,1,1
0,8994,300,91929339794261,91929341851490,91929342059617,2265.356,208.127,1,1
0,8995,300,91929342250504,91929344298434,91929344480810,2230.306,182.376,1,1
0,8996,300,91929344729929,91929346345714,91929346912933,2183.004,567.219,1,1
0,8997,300,91929346757267,91929348805477,91929348987073,2229.806,181.596,1,1
0,8998,300,91929349215871,91929351262610,91929351436606,2220.735,173.996,1,1
0,8999,300,91929351688374,91929353718433,91929353880839,2192.465,162.406,1,1
0,9000,300,91929353718433,91929355766243,91929356329322,2610.889,563.079,1,1
0,9001,300,91929356186238,91929358225426,91929358412762,2226.524,187.336,1,1
0,9002,300,91929358648941,91929360682430,91929360847535,2198.594,165.105,1,1
0,9003,300,91929361091443,91929362732109,91929363294298,2202.855,562.189,1,1
0,9004,300,91929363151484,91929365191962,91929365383759,2232.275,191.797,1,1
0,9005,300,91929365599797,91929367653947,91929367822082,2222.285,168.135,1,1
0,9006,300,91929368057070,91929369699526,91929370272245,2215.175,572.719,1,1
0,9007,300,91929370105050,91929372155059,91929372349525,2244.475,194.466,1,1
0,9008,300,91929372559912,91929374609792,91929374779978,2220.066,170.186,1,1
0,9009,300,91929375042337,91929376657592,91929377234861,2192.524,577.269,1,1
0,9010,300,91929377066416,91929379117225,91929379321752,2255.336,204.527,1,1
0,9011,300,91929379523919,91929381573349,91929381756825,2232.906,183.476,1,1
0,9012,300,91929381983132,91929384052762,91929384228319,2245.187,175.557,1,1
0,9013,300,91929384052762,91929386095812,91929386623079,2570.317,527.267,1,1
0,9014,300,91929386488465,91929388534615,91929388709101,2220.636,174.486,1,1
0,9015,300,91929388955059,91929390994478,91929391193025,2237.966,198.547,1,1
0,9016,300,91929391403342,91929393042508,91929393604587,2201.245,562.079,1,1
0,9017,300,91929393454452,91929395502651,91929395680717,2226.265,178.066,1,1
0,9018,300,91929395908185,91929397957594,91929398136830,2228.645,179.236,1,1
0,9019,300,91929398367038,91929400015475,91929400574293,2207.255,558.818,1,1
0,9020,300,91929400425688,91929402460977,91929402631043,2205.355,170.066,1,1
0,9021,300,91929402872361,91929404920520,91929405098317,2225.956,177.797,1,1
0,9022,300,91929405340605,91929406966630,91929407526039,2185.434,559.409,1,1
0,9023,300,91929407378374,91929409425543,91929409607939,2229.565,182.396,1,1
0,9024,300,91929409835278,91929411881817,91929412056902,2221.624,175.085,1,1
0,9025,300,91929412307051,91929414351551,91929414517156,2210.105,165.605,1,1
0,9026,300,91929414351551,91929416388159,91929416932088,2580.537,543.929,1,1
0,9027,300,91929416797584,91929418845623,91929419031559,2233.975,185.936,1,1
0,9028,300,91929419254707,91929421315197,91929421481542,2226.835,166.345,1,1
0,9029,300,91929421718631,91929423351966,91929423898575,2179.944,546.609,1,1
0,9030,300,91929423764880,91929425824060,91929425992706,2227.826,168.646,1,1
0,9031,300,91929426220284,91929428267063,91929428427238,2206.954,160.175,1,1
0,9032,300,91929428676726,91929430329912,91929430864301,2187.575,534.389,1,1
0,9033,300,91929430724317,91929432773896,91929432944812,2220.495,170.916,1,1
0,9034,300,91929433180899,91929435231009,91929435404315,2223.416,173.306,1,1
0,9035,300,91929435638943,91929437279608,91929437850228,2211.285,570.620,1,1
0,9036,300,91929437703873,91929439754002,91929439926198,2222.325,172.196,1,1
0,9037,300,91929440155006,91929442213736,91929442378052,2223.046,164.316,1,1
0,9038,300,91929442601869,91929444653499,91929444815724,2213.855,162.225,1,1
0,9039,300,91929444653499,91929446699248,91929447245666,2592.167,546.418,1,1
0,9040,300,91929447109012,91929449162072,91929449328608,2219.596,166.536,1,1
0,9041,300,91929449572305,91929451615415,91929451783121,2210.816,167.706,1,1
0,9042,300,91929452023459,91929453662715,91929454226284,2202.825,563.569,1,1
0,9043,300,91929454081899,91929456120397,91929456305204,2223.305,184.807,1,1
0,9044,300,91929456528822,91929458578141,91929458743187,2214.365,165.046,1,1
0,9045,300,91929458986475,91929460625871,91929461194440,2207.965,568.569,1,1
0,9046,300,91929461036014,91929463083044,91929463273541,2237.527,190.497,1,1
0,9047,300,91929463492718,91929465540237,91929465712213,2219.495,171.976,1,1
0,9048,300,91929465949722,91929467592847,91929468170957,2221.235,578.110,1,1
0,9049,300,91929467998311,91929470045020,91929470238067,2239.756,193.047,1,1
0,9050,300,91929470456674,91929472505304,91929472668420,2211.746,163.116,1,1
0,9051,300,91929472913478,91929474979907,91929475164634,2251.156,184.727,1,1
0,9052,300,91929474979907,91929477028907,91929477573315,2593.408,544.408,1,1
0,9053,300,91929477438361,91929479467240,91929479643496,2205.135,176.256,1,1
0,9054,300,91929479897304,91929481925484,91929482103429,2206.125,177.945,1,1
0,9055,300,91929482356288,91929483972423,91929484516492,2160.204,544.069,1,1
0,9056,300,91929484381887,91929486431486,91929486599452,2217.565,167.966,1,1
0,9057,300,91929486840800,91929488888420,91929489061626,2220.826,173.206,1,1
0,9058,300,91929489298673,91929490957010,91929491506709,2208.036,549.699,1,1
0,9059,300,91929491365624,91929493392023,91929493562619,2196.995,170.596,1,1
0,9060,300,91929493804286,91929495869406,91929496041972,2237.686,172.566,1,1
0,9061,300,91929496261970,91929497900025,91929498456314,2194.344,556.289,1,1
0,9062,300,91929498308279,91929500358089,91929500531255,2222.976,173.166,1,1
0,9063,300,91929500766222,91929502817972,91929502981478,2215.256,163.506,1,1
0,9064,300,91929503224276,91929505294116,91929505454461,2230.185,160.345,1,1
0,9065,300,91929505294116,91929507328605,91929507860683,2566.567,532.078,1,1
0,9066,300,91929507730069,91929509778419,91929509954594,2224.525,176.175,1,1
0,9067,300,91929510209163,91929512235661,91929512393867,2184.704,158.206,1,1
0,9068,300,91929512643846,91929514290511,91929514826880,2183.034,536.369,1,1
0,9069,300,91929514693455,91929516745775,91929516913070,2219.615,167.295,1,1
0,9070,300,91929517150019,91929519204989,91929519364824,2214.805,159.835,1,1
0,9071,300,91929519614932,91929521267508,91929521796626,2181.694,529.118,1,1
0,9072,300,91929521656541,91929523704461,91929523874596,2218.055,170.135,1,1
0,9073,300,91929524113675,91929526161944,91929526327610,2213.935,165.666,1,1
0,9074,300,91929526570408,91929528208223,91929528775013,2204.605,566.790,1,1
0,9075,300,91929528620058,91929530668557,91929530850713,2230.655,182.156,1,1
0,9076,300,91929531089502,91929533125040,91929533309517,2220.015,184.477,1,1
0,9077,300,91929533537285,91929535581134,91929535743059,2205.774,161.925,1,1
0,9078,300,91929535581134,91929537649094,91929538193032,2611.898,543.938,1,1
0,9079,300,91929538040728,91929540088937,91929540286153,2245.425,197.216,1,1
0,9080,300,91929540498100,91929542544460,91929542712065,2213.965,167.605,1,1
0,9081,300,91929542954554,91929544596289,91929545158009,2203.455,561.720,1,1
0,9082,300,91929545014403,91929547056173,91929547241879,2227.476,185.706,1,1
0,9083,300,91929547459637,91929549507226,91929549675042,2215.405,167.816,1,1
0,9084,300,91929549917600,91929551560846,91929552132155,2214.555,571.309,1,1
0,9085,300,91929551967109,91929554020939,91929554210186,2243.077,189.247,1,1
0,9086,300,91929554423853,91929556470612,91929556647269,2223.416,176.657,1,1
0,9087,300,91929556880187,91929558524462,91929559117413,2237.226,592.951,1,1
0,9088,300,91929558930976,91929560978126,91929561195893,2264.917,217.767,1,1
0,9089,300,91929561387879,91929563434059,91929563618645,2230.766,184.586,1,1
0,9090,300,91929563844823,91929565894022,91929566067879,2223.056,173.857,1,1
0,9091,300,91929565894022,91929567947452,91929568484650,2590.628,537.198,1,1
0,9092,300,91929568349166,91929570397595,91929570580041,2230.875,182.446,1,1
0,9093,300,91929570814739,91929572859428,91929573043464,2228.725,184.036,1,1
0,9094,300,91929573286953,91929574917249,91929575463817,2176.864,546.568,1,1
0,9095,300,91929575312232,91929577361861,91929577530617,2218.385,168.756,1,1
0,9096,300,91929577769856,91929579818535,91929579978410,2208.554,159.875,1,1
0,9097,300,91929580229599,91929581868345,91929582418993,2189.394,550.648,1,1
0,9098,300,91929582277228,91929584324158,91929584500674,2223.446,176.516,1,1
0,9099,300,91929584734062,91929586781241,91929586942336,2208.274,161.095,1,1
0,9100,300,91929587191395,91929588830760,91929589387800,2196.405,557.040,1,1
0,9101,300,91929589239375,91929591289154,91929591484580,2245.205,195.426,1,1
0,9102,300,91929591717308,91929593746667,91929593910653,2193.345,163.986,1,1
0,9103,300,91929594170172,91929596202791,91929596357336,2187.164,154.545,1,1
0,9104,300,91929596202791,91929598250440,91929598799659,2596.868,549.219,1,1
0,9105,300,91929598672354,91929600707484,91929600876600,2204.246,169.116,1,1
0,9106,300,91929601117097,91929603166677,91929603324593,2207.496,157.916,1,1
0,9107,300,91929603591251,91929605214676,91929605769665,2178.414,554.989,1,1
0,9108,300,91929605634410,91929607671270,91929607838555,2204.145,167.285,1,1
0,9109,300,91929608082103,91929610128463,91929610297299,2215.196,168.836,1,1
0,9110,300,91929610540027,91929612177923,91929612727352,2187.325,549.429,1,1
0,9111,300,91929612586846,91929614635426,91929614814922,2228.076,179.496,1,1
0,9112,300,91929615046050,91929617092909,91929617270496,2224.446,177.587,1,1
0,9113,300,91929617502523,91929619140329,91929619706368,2203.845,566.039,1,1
0,9114,300,91929619551033,91929621607582,91929621789579,2238.546,181.997,1,1
0,9115,300,91929622015327,91929624056485,91929624236592,2221.265,180.107,1,1
0,9116,300,91929624465500,91929626514079,91929626676694,2211.194,162.615,1,1
0,9117,300,91929626514079,91929628577039,91929629124657,2610.578,547.618,1,1
0,9118,300,91929628970293,91929631020572,91929631206579,2236.286,186.007,1,1
0,9119,300,91929631434796,91929633492756,91929633658762,2223.966,166.006,1,1
0,9120,300,91929633885399,91929635525984,91929636086234,2200.835,560.250,1,1
0,9121,300,91929635933459,91929637980978,91929638167354,2233.895,186.376,1,1
0,9122,300,91929638392632,91929640439442,91929640598607,2205.975,159.165,1,1
0,9123,300,91929640864226,91929642500261,91929643057841,2193.615,557.580,1,1
0,9124,300,91929642898585,91929644944804,91929645136191,2237.606,191.387,1,1
0,9125,300,91929645356589,91929647403988,91929647579224,2222.635,175.236,1,1
0,9126,300,91929647824992,91929649449847,91929650027297,2202.305,577.450,1,1
0,9127,300,91929649860822,91929651907451,91929652112898,2252.076,205.447,1,1
0,9128,300,91929652317394,91929654365044,91929654538290,2220.896,173.246,1,1
0,9129,300,91929654776738,91929656823908,91929656987223,2210.485,163.315,1,1
0,9130,300,91929656823908,91929658871627,91929659430776,2606.868,559.149,1,1
0,9131,300,91929659294881,91929661329311,91929661505726,2210.845,176.415,1,1
0,9132,300,91929661737684,91929663789204,91929663955119,2217.435,165.915,1,1
0,9133,300,91929664196258,91929665833573,91929666390892,2194.634,557.319,1,1
0,9134,300,91929666247328,91929668312377,91929668484473,2237.145,172.096,1,1
0,9135,300,91929668717301,91929670751500,91929670910015,2192.714,158.515,1,1
0,9136,300,91929671160704,91929672813840,91929673358168,2197.464,544.328,1,1
0,9137,300,91929673216864,91929675262403,91929675433169,2216.305,170.766,1,1
0,9138,300,91929675669827,91929677713526,91929677874301,2204.474,160.775,1,1
0,9139,300,91929678122750,91929679761146,91929680337706,2214.956,576.560,1,1
0,9140,300,91929680176680,91929682217779,91929682391095,2214.415,173.316,1,1
0,9141,300,91929682627253,91929684677052,91929684850888,2223.635,173.836,1,1
0,9142,300,91929685084827,91929687133896,91929687316462,2231.635,182.566,1,1
0,9143,300,91929687133896,91929689187556,91929689719213,2585.317,531.657,1,1
0,9144,300,91929689591409,91929691656249,91929691832445,2241.036,176.196,1,1
0,9145,300,91929692048603,91929694097932,91929694275789,2227.186,177.857,1,1
0,9146,300,91929694506846,91929696172032,91929696696240,2189.394,524.208,1,1
0,9147,300,91929696554466,91929698622766,91929698811342,2256.876,188.576,1,1
0,9148,300,91929699015329,91929701071839,91929701245895,2230.566,174.056,1,1
0,9149,300,91929701471432,91929703109408,91929703672277,2200.845,562.869,1,1
0,9150,300,91929703521132,91929705567171,91929705746828,2225.696,179.657,1,1
0,9151,300,91929705989436,91929708024755,91929708202230,2212.794,177.475,1,1
0,9152,300,91929708432308,91929710073504,91929710647914,2215.606,574.410,1,1
0,9153,300,91929710481748,91929712528808,91929712710424,2228.676,181.616,1,1
0,9154,300,91929712944242,91929714988041,91929715170767,2226.525,182.726,1,1
0,9155,300,91929715397685,91929717444824,91929717598829,2201.144,154.005,1,1
0,9156,300,91929717444824,91929719491504,91929720048702,2603.878,557.198,1,1
0,9157,300,91929719902987,91929721950768,91929722126763,2223.776,175.995,1,1
0,9158,300,91929722363821,91929724407750,91929724569616,2205.795,161.866,1,1
0,9159,300,91929724815905,91929726465230,91929726999688,2183.783,534.458,1,1
0,9160,300,91929726864804,91929728913874,91929729091679,2226.875,177.805,1,1
0,9161,300,91929729331358,91929731373306,91929731533753,2202.395,160.447,1,1
0,9162,300,91929731780381,91929733424756,91929734021317,2240.936,596.561,1,1
0,9163,300,91929733851311,91929735875579,91929736055776,2204.465,180.197,1,1
0,9164,300,91929736286184,91929738335403,91929738497649,2211.465,162.246,1,1
0,9165,300,91929738743997,91929740381953,91929740943481,2199.484,561.528,1,1
0,9166,300,91929740795446,91929742840176,91929743027043,2231.597,186.867,1,1
0,9167,300,91929743248420,91929745304870,91929745478915,2230.495,174.045,1,1
0,9168,300,91929745707684,91929747754713,91929747917418,2209.734,162.705,1,1
0,9169,300,91929747754713,91929749803362,91929750368991,2614.278,565.629,1,1
0,9170,300,91929750224807,91929752262195,91929752449401,2224.594,187.206,1,1
0,9171,300,91929752670590,91929754719479,91929754886375,2215.785,166.896,1,1
0,9172,300,91929755132533,91929756766738,91929757320177,2187.644,553.439,1,1
0,9173,300,91929757176603,91929759223472,91929759402198,2225.595,178.726,1,1
0,9174,300,91929759643436,91929761689205,91929761858241,2214.805,169.036,1,1
0,9175,300,91929762111850,91929763732694,91929764290284,2178.434,557.590,1,1
0,9176,300,91929764139069,91929766186438,91929766367835,2228.766,181.397,1,1
0,9177,300,91929766597722,91929768645822,91929768807097,2209.375,161.275,1,1
0,9178,300,91929769055085,91929770701611,91929771260010,2204.925,558.399,1,1
0,9179,300,91929771102744,91929773153234,91929773326250,2223.506,173.016,1,1
0,9180,300,91929773566389,91929775608908,91929775780164,2213.775,171.256,1,1
0,9181,300,91929776024212,91929778081092,91929778241697,2217.485,160.605,1,1
0,9182,300,91929778081092,91929780113441,91929780653479,2572.387,540.038,1,1
0,9183,300,91929780524044,91929782591894,91929782768151,2244.107,176.257,1,1
0,9184,300,91929782981858,91929785044708,91929785208413,2226.555,163.705,1,1
0,9185,300,91929785448792,91929787076897,91929787620215,2171.423,543.318,1,1
0,9186,300,91929787485411,91929789535461,91929789715436,2230.025,179.975,1,1
0,9187,300,91929789942794,91929792025695,91929792200460,2257.666,174.765,1,1
0,9188,300,91929792402488,91929794038433,91929794598742,2196.254,560.309,1,1
0,9189,300,91929794449257,91929796503397,91929796673273,2224.016,169.876,1,1
0,9190,300,91929796912890,91929798955970,91929799137806,2224.916,181.836,1,1
0,9191,300,91929799365654,91929801012529,91929801562218,2196.564,549.689,1,1
0,9192,300,91929801413693,91929803461872,91929803645449,2231.756,183.577,1,1
0,9193,300,91929803870007,91929805918136,91929806091712,2221.705,173.576,1,1
0,9194,300,91929806327470,91929808377120,91929808532235,2204.765,155.115,1,1
0,9195,300,91929808377120,91929810432699,91929810961107,2583.987,528.408,1,1
0,9196,300,91929810833323,91929812880282,91929813056228,2222.905,175.946,1,1
0,9197,300,91929813306447,91929815352156,91929815509952,2203.505,157.796,1,1
0,9198,300,91929815751549,91929817396726,91929817930383,2178.834,533.657,1,1
0,9199,300,91929817796029,91929819852518,91929820031255,2235.226,178.737,1,1
0,9200,300,91929820255042,91929822323632,91929822485959,2230.917,162.327,1,1
0,9201,300,91929822710326,91929824349662,91929824911281,2200.955,561.619,1,1
0,9202,300,91929824760555,91929826806595,91929826976341,2215.786,169.746,1,1
0,9203,300,91929827219108,91929829273528,91929829448635,2229.527,175.107,1,1
0,9204,300,91929829675912,91929831314978,91929831878967,2203.055,563.989,1,1
0,9205,300,91929831722201,91929833785782,91929833967418,2245.217,181.636,1,1
0,9206,300,91929834180925,91929836248595,91929836429411,2248.486,180.816,1,1
0,9207,300,91929836639238,91929838685208,91929838847783,2208.545,162.575,1,1
0,9208,300,91929838685208,91929840733778,91929841290796,2605.588,557.018,1,1
0,9209,300,91929841154052,91929843190750,91929843357476,2203.424,166.726,1,1
0,9210,300,91929843600475,91929845650304,91929845806919,2206.444,156.615,1,1
0,9211,300,91929846060308,91929847697744,91929848252483,2192.175,554.739,1,1
0,9212,300,91929848108367,91929850153807,91929850322643,2214.276,168.836,1,1
0,9213,300,91929850563241,91929852611220,91929852780746,2217.505,169.526,1,1
0,9214,300,91929853023575,91929854659369,91929855220069,2196.494,560.700,1,1
0,9215,300,91929855069034,91929857118773,91929857298949,2229.915,180.176,1,1
0,9216,300,91929857527257,91929859576707,91929859737442,2210.185,160.735,1,1
0,9217,300,91929859986321,91929861626217,91929862195715,2209.394,569.498,1,1
0,9218,300,91929862031950,91929864100710,91929864283357,2251.407,182.647,1,1
0,9219,300,91929864490254,91929866538463,91929866701818,2211.564,163.355,1,1
0,9220,300,91929866948786,91929868995907,91929869169632,2220.846,173.725,1,1
0,9221,300,91929868995907,91929871045716,91929871596204,2600.297,550.488,1,1
0,9222,300,91929871452869,91929873513360,91929873694436,2241.567,181.076,1,1
0,9223,300,91929873913183,91929875960033,91929876151779,2238.596,191.746,1,1
0,9224,300,91929876389647,91929878016233,91929878571451,2181.804,555.218,1,1
0,9225,300,91929878420426,91929880464786,91929880653762,2233.336,188.976,1,1
0,9226,300,91929880891820,91929882923679,91929883103125,2211.305,179.446,1,1
0,9227,300,91929883336752,91929884991999,91929885530508,2193.756,538.509,1,1
0,9228,300,91929885380812,91929887429932,91929887610187,2229.375,180.255,1,1
0,9229,300,91929887837095,91929889900756,91929890088412,2251.317,187.656,1,1
0,9230,300,91929890299569,91929891934085,91929892522695,2223.126,588.610,1,1
0,9231,300,91929892365719,91929894392048,91929894575065,2209.346,183.017,1,1
0,9232,300,91929894816202,91929896850041,91929897022858,2206.656,172.817,1,1
0,9233,300,91929897257655,91929899329405,91929899493161,2235.506,163.756,1,1
0,9234,300,91929899329405,91929901354374,91929901903672,2574.267,549.298,1,1
0,9235,300,91929901765788,91929903818768,91929903994184,2228.396,175.416,1,1
0,9236,300,91929904221432,91929906269811,91929906436757,2215.325,166.946,1,1
0,9237,300,91929906703185,91929908319240,91929908878549,2175.364,559.309,1,1
0,9238,300,91929908727674,91929910781904,91929910959320,2231.646,177.416,1,1
0,9239,300,91929911186718,91929913232747,91929913413214,2226.496,180.467,1,1
0,9240,300,91929913651221,91929915291727,91929915852406,2201.185,560.679,1,1
0,9241,300,91929915703171,91929917739760,91929917924796,2221.625,185.036,1,1
0,9242,300,91929918154744,91929920197653,91929920369509,2214.765,171.856,1,1
0,9243,300,91929920607957,91929922246063,91929922819972,2212.015,573.909,1,1
0,9244,300,91929922653177,91929924701696,91929924886192,2233.015,184.496,1,1
0,9245,300,91929925132701,91929927159600,91929927344706,2212.005,185.106,1,1
0,9246,300,91929927586824,91929929633794,91929929808069,2221.245,174.275,1,1
0,9247,300,91929929633794,91929931665383,91929932231222,2597.428,565.839,1,1
0,9248,300,91929932074796,91929934125456,91929934319443,2244.647,193.987,1,1
0,9249,300,91929934532020,91929936580720,91929936747315,2215.295,166.595,1,1
0,9250,300,91929937022875,91929938628769,91929939192818,2169.943,564.049,1,1
0,9251,300,91929939039432,91929941085653,91929941278498,2239.066,192.845,1,1
0,9252,300,91929941514767,91929943560026,91929943739062,2224.295,179.036,1,1
0,9253,300,91929943952900,91929945592855,91929946174504,2221.604,581.649,1,1
0,9254,300,91929946014439,91929948048829,91929948239445,2225.006,190.616,1,1
0,9255,300,91929948481023,91929950511972,91929950682738,2201.715,170.766,1,1
0,9256,300,91929950926856,91929952555442,91929953133261,2206.405,577.819,1,1
0,9257,300,91929952964315,91929955031835,91929955224792,2260.477,192.957,1,1
0,9258,300,91929955421279,91929957468778,91929957632243,2210.964,163.465,1,1
0,9259,300,91929957880742,91929959928181,91929960092878,2212.136,164.697,1,1
0,9260,300,91929959928181,91929961975901,91929962533010,2604.829,557.109,1,1
0,9261,300,91929962388385,91929964433574,91929964609071,2220.686,175.497,1,1
0,9262,300,91929964843699,91929966892028,91929967073684,2229.985,181.656,1,1
0,9263,300,91929967301151,91929968956028,91929969492636,2191.485,536.608,1,1
0,9264,300,91929969349391,91929971397860,91929971575207,2225.816,177.347,1,1
0,9265,300,91929971804974,91929973853834,91929974034110,2229.136,180.276,1,1
0,9266,300,91929974264347,91929975901443,91929976478983,2214.636,577.540,1,1
0,9267,300,91929976328258,91929978360297,91929978542303,2214.045,182.006,1,1
0,9268,300,91929978768760,91929980832311,91929981013557,2244.797,181.246,1,1
0,9269,300,91929981226454,91929982864730,91929983441999,2215.545,577.269,1,1
0,9270,300,91929983284594,91929985323043,91929985506509,2221.915,183.466,1,1
0,9271,300,91929985749308,91929987802157,91929987975863,2226.555,173.706,1,1
0,9272,300,91929988190740,91929990239500,91929990403475,2212.735,163.975,1,1
0,9273,300,91929990239500,91929992306030,91929992851159,2611.659,545.129,1,1
0,9274,300,91929992715964,91929994743853,91929994919669,2203.705,175.816,1,1
0,9275,300,91929995154536,91929997202386,91929997360221,2205.685,157.835,1,1
0,9276,300,91929997628120,91929999268516,91929999792114,2163.994,523.598,1,1
0,9277,300,91929999657689,91930001705728,91930001883765,2226.076,178.037,1,1
0,9278,300,91930002130363,91930004165752,91930004335328,2204.965,169.576,1,1
0,9279,300,91930004575326,91930006217802,91930006788092,2212.766,570.290,1,1
0,9280,300,91930006639006,91930008670045,91930008850751,2211.745,180.706,1,1
0,9281,300,91930009099189,91930011133139,91930011303495,2204.306,170.356,1,1
0,9282,300,91930011552843,91930013189929,91930013733237,2180.394,543.308,1,1
0,9283,300,91930013585932,91930015655802,91930015829488,2243.556,173.686,1,1
0,9284,300,91930016044345,91930018091915,91930018276001,2231.656,184.086,1,1
0,9285,300,91930018513200,91930020561979,91930020726714,2213.514,164.735,1,1
0,9286,300,91930020561979,91930022595607,91930023156997,2595.018,561.390,1,1
0,9287,300,91930023012742,91930025053641,91930025229157,2216.415,175.516,1,1
0,9288,300,91930025464005,91930027510435,91930027680391,2216.386,169.956,1,1
0,9289,300,91930027921178,91930029559344,91930030130544,2209.366,571.200,1,1
0,9290,300,91930029977878,91930032017007,91930032205893,2228.015,188.886,1,1
0,9291,300,91930032439671,91930034474541,91930034633756,2194.085,159.215,1,1
0,9292,300,91930034885784,91930036522470,91930037093650,2207.866,571.180,1,1
0,9293,300,91930036932585,91930038979644,91930039166060,2233.475,186.416,1,1
0,9294,300,91930039390887,91930041438577,91930041610463,2219.576,171.886,1,1
0,9295,300,91930041848131,91930043487096,91930044055345,2207.214,568.249,1,1
0,9296,300,91930043896431,91930045962440,91930046150637,2254.206,188.197,1,1
0,9297,300,91930046354123,91930048400964,91930048568569,2214.446,167.605,1,1
0,9298,300,91930048811847,91930050857646,91930051043182,2231.335,185.536,1,1
0,9299,300,91930050857646,91930052905786,91930053445615,2587.969,539.829,1,1
0,9300,300,91930053316110,91930055365190,91930055542375,2226.265,177.185,1,1
0,9301,300,91930055774393,91930057823463,91930057985339,2210.946,161.876,1,1
0,9302,300,91930058231427,91930059869393,91930060414701,2183.274,545.308,1,1
0,9303,300,91930060278696,91930062328956,91930062507612,2228.916,178.656,1,1
0,9304,300,91930062738350,91930064786339,91930064956815,2218.465,170.476,1,1
0,9305,300,91930065201033,91930066838429,91930067392337,2191.304,553.908,1,1
0,9306,300,91930067241553,91930069292922,91930069473828,2232.275,180.906,1,1
0,9307,300,91930069706516,91930071769576,91930071939882,2233.366,170.306,1,1
0,9308,300,91930072159490,91930073798945,91930074373225,2213.735,574.280,1,1
0,9309,300,91930074205189,91930076255238,91930076438444,2233.255,183.206,1,1
0,9310,300,91930076681843,91930078710842,91930078883647,2201.804,172.805,1,1
0,9311,300,91930079132475,91930081168345,91930081332860,2200.385,164.515,1,1
0,9312,300,91930081168345,91930083217394,91930083764253,2595.908,546.859,1,1
0,9313,300,91930083628339,91930085675258,91930085861634,2233.295,186.376,1,1
0,9314,300,91930086084911,91930088133861,91930088308047,2223.136,174.186,1,1
0,9315,300,91930088544495,91930090179191,91930090733059,2188.564,553.868,1,1
0,9316,300,91930090590475,91930092637554,91930092814760,2224.285,177.206,1,1
0,9317,300,91930093058998,91930095116248,91930095296264,2237.266,180.016,1,1
0,9318,300,91930095504931,91930097151548,91930097711576,2206.645,560.028,1,1
0,9319,300,91930097552550,91930099600681,91930099780306,2227.756,179.625,1,1
0,9320,300,91930100018965,91930102064904,91930102242680,2223.715,177.776,1,1
0,9321,300,91930102468198,91930104105623,91930104673772,2205.574,568.149,1,1
0,9322,300,91930104517557,91930106571727,91930106753373,2235.816,181.646,1,1
0,9323,300,91930106974220,91930109022771,91930109203086,2228.866,180.315,1,1
0,9324,300,91930109440105,91930111478363,91930111653119,2213.014,174.756,1,1
0,9325,300,91930111478363,91930113527303,91930114082992,2604.629,555.689,1,1
0,9326,300,91930113936227,91930115984376,91930116190033,2253.806,205.657,1,1
0,9327,300,91930116418231,91930118442869,91930118608976,2190.745,166.107,1,1
0,9328,300,91930118851704,91930120492050,91930121055759,2204.055,563.709,1,1
0,9329,300,91930120899263,91930122960413,91930123156389,2257.126,195.976,1,1
0,9330,300,91930123358507,91930125410366,91930125590212,2231.705,179.846,1,1
0,9331,300,91930125817050,91930127452815,91930128025065,2208.015,572.250,1,1
0,9332,300,91930127864239,91930129910739,91930130104115,2239.876,193.376,1,1
0,9333,300,91930130334743,91930132384942,91930132559769,2225.026,174.827,1,1
0,9334,300,91930132778606,91930134423022,91930134987401,2208.795,564.379,1,1
0,9335,300,91930134829246,91930136874065,91930137067962,2238.716,193.897,1,1
0,9336,300,91930137305809,91930139331989,91930139505634,2199.825,173.645,1,1
0,9337,300,91930139741212,91930141789492,91930141963618,2222.406,174.126,1,1
0,9338,300,91930141789492,91930143838711,91930144388530,2599.038,549.819,1,1
0,9339,300,91930144246785,91930146297235,91930146476291,2229.506,179.056,1,1
0,9340,300,91930146706028,91930148763768,91930148928914,2222.886,165.146,1,1
0,9341,300,91930149164462,91930150800758,91930151364327,2199.865,563.569,1,1
0,9342,300,91930151211401,91930153259341,91930153437967,2226.566,178.626,1,1
0,9343,300,91930153669855,91930155719195,91930155886880,2217.025,167.685,1,1
0,9344,300,91930156126828,91930157765594,91930158327323,2200.495,561.729,1,1
0,9345,300,91930158176538,91930160222507,91930160403974,2227.436,181.467,1,1
0,9346,300,91930160632111,91930162679050,91930162849366,2217.255,170.316,1,1
0,9347,300,91930163090484,91930164726610,91930165305770,2215.286,579.160,1,1
0,9348,300,91930165138254,91930167206664,91930167389880,2251.626,183.216,1,1
0,9349,300,91930167595157,91930169642446,91930169815102,2219.945,172.656,1,1
0,9350,300,91930170080232,91930172099500,91930172274976,2194.744,175.476,1,1
0,9351,300,91930172099500,91930174155560,91930174715289,2615.789,559.729,1,1
0,9352,300,91930174571904,91930176606743,91930176786609,2214.705,179.866,1,1
0,9353,300,91930177017617,91930179063216,91930179245543,2227.926,182.327,1,1
0,9354,300,91930179483280,91930181113396,91930181664575,2181.295,551.179,1,1
0,9355,300,91930181522070,91930183587010,91930183775626,2253.556,188.616,1,1
0,9356,300,91930183978464,91930186049494,91930186229270,2250.806,179.776,1,1
0,9357,300,91930186437147,91930188074352,91930188634401,2197.254,560.049,1,1
0,9358,300,91930188484626,91930190532875,91930190712302,2227.676,179.427,1,1
0,9359,300,91930190942250,91930192989009,91930193183406,2241.156,194.397,1,1
0,9360,300,91930193420993,91930195039428,91930195610548,2189.555,571.120,1,1
0,9361,300,91930195449013,91930197494902,91930197680418,2231.405,185.516,1,1
0,9362,300,91930197905695,91930199954475,91930200163792,2258.097,209.317,1,1
0,9363,300,91930200364379,91930202410719,91930202586015,2221.636,175.296,1,1
0,9364,300,91930202410719,91930204458248,91930205017907,2607.188,559.659,1,1
0,9365,300,91930204869292,91930206917072,91930207106108,2236.816,189.036,1,1
0,9366,300,91930207325305,91930209389176,91930209555981,2230.676,166.805,1,1
0,9367,300,91930209782319,91930211421085,91930211973403,2191.084,552.318,1,1
0,9368,300,91930211830588,91930213880518,91930214079035,2248.447,198.517,1,1
0,9369,300,91930214289382,91930216337551,91930216508686,2219.304,171.135,1,1
0,9370,300,91930216769066,91930218385251,91930218946480,2177.414,561.229,1,1
0,9371,300,91930218795974,91930220843364,91930221038511,2242.537,195.147,1,1
0,9372,300,91930221253058,91930223300487,91930223472913,2219.855,172.426,1,1
0,9373,300,91930223709381,91930225348177,91930225915656,2206.275,567.479,1,1
0,9374,300,91930225759181,91930227809331,91930228018348,2259.167,209.017,1,1
0,9375,300,91930228215804,91930230264593,91930230438610,2222.806,174.017,1,1
0,9376,300,91930230673848,91930232740368,91930232904123,2230.275,163.755,1,1
0,9377,300,91930232740368,91930234768076,91930235342096,2601.728,574.020,1,1
0,9378,300,91930235200082,91930237246131,91930237422476,2222.394,176.345,1,1
0,9379,300,91930237637744,91930239698764,91930239875720,2237.976,176.956,1,1
0,9380,300,91930240095318,91930241735533,91930242293662,2198.344,558.129,1,1
0,9381,300,91930242154227,91930244190326,91930244359772,2205.545,169.446,1,1
0,9382,300,91930244598890,91930246661260,91930246840436,2241.546,179.176,1,1
0,9383,300,91930247056973,91930248697109,91930249275299,2218.326,578.190,1,1
0,9384,300,91930249104923,91930251154682,91930251347269,2242.346,192.587,1,1
0,9385,300,91930251572326,91930253610596,91930253781262,2208.936,170.666,1,1
0,9386,300,91930254021049,91930255657535,91930256237414,2216.365,579.879,1,1
0,9387,300,91930256069989,91930258115409,91930258319896,2249.907,204.487,1,1
0,9388,300,91930258547443,91930260580062,91930260764518,2217.075,184.456,1,1
0,9389,300,91930260982976,91930263031495,91930263245073,2262.097,213.578,1,1
0,9390,300,91930263031495,91930265086965,91930265647694,2616.199,560.729,1,1
0,9391,300,91930265508520,91930267560300,91930267735585,2227.065,175.285,1,1
0,9392,300,91930267948092,91930269994751,91930270170668,2222.576,175.917,1,1
0,9393,300,91930270403726,91930272041891,91930272595090,2191.364,553.199,1,1
0,9394,300,91930272453005,91930274502485,91930274680880,2227.875,178.395,1,1
0,9395,300,91930274934059,91930276976489,91930277163095,2229.036,186.606,1,1
0,9396,300,91930277368412,91930279015777,91930279556446,2188.034,540.669,1,1
0,9397,300,91930279414451,91930281463510,91930281633456,2219.005,169.946,1,1
0,9398,300,91930281872725,91930283922044,91930284102470,2229.745,180.426,1,1
0,9399,300,91930284331148,91930285984264,91930286543834,2212.686,559.570,1,1
0,9400,300,91930286392428,91930288425957,91930288611013,2218.585,185.056,1,1
0,9401,300,91930288837071,91930290883110,91930291058106,2221.035,174.996,1,1
0,9402,300,91930291294215,91930293343384,91930293499159,2204.944,155.775,1,1
0,9403,300,91930293343384,91930295390543,91930295945192,2601.808,554.649,1,1
0,9404,300,91930295801107,91930297847057,91930298033753,2232.646,186.696,1,1
0,9405,300,91930298259961,91930300305640,91930300484247,2224.286,178.607,1,1
0,9406,300,91930300714494,91930302352309,91930302916578,2202.084,564.269,1,1
0,9407,300,91930302763244,91930304814063,91930304991959,2228.715,177.896,1,1
0,9408,300,91930305221397,91930307272936,91930307443512,2222.115,170.576,1,1
0,9409,300,91930307695871,91930309315936,91930309886875,2191.004,570.939,1,1
0,9410,300,91930309727280,91930311787760,91930311968126,2240.846,180.366,1,1
0,9411,300,91930312183793,91930314232213,91930314403499,2219.706,171.286,1,1
0,9412,300,91930314640796,91930316286373,91930316852012,2211.216,565.639,1,1
0,9413,300,91930316695276,91930318736626,91930318925412,2230.136,188.786,1,1
0,9414,300,91930319159129,91930321196669,91930321371205,2212.076,174.536,1,1
0,9415,300,91930321625134,91930323651402,91930323815088,2189.954,163.686,1,1
0,9416,300,91930323651402,91930325710552,91930326253321,2601.919,542.769,1,1
0,9417,300,91930326109055,91930328175296,91930328363122,2254.067,187.826,1,1
0,9418,300,91930328569029,91930330615088,91930330792415,2223.386,177.327,1,1
0,9419,300,91930331047953,91930332682558,91930333228677,2180.724,546.119,1,1
0,9420,300,91930333073042,91930335152482,91930335331829,2258.787,179.347,1,1
0,9421,300,91930335530895,91930337589295,91930337768951,2238.056,179.656,1,1
0,9422,300,91930337987499,91930339625885,91930340201664,2214.165,575.779,1,1
0,9423,300,91930340037248,91930342083157,91930342273604,2236.356,190.447,1,1
0,9424,300,91930342511482,91930344561442,91930344731978,2220.496,170.536,1,1
0,9425,300,91930344952475,91930346591831,91930347201962,2249.487,610.131,1,1
0,9426,300,91930347032996,91930349048154,91930349243620,2210.624,195.466,1,1
0,9427,300,91930349456108,91930351504457,91930351678093,2221.985,173.636,1,1
0,9428,300,91930351916551,91930353964081,91930354130037,2213.486,165.956,1,1
0,9429,300,91930353964081,91930356012860,91930356556119,2592.038,543.259,1,1
0,9430,300,91930356419614,91930358479434,91930358647040,2227.426,167.606,1,1
0,9431,300,91930358898088,91930360928347,91930361099823,2201.735,171.476,1,1
0,9432,300,91930361352502,91930362973896,91930363540975,2188.473,567.079,1,1
0,9433,300,91930363404371,91930365450860,91930365634857,2230.486,183.997,1,1
0,9434,300,91930365839963,91930367905264,91930368074860,2234.897,169.596,1,1
0,9435,300,91930368297657,91930369936673,91930370492351,2194.694,555.678,1,1
0,9436,300,91930370347156,91930372395036,91930372576402,2229.246,181.366,1,1
0,9437,300,91930372803250,91930374865180,91930375048606,2245.356,183.426,1,1
0,9438,300,91930375263263,91930376908890,91930377469068,2205.805,560.178,1,1
0,9439,300,91930377310512,91930379359362,91930379553449,2242.937,194.087,1,1
0,9440,300,91930379768166,91930381825496,91930381999102,2230.936,173.606,1,1
0,9441,300,91930382225200,91930384295390,91930384463066,2237.866,167.676,1,1
0,9442,300,91930384295390,91930386329058,91930386873467,2578.077,544.409,1,1
0,9443,300,91930386737113,91930388781062,91930388956198,2219.085,175.136,1,1
0,9444,300,91930389188036,91930391237405,91930391416811,2228.775,179.406,1,1
0,9445,300,91930391645489,91930393299105,91930393841484,2195.995,542.379,1,1
0,9446,300,91930393697528,91930395742098,91930395910184,2212.656,168.086,1,1
0,9447,300,91930396160833,91930398198431,91930398367567,2206.734,169.136,1,1
0,9448,300,91930398620226,91930400248141,91930400802050,2181.824,553.909,1,1
0,9449,300,91930400660175,91930402707104,91930402888740,2228.565,181.636,1,1
0,9450,300,91930403113889,91930405163638,91930405335613,2221.724,171.975,1,1
0,9451,300,91930405573592,91930407214858,91930407780227,2206.635,565.369,1,1
0,9452,300,91930407621981,91930409668430,91930409850497,2228.516,182.067,1,1
0,9453,300,91930410095885,91930412126404,91930412313900,2218.015,187.496,1,1
0,9454,300,91930412534998,91930414584868,91930414748453,2213.455,163.585,1,1
0,9455,300,91930414584868,91930416630787,91930417199076,2614.208,568.289,1,1
0,9456,300,91930417051131,91930419089390,91930419275037,2223.906,185.647,1,1
0,9457,300,91930419501815,91930421548124,91930421725479,2223.664,177.355,1,1
0,9458,300,91930421957027,91930423594353,91930424169663,2212.636,575.310,1,1
0,9459,300,91930424016428,91930426062947,91930426250163,2233.735,187.216,1,1
0,9460,300,91930426462200,91930428509740,91930428668946,2206.746,159.206,1,1
0,9461,300,91930428919274,91930430559059,91930431129239,2209.965,570.180,1,1
0,9462,300,91930430967993,91930433015933,91930433205599,2237.606,189.666,1,1
0,9463,300,91930433425256,91930435493547,91930435654762,2229.506,161.215,1,1
0,9464,300,91930435895640,91930437529936,91930438091555,2195.915,561.619,1,1
0,9465,300,91930437932119,91930439980189,91930440170755,2238.636,190.566,1,1
0,9466,300,91930440390883,91930442437773,91930442601588,2210.705,163.815,1,1
0,9467,300,91930442845296,91930444895326,91930445071762,2226.466,176.436,1,1
0,9468,300,91930444895326,91930446942496,91930447482244,2586.918,539.748,1,1
0,9469,300,91930447352269,91930449401128,91930449588055,2235.786,186.927,1,1
0,9470,300,91930449807953,91930451856122,91930452032769,2224.816,176.647,1,1
0,9471,300,91930452268346,91930453905392,91930454473421,2205.075,568.029,1,1
0,9472,300,91930454328676,91930456382656,91930456560981,2232.305,178.325,1,1
0,9473,300,91930456772129,91930458830589,91930458998575,2226.446,167.986,1,1
0,9474,300,91930459229362,91930460868117,91930461438557,2209.195,570.440,1,1
0,9475,300,91930461287342,91930463326351,91930463507297,2219.955,180.946,1,1
0,9476,300,91930463735135,91930465783995,91930465954360,2219.225,170.365,1,1
0,9477,300,91930466194869,91930467830694,91930468410184,2215.315,579.490,1,1
0,9478,300,91930468241108,91930470288107,91930470471274,2230.166,183.167,1,1
0,9479,300,91930470697591,91930472746151,91930472918807,2221.216,172.656,1,1
0,9480,300,91930473173706,91930475204895,91930475370100,2196.394,165.205,1,1
0,9481,300,91930475204895,91930477252594,91930477805432,2600.537,552.838,1,1
0,9482,300,91930477661327,91930479710037,91930479885413,2224.086,175.376,1,1
0,9483,300,91930480118831,91930482173461,91930482341207,2222.376,167.746,1,1
0,9484,300,91930482598765,91930484217220,91930484768839,2170.074,551.619,1,1
0,9485,300,91930484625883,91930486673964,91930486851389,2225.506,177.425,1,1
0,9486,300,91930487100658,91930489131127,91930489296542,2195.884,165.415,1,1
0,9487,300,91930489539681,91930491179906,91930491737966,2198.285,558.060,1,1
0,9488,300,91930491587820,91930493637810,91930493817375,2229.555,179.565,1,1
0,9489,300,91930494059814,91930496100153,91930496282130,2222.316,181.977,1,1
0,9490,300,91930496503257,91930498147832,91930498716352,2213.095,568.520,1,1
0,9491,300,91930498567847,91930500601036,91930500773152,2205.305,172.116,1,1
0,9492,300,91930501039460,91930503057159,91930503231526,2192.066,174.367,1,1
0,9493,300,91930503473763,91930505516202,91930505670618,2196.855,154.416,1,1
0,9494,300,91930505516202,91930507562092,91930508112990,2596.788,550.898,1,1
0,9495,300,91930507972526,91930510019675,91930510196092,2223.566,176.417,1,1
0,9496,300,91930510430900,91930512479359,91930512636234,2205.334,156.875,1,1
0,9497,300,91930512888923,91930514524698,91930515080697,2191.774,555.999,1,1
0,9498,300,91930514934522,91930516982242,91930517173708,2239.186,191.466,1,1
0,9499,300,91930517427326,91930519441605,91930519611921,2184.595,170.316,1,1
0,9500,300,91930519851719,91930521508675,91930522054693,2202.974,546.018,1,1
0,9501,300,91930521898919,91930523955738,91930524135745,2236.826,180.007,1,1
0,9502,300,91930524355511,91930526405671,91930526567547,2212.036,161.876,1,1
0,9503,300,91930526813405,91930528451011,91930529022780,2209.375,571.769,1,1
0,9504,300,91930528863305,91930530910954,91930531093910,2230.605,182.956,1,1
0,9505,300,91930531320269,91930533389689,91930533554044,2233.775,164.355,1,1
0,9506,300,91930533793902,91930535834711,91930535989457,2195.555,154.746,1,1
0,9507,300,91930535834711,91930537880901,91930538424139,2589.428,543.238,1,1
0,9508,300,91930538293824,91930540344715,91930540522580,2228.756,177.865,1,1
0,9509,300,91930540740228,91930542805688,91930542962973,2222.745,157.285,1,1
0,9510,300,91930543198291,91930544836837,91930545381785,2183.494,544.948,1,1
0,9511,300,91930545244960,91930547295030,91930547464056,2219.096,169.026,1,1
0,9512,300,91930547704784,91930549757364,91930549927200,2222.416,169.836,1,1
0,9513,300,91930550162417,91930551804443,91930552373173,2210.756,568.730,1,1
0,9514,300,91930552209977,91930554275557,91930554456723,2246.746,181.166,1,1
0,9515,300,91930554668020,91930556714199,91930556895556,2227.536,181.357,1,1
0,9516,300,91930557123294,91930558762280,91930559350490,2227.196,588.210,1,1
0,9517,300,91930559192014,91930561219202,91930561402718,2210.704,183.516,1,1
0,9518,300,91930561630007,91930563699327,91930563872003,2241.996,172.676,1,1
0,9519,300,91930564091860,91930566135829,91930566311085,2219.225,175.256,1,1
0,9520,300,91930566135829,91930568183649,91930568728478,2592.649,544.829,1,1
0,9521,300,91930568592343,91930570658403,91930570834219,2241.876,175.816,1,1
0,9522,300,91930571050657,91930573099576,91930573272911,2222.254,173.335,1,1
0,9523,300,91930573509559,91930575166026,91930575722784,2213.225,556.758,1,1
0,9524,300,91930575579230,91930577603519,91930577792254,2213.024,188.735,1,1
0,9525,300,91930578029423,91930580063562,91930580254289,2224.866,190.727,1,1
0,9526,300,91930580471465,91930582119392,91930582679131,2207.666,559.739,1,1
0,9527,300,91930582518946,91930584566295,91930584745901,2226.955,179.606,1,1
0,9528,300,91930584978419,91930587032798,91930587214534,2236.115,181.736,1,1
0,9529,300,91930587434912,91930589072408,91930589648177,2213.265,575.769,1,1
0,9530,300,91930589490742,91930591544921,91930591726988,2236.246,182.067,1,1
0,9531,300,91930592092110,91930594017315,91930594192121,2100.011,174.806,1,1
0,9532,300,91930594399298,91930596447128,91930596602233,2202.935,155.105,1,1
0,9533,300,91930596447128,91930598506438,91930599043676,2596.548,537.238,1,1
0,9534,300,91930598903741,91930600961531,91930601138047,2234.306,176.516,1,1
0,9535,300,91930601361325,91930603430245,91930603598601,2237.276,168.356,1,1
0,9536,300,91930603839809,91930605458374,91930606022063,2182.254,563.689,1,1
0,9537,300,91930605869887,91930607913866,91930608093623,2223.736,179.757,1,1
0,9538,300,91930608325021,91930610371480,91930610537986,2212.965,166.506,1,1
0,9539,300,91930610781404,91930612419630,91930612981278,2199.874,561.648,1,1
0,9540,300,91930612831334,91930614878443,91930615065700,2234.366,187.257,1,1
0,9541,300,91930615288447,91930617336186,91930617498713,2210.266,162.527,1,1
0,9542,300,91930617747871,91930619384196,91930619941705,2193.834,557.509,1,1
0,9543,300,91930619792320,91930621841339,91930622024835,2232.515,183.496,1,1
0,9544,300,91930622251124,91930624303513,91930624480359,2229.235,176.846,1,1
0,9545,300,91930624727797,91930626755756,91930626919701,2191.904,163.945,1,1
0,9546,300,91930626755756,91930628806485,91930629350744,2594.988,544.259,1,1
0,9547,300,91930629213020,91930631262229,91930631438876,2225.856,176.647,1,1
0,9548,300,91930631671873,91930633720703,91930633893218,2221.345,172.515,1,1
0,9549,300,91930634153637,91930635768122,91930636328931,2175.294,560.809,1,1
0,9550,300,91930636184156,91930638224855,91930638403502,2219.346,178.647,1,1
0,9551,300,91930638655290,91930640682219,91930640850384,2195.094,168.165,1,1
0,9552,300,91930641096923,91930642731588,91930643301648,2204.725,570.060,1,1
0,9553,300,91930643141303,91930645187372,91930645369248,2227.945,181.876,1,1
0,9554,300,91930645603266,91930647647185,91930647818301,2215.035,171.116,1,1
0,9555,300,91930648054919,91930649693474,91930650284694,2229.775,591.220,1,1
0,9556,300,91930650104179,91930652154058,91930652329284,2225.105,175.226,1,1
0,9557,300,91930652561791,91930654616501,91930654791287,2229.496,174.786,1,1
0,9558,300,91930655019385,91930657084675,91930657248821,2229.436,164.146,1,1
0,9559,300,91930657084675,91930659129255,91930659658542,2573.867,529.287,1,1
0,9560,300,91930659529159,91930661571677,91930661737263,2208.104,165.586,1,1
0,9561,300,91930661982171,91930664032731,91930664207947,2225.776,175.216,1,1
0,9562,300,91930664439455,91930666093011,91930666627459,2188.004,534.448,1,1
0,9563,300,91930666491324,91930668535283,91930668712910,2221.586,177.627,1,1
0,9564,300,91930668944788,91930670994627,91930671192203,2247.415,197.576,1,1
0,9565,300,91930671424791,91930673041147,91930673611236,2186.445,570.089,1,1
0,9566,300,91930673450750,91930675500330,91930675672746,2221.996,172.416,1,1
0,9567,300,91930675916164,91930677956613,91930678139489,2223.325,182.876,1,1
0,9568,300,91930678365258,91930680021014,91930680569922,2204.664,548.908,1,1
0,9569,300,91930680420627,91930682463086,91930682640942,2220.315,177.856,1,1
0,9570,300,91930682871250,91930684920460,91930685096485,2225.235,176.025,1,1
0,9571,300,91930685333554,91930687379823,91930687545789,2212.235,165.966,1,1
0,9572,300,91930687379823,91930689436763,91930689964821,2584.998,528.058,1,1
0,9573,300,91930689834837,91930691882656,91930692059511,2224.674,176.855,1,1
0,9574,300,91930692311350,91930694343369,91930694510505,2199.155,167.136,1,1
0,9575,300,91930694766184,91930696389519,91930696941117,2174.933,551.598,1,1
0,9576,300,91930696797372,91930698845962,91930699046099,2248.727,200.137,1,1
0,9577,300,91930699256906,91930701304306,91930701485381,2228.475,181.075,1,1
0,9578,300,91930701714109,91930703352685,91930703902414,2188.305,549.729,1,1
0,9579,300,91930703760678,91930705809849,91930705979744,2219.066,169.895,1,1
0,9580,300,91930706226003,91930708268612,91930708440588,2214.585,171.976,1,1
0,9581,300,91930708677216,91930710320141,91930710873661,2196.445,553.520,1,1
0,9582,300,91930710725005,91930712771505,91930712945001,2219.996,173.496,1,1
0,9583,300,91930713184678,91930715229118,91930715416855,2232.177,187.737,1,1
0,9584,300,91930715640882,91930717687301,91930717841907,2201.025,154.606,1,1
0,9585,300,91930717687301,91930719753431,91930720311021,2623.720,557.590,1,1
0,9586,300,91930720172565,91930722192374,91930722359570,2187.005,167.196,1,1
0,9587,300,91930722601868,91930724651347,91930724808033,2206.165,156.686,1,1
0,9588,300,91930725060412,91930726700358,91930727282467,2222.055,582.109,1,1
0,9589,300,91930727127802,91930729155250,91930729324256,2196.454,169.006,1,1
0,9590,300,91930729565905,91930731613194,91930731772029,2206.124,158.835,1,1
0,9591,300,91930732024748,91930733663524,91930734242753,2218.005,579.229,1,1
0,9592,300,91930734090867,91930736118287,91930736309953,2219.086,191.666,1,1
0,9593,300,91930736540161,91930738576420,91930738736926,2196.765,160.506,1,1
0,9594,300,91930738986544,91930740642830,91930741215260,2228.716,572.430,1,1
0,9595,300,91930741035174,91930743088204,91930743278140,2242.966,189.936,1,1
0,9596,300,91930743502607,91930745539847,91930745714702,2212.095,174.855,1,1
0,9597,300,91930745950890,91930748023011,91930748211967,2261.077,188.956,1,1
0,9598,300,91930748023011,91930750047439,91930750592688,2569.677,545.249,1,1
0,9599,300,91930750454893,91930752503383,91930752679338,2224.445,175.955,1,1
0,9600,300,91930752916917,91930754961826,91930755150632,2233.715,188.806,1,1
0,9601,300,91930755392751,91930757015245,91930757593996,2201.245,578.751,1,1
0,9602,300,91930757438650,91930759466909,91930759644865,2206.215,177.956,1,1
0,9603,300,91930759877073,91930761926143,91930762106308,2229.235,180.165,1,1
0,9604,300,91930762334536,91930763973182,91930764535811,2201.275,562.629,1,1
0,9605,300,91930764384116,91930766429326,91930766610001,2225.885,180.675,1,1
0,9606,300,91930766840549,91930768889279,91930769065665,2225.116,176.386,1,1
0,9607,300,91930769319193,91930770934698,91930771504397,2185.204,569.699,1,1
0,9608,300,91930771344112,91930773393212,91930773566138,2222.026,172.926,1,1
0,9609,300,91930773802715,91930775868546,91930776044751,2242.036,176.205,1,1
0,9610,300,91930776259779,91930778307998,91930778474124,2214.345,166.126,1,1
0,9611,300,91930778307998,91930780357658,91930780907517,2599.519,549.859,1,1
0,9612,300,91930780778242,91930782813461,91930782979657,2201.415,166.196,1,1
0,9613,300,91930783223685,91930785271514,91930785440360,2216.675,168.846,1,1
0,9614,300,91930785679968,91930787321124,91930787888493,2208.525,567.369,1,1
0,9615,300,91930787744218,91930789776237,91930789955434,2211.216,179.197,1,1
0,9616,300,91930790193431,91930792236141,91930792396396,2202.965,160.255,1,1
0,9617,300,91930792645074,91930794283430,91930794844999,2199.925,561.569,1,1
0,9618,300,91930794693844,91930796739613,91930796909289,2215.445,169.676,1,1
0,9619,300,91930797154208,91930799198407,91930799371303,2217.095,172.896,1,1
0,9620,300,91930799607670,91930801259797,91930801804516,2196.846,544.719,1,1
0,9621,300,91930801655361,91930803704950,91930803877705,2222.344,172.755,1,1
0,9622,300,91930804112073,91930806161993,91930806328809,2216.736,166.816,1,1
0,9623,300,91930806569917,91930808636937,91930808796362,2226.445,159.425,1,1
0,9624,300,91930808636937,91930810671656,91930811226905,2589.968,555.249,1,1
0,9625,300,91930811082450,91930813124340,91930813300675,2218.225,176.335,1,1
0,9626,300,91930813533393,91930815602743,91930815759459,2226.066,156.716,1,1
0,9627,300,91930815999667,91930817631302,91930818195171,2195.504,563.869,1,1
0,9628,300,91930818040156,91930820087546,91930820275672,2235.516,188.126,1,1
0,9629,300,91930820498879,91930822567050,91930822726115,2227.236,159.065,1,1
0,9630,300,91930822973563,91930824607259,91930825166598,2193.035,559.339,1,1
0,9631,300,91930825013813,91930827049571,91930827233128,2219.315,183.557,1,1
0,9632,300,91930827466547,91930829507635,91930829678591,2212.044,170.956,1,1
0,9633,300,91930829930830,91930831560985,91930832133905,2203.075,572.920,1,1
0,9634,300,91930831965189,91930834015159,91930834210895,2245.706,195.736,1,1
0,9635,300,91930834425142,91930836490302,91930836678678,2253.536,188.376,1,1
0,9636,300,91930836882906,91930838930835,91930839105640,2222.734,174.805,1,1
0,9637,300,91930838930835,91930840982205,91930841523123,2592.288,540.918,1,1
0,9638,300,91930841385599,91930843441988,91930843624965,2239.366,182.977,1,1
0,9639,300,91930843843612,91930845915422,91930846093468,2249.856,178.046,1,1
0,9640,300,91930846301275,91930847940850,91930848502020,2200.745,561.170,1,1
0,9641,300,91930848356555,91930850408994,91930850587471,2230.916,178.477,1,1
0,9642,300,91930850807468,91930852855708,91930853024574,2217.106,168.866,1,1
0,9643,300,91930853265601,91930854908228,91930855462526,2196.925,554.298,1,1
0,9644,300,91930855318571,91930857361090,91930857532346,2213.775,171.256,1,1
0,9645,300,91930857769714,91930859818714,91930859986389,2216.675,167.675,1,1
0,9646,300,91930860228757,91930861867923,91930862436503,2207.746,568.580,1,1
0,9647,300,91930862277927,91930864323687,91930864497402,2219.475,173.715,1,1
0,9648,300,91930864732840,91930866793381,91930866959506,2226.666,166.125,1,1
0,9649,300,91930867192234,91930869254434,91930869421009,2228.775,166.575,1,1
0,9650,300,91930869254434,91930871302913,91930871836742,2582.308,533.829,1,1
0,9651,300,91930871697996,91930873761237,91930873937212,2239.216,175.975,1,1
0,9652,300,91930874155160,91930876221150,91930876388326,2233.166,167.176,1,1
0,9653,300,91930876613664,91930878252969,91930878823038,2209.374,570.069,1,1
0,9654,300,91930878670273,91930880708103,91930880900089,2229.816,191.986,1,1
0,9655,300,91930881119766,91930883165846,91930883335401,2215.635,169.555,1,1
0,9656,300,91930883576000,91930885226946,91930885806995,2230.995,580.049,1,1
0,9657,300,91930885646600,91930887675049,91930887854825,2208.225,179.776,1,1
0,9658,300,91930888081093,91930890130992,91930890312818,2231.725,181.826,1,1
0,9659,300,91930890539676,91930892176232,91930892753452,2213.776,577.220,1,1
0,9660,300,91930892585776,91930894635075,91930894828901,2243.125,193.826,1,1
0,9661,300,91930895043679,91930897096438,91930897293856,2250.177,197.418,1,1
0,9662,300,91930897501853,91930899551392,91930899714887,2213.034,163.495,1,1
0,9663,300,91930899551392,91930901613462,91930902169071,2617.679,555.609,1,1
0,9664,300,91930902015535,91930904055855,91930904242401,2226.866,186.546,1,1
0,9665,300,91930904478009,91930906523689,91930906700964,2222.955,177.275,1,1
0,9666,300,91930906923222,91930908562567,91930909136907,2213.685,574.340,1,1
0,9667,300,91930908972262,91930911043642,91930911231728,2259.466,188.086,1,1
0,9668,300,91930911430185,91930913477834,91930913645620,2215.435,167.786,1,1
0,9669,300,91930913885108,91930915526024,91930916105894,2220.786,579.870,1,1
0,9670,300,91930915934518,91930917980737,91930918189144,2254.626,208.407,1,1
0,9671,300,91930918393221,91930920445721,91930920616746,2223.525,171.025,1,1
0,9672,300,91930920848074,91930922489550,91930923074920,2226.846,585.370,1,1
0,9673,300,91930922906104,91930924946954,91930925487432,2581.328,540.478,1,1
0,9674,300,91930925353757,91930927401977,91930927577723,2223.966,175.746,1,1
0,9675,300,91930927812391,91930929861440,91930930048927,2236.536,187.487,1,1
0,9676,300,91930929861440,91930931928550,91930932458609,2597.169,530.059,1,1
0,9677,300,91930932319303,91930934365363,91930934542919,2223.616,177.556,1,1
0,9678,300,91930934776887,91930936822796,91930936989662,2212.775,166.866,1,1
0,9679,300,91930937239930,91930938882056,91930939428175,2188.245,546.119,1,1
0,9680,300,91930939282870,91930941342239,91930941523836,2240.966,181.597,1,1
0,9681,300,91930941739733,91930943787542,91930943955718,2215.985,168.176,1,1
0,9682,300,91930944195307,91930945835013,91930946395231,2199.924,560.218,1,1
0,9683,300,91930946243216,91930948292735,91930948475071,2231.855,182.336,1,1
0,9684,300,91930948711940,91930950749209,91930950917745,2205.805,168.536,1,1
0,9685,300,91930951162173,91930952798148,91930953367808,2205.635,569.660,1,1
0,9686,300,91930953207302,91930955255402,91930955792030,2584.728,536.628,1,1
0,9687,300,91930955666626,91930957712115,91930957879071,2212.445,166.956,1,1
0,9688,300,91930958124089,91930960175299,91930960340555,2216.466,165.256,1,1
0,9689,300,91930960175299,91930962226099,91930962768277,2592.978,542.178,1,1
0,9690,300,91930962628762,91930964684192,91930964849687,2220.925,165.495,1,1
0,9691,300,91930965085185,91930967135145,91930967345342,2260.157,210.197,1,1
0,9692,300,91930967544968,91930969181784,91930969737273,2192.305,555.489,1,1
0,9693,300,91930969601018,91930971653628,91930971821164,2220.146,167.536,1,1
0,9694,300,91930972049881,91930974102841,91930974284877,2234.996,182.036,1,1
0,9695,300,91930974509995,91930976153881,91930976705220,2195.225,551.339,1,1
0,9696,300,91930976554734,91930978604394,91930978784450,2229.716,180.056,1,1
0,9697,300,91930979042549,91930981061158,91930981246594,2204.045,185.436,1,1
0,9698,300,91930981485711,91930983107197,91930983677506,2191.795,570.309,1,1
0,9699,300,91930983519600,91930985575310,91930986114889,2595.289,539.579,1,1
0,9700,300,91930985978854,91930988023153,91930988198380,2219.526,175.227,1,1
0,9701,300,91930988434177,91930990481907,91930990647353,2213.176,165.446,1,1
0,9702,300,91930990481907,91930992528827,91930993111496,2629.589,582.669,1,1
0,9703,300,91930992959851,91930994985509,91930995199657,2239.806,214.148,1,1
0,9704,300,91930995396724,91930997445043,91930997617969,2221.245,172.926,1,1
0,9705,300,91930997855617,91930999502483,91931000083253,2227.636,580.770,1,1
0,9706,300,91930999916437,91931001970507,91931002168193,2251.756,197.686,1,1
0,9707,300,91931002361410,91931004421870,91931004590336,2228.926,168.466,1,1
0,9708,300,91931004817554,91931006456949,91931007027828,2210.274,570.879,1,1
0,9709,300,91931006866073,91931008914892,91931009109879,2243.806,194.987,1,1
0,9710,300,91931009321867,91931011371116,91931011542012,2220.145,170.896,1,1
0,9711,300,91931011779219,91931013419005,91931013997345,2218.126,578.340,1,1
0,9712,300,91931013828809,91931015877748,91931016420357,2591.548,542.609,1,1
0,9713,300,91931016286403,91931018339702,91931018515038,2228.635,175.336,1,1
0,9714,300,91931018743495,91931020795945,91931020951121,2207.626,155.176,1,1
0,9715,300,91931020795945,91931022838705,91931023383404,2587.459,544.699,1,1
0,9716,300,91931023249829,91931025310049,91931025476975,2227.146,166.926,1,1
0,9717,300,91931025717722,91931027753552,91931027919027,2201.305,165.475,1,1
0,9718,300,91931028163425,91931029807061,91931030361930,2198.505,554.869,1,1
0,9719,300,91931030213975,91931032261925,91931032431541,2217.566,169.616,1,1
0,9720,300,91931032670808,91931034718568,91931034877494,2206.686,158.926,1,1
0,9721,300,91931035160623,91931036782438,91931037346307,2185.684,563.869,1,1
0,9722,300,91931037190582,91931039222671,91931039393907,2203.325,171.236,1,1
0,9723,300,91931039632794,91931041681985,91931041851979,2219.185,169.994,1,1
0,9724,300,91931042099329,91931043728054,91931044309463,2210.134,581.409,1,1
0,9725,300,91931044138797,91931046186407,91931046736926,2598.129,550.519,1,1
0,9726,300,91931046598021,91931048663431,91931048828776,2230.755,165.345,1,1
0,9727,300,91931049054254,91931051106294,91931051272279,2218.025,165.985,1,1
0,9728,300,91931051106294,91931053151194,91931053693982,2587.688,542.788,1,1
0,9729,300,91931053562077,91931055606276,91931055773102,2211.025,166.826,1,1
0,9730,300,91931056016591,91931058066330,91931058244086,2227.495,177.756,1,1
0,9731,300,91931058474474,91931060116250,91931060662198,2187.724,545.948,1,1
0,9732,300,91931060523263,91931062571333,91931062749409,2226.146,178.076,1,1
0,9733,300,91931062980487,91931065029366,91931065205662,2225.175,176.296,1,1
0,9734,300,91931065437610,91931067077255,91931067640514,2202.904,563.259,1,1
0,9735,300,91931067485960,91931069548229,91931069729126,2243.166,180.897,1,1
0,9736,300,91931069963313,91931071992963,91931072177189,2213.876,184.226,1,1
0,9737,300,91931072420377,91931074060293,91931074606772,2186.395,546.479,1,1
0,9738,300,91931074454686,91931076501245,91931077042644,2587.958,541.399,1,1
0,9739,300,91931076906069,91931078956209,91931079133754,2227.685,177.545,1,1
0,9740,300,91931079363192,91931081421672,91931081576278,2213.086,154.606,1,1
0,9741,300,91931081421672,91931083471752,91931084014110,2592.438,542.358,1,1
0,9742,300,91931083870995,91931085926875,91931086103711,2232.716,176.836,1,1
0,9743,300,91931086326389,91931088387849,91931088544994,2218.605,157.145,1,1
0,9744,300,91931088787902,91931090438178,91931090972297,2184.395,534.119,1,1
0,9745,300,91931090833231,91931092881502,91931093059837,2226.606,178.335,1,1
0,9746,300,91931093289605,91931095339785,91931095509400,2219.795,169.615,1,1
0,9747,300,91931095750189,91931097385944,91931097942123,2191.934,556.179,1,1
0,9748,300,91931097796158,91931099845298,91931100025613,2229.455,180.315,1,1
0,9749,300,91931100262202,91931102300801,91931102463487,2201.285,162.686,1,1
0,9750,300,91931102710835,91931104368091,91931104912290,2201.455,544.199,1,1
0,9751,300,91931104760514,91931106806653,91931107343102,2582.588,536.449,1,1
0,9752,300,91931107216048,91931109267357,91931109434053,2218.005,166.696,1,1
0,9753,300,91931109675641,91931111722870,91931111879616,2203.975,156.746,1,1
0,9754,300,91931111722870,91931113771030,91931114314259,2591.389,543.229,1,1
0,9755,300,91931114180684,91931116251714,91931116439580,2258.896,187.866,1,1
0,9756,300,91931116639908,91931118685947,91931118862362,2222.454,176.415,1,1
0,9757,300,91931119096861,91931120733236,91931121298885,2202.024,565.649,1,1
0,9758,300,91931121150560,91931123201430,91931123370186,2219.626,168.756,1,1
0,9759,300,91931123617884,91931125655173,91931125823219,2205.335,168.046,1,1
0,9760,300,91931126059398,91931127704783,91931128276253,2216.855,571.470,1,1
0,9761,300,91931128108517,91931130168686,91931130350163,2241.646,181.477,1,1
0,9762,300,91931130564550,91931132613349,91931132783535,2218.985,170.186,1,1
0,9763,300,91931133020943,91931134661819,91931135251458,2230.515,589.639,1,1
0,9764,300,91931135069373,91931137119762,91931137660270,2590.897,540.508,1,1
0,9765,300,91931137527126,91931139574656,91931139740041,2212.915,165.385,1,1
0,9766,300,91931139984179,91931142052289,91931142218216,2234.037,165.927,1,1
0,9767,300,91931142052289,91931144081249,91931144633297,2581.008,552.048,1,1
0,9768,300,91931144500453,91931146539282,91931146704837,2204.384,165.555,1,1
0,9769,300,91931146948186,91931148996375,91931149175881,2227.695,179.506,1,1
0,9770,300,91931149427410,91931151058545,91931151602483,2175.073,543.938,1,1
0,9771,300,91931151455478,91931153501529,91931153678264,2222.786,176.735,1,1
0,9772,300,91931153921322,91931155959441,91931156140837,2219.515,181.396,1,1
0,9773,300,91931156383616,91931158013641,91931158581671,2198.055,568.030,1,1
0,9774,300,91931158418115,91931160466805,91931160648641,2230.526,181.836,1,1
0,9775,300,91931160875268,91931162923027,91931163104824,2229.556,181.797,1,1
0,9776,300,91931163332682,91931164988858,91931165542106,2209.424,553.248,1,1
0,9777,300,91931165380451,91931167428840,91931167971629,2591.178,542.789,1,1
0,9778,300,91931167837405,91931169885214,91931170066460,2229.055,181.246,1,1
0,9779,300,91931170303358,91931172342317,91931172499973,2196.615,157.656,1,1
0,9780,300,91931172342317,91931174402637,91931174934456,2592.139,531.819,1,1
0,9781,300,91931174801671,91931176858621,91931177046067,2244.396,187.446,1,1
0,9782,300,91931177259784,91931179306694,91931179476000,2216.216,169.306,1,1
0,9783,300,91931179716417,91931181365023,91931181934473,2218.056,569.450,1,1
0,9784,300,91931181778078,91931183832427,91931184021513,2243.435,189.086,1,1
0,9785,300,91931184227081,91931186278551,91931186450056,2222.975,171.505,1,1
0,9786,300,91931186702384,91931188318359,91931188881368,2178.984,563.009,1,1
0,9787,300,91931188728034,91931190777983,91931190956959,2228.925,178.976,1,1
0,9788,300,91931191186126,91931193234936,91931193405842,2219.716,170.906,1,1
0,9789,300,91931193648891,91931195282215,91931195852285,2203.394,570.070,1,1
0,9790,300,91931195691270,91931197752749,91931198294328,2603.058,541.579,1,1
0,9791,300,91931198152873,91931200196943,91931200373308,2220.435,176.365,1,1
0,9792,300,91931200605156,91931202655206,91931202821011,2215.855,165.805,1,1
0,9793,300,91931202655206,91931204703615,91931205263795,2608.589,560.180,1,1
0,9794,300,91931205110589,91931207158708,91931207335075,2224.486,176.367,1,1
0,9795,300,91931207571492,91931209636173,91931209804249,2232.757,168.076,1,1
0,9796,300,91931210028376,91931211684222,91931212240721,2212.345,556.499,1,1
0,9797,300,91931212074215,91931214124645,91931214311871,2237.656,187.226,1,1
0,9798,300,91931214532989,91931216597889,91931216767985,2234.996,170.096,1,1
0,9799,300,91931216990332,91931218634538,91931219225618,2235.286,591.080,1,1
0,9800,300,91931219056833,91931221087371,91931221279527,2222.694,192.156,1,1
0,9801,300,91931221507526,91931223542314,91931223725091,2217.565,182.777,1,1
0,9802,300,91931223954139,91931225591664,91931226172934,2218.795,581.270,1,1
0,9803,300,91931226001338,91931228061128,91931228615157,2613.819,554.029,1,1
0,9804,300,91931228476632,91931230505751,91931230683727,2207.095,177.976,1,1
0,9805,300,91931230937435,91931232963394,91931233133440,2196.005,170.046,1,1
0,9806,300,91931232963394,91931235014163,91931235554172,2590.778,540.009,1,1
0,9807,300,91931235421068,91931237469067,91931237634322,2213.254,165.255,1,1
0,9808,300,91931237880621,91931239943331,91931240127047,2246.426,183.716,1,1
0,9809,300,91931240337814,91931241974790,91931242533269,2195.455,558.479,1,1
0,9810,300,91931242385454,91931244450864,91931244628620,2243.166,177.756,1,1
0,9811,300,91931244841597,91931246891047,91931247072383,2230.786,181.336,1,1
0,9812,300,91931247299230,91931248959377,91931249508866,2209.636,549.489,1,1
0,9813,300,91931249348921,91931251411750,91931251592066,2243.145,180.316,1,1
0,9814,300,91931251806733,91931253874763,91931254070890,2264.157,196.127,1,1
0,9815,300,91931254264317,91931255902932,91931256472692,2208.375,569.760,1,1
0,9816,300,91931256310756,91931258359336,91931258902114,2591.358,542.778,1,1
0,9817,300,91931258768659,91931260815999,91931260991575,2222.916,175.576,1,1
0,9818,300,91931261227113,91931263275742,91931263442788,2215.675,167.046,1,1
0,9819,300,91931263275742,91931265322772,91931265895722,2619.980,572.950,1,1
0,9820,300,91931265754807,91931267798446,91931267977323,2222.516,178.877,1,1
0,9821,300,91931268191059,91931270255170,91931270424385,2233.326,169.215,1,1
0,9822,300,91931270646563,91931272293738,91931272847377,2200.814,553.639,1,1
0,9823,300,91931272700012,91931274743251,91931274910787,2210.775,167.536,1,1
0,9824,300,91931275160936,91931277200745,91931277373951,2213.015,173.206,1,1
0,9825,300,91931277612299,91931279250635,91931279805013,2192.714,554.378,1,1
0,9826,300,91931279659698,91931281705878,91931281875594,2215.896,169.716,1,1
0,9827,300,91931282116242,91931284163801,91931284338947,2222.705,175.146,1,1
0,9828,300,91931284574616,91931286213330,91931286774180,2199.564,560.850,1,1
0,9829,300,91931286622515,91931288670504,91931289222353,2599.838,551.849,1,1
0,9830,300,91931289078728,91931291129047,91931291316694,2237.966,187.647,1,1
0,9831,300,91931291535871,91931293583961,91931293740136,2204.265,156.175,1,1
0,9832,300,91931293583961,91931295653761,91931296195389,2611.428,541.628,1,1
0,9833,300,91931296044415,91931298089924,91931298279290,2234.875,189.366,1,1
0,9834,300,91931298505558,91931300548218,91931300707753,2202.195,159.535,1,1
0,9835,300,91931300958191,91931302596907,91931303175896,2217.705,578.989,1,1
0,9836,300,91931303013991,91931305054950,91931305248617,2234.626,193.667,1,1
0,9837,300,91931305465144,91931307513334,91931307695790,2230.646,182.456,1,1
0,9838,300,91931307925367,91931309578273,91931310136232,2210.865,557.959,1,1
0,9839,300,91931309969596,91931312017147,91931312199013,2229.417,181.866,1,1
0,9840,300,91931312447611,91931314490310,91931314664516,2216.905,174.206,1,1
0,9841,300,91931314885754,91931316522609,91931317109089,2223.335,586.480,1,1
0,9842,300,91931316933763,91931318980573,91931319554842,2621.079,574.269,1,1
0,9843,300,91931319412687,91931321437856,91931321604452,2191.765,166.596,1,1
0,9844,300,91931321846790,91931323900790,91931324069015,2222.225,168.225,1,1
0,9845,300,91931323900790,91931325943329,91931326497088,2596.298,553.759,1,1
0,9846,300,91931326354403,91931328400862,91931328581178,2226.775,180.316,1,1
0,9847,300,91931328815606,91931330863056,91931331044222,2228.616,181.166,1,1
0,9848,300,91931331268380,91931332908386,91931333483135,2214.755,574.749,1,1
0,9849,300,91931333334019,91931335364638,91931335557335,2223.316,192.697,1,1
0,9850,300,91931335780002,91931337820932,91931337992308,2212.306,171.376,1,1
0,9851,300,91931338250896,91931339869241,91931340454211,2203.315,584.970,1,1
0,9852,300,91931340288576,91931342326615,91931342507301,2218.725,180.686,1,1
0,9853,300,91931342736469,91931344798868,91931344983435,2246.966,184.567,1,1
0,9854,300,91931345197092,91931346833767,91931347405317,2208.225,571.550,1,1
0,9855,300,91931347242902,91931349290351,91931349833329,2590.427,542.978,1,1
0,9856,300,91931349699845,91931351749014,91931351923810,2223.965,174.796,1,1
0,9857,300,91931352157508,91931354207158,91931354374403,2216.895,167.245,1,1
0,9858,300,91931354207158,91931356255557,91931356804786,2597.628,549.229,1,1
0,9859,300,91931356664652,91931358710891,91931358887886,2223.234,176.995,1,1
0,9860,300,91931359129825,91931361170054,91931361341740,2211.915,171.686,1,1
0,9861,300,91931361582548,91931363217894,91931363773752,2191.204,555.858,1,1
0,9862,300,91931363626057,91931365676317,91931365855933,2229.876,179.616,1,1
0,9863,300,91931366084561,91931368136901,91931368317317,2232.756,180.416,1,1
0,9864,300,91931368564605,91931370181530,91931370749429,2184.824,567.899,1,1
0,9865,300,91931370591493,91931372637514,91931372819670,2228.177,182.156,1,1
0,9866,300,91931373058127,91931375115527,91931375310284,2252.157,194.757,1,1
0,9867,300,91931375505460,91931377153247,91931377725725,2220.265,572.478,1,1
0,9868,300,91931377553590,91931379600259,91931380158628,2605.038,558.369,1,1
0,9869,300,91931380015793,91931382060213,91931382247319,2231.526,187.106,1,1
0,9870,300,91931382468357,91931384517316,91931384693063,2224.706,175.747,1,1
0,9871,300,91931384517316,91931386565606,91931387127925,2610.609,562.319,1,1
0,9872,300,91931386975560,91931389023519,91931389211236,2235.676,187.717,1,1
0,9873,300,91931389431013,91931391478812,91931391658479,2227.466,179.667,1,1
0,9874,300,91931391889297,91931393528101,91931394096161,2206.864,568.060,1,1
0,9875,300,91931393936376,91931395995916,91931396197473,2261.097,201.557,1,1
0,9876,300,91931396395280,91931398441769,91931398612315,2217.035,170.546,1,1
0,9877,300,91931398852462,91931400491948,91931401063397,2210.935,571.449,1,1
0,9878,300,91931400901412,91931402949471,91931403133078,2231.666,183.607,1,1
0,9879,300,91931403357366,91931405406475,91931405579971,2222.605,173.496,1,1
0,9880,300,91931405817088,91931407454384,91931408042164,2225.076,587.780,1,1
0,9881,300,91931407865089,91931409911908,91931410460157,2595.068,548.249,1,1
0,9882,300,91931410325342,91931412368211,91931412555237,2229.895,187.026,1,1
0,9883,300,91931412791055,91931414825935,91931414991520,2200.465,165.585,1,1
0,9884,300,91931415253970,91931416874304,91931417425253,2171.283,550.949,1,1
0,9885,300,91931417283618,91931419331988,91931419516754,2233.136,184.766,1,1
0,9886,300,91931419761332,91931421790711,91931421958536,2197.204,167.825,1,1
0,9887,300,91931422209365,91931423838130,91931424395599,2186.234,557.469,1,1
0,9888,300,91931424246714,91931426294844,91931426472430,2225.716,177.586,1,1
0,9889,300,91931426705907,91931428769728,91931428931103,2225.196,161.375,1,1
0,9890,300,91931429184252,91931430801677,91931431358585,2174.333,556.908,1,1
0,9891,300,91931431211370,91931433257549,91931433441366,2229.996,183.817,1,1
0,9892,300,91931433681924,91931435727273,91931435890580,2208.656,163.307,1,1
0,9893,300,91931436134187,91931437784153,91931438351353,2217.166,567.200,1,1
0,9894,300,91931438197297,91931440221516,91931440763795,2566.498,542.279,1,1
0,9895,300,91931440630340,91931442685670,91931442851175,2220.835,165.505,1,1
0,9896,300,91931443110174,91931445137313,91931445304399,2194.225,167.086,1,1
0,9897,300,91931445548157,91931447186393,91931447731201,2183.044,544.808,1,1
0,9898,300,91931447593907,91931449645386,91931449813222,2219.315,167.836,1,1
0,9899,300,91931450069020,91931452099969,91931452277035,2208.015,177.066,1,1
0,9900,300,91931452510904,91931454163850,91931454714278,2203.374,550.428,1,1
0,9901,300,91931454557783,91931456605512,91931456785368,2227.585,179.856,1,1
0,9902,300,91931457027407,91931459074636,91931459253572,2226.165,178.936,1,1
0,9903,300,91931459473019,91931461115866,91931461668514,2195.495,552.648,1,1
0,9904,300,91931461522339,91931463569078,91931463751125,2228.786,182.047,1,1
0,9905,300,91931463980293,91931466027022,91931466199378,2219.085,172.356,1,1
0,9906,300,91931466437925,91931468074771,91931468637790,2199.865,563.019,1,1
0,9907,300,91931468485075,91931470533265,91931471077663,2592.588,544.398,1,1
0,9908,300,91931470940878,91931472990998,91931473175334,2234.456,184.336,1,1
0,9909,300,91931473413232,91931475463992,91931475620858,2207.626,156.866,1,1
0,9910,300,91931475871796,91931477496051,91931478057880,2186.084,561.829,1,1
0,9911,300,91931477906404,91931479967615,91931480153991,2247.587,186.376,1,1
0,9912,300,91931480364298,91931482420688,91931482579943,2215.645,159.255,1,1
0,9913,300,91931482821152,91931484458637,91931485018947,2197.795,560.310,1,1
0,9914,300,91931484868111,91931486916451,91931487097916,2229.805,181.465,1,1
0,9915,300,91931487325944,91931489388175,91931489560511,2234.567,172.336,1,1
0,9916,300,91931489782488,91931491423444,91931491989433,2206.945,565.989,1,1
0,9917,300,91931491842668,91931493892748,91931494084473,2241.805,191.725,1,1
0,9918,300,91931494288481,91931496351790,91931496515786,2227.305,163.996,1,1
0,9919,300,91931496746254,91931498384980,91931498953119,2206.865,568.139,1,1
0,9920,300,91931498795863,91931500855433,91931501388442,2592.579,533.009,1,1
0,9921,300,91931501260718,91931503300326,91931503477443,2216.725,177.117,1,1
0,9922,300,91931503709051,91931505756770,91931505913885,2204.834,157.115,1,1
0,9923,300,91931506168623,91931507806719,91931508356428,2187.805,549.709,1,1
0,9924,300,91931508216623,91931510264323,91931510433188,2216.565,168.865,1,1
0,9925,300,91931510674017,91931512720826,91931512879792,2205.775,158.966,1,1
0,9926,300,91931513131510,91931514769625,91931515322614,2191.104,552.989,1,1
0,9927,300,91931515178460,91931517227859,91931517405945,2227.485,178.086,1,1
0,9928,300,91931517635822,91931519707323,91931519877839,2242.017,170.516,1,1
0,9929,300,91931520095286,91931521730992,91931522297541,2202.255,566.549,1,1
0,9930,300,91931522150266,91931524189245,91931524372911,2222.645,183.666,1,1
0,9931,300,91931524600149,91931526647559,91931526821215,2221.066,173.656,1,1
0,9932,300,91931527056182,91931529104221,91931529268358,2212.176,164.137,1,1
0,9933,300,91931529104221,91931531153352,91931531691130,2586.909,537.778,1,1
0,9934,300,91931531563365,91931533611755,91931533777330,2213.965,165.575,1,1
0,9935,300,91931534021549,91931536068418,91931536252284,2230.735,183.866,1,1
0,9936,300,91931536485132,91931538115048,91931538667817,2182.685,552.769,1,1
0,9937,300,91931538534422,91931540572811,91931540760778,2226.356,187.967,1,1
0,9938,300,91931540982835,91931543030854,91931543354656,2371.821,323.802,1,1
0,9939,300,91931543440429,91931545078384,91931545630443,2190.014,552.059,1,1
0,9940,300,91931545490458,91931547537557,91931547707543,2217.085,169.986,1,1
0,9941,300,91931547946341,91931549996140,91931550184747,2238.406,188.607,1,1
0,9942,300,91931550405515,91931552043621,91931552631070,2225.555,587.449,1,1
0,9943,300,91931552471775,91931554500163,91931554672189,2200.414,172.026,1,1
0,9944,300,91931554908808,91931556958937,91931557155483,2246.675,196.546,1,1
0,9945,300,91931557366521,91931559414990,91931559577076,2210.555,162.086,1,1
0,9946,300,91931559414990,91931561477680,91931562029228,2614.238,551.548,1,1
0,9947,300,91931561884664,91931563936953,91931564122710,2238.046,185.757,1,1
0,9948,300,91931564331328,91931566385546,91931566552162,2220.834,166.616,1,1
0,9949,300,91931566805001,91931568426196,91931568969334,2164.333,543.138,1,1
0,9950,300,91931568836640,91931570885249,91931571063896,2227.256,178.647,1,1
0,9951,300,91931571295254,91931573341403,91931573501418,2206.164,160.015,1,1
0,9952,300,91931573752056,91931575389182,91931575949471,2197.415,560.289,1,1
0,9953,300,91931575801327,91931577865786,91931578050412,2249.085,184.626,1,1
0,9954,300,91931578257389,91931580304639,91931580466535,2209.146,161.896,1,1
0,9955,300,91931580715933,91931582353489,91931582914388,2198.455,560.899,1,1
0,9956,300,91931582762492,91931584809662,91931584992368,2229.876,182.706,1,1
0,9957,300,91931585220476,91931587267226,91931587437021,2216.545,169.795,1,1
0,9958,300,91931587676989,91931589725908,91931589878584,2201.595,152.676,1,1
0,9959,300,91931589725908,91931591773898,91931592310056,2584.148,536.158,1,1
0,9960,300,91931592182342,91931594232302,91931594398337,2215.995,166.035,1,1
0,9961,300,91931594640746,91931596690185,91931596865821,2225.075,175.636,1,1
0,9962,300,91931597099349,91931598736215,91931599304344,2204.995,568.129,1,1
0,9963,300,91931599153609,91931601195227,91931601377574,2223.965,182.347,1,1
0,9964,300,91931601620042,91931603654021,91931603822137,2202.095,168.116,1,1
0,9965,300,91931604061415,91931605699890,91931606289021,2227.606,589.131,1,1
0,9966,300,91931606122665,91931608167404,91931608350751,2228.086,183.347,1,1
0,9967,300,91931608566658,91931610615767,91931610797024,2230.366,181.257,1,1
0,9968,300,91931611024612,91931612665067,91931613275017,2250.405,609.950,1,1
0,9969,300,91931613098532,91931615122880,91931615315177,2216.645,192.297,1,1
0,9970,300,91931615530355,91931617578264,91931617750859,2220.504,172.595,1,1
0,9971,300,91931617989248,91931620036567,91931620222043,2232.795,185.476,1,1
0,9972,300,91931620036567,91931622096547,91931622649785,2613.218,553.238,1,1
0,9973,300,91931622515601,91931624560780,91931624735657,2220.056,174.877,1,1
0,9974,300,91931624953344,91931627000844,91931627187410,2234.066,186.566,1,1
0,9975,300,91931627416228,91931629069054,91931629596962,2180.734,527.908,1,1
0,9976,300,91931629456106,91931631506146,91931631695302,2239.196,189.156,1,1
0,9977,300,91931631914020,91931633978380,91931634164706,2250.686,186.326,1,1
0,9978,300,91931634372033,91931636031590,91931636568658,2196.625,537.068,1,1
0,9979,300,91931636420962,91931638468203,91931638648348,2227.386,180.145,1,1
0,9980,300,91931638879476,91931640926186,91931641118922,2239.446,192.736,1,1
0,9981,300,91931641334740,91931642973175,91931643563385,2228.645,590.210,1,1
0,9982,300,91931643397710,91931645431649,91931645614225,2216.515,182.576,1,1
0,9983,300,91931645861963,91931647888312,91931648083698,2221.735,195.386,1,1
0,9984,300,91931648317996,91931650347825,91931650510641,2192.645,162.816,1,1
0,9985,300,91931650347825,91931652404015,91931652950514,2602.689,546.499,1,1
0,9986,300,91931652816629,91931654853819,91931655040185,2223.556,186.366,1,1
0,9987,300,91931655261352,91931657309302,91931657477118,2215.766,167.816,1,1
0,9988,300,91931657720166,91931659379202,91931659901140,2180.974,521.938,1,1
0,9989,300,91931659767995,91931661814524,91931661981960,2213.965,167.436,1,1
0,9990,300,91931662243849,91931664274568,91931664444174,2200.325,169.606,1,1
0,9991,300,91931664691922,91931666337088,91931666888627,2196.705,551.539,1,1
0,9992,300,91931666740852,91931668778121,91931668968728,2227.876,190.607,1,1
0,9993,300,91931669187725,91931671255075,91931671439512,2251.787,184.437,1,1
0,9994,300,91931671646098,91931673283883,91931673869583,2223.485,585.700,1,1
0,9995,300,91931673715489,91931675754057,91931675925893,2210.404,171.836,1,1
0,9996,300,91931676151851,91931678213121,91931678377526,2225.675,164.405,1,1
0,9997,300,91931678617365,91931680657254,91931680813820,2196.455,156.566,1,1
0,9998,300,91931680657254,91931682705713,91931683250482,2593.228,544.769,1,1
0,9999,300,91931683114818,91931685163427,91931685340282,2225.464,176.855,1,1
0,10000,300,91931685573770,91931687619851,91931687776515,2202.745,156.664,1,1
0,10001,300,91931688029274,91931689687691,91931690227499,2198.225,539.808,1,1
0,10002,300,91931690083514,91931692125353,91931692325460,2241.946,200.107,1,1
0,10003,300,91931692536227,91931694583197,91931694762412,2226.185,179.215,1,1
0,10004,300,91931694993060,91931696647886,91931697208845,2215.785,560.959,1,1
0,10005,300,91931697040219,91931699088650,91931699290476,2250.257,201.826,1,1
0,10006,300,91931699519924,91931701547052,91931701717498,2197.574,170.446,1,1
0,10007,300,91931701955857,91931703594102,91931704199782,2243.925,605.680,1,1
0,10008,300,91931704019376,91931706060346,91931706264733,2245.357,204.387,1,1
0,10009,300,91931706463329,91931708509429,91931708690865,2227.536,181.436,1,1
0,10010,300,91931708939243,91931710969442,91931711164569,2225.326,195.127,1,1
0,10011,300,91931710969442,91931713016272,91931713577340,2607.898,561.068,1,1
0,10012,300,91931713435566,91931715485485,91931715661212,2225.646,175.727,1,1
0,10013,300,91931715884479,91931717931968,91931718108735,2224.256,176.767,1,1
0,10014,300,91931718352803,91931719994169,91931720531467,2178.664,537.298,1,1
0,10015,300,91931720389842,91931722437371,91931722605167,2215.325,167.796,1,1
0,10016,300,91931722844786,91931724893385,91931725075811,2231.025,182.426,1,1
0,10017,300,91931725309429,91931726943334,91931727511424,2201.995,568.090,1,1
0,10018,300,91931727352778,91931729399528,91931729579504,2226.726,179.976,1,1
0,10019,300,91931729826912,91931731874731,91931732068448,2241.536,193.717,1,1
0,10020,300,91931732277555,91931733904000,91931734482970,2205.415,578.970,1,1
0,10021,300,91931734316795,91931736370604,91931736564701,2247.906,194.097,1,1
0,10022,300,91931736771167,91931738821237,91931739018534,2247.367,197.297,1,1
0,10023,300,91931739229431,91931741288641,91931741451437,2222.006,162.796,1,1
0,10024,300,91931741288641,91931743326480,91931743877819,2589.178,551.339,1,1
0,10025,300,91931743736234,91931745789394,91931745974740,2238.506,185.346,1,1
0,10026,300,91931746192397,91931748240656,91931748407592,2215.195,166.936,1,1
0,10027,300,91931748650601,91931750297247,91931750846595,2195.994,549.348,1,1
0,10028,300,91931750705511,91931752745850,91931752923036,2217.525,177.186,1,1
0,10029,300,91931753156474,91931755218814,91931755388299,2231.825,169.485,1,1
0,10030,300,91931755615197,91931757260023,91931757837243,2222.046,577.220,1,1
0,10031,300,91931757679757,91931759730247,91931759909543,2229.786,179.296,1,1
0,10032,300,91931760120850,91931762168929,91931762340685,2219.835,171.756,1,1
0,10033,300,91931762576554,91931764215069,91931764791249,2214.695,576.180,1,1
0,10034,300,91931764626133,91931766678913,91931766861009,2234.876,182.096,1,1
0,10035,300,91931767084016,91931769131935,91931769314552,2230.536,182.617,1,1
0,10036,300,91931769548659,91931771589639,91931771751624,2202.965,161.985,1,1
0,10037,300,91931771589639,91931773649379,91931774235609,2645.970,586.230,1,1
0,10038,300,91931774088274,91931776093602,91931776272818,2184.544,179.216,1,1
0,10039,300,91931776504926,91931778566176,91931778731692,2226.766,165.516,1,1
0,10040,300,91931778984440,91931780620376,91931781155624,2171.184,535.248,1,1
0,10041,300,91931781015629,91931783062709,91931783250665,2235.036,187.956,1,1
0,10042,300,91931783465702,91931785516042,91931785674667,2208.965,158.625,1,1
0,10043,300,91931785924925,91931787563511,91931788148361,2223.436,584.850,1,1
0,10044,300,91931787991845,91931790020064,91931790198921,2207.076,178.857,1,1
0,10045,300,91931790430889,91931792489188,91931792650264,2219.375,161.076,1,1
0,10046,300,91931792893232,91931794526917,91931795101937,2208.705,575.020,1,1
0,10047,300,91931794936002,91931796982801,91931797177338,2241.336,194.537,1,1
0,10048,300,91931797395445,91931799441284,91931799605300,2209.855,164.016,1,1
0,10049,300,91931799854288,91931801900018,91931802063303,2209.015,163.285,1,1
0,10050,300,91931801900018,91931803946787,91931804490895,2590.877,544.108,1,1
0,10051,300,91931804356151,91931806404901,91931806570866,2214.715,165.965,1,1
0,10052,300,91931806813184,91931808862683,91931809040610,2227.426,177.927,1,1
0,10053,300,91931809273308,91931810910613,91931811478412,2205.104,567.799,1,1
0,10054,300,91931811342728,91931813373427,91931813541443,2198.715,168.016,1,1
0,10055,300,91931813779550,91931815833050,91931815991576,2212.026,158.526,1,1
0,10056,300,91931816243595,91931817873150,91931818423379,2179.784,550.229,1,1
0,10057,300,91931818282083,91931820329992,91931820511239,2229.156,181.247,1,1
0,10058,300,91931820749917,91931822788816,91931822950051,2200.134,161.235,1,1
0,10059,300,91931823204140,91931824836766,91931825403385,2199.245,566.619,1,1
0,10060,300,91931825245840,91931827294519,91931827467265,2221.425,172.746,1,1
0,10061,300,91931827702413,91931829760733,91931829923558,2221.145,162.825,1,1
0,10062,300,91931830160837,91931832218196,91931832381332,2220.495,163.136,1,1
0,10063,300,91931832218196,91931834259765,91931834805074,2586.878,545.309,1,1
0,10064,300,91931834670729,91931836714219,91931836895265,2224.536,181.046,1,1
0,10065,300,91931837140653,91931839171482,91931839338827,2198.174,167.345,1,1
0,10066,300,91931839590036,91931841221081,91931841773920,2183.884,552.839,1,1
0,10067,300,91931841628926,91931843677255,91931843865821,2236.895,188.566,1,1
0,10068,300,91931844087398,91931846141368,91931846319575,2232.177,178.207,1,1
0,10069,300,91931846544532,91931848182568,91931848740667,2196.135,558.099,1,1
0,10070,300,91931848592592,91931850640691,91931850819757,2227.165,179.066,1,1
0,10071,300,91931851052255,91931853099965,91931853277010,2224.755,177.045,1,1
0,10072,300,91931853518829,91931855154875,91931855711083,2192.254,556.208,1,1
0,10073,300,91931855564658,91931857605328,91931857777273,2212.615,171.945,1,1
0,10074,300,91931858028741,91931860062951,91931860232427,2203.686,169.476,1,1
0,10075,300,91931860472865,91931862519874,91931862674819,2201.954,154.945,1,1
0,10076,300,91931862519874,91931864566564,91931865141234,2621.360,574.670,1,1
0,10077,300,91931864995689,91931867049738,91931867227594,2231.905,177.856,1,1
0,10078,300,91931867458722,91931869495631,91931869653076,2194.354,157.445,1,1
0,10079,300,91931869892725,91931871529920,91931872102829,2210.104,572.909,1,1
0,10080,300,91931871940524,91931873990924,91931874200841,2260.317,209.917,1,1
0,10081,300,91931874397827,91931876459257,91931876627473,2229.646,168.216,1,1
0,10082,300,91931876855831,91931878493297,91931879065775,2209.944,572.478,1,1
0,10083,300,91931878905810,91931880953019,91931881150477,2244.667,197.458,1,1
0,10084,300,91931881361224,91931883413553,91931883584668,2223.444,171.115,1,1
0,10085,300,91931883840657,91931885456702,91931886038492,2197.835,581.790,1,1
0,10086,300,91931885868496,91931887914586,91931888108032,2239.536,193.446,1,1
0,10087,300,91931888324360,91931890371389,91931890544875,2220.515,173.486,1,1
0,10088,300,91931890782764,91931892838253,91931893022470,2239.706,184.217,1,1
0,10089,300,91931892838253,91931894877092,91931895422241,2583.988,545.149,1,1
0,10090,300,91931895286696,91931897336506,91931897512301,2225.605,175.795,1,1
0,10091,300,91931897745359,91931899800979,91931899967535,2222.176,166.556,1,1
0,10092,300,91931900204572,91931901841788,91931902394627,2190.055,552.839,1,1
0,10093,300,91931902251433,91931904299682,91931904477827,2226.394,178.145,1,1
0,10094,300,91931904711016,91931906755836,91931906923920,2212.904,168.084,1,1
0,10095,300,91931907165969,91931908803705,91931909364614,2198.645,560.909,1,1
0,10096,300,91931909213878,91931911263838,91931911453414,2239.536,189.576,1,1
0,10097,300,91931911670872,91931913721412,91931913893797,2222.925,172.385,1,1
0,10098,300,91931914157406,91931915769451,91931916336400,2178.994,566.949,1,1
0,10099,300,91931916177224,91931918231734,91931918427071,2249.847,195.337,1,1
0,10100,300,91931918635718,91931920689758,91931920863294,2227.576,173.536,1,1
0,10101,300,91931921094132,91931923152241,91931923316477,2222.345,164.236,1,1
0,10102,300,91931923152241,91931925207821,91931925750050,2597.809,542.229,1,1
0,10103,300,91931925615366,91931927646023,91931927820810,2205.444,174.787,1,1
0,10104,300,91931928055078,91931930115748,91931930295964,2240.886,180.216,1,1
0,10105,300,91931930513412,91931932158607,91931932711685,2198.273,553.078,1,1
0,10106,300,91931932569681,91931934623290,91931934801477,2231.796,178.187,1,1
0,10107,300,91931935018904,91931937068363,91931937247590,2228.686,179.227,1,1
0,10108,300,91931937477718,91931939115714,91931939683932,2206.214,568.218,1,1
0,10109,300,91931939535527,91931941571816,91931941751523,2215.996,179.707,1,1
0,10110,300,91931941989610,91931944030910,91931944215336,2225.726,184.426,1,1
0,10111,300,91931944440724,91931946077159,91931946644999,2204.275,567.840,1,1
0,10112,300,91931946489223,91931948534873,91931948724150,2234.927,189.277,1,1
0,10113,300,91931948949137,91931950994176,91931951195082,2245.945,200.906,1,1
0,10114,300,91931951416821,91931953452030,91931953614175,2197.354,162.145,1,1
0,10115,300,91931953452030,91931955510019,91931956062248,2610.218,552.229,1,1
0,10116,300,91931955915103,91931957955193,91931958141219,2226.116,186.026,1,1
0,10117,300,91931958367276,91931960414256,91931960580161,2212.885,165.905,1,1
0,10118,300,91931960822890,91931962485256,91931963055565,2232.675,570.309,1,1
0,10119,300,91931962893950,91931964919619,91931965110235,2216.285,190.616,1,1
0,10120,300,91931965353323,91931967376322,91931967536208,2182.885,159.886,1,1
0,10121,300,91931967787286,91931969426311,91931969974110,2186.824,547.799,1,1
0,10122,300,91931969833745,91931971883155,91931972063890,2230.145,180.735,1,1
0,10123,300,91931972292259,91931974339538,91931974501754,2209.495,162.216,1,1
0,10124,300,91931974765402,91931976401018,91931976954327,2188.925,553.309,1,1
0,10125,300,91931976797901,91931978844802,91931979026847,2228.946,182.045,1,1
0,10126,300,91931979273396,91931981305025,91931981469220,2195.824,164.195,1,1
0,10127,300,91931981712948,91931983774278,91931983926984,2214.036,152.706,1,1
0,10128,300,91931983774278,91931985809027,91931986380577,2606.299,571.550,1,1
0,10129,300,91931986240132,91931988265970,91931988453907,2213.775,187.937,1,1
0,10130,300,91931988676325,91931990724654,91931990899030,2222.705,174.376,1,1
0,10131,300,91931991211161,91931992771713,91931993334902,2123.741,563.189,1,1
0,10132,300,91931993183368,91931995237877,91931995416644,2233.276,178.767,1,1
0,10133,300,91931995639011,91931997690150,91931997858236,2219.225,168.086,1,1
0,10134,300,91931998099865,91931999749170,91932000305589,2205.724,556.419,1,1
0,10135,300,91932000154924,91932002194713,91932002378839,2223.915,184.126,1,1
0,10136,300,91932002625307,91932004650097,91932004820393,2195.086,170.296,1,1
0,10137,300,91932005059420,91932006698656,91932007298196,2238.776,599.540,1,1
0,10138,300,91932007120771,91932009158159,91932009341236,2220.465,183.077,1,1
0,10139,300,91932009565474,91932011615233,91932011799179,2233.705,183.946,1,1
0,10140,300,91932012046707,91932014082377,91932014255013,2208.306,172.636,1,1
0,10141,300,91932014082377,91932016118946,91932016658524,2576.147,539.578,1,1
0,10142,300,91932016528639,91932018581349,91932018756565,2227.926,175.216,1,1
0,10143,300,91932018985933,91932021051723,91932021229939,2244.006,178.216,1,1
0,10144,300,91932021445996,91932023082312,91932023646921,2200.925,564.609,1,1
0,10145,300,91932023504656,91932025558956,91932025736192,2231.536,177.236,1,1
0,10146,300,91932025948959,91932027999399,91932028188205,2239.246,188.806,1,1
0,10147,300,91932028406533,91932030057829,91932030626008,2219.475,568.179,1,1
0,10148,300,91932030476803,91932032521722,91932032704288,2227.485,182.566,1,1
0,10149,300,91932032913625,91932034984186,91932035187493,2273.868,203.307,1,1
0,10150,300,91932035371929,91932037025305,91932037575334,2203.405,550.029,1,1
0,10151,300,91932037419408,91932039469908,91932039652314,2232.906,182.406,1,1
0,10152,300,91932039877312,91932041925711,91932042109807,2232.495,184.096,1,1
0,10153,300,91932042352555,91932044383484,91932044547041,2194.486,163.557,1,1
0,10154,300,91932044383484,91932046431575,91932046973593,2590.109,542.018,1,1
0,10155,300,91932046839018,91932048887487,91932049074303,2235.285,186.816,1,1
0,10156,300,91932049296452,91932051356961,91932051515747,2219.295,158.786,1,1
0,10157,300,91932051755795,91932053405730,91932053965280,2209.485,559.550,1,1
0,10158,300,91932053821575,91932055868015,91932056058531,2236.956,190.516,1,1
0,10159,300,91932056259337,91932058308807,91932058468813,2209.476,160.006,1,1
0,10160,300,91932058718551,91932060355876,91932060907455,2188.904,551.579,1,1
0,10161,300,91932060766841,91932062818810,91932062989566,2222.725,170.756,1,1
0,10162,300,91932063223603,91932065273033,91932065435249,2211.646,162.216,1,1
0,10163,300,91932065680167,91932067319303,91932067886443,2206.276,567.140,1,1
0,10164,300,91932067729807,91932069781686,91932069953592,2223.785,171.906,1,1
0,10165,300,91932070187560,91932072255830,91932072419986,2232.426,164.156,1,1
0,10166,300,91932072663764,91932074691944,91932074845268,2181.504,153.324,1,1
0,10167,300,91932074691944,91932076741893,91932077293131,2601.187,551.238,1,1
0,10168,300,91932077157137,91932079197316,91932079374442,2217.305,177.126,1,1
0,10169,300,91932079624251,91932081654439,91932081811574,2187.323,157.135,1,1
0,10170,300,91932082065333,91932083703629,91932084266318,2200.985,562.689,1,1
0,10171,300,91932084114572,91932086162922,91932086331668,2217.096,168.746,1,1
0,10172,300,91932086600227,91932088619345,91932088787221,2186.994,167.876,1,1
0,10173,300,91932089043000,91932090667885,91932091235074,2192.074,567.189,1,1
0,10174,300,91932091075569,91932093124799,91932093307754,2232.185,182.955,1,1
0,10175,300,91932093534612,91932095582311,91932095753007,2218.395,170.696,1,1
0,10176,300,91932095991956,91932097628972,91932098197291,2205.335,568.319,1,1
0,10177,300,91932098040465,91932100087284,91932100275831,2235.366,188.547,1,1
0,10178,300,91932100519250,91932102544398,91932102725454,2206.204,181.056,1,1
0,10179,300,91932102956622,91932105013972,91932105187378,2230.756,173.406,1,1
0,10180,300,91932105013972,91932107050381,91932107587029,2573.057,536.648,1,1
0,10181,300,91932107459215,91932109507544,91932109673090,2213.875,165.546,1,1
0,10182,300,91932109919259,91932111965498,91932112134224,2214.965,168.726,1,1
0,10183,300,91932112376981,91932114016247,91932114565446,2188.465,549.199,1,1
0,10184,300,91932114423031,91932116471471,91932116639077,2216.046,167.606,1,1
0,10185,300,91932116880014,91932118928774,91932119099290,2219.276,170.516,1,1
0,10186,300,91932119356669,91932120977673,91932121536303,2179.634,558.630,1,1
0,10187,300,91932121385888,91932123440027,91932123609973,2224.085,169.946,1,1
0,10188,300,91932123850781,91932125891271,91932126083736,2232.955,192.465,1,1
0,10189,300,91932126308485,91932127962911,91932128507229,2198.744,544.318,1,1
0,10190,300,91932128351344,91932130398673,91932130591980,2240.636,193.307,1,1
0,10191,300,91932130827598,91932132856457,91932133039703,2212.105,183.246,1,1
0,10192,300,91932133266530,91932135314720,91932135478525,2211.995,163.805,1,1
0,10193,300,91932135314720,91932137360580,91932137905518,2590.798,544.938,1,1
0,10194,300,91932137770693,91932139836063,91932140034520,2263.827,198.457,1,1
0,10195,300,91932140229757,91932142288926,91932142455902,2226.145,166.976,1,1
0,10196,300,91932142686360,91932144323406,91932144876245,2189.885,552.839,1,1
0,10197,300,91932144734819,91932146783739,91932146960645,2225.826,176.906,1,1
0,10198,300,91932147204363,91932149240082,91932149410898,2206.535,170.816,1,1
0,10199,300,91932149649436,91932151287462,91932151838381,2188.945,550.919,1,1
0,10200,300,91932151697536,91932153745595,91932153916701,2219.165,171.106,1,1
0,10201,300,91932154154279,91932156201688,91932156363694,2209.415,162.006,1,1
0,10202,300,91932156633993,91932158251299,91932158834368,2200.375,583.069,1,1
0,10203,300,91932158677882,91932160709761,91932160892147,2214.265,182.386,1,1
0,10204,300,91932161136936,91932163165315,91932163346231,2209.295,180.916,1,1
0,10205,300,91932163575309,91932165623488,91932165798304,2222.995,174.816,1,1
0,10206,300,91932165623488,91932167675068,91932168243377,2619.889,568.309,1,1
0,10207,300,91932168097092,91932170157772,91932170346019,2248.927,188.247,1,1
0,10208,300,91932170538905,91932172608676,91932172783861,2244.956,175.185,1,1
0,10209,300,91932172997678,91932174639955,91932175234124,2236.446,594.169,1,1
0,10210,300,91932175067809,91932177098567,91932177287674,2219.865,189.107,1,1
0,10211,300,91932177502251,91932179550681,91932179718597,2216.346,167.916,1,1
0,10212,300,91932179959644,91932181599360,91932182166720,2207.076,567.360,1,1
0,10213,300,91932182016474,91932184054504,91932184245470,2228.996,190.966,1,1
0,10214,300,91932184485768,91932186520017,91932186690033,2204.265,170.016,1,1
0,10215,300,91932186942822,91932188560717,91932189130075,2187.253,569.358,1,1
0,10216,300,91932188971771,91932191019760,91932191205386,2233.615,185.626,1,1
0,10217,300,91932191428204,91932193476084,91932193648409,2220.205,172.325,1,1
0,10218,300,91932193889627,91932195932736,91932196122113,2232.486,189.377,1,1
0,10219,300,91932195932736,91932197982166,91932198532635,2599.899,550.469,1,1
0,10220,300,91932198396781,91932200451369,91932200626406,2229.625,175.037,1,1
0,10221,300,91932200848613,91932202898173,91932203075729,2227.116,177.556,1,1
0,10222,300,91932203324577,91932204958933,91932205505971,2181.394,547.038,1,1
0,10223,300,91932205355946,91932207403775,91932207582152,2226.206,178.377,1,1
0,10224,300,91932207813540,91932209860179,91932210042425,2228.885,182.246,1,1
0,10225,300,91932210291653,91932211928799,91932212468197,2176.544,539.398,1,1
0,10226,300,91932212317383,91932214367392,91932214559388,2242.005,191.996,1,1
0,10227,300,91932214775566,91932216832926,91932217021072,2245.506,188.146,1,1
0,10228,300,91932217235030,91932218872445,91932219447665,2212.635,575.220,1,1
0,10229,300,91932219280189,91932221349659,91932221532625,2252.436,182.966,1,1
0,10230,300,91932221821275,91932223788582,91932223960937,2139.662,172.355,1,1
0,10231,300,91932224196656,91932226256016,91932226420041,2223.385,164.025,1,1
0,10232,300,91932226256016,91932228293184,91932228838803,2582.787,545.619,1,1
0,10233,300,91932228703549,91932230749898,91932230924694,2221.145,174.796,1,1
0,10234,300,91932231159251,91932233214801,91932233381607,2222.356,166.806,1,1
0,10235,300,91932233617765,91932235255871,91932235817040,2199.275,561.169,1,1
0,10236,300,91932235664864,91932237736545,91932237914281,2249.417,177.736,1,1
0,10237,300,91932238123988,91932240172418,91932240353504,2229.516,181.086,1,1
0,10238,300,91932240581621,91932242223347,91932242778096,2196.475,554.749,1,1
0,10239,300,91932242629571,91932244676781,91932244855836,2226.265,179.055,1,1
0,10240,300,91932245103555,91932247133104,91932247346921,2243.366,213.817,1,1
0,10241,300,91932247545118,91932249181843,91932249760593,2215.475,578.750,1,1
0,10242,300,91932249613398,91932251638747,91932251810883,2197.485,172.136,1,1
0,10243,300,91932252048890,91932254098111,91932254271646,2222.756,173.535,1,1
0,10244,300,91932254508064,91932256556053,91932256730360,2222.296,174.307,1,1
0,10245,300,91932256556053,91932258602443,91932259169752,2613.699,567.309,1,1
0,10246,300,91932259014667,91932261083127,91932261271924,2257.257,188.797,1,1
0,10247,300,91932261470490,91932263519129,91932263685426,2214.936,166.297,1,1
0,10248,300,91932263927804,91932265569260,91932266160079,2232.275,590.819,1,1
0,10249,300,91932265988763,91932268022352,91932268215999,2227.236,193.647,1,1
0,10250,300,91932268443287,91932270481866,91932270650452,2207.165,168.586,1,1
0,10251,300,91932270890330,91932272529525,91932273095965,2205.635,566.440,1,1
0,10252,300,91932272938039,91932274994159,91932275189476,2251.437,195.317,1,1
0,10253,300,91932275397643,91932277444942,91932277606277,2208.634,161.335,1,1
0,10254,300,91932277874857,91932279492771,91932280080451,2205.594,587.680,1,1
0,10255,300,91932279921246,91932281950375,91932282134211,2212.965,183.836,1,1
0,10256,300,91932282371340,91932284407339,91932284580564,2209.224,173.225,1,1
0,10257,300,91932284829002,91932286864112,91932287039938,2210.936,175.826,1,1
0,10258,300,91932286864112,91932288913851,91932289452180,2588.068,538.329,1,1
0,10259,300,91932289322766,91932291370955,91932291552931,2230.165,181.976,1,1
0,10260,300,91932291796540,91932293841229,91932294018564,2222.024,177.335,1,1
0,10261,300,91932294237362,91932295877658,91932296461448,2224.086,583.790,1,1
0,10262,300,91932296307942,91932298335811,91932298515488,2207.546,179.677,1,1
0,10263,300,91932298743935,91932300792045,91932300961400,2217.465,169.355,1,1
0,10264,300,91932301219679,91932302840024,91932303415743,2196.064,575.719,1,1
0,10265,300,91932303254528,91932305297848,91932305469073,2214.545,171.225,1,1
0,10266,300,91932305707031,91932307755601,91932307929757,2222.726,174.156,1,1
0,10267,300,91932308166244,91932309804120,91932310381760,2215.516,577.640,1,1
0,10268,300,91932310213654,91932312277964,91932312461930,2248.276,183.966,1,1
0,10269,300,91932312669277,91932314720087,91932314893153,2223.876,173.066,1,1
0,10270,300,91932315127251,91932317196001,91932317363086,2235.835,167.085,1,1
0,10271,300,91932317196001,91932319224450,91932319771528,2575.527,547.078,1,1
0,10272,300,91932319634624,91932321704724,91932321882050,2247.426,177.326,1,1
0,10273,300,91932322092557,91932324140556,91932324330543,2237.986,189.987,1,1
0,10274,300,91932324548701,91932326186466,91932326750715,2202.014,564.249,1,1
0,10275,300,91932326599010,91932328646279,91932328823776,2224.766,177.497,1,1
0,10276,300,91932329053824,91932331100983,91932331292450,2238.626,191.467,1,1
0,10277,300,91932331513097,91932333154273,91932333707821,2194.724,553.548,1,1
0,10278,300,91932333558616,91932335607176,91932335787032,2228.416,179.856,1,1
0,10279,300,91932336018110,91932338072089,91932338250355,2232.245,178.266,1,1
0,10280,300,91932338474303,91932340112148,91932340679247,2204.944,567.099,1,1
0,10281,300,91932340522883,91932342570722,91932342752568,2229.685,181.846,1,1
0,10282,300,91932342989696,91932345028875,91932345212832,2223.136,183.957,1,1
0,10283,300,91932345437949,91932347486639,91932347654184,2216.235,167.545,1,1
0,10284,300,91932347486639,91932349536178,91932350090487,2603.848,554.309,1,1
0,10285,300,91932349943722,91932351990812,91932352184338,2240.616,193.526,1,1
0,10286,300,91932352400815,91932354450835,91932354616810,2215.995,165.975,1,1
0,10287,300,91932354857669,91932356497445,91932357070834,2213.165,573.389,1,1
0,10288,300,91932356906458,91932358954058,91932359158364,2251.906,204.306,1,1
0,10289,300,91932359363902,91932361425552,91932361594417,2230.515,168.865,1,1
0,10290,300,91932361823075,91932363483392,91932364040680,2217.605,557.288,1,1
0,10291,300,91932363871084,91932365918984,91932366112620,2241.536,193.636,1,1
0,10292,300,91932366328028,91932368374887,91932368546283,2218.255,171.396,1,1
0,10293,300,91932368796032,91932370425897,91932371011897,2215.865,586.000,1,1
0,10294,300,91932370834041,91932372882321,91932373083187,2249.146,200.866,1,1
0,10295,300,91932373290584,91932375362934,91932375543921,2253.337,180.987,1,1
0,10296,300,91932375747618,91932377812857,91932377977123,2229.505,164.266,1,1
0,10297,300,91932377812857,91932379843526,91932380400436,2587.579,556.910,1,1
0,10298,300,91932380255530,91932382302090,91932382479506,2223.976,177.416,1,1
0,10299,300,91932382712874,91932384759073,91932384925168,2212.294,166.095,1,1
0,10300,300,91932385169937,91932386809222,91932387361002,2191.065,551.780,1,1
0,10301,300,91932387217347,91932389272027,91932389451112,2233.765,179.085,1,1
0,10302,300,91932389675260,91932391722450,91932391890196,2214.936,167.746,1,1
0,10303,300,91932392167514,91932393771859,91932394341329,2173.815,569.470,1,1
0,10304,300,91932394190574,91932396249393,91932396441559,2250.985,192.166,1,1
0,10305,300,91932396638857,91932398700086,91932398881723,2242.866,181.637,1,1
0,10306,300,91932399094569,91932400732915,91932401327336,2232.767,594.421,1,1
0,10307,300,91932401161500,91932403199159,91932403382636,2221.136,183.477,1,1
0,10308,300,91932403600112,91932405650192,91932405823198,2223.086,173.006,1,1
0,10309,300,91932406059696,91932408106806,91932408282032,2222.336,175.226,1,1
0,10310,300,91932408106806,91932410155065,91932410701003,2594.197,545.938,1,1
0,10311,300,91932410565128,91932412628459,91932412803565,2238.437,175.106,1,1
0,10312,300,91932413021362,91932415069631,91932415257708,2236.346,188.077,1,1
0,10313,300,91932415494816,91932417117541,91932417671340,2176.524,553.799,1,1
0,10314,300,91932417528515,91932419577165,91932419763511,2234.996,186.346,1,1
0,10315,300,91932419986118,91932422034608,91932422215044,2228.926,180.436,1,1
0,10316,300,91932422444452,91932424079948,91932424645827,2201.375,565.879,1,1
0,10317,300,91932424495502,91932426538430,91932426714407,2218.905,175.977,1,1
0,10318,300,91932426951175,91932428996204,91932429180580,2229.405,184.376,1,1
0,10319,300,91932429407288,91932431043234,91932431612023,2204.735,568.789,1,1
0,10320,300,91932431455397,91932433501707,91932433673872,2218.475,172.165,1,1
0,10321,300,91932433912421,91932435959570,91932436137537,2225.116,177.967,1,1
0,10322,300,91932436369095,91932438423364,91932438578029,2208.934,154.665,1,1
0,10323,300,91932438423364,91932440464963,91932441020553,2597.189,555.590,1,1
0,10324,300,91932440873488,91932442930687,91932443122513,2249.025,191.826,1,1
0,10325,300,91932443333591,91932445381480,91932445538976,2205.385,157.496,1,1
0,10326,300,91932445789314,91932447429669,91932447982038,2192.724,552.369,1,1
0,10327,300,91932447847533,91932449886803,91932450066069,2218.536,179.266,1,1
0,10328,300,91932450307797,91932452344377,91932452514782,2206.985,170.405,1,1
0,10329,300,91932452752420,91932454407706,91932454943224,2190.804,535.518,1,1
0,10330,300,91932454802110,91932456848179,91932457039915,2237.805,191.736,1,1
0,10331,300,91932457279434,91932459307433,91932459470048,2190.614,162.615,1,1
0,10332,300,91932459715836,91932461353772,91932461911821,2195.985,558.049,1,1
0,10333,300,91932461764225,91932463813316,91932463985111,2220.886,171.795,1,1
0,10334,300,91932464223329,91932466270189,91932466434714,2211.385,164.525,1,1
0,10335,300,91932466680423,91932468726822,91932468881367,2200.944,154.545,1,1
0,10336,300,91932468726822,91932470789952,91932471321940,2595.118,531.988,1,1
0,10337,300,91932471185085,91932473239685,91932473417202,2232.117,177.517,1,1
0,10338,300,91932473642909,91932475707309,91932475863774,2220.865,156.465,1,1
0,10339,300,91932476099883,91932477739788,91932478288677,2188.794,548.889,1,1
0,10340,300,91932478152942,91932480205611,91932480384818,2231.876,179.207,1,1
0,10341,300,91932480625235,91932482668705,91932482837991,2212.756,169.286,1,1
0,10342,300,91932483064009,91932484701805,91932485272113,2208.104,570.308,1,1
0,10343,300,91932485110968,91932487160807,91932487331873,2220.905,171.066,1,1
0,10344,300,91932487569112,91932489616901,91932489778086,2208.974,161.185,1,1
0,10345,300,91932490028245,91932491664980,91932492239250,2211.005,574.270,1,1
0,10346,300,91932492079564,91932494139415,91932494322141,2242.577,182.726,1,1
0,10347,300,91932494533108,91932496580927,91932496749213,2216.105,168.286,1,1
0,10348,300,91932496998441,91932499037861,91932499202276,2203.835,164.415,1,1
0,10349,300,91932499037861,91932501091241,91932501623488,2585.627,532.247,1,1
0,10350,300,91932501495144,91932503566814,91932503742210,2247.066,175.396,1,1
0,10351,300,91932503953417,91932505999957,91932506178213,2224.796,178.256,1,1
0,10352,300,91932506417071,91932508067017,91932508601395,2184.324,534.378,1,1
0,10353,300,91932508466570,91932510519550,91932510697636,2231.066,178.086,1,1
0,10354,300,91932510916143,91932512964663,91932513155479,2239.336,190.816,1,1
0,10355,300,91932513398438,91932515030463,91932515575172,2176.734,544.709,1,1
0,10356,300,91932515421316,91932517470236,91932517661302,2239.986,191.066,1,1
0,10357,300,91932517878770,91932519945760,91932520129336,2250.566,183.576,1,1
0,10358,300,91932520343584,91932521974989,91932522543518,2199.934,568.529,1,1
0,10359,300,91932522386262,91932524434342,91932524616459,2230.197,182.117,1,1
0,10360,300,91932524843426,91932526889985,91932527081212,2237.786,191.227,1,1
0,10361,300,91932527318570,91932529348719,91932529519185,2200.615,170.466,1,1
0,10362,300,91932529348719,91932531403799,91932531948897,2600.178,545.098,1,1
0,10363,300,91932531813373,91932533853971,91932534042668,2229.295,188.697,1,1
0,10364,300,91932534263296,91932536333996,91932536512062,2248.766,178.066,1,1
0,10365,300,91932536722709,91932538360505,91932538921393,2198.684,560.888,1,1
0,10366,300,91932538770079,91932540839489,91932541027536,2257.457,188.047,1,1
0,10367,300,91932541225682,91932543273961,91932543434267,2208.585,160.306,1,1
0,10368,300,91932543683876,91932545329981,91932545874580,2190.704,544.599,1,1
0,10369,300,91932545733585,91932547782094,91932547962640,2229.055,180.546,1,1
0,10370,300,91932548189379,91932550238468,91932550410524,2221.145,172.056,1,1
0,10371,300,91932550648592,91932552307358,91932552852727,2204.135,545.369,1,1
0,10372,300,91932552694771,91932554743640,91932554925687,2230.916,182.047,1,1
0,10373,300,91932555155205,91932557201664,91932557387700,2232.495,186.036,1,1
0,10374,300,91932557614988,91932559659068,91932559828004,2213.016,168.936,1,1
0,10375,300,91932559659068,91932561705487,91932562263696,2604.628,558.209,1,1
0,10376,300,91932562116241,91932564164470,91932564352036,2235.795,187.566,1,1
0,10377,300,91932564573764,91932566621014,91932566786549,2212.785,165.535,1,1
0,10378,300,91932567032237,91932568669753,91932569231972,2199.735,562.219,1,1
0,10379,300,91932569078657,91932571129217,91932571329163,2250.506,199.946,1,1
0,10380,300,91932571538140,91932573589630,91932573757516,2219.376,167.886,1,1
0,10381,300,91932574026535,91932575636229,91932576213119,2186.584,576.890,1,1
0,10382,300,91932576043223,91932578090293,91932578269999,2226.776,179.706,1,1
0,10383,300,91932578500587,91932580548556,91932580709522,2208.935,160.966,1,1
0,10384,300,91932580976880,91932582617977,91932583177655,2200.775,559.678,1,1
0,10385,300,91932583014820,91932585054629,91932585232005,2217.185,177.376,1,1
0,10386,300,91932585464763,91932587517713,91932587681158,2216.395,163.445,1,1
0,10387,300,91932587936937,91932589968126,91932590134432,2197.495,166.306,1,1
0,10388,300,91932589968126,91932592039356,91932592574714,2606.588,535.358,1,1
0,10389,300,91932592438180,91932594476108,91932594641544,2203.364,165.436,1,1
0,10390,300,91932594883543,91932596945092,91932597123369,2239.826,178.277,1,1
0,10391,300,91932597341786,91932598980971,91932599526640,2184.854,545.669,1,1
0,10392,300,91932599390446,91932601436905,91932601619971,2229.525,183.066,1,1
0,10393,300,91932601855809,91932603894208,91932604063544,2207.735,169.336,1,1
0,10394,300,91932604324083,91932605943827,91932606504057,2179.974,560.230,1,1
0,10395,300,91932606361741,91932608415611,91932608590438,2228.697,174.827,1,1
0,10396,300,91932608832485,91932610858845,91932611030850,2198.365,172.005,1,1
0,10397,300,91932611291109,91932612906804,91932613464633,2173.524,557.829,1,1
0,10398,300,91932613315278,91932615364207,91932615537013,2221.735,172.806,1,1
0,10399,300,91932615773982,91932617823531,91932617986616,2212.634,163.085,1,1
0,10400,300,91932618237505,91932620292575,91932620457510,2220.005,164.935,1,1
0,10401,300,91932620292575,91932622326844,91932622866122,2573.547,539.278,1,1
0,10402,300,91932622737557,91932624786317,91932624951372,2213.815,165.055,1,1
0,10403,300,91932625195041,91932627241800,91932627399675,2204.634,157.875,1,1
0,10404,300,91932627652014,91932629309190,91932629853929,2201.915,544.739,1,1
0,10405,300,91932629710584,91932631758834,91932631947580,2236.996,188.746,1,1
0,10406,300,91932632161207,91932634207277,91932634377172,2215.965,169.895,1,1
0,10407,300,91932634626801,91932636255636,91932636811915,2185.114,556.279,1,1
0,10408,300,91932636662330,91932638725530,91932638905436,2243.106,179.906,1,1
0,10409,300,91932639122413,91932641170473,91932641346449,2224.036,175.976,1,1
0,10410,300,91932641579997,91932643216283,91932643782452,2202.455,566.169,1,1
0,10411,300,91932643626186,91932645674515,91932645855942,2229.756,181.427,1,1
0,10412,300,91932646085610,91932648133259,91932648316025,2230.415,182.766,1,1
0,10413,300,91932648541143,91932650589873,91932650744508,2203.365,154.635,1,1
0,10414,300,91932650589873,91932652638152,91932653192091,2602.218,553.939,1,1
0,10415,300,91932653047316,91932655113006,91932655288362,2241.046,175.356,1,1
0,10416,300,91932655504280,91932657560989,91932657718304,2214.024,157.315,1,1
0,10417,300,91932657963092,91932659604879,91932660158887,2195.795,554.008,1,1
0,10418,300,91932660014782,91932662060232,91932662239108,2224.326,178.876,1,1
0,10419,300,91932662468156,91932664517235,91932664687511,2219.355,170.276,1,1
0,10420,300,91932664924849,91932666563114,91932667126044,2201.195,562.930,1,1
0,10421,300,91932666972779,91932669022208,91932669201354,2228.575,179.146,1,1
0,10422,300,91932669438742,91932671480282,91932671641357,2202.615,161.075,1,1
0,10423,300,91932671888955,91932673540471,91932674097440,2208.485,556.969,1,1
0,10424,300,91932673937305,91932675986874,91932676191231,2253.926,204.357,1,1
0,10425,300,91932676407198,91932678445318,91932678618653,2211.455,173.335,1,1
0,10426,300,91932678853731,91932680899351,91932681074677,2220.946,175.326,1,1
0,10427,300,91932680899351,91932682947741,91932683495639,2596.288,547.898,1,1
0,10428,300,91932683358234,91932685416094,91932685592820,2234.586,176.726,1,1
0,10429,300,91932685815358,91932687862997,91932688030673,2215.315,167.676,1,1
0,10430,300,91932688286242,91932689911667,91932690458415,2172.173,546.748,1,1
0,10431,300,91932690322330,91932692374940,91932692554867,2232.537,179.927,1,1
0,10432,300,91932692780424,91932694829494,91932695021450,2241.026,191.956,1,1
0,10433,300,91932695235728,91932696875943,91932697458232,2222.504,582.289,1,1
0,10434,300,91932697307138,91932699333167,91932699513912,2206.774,180.745,1,1
0,10435,300,91932699762541,91932701791479,91932701961965,2199.424,170.486,1,1
0,10436,300,91932702198484,91932703839130,91932704415009,2216.525,575.879,1,1
0,10437,300,91932704251953,91932706295232,91932706478219,2226.266,182.987,1,1
0,10438,300,91932706716777,91932708753526,91932708923882,2207.105,170.356,1,1
0,10439,300,91932709180700,91932711222170,91932711387055,2206.355,164.885,1,1
0,10440,300,91932711222170,91932713259309,91932713798967,2576.797,539.658,1,1
0,10441,300,91932713669903,91932715715692,91932715887668,2217.765,171.976,1,1
0,10442,300,91932716131096,91932718179635,91932718348051,2216.955,168.416,1,1
0,10443,300,91932718595950,91932720221365,91932720775193,2179.243,553.828,1,1
0,10444,300,91932720632109,91932722680408,91932722857565,2225.456,177.157,1,1
0,10445,300,91932723089362,91932725138172,91932725304017,2214.655,165.845,1,1
0,10446,300,91932725545936,91932727186321,91932727743561,2197.625,557.240,1,1
0,10447,300,91932727601655,91932729643555,91932729813181,2211.526,169.626,1,1
0,10448,300,91932730079670,91932732104258,91932732286645,2206.975,182.387,1,1
0,10449,300,91932732510902,91932734153087,91932734706557,2195.655,553.470,1,1
0,10450,300,91932734557701,91932736604851,91932736776827,2219.126,171.976,1,1
0,10451,300,91932737014985,91932739064025,91932739247541,2232.556,183.516,1,1
0,10452,300,91932739473918,91932741524618,91932741687893,2213.975,163.275,1,1
0,10453,300,91932741524618,91932743570237,91932744117616,2592.998,547.379,1,1
0,10454,300,91932743977771,91932746027291,91932746202167,2224.396,174.876,1,1
0,10455,300,91932746452265,91932748486074,91932748643049,2190.784,156.975,1,1
0,10456,300,91932748895588,91932750533024,91932751101373,2205.785,568.349,1,1
0,10457,300,91932750940917,91932752990617,91932753176274,2235.357,185.657,1,1
0,10458,300,91932753409351,91932755446670,91932755606095,2196.744,159.425,1,1
0,10459,300,91932755856285,91932757502680,91932758061029,2204.744,558.349,1,1
0,10460,300,91932757905704,91932759951903,91932760152810,2247.106,200.907,1,1
0,10461,300,91932760363547,91932762412026,91932762583052,2219.505,171.026,1,1
0,10462,300,91932762820681,91932764458576,91932765039246,2218.565,580.670,1,1
0,10463,300,91932764868270,91932766915569,91932767109476,2241.206,193.907,1,1
0,10464,300,91932767326584,91932769379303,91932769553019,2226.435,173.716,1,1
0,10465,300,91932769784017,91932771830266,91932771984661,2200.644,154.395,1,1
0,10466,300,91932771830266,91932773879465,91932774418774,2588.508,539.309,1,1
0,10467,300,91932774288430,91932776338619,91932776505135,2216.705,166.516,1,1
0,10468,300,91932776754793,91932778794473,91932778951148,2196.355,156.675,1,1
0,10469,300,91932779204716,91932780844362,91932781390051,2185.335,545.689,1,1
0,10470,300,91932781253716,91932783310356,91932783481632,2227.916,171.276,1,1
0,10471,300,91932783723029,91932785758689,91932785917684,2194.655,158.995,1,1
0,10472,300,91932786176493,91932787805348,91932788360107,2183.614,554.759,1,1
0,10473,300,91932788216913,91932790263542,91932790445498,2228.585,181.956,1,1
0,10474,300,91932790674805,91932792720175,91932792892121,2217.316,171.946,1,1
0,10475,300,91932793130129,91932794778475,91932795347444,2217.315,568.969,1,1
0,10476,300,91932795189168,91932797226988,91932797400204,2211.036,173.216,1,1
0,10477,300,91932797636891,91932799685872,91932799870378,2233.487,184.506,1,1
0,10478,300,91932800102336,91932802168115,91932802324231,2221.895,156.116,1,1
0,10479,300,91932802168115,91932804189964,91932804752114,2583.999,562.150,1,1
0,10480,300,91932804615968,91932806647307,91932806812883,2196.915,165.576,1,1
0,10481,300,91932807058901,91932809106061,91932809269877,2210.976,163.816,1,1
0,10482,300,91932809516435,91932811153091,91932811706429,2189.994,553.338,1,1
0,10483,300,91932811564404,91932813611523,91932813779269,2214.865,167.746,1,1
0,10484,300,91932814019818,91932816067937,91932816241883,2222.065,173.946,1,1
0,10485,300,91932816479101,91932818116226,91932818676545,2197.444,560.319,1,1
0,10486,300,91932818526441,91932820590781,91932820760586,2234.145,169.805,1,1
0,10487,300,91932821013195,91932823042974,91932823213970,2200.775,170.996,1,1
0,10488,300,91932823440728,91932825079452,91932825653092,2212.364,573.640,1,1
0,10489,300,91932825504617,91932827545847,91932827717912,2213.295,172.065,1,1
0,10490,300,91932827967041,91932829995570,91932830182366,2215.325,186.796,1,1
0,10491,300,91932830404273,91932832451653,91932832606918,2202.645,155.265,1,1
0,10492,300,91932832451653,91932834500852,91932835064871,2613.218,564.019,1,1
0,10493,300,91932834911187,91932836959096,91932837155883,2244.696,196.787,1,1
0,10494,300,91932837393180,91932839416859,91932839588965,2195.785,172.106,1,1
0,10495,300,91932839826793,91932841485790,91932842048269,2221.476,562.479,1,1
0,10496,300,91932841893373,91932843937013,91932844117279,2223.906,180.266,1,1
0,10497,300,91932844332396,91932846378296,91932846539881,2207.485,161.585,1,1
0,10498,300,91932846787329,91932848426555,91932848977054,2189.725,550.499,1,1
0,10499,300,91932848835349,91932850884649,91932851064264,2228.915,179.615,1,1
0,10500,300,91932851294942,91932853343222,91932853508227,2213.285,165.005,1,1
0,10501,300,91932853754246,91932855389061,91932855965611,2211.365,576.550,1,1
0,10502,300,91932855800665,91932857847845,91932858029911,2229.246,182.066,1,1
0,10503,300,91932858272759,91932860304528,91932860469184,2196.425,164.656,1,1
0,10504,300,91932860716062,91932862765341,91932862920367,2204.305,155.026,1,1
0,10505,300,91932862765341,91932864812121,91932865350720,2585.379,538.599,1,1
0,10506,300,91932865220585,91932867267854,91932867443071,2222.486,175.217,1,1
0,10507,300,91932867691819,91932869729967,91932869886913,2195.094,156.946,1,1
0,10508,300,91932870140182,91932871782607,91932872336746,2196.564,554.139,1,1
0,10509,300,91932872182451,91932874249911,91932874428967,2246.516,179.056,1,1
0,10510,300,91932874641205,91932876689214,91932876864199,2222.994,174.985,1,1
0,10511,300,91932877104818,91932878755294,91932879316003,2211.185,560.709,1,1
0,10512,300,91932879154497,91932881199827,91932881389633,2235.136,189.806,1,1
0,10513,300,91932881609001,91932883651750,91932883822606,2213.605,170.856,1,1
0,10514,300,91932884065244,91932885700659,91932886278690,2213.446,578.031,1,1
0,10515,300,91932886110954,91932888159463,91932888342729,2231.775,183.266,1,1
0,10516,300,91932888568187,91932890616976,91932890789712,2221.525,172.736,1,1
0,10517,300,91932891026210,91932893074930,91932893260896,2234.686,185.966,1,1
0,10518,300,91932893074930,91932895121179,91932895669138,2594.208,547.959,1,1
0,10519,300,91932895532404,91932897581683,91932897757078,2224.674,175.395,1,1
0,10520,300,91932898025068,91932900036456,91932900214562,2189.494,178.106,1,1
0,10521,300,91932900464661,91932902083516,91932902639644,2174.983,556.128,1,1
0,10522,300,91932902493809,91932904541919,91932904730885,2237.076,188.966,1,1
0,10523,300,91932904953023,91932907000403,91932907198119,2245.096,197.716,1,1
0,10524,300,91932907429397,91932909048722,91932909620972,2191.575,572.250,1,1
0,10525,300,91932909470366,91932911506275,91932911693472,2223.106,187.197,1,1
0,10526,300,91932911923430,91932913962098,91932914162526,2239.096,200.428,1,1
0,10527,300,91932914386893,91932916037109,91932916588018,2201.125,550.909,1,1
0,10528,300,91932916419952,91932918468752,91932918657898,2237.946,189.146,1,1
0,10529,300,91932918883916,91932920924915,91932921109261,2225.345,184.346,1,1
0,10530,300,91932921340279,91932923383958,91932923548864,2208.585,164.906,1,1
0,10531,300,91932923383958,91932925431477,91932925984877,2600.919,553.400,1,1
0,10532,300,91932925840492,91932927889671,91932928088187,2247.695,198.516,1,1
0,10533,300,91932928298035,91932930347764,91932930514820,2216.785,167.056,1,1
0,10534,300,91932930756799,91932932395054,91932932968533,2211.734,573.479,1,1
0,10535,300,91932932823088,91932934851297,91932935039703,2216.615,188.406,1,1
0,10536,300,91932935262552,91932937311751,91932937492617,2230.065,180.866,1,1
0,10537,300,91932937739775,91932939357860,91932939917379,2177.604,559.519,1,1
0,10538,300,91932939766574,91932941816593,91932942019171,2252.597,202.578,1,1
0,10539,300,91932942226668,91932944273097,91932944445113,2218.445,172.016,1,1
0,10540,300,91932944684280,91932946332747,91932946905786,2221.506,573.039,1,1
0,10541,300,91932946749061,91932948779590,91932948962086,2213.025,182.496,1,1
0,10542,300,91932949189734,91932951251844,91932951426859,2237.125,175.015,1,1
0,10543,300,91932951645327,91932953694347,91932953859772,2214.445,165.425,1,1
0,10544,300,91932953694347,91932955742026,91932956318676,2624.329,576.650,1,1
0,10545,300,91932956174820,91932958201020,91932958377465,2202.645,176.445,1,1
0,10546,300,91932958611103,91932960658703,91932960836029,2224.926,177.326,1,1
0,10547,300,91932961067457,91932962705642,91932963269502,2202.045,563.860,1,1
0,10548,300,91932963113706,91932965163636,91932965352812,2239.106,189.176,1,1
0,10549,300,91932965571580,91932967640890,91932967814305,2242.725,173.415,1,1
0,10550,300,91932968030013,91932969668699,91932970230548,2200.535,561.849,1,1
0,10551,300,91932970076752,91932972127422,91932972308298,2231.546,180.876,1,1
0,10552,300,91932972535056,91932974584095,91932974754371,2219.315,170.276,1,1
0,10553,300,91932974994479,91932976632885,91932977205725,2211.246,572.840,1,1
0,10554,300,91932977041159,91932979088848,91932979267714,2226.555,178.866,1,1
0,10555,300,91932979510193,91932981547501,91932981723578,2213.385,176.077,1,1
0,10556,300,91932981959306,91932984015955,91932984180771,2221.465,164.816,1,1
0,10557,300,91932984015955,91932986063045,91932986608254,2592.299,545.209,1,1
0,10558,300,91932986463658,91932988509248,91932988684783,2221.125,175.535,1,1
0,10559,300,91932988919772,91932990984591,91932991177158,2257.386,192.567,1,1
0,10560,300,91932991377765,91932993015670,91932993569450,2191.685,553.780,1,1
0,10561,300,91932993424765,91932995472844,91932995657420,2232.655,184.576,1,1
0,10562,300,91932995890778,91932997930728,91932998122613,2231.835,191.885,1,1
0,10563,300,91932998354401,91933000000108,91933000538856,2184.455,538.748,1,1
0,10564,300,91933000387431,91933002437950,91933002618687,2231.256,180.737,1,1
0,10565,300,91933002846425,91933004905914,91933005091421,2244.996,185.507,1,1
0,10566,300,91933005304327,91933006943193,91933007510423,2206.096,567.230,1,1
0,10567,300,91933007352148,91933009400267,91933009587793,2235.645,187.526,1,1
0,10568,300,91933009808920,91933011857340,91933012051017,2242.097,193.677,1,1
0,10569,300,91933012267164,91933014313903,91933014478149,2210.985,164.246,1,1
0,10570,300,91933014313903,91933016369443,91933016912862,2598.959,543.419,1,1
0,10571,300,91933016776487,91933018840047,91933019037233,2260.746,197.186,1,1
0,10572,300,91933019244240,91933021277329,91933021456726,2212.486,179.397,1,1
0,10573,300,91933021687104,91933023346979,91933023897638,2210.534,550.659,1,1
0,10574,300,91933023754294,91933025788703,91933025966318,2212.024,177.615,1,1
0,10575,300,91933026192706,91933028274317,91933028446013,2253.307,171.696,1,1
0,10576,300,91933028651880,91933030288466,91933030850725,2198.845,562.259,1,1
0,10577,300,91933030700349,91933032754819,91933032934975,2234.626,180.156,1,1
0,10578,300,91933033157143,91933035217792,91933035391178,2234.035,173.386,1,1
0,10579,300,91933035634436,91933037252832,91933037820881,2186.445,568.049,1,1
0,10580,300,91933037663315,91933039711726,91933039894371,2231.056,182.645,1,1
0,10581,300,91933040121559,91933042168138,91933042356095,2234.536,187.957,1,1
0,10582,300,91933042578743,91933044626312,91933044781877,2203.134,155.565,1,1
0,10583,300,91933044626312,91933046672431,91933047229110,2602.798,556.679,1,1
0,10584,300,91933047082725,91933049141395,91933049316341,2233.616,174.946,1,1
0,10585,300,91933049559019,91933051590218,91933051758004,2198.985,167.786,1,1
0,10586,300,91933052017493,91933053656868,91933054218278,2200.785,561.410,1,1
0,10587,300,91933054066972,91933056092831,91933056275567,2208.595,182.736,1,1
0,10588,300,91933056519476,91933058573575,91933058743440,2223.964,169.865,1,1
0,10589,300,91933058960798,91933060621435,91933061181334,2220.536,559.899,1,1
0,10590,300,91933061014718,91933063056027,91933063249354,2234.636,193.327,1,1
0,10591,300,91933063486982,91933065514941,91933065685977,2198.995,171.036,1,1
0,10592,300,91933065925704,91933067562280,91933068162490,2236.786,600.210,1,1
0,10593,300,91933067973204,91933070021984,91933070213620,2240.416,191.636,1,1
0,10594,300,91933070442607,91933072486127,91933072661773,2219.166,175.646,1,1
0,10595,300,91933072888251,91933074934410,91933075110646,2222.395,176.236,1,1
0,10596,300,91933074934410,91933076984180,91933077540348,2605.938,556.168,1,1
0,10597,300,91933077394673,91933079442414,91933079608859,2214.186,166.445,1,1
0,10598,300,91933079854567,91933081910537,91933082083542,2228.975,173.005,1,1
0,10599,300,91933082328381,91933083946626,91933084493434,2165.053,546.808,1,1
0,10600,300,91933084356500,91933086403999,91933086572215,2215.715,168.216,1,1
0,10601,300,91933086813053,91933088885273,91933089081130,2268.077,195.857,1,1
0,10602,300,91933089276097,91933090915182,91933091470821,2194.724,555.639,1,1
0,10603,300,91933091318696,91933093369075,91933093550192,2231.496,181.117,1,1
0,10604,300,91933093778850,91933095825619,91933095996425,2217.575,170.806,1,1
0,10605,300,91933096241603,91933097890079,91933098442768,2201.165,552.689,1,1
0,10606,300,91933098284192,91933100330962,91933100525748,2241.556,194.786,1,1
0,10607,300,91933100741556,91933102788145,91933102974871,2233.315,186.726,1,1
0,10608,300,91933103198550,91933105254179,91933105418984,2220.434,164.805,1,1
0,10609,300,91933105254179,91933107295628,91933107839907,2585.728,544.279,1,1
0,10610,300,91933107703412,91933109750692,91933109926057,2222.645,175.365,1,1
0,10611,300,91933110160705,91933112208455,91933112375910,2215.205,167.455,1,1
0,10612,300,91933112620178,91933114263485,91933114818753,2198.575,555.268,1,1
0,10613,300,91933114675358,91933116735619,91933116906325,2230.967,170.706,1,1
0,10614,300,91933117134652,91933119177681,91933119338467,2203.815,160.786,1,1
0,10615,300,91933119595915,91933121220781,91933121780030,2184.115,559.249,1,1
0,10616,300,91933121628954,91933123677534,91933123857390,2228.436,179.856,1,1
0,10617,300,91933124096128,91933126135128,91933126303763,2207.635,168.635,1,1
0,10618,300,91933126548771,91933128185057,91933128740765,2191.994,555.708,1,1
0,10619,300,91933128592080,91933130641011,91933130814186,2222.106,173.175,1,1
0,10620,300,91933131050624,91933133100564,91933133276360,2225.736,175.796,1,1
0,10621,300,91933133518318,91933135555677,91933135730422,2212.104,174.745,1,1
0,10622,300,91933135555677,91933137605887,91933138175636,2619.959,569.749,1,1
0,10623,300,91933138031361,91933140083750,91933140272087,2240.726,188.337,1,1
0,10624,300,91933140471364,91933142519583,91933142685429,2214.065,165.846,1,1
0,10625,300,91933142928897,91933144582004,91933145152502,2223.605,570.498,1,1
0,10626,300,91933144978697,91933147042827,91933147226573,2247.876,183.746,1,1
0,10627,300,91933147433650,91933149482629,91933149652435,2218.785,169.806,1,1
0,10628,300,91933149892814,91933151545770,91933152100578,2207.764,554.808,1,1
0,10629,300,91933151939963,91933153988332,91933154174989,2235.026,186.657,1,1
0,10630,300,91933154398257,91933156445386,91933156606791,2208.534,161.405,1,1
0,10631,300,91933156856280,91933158499556,91933159065205,2208.925,565.649,1,1
0,10632,300,91933158904849,91933160961569,91933161154136,2249.287,192.567,1,1
0,10633,300,91933161360253,91933163414672,91933163580618,2220.365,165.946,1,1
0,10634,300,91933163824826,91933165886446,91933166065542,2240.716,179.096,1,1
0,10635,300,91933165886446,91933167915445,91933168461964,2575.518,546.519,1,1
0,10636,300,91933168323548,91933170372018,91933170548364,2224.816,176.346,1,1
0,10637,300,91933170787013,91933172835022,91933173013758,2226.745,178.736,1,1
0,10638,300,91933173238565,91933174885452,91933175438020,2199.455,552.568,1,1
0,10639,300,91933175287315,91933177340405,91933177519621,2232.306,179.216,1,1
0,10640,300,91933177746528,91933179791987,91933179960353,2213.825,168.366,1,1
0,10641,300,91933180201812,91933181851248,91933182401747,2199.935,550.499,1,1
0,10642,300,91933182250061,91933184301491,91933184475117,2225.056,173.626,1,1
0,10643,300,91933184715745,91933186756504,91933186920470,2204.725,163.966,1,1
0,10644,300,91933187173419,91933188825735,91933189364143,2190.724,538.408,1,1
0,10645,300,91933189213947,91933191260756,91933191434343,2220.396,173.587,1,1
0,10646,300,91933191672541,91933193720610,91933193885616,2213.075,165.006,1,1
0,10647,300,91933194139705,91933196178594,91933196334289,2194.584,155.695,1,1
0,10648,300,91933196178594,91933198224143,91933198770092,2591.498,545.949,1,1
0,10649,300,91933198640517,91933200683066,91933200848822,2208.305,165.756,1,1
0,10650,300,91933201092471,91933203140130,91933203307106,2214.635,166.976,1,1
0,10651,300,91933203554964,91933205188569,91933205742929,2187.965,554.360,1,1
0,10652,300,91933205599163,91933207644853,91933207813089,2213.926,168.236,1,1
0,10653,300,91933208057357,91933210110017,91933210276342,2218.985,166.325,1,1
0,10654,300,91933210520740,91933212156586,91933212711895,2191.155,555.309,1,1
0,10655,300,91933212560610,91933214609129,91933214789065,2228.455,179.936,1,1
0,10656,300,91933215025693,91933217067643,91933217239468,2213.775,171.825,1,1
0,10657,300,91933217477326,91933219113982,91933219683972,2206.646,569.990,1,1
0,10658,300,91933219526076,91933221571335,91933221745471,2219.395,174.136,1,1
0,10659,300,91933221982690,91933224032549,91933224218415,2235.725,185.866,1,1
0,10660,300,91933224438292,91933226488243,91933226643217,2204.925,154.974,1,1
0,10661,300,91933226488243,91933228535872,91933229089390,2601.147,553.518,1,1
0,10662,300,91933228948276,91933230992935,91933231186242,2237.966,193.307,1,1
0,10663,300,91933231409439,91933233458359,91933233625765,2216.326,167.406,1,1
0,10664,300,91933233880453,91933235510948,91933236068627,2188.174,557.679,1,1
0,10665,300,91933235910522,91933237956812,91933238148217,2237.695,191.405,1,1
0,10666,300,91933238402466,91933240414905,91933240575601,2173.135,160.696,1,1
0,10667,300,91933240822979,91933242467864,91933243035504,2212.525,567.640,1,1
0,10668,300,91933242872768,91933244933028,91933245114355,2241.587,181.327,1,1
0,10669,300,91933245329291,91933247377861,91933247544117,2214.826,166.256,1,1
0,10670,300,91933247785585,91933249426981,91933250015731,2230.146,588.750,1,1
0,10671,300,91933249835574,91933251881783,91933252084121,2248.547,202.338,1,1
0,10672,300,91933252291888,91933254340147,91933254516504,2224.616,176.357,1,1
0,10673,300,91933254761462,91933256799350,91933256962447,2200.985,163.097,1,1
0,10674,300,91933256799350,91933258846971,91933259397558,2598.208,550.587,1,1
0,10675,300,91933259259034,91933261326314,91933261504291,2245.257,177.977,1,1
0,10676,300,91933261713438,91933263777127,91933263951574,2238.136,174.447,1,1
0,10677,300,91933264170830,91933265821866,91933266363446,2192.616,541.580,1,1
0,10678,300,91933266218780,91933268266470,91933268445116,2226.336,178.646,1,1
0,10679,300,91933268676094,91933270724753,91933270894159,2218.065,169.406,1,1
0,10680,300,91933271151058,91933272774092,91933273347332,2196.274,573.240,1,1
0,10681,300,91933273185147,91933275240616,91933275421513,2236.366,180.897,1,1
0,10682,300,91933275638559,91933277706770,91933277889036,2250.477,182.266,1,1
0,10683,300,91933278097403,91933279734949,91933280315379,2217.976,580.430,1,1
0,10684,300,91933280156064,91933282193762,91933282377108,2221.044,183.346,1,1
0,10685,300,91933282622217,91933284655496,91933284840332,2218.115,184.836,1,1
0,10686,300,91933285061139,91933287107939,91933287279264,2218.125,171.325,1,1
0,10687,300,91933287107939,91933289171579,91933289708047,2600.108,536.468,1,1
0,10688,300,91933289571113,91933291612682,91933291777817,2206.704,165.135,1,1
0,10689,300,91933292024336,91933294070955,91933294240871,2216.535,169.916,1,1
0,10690,300,91933294482129,91933296119265,91933296677343,2195.214,558.078,1,1
0,10691,300,91933296540629,91933298576228,91933298755014,2214.385,178.786,1,1
0,10692,300,91933298986352,91933301033791,91933301199877,2213.525,166.086,1,1
0,10693,300,91933301444106,91933303081611,91933303646460,2202.354,564.849,1,1
0,10694,300,91933303503815,91933305539184,91933305709340,2205.525,170.156,1,1
0,10695,300,91933305950668,91933307998917,91933308176064,2225.396,177.147,1,1
0,10696,300,91933308428522,91933310045898,91933310615866,2187.344,569.968,1,1
0,10697,300,91933310456481,91933312502230,91933313073540,2617.059,571.310,1,1
0,10698,300,91933312934776,91933314960874,91933315159640,2224.864,198.766,1,1
0,10699,300,91933315371158,91933317418117,91933317593383,2222.225,175.266,1,1
0,10700,300,91933317418117,91933319480657,91933320040826,2622.709,560.169,1,1
0,10701,300,91933319892751,91933321924320,91933322112196,2219.445,187.876,1,1
0,10702,300,91933322346615,91933324380824,91933324547259,2200.644,166.435,1,1
0,10703,300,91933324791687,91933326437074,91933326989662,2197.975,552.588,1,1
0,10704,300,91933326846357,91933328886617,91933329088083,2241.726,201.466,1,1
0,10705,300,91933329297460,91933331345550,91933331516206,2218.746,170.656,1,1
0,10706,300,91933331756333,91933333392189,91933333967029,2210.696,574.840,1,1
0,10707,300,91933333823794,91933335851283,91933336043450,2219.656,192.167,1,1
0,10708,300,91933336261166,91933338308726,91933338485052,2223.886,176.326,1,1
0,10709,300,91933338719260,91933340355946,91933340925575,2206.315,569.629,1,1
0,10710,300,91933340767770,91933342813879,91933343379908,2612.138,566.029,1,1
0,10711,300,91933343245534,91933345272563,91933345448678,2203.144,176.115,1,1
0,10712,300,91933345682676,91933347729165,91933347892812,2210.136,163.647,1,1
0,10713,300,91933347729165,91933349794676,91933350328754,2599.589,534.078,1,1
0,10714,300,91933350187659,91933352234008,91933352421895,2234.236,187.887,1,1
0,10715,300,91933352651213,91933354715103,91933354880449,2229.236,165.346,1,1
0,10716,300,91933355101676,91933356742312,91933357304021,2202.345,561.709,1,1
0,10717,300,91933357156006,91933359204015,91933359382532,2226.526,178.517,1,1
0,10718,300,91933359608889,91933361654948,91933361823074,2214.185,168.126,1,1
0,10719,300,91933362081413,91933363703538,91933364275237,2193.824,571.699,1,1
0,10720,300,91933364112502,91933366162952,91933366343987,2231.485,181.035,1,1
0,10721,300,91933366589485,91933368618644,91933368779930,2190.445,161.286,1,1
0,10722,300,91933369029249,91933370666014,91933371239923,2210.674,573.909,1,1
0,10723,300,91933371075608,91933373125867,91933373660586,2584.978,534.719,1,1
0,10724,300,91933373534892,91933375582291,91933375747577,2212.685,165.286,1,1
0,10725,300,91933375991455,91933378053985,91933378214420,2222.965,160.435,1,1
0,10726,300,91933378053985,91933380088833,91933380638182,2584.197,549.349,1,1
0,10727,300,91933380498218,91933382546427,91933382721883,2223.665,175.456,1,1
0,10728,300,91933382959341,91933385013371,91933385180406,2221.065,167.035,1,1
0,10729,300,91933385413034,91933387050270,91933387599079,2186.045,548.809,1,1
0,10730,300,91933387459914,91933389509183,91933389698189,2238.275,189.006,1,1
0,10731,300,91933389917017,91933391965377,91933392160124,2243.107,194.747,1,1
0,10732,300,91933392376670,91933394039647,91933394586606,2209.936,546.959,1,1
0,10733,300,91933394424871,91933396473200,91933396653146,2228.275,179.946,1,1
0,10734,300,91933396881163,91933398929623,91933399116469,2235.306,186.846,1,1
0,10735,300,91933399339577,91933400977662,91933401545691,2206.114,568.029,1,1
0,10736,300,91933401387036,91933403434326,91933403976684,2589.648,542.358,1,1
0,10737,300,91933403843300,91933405892000,91933406086485,2243.185,194.485,1,1
0,10738,300,91933406301933,91933408358913,91933408522948,2221.015,164.035,1,1
0,10739,300,91933408358913,91933410399222,91933410946860,2587.947,547.638,1,1
0,10740,300,91933410807216,91933412856226,91933413043012,2235.796,186.786,1,1
0,10741,300,91933413264529,91933415313279,91933415479665,2215.136,166.386,1,1
0,10742,300,91933415722983,91933417361099,91933417917707,2194.724,556.608,1,1
0,10743,300,91933417771162,91933419819191,91933420019289,2248.127,200.098,1,1
0,10744,300,91933420229656,91933422285136,91933422454501,2224.845,169.365,1,1
0,10745,300,91933422684959,91933424336415,91933424918775,2233.816,582.360,1,1
0,10746,300,91933424755459,91933426802829,91933426982375,2226.916,179.546,1,1
0,10747,300,91933427190882,91933429240011,91933429402336,2211.454,162.325,1,1
0,10748,300,91933429648175,91933431286370,91933431854970,2206.795,568.600,1,1
0,10749,300,91933431697375,91933433744924,91933434302593,2605.218,557.669,1,1
0,10750,300,91933434175618,91933436203818,91933436370464,2194.846,166.646,1,1
0,10751,300,91933436611271,91933438661171,91933438815646,2204.375,154.475,1,1
0,10752,300,91933438661171,91933440709930,91933441257629,2596.458,547.699,1,1
0,10753,300,91933441118515,91933443165994,91933443334630,2216.115,168.636,1,1
0,10754,300,91933443577327,91933445623738,91933445800293,2222.966,176.555,1,1
0,10755,300,91933446055572,91933447685727,91933448254607,2199.035,568.880,1,1
0,10756,300,91933448087591,91933450129230,91933450317466,2229.875,188.236,1,1
0,10757,300,91933450539624,91933452591884,91933452759570,2219.946,167.686,1,1
0,10758,300,91933452997987,91933454636383,91933455208483,2210.496,572.100,1,1
0,10759,300,91933455043776,91933457091677,91933457282433,2238.657,190.756,1,1
0,10760,300,91933457502490,91933459548739,91933459718975,2216.485,170.236,1,1
0,10761,300,91933459960334,91933461596919,91933462187039,2226.705,590.120,1,1
0,10762,300,91933462015323,91933464071793,91933464598861,2583.538,527.068,1,1
0,10763,300,91933464465576,91933466513626,91933466689002,2223.426,175.376,1,1
0,10764,300,91933466943241,91933468971769,91933469155495,2212.254,183.726,1,1
0,10765,300,91933468971769,91933471020499,91933471583818,2612.049,563.319,1,1
0,10766,300,91933471443423,91933473476802,91933473651619,2208.196,174.817,1,1
0,10767,300,91933473885986,91933475934415,91933476113832,2227.846,179.417,1,1
0,10768,300,91933476347020,91933477981055,91933478553374,2206.354,572.319,1,1
0,10769,300,91933478397129,91933480440818,91933480618695,2221.566,177.877,1,1
0,10770,300,91933480849593,91933482902452,91933483092049,2242.456,189.597,1,1
0,10771,300,91933483307706,91933484959572,91933485508800,2201.094,549.228,1,1
0,10772,300,91933485354455,91933487401835,91933487572040,2217.585,170.205,1,1
0,10773,300,91933487812849,91933489861048,91933490032174,2219.325,171.126,1,1
0,10774,300,91933490270212,91933491908627,91933492471616,2201.404,562.989,1,1
0,10775,300,91933492318532,91933494369431,91933494899719,2581.187,530.288,1,1
0,10776,300,91933494774514,91933496824954,91933497000930,2226.416,175.976,1,1
0,10777,300,91933497234008,91933499298038,91933499456394,2222.386,158.356,1,1
0,10778,300,91933499298038,91933501328017,91933501871755,2573.717,543.738,1,1
0,10779,300,91933501739411,91933503786041,91933503959127,2219.716,173.086,1,1
0,10780,300,91933504195384,91933506261315,91933506428141,2232.757,166.826,1,1
0,10781,300,91933506654288,91933508293554,91933508841122,2186.834,547.568,1,1
0,10782,300,91933508702277,91933510753147,91933510935903,2233.626,182.756,1,1
0,10783,300,91933511164201,91933513208221,91933513377036,2212.835,168.815,1,1
0,10784,300,91933513625545,91933515256740,91933515820639,2195.094,563.899,1,1
0,10785,300,91933515666773,91933517734234,91933517918330,2251.557,184.096,1,1
0,10786,300,91933518122357,91933520169916,91933520341472,2219.115,171.556,1,1
0,10787,300,91933520579951,91933522220516,91933522789915,2209.964,569.399,1,1
0,10788,300,91933522629190,91933524675069,91933525236448,2607.258,561.379,1,1
0,10789,300,91933525085353,91933527134112,91933527309599,2224.246,175.487,1,1
0,10790,300,91933527545207,91933529603046,91933529770612,2225.405,167.566,1,1
0,10791,300,91933529603046,91933531639775,91933532211735,2608.689,571.960,1,1
0,10792,300,91933532070411,91933534095949,91933534268075,2197.664,172.126,1,1
0,10793,300,91933534508533,91933536577883,91933536745779,2237.246,167.896,1,1
0,10794,300,91933536963176,91933538603082,91933539162081,2198.905,558.999,1,1
0,10795,300,91933539014876,91933541060555,91933541234921,2220.045,174.366,1,1
0,10796,300,91933541475609,91933543517939,91933543685855,2210.246,167.916,1,1
0,10797,300,91933543929072,91933545571999,91933546155278,2226.206,583.279,1,1
0,10798,300,91933545975562,91933548035082,91933548226719,2251.157,191.637,1,1
0,10799,300,91933548434726,91933550495155,91933550665671,2230.945,170.516,1,1
0,10800,300,91933550891968,91933552544894,91933553128275,2236.307,583.381,1,1
0,10801,300,91933552953359,91933555000978,91933555529316,2575.957,528.338,1,1
0,10802,300,91933555395681,91933557444081,91933557619347,2223.666,175.266,1,1
0,10803,300,91933557867665,91933559908185,91933560085261,2217.596,177.076,1,1
0,10804,300,91933559908185,91933561953704,91933562500493,2592.308,546.789,1,1
0,10805,300,91933562358998,91933564407038,91933564582543,2223.545,175.505,1,1
0,10806,300,91933564826782,91933566866561,91933567050527,2223.745,183.966,1,1
0,10807,300,91933567296246,91933568914870,91933569470449,2174.203,555.579,1,1
0,10808,300,91933569322144,91933571372474,91933571550509,2228.365,178.035,1,1
0,10809,300,91933571781367,91933573827097,91933574019784,2238.417,192.687,1,1
0,10810,300,91933574238351,91933575877717,91933576432155,2193.804,554.438,1,1
0,10811,300,91933576285070,91933578333649,91933578511816,2226.746,178.167,1,1
0,10812,300,91933578742764,91933580792753,91933580964499,2221.735,171.746,1,1
0,10813,300,91933581200077,91933582839613,91933583403082,2203.005,563.469,1,1
0,10814,300,91933583249637,91933585295956,91933585838265,2588.628,542.309,1,1
0,10815,300,91933585705460,91933587753439,91933587929495,2224.035,176.056,1,1
0,10816,300,91933588169284,91933590224763,91933590393489,2224.205,168.726,1,1
0,10817,300,91933590224763,91933592280783,91933592802601,2577.838,521.818,1,1
0,10818,300,91933592670107,91933594737487,91933594902922,2232.815,165.435,1,1
0,10819,300,91933595128580,91933597176259,91933597345575,2216.995,169.316,1,1
0,10820,300,91933597614534,91933599233439,91933599773657,2159.123,540.218,1,1
0,10821,300,91933599634633,91933601701233,91933601868568,2233.935,167.335,1,1
0,10822,300,91933602090345,91933604140126,91933604311511,2221.166,171.385,1,1
0,10823,300,91933604547339,91933606186795,91933606743224,2195.885,556.429,1,1
0,10824,300,91933606597659,91933608645698,91933608825165,2227.506,179.467,1,1
0,10825,300,91933609054562,91933611103722,91933611288668,2234.106,184.946,1,1
0,10826,300,91933611529457,91933613151451,91933613719721,2190.264,568.270,1,1
0,10827,300,91933613559386,91933615612254,91933616172274,2612.888,560.020,1,1
0,10828,300,91933616016938,91933618064618,91933618251484,2234.546,186.866,1,1
0,10829,300,91933618484692,91933620522731,91933620692387,2207.695,169.656,1,1
0,10830,300,91933620522731,91933622572101,91933623135780,2613.049,563.679,1,1
0,10831,300,91933622987845,91933625029215,91933625201810,2213.965,172.595,1,1
0,10832,300,91933625440838,91933627503968,91933627669053,2228.215,165.085,1,1
0,10833,300,91933627910232,91933629533527,91933630110407,2200.175,576.880,1,1
0,10834,300,91933629960632,91933631991110,91933632188668,2228.036,197.558,1,1
0,10835,300,91933632401684,91933634470535,91933634632020,2230.336,161.485,1,1
0,10836,300,91933634859758,91933636495954,91933637072163,2212.405,576.209,1,1
0,10837,300,91933636907247,91933638956257,91933639160543,2253.296,204.286,1,1
0,10838,300,91933639379281,91933641412460,91933641585546,2206.265,173.086,1,1
0,10839,300,91933641822194,91933643462040,91933644041609,2219.415,579.569,1,1
0,10840,300,91933643869114,91933645918103,91933646473652,2604.538,555.549,1,1
0,10841,300,91933646338968,91933648383637,91933648559592,2220.624,175.955,1,1
0,10842,300,91933648785571,91933650833890,91933651011305,2225.734,177.415,1,1
0,10843,300,91933650833890,91933652882329,91933653424198,2590.308,541.869,1,1
0,10844,300,91933653290263,91933655359374,91933655525649,2235.386,166.275,1,1
0,10845,300,91933655748206,91933657797646,91933657976803,2228.597,179.157,1,1
0,10846,300,91933658219010,91933659849616,91933660398694,2179.684,549.078,1,1
0,10847,300,91933660258250,91933662302859,91933662472115,2213.865,169.256,1,1
0,10848,300,91933662712052,91933664758773,91933664920218,2208.166,161.445,1,1
0,10849,300,91933665170046,91933666807462,91933667363821,2193.775,556.359,1,1
0,10850,300,91933667217056,91933669265245,91933669436551,2219.495,171.306,1,1
0,10851,300,91933669674059,91933671722599,91933671885844,2211.785,163.245,1,1
0,10852,300,91933672132242,91933673777048,91933674337047,2204.805,559.999,1,1
0,10853,300,91933674183402,91933676229992,91933676763329,2579.927,533.337,1,1
0,10854,300,91933676636955,91933678685424,91933678861701,2224.746,176.277,1,1
0,10855,300,91933679114510,91933681166859,91933681324994,2210.484,158.135,1,1
0,10856,300,91933681166859,91933683191568,91933683735916,2569.057,544.348,1,1
0,10857,300,91933683602941,91933685650471,91933685818056,2215.115,167.585,1,1
0,10858,300,91933686059975,91933688106964,91933688275370,2215.395,168.406,1,1
0,10859,300,91933688517539,91933690154754,91933690712443,2194.904,557.689,1,1
0,10860,300,91933690564568,91933692613797,91933692795013,2230.445,181.216,1,1
0,10861,300,91933693046012,91933695085221,91933695265377,2219.365,180.156,1,1
0,10862,300,91933695479865,91933697117690,91933697685969,2206.104,568.279,1,1
0,10863,300,91933697540204,91933699577183,91933699755200,2214.996,178.017,1,1
0,10864,300,91933699996708,91933702032097,91933702208902,2212.194,176.805,1,1
0,10865,300,91933702460111,91933704097527,91933704646996,2186.885,549.469,1,1
0,10866,300,91933704494750,91933706546920,91933707094249,2599.499,547.329,1,1
0,10867,300,91933706949154,91933708996323,91933709180579,2231.425,184.256,1,1
0,10868,300,91933709406067,91933711454857,91933711620952,2214.885,166.095,1,1
0,10869,300,91933711454857,91933713503086,91933714072526,2617.669,569.440,1,1
0,10870,300,91933713928951,91933715958660,91933716137695,2208.744,179.035,1,1
0,10871,300,91933716368263,91933718417203,91933718576338,2208.075,159.135,1,1
0,10872,300,91933718825577,91933720466092,91933721023002,2197.425,556.910,1,1
0,10873,300,91933720874276,91933722923106,91933723104142,2229.866,181.036,1,1
0,10874,300,91933723342560,91933725381039,91933725543005,2200.445,161.966,1,1
0,10875,300,91933725790213,91933727427499,91933727993298,2203.085,565.799,1,1
0,10876,300,91933727838282,91933729887302,91933730075148,2236.866,187.846,1,1
0,10877,300,91933730294896,91933732344896,91933732509641,2214.745,164.745,1,1
0,10878,300,91933732751919,91933734404085,91933734952304,2200.385,548.219,1,1
0,10879,300,91933734800128,91933736849069,91933737387517,2587.389,538.448,1,1
0,10880,300,91933737259872,91933739308122,91933739475007,2215.135,166.885,1,1
0,10881,300,91933739716176,91933741781316,91933741937330,2221.154,156.014,1,1
0,10882,300,91933741781316,91933743813155,91933744369573,2588.257,556.418,1,1
0,10883,300,91933744227558,91933746268977,91933746448884,2221.326,179.907,1,1
0,10884,300,91933746680832,91933748728761,91933748887816,2206.984,159.055,1,1
0,10885,300,91933749137055,91933750795621,91933751338489,2201.434,542.868,1,1
0,10886,300,91933751184985,91933753237435,91933753408380,2223.395,170.945,1,1
0,10887,300,91933753643388,91933755692217,91933755853223,2209.835,161.006,1,1
0,10888,300,91933756104202,91933757738247,91933758300046,2195.844,561.799,1,1
0,10889,300,91933758153021,91933760197490,91933760379386,2226.365,181.896,1,1
0,10890,300,91933760620735,91933762654454,91933762838340,2217.605,183.886,1,1
0,10891,300,91933763085758,91933764708934,91933765290483,2204.725,581.549,1,1
0,10892,300,91933765110827,91933767182497,91933767720086,2609.259,537.589,1,1
0,10893,300,91933767587021,91933769619700,91933769794646,2207.625,174.946,1,1
0,10894,300,91933770026693,91933772074894,91933772252579,2225.886,177.685,1,1
0,10895,300,91933772074894,91933774122763,91933774682912,2608.018,560.149,1,1
0,10896,300,91933774534267,91933776579876,91933776757132,2222.865,177.256,1,1
0,10897,300,91933777025091,91933779046880,91933779222666,2197.575,175.786,1,1
0,10898,300,91933779469854,91933781085309,91933781654468,2184.614,569.159,1,1
0,10899,300,91933781497773,91933783544213,91933783725719,2227.946,181.506,1,1
0,10900,300,91933783951946,91933786001145,91933786182892,2230.946,181.747,1,1
0,10901,300,91933786411180,91933788050485,91933788613904,2202.724,563.419,1,1
0,10902,300,91933788459739,91933790506529,91933790678755,2219.016,172.226,1,1
0,10903,300,91933790915863,91933792964382,91933793147408,2231.545,183.026,1,1
0,10904,300,91933793375216,91933795022872,91933795575351,2200.135,552.479,1,1
0,10905,300,91933795422305,91933797469775,91933798016723,2594.418,546.948,1,1
0,10906,300,91933797879779,91933799931879,91933800117835,2238.056,185.956,1,1
0,10907,300,91933800338632,91933802384212,91933802542047,2203.415,157.835,1,1
0,10908,300,91933802812646,91933804431901,91933804994250,2181.604,562.349,1,1
0,10909,300,91933804861776,91933806892224,91933807071161,2209.385,178.937,1,1
0,10910,300,91933807301709,91933809368629,91933809549294,2247.585,180.665,1,1
0,10911,300,91933809758492,91933811396987,91933811953486,2194.994,556.499,1,1
0,10912,300,91933811806561,91933813853271,91933814043678,2237.117,190.407,1,1
0,10913,300,91933814287686,91933816311034,91933816483160,2195.474,172.126,1,1
0,10914,300,91933816722959,91933818367774,91933818913993,2191.034,546.219,1,1
0,10915,300,91933818768098,91933820818287,91933821000033,2231.935,181.746,1,1
0,10916,300,91933821226821,91933823274921,91933823448866,2222.045,173.945,1,1
0,10917,300,91933823691245,91933825323810,91933825903560,2212.315,579.750,1,1
0,10918,300,91933825732624,91933827780003,91933828330142,2597.518,550.139,1,1
0,10919,300,91933828195218,91933830255587,91933830432024,2236.806,176.437,1,1
0,10920,300,91933830648980,91933832694591,91933832860066,2211.086,165.475,1,1
0,10921,300,91933833126245,91933834744390,91933835320179,2193.934,575.789,1,1
0,10922,300,91933835173614,91933837202363,91933837381329,2207.715,178.966,1,1
0,10923,300,91933837611967,91933839658727,91933839838512,2226.545,179.785,1,1
0,10924,300,91933840074090,91933841707506,91933842275455,2201.365,567.949,1,1
0,10925,300,91933842116779,91933844163250,91933844344855,2228.076,181.605,1,1
0,10926,300,91933844586863,91933846620922,91933846793038,2206.175,172.116,1,1
0,10927,300,91933847043357,91933848670342,91933849252842,2209.485,582.500,1,1
0,10928,300,91933849081306,91933851128946,91933851321812,2240.506,192.866,1,1
0,10929,300,91933851537559,91933853585569,91933853748905,2211.346,163.336,1,1
0,10930,300,91933853995143,91933855632789,91933856220609,2225.466,587.820,1,1
0,10931,300,91933856043952,91933858092142,91933858648231,2604.279,556.089,1,1
0,10932,300,91933858521307,91933860549265,91933860714691,2193.384,165.426,1,1
0,10933,300,91933860959219,91933863013849,91933863190365,2231.146,176.516,1,1
0,10934,300,91933863415362,91933865054018,91933865596307,2180.945,542.289,1,1
0,10935,300,91933865463222,91933867521342,91933867692418,2229.196,171.076,1,1
0,10936,300,91933867920266,91933869990166,91933870168661,2248.395,178.495,1,1
0,10937,300,91933870380369,91933872016054,91933872567423,2187.054,551.369,1,1
0,10938,300,91933872427738,91933874475138,91933874645023,2217.285,169.885,1,1
0,10939,300,91933874892782,91933876931841,91933877103787,2211.005,171.946,1,1
0,10940,300,91933877346975,91933878981570,91933879537850,2190.875,556.280,1,1
0,10941,300,91933879390925,91933881453384,91933881626170,2235.245,172.786,1,1
0,10942,300,91933881867258,91933883895128,91933884078784,2211.526,183.656,1,1
0,10943,300,91933884305701,91933885942517,91933886505526,2199.825,563.009,1,1
0,10944,300,91933886352210,91933888402640,91933888936849,2584.639,534.209,1,1
0,10945,300,91933888810864,91933890857494,91933891042870,2232.006,185.376,1,1
0,10946,300,91933891286688,91933893316096,91933893483232,2196.544,167.136,1,1
0,10947,300,91933893747432,91933895363617,91933895924026,2176.594,560.409,1,1
0,10948,300,91933895774790,91933897821620,91933897998786,2223.996,177.166,1,1
0,10949,300,91933898250835,91933900295884,91933900464800,2213.965,168.916,1,1
0,10950,300,91933900688467,91933902341163,91933902899983,2211.516,558.820,1,1
0,10951,300,91933902753028,91933904807126,91933904991233,2238.205,184.107,1,1
0,10952,300,91933905198490,91933907243989,91933907416015,2217.525,172.026,1,1
0,10953,300,91933907652494,91933909291379,91933909864939,2212.445,573.560,1,1
0,10954,300,91933909700613,91933911749113,91933911931128,2230.515,182.015,1,1
0,10955,300,91933912159276,91933914205125,91933914381822,2222.546,176.697,1,1
0,10956,300,91933914630930,91933916683210,91933916847365,2216.435,164.155,1,1
0,10957,300,91933916683210,91933918732159,91933919265088,2581.878,532.929,1,1
0,10958,300,91933919120203,91933921170622,91933921347218,2227.015,176.596,1,1
0,10959,300,91933921577936,91933923626175,91933923792090,2214.154,165.915,1,1
0,10960,300,91933924035349,91933925676044,91933926233064,2197.715,557.020,1,1
0,10961,300,91933926085009,91933928133258,91933928319614,2234.605,186.356,1,1
0,10962,300,91933928554643,91933930591382,91933930760718,2206.075,169.336,1,1
0,10963,300,91933931026537,91933932647491,91933933232081,2205.544,584.590,1,1
0,10964,300,91933933074676,91933935115056,91933935305011,2230.335,189.955,1,1
0,10965,300,91933935506539,91933937576559,91933937758735,2252.196,182.176,1,1
0,10966,300,91933937963231,91933939609238,91933940197298,2234.067,588.060,1,1
0,10967,300,91933940032302,91933942067661,91933942259197,2226.895,191.536,1,1
0,10968,300,91933942468694,91933944535265,91933944715811,2247.117,180.546,1,1
0,10969,300,91933944927558,91933946975618,91933947170535,2242.977,194.917,1,1
0,10970,300,91933946975618,91933949021447,91933949577556,2601.938,556.109,1,1
0,10971,300,91933949443111,91933951497621,91933951672997,2229.886,175.376,1,1
0,10972,300,91933951888794,91933953941094,91933954129460,2240.666,188.366,1,1
0,10973,300,91933954347618,91933955985043,91933956535472,2187.854,550.429,1,1
0,10974,300,91933956393727,91933958443327,91933958632513,2238.786,189.186,1,1
0,10975,300,91933958852271,91933960900260,91933961079746,2227.475,179.486,1,1
0,10976,300,91933961309434,91933962950050,91933963505348,2195.914,555.298,1,1
0,10977,300,91933963356943,91933965419093,91933965599189,2242.246,180.096,1,1
0,10978,300,91933965816917,91933967868227,91933968060793,2243.876,192.566,1,1
0,10979,300,91933968273870,91933969912286,91933970475995,2202.125,563.709,1,1
0,10980,300,91933970320120,91933972388830,91933972571856,2251.736,183.026,1,1
0,10981,300,91933972777693,91933974846823,91933975044190,2266.497,197.367,1,1
0,10982,300,91933975253877,91933977295576,91933977458652,2204.775,163.076,1,1
0,10983,300,91933977295576,91933979334015,91933979875594,2580.018,541.579,1,1
0,10984,300,91933979741620,91933981790989,91933981966114,2224.494,175.125,1,1
0,10985,300,91933982198532,91933984262083,91933984429499,2230.967,167.416,1,1
0,10986,300,91933984656786,91933986296701,91933986857631,2200.845,560.930,1,1
0,10987,300,91933986708546,91933988753355,91933988922001,2213.455,168.646,1,1
0,10988,300,91933989163719,91933991209819,91933991370094,2206.375,160.275,1,1
0,10989,300,91933991641763,91933993258308,91933993821297,2179.534,562.989,1,1
0,10990,300,91933993669712,91933995715591,91933995902557,2232.845,186.966,1,1
0,10991,300,91933996159906,91933998174155,91933998360581,2200.675,186.426,1,1
0,10992,300,91933998594539,91934000223164,91934000787423,2192.884,564.259,1,1
0,10993,300,91934000632788,91934002680038,91934002864184,2231.396,184.146,1,1
0,10994,300,91934003090851,91934005159241,91934005333078,2242.227,173.837,1,1
0,10995,300,91934005548165,91934007596014,91934007748530,2200.365,152.516,1,1
0,10996,300,91934007596014,91934009643244,91934010189752,2593.738,546.508,1,1
0,10997,300,91934010051578,91934012099267,91934012276343,2224.765,177.076,1,1
0,10998,300,91934012508941,91934014558720,91934014715016,2206.075,156.296,1,1
0,10999,300,91934014966675,91934016605720,91934017168260,2201.585,562.540,1,1
0,11000,300,91934017016084,91934019065184,91934019273431,2257.347,208.247,1,1
0,11001,300,91934019473477,91934021520197,91934021688113,2214.636,167.916,1,1
0,11002,300,91934021929731,91934023585427,91934024160916,2231.185,575.489,1,1
0,11003,300,91934023990621,91934026038490,91934026229167,2238.546,190.677,1,1
0,11004,300,91934026437454,91934028485353,91934028655529,2218.075,170.176,1,1
0,11005,300,91934028903527,91934030539013,91934031100072,2196.545,561.059,1,1
0,11006,300,91934030943416,91934032998696,91934033201944,2258.528,203.248,1,1
0,11007,300,91934033399220,91934035446589,91934035619475,2220.255,172.886,1,1
0,11008,300,91934035858244,91934037906043,91934038079479,2221.235,173.436,1,1
0,11009,300,91934037906043,91934039960573,91934040499321,2593.278,538.748,1,1
0,11010,300,91934040364216,91934042411646,91934042598872,2234.656,187.226,1,1
0,11011,300,91934042833239,91934044875969,91934045064346,2231.107,188.377,1,1
0,11012,300,91934045278583,91934046929609,91934047466687,2188.104,537.078,1,1
0,11013,300,91934047324812,91934049378002,91934049556068,2231.256,178.066,1,1
0,11014,300,91934049782975,91934051853395,91934052040623,2257.648,187.228,1,1
0,11015,300,91934052240209,91934053879865,91934054456414,2216.205,576.549,1,1
0,11016,300,91934054307039,91934056336338,91934056516974,2209.935,180.636,1,1
0,11017,300,91934056764293,91934058795862,91934058989419,2225.126,193.557,1,1
0,11018,300,91934059204485,91934060841701,91934061428481,2223.996,586.780,1,1
0,11019,300,91934061272216,91934063300975,91934063484321,2212.105,183.346,1,1
0,11020,300,91934063709608,91934065758008,91934065931674,2222.066,173.666,1,1
0,11021,300,91934066167032,91934068217341,91934068380797,2213.765,163.456,1,1
0,11022,300,91934068217341,91934070263721,91934070806989,2589.648,543.268,1,1
0,11023,300,91934070672774,91934072720934,91934072907541,2234.767,186.607,1,1
0,11024,300,91934073138559,91934075179237,91934075337313,2198.754,158.076,1,1
0,11025,300,91934075589182,91934077230067,91934077770535,2181.353,540.468,1,1
0,11026,300,91934077637131,91934079695080,91934079873297,2236.166,178.217,1,1
0,11027,300,91934080094734,91934082171125,91934082331220,2236.486,160.095,1,1
0,11028,300,91934082571678,91934084190183,91934084754933,2183.255,564.750,1,1
0,11029,300,91934084606837,91934086648696,91934086818562,2211.725,169.866,1,1
0,11030,300,91934087058771,91934089111591,91934089282156,2223.385,170.565,1,1
0,11031,300,91934089515804,91934091161500,91934091708458,2192.654,546.958,1,1
0,11032,300,91934091562263,91934093631184,91934093803049,2240.786,171.865,1,1
0,11033,300,91934094019797,91934096069346,91934096249712,2229.915,180.366,1,1
0,11034,300,91934096480160,91934098526660,91934098697806,2217.646,171.146,1,1
0,11035,300,91934098526660,91934100585809,91934101122688,2596.028,536.879,1,1
0,11036,300,91934100984363,91934103031492,91934103206568,2222.205,175.076,1,1
0,11037,300,91934103454896,91934105490806,91934105647642,2192.746,156.836,1,1
0,11038,300,91934105897780,91934107557196,91934108097514,2199.734,540.318,1,1
0,11039,300,91934107947279,91934109993719,91934110184155,2236.876,190.436,1,1
0,11040,300,91934110422473,91934112451652,91934112620237,2197.764,168.585,1,1
0,11041,300,91934112860926,91934114511122,91934115091681,2230.755,580.559,1,1
0,11042,300,91934114923836,91934116959775,91934117162471,2238.635,202.696,1,1
0,11043,300,91934117368189,91934119415348,91934119597164,2228.975,181.816,1,1
0,11044,300,91934119835103,91934121477168,91934122064128,2229.025,586.960,1,1
0,11045,300,91934121889243,91934123922501,91934124115648,2226.405,193.147,1,1
0,11046,300,91934124356416,91934126378124,91934126542380,2185.964,164.256,1,1
0,11047,300,91934126787119,91934128837028,91934128990013,2202.894,152.985,1,1
0,11048,300,91934128837028,91934130893467,91934131435946,2598.918,542.479,1,1
0,11049,300,91934131307672,91934133343590,91934133510086,2202.414,166.496,1,1
0,11050,300,91934133773976,91934135799894,91934135956340,2182.364,156.446,1,1
0,11051,300,91934136210668,91934137847313,91934138392322,2181.654,545.009,1,1
0,11052,300,91934138257948,91934140304117,91934140482613,2224.665,178.496,1,1
0,11053,300,91934140714531,91934142763800,91934142943617,2229.086,179.817,1,1
0,11054,300,91934143172424,91934144811639,91934145378989,2206.565,567.350,1,1
0,11055,300,91934145219854,91934147269083,91934147462040,2242.186,192.957,1,1
0,11056,300,91934147677948,91934149748668,91934149919183,2241.235,170.515,1,1
0,11057,300,91934150135760,91934151786526,91934152340246,2204.486,553.720,1,1
0,11058,300,91934152183900,91934154231789,91934154405055,2221.155,173.266,1,1
0,11059,300,91934154642064,91934156710654,91934156873799,2231.735,163.145,1,1
0,11060,300,91934157097567,91934159154246,91934159318832,2221.265,164.586,1,1
0,11061,300,91934159154246,91934161199376,91934161731334,2577.088,531.958,1,1
0,11062,300,91934161604219,91934163651479,91934163824945,2220.726,173.466,1,1
0,11063,300,91934164060763,91934166109583,91934166290568,2229.805,180.985,1,1
0,11064,300,91934166519766,91934168157672,91934168716851,2197.085,559.179,1,1
0,11065,300,91934168583647,91934170615956,91934170783631,2199.984,167.675,1,1
0,11066,300,91934171026529,91934173074239,91934173245315,2218.786,171.076,1,1
0,11067,300,91934173482183,91934175122158,91934175687977,2205.794,565.819,1,1
0,11068,300,91934175530372,91934177577501,91934177747667,2217.295,170.166,1,1
0,11069,300,91934177989705,91934180036595,91934180213171,2223.466,176.576,1,1
0,11070,300,91934180468320,91934182084685,91934182658074,2189.754,573.389,1,1
0,11071,300,91934182493498,91934184543798,91934184725524,2232.026,181.726,1,1
0,11072,300,91934184969752,91934187028563,91934187220538,2250.786,191.975,1,1
0,11073,300,91934187409645,91934189456505,91934189618660,2209.015,162.155,1,1
0,11074,300,91934189456505,91934191505014,91934192068973,2612.468,563.959,1,1
0,11075,300,91934191931488,91934193969338,91934194167405,2235.917,198.067,1,1
0,11076,300,91934194372292,91934196421251,91934196599147,2226.855,177.896,1,1
0,11077,300,91934196828754,91934198468440,91934199030299,2201.545,561.859,1,1
0,11078,300,91934198878195,91934200926444,91934201115541,2237.346,189.097,1,1
0,11079,300,91934201352468,91934203382627,91934203551653,2199.185,169.026,1,1
0,11080,300,91934203805901,91934205446337,91934206018116,2212.215,571.779,1,1
0,11081,300,91934205858861,91934207888660,91934208080737,2221.876,192.077,1,1
0,11082,300,91934208298133,91934210346274,91934210509749,2211.616,163.475,1,1
0,11083,300,91934210755387,91934212396083,91934212951432,2196.045,555.349,1,1
0,11084,300,91934212805137,91934214852986,91934215035853,2230.716,182.867,1,1
0,11085,300,91934215262180,91934217313720,91934217489235,2227.055,175.515,1,1
0,11086,300,91934217724844,91934219767504,91934219923228,2198.384,155.724,1,1
0,11087,300,91934219767504,91934221815183,91934222376852,2609.348,561.669,1,1
0,11088,300,91934222248377,91934224273626,91934224439661,2191.284,166.035,1,1
0,11089,300,91934224682960,91934226752350,91934226919406,2236.446,167.056,1,1
0,11090,300,91934227140383,91934228777709,91934229323197,2182.814,545.488,1,1
0,11091,300,91934229187992,91934231237113,91934231418168,2230.176,181.055,1,1
0,11092,300,91934231647396,91934233693495,91934233852391,2204.995,158.896,1,1
0,11093,300,91934234102900,91934235743095,91934236299244,2196.344,556.149,1,1
0,11094,300,91934236158089,91934238198518,91934238370194,2212.105,171.676,1,1
0,11095,300,91934238608652,91934240656772,91934240818027,2209.375,161.255,1,1
0,11096,300,91934241066096,91934242704612,91934243268781,2202.685,564.169,1,1
0,11097,300,91934243114155,91934245161944,91934245335561,2221.406,173.617,1,1
0,11098,300,91934245572229,91934247620058,91934247783534,2211.305,163.476,1,1
0,11099,300,91934248040773,91934250078471,91934250242047,2201.274,163.576,1,1
0,11100,300,91934250078471,91934252125201,91934252664429,2585.958,539.228,1,1
0,11101,300,91934252536795,91934254582354,91934254768840,2232.045,186.486,1,1
0,11102,300,91934255014719,91934257040208,91934257212834,2198.115,172.626,1,1
0,11103,300,91934257450741,91934259093888,91934259633916,2183.175,540.028,1,1
0,11104,300,91934259500141,91934261547701,91934261720586,2220.445,172.885,1,1
0,11105,300,91934261955464,91934264014665,91934264194090,2238.626,179.425,1,1
0,11106,300,91934264433779,91934266054313,91934266627033,2193.254,572.720,1,1
0,11107,300,91934266477978,91934268520727,91934268700854,2222.876,180.127,1,1
0,11108,300,91934268918940,91934270967870,91934271173138,2254.198,205.268,1,1
0,11109,300,91934271379154,91934273018470,91934273591069,2211.915,572.599,1,1
0,11110,300,91934273424803,91934275472533,91934275655060,2230.257,182.527,1,1
0,11111,300,91934275893677,91934277930947,91934278115133,2221.456,184.186,1,1
0,11112,300,91934278340300,91934280388599,91934280570386,2230.086,181.787,1,1
0,11113,300,91934280388599,91934282437210,91934282992808,2604.209,555.598,1,1
0,11114,300,91934282850584,91934284894593,91934285082109,2231.525,187.516,1,1
0,11115,300,91934285308766,91934287352756,91934287529112,2220.346,176.356,1,1
0,11116,300,91934287777220,91934289399436,91934289952465,2175.245,553.029,1,1
0,11117,300,91934289811069,91934291860429,91934292048425,2237.356,187.996,1,1
0,11118,300,91934292265973,91934294315512,91934294484678,2218.705,169.166,1,1
0,11119,300,91934294723227,91934296369832,91934296929601,2206.374,559.769,1,1
0,11120,300,91934296781636,91934298826496,91934299028162,2246.526,201.666,1,1
0,11121,300,91934299231099,91934301290069,91934301452534,2221.435,162.465,1,1
0,11122,300,91934301694593,91934303325909,91934303891918,2197.325,566.009,1,1
0,11123,300,91934303736962,91934305783271,91934305955337,2218.375,172.066,1,1
0,11124,300,91934306192556,91934308258466,91934308432502,2239.946,174.036,1,1
0,11125,300,91934308649888,91934310717558,91934310879265,2229.377,161.707,1,1
0,11126,300,91934310717558,91934312752098,91934313300956,2583.398,548.858,1,1
0,11127,300,91934313157442,91934315203701,91934315380017,2222.575,176.316,1,1
0,11128,300,91934315616655,91934317661545,91934317836640,2219.985,175.095,1,1
0,11129,300,91934318082329,91934319710474,91934320269513,2187.184,559.039,1,1
0,11130,300,91934320120538,91934322167907,91934322354374,2233.836,186.467,1,1
0,11131,300,91934322578141,91934324640741,91934324820318,2242.177,179.577,1,1
0,11132,300,91934325035784,91934326673710,91934327255660,2219.876,581.950,1,1
0,11133,300,91934327087234,91934329130214,91934329317970,2230.736,187.756,1,1
0,11134,300,91934329555038,91934331589817,91934331764393,2209.355,174.576,1,1
0,11135,300,91934331997821,91934333638226,91934334221867,2224.046,583.641,1,1
0,11136,300,91934334048371,91934336105691,91934336296356,2247.985,190.665,1,1
0,11137,300,91934336502864,91934338552154,91934338725079,2222.215,172.925,1,1
0,11138,300,91934338960277,91934341020167,91934341202813,2242.536,182.646,1,1
0,11139,300,91934341020167,91934343064876,91934343620556,2600.389,555.680,1,1
0,11140,300,91934343485081,91934345515239,91934345700006,2214.925,184.767,1,1
0,11141,300,91934345924134,91934347971123,91934348158149,2234.015,187.026,1,1
0,11142,300,91934348385507,91934350020653,91934350573211,2187.704,552.558,1,1
0,11143,300,91934350430806,91934352479525,91934352657082,2226.276,177.557,1,1
0,11144,300,91934352905870,91934354934969,91934355114805,2208.935,179.836,1,1
0,11145,300,91934355345343,91934357012620,91934357552138,2206.795,539.518,1,1
0,11146,300,91934357393643,91934359462063,91934359633299,2239.656,171.236,1,1
0,11147,300,91934359851936,91934361898245,91934362069761,2217.825,171.516,1,1
0,11148,300,91934362307299,91934363956755,91934364513234,2205.935,556.479,1,1
0,11149,300,91934364356219,91934366404768,91934366587414,2231.195,182.646,1,1
0,11150,300,91934366825503,91934368866751,91934369059218,2233.715,192.467,1,1
0,11151,300,91934369270745,91934371319715,91934371485250,2214.505,165.535,1,1
0,11152,300,91934371319715,91934373377355,91934373919393,2599.678,542.038,1,1
0,11153,300,91934373784859,91934375845029,91934376031605,2246.746,186.576,1,1
0,11154,300,91934376235851,91934378298192,91934378476247,2240.396,178.055,1,1
0,11155,300,91934378693325,91934380331381,91934380891030,2197.705,559.649,1,1
0,11156,300,91934380741165,91934382787094,91934382957200,2216.035,170.106,1,1
0,11157,300,91934383200328,91934385255977,91934385426763,2226.435,170.786,1,1
0,11158,300,91934385656521,91934387295347,91934387843926,2187.405,548.579,1,1
0,11159,300,91934387703451,91934389751931,91934389921837,2218.386,169.906,1,1
0,11160,300,91934390170875,91934392229624,91934392402810,2231.935,173.186,1,1
0,11161,300,91934392619488,91934394257023,91934394834513,2215.025,577.490,1,1
0,11162,300,91934394669087,91934396721707,91934396903823,2234.736,182.116,1,1
0,11163,300,91934397125950,91934399174271,91934399348576,2222.626,174.305,1,1
0,11164,300,91934399589054,91934401630883,91934401794549,2205.495,163.666,1,1
0,11165,300,91934401630883,91934403676862,91934404249242,2618.359,572.380,1,1
0,11166,300,91934404101697,91934406148676,91934406327253,2225.556,178.577,1,1
0,11167,300,91934406545770,91934408614361,91934408788756,2242.986,174.395,1,1
0,11168,300,91934409015254,91934410661320,91934411215038,2199.784,553.718,1,1
0,11169,300,91934411051753,91934413098862,91934413298580,2246.827,199.718,1,1
0,11170,300,91934413507357,91934415568246,91934415751053,2243.696,182.807,1,1
0,11171,300,91934415965999,91934417605675,91934418176335,2210.336,570.660,1,1
0,11172,300,91934418015869,91934420062529,91934420270296,2254.427,207.767,1,1
0,11173,300,91934420472143,91934422519902,91934422690858,2218.715,170.956,1,1
0,11174,300,91934422928296,91934424568101,91934425160602,2232.306,592.501,1,1
0,11175,300,91934424976296,91934427025005,91934427223822,2247.526,198.817,1,1
0,11176,300,91934427438919,91934429484339,91934429660184,2221.265,175.845,1,1
0,11177,300,91934429898273,91934431942042,91934432132738,2234.465,190.696,1,1
0,11178,300,91934431942042,91934434018652,91934434536420,2594.378,517.768,1,1
0,11179,300,91934434397815,91934436447095,91934436625420,2227.605,178.325,1,1
0,11180,300,91934436866789,91934438903219,91934439091005,2224.216,187.786,1,1
0,11181,300,91934439312832,91934440950258,91934441519267,2206.435,569.009,1,1
0,11182,300,91934441376682,91934443415471,91934443593497,2216.815,178.026,1,1
0,11183,300,91934443818255,91934445867535,91934446046700,2228.445,179.165,1,1
0,11184,300,91934446275438,91934447915884,91934448473452,2198.014,557.568,1,1
0,11185,300,91934448323737,91934450374807,91934450555544,2231.807,180.737,1,1
0,11186,300,91934450782221,91934452830450,91934453022787,2240.566,192.337,1,1
0,11187,300,91934453239955,91934454879300,91934455435069,2195.114,555.769,1,1
0,11188,300,91934455286784,91934457337134,91934457520230,2233.446,183.096,1,1
0,11189,300,91934457758858,91934459796277,91934459969203,2210.345,172.926,1,1
0,11190,300,91934460226582,91934462249890,91934462413555,2186.973,163.665,1,1
0,11191,300,91934462249890,91934464307330,91934464872029,2622.139,564.699,1,1
0,11192,300,91934464728265,91934466755393,91934466929959,2201.694,174.566,1,1
0,11193,300,91934467190528,91934469221977,91934469389392,2198.864,167.415,1,1
0,11194,300,91934469645601,91934471263456,91934471813534,2167.933,550.078,1,1
0,11195,300,91934471671530,91934473719549,91934473905035,2233.505,185.486,1,1
0,11196,300,91934474129494,91934476193213,91934476374439,2244.945,181.226,1,1
0,11197,300,91934476587296,91934478230123,91934478807412,2220.116,577.289,1,1
0,11198,300,91934478649507,91934480682866,91934480873462,2223.955,190.596,1,1
0,11199,300,91934481091459,91934483140489,91934483312355,2220.896,171.866,1,1
0,11200,300,91934483549533,91934485207569,91934485752417,2202.884,544.848,1,1
0,11201,300,91934485599583,91934487661122,91934487832668,2233.085,171.546,1,1
0,11202,300,91934488056826,91934490116076,91934490296222,2239.396,180.146,1,1
0,11203,300,91934490514439,91934492561129,91934492723674,2209.235,162.545,1,1
0,11204,300,91934492561129,91934494632049,91934495170717,2609.588,538.668,1,1
0,11205,300,91934495019192,91934497076151,91934497274339,2255.147,198.188,1,1
0,11206,300,91934497475115,91934499524374,91934499689801,2214.686,165.427,1,1
0,11207,300,91934499935819,91934501573585,91934502150224,2214.405,576.639,1,1
0,11208,300,91934501980948,91934504032138,91934504235894,2254.946,203.756,1,1
0,11209,300,91934504440982,91934506487491,91934506655367,2214.385,167.876,1,1
0,11210,300,91934506897455,91934508536471,91934509105970,2208.515,569.499,1,1
0,11211,300,91934508944984,91934510994824,91934511200711,2255.727,205.887,1,1
0,11212,300,91934511402338,91934513466668,91934513627604,2225.266,160.936,1,1
0,11213,300,91934513859672,91934515497637,91934516066356,2206.684,568.719,1,1
0,11214,300,91934515907661,91934517959861,91934518148587,2240.926,188.726,1,1
0,11215,300,91934518366214,91934520434894,91934520598250,2232.036,163.356,1,1
0,11216,300,91934520825078,91934522872167,91934523036352,2211.274,164.185,1,1
0,11217,300,91934522872167,91934524919066,91934525459284,2587.117,540.218,1,1
0,11218,300,91934525330321,91934527376570,91934527553586,2223.265,177.016,1,1
0,11219,300,91934527787404,91934529836133,91934530014680,2227.276,178.547,1,1
0,11220,300,91934530245197,91934531882403,91934532434851,2189.654,552.448,1,1
0,11221,300,91934532291417,91934534340546,91934534524352,2232.935,183.806,1,1
0,11222,300,91934534751510,91934536797700,91934536974575,2223.065,176.875,1,1
0,11223,300,91934537222874,91934538846589,91934539416509,2193.635,569.920,1,1
0,11224,300,91934539266454,91934541304622,91934541496279,2229.825,191.657,1,1
0,11225,300,91934541713416,91934543762516,91934543932502,2219.086,169.986,1,1
0,11226,300,91934544170609,91934545828396,91934546377395,2206.786,548.999,1,1
0,11227,300,91934546218280,91934548268819,91934548452485,2234.205,183.666,1,1
0,11228,300,91934548676312,91934550724752,91934550897248,2220.936,172.496,1,1
0,11229,300,91934551135896,91934553191796,91934553355992,2220.096,164.196,1,1
0,11230,300,91934553191796,91934555229945,91934555775193,2583.397,545.248,1,1
0,11231,300,91934555640239,91934557686698,91934557861454,2221.215,174.756,1,1
0,11232,300,91934558104143,91934560158022,91934560336378,2232.235,178.356,1,1
0,11233,300,91934560555386,91934562216892,91934562746510,2191.124,529.618,1,1
0,11234,300,91934562604525,91934564650594,91934564827701,2223.176,177.107,1,1
0,11235,300,91934565068829,91934567109438,91934567287424,2218.595,177.986,1,1
0,11236,300,91934567534612,91934569155798,91934569735007,2200.395,579.209,1,1
0,11237,300,91934569576502,91934571634531,91934571814168,2237.666,179.637,1,1
0,11238,300,91934572025075,91934574072224,91934574249530,2224.455,177.306,1,1
0,11239,300,91934574482278,91934576120634,91934576686143,2203.865,565.509,1,1
0,11240,300,91934576528508,91934578586457,91934578768284,2239.776,181.827,1,1
0,11241,300,91934578985881,91934581060471,91934581240927,2255.046,180.456,1,1
0,11242,300,91934581444125,91934583492504,91934583655389,2211.264,162.885,1,1
0,11243,300,91934583492504,91934585542043,91934586099222,2606.718,557.179,1,1
0,11244,300,91934585951587,91934588028578,91934588223134,2271.547,194.556,1,1
0,11245,300,91934588416621,91934590457260,91934590629056,2212.435,171.796,1,1
0,11246,300,91934590961857,91934592526700,91934593069518,2107.661,542.818,1,1
0,11247,300,91934592914314,91934594962273,91934595160439,2246.125,198.166,1,1
0,11248,300,91934595370396,91934597420407,91934597579842,2209.446,159.435,1,1
0,11249,300,91934597828650,91934599467736,91934600054496,2225.846,586.760,1,1
0,11250,300,91934599894880,91934601926099,91934602120556,2225.676,194.457,1,1
0,11251,300,91934602335293,91934604381573,91934604543528,2208.235,161.955,1,1
0,11252,300,91934604791996,91934606429772,91934606987000,2195.004,557.228,1,1
0,11253,300,91934606839806,91934608889876,91934609081212,2241.406,191.336,1,1
0,11254,300,91934609296869,91934611346269,91934611528266,2231.397,181.997,1,1
0,11255,300,91934611760363,91934613801502,91934613955298,2194.935,153.796,1,1
0,11256,300,91934613801502,91934615852092,91934616389200,2587.698,537.108,1,1
0,11257,300,91934616259975,91934618307335,91934618474141,2214.166,166.806,1,1
0,11258,300,91934618716749,91934620783839,91934620940645,2223.896,156.806,1,1
0,11259,300,91934621176633,91934622814998,91934623359476,2182.843,544.478,1,1
0,11260,300,91934623223962,91934625283351,91934625452297,2228.335,168.946,1,1
0,11261,300,91934625699116,91934627750336,91934627920211,2221.095,169.875,1,1
0,11262,300,91934628137899,91934629776644,91934630339373,2201.474,562.729,1,1
0,11263,300,91934630188028,91934632235067,91934632405893,2217.865,170.826,1,1
0,11264,300,91934632645312,91934634692621,91934634864467,2219.155,171.846,1,1
0,11265,300,91934635102765,91934636742011,91934637297719,2194.954,555.708,1,1
0,11266,300,91934637149225,91934639204284,91934639377730,2228.505,173.446,1,1
0,11267,300,91934639618189,91934641654567,91934641838663,2220.474,184.096,1,1
0,11268,300,91934642064941,91934644114981,91934644293337,2228.396,178.356,1,1
0,11269,300,91934644114981,91934646162480,91934646715289,2600.308,552.809,1,1
0,11270,300,91934646571914,91934648637864,91934648812430,2240.516,174.566,1,1
0,11271,300,91934649029217,91934651075727,91934651259843,2230.626,184.116,1,1
0,11272,300,91934651488680,91934653125006,91934653675875,2187.195,550.869,1,1
0,11273,300,91934653533751,91934655581550,91934655754786,2221.035,173.236,1,1
0,11274,300,91934655997694,91934658040443,91934658214399,2216.705,173.956,1,1
0,11275,300,91934658448947,91934660091812,91934660639551,2190.604,547.739,1,1
0,11276,300,91934660498337,91934662544636,91934662714392,2216.055,169.756,1,1
0,11277,300,91934662955570,91934665014719,91934665195376,2239.806,180.657,1,1
0,11278,300,91934665413613,91934667051969,91934667618818,2205.205,566.849,1,1
0,11279,300,91934667461222,91934669507563,91934669689128,2227.906,181.565,1,1
0,11280,300,91934669919626,91934671966796,91934672165413,2245.787,198.617,1,1
0,11281,300,91934672374920,91934674424669,91934674598715,2223.795,174.046,1,1
0,11282,300,91934674424669,91934676470468,91934677037038,2612.369,566.570,1,1
0,11283,300,91934676882472,91934678930141,91934679116929,2234.457,186.788,1,1
0,11284,300,91934679340036,91934681387015,91934681553831,2213.795,166.816,1,1
0,11285,300,91934681796560,91934683451165,91934684030255,2233.695,579.090,1,1
0,11286,300,91934683863890,91934685891728,91934686098565,2234.675,206.837,1,1
0,11287,300,91934686303822,91934688349051,91934688518267,2214.445,169.216,1,1
0,11288,300,91934688759686,91934690397161,91934690954520,2194.834,557.359,1,1
0,11289,300,91934690808155,91934692868425,91934693059961,2251.806,191.536,1,1
0,11290,300,91934693268358,91934695317338,91934695488833,2220.475,171.495,1,1
0,11291,300,91934695722271,91934697368498,91934697936986,2214.715,568.488,1,1
0,11292,300,91934697780292,91934699820900,91934700013317,2233.025,192.417,1,1
0,11293,300,91934700227735,91934702276484,91934702461690,2233.955,185.206,1,1
0,11294,300,91934702687149,91934704734468,91934704908573,2221.424,174.105,1,1
0,11295,300,91934704734468,91934706783467,91934707329716,2595.248,546.249,1,1
0,11296,300,91934707191140,91934709240430,91934709422557,2231.417,182.127,1,1
0,11297,300,91934709649344,91934711702654,91934711878720,2229.376,176.066,1,1
0,11298,300,91934712106318,91934713746523,91934714291962,2185.644,545.439,1,1
0,11299,300,91934714155987,91934716206967,91934716381912,2225.925,174.945,1,1
0,11300,300,91934716613560,91934718659269,91934718838676,2225.116,179.407,1,1
0,11301,300,91934719071424,91934720709550,91934721278278,2206.854,568.728,1,1
0,11302,300,91934721117523,91934723172653,91934723364720,2247.197,192.067,1,1
0,11303,300,91934723575287,91934725636897,91934725797672,2222.385,160.775,1,1
0,11304,300,91934726056611,91934727693087,91934728262876,2206.265,569.789,1,1
0,11305,300,91934728095310,91934730134649,91934730326466,2231.156,191.817,1,1
0,11306,300,91934730538733,91934732587392,91934732760249,2221.516,172.857,1,1
0,11307,300,91934732997516,91934735057126,91934735233393,2235.877,176.267,1,1
0,11308,300,91934735057126,91934737101895,91934737659055,2601.929,557.160,1,1
0,11309,300,91934737523500,91934739548868,91934739723755,2200.255,174.887,1,1
0,11310,300,91934739961233,91934742014963,91934742204009,2242.776,189.046,1,1
0,11311,300,91934742418136,91934744059832,91934744600820,2182.684,540.988,1,1
0,11312,300,91934744466126,91934746527035,91934746705432,2239.306,178.397,1,1
0,11313,300,91934746959050,91934748972078,91934749152865,2193.815,180.787,1,1
0,11314,300,91934749380212,91934751018848,91934751568816,2188.604,549.968,1,1
0,11315,300,91934751427182,91934753475291,91934753647127,2219.945,171.836,1,1
0,11316,300,91934753885076,91934755948975,91934756121891,2236.815,172.916,1,1
0,11317,300,91934756342648,91934757981574,91934758541123,2198.475,559.549,1,1
0,11318,300,91934758392608,91934760457168,91934760640254,2247.646,183.086,1,1
0,11319,300,91934760850422,91934762905251,91934763079297,2228.875,174.046,1,1
0,11320,300,91934763306104,91934765355535,91934765510689,2204.585,155.154,1,1
0,11321,300,91934765355535,91934767403474,91934767947733,2592.198,544.259,1,1
0,11322,300,91934767812617,91934769860097,91934770053403,2240.786,193.306,1,1
0,11323,300,91934770287102,91934772317020,91934772489897,2202.795,172.877,1,1
0,11324,300,91934772731784,91934774366900,91934774927509,2195.725,560.609,1,1
0,11325,300,91934774776084,91934776825444,91934777027320,2251.236,201.876,1,1
0,11326,300,91934777234477,91934779281176,91934779461713,2227.236,180.537,1,1
0,11327,300,91934779689561,91934781340247,91934781903306,2213.745,563.059,1,1
0,11328,300,91934781753961,91934783786220,91934783977036,2223.075,190.816,1,1
0,11329,300,91934784196863,91934786245213,91934786428099,2231.236,182.886,1,1
0,11330,300,91934786669237,91934788291253,91934788859022,2189.785,567.769,1,1
0,11331,300,91934788702436,91934790751796,91934790933513,2231.077,181.717,1,1
0,11332,300,91934791176880,91934793206569,91934793391885,2215.005,185.316,1,1
0,11333,300,91934793618783,91934795666533,91934795836968,2218.185,170.435,1,1
0,11334,300,91934795666533,91934797713512,91934798291552,2625.019,578.040,1,1
0,11335,300,91934798133887,91934800172085,91934800347932,2214.045,175.847,1,1
0,11336,300,91934800603481,91934802629099,91934802796055,2192.574,166.956,1,1
0,11337,300,91934803042143,91934804683689,91934805234637,2192.494,550.948,1,1
0,11338,300,91934805089162,91934807134372,91934807308597,2219.435,174.225,1,1
0,11339,300,91934807542976,91934809592725,91934809751781,2208.805,159.056,1,1
0,11340,300,91934810000409,91934811640784,91934812202743,2202.334,561.959,1,1
0,11341,300,91934812049299,91934814096748,91934814288665,2239.366,191.917,1,1
0,11342,300,91934814526812,91934816559661,91934816725487,2198.675,165.826,1,1
0,11343,300,91934816976995,91934818602901,91934819180170,2203.175,577.269,1,1
0,11344,300,91934819012755,91934821059674,91934821242461,2229.706,182.787,1,1
0,11345,300,91934821471549,91934823517888,91934823700054,2228.505,182.166,1,1
0,11346,300,91934823926491,91934825975182,91934826140207,2213.716,165.025,1,1
0,11347,300,91934825975182,91934828024701,91934828561209,2586.027,536.508,1,1
0,11348,300,91934828432394,91934830482654,91934830648069,2215.675,165.415,1,1
0,11349,300,91934830890928,91934832945738,91934833115723,2224.795,169.985,1,1
0,11350,300,91934833368432,91934835015178,91934835548866,2180.434,533.688,1,1
0,11351,300,91934835413622,91934837443780,91934837621676,2208.054,177.896,1,1
0,11352,300,91934837862605,91934839900873,91934840081160,2218.555,180.287,1,1
0,11353,300,91934840324818,91934841949823,91934842525143,2200.325,575.320,1,1
0,11354,300,91934842374317,91934844408687,91934844590722,2216.405,182.035,1,1
0,11355,300,91934844840881,91934846865890,91934847046726,2205.845,180.836,1,1
0,11356,300,91934847402158,91934848920079,91934849481369,2079.211,561.290,1,1
0,11357,300,91934849324093,91934851385714,91934851570510,2246.417,184.796,1,1
0,11358,300,91934851779607,91934853832097,91934854016403,2236.796,184.306,1,1
0,11359,300,91934854238330,91934856284970,91934856460295,2221.965,175.325,1,1
0,11360,300,91934856284970,91934858342149,91934858895728,2610.758,553.579,1,1
0,11361,300,91934858755064,91934860791652,91934860966508,2211.444,174.856,1,1
0,11362,300,91934861212817,91934863249906,91934863417062,2204.245,167.156,1,1
0,11363,300,91934863658219,91934865317896,91934865873414,2215.195,555.518,1,1
0,11364,300,91934865729520,91934867776989,91934867954245,2224.725,177.256,1,1
0,11365,300,91934868174173,91934870212772,91934870372707,2198.534,159.935,1,1
0,11366,300,91934870621856,91934872274782,91934872812510,2190.654,537.728,1,1
0,11367,300,91934872671516,91934874718235,91934874888001,2216.485,169.766,1,1
0,11368,300,91934875129929,91934877177988,91934877340084,2210.155,162.096,1,1
0,11369,300,91934877584672,91934879222598,91934879780987,2196.315,558.389,1,1
0,11370,300,91934879633181,91934881682011,91934881853997,2220.816,171.986,1,1
0,11371,300,91934882090535,91934884139765,91934884312491,2221.956,172.726,1,1
0,11372,300,91934884547108,91934886595737,91934886750233,2203.125,154.496,1,1
0,11373,300,91934886595737,91934888643108,91934889198646,2602.909,555.538,1,1
0,11374,300,91934889052831,91934891101131,91934891286507,2233.676,185.376,1,1
0,11375,300,91934891510795,91934893559024,91934893715679,2204.884,156.655,1,1
0,11376,300,91934893970018,91934895608014,91934896172653,2202.635,564.639,1,1
0,11377,300,91934896018147,91934898084178,91934898286765,2268.618,202.587,1,1
0,11378,300,91934898478851,91934900521910,91934900692406,2213.555,170.496,1,1
0,11379,300,91934900932125,91934902570800,91934903152349,2220.224,581.549,1,1
0,11380,300,91934902979454,91934905027383,91934905221930,2242.476,194.547,1,1
0,11381,300,91934905445017,91934907486136,91934907656632,2211.615,170.496,1,1
0,11382,300,91934907903840,91934909536286,91934910121317,2217.477,585.031,1,1
0,11383,300,91934909952771,91934912022711,91934912216007,2263.236,193.296,1,1
0,11384,300,91934912422945,91934914450393,91934914634919,2211.974,184.526,1,1
0,11385,300,91934914862087,91934916908526,91934917083482,2221.395,174.956,1,1
0,11386,300,91934916908526,91934918954766,91934919507874,2599.348,553.108,1,1
0,11387,300,91934919363380,91934921413389,91934921600405,2237.025,187.016,1,1
0,11388,300,91934921845213,91934923869733,91934924057479,2212.266,187.746,1,1
0,11389,300,91934924279276,91934925918262,91934926472400,2193.124,554.138,1,1
0,11390,300,91934926328496,91934928380765,91934928560342,2231.846,179.577,1,1
0,11391,300,91934928805980,91934930834879,91934931015445,2209.465,180.566,1,1
0,11392,300,91934931243762,91934932887329,91934933444217,2200.455,556.888,1,1
0,11393,300,91934933291403,91934935349582,91934935532859,2241.456,183.277,1,1
0,11394,300,91934935750205,91934937795555,91934937966080,2215.875,170.525,1,1
0,11395,300,91934938206039,91934939844575,91934940433194,2227.155,588.619,1,1
0,11396,300,91934940270349,91934942301348,91934942484914,2214.565,183.566,1,1
0,11397,300,91934942727813,91934944760532,91934944933497,2205.684,172.965,1,1
0,11398,300,91934945169745,91934947217414,91934947382560,2212.815,165.146,1,1
0,11399,300,91934947217414,91934949264215,91934949809642,2592.228,545.427,1,1
0,11400,300,91934949673838,91934951723728,91934951898624,2224.786,174.896,1,1
0,11401,300,91934952134081,91934954197092,91934954364237,2230.156,167.145,1,1
0,11402,300,91934954589635,91934956228851,91934956781949,2192.314,553.098,1,1
0,11403,300,91934956638994,91934958685453,91934958864690,2225.696,179.237,1,1
0,11404,300,91934959115578,91934961152158,91934961333324,2217.746,181.166,1,1
0,11405,300,91934961554011,91934963192817,91934963750095,2196.084,557.278,1,1
0,11406,300,91934963600261,91934965656160,91934965826166,2225.905,170.006,1,1
0,11407,300,91934966059694,91934968106863,91934968275589,2215.895,168.726,1,1
0,11408,300,91934968517728,91934970153913,91934970712412,2194.684,558.499,1,1
0,11409,300,91934970564677,91934972611046,91934972782922,2218.245,171.876,1,1
0,11410,300,91934973037911,91934975083230,91934975267666,2229.755,184.436,1,1
0,11411,300,91934975481184,91934977527383,91934977682118,2200.934,154.735,1,1
0,11412,300,91934977527383,91934979585273,91934980124741,2597.358,539.468,1,1
0,11413,300,91934979984196,91934982034206,91934982210482,2226.286,176.276,1,1
0,11414,300,91934982442219,91934984500219,91934984657135,2214.916,156.916,1,1
0,11415,300,91934984902733,91934986538829,91934987104198,2201.465,565.369,1,1
0,11416,300,91934986957863,91934988997042,91934989198129,2240.266,201.087,1,1
0,11417,300,91934989405586,91934991454186,91934991625942,2220.356,171.756,1,1
0,11418,300,91934991865829,91934993506565,91934994078135,2212.306,571.570,1,1
0,11419,300,91934993915189,91934995959739,91934996156535,2241.346,196.796,1,1
0,11420,300,91934996380373,91934998420742,91934998601778,2221.405,181.036,1,1
0,11421,300,91934998848407,91935000465871,91935001054161,2205.754,588.290,1,1
0,11422,300,91935000874715,91935002924515,91935003118862,2244.147,194.347,1,1
0,11423,300,91935003333168,91935005379918,91935005552944,2219.776,173.026,1,1
0,11424,300,91935005804252,91935007837511,91935008025908,2221.656,188.397,1,1
0,11425,300,91935007837511,91935009885951,91935010440830,2603.319,554.879,1,1
0,11426,300,91935010296105,91935012343684,91935012527470,2231.365,183.786,1,1
0,11427,300,91935012754588,91935014801958,91935014979144,2224.556,177.186,1,1
0,11428,300,91935015223172,91935016849648,91935017413537,2190.365,563.889,1,1
0,11429,300,91935017260251,91935019307070,91935019496807,2236.556,189.737,1,1
0,11430,300,91935019716505,91935021764604,91935021932960,2216.455,168.356,1,1
0,11431,300,91935022174858,91935023815184,91935024393773,2218.915,578.589,1,1
0,11432,300,91935024242558,91935026287888,91935026468713,2226.155,180.825,1,1
0,11433,300,91935026679431,91935028727620,91935028898416,2218.985,170.796,1,1
0,11434,300,91935029138785,91935030775369,91935031351009,2212.224,575.640,1,1
0,11435,300,91935031188634,91935033248243,91935033443260,2254.626,195.017,1,1
0,11436,300,91935033643637,91935035702677,91935035886723,2243.086,184.046,1,1
0,11437,300,91935036101560,91935038149890,91935038305926,2204.366,156.036,1,1
0,11438,300,91935038149890,91935040195769,91935040741198,2591.308,545.429,1,1
0,11439,300,91935040605103,91935042655583,91935042831108,2226.005,175.525,1,1
0,11440,300,91935043068987,91935045133236,91935045306903,2237.916,173.667,1,1
0,11441,300,91935045523460,91935047184096,91935047720285,2196.825,536.189,1,1
0,11442,300,91935047567949,91935049622819,91935049801255,2233.306,178.436,1,1
0,11443,300,91935050026513,91935052090793,91935052279129,2252.616,188.336,1,1
0,11444,300,91935052485436,91935054125602,91935054691941,2206.505,566.339,1,1
0,11445,300,91935054542026,91935056579576,91935056760151,2218.125,180.575,1,1
0,11446,300,91935056990819,91935059041609,91935059234015,2243.196,192.406,1,1
0,11447,300,91935059449073,91935061110699,91935061662158,2213.085,551.459,1,1
0,11448,300,91935061496062,91935063544842,91935063732298,2236.236,187.456,1,1
0,11449,300,91935063952255,91935065999975,91935066196001,2243.746,196.026,1,1
0,11450,300,91935066431389,91935068458878,91935068634764,2203.375,175.886,1,1
0,11451,300,91935068458878,91935070506507,91935071064867,2605.989,558.360,1,1
0,11452,300,91935070916912,91935072964561,91935073161227,2244.315,196.666,1,1
0,11453,300,91935073374875,91935075421124,91935075588001,2213.126,166.877,1,1
0,11454,300,91935075830538,91935077470794,91935078034423,2203.885,563.629,1,1
0,11455,300,91935077879988,91935079927917,91935080128195,2248.207,200.278,1,1
0,11456,300,91935080338602,91935082384071,91935082553367,2214.765,169.296,1,1
0,11457,300,91935082809076,91935084433590,91935084992589,2183.513,558.999,1,1
0,11458,300,91935084842054,91935086889464,91935087070530,2228.476,181.066,1,1
0,11459,300,91935087319088,91935089352747,91935089514762,2195.674,162.015,1,1
0,11460,300,91935089759970,91935091403877,91935091953596,2193.626,549.719,1,1
0,11461,300,91935091805601,91935093860040,91935094042856,2237.255,182.816,1,1
0,11462,300,91935094262343,91935096312023,91935096476359,2214.016,164.336,1,1
0,11463,300,91935096721367,91935098770277,91935098924582,2203.215,154.305,1,1
0,11464,300,91935098770277,91935100837697,91935101377905,2607.628,540.208,1,1
0,11465,300,91935101247561,91935103273620,91935103451035,2203.474,177.415,1,1
0,11466,300,91935103697524,91935105743013,91935105899688,2202.164,156.675,1,1
0,11467,300,91935106166618,91935107780913,91935108326570,2159.952,545.657,1,1
0,11468,300,91935108190316,91935110236866,91935110406681,2216.365,169.815,1,1
0,11469,300,91935110649789,91935112718880,91935112886656,2236.867,167.776,1,1
0,11470,300,91935113104393,91935114742509,91935115305168,2200.775,562.659,1,1
0,11471,300,91935115153572,91935117202272,91935117373608,2220.036,171.336,1,1
0,11472,300,91935117610536,91935119669306,91935119830051,2219.515,160.745,1,1
0,11473,300,91935120068669,91935121706475,91935122285205,2216.536,578.730,1,1
0,11474,300,91935122116229,91935124181689,91935124360094,2243.865,178.405,1,1
0,11475,300,91935124573782,91935126622831,91935126785788,2212.006,162.957,1,1
0,11476,300,91935127033496,91935129079595,91935129242000,2208.504,162.405,1,1
0,11477,300,91935129079595,91935131127544,91935131667112,2587.517,539.568,1,1
0,11478,300,91935131536819,91935133585158,91935133750834,2214.015,165.676,1,1
0,11479,300,91935133993942,91935136065512,91935136245428,2251.486,179.916,1,1
0,11480,300,91935136451755,91935138091730,91935138642989,2191.234,551.259,1,1
0,11481,300,91935138499785,91935140563074,91935140740461,2240.676,177.387,1,1
0,11482,300,91935140958519,91935143016388,91935143196554,2238.035,180.166,1,1
0,11483,300,91935143415081,91935145067337,91935145622637,2207.556,555.300,1,1
0,11484,300,91935145463001,91935147512500,91935147692337,2229.336,179.837,1,1
0,11485,300,91935147928595,91935149968984,91935150160540,2231.945,191.556,1,1
0,11486,300,91935150392468,91935152017043,91935152586353,2193.885,569.310,1,1
0,11487,300,91935152428528,91935154474547,91935154657233,2228.705,182.686,1,1
0,11488,300,91935154891661,91935156932370,91935157116187,2224.526,183.817,1,1
0,11489,300,91935157342094,91935159390604,91935159556999,2214.905,166.395,1,1
0,11490,300,91935159390604,91935161457573,91935162015473,2624.869,557.900,1,1
0,11491,300,91935161866588,91935163897227,91935164086913,2220.325,189.686,1,1
0,11492,300,91935164319210,91935166359900,91935166528096,2208.886,168.196,1,1
0,11493,300,91935166763524,91935168402229,91935168954698,2191.174,552.469,1,1
0,11494,300,91935168811403,91935170859573,91935171059139,2247.736,199.566,1,1
0,11495,300,91935171268706,91935173316446,91935173496982,2228.276,180.536,1,1
0,11496,300,91935173727160,91935175365836,91935175923274,2196.114,557.438,1,1
0,11497,300,91935175773319,91935177844499,91935178034966,2261.647,190.467,1,1
0,11498,300,91935178242653,91935180278392,91935180462458,2219.805,184.066,1,1
0,11499,300,91935180696486,91935182327962,91935182886190,2189.704,558.228,1,1
0,11500,300,91935182738146,91935184785955,91935184958010,2219.864,172.055,1,1
0,11501,300,91935185193769,91935187242798,91935187407384,2213.615,164.586,1,1
0,11502,300,91935187651572,91935189700892,91935189866537,2214.965,165.645,1,1
0,11503,300,91935189700892,91935191749931,91935192287979,2587.087,538.048,1,1
0,11504,300,91935192157875,91935194207465,91935194374581,2216.706,167.116,1,1
0,11505,300,91935194624359,91935196683148,91935196851074,2226.715,167.926,1,1
0,11506,300,91935197095713,91935198727338,91935199285947,2190.234,558.609,1,1
0,11507,300,91935199131891,91935201185701,91935201354767,2222.876,169.066,1,1
0,11508,300,91935201595796,91935203632254,91935203799780,2203.984,167.526,1,1
0,11509,300,91935204035798,91935205688044,91935206254353,2218.555,566.309,1,1
0,11510,300,91935206085918,91935208138467,91935208334924,2249.006,196.457,1,1
0,11511,300,91935208543581,91935210591601,91935210762167,2218.586,170.566,1,1
0,11512,300,91935211016796,91935212642610,91935213241500,2224.704,598.890,1,1
0,11513,300,91935213071004,91935215111014,91935215300551,2229.547,189.537,1,1
0,11514,300,91935215505407,91935217560197,91935217732963,2227.556,172.766,1,1
0,11515,300,91935217964301,91935220018600,91935220205357,2241.056,186.757,1,1
0,11516,300,91935220018600,91935222060470,91935222618628,2600.028,558.158,1,1
0,11517,300,91935222481414,91935224535064,91935224719170,2237.756,184.106,1,1
0,11518,300,91935224925147,91935226986357,91935227174544,2249.397,188.187,1,1
0,11519,300,91935227382461,91935229021796,91935229580605,2198.144,558.809,1,1
0,11520,300,91935229432200,91935231492469,91935231683666,2251.466,191.197,1,1
0,11521,300,91935231890433,91935233937503,91935234127169,2236.736,189.666,1,1
0,11522,300,91935234358767,91935236020783,91935236546981,2188.214,526.198,1,1
0,11523,300,91935236396506,91935238443625,91935238629732,2233.226,186.107,1,1
0,11524,300,91935238854220,91935240922450,91935241115897,2261.677,193.447,1,1
0,11525,300,91935241309222,91935242949849,91935243510227,2201.005,560.378,1,1
0,11526,300,91935243360782,91935245412222,91935245584628,2223.846,172.406,1,1
0,11527,300,91935245833966,91935247864825,91935248048021,2214.055,183.196,1,1
0,11528,300,91935248274070,91935250326739,91935250482954,2208.884,156.215,1,1
0,11529,300,91935250326739,91935252379728,91935252906696,2579.957,526.968,1,1
0,11530,300,91935252777601,91935254847653,91935255023238,2245.637,175.585,1,1
0,11531,300,91935255236855,91935257285905,91935257453521,2216.666,167.616,1,1
0,11532,300,91935257718139,91935259354265,91935259896523,2178.384,542.258,1,1
0,11533,300,91935259752658,91935261789998,91935261957854,2205.196,167.856,1,1
0,11534,300,91935262200511,91935264258412,91935264428417,2227.906,170.005,1,1
0,11535,300,91935264656455,91935266302491,91935266848029,2191.574,545.538,1,1
0,11536,300,91935266705974,91935268753114,91935268933550,2227.576,180.436,1,1
0,11537,300,91935269163058,91935271217118,91935271389623,2226.565,172.505,1,1
0,11538,300,91935271630742,91935273261737,91935273826886,2196.144,565.149,1,1
0,11539,300,91935273669370,91935275721500,91935275903347,2233.977,181.847,1,1
0,11540,300,91935276127864,91935278174904,91935278352150,2224.286,177.246,1,1
0,11541,300,91935278583628,91935280630977,91935280794633,2211.005,163.656,1,1
0,11542,300,91935280630977,91935282699857,91935283247616,2616.639,547.759,1,1
0,11543,300,91935283088050,91935285153171,91935285341377,2253.327,188.206,1,1
0,11544,300,91935285546214,91935287617274,91935287783360,2237.146,166.086,1,1
0,11545,300,91935288013787,91935289643463,91935290220443,2206.656,576.980,1,1
0,11546,300,91935290066347,91935292115196,91935292300973,2234.626,185.777,1,1
0,11547,300,91935292510760,91935294558879,91935294727285,2216.525,168.406,1,1
0,11548,300,91935294982914,91935296606609,91935297178018,2195.104,571.409,1,1
0,11549,300,91935297020633,91935299063122,91935299250128,2229.495,187.006,1,1
0,11550,300,91935299473247,91935301522826,91935301694321,2221.074,171.495,1,1
0,11551,300,91935301932560,91935303570065,91935304165035,2232.475,594.970,1,1
0,11552,300,91935303978149,91935306031899,91935306218985,2240.836,187.086,1,1
0,11553,300,91935306437953,91935308484902,91935308648897,2210.944,163.995,1,1
0,11554,300,91935308898876,91935310954116,91935311120511,2221.635,166.395,1,1
0,11555,300,91935310954116,91935312991005,91935313530993,2576.877,539.988,1,1
0,11556,300,91935313398608,91935315446848,91935315621834,2223.226,174.986,1,1
0,11557,300,91935315857922,91935317905032,91935318073457,2215.535,168.425,1,1
0,11558,300,91935318315325,91935319954491,91935320499650,2184.325,545.159,1,1
0,11559,300,91935320362625,91935322410815,91935322594371,2231.746,183.556,1,1
0,11560,300,91935322819418,91935324889198,91935325069265,2249.847,180.067,1,1
0,11561,300,91935325279272,91935326917317,91935327490157,2210.885,572.840,1,1
0,11562,300,91935327338361,91935329373241,91935329566697,2228.336,193.456,1,1
0,11563,300,91935329782395,91935331833245,91935332015830,2233.435,182.585,1,1
0,11564,300,91935332265129,91935333880134,91935334451273,2186.144,571.139,1,1
0,11565,300,91935334288767,91935336337427,91935336520434,2231.667,183.007,1,1
0,11566,300,91935336780252,91935338798001,91935338982447,2202.195,184.446,1,1
0,11567,300,91935339205004,91935341253204,91935341417940,2212.936,164.736,1,1
0,11568,300,91935341253204,91935343301574,91935343848472,2595.268,546.898,1,1
0,11569,300,91935343711707,91935345758916,91935345934463,2222.756,175.547,1,1
0,11570,300,91935346167431,91935348222881,91935348390776,2223.345,167.895,1,1
0,11571,300,91935348640315,91935350264219,91935350816769,2176.454,552.550,1,1
0,11572,300,91935350673054,91935352722163,91935352899819,2226.765,177.656,1,1
0,11573,300,91935353163078,91935355182156,91935355351972,2188.894,169.816,1,1
0,11574,300,91935355610611,91935357226875,91935357786505,2175.894,559.630,1,1
0,11575,300,91935357636380,91935359683559,91935359862966,2226.586,179.407,1,1
0,11576,300,91935360093083,91935362170543,91935362342279,2249.196,171.736,1,1
0,11577,300,91935362550316,91935364188832,91935364766811,2216.495,577.979,1,1
0,11578,300,91935364598496,91935366666717,91935366850373,2251.877,183.656,1,1
0,11579,300,91935367057509,91935369106839,91935369290395,2232.886,183.556,1,1
0,11580,300,91935369519713,91935371562333,91935371734148,2214.435,171.815,1,1
0,11581,300,91935371562333,91935373610732,91935374176751,2614.418,566.019,1,1
0,11582,300,91935374020095,91935376068835,91935376260191,2240.096,191.356,1,1
0,11583,300,91935376479209,91935378533219,91935378705114,2225.905,171.895,1,1
0,11584,300,91935378937382,91935380572738,91935381140707,2203.325,567.969,1,1
0,11585,300,91935380984361,91935383031072,91935383226478,2242.117,195.406,1,1
0,11586,300,91935383440955,91935385490475,91935385669511,2228.556,179.036,1,1
0,11587,300,91935385898099,91935387551415,91935388128464,2230.365,577.049,1,1
0,11588,300,91935387965559,91935389996558,91935390214475,2248.916,217.917,1,1
0,11589,300,91935390405821,91935392451151,91935392621857,2216.036,170.706,1,1
0,11590,300,91935392880495,91935394517871,91935395106391,2225.896,588.520,1,1
0,11591,300,91935394931245,91935396960504,91935397159771,2228.526,199.267,1,1
0,11592,300,91935397366578,91935399417077,91935399592803,2226.225,175.726,1,1
0,11593,300,91935399838712,91935401890811,91935402079778,2241.066,188.967,1,1
0,11594,300,91935401890811,91935403922510,91935404468649,2577.838,546.139,1,1
0,11595,300,91935404330694,91935406378723,91935406554640,2223.946,175.917,1,1
0,11596,300,91935406792408,91935408837927,91935409015303,2222.895,177.376,1,1
0,11597,300,91935409255241,91935410907807,91935411437305,2182.064,529.498,1,1
0,11598,300,91935411292971,91935413343720,91935413521936,2228.965,178.216,1,1
0,11599,300,91935413772344,91935415822964,91935415999670,2227.326,176.706,1,1
0,11600,300,91935416211067,91935417848212,91935418424302,2213.235,576.090,1,1
0,11601,300,91935418271837,91935420305576,91935420487092,2215.255,181.516,1,1
0,11602,300,91935420715459,91935422762420,91935422933105,2217.646,170.685,1,1
0,11603,300,91935423186053,91935424810619,91935425395329,2209.276,584.710,1,1
0,11604,300,91935425229773,91935427268662,91935427453288,2223.515,184.626,1,1
0,11605,300,91935427691676,91935429725856,91935429891381,2199.705,165.525,1,1
0,11606,300,91935430135459,91935432184099,91935432340034,2204.575,155.935,1,1
0,11607,300,91935432184099,91935434248709,91935434771037,2586.938,522.328,1,1
0,11608,300,91935434641372,91935436689142,91935436865558,2224.186,176.416,1,1
0,11609,300,91935437106616,91935439153166,91935439321841,2215.225,168.675,1,1
0,11610,300,91935439566220,91935441194255,91935441748034,2181.814,553.779,1,1
0,11611,300,91935441604118,91935443657118,91935443834864,2230.746,177.746,1,1
0,11612,300,91935444061132,91935446110501,91935446300108,2238.976,189.607,1,1
0,11613,300,91935446520156,91935448159141,91935448718180,2198.024,559.039,1,1
0,11614,300,91935448567455,91935450614384,91935450794640,2227.185,180.256,1,1
0,11615,300,91935451024408,91935453073278,91935453245193,2220.785,171.915,1,1
0,11616,300,91935453483142,91935455136838,91935455698697,2215.555,561.859,1,1
0,11617,300,91935455530701,91935457579360,91935457756457,2225.756,177.097,1,1
0,11618,300,91935457987195,91935460058065,91935460255301,2268.106,197.236,1,1
0,11619,300,91935460447738,91935462493417,91935462667293,2219.555,173.876,1,1
0,11620,300,91935462493417,91935464540817,91935465111746,2618.329,570.929,1,1
0,11621,300,91935464951701,91935467032872,91935467220118,2268.417,187.246,1,1
0,11622,300,91935467426205,91935469456534,91935469622819,2196.614,166.285,1,1
0,11623,300,91935469867237,91935471505443,91935472094823,2227.586,589.380,1,1
0,11624,300,91935471914947,91935473962487,91935474162363,2247.416,199.876,1,1
0,11625,300,91935474371890,91935476422180,91935476591466,2219.576,169.286,1,1
0,11626,300,91935476829444,91935478469739,91935479045789,2216.345,576.050,1,1
0,11627,300,91935478878384,91935480927643,91935481119500,2241.116,191.857,1,1
0,11628,300,91935481336226,91935483383196,91935483556922,2220.696,173.726,1,1
0,11629,300,91935483792790,91935485432666,91935485988774,2195.984,556.108,1,1
0,11630,300,91935485839919,91935487890549,91935488083026,2243.107,192.477,1,1
0,11631,300,91935488298003,91935490350093,91935490516328,2218.325,166.235,1,1
0,11632,300,91935490764427,91935492821197,91935492975691,2211.264,154.494,1,1
0,11633,300,91935492821197,91935494853436,91935495393654,2572.457,540.218,1,1
0,11634,300,91935495263429,91935497308808,91935497488035,2224.606,179.227,1,1
0,11635,300,91935497719593,91935499768452,91935499925687,2206.094,157.235,1,1
0,11636,300,91935500177476,91935501829282,91935502371100,2193.624,541.818,1,1
0,11637,300,91935502225905,91935504276525,91935504445251,2219.346,168.726,1,1
0,11638,300,91935504688619,91935506731468,91935506890173,2201.554,158.705,1,1
0,11639,300,91935507158923,91935508793539,91935509347227,2188.304,553.688,1,1
0,11640,300,91935509203802,91935511239032,91935511447299,2243.497,208.267,1,1
0,11641,300,91935511675926,91935513694164,91935513855890,2179.964,161.726,1,1
0,11642,300,91935514122519,91935515742795,91935516303763,2181.244,560.968,1,1
0,11643,300,91935516153608,91935518229609,91935518431425,2277.817,201.816,1,1
0,11644,300,91935518609062,91935520658801,91935520834196,2225.134,175.395,1,1
0,11645,300,91935521066724,91935523114244,91935523290190,2223.466,175.946,1,1
0,11646,300,91935523114244,91935525164313,91935525719123,2604.879,554.810,1,1
0,11647,300,91935525574058,91935527627197,91935527813994,2239.936,186.797,1,1
0,11648,300,91935528030381,91935530076901,91935530266487,2236.106,189.586,1,1
0,11649,300,91935530487124,91935532125530,91935532675399,2188.275,549.869,1,1
0,11650,300,91935532536494,91935534584503,91935534752739,2216.245,168.236,1,1
0,11651,300,91935534994047,91935537054307,91935537224493,2230.446,170.186,1,1
0,11652,300,91935537450980,91935539089006,91935539649715,2198.735,560.709,1,1
0,11653,300,91935539498740,91935541546080,91935541716006,2217.266,169.926,1,1
0,11654,300,91935541957943,91935544015303,91935544197839,2239.896,182.536,1,1
0,11655,300,91935544422507,91935546051213,91935546621301,2198.794,570.088,1,1
0,11656,300,91935546461846,91935548509736,91935548692852,2231.006,183.116,1,1
0,11657,300,91935548931300,91935550966839,91935551163455,2232.155,196.616,1,1
0,11658,300,91935551378783,91935553426162,91935553598388,2219.605,172.226,1,1
0,11659,300,91935553426162,91935555472362,91935556032791,2606.629,560.429,1,1
0,11660,300,91935555883546,91935557930665,91935558119442,2235.896,188.777,1,1
0,11661,300,91935558344609,91935560388829,91935560555605,2210.996,166.776,1,1
0,11662,300,91935560798033,91935562436529,91935562998217,2200.184,561.688,1,1
0,11663,300,91935562845842,91935564895231,91935565091738,2245.896,196.507,1,1
0,11664,300,91935565302946,91935567365445,91935567535401,2232.455,169.956,1,1
0,11665,300,91935567762099,91935569407105,91935569969854,2207.755,562.749,1,1
0,11666,300,91935569819059,91935571866838,91935572059315,2240.256,192.477,1,1
0,11667,300,91935572265782,91935574316611,91935574500647,2234.865,184.036,1,1
0,11668,300,91935574724886,91935576362151,91935576939681,2214.795,577.530,1,1
0,11669,300,91935576771445,91935578821584,91935579026001,2254.556,204.417,1,1
0,11670,300,91935579231028,91935581277738,91935581456614,2225.586,178.876,1,1
0,11671,300,91935581703622,91935583735331,91935583898636,2195.014,163.305,1,1
0,11672,300,91935583735331,91935585795351,91935586339339,2604.008,543.988,1,1
0,11673,300,91935586208775,91935588242694,91935588419869,2211.094,177.175,1,1
0,11674,300,91935588667729,91935590716388,91935590873033,2205.304,156.645,1,1
0,11675,300,91935591129572,91935592745717,91935593314076,2184.504,568.359,1,1
0,11676,300,91935593168881,91935595205230,91935595374076,2205.195,168.846,1,1
0,11677,300,91935595614274,91935597668624,91935597838519,2224.245,169.895,1,1
0,11678,300,91935598107639,91935599710083,91935600285813,2178.174,575.730,1,1
0,11679,300,91935600118457,91935602168517,91935602350373,2231.916,181.856,1,1
0,11680,300,91935602578290,91935604625370,91935604798406,2220.116,173.036,1,1
0,11681,300,91935605049694,91935606674569,91935607262649,2212.955,588.080,1,1
0,11682,300,91935607087214,91935609134293,91935609328050,2240.836,193.757,1,1
0,11683,300,91935609542136,91935611589126,91935611775653,2233.517,186.527,1,1
0,11684,300,91935612019271,91935614044849,91935614219365,2200.094,174.516,1,1
0,11685,300,91935614044849,91935616098599,91935616641367,2596.518,542.768,1,1
0,11686,300,91935616503773,91935618550512,91935618725439,2221.666,174.927,1,1
0,11687,300,91935618960586,91935621029977,91935621198252,2237.666,168.275,1,1
0,11688,300,91935621433740,91935623056795,91935623614474,2180.734,557.679,1,1
0,11689,300,91935623465919,91935625516128,91935625693665,2227.746,177.537,1,1
0,11690,300,91935625931272,91935627983392,91935628162729,2231.457,179.337,1,1
0,11691,300,91935628382075,91935630020001,91935630573331,2191.256,553.330,1,1
0,11692,300,91935630430735,91935632494916,91935632675951,2245.216,181.035,1,1
0,11693,300,91935632886459,91935634935718,91935635107674,2221.215,171.956,1,1
0,11694,300,91935635346032,91935636983417,91935637543387,2197.355,559.970,1,1
0,11695,300,91935637393442,91935639440611,91935639613267,2219.825,172.656,1,1
0,11696,300,91935639852095,91935641904774,91935642080941,2228.846,176.167,1,1
0,11697,300,91935642309468,91935644357078,91935644511933,2202.465,154.855,1,1
0,11698,300,91935644357078,91935646408147,91935646953576,2596.498,545.429,1,1
0,11699,300,91935646813981,91935648861791,91935649048457,2234.476,186.666,1,1
0,11700,300,91935649270954,91935651341914,91935651508570,2237.616,166.656,1,1
0,11701,300,91935651730328,91935653374273,91935653928193,2197.865,553.920,1,1
0,11702,300,91935653784458,91935655844417,91935656033794,2249.336,189.377,1,1
0,11703,300,91935656251501,91935658282380,91935658442065,2190.564,159.685,1,1
0,11704,300,91935658692204,91935660330800,91935660910199,2217.995,579.399,1,1
0,11705,300,91935660758495,91935662788194,91935662958008,2199.513,169.814,1,1
0,11706,300,91935663197907,91935665250007,91935665421703,2223.796,171.696,1,1
0,11707,300,91935665654761,91935667294716,91935667861715,2206.954,566.999,1,1
0,11708,300,91935667702430,91935669751529,91935669924226,2221.796,172.697,1,1
0,11709,300,91935670161473,91935672208723,91935672375559,2214.086,166.836,1,1
0,11710,300,91935672620857,91935674667246,91935674822082,2201.225,154.836,1,1
0,11711,300,91935674667246,91935676729687,91935677285165,2617.919,555.478,1,1
0,11712,300,91935677137260,91935679189440,91935679367276,2230.016,177.836,1,1
0,11713,300,91935679581253,91935681630042,91935681786588,2205.335,156.546,1,1
0,11714,300,91935682039497,91935683679783,91935684261212,2221.715,581.429,1,1
0,11715,300,91935684105186,91935686135255,91935686328812,2223.626,193.557,1,1
0,11716,300,91935686544169,91935688594769,91935688774535,2230.366,179.766,1,1
0,11717,300,91935689016764,91935690642978,91935691216337,2199.573,573.359,1,1
0,11718,300,91935691053172,91935693112562,91935693304499,2251.327,191.937,1,1
0,11719,300,91935693508325,91935695577266,91935695747781,2239.456,170.515,1,1
0,11720,300,91935695966818,91935697603914,91935698189094,2222.276,585.180,1,1
0,11721,300,91935698014739,91935700086259,91935700607397,2592.658,521.138,1,1
0,11722,300,91935700470471,91935702520851,91935702695837,2225.366,174.986,1,1
0,11723,300,91935702930255,91935704998835,91935705185422,2255.167,186.587,1,1
0,11724,300,91935704998835,91935707025664,91935707580283,2581.448,554.619,1,1
0,11725,300,91935707434728,91935709484118,91935709659353,2224.625,175.235,1,1
0,11726,300,91935709891601,91935711941561,91935712119087,2227.486,177.526,1,1
0,11727,300,91935712353085,91935714018401,91935714542379,2189.294,523.978,1,1
0,11728,300,91935714397974,91935716445464,91935716612909,2214.935,167.445,1,1
0,11729,300,91935716856418,91935718922218,91935719103554,2247.136,181.336,1,1
0,11730,300,91935719314471,91935720950637,91935721537957,2223.486,587.320,1,1
0,11731,300,91935721383661,91935723410260,91935723580405,2196.744,170.145,1,1
0,11732,300,91935723817674,91935725866803,91935726037939,2220.265,171.136,1,1
0,11733,300,91935726277397,91935727914002,91935728522343,2244.946,608.341,1,1
0,11734,300,91935728353517,91935730372066,91935730916165,2562.648,544.099,1,1
0,11735,300,91935730783290,91935732848760,91935733046107,2262.817,197.347,1,1
0,11736,300,91935733241984,91935735287353,91935735443069,2201.085,155.716,1,1
0,11737,300,91935735287353,91935737335982,91935737889692,2602.339,553.710,1,1
0,11738,300,91935737745197,91935739793796,91935739973572,2228.375,179.776,1,1
0,11739,300,91935740203830,91935742250909,91935742418685,2214.855,167.776,1,1
0,11740,300,91935742668243,91935744299638,91935744861928,2193.685,562.290,1,1
0,11741,300,91935744709123,91935746760722,91935746938018,2228.895,177.296,1,1
0,11742,300,91935747167216,91935749215616,91935749392971,2225.755,177.355,1,1
0,11743,300,91935749623999,91935751262505,91935751822394,2198.395,559.889,1,1
0,11744,300,91935751671499,91935753720168,91935753899575,2228.076,179.407,1,1
0,11745,300,91935754159313,91935756180442,91935756363748,2204.435,183.306,1,1
0,11746,300,91935756588685,91935758226501,91935758791530,2202.845,565.029,1,1
0,11747,300,91935758633575,91935760683085,91935761244484,2610.909,561.399,1,1
0,11748,300,91935761091368,91935763175179,91935763351295,2259.927,176.116,1,1
0,11749,300,91935763549562,91935765604252,91935765758537,2208.975,154.285,1,1
0,11750,300,91935765604252,91935767644951,91935768197510,2593.258,552.559,1,1
0,11751,300,91935768054395,91935770112924,91935770290301,2235.906,177.377,1,1
0,11752,300,91935770513208,91935772561307,91935772727473,2214.265,166.166,1,1
0,11753,300,91935772971002,91935774608887,91935775192977,2221.975,584.090,1,1
0,11754,300,91935775020651,91935777085691,91935777277128,2256.477,191.437,1,1
0,11755,300,91935777476164,91935779524254,91935779703670,2227.506,179.416,1,1
0,11756,300,91935779933558,91935781574074,91935782154743,2221.185,580.669,1,1
0,11757,300,91935781980857,91935784029126,91935784232404,2251.547,203.278,1,1
0,11758,300,91935784439891,91935786504321,91935786686316,2246.425,181.995,1,1
0,11759,300,91935786898754,91935788536690,91935789113130,2214.376,576.440,1,1
0,11760,300,91935788943914,91935791023654,91935791536732,2592.818,513.078,1,1
0,11761,300,91935791403517,91935793456397,91935793643003,2239.486,186.606,1,1
0,11762,300,91935793861631,91935795910170,91935796097406,2235.775,187.236,1,1
0,11763,300,91935795910170,91935797955839,91935798498058,2587.888,542.219,1,1
0,11764,300,91935798365004,91935800414663,91935800585628,2220.624,170.965,1,1
0,11765,300,91935800823676,91935802870746,91935803037671,2213.995,166.925,1,1
0,11766,300,91935803282710,91935804918435,91935805469944,2187.234,551.509,1,1
0,11767,300,91935805330620,91935807407050,91935807588476,2257.856,181.426,1,1
0,11768,300,91935807787582,91935809835913,91935809994648,2207.066,158.735,1,1
0,11769,300,91935810245926,91935811900783,91935812447951,2202.025,547.168,1,1
0,11770,300,91935812293346,91935814339275,91935814512021,2218.675,172.746,1,1
0,11771,300,91935814749049,91935816816369,91935816986875,2237.826,170.506,1,1
0,11772,300,91935817209102,91935818844758,91935819414857,2205.755,570.099,1,1
0,11773,300,91935819257022,91935821303152,91935821860860,2603.838,557.708,1,1
0,11774,300,91935821728305,91935823766695,91935823941831,2213.526,175.136,1,1
0,11775,300,91935824171689,91935826219178,91935826383274,2211.585,164.096,1,1
0,11776,300,91935826219178,91935828266248,91935828807986,2588.808,541.738,1,1
0,11777,300,91935828676231,91935830723421,91935830901297,2225.066,177.876,1,1
0,11778,300,91935831135155,91935833181184,91935833339010,2203.855,157.826,1,1
0,11779,300,91935833590639,91935835230804,91935835777512,2186.873,546.708,1,1
0,11780,300,91935835638768,91935837686947,91935837861364,2222.596,174.417,1,1
0,11781,300,91935838108602,91935840157111,91935840326417,2217.815,169.306,1,1
0,11782,300,91935840577766,91935842194201,91935842763909,2186.143,569.708,1,1
0,11783,300,91935842602684,91935844652293,91935844832470,2229.786,180.177,1,1
0,11784,300,91935845062018,91935847109947,91935847301994,2239.976,192.047,1,1
0,11785,300,91935847530712,91935849160897,91935849732875,2202.163,571.978,1,1
0,11786,300,91935849572340,91935851613570,91935852160289,2587.949,546.719,1,1
0,11787,300,91935852023924,91935854088863,91935854265750,2241.826,176.887,1,1
0,11788,300,91935854481157,91935856538126,91935856692322,2211.165,154.196,1,1
0,11789,300,91935856538126,91935858576746,91935859139415,2601.289,562.669,1,1
0,11790,300,91935858987380,91935861035320,91935861231796,2244.416,196.476,1,1
0,11791,300,91935861461294,91935863491733,91935863657618,2196.324,165.885,1,1
0,11792,300,91935863904256,91935865540272,91935866109742,2205.486,569.470,1,1
0,11793,300,91935865951167,91935868017126,91935868208993,2257.826,191.867,1,1
0,11794,300,91935868406569,91935870456619,91935870636055,2229.486,179.436,1,1
0,11795,300,91935870865603,91935872504049,91935873098359,2232.756,594.310,1,1
0,11796,300,91935872933453,91935874959902,91935875163219,2229.766,203.317,1,1
0,11797,300,91935875370166,91935877419976,91935877600441,2230.275,180.465,1,1
0,11798,300,91935877828749,91935879467905,91935880063275,2234.526,595.370,1,1
0,11799,300,91935879880729,91935881923549,91935882479437,2598.708,555.888,1,1
0,11800,300,91935882344972,91935884396842,91935884584258,2239.286,187.416,1,1
0,11801,300,91935884790446,91935886839735,91935887018841,2228.395,179.106,1,1
0,11802,300,91935886839735,91935888886545,91935889436993,2597.258,550.448,1,1
0,11803,300,91935889296008,91935891346127,91935891521884,2225.876,175.757,1,1
0,11804,300,91935891772112,91935893803211,91935893972727,2200.615,169.516,1,1
0,11805,300,91935894222355,91935895852001,91935896427161,2204.806,575.160,1,1
0,11806,300,91935896274905,91935898309664,91935898478250,2203.345,168.586,1,1
0,11807,300,91935898716758,91935900767377,91935900942544,2225.786,175.167,1,1
0,11808,300,91935901176442,91935902815298,91935903378157,2201.715,562.859,1,1
0,11809,300,91935903223021,91935905273510,91935905454826,2231.805,181.316,1,1
0,11810,300,91935905681845,91935907729794,91935907899530,2217.685,169.736,1,1
0,11811,300,91935908138717,91935909777693,91935910350133,2211.416,572.440,1,1
0,11812,300,91935910187967,91935912235416,91935912785045,2597.078,549.629,1,1
0,11813,300,91935912645271,91935914693870,91935914880046,2234.775,186.176,1,1
0,11814,300,91935915101124,91935917156103,91935917323349,2222.225,167.246,1,1
0,11815,300,91935917156103,91935919198093,91935919748712,2592.609,550.619,1,1
0,11816,300,91935919609017,91935921666707,91935921853253,2244.236,186.546,1,1
0,11817,300,91935922064520,91935924112530,91935924295195,2230.675,182.665,1,1
0,11818,300,91935924523203,91935926160229,91935926719409,2196.206,559.180,1,1
0,11819,300,91935926572554,91935928620293,91935928808669,2236.115,188.376,1,1
0,11820,300,91935929028266,91935931075936,91935931251322,2223.056,175.386,1,1
0,11821,300,91935931485430,91935933124975,91935933690914,2205.484,565.939,1,1
0,11822,300,91935933535989,91935935585049,91935935766525,2230.536,181.476,1,1
0,11823,300,91935935991943,91935938052563,91935938240739,2248.796,188.176,1,1
0,11824,300,91935938449576,91935940087262,91935940658191,2208.615,570.929,1,1
0,11825,300,91935940497205,91935942554955,91935943092203,2594.998,537.248,1,1
0,11826,300,91935942955569,91935945031050,91935945216186,2260.617,185.136,1,1
0,11827,300,91935945411563,91935947461432,91935947629038,2217.475,167.606,1,1
0,11828,300,91935947461432,91935949511082,91935950070890,2609.458,559.808,1,1
0,11829,300,91935949919095,91935951967764,91935952164501,2245.406,196.737,1,1
0,11830,300,91935952377299,91935954435678,91935954594594,2217.295,158.916,1,1
0,11831,300,91935954843252,91935956471327,91935957038797,2195.545,567.470,1,1
0,11832,300,91935956880862,91935958929211,91935959107257,2226.395,178.046,1,1
0,11833,300,91935959353385,91935961402095,91935961568801,2215.416,166.706,1,1
0,11834,300,91935961810409,91935963434223,91935964019274,2208.865,585.051,1,1
0,11835,300,91935963843428,91935965891137,91935966109965,2266.537,218.828,1,1
0,11836,300,91935966303451,91935968366991,91935968538147,2234.696,171.156,1,1
0,11837,300,91935968759674,91935970397170,91935970971689,2212.015,574.519,1,1
0,11838,300,91935970806854,91935972855503,91935973399871,2593.017,544.368,1,1
0,11839,300,91935973265197,91935975313247,91935975501143,2235.946,187.896,1,1
0,11840,300,91935975721570,91935977776680,91935977942116,2220.546,165.436,1,1
0,11841,300,91935977776680,91935979818540,91935980390269,2613.589,571.729,1,1
0,11842,300,91935980248824,91935982275293,91935982456939,2208.115,181.646,1,1
0,11843,300,91935982686307,91935984734657,91935984902652,2216.345,167.995,1,1
0,11844,300,91935985153961,91935986783136,91935987341825,2187.864,558.689,1,1
0,11845,300,91935987192899,91935989240690,91935989427666,2234.767,186.976,1,1
0,11846,300,91935989650783,91935991711914,91935991872839,2222.056,160.925,1,1
0,11847,300,91935992106107,91935993746652,91935994301551,2195.444,554.899,1,1
0,11848,300,91935994155436,91935996203446,91935996374002,2218.566,170.556,1,1
0,11849,300,91935996611050,91935998661679,91935998833314,2222.264,171.635,1,1
0,11850,300,91935999071323,91936000719349,91936001295939,2224.616,576.590,1,1
0,11851,300,91936001132412,91936003164931,91936003721181,2588.769,556.250,1,1
0,11852,300,91936003595117,91936005622335,91936005788141,2193.024,165.806,1,1
0,11853,300,91936006032269,91936008080439,91936008247615,2215.346,167.176,1,1
0,11854,300,91936008080439,91936010130829,91936010670157,2589.718,539.328,1,1
0,11855,300,91936010537602,91936012588261,91936012764448,2226.846,176.187,1,1
0,11856,300,91936012997676,91936015063996,91936015230781,2233.105,166.785,1,1
0,11857,300,91936015476299,91936017094544,91936017672084,2195.785,577.540,1,1
0,11858,300,91936017515499,91936019549728,91936019740225,2224.726,190.497,1,1
0,11859,300,91936019973272,91936022015802,91936022212178,2238.906,196.376,1,1
0,11860,300,91936022430155,91936024058950,91936024631530,2201.375,572.580,1,1
0,11861,300,91936024477165,91936026514474,91936026693910,2216.745,179.436,1,1
0,11862,300,91936026924078,91936028993118,91936029189985,2265.907,196.867,1,1
0,11863,300,91936029393431,91936031033247,91936031592666,2199.235,559.419,1,1
0,11864,300,91936031429751,91936033477660,91936034032659,2602.908,554.999,1,1
0,11865,300,91936033887214,91936035955484,91936036151810,2264.596,196.326,1,1
0,11866,300,91936036348678,91936038412008,91936038592684,2244.006,180.676,1,1
0,11867,300,91936038412008,91936040441287,91936040990035,2578.027,548.748,1,1
0,11868,300,91936040848770,91936042897650,91936043084106,2235.336,186.456,1,1
0,11869,300,91936043317134,91936045353583,91936045534339,2217.205,180.756,1,1
0,11870,300,91936045775848,91936047415643,91936047976323,2200.475,560.680,1,1
0,11871,300,91936047829288,91936049860977,91936050049763,2220.475,188.786,1,1
0,11872,300,91936050270150,91936052317549,91936052500555,2230.405,183.006,1,1
0,11873,300,91936052729224,91936054369649,91936054958349,2229.125,588.700,1,1
0,11874,300,91936054794314,91936056823192,91936057013749,2219.435,190.557,1,1
0,11875,300,91936057263847,91936059282045,91936059456172,2192.325,174.127,1,1
0,11876,300,91936059692710,91936061329036,91936061898934,2206.224,569.898,1,1
0,11877,300,91936061737869,91936063788348,91936064324427,2586.558,536.079,1,1
0,11878,300,91936064196853,91936066243182,91936066410248,2213.395,167.066,1,1
0,11879,300,91936066652815,91936068702125,91936068859391,2206.576,157.266,1,1
0,11880,300,91936068702125,91936070749055,91936071299723,2597.598,550.668,1,1
0,11881,300,91936071158389,91936073208888,91936073388295,2229.906,179.407,1,1
0,11882,300,91936073617353,91936075665752,91936075824587,2207.234,158.835,1,1
0,11883,300,91936076094446,91936077712611,91936078274980,2180.534,562.369,1,1
0,11884,300,91936078123315,91936080184325,91936080352831,2229.516,168.506,1,1
0,11885,300,91936080582009,91936082632188,91936082814104,2232.095,181.916,1,1
0,11886,300,91936083038352,91936084677797,91936085267817,2229.465,590.020,1,1
0,11887,300,91936085097672,91936087133911,91936087344358,2246.686,210.447,1,1
0,11888,300,91936087545004,91936089612184,91936089784900,2239.896,172.716,1,1
0,11889,300,91936090037559,91936091639394,91936092219943,2182.384,580.549,1,1
0,11890,300,91936092048667,91936094119768,91936094638915,2590.248,519.147,1,1
0,11891,300,91936094505521,91936096556551,91936096734626,2229.105,178.075,1,1
0,11892,300,91936096966354,91936099015354,91936099192200,2225.846,176.846,1,1
0,11893,300,91936099015354,91936101061843,91936101609712,2594.358,547.869,1,1
0,11894,300,91936101469017,91936103518107,91936103691983,2222.966,173.876,1,1
0,11895,300,91936103942321,91936105992901,91936106174437,2232.116,181.536,1,1
0,11896,300,91936106403094,91936108023980,91936108577938,2174.844,553.958,1,1
0,11897,300,91936108433813,91936110479903,91936110649858,2216.045,169.955,1,1
0,11898,300,91936110892357,91936112939756,91936113111392,2219.035,171.636,1,1
0,11899,300,91936113347681,91936115019307,91936115541655,2193.974,522.348,1,1
0,11900,300,91936115395510,91936117443909,91936117613765,2218.255,169.856,1,1
0,11901,300,91936117859923,91936119903082,91936120078769,2218.846,175.687,1,1
0,11902,300,91936120310376,91936121949212,91936122530952,2220.576,581.740,1,1
0,11903,300,91936122367607,91936124418116,91936124942544,2574.937,524.428,1,1
0,11904,300,91936124816210,91936126874369,91936127049545,2233.335,175.176,1,1
0,11905,300,91936127288424,91936129322232,91936129494128,2205.704,171.896,1,1
0,11906,300,91936129322232,91936131371151,91936131911700,2589.468,540.549,1,1
0,11907,300,91936131779366,91936133828625,91936134013421,2234.055,184.796,1,1
0,11908,300,91936134247949,91936136299229,91936136459514,2211.565,160.285,1,1
0,11909,300,91936136696982,91936138344618,91936138882897,2185.915,538.279,1,1
0,11910,300,91936138743642,91936140792411,91936140961807,2218.165,169.396,1,1
0,11911,300,91936141200805,91936143248595,91936143410940,2210.135,162.345,1,1
0,11912,300,91936143679879,91936145298824,91936145867484,2187.605,568.660,1,1
0,11913,300,91936145721989,91936147755658,91936147937284,2215.295,181.626,1,1
0,11914,300,91936148165981,91936150211390,91936150388317,2222.336,176.927,1,1
0,11915,300,91936150623195,91936152259421,91936152832180,2208.985,572.759,1,1
0,11916,300,91936152670764,91936154718964,91936155273203,2602.439,554.239,1,1
0,11917,300,91936155127068,91936157182037,91936157369853,2242.785,187.816,1,1
0,11918,300,91936157607322,91936159633820,91936159800146,2192.824,166.326,1,1
0,11919,300,91936159633820,91936161681030,91936162259610,2625.790,578.580,1,1
0,11920,300,91936162092734,91936164158004,91936164336491,2243.757,178.487,1,1
0,11921,300,91936164547577,91936166597307,91936166766702,2219.125,169.395,1,1
0,11922,300,91936167013471,91936168644157,91936169214056,2200.585,569.899,1,1
0,11923,300,91936169054590,91936171102959,91936171305977,2251.387,203.018,1,1
0,11924,300,91936171525964,91936173560383,91936173730999,2205.035,170.616,1,1
0,11925,300,91936173969637,91936175608443,91936176205523,2235.886,597.080,1,1
0,11926,300,91936176036157,91936178065036,91936178257763,2221.606,192.727,1,1
0,11927,300,91936178496700,91936180521509,91936180694475,2197.775,172.966,1,1
0,11928,300,91936180931653,91936182580889,91936183162529,2230.876,581.640,1,1
0,11929,300,91936182981093,91936185045303,91936185571771,2590.678,526.468,1,1
0,11930,300,91936185437566,91936187487276,91936187674042,2236.476,186.766,1,1
0,11931,300,91936187894389,91936189944589,91936190112154,2217.765,167.565,1,1
0,11932,300,91936190354683,91936191998549,91936192551848,2197.165,553.299,1,1
0,11933,300,91936192402343,91936194449472,91936194637808,2235.465,188.336,1,1
0,11934,300,91936194863056,91936196912575,91936197092632,2229.576,180.057,1,1
0,11935,300,91936197318259,91936198953935,91936199519814,2201.555,565.879,1,1
0,11936,300,91936199371219,91936201413488,91936201605355,2234.136,191.867,1,1
0,11937,300,91936201821372,91936203869732,91936204052937,2231.565,183.205,1,1
0,11938,300,91936204279745,91936205916781,91936206493141,2213.396,576.360,1,1
0,11939,300,91936206327824,91936208375825,91936208563821,2235.997,187.996,1,1
0,11940,300,91936208784298,91936210833087,91936211028164,2243.866,195.077,1,1
0,11941,300,91936211242802,91936212898358,91936213454347,2211.545,555.989,1,1
0,11942,300,91936213292221,91936215339651,91936215891160,2598.939,551.509,1,1
0,11943,300,91936215749944,91936217797134,91936217971790,2221.846,174.656,1,1
0,11944,300,91936218205828,91936220269447,91936220447144,2241.316,177.697,1,1
0,11945,300,91936220683622,91936222302757,91936222858326,2174.704,555.569,1,1
0,11946,300,91936222717950,91936224767101,91936224944596,2226.646,177.495,1,1
0,11947,300,91936225170584,91936227241524,91936227411830,2241.246,170.306,1,1
0,11948,300,91936227625997,91936229284714,91936229821462,2195.465,536.748,1,1
0,11949,300,91936229674347,91936231748637,91936231927983,2253.636,179.346,1,1
0,11950,300,91936232134461,91936234179920,91936234351656,2217.195,171.736,1,1
0,11951,300,91936234591314,91936236230329,91936236802669,2211.355,572.340,1,1
0,11952,300,91936236638763,91936238686183,91936238867929,2229.166,181.746,1,1
0,11953,300,91936239097117,91936241153817,91936241331252,2234.135,177.435,1,1
0,11954,300,91936241558290,91936243191035,91936243763155,2204.865,572.120,1,1
0,11955,300,91936243602000,91936245658399,91936246204057,2602.057,545.658,1,1
0,11956,300,91936246058842,91936248129343,91936248310999,2252.157,181.656,1,1
0,11957,300,91936248537877,91936250563476,91936250730781,2192.904,167.305,1,1
0,11958,300,91936250985620,91936252613385,91936253174644,2189.024,561.259,1,1
0,11959,300,91936253022969,91936255070009,91936255259745,2236.776,189.736,1,1
0,11960,300,91936255478502,91936257528812,91936257687618,2209.116,158.806,1,1
0,11961,300,91936257951126,91936259576562,91936260162522,2211.396,585.960,1,1
0,11962,300,91936260012647,91936262034045,91936262213881,2201.234,179.836,1,1
0,11963,300,91936262442299,91936264503588,91936264664505,2222.206,160.917,1,1
0,11964,300,91936264901672,91936266539918,91936267104687,2203.015,564.769,1,1
0,11965,300,91936266947951,91936268997661,91936269196918,2248.967,199.257,1,1
0,11966,300,91936269405075,91936271454574,91936271617690,2212.615,163.116,1,1
0,11967,300,91936271864449,91936273500784,91936274088574,2224.125,587.790,1,1
0,11968,300,91936273911138,91936275959827,91936276510286,2599.148,550.459,1,1
0,11969,300,91936276370011,91936278417130,91936278595427,2225.416,178.297,1,1
0,11970,300,91936278827175,91936280876604,91936281064951,2237.776,188.347,1,1
0,11971,300,91936281288338,91936282921813,91936283495503,2207.165,573.690,1,1
0,11972,300,91936283339727,91936285401678,91936285579923,2240.196,178.245,1,1
0,11973,300,91936285789861,91936287838660,91936288024047,2234.186,185.387,1,1
0,11974,300,91936288248485,91936289887050,91936290464470,2215.985,577.420,1,1
0,11975,300,91936290306304,91936292360984,91936292553330,2247.026,192.346,1,1
0,11976,300,91936292754548,91936294810807,91936294989303,2234.755,178.496,1,1
0,11977,300,91936295214551,91936296849136,91936297418726,2204.175,569.590,1,1
0,11978,300,91936297260700,91936299309379,91936299506046,2245.346,196.667,1,1
0,11979,300,91936299718424,91936301787854,91936301961970,2243.546,174.116,1,1
0,11980,300,91936302174496,91936304244327,91936304407773,2233.277,163.446,1,1
0,11981,300,91936304244327,91936306271156,91936306815494,2571.167,544.338,1,1
0,11982,300,91936306680979,91936308727739,91936308903755,2222.776,176.016,1,1
0,11983,300,91936309136783,91936311186853,91936311354598,2217.815,167.745,1,1
0,11984,300,91936311596756,91936313232452,91936313792460,2195.704,560.008,1,1
0,11985,300,91936313643096,91936315692546,91936315874222,2231.126,181.676,1,1
0,11986,300,91936316102099,91936318159919,91936318330265,2228.166,170.346,1,1
0,11987,300,91936318566663,91936320195919,91936320755967,2189.304,560.048,1,1
0,11988,300,91936320607012,91936322665522,91936322847518,2240.506,181.996,1,1
0,11989,300,91936323063436,91936325111695,91936325296071,2232.635,184.376,1,1
0,11990,300,91936325521669,91936327159115,91936327724014,2202.345,564.899,1,1
0,11991,300,91936327568058,91936329616557,91936329798774,2230.716,182.217,1,1
0,11992,300,91936330028082,91936332083822,91936332265098,2237.016,181.276,1,1
0,11993,300,91936332492325,91936334532025,91936334695290,2202.965,163.265,1,1
0,11994,300,91936334532025,91936336601145,91936337138683,2606.658,537.538,1,1
0,11995,300,91936336990708,91936339039147,91936339222574,2231.866,183.427,1,1
0,11996,300,91936339447262,91936341513201,91936341690688,2243.426,177.487,1,1
0,11997,300,91936341925125,91936343543950,91936344114270,2189.145,570.320,1,1
0,11998,300,91936343953255,91936346000994,91936346201960,2248.705,200.966,1,1
0,11999,300,91936346427208,91936348458817,91936348627483,2200.275,168.666,1,1
0,12000,300,91936348869941,91936350517227,91936351088077,2218.136,570.850,1,1
0,12001,300,91936350925760,91936352964520,91936353180198,2254.438,215.678,1,1
0,12002,300,91936353374514,91936355420884,91936355591480,2216.966,170.596,1,1
0,12003,300,91936355830727,91936357471433,91936358052113,2221.386,580.680,1,1
0,12004,300,91936357880567,91936359950907,91936360153344,2272.777,202.437,1,1
0,12005,300,91936360337860,91936362406800,91936362570966,2233.106,164.166,1,1
0,12006,300,91936362795623,91936364843514,91936365033779,2238.156,190.265,1,1
0,12007,300,91936364843514,91936366889573,91936367435531,2592.017,545.958,1,1
0,12008,300,91936367300526,91936369347556,91936369535302,2234.776,187.746,1,1
0,12009,300,91936369762881,91936371807680,91936371972635,2209.754,164.955,1,1
0,12010,300,91936372214863,91936373853589,91936374426379,2211.516,572.790,1,1
0,12011,300,91936374280314,91936376311603,91936376498949,2218.635,187.346,1,1
0,12012,300,91936376721326,91936378769865,91936378938211,2216.885,168.346,1,1
0,12013,300,91936379180340,91936380818245,91936381385414,2205.074,567.169,1,1
0,12014,300,91936381236289,91936383274588,91936383456084,2219.795,181.496,1,1
0,12015,300,91936383687542,91936385734002,91936385904187,2216.645,170.185,1,1
0,12016,300,91936386154966,91936387801962,91936388354991,2200.025,553.029,1,1
0,12017,300,91936388189295,91936390257725,91936390440732,2251.437,183.007,1,1
0,12018,300,91936390647459,91936392709248,91936392893015,2245.556,183.767,1,1
0,12019,300,91936393104752,91936395179092,91936395353428,2248.676,174.336,1,1
0,12020,300,91936395179092,91936397202021,91936397744120,2565.028,542.099,1,1
0,12021,300,91936397610205,91936399658224,91936399833070,2222.865,174.846,1,1
0,12022,300,91936400084159,91936402117008,91936402295503,2211.344,178.495,1,1
0,12023,300,91936402524971,91936404165827,91936404723666,2198.695,557.839,1,1
0,12024,300,91936404574521,91936406622551,91936406800607,2226.086,178.056,1,1
0,12025,300,91936407032054,91936409080594,91936409260481,2228.427,179.887,1,1
0,12026,300,91936409487918,91936411129033,91936411699903,2211.985,570.870,1,1
0,12027,300,91936411549728,91936413602327,91936413781764,2232.036,179.437,1,1
0,12028,300,91936414039002,91936416073241,91936416259097,2220.095,185.856,1,1
0,12029,300,91936416453584,91936418113061,91936418662119,2208.535,549.058,1,1
0,12030,300,91936418502224,91936420548373,91936420741610,2239.386,193.237,1,1
0,12031,300,91936420959257,91936423014007,91936423210213,2250.956,196.206,1,1
0,12032,300,91936423414570,91936425464049,91936425626236,2211.666,162.187,1,1
0,12033,300,91936425464049,91936427512890,91936428067908,2603.859,555.018,1,1
0,12034,300,91936427921433,91936429968422,91936430165740,2244.307,197.318,1,1
0,12035,300,91936430400188,91936432426266,91936432607052,2206.864,180.786,1,1
0,12036,300,91936432835390,91936434473616,91936435038235,2202.845,564.619,1,1
0,12037,300,91936434885499,91936436933739,91936437113385,2227.886,179.646,1,1
0,12038,300,91936437343553,91936439389872,91936439549608,2206.055,159.736,1,1
0,12039,300,91936439799037,91936441437622,91936441995591,2196.554,557.969,1,1
0,12040,300,91936441847626,91936443894405,91936444101512,2253.886,207.107,1,1
0,12041,300,91936444305719,91936446353908,91936446525204,2219.485,171.296,1,1
0,12042,300,91936446762373,91936448401008,91936448965338,2202.965,564.330,1,1
0,12043,300,91936448810802,91936450864652,91936451058189,2247.387,193.537,1,1
0,12044,300,91936451268426,91936453315335,91936453500411,2231.985,185.076,1,1
0,12045,300,91936453724838,91936455793948,91936455956245,2231.407,162.297,1,1
0,12046,300,91936455793948,91936457823428,91936458366527,2572.579,543.099,1,1
0,12047,300,91936458230782,91936460278991,91936460454807,2224.025,175.816,1,1
0,12048,300,91936460689005,91936462736475,91936462902140,2213.135,165.665,1,1
0,12049,300,91936463153299,91936464783874,91936465330113,2176.814,546.239,1,1
0,12050,300,91936465193697,91936467259008,91936467438644,2244.947,179.636,1,1
0,12051,300,91936467662421,91936469708331,91936469867186,2204.765,158.855,1,1
0,12052,300,91936470111694,91936471753970,91936472306830,2195.136,552.860,1,1
0,12053,300,91936472165524,91936474206814,91936474379260,2213.736,172.446,1,1
0,12054,300,91936474617167,91936476685017,91936476864714,2247.547,179.697,1,1
0,12055,300,91936477074061,91936478712237,91936479302266,2228.205,590.029,1,1
0,12056,300,91936479123020,91936481171030,91936481354006,2230.986,182.976,1,1
0,12057,300,91936481579584,91936483636303,91936483820410,2240.826,184.107,1,1
0,12058,300,91936484037227,91936486083906,91936486257742,2220.515,173.836,1,1
0,12059,300,91936486083906,91936488133426,91936488698935,2615.029,565.509,1,1
0,12060,300,91936488557070,91936490608070,91936490784066,2226.996,175.996,1,1
0,12061,300,91936491031855,91936493049223,91936493236730,2204.875,187.507,1,1
0,12062,300,91936493458977,91936495096253,91936495640151,2181.174,543.898,1,1
0,12063,300,91936495505486,91936497554996,91936497732582,2227.096,177.586,1,1
0,12064,300,91936497962650,91936500014859,91936500184025,2221.375,169.166,1,1
0,12065,300,91936500421233,91936502061259,91936502608347,2187.114,547.088,1,1
0,12066,300,91936502468113,91936504521193,91936504694458,2226.345,173.265,1,1
0,12067,300,91936504927686,91936506974345,91936507154532,2226.846,180.187,1,1
0,12068,300,91936507384310,91936509024025,91936509584444,2200.134,560.419,1,1
0,12069,300,91936509431949,91936511501209,91936511679856,2247.907,178.647,1,1
0,12070,300,91936511890153,91936513956032,91936514131658,2241.505,175.626,1,1
0,12071,300,91936514347905,91936516395085,91936516549400,2201.495,154.315,1,1
0,12072,300,91936516395085,91936518442724,91936518983023,2587.938,540.299,1,1
0,12073,300,91936518855949,91936520910129,91936521086364,2230.415,176.235,1,1
0,12074,300,91936521321922,91936523358652,91936523517797,2195.875,159.145,1,1
0,12075,300,91936523768095,91936525407451,91936525957879,2189.784,550.428,1,1
0,12076,300,91936525816445,91936527877165,91936528065821,2249.376,188.656,1,1
0,12077,300,91936528274708,91936530321958,91936530498234,2223.526,176.276,1,1
0,12078,300,91936530729531,91936532369727,91936532945487,2215.956,575.760,1,1
0,12079,300,91936532781831,91936534827371,91936535018157,2236.326,190.786,1,1
0,12080,300,91936535236304,91936537286244,91936537461100,2224.796,174.856,1,1
0,12081,300,91936537695338,91936539332463,91936539919423,2224.085,586.960,1,1
0,12082,300,91936539763178,91936541789887,91936541961923,2198.745,172.036,1,1
0,12083,300,91936542198931,91936544248660,91936544423416,2224.485,174.756,1,1
0,12084,300,91936544658724,91936546704403,91936546867670,2208.946,163.267,1,1
0,12085,300,91936546704403,91936548752222,91936549312732,2608.329,560.510,1,1
0,12086,300,91936549168477,91936551210806,91936551398843,2230.366,188.037,1,1
0,12087,300,91936551622740,91936553677140,91936553842695,2219.955,165.555,1,1
0,12088,300,91936554104425,91936555726679,91936556279708,2175.283,553.029,1,1
0,12089,300,91936556126093,91936558174642,91936558353359,2227.266,178.717,1,1
0,12090,300,91936558584977,91936560631546,91936560799372,2214.395,167.826,1,1
0,12091,300,91936561042190,91936562680615,91936563268396,2226.206,587.781,1,1
0,12092,300,91936563105300,91936565138529,91936565329166,2223.866,190.637,1,1
0,12093,300,91936565561753,91936567594952,91936567770178,2208.425,175.226,1,1
0,12094,300,91936568016556,91936569642081,91936570229901,2213.345,587.820,1,1
0,12095,300,91936570052926,91936572100945,91936572295012,2242.086,194.067,1,1
0,12096,300,91936572508819,91936574557269,91936574730404,2221.585,173.135,1,1
0,12097,300,91936574967182,91936577015752,91936577210619,2243.437,194.867,1,1
0,12098,300,91936577015752,91936579064661,91936579620050,2604.298,555.389,1,1
0,12099,300,91936579484975,91936581521365,91936581696681,2211.706,175.316,1,1
0,12100,300,91936581930588,91936583978659,91936584165165,2234.577,186.506,1,1
0,12101,300,91936584388252,91936586026588,91936586587597,2199.345,561.009,1,1
0,12102,300,91936586437131,91936588484501,91936588662637,2225.506,178.136,1,1
0,12103,300,91936588910686,91936590952414,91936591136621,2225.935,184.207,1,1
0,12104,300,91936591352638,91936592993934,91936593549563,2196.925,555.629,1,1
0,12105,300,91936593400757,91936595449128,91936595628813,2228.056,179.685,1,1
0,12106,300,91936595856681,91936597912911,91936598094637,2237.956,181.726,1,1
0,12107,300,91936598314035,91936599954030,91936600517709,2203.674,563.679,1,1
0,12108,300,91936600361804,91936602411334,91936602593789,2231.985,182.455,1,1
0,12109,300,91936602820967,91936604867217,91936605050483,2229.516,183.266,1,1
0,12110,300,91936605277241,91936607327230,91936607490436,2213.195,163.206,1,1
0,12111,300,91936607327230,91936609372999,91936609924328,2597.098,551.329,1,1
0,12112,300,91936609797524,91936611832663,91936611998159,2200.635,165.496,1,1
0,12113,300,91936612245957,91936614288317,91936614446232,2200.275,157.915,1,1
0,12114,300,91936614700021,91936616336266,91936616888184,2188.163,551.918,1,1
0,12115,300,91936616746920,91936618795269,91936618962485,2215.565,167.216,1,1
0,12116,300,91936619203614,91936621252713,91936621412638,2209.024,159.925,1,1
0,12117,300,91936621661356,91936623299712,91936623849151,2187.795,549.439,1,1
0,12118,300,91936623709446,91936625765446,91936625934752,2225.306,169.306,1,1
0,12119,300,91936626186730,91936628214489,91936628376534,2189.804,162.045,1,1
0,12120,300,91936628642614,91936630263518,91936630829187,2186.573,565.669,1,1
0,12121,300,91936630672833,91936632722322,91936632893878,2221.045,171.556,1,1
0,12122,300,91936633130525,91936635179046,91936635343461,2212.936,164.415,1,1
0,12123,300,91936635587149,91936637635128,91936637788974,2201.825,153.846,1,1
0,12124,300,91936637635128,91936639684068,91936640231617,2596.489,547.549,1,1
0,12125,300,91936640094502,91936642141802,91936642315108,2220.606,173.306,1,1
0,12126,300,91936642550925,91936644598595,91936644755470,2204.545,156.875,1,1
0,12127,300,91936645039559,91936646646905,91936647208864,2169.305,561.959,1,1
0,12128,300,91936647057648,91936649106848,91936649296454,2238.806,189.606,1,1
0,12129,300,91936649514572,91936651562811,91936651741827,2227.255,179.016,1,1
0,12130,300,91936651972415,91936653609981,91936654197661,2225.246,587.680,1,1
0,12131,300,91936654033835,91936656068414,91936656264340,2230.505,195.926,1,1
0,12132,300,91936656497689,91936658526137,91936658696803,2199.114,170.666,1,1
0,12133,300,91936658936532,91936660572987,91936661172328,2235.796,599.341,1,1
0,12134,300,91936660983071,91936663032881,91936663393073,2410.002,360.192,1,1
0,12135,300,91936663472305,91936665502824,91936665675640,2203.335,172.816,1,1
0,12136,300,91936665911168,91936667967778,91936668131553,2220.385,163.775,1,1
0,12137,300,91936667967778,91936669996136,91936670554026,2586.248,557.890,1,1
0,12138,300,91936670410350,91936672452560,91936672639166,2228.816,186.606,1,1
0,12139,300,91936672864674,91936674909773,91936675077069,2212.395,167.296,1,1
0,12140,300,91936675341458,91936676960583,91936677508451,2166.993,547.868,1,1
0,12141,300,91936677369297,91936679416746,91936679585092,2215.795,168.346,1,1
0,12142,300,91936679825161,91936681873860,91936682046985,2221.824,173.125,1,1
0,12143,300,91936682284063,91936683924669,91936684481058,2196.995,556.389,1,1
0,12144,300,91936684339513,91936686378253,91936686558599,2219.086,180.346,1,1
0,12145,300,91936686789587,91936688857166,91936689039122,2249.535,181.956,1,1
0,12146,300,91936689246669,91936690885505,91936691441435,2194.766,555.930,1,1
0,12147,300,91936691292919,91936693372299,91936693555906,2262.987,183.607,1,1
0,12148,300,91936693753272,91936695800762,91936695973568,2220.296,172.806,1,1
0,12149,300,91936696231957,91936698257836,91936698421281,2189.324,163.445,1,1
0,12150,300,91936698257836,91936700304265,91936700857634,2599.798,553.369,1,1
0,12151,300,91936700714759,91936702763389,91936702950175,2235.416,186.786,1,1
0,12152,300,91936703178493,91936705225152,91936705392597,2214.104,167.445,1,1
0,12153,300,91936705630026,91936707270021,91936707827190,2197.164,557.169,1,1
0,12154,300,91936707676945,91936709736005,91936709913621,2236.676,177.616,1,1
0,12155,300,91936710134519,91936712184628,91936712365664,2231.145,181.036,1,1
0,12156,300,91936712592512,91936714233138,91936714788826,2196.314,555.688,1,1
0,12157,300,91936714640491,91936716688970,91936716869377,2228.886,180.407,1,1
0,12158,300,91936717098435,91936719154055,91936719325760,2227.325,171.705,1,1
0,12159,300,91936719556818,91936721194613,91936721758523,2201.705,563.910,1,1
0,12160,300,91936721603048,91936723651447,91936723844934,2241.886,193.487,1,1
0,12161,300,91936724071222,91936726116601,91936726313648,2242.426,197.047,1,1
0,12162,300,91936726518424,91936728568224,91936728730469,2212.045,162.245,1,1
0,12163,300,91936728568224,91936730614793,91936731172623,2604.399,557.830,1,1
0,12164,300,91936731027987,91936733084807,91936733271463,2243.476,186.656,1,1
0,12165,300,91936733483001,91936735531180,91936735708176,2225.175,176.996,1,1
0,12166,300,91936735940134,91936737590390,91936738133809,2193.675,543.419,1,1
0,12167,300,91936737987064,91936740037213,91936740218189,2231.125,180.976,1,1
0,12168,300,91936740446426,91936742494147,91936742653012,2206.586,158.865,1,1
0,12169,300,91936742919190,91936744542146,91936745120815,2201.625,578.669,1,1
0,12170,300,91936744951130,91936747026410,91936747203087,2251.957,176.677,1,1
0,12171,300,91936747428984,91936749474313,91936749640089,2211.105,165.776,1,1
0,12172,300,91936749865626,91936751526413,91936752091732,2226.106,565.319,1,1
0,12173,300,91936751924666,91936753962886,91936754155613,2230.947,192.727,1,1
0,12174,300,91936754371399,91936756419818,91936756594465,2223.066,174.647,1,1
0,12175,300,91936756831333,91936758878582,91936759047478,2216.145,168.896,1,1
0,12176,300,91936758878582,91936760926562,91936761465030,2586.448,538.468,1,1
0,12177,300,91936761336955,91936763383285,91936763553101,2216.146,169.816,1,1
0,12178,300,91936763792219,91936765840338,91936765997024,2204.805,156.686,1,1
0,12179,300,91936766250233,91936767888818,91936768432426,2182.193,543.608,1,1
0,12180,300,91936768297542,91936770354152,91936770523008,2225.466,168.856,1,1
0,12181,300,91936770756935,91936772806135,91936772974220,2217.285,168.085,1,1
0,12182,300,91936773226989,91936774863974,91936775414583,2187.594,550.609,1,1
0,12183,300,91936775261968,91936777309757,91936777502834,2240.866,193.077,1,1
0,12184,300,91936777719552,91936779768731,91936779939507,2219.955,170.776,1,1
0,12185,300,91936780177255,91936781814980,91936782383790,2206.535,568.810,1,1
0,12186,300,91936782227054,91936784273154,91936784456870,2229.816,183.716,1,1
0,12187,300,91936784682228,91936786732427,91936786905183,2222.955,172.756,1,1
0,12188,300,91936787140011,91936789190961,91936789364296,2224.285,173.335,1,1
0,12189,300,91936789190961,91936791236640,91936791795019,2604.058,558.379,1,1
0,12190,300,91936791652284,91936793711494,91936793886580,2234.296,175.086,1,1
0,12191,300,91936794104527,91936796155447,91936796323273,2218.746,167.826,1,1
0,12192,300,91936796562541,91936798202856,91936798750095,2187.554,547.239,1,1
0,12193,300,91936798608210,91936800656170,91936800835585,2227.375,179.415,1,1
0,12194,300,91936801066883,91936803113534,91936803292769,2225.886,179.235,1,1
0,12195,300,91936803524557,91936805162313,91936805720572,2196.015,558.259,1,1
0,12196,300,91936805571266,91936807624306,91936807794652,2223.386,170.346,1,1
0,12197,300,91936808030560,91936810077510,91936810250776,2220.216,173.266,1,1
0,12198,300,91936810488573,91936812126909,91936812691428,2202.855,564.519,1,1
0,12199,300,91936812536012,91936814582673,91936814765539,2229.527,182.866,1,1
0,12200,300,91936814992076,91936817045236,91936817229712,2237.636,184.476,1,1
0,12201,300,91936817456169,91936819520810,91936819674495,2218.326,153.685,1,1
0,12202,300,91936819520810,91936821560829,91936822100058,2579.248,539.229,1,1
0,12203,300,91936821955512,91936824014442,91936824191019,2235.507,176.577,1,1
0,12204,300,91936824415556,91936826481106,91936826637942,2222.386,156.836,1,1
0,12205,300,91936826872240,91936828527415,91936829065524,2193.284,538.109,1,1
0,12206,300,91936828918289,91936830968398,91936831169535,2251.246,201.137,1,1
0,12207,300,91936831399923,91936833424842,91936833598317,2198.394,173.475,1,1
0,12208,300,91936833835806,91936835474932,91936836045010,2209.204,570.078,1,1
0,12209,300,91936835884545,91936837932094,91936838118371,2233.826,186.277,1,1
0,12210,300,91936838350248,91936840389738,91936840551793,2201.545,162.055,1,1
0,12211,300,91936840797181,91936842436897,91936843000236,2203.055,563.339,1,1
0,12212,300,91936842844991,91936844895081,91936845092407,2247.416,197.326,1,1
0,12213,300,91936845303995,91936847350544,91936847524310,2220.315,173.766,1,1
0,12214,300,91936847760398,91936849814598,91936849977083,2216.685,162.485,1,1
0,12215,300,91936849814598,91936851856427,91936852404166,2589.568,547.739,1,1
0,12216,300,91936852267511,91936854313761,91936854489796,2222.285,176.035,1,1
0,12217,300,91936854725854,91936856771764,91936856937729,2211.875,165.965,1,1
0,12218,300,91936857182727,91936858824473,91936859363991,2181.264,539.518,1,1
0,12219,300,91936859229077,91936861278177,91936861447593,2218.516,169.416,1,1
0,12220,300,91936861688370,91936863736970,91936863898966,2210.596,161.996,1,1
0,12221,300,91936864154164,91936865783570,91936866340958,2186.794,557.388,1,1
0,12222,300,91936866198984,91936868249073,91936868419599,2220.615,170.526,1,1
0,12223,300,91936868651717,91936870700207,91936870871663,2219.946,171.456,1,1
0,12224,300,91936871108460,91936872746706,91936873323755,2215.295,577.049,1,1
0,12225,300,91936873155489,91936875229360,91936875415776,2260.287,186.416,1,1
0,12226,300,91936875613683,91936877671843,91936877856339,2242.656,184.496,1,1
0,12227,300,91936878070977,91936880118926,91936880300922,2229.945,181.996,1,1
0,12228,300,91936880118926,91936882167345,91936882719544,2600.618,552.199,1,1
0,12229,300,91936882577179,91936884626988,91936884801965,2224.786,174.977,1,1
0,12230,300,91936885035723,91936887083882,91936887261029,2225.306,177.147,1,1
0,12231,300,91936887495296,91936889131261,91936889683481,2188.185,552.220,1,1
0,12232,300,91936889541446,91936891587395,91936891754361,2212.915,166.966,1,1
0,12233,300,91936892031160,91936894061459,91936894231825,2200.665,170.366,1,1
0,12234,300,91936894456162,91936896103918,91936896666757,2210.595,562.839,1,1
0,12235,300,91936896517092,91936898562612,91936898742578,2225.486,179.966,1,1
0,12236,300,91936898975416,91936901014524,91936901210801,2235.385,196.277,1,1
0,12237,300,91936901424439,91936903059034,91936903624014,2199.575,564.980,1,1
0,12238,300,91936903468408,91936905516157,91936905697644,2229.236,181.487,1,1
0,12239,300,91936905925942,91936907980001,91936908182728,2256.786,202.727,1,1
0,12240,300,91936908381525,91936910444385,91936910607210,2225.685,162.825,1,1
0,12241,300,91936910444385,91936912477694,91936913037903,2593.518,560.209,1,1
0,12242,300,91936912886897,91936914937417,91936915132484,2245.587,195.067,1,1
0,12243,300,91936915345201,91936917391960,91936917559036,2213.835,167.076,1,1
0,12244,300,91936917802554,91936919442690,91936919993249,2190.695,550.559,1,1
0,12245,300,91936919851364,91936921897834,91936922087130,2235.766,189.296,1,1
0,12246,300,91936922308297,91936924365237,91936924534203,2225.906,168.966,1,1
0,12247,300,91936924767081,91936926406196,91936926980116,2213.035,573.920,1,1
0,12248,300,91936926830961,91936928863300,91936929054076,2223.115,190.776,1,1
0,12249,300,91936929295084,91936931326463,91936931511060,2215.976,184.597,1,1
0,12250,300,91936931730187,91936933379183,91936933956573,2226.386,577.390,1,1
0,12251,300,91936933799477,91936935825175,91936936031353,2231.876,206.178,1,1
0,12252,300,91936936238280,91936938282219,91936938455945,2217.665,173.726,1,1
0,12253,300,91936938693993,91936940739973,91936940893278,2199.285,153.305,1,1
0,12254,300,91936940739973,91936942805483,91936943343331,2603.358,537.848,1,1
0,12255,300,91936943214516,91936945247015,91936945422922,2208.406,175.907,1,1
0,12256,300,91936945663079,91936947703669,91936947865124,2202.045,161.455,1,1
0,12257,300,91936948126674,91936949767549,91936950313037,2186.363,545.488,1,1
0,12258,300,91936950176703,91936952209772,91936952389048,2212.345,179.276,1,1
0,12259,300,91936952617695,91936954684885,91936954843571,2225.876,158.686,1,1
0,12260,300,91936955082529,91936956723035,91936957274764,2192.235,551.729,1,1
0,12261,300,91936957124269,91936959174168,91936959356554,2232.285,182.386,1,1
0,12262,300,91936959582201,91936961629042,91936961789937,2207.736,160.895,1,1
0,12263,300,91936962039815,91936963679321,91936964275091,2235.276,595.770,1,1
0,12264,300,91936964097585,91936966136284,91936966331141,2233.556,194.857,1,1
0,12265,300,91936966546408,91936968592668,91936968765864,2219.456,173.196,1,1
0,12266,300,91936969015852,91936971052201,91936971228207,2212.355,176.006,1,1
0,12267,300,91936971052201,91936973102071,91936973638449,2586.248,536.378,1,1
0,12268,300,91936973510664,91936975571995,91936975737660,2226.996,165.665,1,1
0,12269,300,91936975965748,91936978019298,91936978186984,2221.236,167.686,1,1
0,12270,300,91936978422501,91936980062797,91936980614266,2191.765,551.469,1,1
0,12271,300,91936980472030,91936982519431,91936982687376,2215.346,167.945,1,1
0,12272,300,91936982929684,91936984978383,91936985156160,2226.476,177.777,1,1
0,12273,300,91936985386118,91936987024343,91936987575162,2189.044,550.819,1,1
0,12274,300,91936987433547,91936989500217,91936989691674,2258.127,191.457,1,1
0,12275,300,91936989891440,91936991941060,91936992122856,2231.416,181.796,1,1
0,12276,300,91936992357184,91936993989900,91936994562908,2205.724,573.008,1,1
0,12277,300,91936994405314,91936996453343,91936996625819,2220.505,172.476,1,1
0,12278,300,91936996854247,91936998903816,91936999077702,2223.455,173.886,1,1
0,12279,300,91936999314260,91937001360940,91937001525725,2211.465,164.785,1,1
0,12280,300,91937001360940,91937003409329,91937003967008,2606.068,557.679,1,1
0,12281,300,91937003839173,91937005866322,91937006053908,2214.735,187.586,1,1
0,12282,300,91937006312727,91937008323316,91937008501031,2188.304,177.715,1,1
0,12283,300,91937008733499,91937010371595,91937010922694,2189.195,551.099,1,1
0,12284,300,91937010788479,91937012843329,91937013030365,2241.886,187.036,1,1
0,12285,300,91937013240172,91937015298013,91937015458258,2218.086,160.245,1,1
0,12286,300,91937015697476,91937017355892,91937017886390,2188.914,530.498,1,1
0,12287,300,91937017745306,91937019792885,91937019962801,2217.495,169.916,1,1
0,12288,300,91937020202508,91937022251838,91937022414014,2211.506,162.176,1,1
0,12289,300,91937022668553,91937024308558,91937024856897,2188.344,548.339,1,1
0,12290,300,91937024709732,91937026755651,91937026938278,2228.546,182.627,1,1
0,12291,300,91937027165015,91937029213155,91937029377800,2212.785,164.645,1,1
0,12292,300,91937029625278,91937031674728,91937031839333,2214.055,164.605,1,1
0,12293,300,91937031674728,91937033718268,91937034269176,2594.448,550.908,1,1
0,12294,300,91937034129961,91937036181601,91937036359926,2229.965,178.325,1,1
0,12295,300,91937036585825,91937038634484,91937038791229,2205.404,156.745,1,1
0,12296,300,91937039065428,91937040683704,91937041246843,2181.415,563.139,1,1
0,12297,300,91937041092467,91937043141927,91937043329314,2236.847,187.387,1,1
0,12298,300,91937043561251,91937045597250,91937045765186,2203.935,167.936,1,1
0,12299,300,91937046014274,91937047645269,91937048217809,2203.535,572.540,1,1
0,12300,300,91937048056084,91937050109954,91937050301449,2245.365,191.495,1,1
0,12301,300,91937050535548,91937052560407,91937052742063,2206.515,181.656,1,1
0,12302,300,91937052971781,91937054610517,91937055190176,2218.395,579.659,1,1
0,12303,300,91937055020270,91937057073570,91937057270876,2250.606,197.306,1,1
0,12304,300,91937057478244,91937059525793,91937059698788,2220.544,172.995,1,1
0,12305,300,91937059933716,91937061982286,91937062170412,2236.696,188.126,1,1
0,12306,300,91937061982286,91937064055136,91937064574825,2592.539,519.689,1,1
0,12307,300,91937064439260,91937066502589,91937066677515,2238.255,174.926,1,1
0,12308,300,91937066909303,91937068945753,91937069123328,2214.025,177.575,1,1
0,12309,300,91937069356446,91937070992402,91937071563682,2207.236,571.280,1,1
0,12310,300,91937071407706,91937073469916,91937073659443,2251.737,189.527,1,1
0,12311,300,91937073861079,91937075909979,91937076090034,2228.955,180.055,1,1
0,12312,300,91937076319162,91937077960618,91937078520867,2201.705,560.249,1,1
0,12313,300,91937078364982,91937080414192,91937080595758,2230.776,181.566,1,1
0,12314,300,91937080824895,91937082875515,91937083058401,2233.506,182.886,1,1
0,12315,300,91937083301260,91937084920535,91937085496984,2195.724,576.449,1,1
0,12316,300,91937085329668,91937087378738,91937087572775,2243.107,194.037,1,1
0,12317,300,91937087787042,91937089848352,91937090032148,2245.106,183.796,1,1
0,12318,300,91937090246165,91937092293484,91937092458140,2211.975,164.656,1,1
0,12319,300,91937092293484,91937094339505,91937094879963,2586.479,540.458,1,1
0,12320,300,91937094751988,91937096797527,91937096972254,2220.266,174.727,1,1
0,12321,300,91937097217342,91937099256511,91937099435017,2217.675,178.506,1,1
0,12322,300,91937099664075,91937101303190,91937101862629,2198.554,559.439,1,1
0,12323,300,91937101712034,91937103760963,91937103934369,2222.335,173.406,1,1
0,12324,300,91937104178258,91937106217747,91937106378142,2199.884,160.395,1,1
0,12325,300,91937106648751,91937108287797,91937108837126,2188.375,549.329,1,1
0,12326,300,91937108687821,91937110725960,91937110905596,2217.775,179.636,1,1
0,12327,300,91937111134634,91937113183393,91937113355279,2220.645,171.886,1,1
0,12328,300,91937113591797,91937115229573,91937115804022,2212.225,574.449,1,1
0,12329,300,91937115642417,91937117688126,91937117881483,2239.066,193.357,1,1
0,12330,300,91937118096231,91937120154540,91937120340446,2244.215,185.906,1,1
0,12331,300,91937120555243,91937122613464,91937122777989,2222.746,164.525,1,1
0,12332,300,91937122613464,91937124652342,91937125220592,2607.128,568.250,1,1
0,12333,300,91937125066377,91937127118147,91937127291842,2225.465,173.695,1,1
0,12334,300,91937127517630,91937129567110,91937129723775,2206.145,156.665,1,1
0,12335,300,91937129975563,91937131621629,91937132167987,2192.424,546.358,1,1
0,12336,300,91937132023412,91937134070712,91937134248258,2224.846,177.546,1,1
0,12337,300,91937134481636,91937136546076,91937136712031,2230.395,165.955,1,1
0,12338,300,91937136940009,91937138591275,91937139153355,2213.346,562.080,1,1
0,12339,300,91937138986019,91937141036309,91937141216715,2230.696,180.406,1,1
0,12340,300,91937141444232,91937143506493,91937143667658,2223.426,161.165,1,1
0,12341,300,91937143903366,91937145541951,91937146108610,2205.244,566.659,1,1
0,12342,300,91937145950795,91937147997595,91937148201191,2250.396,203.596,1,1
0,12343,300,91937148408418,91937150456098,91937150639984,2231.566,183.886,1,1
0,12344,300,91937150864392,91937152915031,91937153103048,2238.656,188.017,1,1
0,12345,300,91937152915031,91937154960760,91937155514840,2599.809,554.080,1,1
0,12346,300,91937155371885,91937157419864,91937157595201,2223.316,175.337,1,1
0,12347,300,91937157827958,91937159896259,91937160072294,2244.336,176.035,1,1
0,12348,300,91937160285422,91937161945598,91937162493047,2207.625,547.449,1,1
0,12349,300,91937162341271,91937164388441,91937164566727,2225.456,178.286,1,1
0,12350,300,91937164802215,91937166839464,91937166997769,2195.554,158.305,1,1
0,12351,300,91937167249037,91937168894894,91937169446632,2197.595,551.738,1,1
0,12352,300,91937169296038,91937171357577,91937171538563,2242.525,180.986,1,1
0,12353,300,91937171776811,91937173801530,91937173971656,2194.845,170.126,1,1
0,12354,300,91937174226044,91937175850449,91937176430020,2203.976,579.571,1,1
0,12355,300,91937176261454,91937178309193,91937178504730,2243.276,195.537,1,1
0,12356,300,91937178717076,91937180765217,91937180949413,2232.337,184.196,1,1
0,12357,300,91937181197511,91937183224910,91937183390165,2192.654,165.255,1,1
0,12358,300,91937183224910,91937185270479,91937185809978,2585.068,539.499,1,1
0,12359,300,91937185681543,91937187746083,91937187921139,2239.596,175.056,1,1
0,12360,300,91937188139336,91937190186727,91937190353442,2214.106,166.715,1,1
0,12361,300,91937190597240,91937192234666,91937192795055,2197.815,560.389,1,1
0,12362,300,91937192643949,91937194692479,91937194870195,2226.246,177.716,1,1
0,12363,300,91937195105533,91937197156923,91937197326238,2220.705,169.315,1,1
0,12364,300,91937197569057,91937199208153,91937199762951,2193.894,554.798,1,1
0,12365,300,91937199608535,91937201654395,91937201845382,2236.847,190.987,1,1
0,12366,300,91937202083009,91937204114788,91937204299675,2216.666,184.887,1,1
0,12367,300,91937204522523,91937206161558,91937206742538,2220.015,580.980,1,1
0,12368,300,91937206575653,91937208631071,91937208813658,2238.005,182.587,1,1
0,12369,300,91937209027715,91937211076545,91937211272761,2245.046,196.216,1,1
0,12370,300,91937211486529,91937213535648,91937213698794,2212.265,163.146,1,1
0,12371,300,91937213535648,91937215582127,91937216152847,2617.199,570.720,1,1
0,12372,300,91937215994872,91937218039551,91937218224617,2229.745,185.066,1,1
0,12373,300,91937218450355,91937220497054,91937220654170,2203.815,157.116,1,1
0,12374,300,91937220907078,91937222562185,91937223111784,2204.706,549.599,1,1
0,12375,300,91937222964859,91937225014788,91937225202314,2237.455,187.526,1,1
0,12376,300,91937225412352,91937227461851,91937227630367,2218.015,168.516,1,1
0,12377,300,91937227870964,91937229508270,91937230069069,2198.105,560.799,1,1
0,12378,300,91937229917814,91937231965194,91937232179040,2261.226,213.846,1,1
0,12379,300,91937232376708,91937234426627,91937234608803,2232.095,182.176,1,1
0,12380,300,91937234839951,91937236478677,91937237065177,2225.226,586.500,1,1
0,12381,300,91937236897011,91937238929270,91937239123897,2226.886,194.627,1,1
0,12382,300,91937239362124,91937241390643,91937241564189,2202.065,173.546,1,1
0,12383,300,91937241805677,91937243856937,91937244031333,2225.656,174.396,1,1
0,12384,300,91937243856937,91937245895716,91937246452096,2595.159,556.380,1,1
0,12385,300,91937246302720,91937248348960,91937248524745,2222.025,175.785,1,1
0,12386,300,91937248760093,91937250807482,91937250973499,2213.406,166.017,1,1
0,12387,300,91937251217527,91937252854333,91937253410441,2192.914,556.108,1,1
0,12388,300,91937253266506,91937255314236,91937255493122,2226.616,178.886,1,1
0,12389,300,91937255727219,91937257772459,91937257947995,2220.776,175.536,1,1
0,12390,300,91937258200343,91937259818739,91937260391218,2190.875,572.479,1,1
0,12391,300,91937260240593,91937262276362,91937262456918,2216.325,180.556,1,1
0,12392,300,91937262698446,91937264742296,91937264923892,2225.446,181.596,1,1
0,12393,300,91937265154390,91937266782185,91937267341434,2187.044,559.249,1,1
0,12394,300,91937267192389,91937269238378,91937269422574,2230.185,184.196,1,1
0,12395,300,91937269650112,91937271696711,91937271864757,2214.645,168.046,1,1
0,12396,300,91937272108396,91937274156275,91937274312061,2203.665,155.786,1,1
0,12397,300,91937274156275,91937276203194,91937276744563,2588.288,541.369,1,1
0,12398,300,91937276612039,91937278662158,91937278837394,2225.355,175.236,1,1
0,12399,300,91937279071142,91937281127342,91937281305027,2233.885,177.685,1,1
0,12400,300,91937281549936,91937283167910,91937283727120,2177.184,559.210,1,1
0,12401,300,91937283575875,91937285627934,91937285819231,2243.356,191.297,1,1
0,12402,300,91937286032438,91937288083038,91937288274474,2242.036,191.436,1,1
0,12403,300,91937288492121,91937290129397,91937290681186,2189.065,551.789,1,1
0,12404,300,91937290539741,91937292586261,91937292770967,2231.226,184.706,1,1
0,12405,300,91937292998064,91937295052744,91937295234990,2236.926,182.246,1,1
0,12406,300,91937295462548,91937297092253,91937297649693,2187.145,557.440,1,1
0,12407,300,91937297501587,91937299550617,91937299733393,2231.806,182.776,1,1
0,12408,300,91937299960910,91937302037511,91937302211837,2250.927,174.326,1,1
0,12409,300,91937302417264,91937304465553,91937304620529,2203.265,154.976,1,1
0,12410,300,91937304465553,91937306517493,91937307063132,2597.579,545.639,1,1
0,12411,300,91937306923887,91937308970286,91937309165812,2241.925,195.526,1,1
0,12412,300,91937309379560,91937311440650,91937311607456,2227.896,166.806,1,1
0,12413,300,91937311848454,91937313486990,91937314033258,2184.804,546.268,1,1
0,12414,300,91937313885813,91937315935263,91937316114478,2228.665,179.215,1,1
0,12415,300,91937316344426,91937318393116,91937318552901,2208.475,159.785,1,1
0,12416,300,91937318820880,91937320441056,91937320998794,2177.914,557.738,1,1
0,12417,300,91937320848779,91937322897338,91937323078455,2229.676,181.117,1,1
0,12418,300,91937323314522,91937325354502,91937325531769,2217.247,177.267,1,1
0,12419,300,91937325765566,91937327402531,91937327962840,2197.274,560.309,1,1
0,12420,300,91937327811206,91937329861425,91937330051682,2240.476,190.257,1,1
0,12421,300,91937330268999,91937332319308,91937332489114,2220.115,169.806,1,1
0,12422,300,91937332732853,91937334792912,91937334957108,2224.255,164.196,1,1
0,12423,300,91937334792912,91937336842362,91937337372260,2579.348,529.898,1,1
0,12424,300,91937337235025,91937339285364,91937339470902,2235.877,185.538,1,1
0,12425,300,91937339706809,91937341750799,91937341928334,2221.525,177.535,1,1
0,12426,300,91937342154782,91937343803008,91937344340806,2186.024,537.798,1,1
0,12427,300,91937344196642,91937346243281,91937346432647,2236.005,189.366,1,1
0,12428,300,91937346654574,91937348703455,91937348883230,2228.656,179.775,1,1
0,12429,300,91937349121419,91937350750814,91937351340884,2219.465,590.070,1,1
0,12430,300,91937351179568,91937353206457,91937353396583,2217.015,190.126,1,1
0,12431,300,91937353616911,91937355675861,91937355836467,2219.556,160.606,1,1
0,12432,300,91937356075884,91937357733671,91937358301630,2225.746,567.959,1,1
0,12433,300,91937358141795,91937360171534,91937360355220,2213.425,183.686,1,1
0,12434,300,91937360579517,91937362643928,91937362817873,2238.356,173.945,1,1
0,12435,300,91937363057612,91937365086400,91937365251856,2194.244,165.456,1,1
0,12436,300,91937365086400,91937367132900,91937367671308,2584.908,538.408,1,1
0,12437,300,91937367542764,91937369610544,91937369775850,2233.086,165.306,1,1
0,12438,300,91937370015197,91937372048436,91937372219632,2204.435,171.196,1,1
0,12439,300,91937372473361,91937374097226,91937374643244,2169.883,546.018,1,1
0,12440,300,91937374508020,91937376559890,91937376727456,2219.436,167.566,1,1
0,12441,300,91937376964603,91937379015992,91937379185118,2220.515,169.126,1,1
0,12442,300,91937379420837,91937381061933,91937381619721,2198.884,557.788,1,1
0,12443,300,91937381471456,91937383518575,91937383698572,2227.116,179.997,1,1
0,12444,300,91937383935979,91937385975509,91937386180736,2244.757,205.227,1,1
0,12445,300,91937386392693,91937388035179,91937388590188,2197.495,555.009,1,1
0,12446,300,91937388433153,91937390481072,91937390663568,2230.415,182.496,1,1
0,12447,300,91937390892096,91937392939725,91937393135742,2243.646,196.017,1,1
0,12448,300,91937393349610,91937395396559,91937395569445,2219.835,172.886,1,1
0,12449,300,91937395396559,91937397445668,91937397998697,2602.138,553.029,1,1
0,12450,300,91937397854982,91937399904071,91937400090768,2235.786,186.697,1,1
0,12451,300,91937400312915,91937402373106,91937402540611,2227.696,167.505,1,1
0,12452,300,91937402780649,91937404407814,91937404961233,2180.584,553.419,1,1
0,12453,300,91937404818669,91937406865348,91937407053924,2235.255,188.576,1,1
0,12454,300,91937407276761,91937409339072,91937409499327,2222.566,160.255,1,1
0,12455,300,91937409732445,91937411371541,91937411930340,2197.895,558.799,1,1
0,12456,300,91937411780814,91937413848234,91937414057941,2277.127,209.707,1,1
0,12457,300,91937414243588,91937416285237,91937416457954,2214.366,172.717,1,1
0,12458,300,91937416697351,91937418333347,91937418912056,2214.705,578.709,1,1
0,12459,300,91937418744680,91937420792461,91937420974337,2229.657,181.876,1,1
0,12460,300,91937421212465,91937423249553,91937423423810,2211.345,174.257,1,1
0,12461,300,91937423658288,91937425707197,91937425871173,2212.885,163.976,1,1
0,12462,300,91937425707197,91937427755747,91937428301115,2593.918,545.368,1,1
0,12463,300,91937428163930,91937430223620,91937430413607,2249.677,189.987,1,1
0,12464,300,91937430622754,91937432669703,91937432835649,2212.895,165.946,1,1
0,12465,300,91937433082107,91937434717492,91937435314193,2232.086,596.701,1,1
0,12466,300,91937435160598,91937437176226,91937437359022,2198.424,182.796,1,1
0,12467,300,91937437584660,91937439632679,91937439800915,2216.255,168.236,1,1
0,12468,300,91937440043654,91937441680679,91937442250678,2207.024,569.999,1,1
0,12469,300,91937442089933,91937444138252,91937444330339,2240.406,192.087,1,1
0,12470,300,91937444549277,91937446615567,91937446786513,2237.236,170.946,1,1
0,12471,300,91937447041701,91937448645465,91937449226375,2184.674,580.910,1,1
0,12472,300,91937449057979,91937451103598,91937451292775,2234.796,189.177,1,1
0,12473,300,91937451513263,91937453560452,91937453732968,2219.705,172.516,1,1
0,12474,300,91937453969986,91937456033956,91937456213942,2243.956,179.986,1,1
0,12475,300,91937456033956,91937458065625,91937458610774,2576.818,545.149,1,1
0,12476,300,91937458474168,91937460523398,91937460699634,2225.466,176.236,1,1
0,12477,300,91937460931792,91937462981312,91937463167918,2236.126,186.606,1,1
0,12478,300,91937463391365,91937465028371,91937465575180,2183.815,546.809,1,1
0,12479,300,91937465439175,91937467485615,91937467654330,2215.155,168.715,1,1
0,12480,300,91937467895528,91937469943608,91937470113193,2217.665,169.585,1,1
0,12481,300,91937470353032,91937472022058,91937472551787,2198.755,529.729,1,1
0,12482,300,91937472401221,91937474449811,91937474627107,2225.886,177.296,1,1
0,12483,300,91937474857905,91937476906714,91937477078430,2220.525,171.716,1,1
0,12484,300,91937477316878,91937478953834,91937479523623,2206.745,569.789,1,1
0,12485,300,91937479367967,91937481421897,91937481601403,2233.436,179.506,1,1
0,12486,300,91937481823561,91937483869820,91937484051736,2228.175,181.916,1,1
0,12487,300,91937484279405,91937486329034,91937486485069,2205.664,156.035,1,1
0,12488,300,91937486329034,91937488376914,91937488922662,2593.628,545.748,1,1
0,12489,300,91937488786707,91937490833746,91937491019674,2232.967,185.928,1,1
0,12490,300,91937491241701,91937493293000,91937493450995,2209.294,157.995,1,1
0,12491,300,91937493699783,91937495359240,91937495892849,2193.066,533.609,1,1
0,12492,300,91937495749424,91937497797363,91937497964769,2215.345,167.406,1,1
0,12493,300,91937498209317,91937500255296,91937500426092,2216.775,170.796,1,1
0,12494,300,91937500664971,91937502313026,91937502879105,2214.134,566.079,1,1
0,12495,300,91937502728930,91937504759359,91937504929275,2200.345,169.916,1,1
0,12496,300,91937505168173,91937507217703,91937507379678,2211.505,161.975,1,1
0,12497,300,91937507630777,91937509265552,91937509830921,2200.144,565.369,1,1
0,12498,300,91937509682176,91937511721836,91937511938383,2256.207,216.547,1,1
0,12499,300,91937512137260,91937514217250,91937514429307,2292.047,212.057,1,1
0,12500,300,91937514592072,91937516637743,91937516795177,2203.105,157.434,1,1
0,12501,300,91937516637743,91937518690622,91937519235951,2598.208,545.329,1,1
0,12502,300,91937519097656,91937521151445,91937521319251,2221.595,167.806,1,1
0,12503,300,91937521553479,91937523602489,91937523768694,2215.215,166.205,1,1
0,12504,300,91937524015862,91937525668638,91937526221918,2206.056,553.280,1,1
0,12505,300,91937526073122,91937528105571,91937528282597,2209.475,177.026,1,1
0,12506,300,91937528534406,91937530581366,91937530739911,2205.505,158.545,1,1
0,12507,300,91937530974349,91937532633764,91937533188904,2214.555,555.140,1,1
0,12508,300,91937533038909,91937535068827,91937535247674,2208.765,178.847,1,1
0,12509,300,91937535478872,91937537528321,91937537689757,2210.885,161.436,1,1
0,12510,300,91937537936205,91937539575941,91937540152980,2216.775,577.039,1,1
0,12511,300,91937539986274,91937542031883,91937542213010,2226.736,181.127,1,1
0,12512,300,91937542443818,91937544495448,91937544669843,2226.025,174.395,1,1
0,12513,300,91937544901851,91937546969282,91937547135577,2233.726,166.295,1,1
0,12514,300,91937546969282,91937548997560,91937549571049,2601.767,573.489,1,1
0,12515,300,91937549434515,91937551460644,91937551647270,2212.755,186.626,1,1
0,12516,300,91937551887389,91937553913157,91937554091063,2203.674,177.906,1,1
0,12517,300,91937554321530,91937555960816,91937556523265,2201.735,562.449,1,1
0,12518,300,91937556370960,91937558416370,91937558594206,2223.246,177.836,1,1
0,12519,300,91937558826824,91937560876193,91937561066700,2239.876,190.507,1,1
0,12520,300,91937561284247,91937562924292,91937563486991,2202.744,562.699,1,1
0,12521,300,91937563335977,91937565381816,91937565562392,2226.415,180.576,1,1
0,12522,300,91937565794920,91937567837020,91937568019366,2224.446,182.346,1,1
0,12523,300,91937568248173,91937569886859,91937570453659,2205.486,566.800,1,1
0,12524,300,91937570295723,91937572366913,91937572561260,2265.537,194.347,1,1
0,12525,300,91937572752976,91937574800696,91937574975972,2222.996,175.276,1,1
0,12526,300,91937575209899,91937577260869,91937577444096,2234.197,183.227,1,1
0,12527,300,91937577260869,91937579316309,91937579870388,2609.519,554.079,1,1
0,12528,300,91937579734203,91937581775832,91937581941348,2207.145,165.516,1,1
0,12529,300,91937582191816,91937584220725,91937584390241,2198.425,169.516,1,1
0,12530,300,91937584631979,91937586272365,91937586815643,2183.664,543.278,1,1
0,12531,300,91937586680178,91937588727208,91937588894854,2214.676,167.646,1,1
0,12532,300,91937589136962,91937591185301,91937591346567,2209.605,161.266,1,1
0,12533,300,91937591596286,91937593242651,91937593789050,2192.764,546.399,1,1
0,12534,300,91937593644025,91937595691814,91937595872320,2228.295,180.506,1,1
0,12535,300,91937596101708,91937598153807,91937598326444,2224.736,172.637,1,1
0,12536,300,91937598565582,91937600215678,91937600763267,2197.685,547.589,1,1
0,12537,300,91937600606301,91937602653360,91937602835257,2228.956,181.897,1,1
0,12538,300,91937603065955,91937605112674,91937605301230,2235.275,188.556,1,1
0,12539,300,91937605520917,91937607569977,91937607733493,2212.576,163.516,1,1
0,12540,300,91937607569977,91937609617847,91937610175266,2605.289,557.419,1,1
0,12541,300,91937610026731,91937612076560,91937612262856,2236.125,186.296,1,1
0,12542,300,91937612501545,91937614544014,91937614710459,2208.914,166.445,1,1
0,12543,300,91937614949248,91937616582203,91937617153323,2204.075,571.120,1,1
0,12544,300,91937616988886,91937619049217,91937619238333,2249.447,189.116,1,1
0,12545,300,91937619448110,91937621508901,91937621677595,2229.485,168.694,1,1
0,12546,300,91937621915164,91937623561119,91937624108848,2193.684,547.729,1,1
0,12547,300,91937623954583,91937626023774,91937626205999,2251.416,182.225,1,1
0,12548,300,91937626410666,91937628479707,91937628652412,2241.746,172.705,1,1
0,12549,300,91937628878320,91937630507276,91937631086995,2208.675,579.719,1,1
0,12550,300,91937630922660,91937632965799,91937633157645,2234.985,191.846,1,1
0,12551,300,91937633385283,91937635423903,91937635588008,2202.725,164.105,1,1
0,12552,300,91937635831516,91937637878365,91937638046991,2215.475,168.626,1,1
0,12553,300,91937637878365,91937639928656,91937640477703,2599.338,549.047,1,1
0,12554,300,91937640339849,91937642384648,91937642558244,2218.395,173.596,1,1
0,12555,300,91937642796083,91937644843062,91937645017757,2221.674,174.695,1,1
0,12556,300,91937645251515,91937646892112,91937647438920,2187.405,546.808,1,1
0,12557,300,91937647301865,91937649348415,91937649516870,2215.005,168.455,1,1
0,12558,300,91937649756809,91937651805728,91937651965034,2208.225,159.306,1,1
0,12559,300,91937652216732,91937653854287,91937654443428,2226.696,589.141,1,1
0,12560,300,91937654282452,91937656310531,91937656491577,2209.125,181.046,1,1
0,12561,300,91937656720505,91937658768794,91937658941590,2221.085,172.796,1,1
0,12562,300,91937659186409,91937660833645,91937661385993,2199.584,552.348,1,1
0,12563,300,91937661227078,91937663275317,91937663469904,2242.826,194.587,1,1
0,12564,300,91937663684662,91937665744021,91937665916457,2231.795,172.436,1,1
0,12565,300,91937666174886,91937668191004,91937668367650,2192.764,176.646,1,1
0,12566,300,91937668191004,91937670238564,91937670780632,2589.628,542.068,1,1
0,12567,300,91937670647567,91937672694507,91937672874473,2226.906,179.966,1,1
0,12568,300,91937673104311,91937675153671,91937675318356,2214.045,164.685,1,1
0,12569,300,91937675561664,91937677220810,91937677752319,2190.655,531.509,1,1
0,12570,300,91937677611213,91937679658753,91937679826828,2215.615,168.075,1,1
0,12571,300,91937680069747,91937682116496,91937682283512,2213.765,167.016,1,1
0,12572,300,91937682526860,91937684165856,91937684737286,2210.426,571.430,1,1
0,12573,300,91937684595311,91937686624210,91937686793856,2198.545,169.646,1,1
0,12574,300,91937687032743,91937689079392,91937689247948,2215.205,168.556,1,1
0,12575,300,91937689488157,91937691151203,91937691686371,2198.214,535.168,1,1
0,12576,300,91937691537986,91937693604296,91937693797533,2259.547,193.237,1,1
0,12577,300,91937693994690,91937696043889,91937696228085,2233.395,184.196,1,1
0,12578,300,91937696461283,91937698499972,91937698663858,2202.575,163.886,1,1
0,12579,300,91937698499972,91937700547142,91937701109751,2609.779,562.609,1,1
0,12580,300,91937700958966,91937703023416,91937703212152,2253.186,188.736,1,1
0,12581,300,91937703415210,91937705464899,91937705633185,2217.975,168.286,1,1
0,12582,300,91937705872522,91937707516939,91937708096658,2224.136,579.719,1,1
0,12583,300,91937707931583,91937709991142,91937710180528,2248.945,189.386,1,1
0,12584,300,91937710377876,91937712438185,91937712607811,2229.935,169.626,1,1
0,12585,300,91937712841489,91937714473554,91937715053124,2211.635,579.570,1,1
0,12586,300,91937714893678,91937716933398,91937717129324,2235.646,195.926,1,1
0,12587,300,91937717347852,91937719389491,91937719573158,2225.306,183.667,1,1
0,12588,300,91937719799695,91937721444651,91937722021441,2221.746,576.790,1,1
0,12589,300,91937721852385,91937723911234,91937724105351,2252.966,194.117,1,1
0,12590,300,91937724305278,91937726353838,91937726527853,2222.575,174.015,1,1
0,12591,300,91937726761861,91937728832561,91937728996407,2234.546,163.846,1,1
0,12592,300,91937728832561,91937730857600,91937731419600,2587.039,562.000,1,1
0,12593,300,91937731281354,91937733324344,91937733512221,2230.867,187.877,1,1
0,12594,300,91937733724868,91937735787448,91937735953473,2228.605,166.025,1,1
0,12595,300,91937736184671,91937737821857,91937738399256,2214.585,577.399,1,1
0,12596,300,91937738254051,91937740287760,91937740478207,2224.156,190.447,1,1
0,12597,300,91937740688624,91937742739013,91937742907559,2218.935,168.546,1,1
0,12598,300,91937743168608,91937744783993,91937745346872,2178.264,562.879,1,1
0,12599,300,91937745194997,91937747242456,91937747423722,2228.725,181.266,1,1
0,12600,300,91937747652450,91937749699599,91937749869905,2217.455,170.306,1,1
0,12601,300,91937750114344,91937751749679,91937752331439,2217.095,581.760,1,1
0,12602,300,91937752173003,91937754206182,91937754383749,2210.746,177.567,1,1
0,12603,300,91937754616846,91937756664536,91937756840622,2223.776,176.086,1,1
0,12604,300,91937757073050,91937759122599,91937759292085,2219.035,169.486,1,1
0,12605,300,91937759122599,91937761184070,91937761708897,2586.298,524.827,1,1
0,12606,300,91937761577553,91937763626892,91937763800618,2223.065,173.726,1,1
0,12607,300,91937764036706,91937766084246,91937766254201,2217.495,169.955,1,1
0,12608,300,91937766515070,91937768132215,91937768684583,2169.513,552.368,1,1
0,12609,300,91937768541599,91937770589818,91937770757134,2215.535,167.316,1,1
0,12610,300,91937770998912,91937773047912,91937773233728,2234.816,185.816,1,1
0,12611,300,91937773458165,91937775095881,91937775646620,2188.455,550.739,1,1
0,12612,300,91937775504096,91937777553245,91937777739811,2235.715,186.566,1,1
0,12613,300,91937777971189,91937780013848,91937780195994,2224.805,182.146,1,1
0,12614,300,91937780421752,91937782060477,91937782634057,2212.305,573.580,1,1
0,12615,300,91937782476101,91937784523221,91937784705717,2229.616,182.496,1,1
0,12616,300,91937784946585,91937786972945,91937787172701,2226.116,199.756,1,1
0,12617,300,91937787384258,91937789430367,91937789594163,2209.905,163.796,1,1
0,12618,300,91937789430367,91937791478887,91937792038927,2608.560,560.040,1,1
0,12619,300,91937791890291,91937793937091,91937794123867,2233.576,186.776,1,1
0,12620,300,91937794347804,91937796395293,91937796562010,2214.206,166.717,1,1
0,12621,300,91937796804498,91937798466195,91937799015873,2211.375,549.678,1,1
0,12622,300,91937798851487,91937800899566,91937801083463,2231.976,183.897,1,1
0,12623,300,91937801325021,91937803357600,91937803518105,2193.084,160.505,1,1
0,12624,300,91937803767204,91937805405090,91937805965258,2198.054,560.168,1,1
0,12625,300,91937805822784,91937807874263,91937808054879,2232.095,180.616,1,1
0,12626,300,91937808291717,91937810341227,91937810514823,2223.106,173.596,1,1
0,12627,300,91937810738470,91937812369416,91937812941505,2203.035,572.089,1,1
0,12628,300,91937812792720,91937814834430,91937815016696,2223.976,182.266,1,1
0,12629,300,91937815237223,91937817283413,91937817461119,2223.896,177.706,1,1
0,12630,300,91937817711897,91937819741496,91937819896082,2184.185,154.586,1,1
0,12631,300,91937819741496,91937821788695,91937822338834,2597.338,550.139,1,1
0,12632,300,91937822201110,91937824247429,91937824415745,2214.635,168.316,1,1
0,12633,300,91937824658033,91937826705382,91937826861728,2203.695,156.346,1,1
0,12634,300,91937827127556,91937828753582,91937829299451,2171.895,545.869,1,1
0,12635,300,91937829162166,91937831209995,91937831379461,2217.295,169.466,1,1
0,12636,300,91937831620619,91937833675738,91937833839465,2218.846,163.727,1,1
0,12637,300,91937834077612,91937835717118,91937836288978,2211.366,571.860,1,1
0,12638,300,91937836126462,91937838173922,91937838356248,2229.786,182.326,1,1
0,12639,300,91937838583755,91937840631765,91937840793310,2209.555,161.545,1,1
0,12640,300,91937841043638,91937842681744,91937843273824,2230.186,592.080,1,1
0,12641,300,91937843105209,91937845157988,91937845341594,2236.385,183.606,1,1
0,12642,300,91937845547171,91937847593811,91937847768937,2221.766,175.126,1,1
0,12643,300,91937848017365,91937850052424,91937850238631,2221.266,186.207,1,1
0,12644,300,91937850052424,91937852116394,91937852647932,2595.508,531.538,1,1
0,12645,300,91937852510118,91937854559718,91937854737823,2227.705,178.105,1,1
0,12646,300,91937854969151,91937857014980,91937857193047,2223.896,178.067,1,1
0,12647,300,91937857425045,91937859063541,91937859634599,2209.554,571.058,1,1
0,12648,300,91937859474444,91937861522433,91937861690409,2215.965,167.976,1,1
0,12649,300,91937861930808,91937863977627,91937864178784,2247.976,201.157,1,1
0,12650,300,91937864389981,91937866028717,91937866585715,2195.734,556.998,1,1
0,12651,300,91937866443301,91937868500321,91937868681356,2238.055,181.035,1,1
0,12652,300,91937868907034,91937870941973,91937871124949,2217.915,182.976,1,1
0,12653,300,91937871351788,91937872990902,91937873557802,2206.014,566.900,1,1
0,12654,300,91937873399307,91937875448716,91937875631232,2231.925,182.516,1,1
0,12655,300,91937875856320,91937877931300,91937878131278,2274.958,199.978,1,1
0,12656,300,91937878316254,91937880378263,91937880543629,2227.375,165.366,1,1
0,12657,300,91937880378263,91937882411582,91937882960581,2582.318,548.999,1,1
0,12658,300,91937882820367,91937884867606,91937885053392,2233.025,185.786,1,1
0,12659,300,91937885277789,91937887342120,91937887519155,2241.366,177.035,1,1
0,12660,300,91937887757054,91937889376278,91937889935948,2178.894,559.670,1,1
0,12661,300,91937889792483,91937891841883,91937892034788,2242.305,192.905,1,1
0,12662,300,91937892240566,91937894288746,91937894469301,2228.735,180.555,1,1
0,12663,300,91937894698079,91937896337535,91937896897334,2199.255,559.799,1,1
0,12664,300,91937896746738,91937898794408,91937898974034,2227.296,179.626,1,1
0,12665,300,91937899225793,91937901253742,91937901426008,2200.215,172.266,1,1
0,12666,300,91937901661935,91937903302351,91937903868310,2206.375,565.959,1,1
0,12667,300,91937903711175,91937905757765,91937905951372,2240.197,193.607,1,1
0,12668,300,91937906168428,91937908222468,91937908401105,2232.677,178.637,1,1
0,12669,300,91937908643062,91937910673761,91937910849228,2206.166,175.467,1,1
0,12670,300,91937910673761,91937912742791,91937913289090,2615.329,546.299,1,1
0,12671,300,91937913129945,91937915179014,91937915355990,2226.045,176.976,1,1
0,12672,300,91937915588558,91937917635117,91937917800933,2212.375,165.816,1,1
0,12673,300,91937918045332,91937919685207,91937920262207,2216.875,577.000,1,1
0,12674,300,91937920094491,91937922141000,91937922334277,2239.786,193.277,1,1
0,12675,300,91937922552874,91937924599154,91937924767250,2214.376,168.096,1,1
0,12676,300,91937925017128,91937926648744,91937927228503,2211.375,579.759,1,1
0,12677,300,91937927057377,91937929104916,91937929307804,2250.427,202.888,1,1
0,12678,300,91937929515241,91937931568680,91937931748976,2233.735,180.296,1,1
0,12679,300,91937931974394,91937933612930,91937934197609,2223.215,584.679,1,1
0,12680,300,91937934027283,91937936090764,91937936285780,2258.497,195.016,1,1
0,12681,300,91937936485347,91937938527756,91937938714372,2229.025,186.616,1,1
0,12682,300,91937938936950,91937940994900,91937941188606,2251.656,193.706,1,1
0,12683,300,91937940994900,91937943045039,91937943592368,2597.468,547.329,1,1
0,12684,300,91937943441833,91937945490163,91937945677419,2235.586,187.256,1,1
0,12685,300,91937945902667,91937947947186,91937948138052,2235.385,190.866,1,1
0,12686,300,91937948355590,91937949999625,91937950547804,2192.214,548.179,1,1
0,12687,300,91937950403619,91937952451679,91937952630165,2226.546,178.486,1,1
0,12688,300,91937952863172,91937954911753,91937955091888,2228.716,180.135,1,1
0,12689,300,91937955318816,91937956977112,91937957519581,2200.765,542.469,1,1
0,12690,300,91937957368255,91937959414755,91937959600162,2231.907,185.407,1,1
0,12691,300,91937959825519,91937961873428,91937962055884,2230.365,182.456,1,1
0,12692,300,91937962281652,91937963921608,91937964500277,2218.625,578.669,1,1
0,12693,300,91937964330892,91937966385051,91937966570878,2239.986,185.827,1,1
0,12694,300,91937966789885,91937968837724,91937969024921,2235.036,187.197,1,1
0,12695,300,91937969247759,91937971293048,91937971458034,2210.275,164.986,1,1
0,12696,300,91937971293048,91937973364598,91937973895947,2602.899,531.349,1,1
0,12697,300,91937973751001,91937975800591,91937975986978,2235.977,186.387,1,1
0,12698,300,91937976224995,91937978256514,91937978427540,2202.545,171.026,1,1
0,12699,300,91937978668819,91937980321615,91937980878303,2209.484,556.688,1,1
0,12700,300,91937980734918,91937982762897,91937982941693,2206.775,178.796,1,1
0,12701,300,91937983187302,91937985230621,91937985391446,2204.144,160.825,1,1
0,12702,300,91937985630695,91937987267380,91937987828179,2197.484,560.799,1,1
0,12703,300,91937987677674,91937989726903,91937989906960,2229.286,180.057,1,1
0,12704,300,91937990136888,91937992186357,91937992359143,2222.255,172.786,1,1
0,12705,300,91937992592560,91937994231226,91937994805746,2213.186,574.520,1,1
0,12706,300,91937994656711,91937996707981,91937996890306,2233.595,182.325,1,1
0,12707,300,91937997099574,91937999153613,91937999328020,2228.446,174.407,1,1
0,12708,300,91937999557227,91938001603527,91938001767092,2209.865,163.565,1,1
0,12709,300,91938001603527,91938003652776,91938004208734,2605.207,555.958,1,1
0,12710,300,91938004061279,91938006111140,91938006285075,2223.796,173.935,1,1
0,12711,300,91938006518773,91938008568853,91938008736358,2217.585,167.505,1,1
0,12712,300,91938008990747,91938010616432,91938011174652,2183.905,558.220,1,1
0,12713,300,91938011026226,91938013072726,91938013254081,2227.855,181.355,1,1
0,12714,300,91938013483929,91938015534629,91938015703214,2219.285,168.585,1,1
0,12715,300,91938015947743,91938017577799,91938018152498,2204.755,574.699,1,1
0,12716,300,91938017987702,91938020037062,91938020216818,2229.116,179.756,1,1
0,12717,300,91938020445906,91938022495125,91938022657501,2211.595,162.376,1,1
0,12718,300,91938022904739,91938024542245,91938025111214,2206.475,568.969,1,1
0,12719,300,91938024950888,91938026998478,91938027191264,2240.376,192.786,1,1
0,12720,300,91938027408992,91938029457061,91938029622927,2213.935,165.866,1,1
0,12721,300,91938029885286,91938031915385,91938032081461,2196.175,166.076,1,1
0,12722,300,91938031915385,91938033980955,91938034503093,2587.708,522.138,1,1
0,12723,300,91938034373098,91938036419768,91938036585594,2212.496,165.826,1,1
0,12724,300,91938036831282,91938038878601,91938039045557,2214.275,166.956,1,1
0,12725,300,91938039288476,91938040945551,91938041473689,2185.213,528.138,1,1
0,12726,300,91938041336685,91938043383804,91938043561600,2224.915,177.796,1,1
0,12727,300,91938043795048,91938045840068,91938046020164,2225.116,180.096,1,1
0,12728,300,91938046254962,91938047895027,91938048452736,2197.774,557.709,1,1
0,12729,300,91938048309462,91938050357821,91938050528757,2219.295,170.936,1,1
0,12730,300,91938050756704,91938052805114,91938052968409,2211.705,163.295,1,1
0,12731,300,91938053214767,91938054851243,91938055411152,2196.385,559.909,1,1
0,12732,300,91938055260787,91938057309137,91938057483092,2222.305,173.955,1,1
0,12733,300,91938057718870,91938059775380,91938059949256,2230.386,173.876,1,1
0,12734,300,91938060177604,91938062225944,91938062382268,2204.664,156.324,1,1
0,12735,300,91938062225944,91938064273633,91938064826861,2600.917,553.228,1,1
0,12736,300,91938064697317,91938066729527,91938066895362,2198.045,165.835,1,1
0,12737,300,91938067140360,91938069189620,91938069347904,2207.544,158.284,1,1
0,12738,300,91938069614794,91938071236099,91938071790678,2175.884,554.579,1,1
0,12739,300,91938071646703,91938073694223,91938073863118,2216.415,168.895,1,1
0,12740,300,91938074105126,91938076153676,91938076314682,2209.556,161.006,1,1
0,12741,300,91938076570930,91938078246046,91938078791835,2220.905,545.789,1,1
0,12742,300,91938078610959,91938080674039,91938080887856,2276.897,213.817,1,1
0,12743,300,91938081068632,91938083129892,91938083298768,2230.136,168.876,1,1
0,12744,300,91938083526396,91938085164372,91938085722790,2196.394,558.418,1,1
0,12745,300,91938085573485,91938087621234,91938088164963,2591.478,543.729,1,1
0,12746,300,91938088029719,91938090078358,91938090253424,2223.705,175.066,1,1
0,12747,300,91938090486543,91938092534552,91938092689257,2202.714,154.705,1,1
0,12748,300,91938092534552,91938094582971,91938095141230,2606.678,558.259,1,1
0,12749,300,91938094993925,91938097040454,91938097215640,2221.715,175.186,1,1
0,12750,300,91938097452419,91938099498128,91938099665744,2213.325,167.616,1,1
0,12751,300,91938099909551,91938101546717,91938102107466,2197.915,560.749,1,1
0,12752,300,91938101957562,91938104019461,91938104233809,2276.247,214.348,1,1
0,12753,300,91938104414825,91938106467994,91938106627819,2212.994,159.825,1,1
0,12754,300,91938106877838,91938108511363,91938109084583,2206.745,573.220,1,1
0,12755,300,91938108921198,91938110968247,91938111153613,2232.415,185.366,1,1
0,12756,300,91938111376251,91938113433790,91938113604786,2228.535,170.996,1,1
0,12757,300,91938113858025,91938115472040,91938116053599,2195.574,581.559,1,1
0,12758,300,91938115884174,91938117950344,91938118470942,2586.768,520.598,1,1
0,12759,300,91938118341617,91938120409387,91938120575793,2234.176,166.406,1,1
0,12760,300,91938120798110,91938122845610,91938123000695,2202.585,155.085,1,1
0,12761,300,91938122845610,91938124894650,91938125438848,2593.238,544.198,1,1
0,12762,300,91938125305473,91938127351673,91938127518248,2212.775,166.575,1,1
0,12763,300,91938127760277,91938129808836,91938129973402,2213.125,164.566,1,1
0,12764,300,91938130219710,91938131863596,91938132414045,2194.335,550.449,1,1
0,12765,300,91938132268629,91938134316020,91938134495155,2226.526,179.135,1,1
0,12766,300,91938134726253,91938136774022,91938136945138,2218.885,171.116,1,1
0,12767,300,91938137183257,91938138840463,91938139389611,2206.354,549.148,1,1
0,12768,300,91938139230586,91938141277955,91938141468062,2237.476,190.107,1,1
0,12769,300,91938141687669,91938143736019,91938143906344,2218.675,170.325,1,1
0,12770,300,91938144167503,91938145783248,91938146353458,2185.955,570.210,1,1
0,12771,300,91938146192092,91938148240051,91938148775840,2583.748,535.789,1,1
0,12772,300,91938148650376,91938150708276,91938150873931,2223.555,165.655,1,1
0,12773,300,91938151110189,91938153164639,91938153326754,2216.565,162.115,1,1
0,12774,300,91938153164639,91938155205258,91938155745716,2581.077,540.458,1,1
0,12775,300,91938155613832,91938157666891,91938157853018,2239.186,186.127,1,1
0,12776,300,91938158070655,91938160120285,91938160297490,2226.835,177.205,1,1
0,12777,300,91938160529108,91938162167494,91938162723803,2194.695,556.309,1,1
0,12778,300,91938162577009,91938164626698,91938164803753,2226.744,177.055,1,1
0,12779,300,91938165034191,91938167082641,91938167265728,2231.537,183.087,1,1
0,12780,300,91938167492855,91938169139051,91938169721510,2228.655,582.459,1,1
0,12781,300,91938169570555,91938171588094,91938171768410,2197.855,180.316,1,1
0,12782,300,91938172016489,91938174045828,91938174226523,2210.034,180.695,1,1
0,12783,300,91938174454661,91938176097817,91938176683947,2229.286,586.130,1,1
0,12784,300,91938176521561,91938178550570,91938179105319,2583.758,554.749,1,1
0,12785,300,91938178960424,91938181016684,91938181202050,2241.626,185.366,1,1
0,12786,300,91938181419377,91938183467187,91938183630413,2211.036,163.226,1,1
0,12787,300,91938183467187,91938185514057,91938186074955,2607.768,560.898,1,1
0,12788,300,91938185923790,91938187973379,91938188178826,2255.036,205.447,1,1
0,12789,300,91938188382274,91938190443303,91938190606939,2224.665,163.636,1,1
0,12790,300,91938190838367,91938192496673,91938193037611,2199.244,540.938,1,1
0,12791,300,91938192888906,91938194934426,91938195112402,2223.496,177.976,1,1
0,12792,300,91938195344470,91938197395149,91938197564055,2219.585,168.906,1,1
0,12793,300,91938197802644,91938199441498,91938200027068,2224.424,585.570,1,1
0,12794,300,91938199852033,91938201917363,91938202109709,2257.676,192.346,1,1
0,12795,300,91938202307666,91938204357166,91938204528471,2220.805,171.305,1,1
0,12796,300,91938204766800,91938206419266,91938206984135,2217.335,564.869,1,1
0,12797,300,91938206826580,91938208862258,91938209405647,2579.067,543.389,1,1
0,12798,300,91938209270523,91938211318692,91938211498928,2228.405,180.236,1,1
0,12799,300,91938211730405,91938213778515,91938213941401,2210.996,162.886,1,1
0,12800,300,91938213778515,91938215826085,91938216375753,2597.238,549.668,1,1
0,12801,300,91938216234579,91938218303629,91938218491465,2256.886,187.836,1,1
0,12802,300,91938218692272,91938220741072,91938220906777,2214.505,165.705,1,1
0,12803,300,91938221152245,91938222796382,91938223345649,2193.404,549.267,1,1
0,12804,300,91938223197034,91938225262995,91938225441531,2244.497,178.536,1,1
0,12805,300,91938225674299,91938227705048,91938227883654,2209.355,178.606,1,1
0,12806,300,91938228113522,91938229756207,91938230337677,2224.155,581.470,1,1
0,12807,300,91938230181972,91938232209921,91938232398467,2216.495,188.546,1,1
0,12808,300,91938232619374,91938234673234,91938234844090,2224.716,170.856,1,1
0,12809,300,91938235088518,91938236734304,91938237292473,2203.955,558.169,1,1
0,12810,300,91938237124657,91938239173017,91938239730166,2605.509,557.149,1,1
0,12811,300,91938239596711,91938241629120,91938241815837,2219.126,186.717,1,1
0,12812,300,91938242040654,91938244088453,91938244265990,2225.336,177.537,1,1
0,12813,300,91938244088453,91938246134613,91938246685451,2596.998,550.838,1,1
0,12814,300,91938246545287,91938248604057,91938248778962,2233.675,174.905,1,1
0,12815,300,91938249027241,91938251052530,91938251225775,2198.534,173.245,1,1
0,12816,300,91938251461964,91938253107470,91938253670969,2209.005,563.499,1,1
0,12817,300,91938253524454,91938255556273,91938255732809,2208.355,176.536,1,1
0,12818,300,91938255966917,91938258028186,91938258204583,2237.666,176.397,1,1
0,12819,300,91938258445310,91938260062995,91938260632625,2187.315,569.630,1,1
0,12820,300,91938260471800,91938262540030,91938262721816,2250.016,181.786,1,1
0,12821,300,91938262930303,91938264977702,91938265178119,2247.816,200.417,1,1
0,12822,300,91938265405527,91938267026412,91938267608502,2202.975,582.090,1,1
0,12823,300,91938267436536,91938269505866,91938270058275,2621.739,552.409,1,1
0,12824,300,91938269912030,91938271940329,91938272129845,2217.815,189.516,1,1
0,12825,300,91938272369883,91938274398592,91938274565307,2195.424,166.715,1,1
0,12826,300,91938274398592,91938276446482,91938276994680,2596.088,548.198,1,1
0,12827,300,91938276854615,91938278924355,91938279110662,2256.047,186.307,1,1
0,12828,300,91938279314198,91938281360128,91938281526304,2212.106,166.176,1,1
0,12829,300,91938281772222,91938283421728,91938283993898,2221.676,572.170,1,1
0,12830,300,91938283837902,91938285867971,91938286063788,2225.886,195.817,1,1
0,12831,300,91938286277695,91938288325585,91938288500201,2222.506,174.616,1,1
0,12832,300,91938288732759,91938290372864,91938290934823,2202.064,561.959,1,1
0,12833,300,91938290781198,91938292852458,91938293043805,2262.607,191.347,1,1
0,12834,300,91938293239231,91938295288380,91938295459496,2220.265,171.116,1,1
0,12835,300,91938295698745,91938297337090,91938297905469,2206.724,568.379,1,1
0,12836,300,91938297744854,91938299808984,91938300346223,2601.369,537.239,1,1
0,12837,300,91938300204048,91938302273348,91938302449554,2245.506,176.206,1,1
0,12838,300,91938302682572,91938304709310,91938304876506,2193.934,167.196,1,1
0,12839,300,91938304709310,91938306759090,91938307314039,2604.729,554.949,1,1
0,12840,300,91938307164914,91938309228933,91938309413470,2248.556,184.537,1,1
0,12841,300,91938309647358,91938311670527,91938311849713,2202.355,179.186,1,1
0,12842,300,91938312080780,91938313721296,91938314315106,2234.326,593.810,1,1
0,12843,300,91938314157851,91938316199180,91938316389836,2231.985,190.656,1,1
0,12844,300,91938316588434,91938318633573,91938318801479,2213.045,167.906,1,1
0,12845,300,91938319046227,91938320682552,91938321254472,2208.245,571.920,1,1
0,12846,300,91938321092457,91938323139836,91938323328072,2235.615,188.236,1,1
0,12847,300,91938323551470,91938325619690,91938325801456,2249.986,181.766,1,1
0,12848,300,91938326013863,91938327645739,91938328224578,2210.715,578.839,1,1
0,12849,300,91938328055863,91938330102892,91938330653631,2597.768,550.739,1,1
0,12850,300,91938330512656,91938332560346,91938332735401,2222.745,175.055,1,1
0,12851,300,91938332971709,91938335020269,91938335198395,2226.686,178.126,1,1
0,12852,300,91938335020269,91938337066878,91938337632667,2612.398,565.789,1,1
0,12853,300,91938337491943,91938339547973,91938339723708,2231.765,175.735,1,1
0,12854,300,91938339933675,91938341992425,91938342187142,2253.467,194.717,1,1
0,12855,300,91938342391389,91938344030105,91938344590594,2199.205,560.489,1,1
0,12856,300,91938344443069,91938346488998,91938346666574,2223.505,177.576,1,1
0,12857,300,91938346898422,91938348946281,91938349129487,2231.065,183.206,1,1
0,12858,300,91938349354255,91938350998771,91938351571930,2217.675,573.159,1,1
0,12859,300,91938351407545,91938353472345,91938353652231,2244.686,179.886,1,1
0,12860,300,91938353860168,91938355909317,91938356090624,2230.456,181.307,1,1
0,12861,300,91938356321992,91938357975758,91938358526846,2204.854,551.088,1,1
0,12862,300,91938358365341,91938360422921,91938360974759,2609.418,551.838,1,1
0,12863,300,91938360834365,91938362871084,91938363057420,2223.055,186.336,1,1
0,12864,300,91938363280658,91938365330177,91938365497093,2216.435,166.916,1,1
0,12865,300,91938365330177,91938367377376,91938367926565,2596.388,549.189,1,1
