chain,seq,length,t_first_ns,t_last_ns,t_decode_ns,lat_first_us,lat_last_us,decoded,correct
0,0,300,91589160880410,91589161289273,91589162103101,1222.691,813.828,1,1
0,1,300,91589161564213,91589162125112,91589163069134,1504.921,944.022,1,1
0,2,300,91589162125112,91589162796144,91589163997936,1872.824,1201.792,1,1
0,3,300,91589162796144,91589163522359,91589164963477,2167.333,1441.118,1,1
0,4,300,91589163522359,91589164219633,91589165894680,2372.321,1675.047,1,1
0,5,300,91589164219633,91589164708020,91589166810730,2591.097,2102.710,1,1
0,6,300,91589164970008,91589165401893,91589167724572,2754.564,2322.679,1,1
0,7,300,91589165632081,91589166102417,91589168653523,3021.442,2551.106,1,1
0,8,300,91589166342715,91589166815551,91589169558274,3215.559,2742.723,1,1
0,9,300,91589166815551,91589167475153,91589170500196,3684.645,3025.043,1,1
0,10,300,91589167475153,91589168150106,91589171544911,4069.758,3394.805,1,1
0,11,300,91589168150106,91589168658933,91589172525004,4374.898,3866.071,1,1
0,12,300,91589168828549,91589169317705,91589173427955,4599.406,4110.250,1,1
0,13,300,91589169563484,91589169969367,91589174325285,4761.801,4355.918,1,1
0,14,300,91589170231047,91589170714593,91589175242006,5010.959,4527.413,1,1
0,15,300,91589170714593,91589171554242,91589176160248,5445.655,4606.006,1,1
0,16,300,91589171554242,91589172279576,91589176962395,5408.153,4682.819,1,1
0,17,300,91589172279576,91589172942598,91589177784703,5505.127,4842.105,1,1
0,18,300,91589172942598,91589173433125,91589178614031,5671.433,5180.906,1,1
0,19,300,91589173617662,91589174071817,91589179473940,5856.278,5402.123,1,1
0,20,300,91589174330296,91589174730839,91589180295758,5965.462,5564.919,1,1
0,21,300,91589174973697,91589175426993,91589181137157,6163.460,5710.164,1,1
0,22,300,91589175426993,91589176165688,91589181968875,6541.882,5803.187,1,1
0,23,300,91589176165688,91589176721907,91589182907407,6741.719,6185.500,1,1
0,24,300,91589176721907,91589177152901,91589183737755,7015.848,6584.854,1,1
0,25,300,91589177322317,91589177789453,91589184549453,7227.136,6760.000,1,1
0,26,300,91589177953039,91589178370773,91589185371780,7418.741,7001.007,1,1
0,27,300,91589178618701,91589178956133,91589186228980,7610.279,7272.847,1,1
0,28,300,91589178956133,91589179643636,91589187042827,8086.694,7399.191,1,1
0,29,300,91589179643636,91589180300769,91589187833024,8189.388,7532.255,1,1
0,30,300,91589180300769,91589180880408,91589188629131,8328.362,7748.723,1,1
0,31,300,91589180880408,91589181318923,91589189444949,8564.541,8126.026,1,1
0,32,300,91589181491409,91589181973615,91589190253216,8761.807,8279.601,1,1
0,33,300,91589182233663,91589182660658,91589191038303,8804.640,8377.645,1,1
0,34,300,91589182912267,91589183274750,91589191813519,8901.252,8538.769,1,1
0,35,300,91589183274750,91589183906200,91589192635056,9360.306,8728.856,1,1
0,36,300,91589183906200,91589184554913,91589193430193,9523.993,8875.280,1,1
0,37,300,91589184554913,91589184883554,91589194233921,9679.008,9350.367,1,1
0,38,300,91589185105071,91589185548536,91589195021587,9916.516,9473.051,1,1
0,39,300,91589185713742,91589186235169,91589195807374,10093.632,9572.205,1,1
0,40,300,91589186404825,91589186782938,91589196601641,10196.816,9818.703,1,1
0,41,300,91589186782938,91589187397619,91589197398919,10615.981,10001.300,1,1
0,42,300,91589187397619,91589188015390,91589198181545,10783.926,10166.155,1,1
0,43,300,91589188015390,91589188633281,91589199043444,11028.054,10410.163,1,1
0,44,300,91589188633281,91589188957442,91589199848312,11215.031,10890.870,1,1
0,45,300,91589189203550,91589189618575,91589200651289,11447.739,11032.714,1,1
0,46,300,91589189781950,91589190258646,91589201460026,11678.076,11201.380,1,1
0,47,300,91589190421602,91589190782924,91589202280524,11858.922,11497.600,1,1
0,48,300,91589190782924,91589191379014,91589203064080,12281.156,11685.066,1,1
0,49,300,91589191379014,91589191979955,91589203887039,12508.025,11907.084,1,1
0,50,300,91589191979955,91589192390658,91589204689816,12709.861,12299.158,1,1
0,51,300,91589192639647,91589192963428,91589205517294,12877.647,12553.866,1,1
0,52,300,91589193189546,91589193600869,91589206317791,13128.245,12716.922,1,1
0,53,300,91589193762235,91589194239191,91589207099507,13337.272,12860.316,1,1
0,54,300,91589194239191,91589194778759,91589207902545,13663.354,13123.786,1,1
0,55,300,91589195026508,91589195362629,91589208710233,13683.725,13347.604,1,1
0,56,300,91589195812485,91589196160556,91589209511289,13698.804,13350.733,1,1
0,57,300,91589196606602,91589196934833,91589210326097,13719.495,13391.264,1,1
0,58,300,91589197404269,91589197730320,91589211121844,13717.575,13391.524,1,1
0,59,300,91589198187055,91589198565858,91589211949382,13762.327,13383.524,1,1
0,60,300,91589199049734,91589199407647,91589212755449,13705.715,13347.802,1,1
0,61,300,91589199853032,91589200219244,91589213549106,13696.074,13329.862,1,1
0,62,300,91589200656259,91589200984270,91589214350334,13694.075,13366.064,1,1
0,63,300,91589201465237,91589201789367,91589215155411,13690.174,13366.044,1,1
0,64,300,91589202288064,91589202620035,91589215924457,13636.393,13304.422,1,1
0,65,300,91589203069301,91589203435244,91589216713214,13643.913,13277.970,1,1
0,66,300,91589203892479,91589204258381,91589217498201,13605.722,13239.820,1,1
0,67,300,91589204695266,91589205040248,91589218306978,13611.712,13266.730,1,1
0,68,300,91589205522174,91589205849315,91589219080354,13558.180,13231.039,1,1
0,69,300,91589206324281,91589206655593,91589219862131,13537.850,13206.538,1,1
0,70,300,91589207105218,91589207454350,91589220650217,13544.999,13195.867,1,1
0,71,300,91589207907275,91589208256557,91589221452005,13544.730,13195.448,1,1
0,72,300,91589208715412,91589209055334,91589222232560,13517.148,13177.226,1,1
0,73,300,91589209517130,91589209843690,91589223014227,13497.097,13170.537,1,1
0,74,300,91589210333247,91589210665699,91589223804004,13470.757,13138.305,1,1
0,75,300,91589211129614,91589211463486,91589224611742,13482.128,13148.256,1,1
0,76,300,91589211955442,91589212329025,91589225388728,13433.286,13059.703,1,1
0,77,300,91589212760120,91589213106611,91589226170244,13410.124,13063.633,1,1
0,78,300,91589213554436,91589213880807,91589226944231,13389.795,13063.424,1,1
0,79,300,91589214355624,91589214680194,91589227762188,13406.564,13081.994,1,1
0,80,300,91589215161441,91589215487582,91589228551746,13390.305,13064.164,1,1
0,81,300,91589215928838,91589216284360,91589229338982,13410.144,13054.622,1,1
0,82,300,91589216718354,91589217053825,91589230133279,13414.925,13079.454,1,1
0,83,300,91589217503180,91589217826622,91589230918196,13415.016,13091.574,1,1
0,84,300,91589218312478,91589218638049,91589231717152,13404.674,13079.103,1,1
0,85,300,91589219086694,91589219425856,91589232816960,13730.266,13391.104,1,1
0,86,300,91589219866731,91589220216553,91589233805854,13939.123,13589.301,1,1
0,87,300,91589220654198,91589220982298,91589234655463,14001.265,13673.165,1,1
0,88,300,91589221457475,91589221784766,91589235456400,13998.925,13671.634,1,1
0,89,300,91589222237581,91589222565393,91589236306348,14068.767,13740.955,1,1
0,90,300,91589223019328,91589223361440,91589237138256,14118.928,13776.816,1,1
0,91,300,91589223808314,91589224159266,91589237963235,14154.921,13803.969,1,1
0,92,300,91589224616832,91589224939543,91589238754611,14137.779,13815.068,1,1
0,93,300,91589225394248,91589225721330,91589239565439,14171.191,13844.109,1,1
0,94,300,91589226175595,91589226504146,91589240366806,14191.211,13862.660,1,1
0,95,300,91589226948691,91589227301803,91589241174894,14226.203,13873.091,1,1
0,96,300,91589227766779,91589228118820,91589241958040,14191.261,13839.220,1,1
0,97,300,91589228556815,91589228879417,91589242771418,14214.603,13892.001,1,1
0,98,300,91589229344003,91589229670703,91589243587245,14243.242,13916.542,1,1
0,99,300,91589230139220,91589230468190,91589244411774,14272.554,13943.584,1,1
0,100,300,91589230923066,91589231283008,91589245210191,14287.125,13927.183,1,1
0,101,300,91589231722293,91589232062085,91589245987087,14264.794,13925.002,1,1
0,102,300,91589232828820,91589233315107,91589246794634,13965.814,13479.527,1,1
0,103,300,91589233813164,91589234194137,91589247625512,13812.348,13431.375,1,1
0,104,300,91589234660523,91589234989654,91589248415200,13754.677,13425.546,1,1
0,105,300,91589235461379,91589235787651,91589249217476,13756.097,13429.825,1,1
0,106,300,91589236315579,91589236657440,91589249982253,13666.674,13324.813,1,1
0,107,300,91589237144367,91589237500359,91589250792330,13647.963,13291.971,1,1
0,108,300,91589237968695,91589238326547,91589251588037,13619.342,13261.490,1,1
0,109,300,91589238758912,91589239119904,91589252377043,13618.131,13257.139,1,1
0,110,300,91589239570179,91589239901590,91589253157480,13587.301,13255.890,1,1
0,111,300,91589240372397,91589240696687,91589253936877,13564.480,13240.190,1,1
0,112,300,91589241180664,91589241516575,91589254744214,13563.550,13227.639,1,1
0,113,300,91589241963151,91589242327652,91589255536711,13573.560,13209.059,1,1
0,114,300,91589242776428,91589243127850,91589256337918,13561.490,13210.068,1,1
0,115,300,91589243592396,91589243924727,91589257155146,13562.750,13230.419,1,1
0,116,300,91589244417364,91589244744015,91589257937313,13519.949,13193.298,1,1
0,117,300,91589245215800,91589245543662,91589258762800,13547.000,13219.138,1,1
0,118,300,91589245992367,91589246352059,91589259575808,13583.441,13223.749,1,1
0,119,300,91589246799315,91589247161487,91589260444738,13645.423,13283.251,1,1
0,120,300,91589247630053,91589247958003,91589261255905,13625.852,13297.902,1,1
0,121,300,91589248420099,91589248753800,91589262033861,13613.762,13280.061,1,1
0,122,300,91589249223317,91589249552268,91589262819848,13596.531,13267.580,1,1
0,123,300,91589249987053,91589250343135,91589263648826,13661.773,13305.691,1,1
0,124,300,91589250797280,91589251154853,91589264449544,13652.264,13294.691,1,1
0,125,300,91589251592747,91589251926789,91589265239990,13647.243,13313.201,1,1
0,126,300,91589252381234,91589252709295,91589266020757,13639.523,13311.462,1,1
0,127,300,91589253162661,91589253487001,91589266817144,13654.483,13330.143,1,1
0,128,300,91589253941327,91589254300149,91589267605931,13664.604,13305.782,1,1
0,129,300,91589254749154,91589255087836,91589268393347,13644.193,13305.511,1,1
0,130,300,91589255541271,91589255868163,91589269183514,13642.243,13315.351,1,1
0,131,300,91589256342848,91589256672559,91589269975241,13632.393,13302.682,1,1
0,132,300,91589257164317,91589257508988,91589270759087,13594.770,13250.099,1,1
0,133,300,91589257941573,91589258322705,91589271547964,13606.391,13225.259,1,1
0,134,300,91589258767711,91589259137163,91589272340291,13572.580,13203.128,1,1
0,135,300,91589259580468,91589259913069,91589273166549,13586.081,13253.480,1,1
0,136,300,91589260456298,91589260792519,91589273929775,13473.477,13137.256,1,1
0,137,300,91589261262635,91589261593216,91589274744333,13481.698,13151.117,1,1
0,138,300,91589262038632,91589262389974,91589275555470,13516.838,13165.496,1,1
0,139,300,91589262824218,91589263191931,91589276414319,13590.101,13222.388,1,1
0,140,300,91589263653757,91589263985538,91589277236568,13582.811,13251.030,1,1
0,141,300,91589264454533,91589264783395,91589278022174,13567.641,13238.779,1,1
0,142,300,91589265245741,91589265571231,91589278806821,13561.080,13235.590,1,1
0,143,300,91589266025396,91589266366238,91589279629998,13604.602,13263.760,1,1
0,144,300,91589266821674,91589267171516,91589280431486,13609.812,13259.970,1,1
0,145,300,91589267610351,91589267937292,91589281210592,13600.241,13273.300,1,1
0,146,300,91589268399658,91589268728968,91589281980208,13580.550,13251.240,1,1
0,147,300,91589269189234,91589269521715,91589282789165,13599.931,13267.450,1,1
0,148,300,91589269979731,91589270330963,91589283604284,13624.553,13273.321,1,1
0,149,300,91589270763688,91589271103479,91589284391170,13627.482,13287.691,1,1
0,150,300,91589271552754,91589271877746,91589285186607,13633.853,13308.861,1,1
0,151,300,91589272344731,91589272679802,91589285971223,13626.492,13291.421,1,1
0,152,300,91589273172159,91589273499540,91589286780131,13607.972,13280.591,1,1
0,153,300,91589273934495,91589274310857,91589287565767,13631.272,13254.910,1,1
0,154,300,91589274749233,91589275091614,91589288353825,13604.592,13262.211,1,1
0,155,300,91589275561581,91589275904162,91589289179702,13618.121,13275.540,1,1
0,156,300,91589276421950,91589276756641,91589289948498,13526.548,13191.857,1,1
0,157,300,91589277243227,91589277576468,91589290746605,13503.378,13170.137,1,1
0,158,300,91589278027284,91589278374715,91589291540762,13513.478,13166.047,1,1
0,159,300,91589278811530,91589279167412,91589292347830,13536.300,13180.418,1,1
0,160,300,91589279635519,91589279962090,91589293136787,13501.268,13174.697,1,1
0,161,300,91589280436356,91589280762557,91589293898093,13461.737,13135.536,1,1
0,162,300,91589281215823,91589281542463,91589294700239,13484.416,13157.776,1,1
0,163,300,91589281985599,91589282339910,91589295506247,13520.648,13166.337,1,1
0,164,300,91589282794036,91589283158968,91589296301664,13507.628,13142.696,1,1
0,165,300,91589283608993,91589283933835,91589297079781,13470.788,13145.946,1,1
0,166,300,91589284396330,91589284726861,91589297853547,13457.217,13126.686,1,1
0,167,300,91589285191867,91589285523639,91589298666144,13474.277,13142.505,1,1
0,168,300,91589285976304,91589286338996,91589299490453,13514.149,13151.457,1,1
0,169,300,91589286784552,91589287134623,91589300294119,13509.567,13159.496,1,1
0,170,300,91589287570938,91589287900629,91589301089306,13518.368,13188.677,1,1
0,171,300,91589288359084,91589288690796,91589301907764,13548.680,13216.968,1,1
0,172,300,91589289185373,91589289519284,91589302726462,13541.089,13207.178,1,1
0,173,300,91589289953489,91589290301201,91589303560210,13606.721,13259.009,1,1
0,174,300,91589290751346,91589291090467,91589304393398,13642.052,13302.931,1,1
0,175,300,91589291546683,91589291875193,91589305233527,13686.844,13358.334,1,1
0,176,300,91589292353221,91589292679701,91589306057625,13704.404,13377.924,1,1
0,177,300,91589293142667,91589293469928,91589306834482,13691.815,13364.554,1,1
0,178,300,91589293902913,91589294269405,91589307638618,13735.705,13369.213,1,1
0,179,300,91589294705430,91589295050822,91589308461967,13756.537,13411.145,1,1
0,180,300,91589295511018,91589295842289,91589309247323,13736.305,13405.034,1,1
0,181,300,91589296308035,91589296636246,91589310029780,13721.745,13393.534,1,1
0,182,300,91589297084950,91589297425772,91589310801786,13716.836,13376.014,1,1
0,183,300,91589297857857,91589298214979,91589311625224,13767.367,13410.245,1,1
0,184,300,91589298671895,91589298999046,91589312417231,13745.336,13418.185,1,1
0,185,300,91589299495332,91589299825844,91589313195287,13699.955,13369.443,1,1
0,186,300,91589300301770,91589300638602,91589313971584,13669.814,13332.982,1,1
0,187,300,91589301099737,91589301454879,91589314772340,13672.603,13317.461,1,1
0,188,300,91589301912715,91589302293768,91589315576678,13663.963,13282.910,1,1
0,189,300,91589302731333,91589303091675,91589316359035,13627.702,13267.360,1,1
0,190,300,91589303564801,91589303902862,91589317154952,13590.151,13252.090,1,1
0,191,300,91589304398329,91589304723200,91589317948049,13549.720,13224.849,1,1
0,192,300,91589305247958,91589305598800,91589318738825,13490.867,13140.025,1,1
0,193,300,91589306063536,91589306405807,91589319538513,13474.977,13132.706,1,1
0,194,300,91589306839081,91589307190964,91589320324099,13485.018,13133.135,1,1
0,195,300,91589307643589,91589307974030,91589321137546,13493.957,13163.516,1,1
0,196,300,91589308467057,91589308797868,91589321902023,13434.966,13104.155,1,1
0,197,300,91589309252773,91589309581084,91589322693730,13440.957,13112.646,1,1
0,198,300,91589310035560,91589310374102,91589323485496,13449.936,13111.394,1,1
0,199,300,91589310806536,91589311166839,91589324287954,13481.418,13121.115,1,1
0,200,300,91589311630065,91589311953875,91589325056820,13426.755,13102.945,1,1
0,201,300,91589312422401,91589312746872,91589325832616,13410.215,13085.744,1,1
0,202,300,91589313201058,91589313532409,91589326617473,13416.415,13085.064,1,1
0,203,300,91589313976334,91589314327706,91589327477182,13500.848,13149.476,1,1
0,204,300,91589314777291,91589315129912,91589328283869,13506.578,13153.957,1,1
0,205,300,91589315581258,91589315907059,91589329063476,13482.218,13156.417,1,1
0,206,300,91589316363994,91589316691556,91589329850082,13486.088,13158.526,1,1
0,207,300,91589317160711,91589317489313,91589330658910,13498.199,13169.597,1,1
0,208,300,91589317953089,91589318306731,91589331445117,13492.028,13138.386,1,1
0,209,300,91589318744546,91589319084197,91589332237553,13493.007,13153.356,1,1
0,210,300,91589319543593,91589319868474,91589332996219,13452.626,13127.745,1,1
0,211,300,91589320329129,91589320657960,91589333806797,13477.668,13148.837,1,1
0,212,300,91589321143537,91589321473318,91589334598953,13455.416,13125.635,1,1
0,213,300,91589321906923,91589322259275,91589335396290,13489.367,13137.015,1,1
0,214,300,91589322698820,91589323039822,91589336186907,13488.087,13147.085,1,1
0,215,300,91589323490467,91589323817467,91589336973394,13482.927,13155.927,1,1
0,216,300,91589324292454,91589324618645,91589337754791,13462.337,13136.146,1,1
0,217,300,91589325062080,91589325403652,91589338555797,13493.717,13152.145,1,1
0,218,300,91589325837266,91589326182758,91589339355565,13518.299,13172.807,1,1
0,219,300,91589326622773,91589326955664,91589340211134,13588.361,13255.470,1,1
0,220,300,91589327485142,91589327818423,91589341192797,13707.655,13374.374,1,1
0,221,300,91589328290420,91589328620491,91589341970083,13679.663,13349.592,1,1
0,222,300,91589329068146,91589329420768,91589342787081,13718.935,13366.313,1,1
0,223,300,91589329854643,91589330201014,91589343669391,13814.748,13468.377,1,1
0,224,300,91589330664130,91589330990791,91589344464278,13800.148,13473.487,1,1
0,225,300,91589331450727,91589331777398,91589345260735,13810.008,13483.337,1,1
0,226,300,91589332243424,91589332568704,91589346041552,13798.128,13472.848,1,1
0,227,300,91589333000650,91589333356522,91589346848059,13847.409,13491.537,1,1
0,228,300,91589333811847,91589334169719,91589347642316,13830.469,13472.597,1,1
0,229,300,91589334603704,91589334931984,91589348427843,13824.139,13495.859,1,1
0,230,300,91589335401441,91589335728291,91589349237500,13836.059,13509.209,1,1
0,231,300,91589336192587,91589336526529,91589350040408,13847.821,13513.879,1,1
0,232,300,91589336978155,91589337323366,91589350824794,13846.639,13501.428,1,1
0,233,300,91589337759260,91589338104893,91589351605561,13846.301,13500.668,1,1
0,234,300,91589338560368,91589338888279,91589352400368,13840.000,13512.089,1,1
0,235,300,91589339359875,91589339688506,91589353224675,13864.800,13536.169,1,1
0,236,300,91589340230514,91589340680340,91589354015003,13784.489,13334.663,1,1
0,237,300,91589341200168,91589341537859,91589354792949,13592.781,13255.090,1,1
0,238,300,91589341975264,91589342333546,91589355586676,13611.412,13253.130,1,1
0,239,300,91589342792162,91589343205565,91589356392003,13599.841,13186.438,1,1
0,240,300,91589343675012,91589344020553,91589357180369,13505.357,13159.816,1,1
0,241,300,91589344470429,91589344802890,91589357964796,13494.367,13161.906,1,1
0,242,300,91589345266796,91589345598857,91589358748703,13481.907,13149.846,1,1
0,243,300,91589346047012,91589346396164,91589359578161,13531.149,13181.997,1,1
0,244,300,91589346852949,91589347206641,91589360360618,13507.669,13153.977,1,1
0,245,300,91589347647946,91589347975647,91589361147444,13499.498,13171.797,1,1
0,246,300,91589348433713,91589348772214,91589361916730,13483.017,13144.516,1,1
0,247,300,91589349243191,91589349577532,91589362717928,13474.737,13140.396,1,1
0,248,300,91589350046137,91589350394790,91589363517005,13470.868,13122.215,1,1
0,249,300,91589350829614,91589351174485,91589364311352,13481.738,13136.867,1,1
0,250,300,91589351610471,91589351937662,91589365099238,13488.767,13161.576,1,1
0,251,300,91589352405428,91589352737409,91589365898475,13493.047,13161.066,1,1
0,252,300,91589353230145,91589353561967,91589366684832,13454.687,13122.865,1,1
0,253,300,91589354020282,91589354365064,91589367482059,13461.777,13116.995,1,1
0,254,300,91589354797919,91589355154221,91589368275706,13477.787,13121.485,1,1
0,255,300,91589355591365,91589355913667,91589369077563,13486.198,13163.896,1,1
0,256,300,91589356397353,91589356727984,91589369864581,13467.228,13136.597,1,1
0,257,300,91589357186250,91589357518391,91589370644046,13457.796,13125.655,1,1
0,258,300,91589357969327,91589358322388,91589371440093,13470.766,13117.705,1,1
0,259,300,91589358753263,91589359104435,91589372253141,13499.878,13148.706,1,1
0,260,300,91589359582761,91589359910052,91589373028907,13446.146,13118.855,1,1
0,261,300,91589360365257,91589360691699,91589373805003,13439.746,13113.304,1,1
0,262,300,91589361153475,91589361478685,91589374597900,13444.425,13119.215,1,1
0,263,300,91589361921511,91589362271862,91589375403078,13481.567,13131.216,1,1
0,264,300,91589362723148,91589363061210,91589376192375,13469.227,13131.165,1,1
0,265,300,91589363521925,91589363851986,91589376955521,13433.596,13103.535,1,1
0,266,300,91589364316422,91589364648823,91589377740467,13424.045,13091.644,1,1
0,267,300,91589365105029,91589365442730,91589378550625,13445.596,13107.895,1,1
0,268,300,91589365903166,91589366257308,91589379341912,13438.746,13084.604,1,1
0,269,300,91589366689652,91589367027794,91589380135999,13446.347,13108.205,1,1
0,270,300,91589367486689,91589367811881,91589380918235,13431.546,13106.354,1,1
0,271,300,91589368280856,91589368607458,91589381729743,13448.887,13122.285,1,1
0,272,300,91589369087654,91589369433015,91589382524820,13437.166,13091.805,1,1
0,273,300,91589369869770,91589370215312,91589383308176,13438.406,13092.864,1,1
0,274,300,91589370649207,91589370978267,91589384086312,13437.105,13108.045,1,1
0,275,300,91589371445184,91589371775305,91589384894969,13449.785,13119.664,1,1
0,276,300,91589372259141,91589372587022,91589385687067,13427.926,13100.045,1,1
0,277,300,91589373034647,91589373373859,91589386482914,13448.267,13109.055,1,1
0,278,300,91589373809914,91589374169636,91589387279141,13469.227,13109.505,1,1
0,279,300,91589374602601,91589374929982,91589388074208,13471.607,13144.226,1,1
0,280,300,91589375408718,91589375739230,91589388848805,13440.087,13109.575,1,1
0,281,300,91589376197895,91589376526066,91589389629820,13431.925,13103.754,1,1
0,282,300,91589376960631,91589377311723,91589390429068,13468.437,13117.345,1,1
0,283,300,91589377745137,91589378086909,91589391243235,13498.098,13156.326,1,1
0,284,300,91589378555405,91589378882846,91589392016391,13460.986,13133.545,1,1
0,285,300,91589379347241,91589379674653,91589392787467,13440.226,13112.814,1,1
0,286,300,91589380141609,91589380476701,91589393570194,13428.585,13093.493,1,1
0,287,300,91589380923215,91589381272528,91589394384182,13460.967,13111.654,1,1
0,288,300,91589381734892,91589382074234,91589395190760,13455.868,13116.526,1,1
0,289,300,91589382530219,91589382854701,91589395965566,13435.347,13110.865,1,1
0,290,300,91589383313626,91589383640687,91589396761123,13447.497,13120.436,1,1
0,291,300,91589384093423,91589384434844,91589397560749,13467.326,13125.905,1,1
0,292,300,91589384900750,91589385250812,91589398353186,13452.436,13102.374,1,1
0,293,300,91589385692407,91589386030828,91589399156914,13464.507,13126.086,1,1
0,294,300,91589386487834,91589386816505,91589399937121,13449.287,13120.616,1,1
0,295,300,91589387284161,91589387612373,91589400748848,13464.687,13136.475,1,1
0,296,300,91589388080008,91589388420610,91589401541765,13461.757,13121.155,1,1
0,297,300,91589388853614,91589389200986,91589402332921,13479.307,13131.935,1,1
0,298,300,91589389634991,91589389963632,91589403123649,13488.658,13160.017,1,1
0,299,300,91589390434308,91589390759619,91589403906905,13472.597,13147.286,1,1
0,300,300,91589391248926,91589391575616,91589404697681,13448.755,13122.065,1,1
0,301,300,91589392022172,91589392359323,91589405495839,13473.667,13136.516,1,1
0,302,300,91589392792378,91589393138300,91589406321307,13528.929,13183.007,1,1
0,303,300,91589393575995,91589393902745,91589407127214,13551.219,13224.469,1,1
0,304,300,91589394389572,91589394727274,91589407901750,13512.178,13174.476,1,1
0,305,300,91589395197119,91589395526421,91589408698687,13501.568,13172.266,1,1
0,306,300,91589395970065,91589396322697,91589409494254,13524.189,13171.557,1,1
0,307,300,91589396765902,91589397105624,91589410297032,13531.130,13191.408,1,1
0,308,300,91589397565440,91589397889011,91589411095069,13529.629,13206.058,1,1
0,309,300,91589398358547,91589398685058,91589411874756,13516.209,13189.698,1,1
0,310,300,91589399162664,91589399490995,91589412674082,13511.418,13183.087,1,1
0,311,300,91589399942281,91589400288912,91589413489790,13547.509,13200.878,1,1
0,312,300,91589400753758,91589401100830,91589414305287,13551.529,13204.457,1,1
0,313,300,91589401546665,91589401869286,91589415093135,13546.470,13223.849,1,1
0,314,300,91589402338912,91589402665422,91589415878771,13539.859,13213.349,1,1
0,315,300,91589403129858,91589403459330,91589416689798,13559.940,13230.468,1,1
0,316,300,91589403912745,91589404269137,91589417487005,13574.260,13217.868,1,1
0,317,300,91589404702552,91589405042704,91589418284833,13582.281,13242.129,1,1
0,318,300,91589405500199,91589405827220,91589419073030,13572.831,13245.810,1,1
0,319,300,91589406327448,91589406650998,91589419877127,13549.679,13226.129,1,1
0,320,300,91589407133014,91589407465116,91589420685055,13552.041,13219.939,1,1
0,321,300,91589407907391,91589408265323,91589421474711,13567.320,13209.388,1,1
0,322,300,91589408704018,91589409049959,91589422267108,13563.090,13217.149,1,1
0,323,300,91589409499055,91589409823805,91589423061995,13562.940,13238.190,1,1
0,324,300,91589410303062,91589410637654,91589423844812,13541.750,13207.158,1,1
0,325,300,91589411102239,91589411442701,91589424658149,13555.910,13215.448,1,1
0,326,300,91589411880485,91589412243038,91589425465816,13585.331,13222.778,1,1
0,327,300,91589412679543,91589413026284,91589426273494,13593.951,13247.210,1,1
0,328,300,91589413495080,91589413831842,91589427048561,13553.481,13216.719,1,1
0,329,300,91589414311128,91589414639039,91589427823277,13512.149,13184.238,1,1
0,330,300,91589415101554,91589415444677,91589428634514,13532.960,13189.837,1,1
0,331,300,91589415883781,91589416237823,91589429457312,13573.531,13219.489,1,1
0,332,300,91589416695419,91589417042581,91589430257879,13562.460,13215.298,1,1
0,333,300,91589417492376,91589417819787,91589431057326,13564.950,13237.539,1,1
0,334,300,91589418289883,91589418616714,91589431836733,13546.850,13220.019,1,1
0,335,300,91589419078819,91589419419571,91589432647980,13569.161,13228.409,1,1
0,336,300,91589419881907,91589420240889,91589433431657,13549.750,13190.768,1,1
0,337,300,91589420691114,91589421034056,91589434220824,13529.710,13186.768,1,1
0,338,300,91589421480272,91589421809653,91589434998320,13518.048,13188.667,1,1
0,339,300,91589422272408,91589422601069,91589435817868,13545.460,13216.799,1,1
0,340,300,91589423067835,91589423408367,91589436618324,13550.489,13209.957,1,1
0,341,300,91589423849521,91589424205553,91589437413201,13563.680,13207.648,1,1
0,342,300,91589424663460,91589424998081,91589438221629,13558.169,13223.548,1,1
0,343,300,91589425471027,91589425797937,91589439026296,13555.269,13228.359,1,1
0,344,300,91589426279154,91589426609146,91589439818334,13539.180,13209.188,1,1
0,345,300,91589427053760,91589427393792,91589440619120,13565.360,13225.328,1,1
0,346,300,91589427828866,91589428179029,91589441425258,13596.392,13246.229,1,1
0,347,300,91589428639325,91589428966035,91589442247635,13608.310,13281.600,1,1
0,348,300,91589429462302,91589429792094,91589443054843,13592.541,13262.749,1,1
0,349,300,91589430264279,91589430600091,91589443845790,13581.511,13245.699,1,1
0,350,300,91589431062337,91589431404878,91589444651378,13589.041,13246.500,1,1
0,351,300,91589431841323,91589432189255,91589445467736,13626.413,13278.481,1,1
0,352,300,91589432653071,91589432979061,91589446270882,13617.811,13291.821,1,1
0,353,300,91589433437547,91589433765208,91589447068299,13630.752,13303.091,1,1
0,354,300,91589434226854,91589434561085,91589447850086,13623.232,13289.001,1,1
0,355,300,91589435015201,91589435358353,91589448672014,13656.813,13313.661,1,1
0,356,300,91589435822817,91589436176760,91589449458921,13636.104,13282.161,1,1
0,357,300,91589436622975,91589436950267,91589450253657,13630.682,13303.390,1,1
0,358,300,91589437419592,91589437754933,91589451034564,13614.972,13279.631,1,1
0,359,300,91589438227650,91589438561441,91589451829371,13601.721,13267.930,1,1
0,360,300,91589439032317,91589439370868,91589452646929,13614.612,13276.061,1,1
0,361,300,91589439823433,91589440182426,91589453437776,13614.343,13255.350,1,1
0,362,300,91589440623951,91589440954512,91589454222572,13598.621,13268.060,1,1
0,363,300,91589441430459,91589441756209,91589455018119,13587.660,13261.910,1,1
0,364,300,91589442253356,91589442593578,91589455790285,13536.929,13196.707,1,1
0,365,300,91589443060384,91589443405705,91589456589192,13528.808,13183.487,1,1
0,366,300,91589443850450,91589444205212,91589457380390,13529.940,13175.178,1,1
0,367,300,91589444656367,91589444984569,91589458182396,13526.029,13197.827,1,1
0,368,300,91589445473455,91589445802757,91589458945963,13472.508,13143.206,1,1
0,369,300,91589446276573,91589446601873,91589459749899,13473.326,13148.026,1,1
0,370,300,91589447073480,91589447415902,91589460563817,13490.337,13147.915,1,1
0,371,300,91589447856097,91589448210469,91589461379365,13523.268,13168.896,1,1
0,372,300,91589448676614,91589449016835,91589462177342,13500.728,13160.507,1,1
0,373,300,91589449463871,91589449789022,91589462949058,13485.187,13160.036,1,1
0,374,300,91589450259888,91589450588519,91589463754316,13494.428,13165.797,1,1
0,375,300,91589451039884,91589451380166,91589464581144,13541.260,13200.978,1,1
0,376,300,91589451834341,91589452202934,91589465369841,13535.500,13166.907,1,1
0,377,300,91589452652169,91589452980320,91589466158687,13506.518,13178.367,1,1
0,378,300,91589453442926,91589453767937,91589466930803,13487.877,13162.866,1,1
0,379,300,91589454227582,91589454557093,91589467734251,13506.669,13177.158,1,1
0,380,300,91589455023349,91589455362081,91589468530908,13507.559,13168.827,1,1
0,381,300,91589455795505,91589456143178,91589469315574,13520.069,13172.396,1,1
0,382,300,91589456594673,91589456921993,91589470091940,13497.267,13169.947,1,1
0,383,300,91589457385459,91589457709111,91589470899888,13514.429,13190.777,1,1
0,384,300,91589458188787,91589458515208,91589471710146,13521.359,13194.938,1,1
0,385,300,91589458950643,91589459307724,91589472510263,13559.620,13202.539,1,1
0,386,300,91589459755390,91589460114732,91589473293669,13538.279,13178.937,1,1
0,387,300,91589460568417,91589460898468,91589474091526,13523.109,13193.058,1,1
0,388,300,91589461384525,91589461715706,91589474870493,13485.968,13154.787,1,1
0,389,300,91589462183252,91589462515273,91589475668510,13485.258,13153.237,1,1
0,390,300,91589462954248,91589463305460,91589476466697,13512.449,13161.237,1,1
0,391,300,91589463759406,91589464102137,91589477277614,13518.208,13175.477,1,1
0,392,300,91589464586314,91589464910875,91589478054791,13468.477,13143.916,1,1
0,393,300,91589465375321,91589465701882,91589478830267,13454.946,13128.385,1,1
0,394,300,91589466164457,91589466499429,91589479621774,13457.317,13122.345,1,1
0,395,300,91589466935424,91589467284355,91589480437272,13501.848,13152.917,1,1
0,396,300,91589467739171,91589468080082,91589481225008,13485.837,13144.926,1,1
0,397,300,91589468535568,91589468861679,91589481986124,13450.556,13124.445,1,1
0,398,300,91589469320664,91589469646436,91589482783361,13462.697,13136.925,1,1
0,399,300,91589470100441,91589470446652,91589483587299,13486.858,13140.647,1,1
0,400,300,91589470904828,91589471267350,91589484376565,13471.737,13109.215,1,1
0,401,300,91589471715076,91589472057227,91589485165302,13450.226,13108.075,1,1
0,402,300,91589472515922,91589472842214,91589485931988,13416.066,13089.774,1,1
0,403,300,91589473298939,91589473626590,91589486741036,13442.097,13114.446,1,1
0,404,300,91589474099287,91589474440169,91589487538643,13439.356,13098.474,1,1
0,405,300,91589474876343,91589475226165,91589488323899,13447.556,13097.734,1,1
0,406,300,91589475674380,91589476015141,91589489127377,13452.997,13112.236,1,1
0,407,300,91589476471827,91589476798258,91589489915343,13443.516,13117.085,1,1
0,408,300,91589477283175,91589477615056,91589490719561,13436.386,13104.505,1,1
0,409,300,91589478059691,91589478400382,91589491551969,13492.278,13151.587,1,1
0,410,300,91589478835238,91589479185699,91589492365716,13530.478,13180.017,1,1
0,411,300,91589479627144,91589479958075,91589493195634,13568.490,13237.559,1,1
0,412,300,91589480443512,91589480771133,91589493978271,13534.759,13207.138,1,1
0,413,300,91589481230278,91589481557399,91589494768358,13538.080,13210.959,1,1
0,414,300,91589481990925,91589482344296,91589495567235,13576.310,13222.939,1,1
0,415,300,91589482788562,91589483130693,91589496393273,13604.711,13262.580,1,1
0,416,300,91589483592958,91589483920080,91589497186610,13593.652,13266.530,1,1
0,417,300,91589484381666,91589484711757,91589497956156,13574.490,13244.399,1,1
0,418,300,91589485170872,91589485502383,91589498741803,13570.931,13239.420,1,1
0,419,300,91589485936858,91589486286831,91589499561710,13624.852,13274.879,1,1
0,420,300,91589486746146,91589487092517,91589500348327,13602.181,13255.810,1,1
0,421,300,91589487543732,91589487870564,91589501129953,13586.221,13259.389,1,1
0,422,300,91589488328899,91589488663511,91589501902800,13573.901,13239.289,1,1
0,423,300,91589489133967,91589489463388,91589502720277,13586.310,13256.889,1,1
0,424,300,91589489919923,91589490277286,91589503523705,13603.782,13246.419,1,1
0,425,300,91589490728530,91589491090023,91589504330493,13601.963,13240.470,1,1
0,426,300,91589491557189,91589491897461,91589505105099,13547.910,13207.638,1,1
0,427,300,91589492371667,91589492701738,91589505911726,13540.059,13209.988,1,1
0,428,300,91589493202645,91589493539466,91589506709543,13506.898,13170.077,1,1
0,429,300,91589493983811,91589494337563,91589507492479,13508.668,13154.916,1,1
0,430,300,91589494773488,91589495121759,91589508308367,13534.879,13186.608,1,1
0,431,300,91589495572655,91589495898806,91589509102405,13529.750,13203.599,1,1
0,432,300,91589496398833,91589496731865,91589509875671,13476.838,13143.806,1,1
0,433,300,91589497192971,91589497524692,91589510685508,13492.537,13160.816,1,1
0,434,300,91589497961726,91589498310768,91589511473594,13511.868,13162.826,1,1
0,435,300,91589498746352,91589499086234,91589512289012,13542.660,13202.778,1,1
0,436,300,91589499567011,91589499893951,91589513081899,13514.888,13187.948,1,1
0,437,300,91589500352978,91589500678028,91589513854996,13502.018,13176.968,1,1
0,438,300,91589501137154,91589501472055,91589514657803,13520.649,13185.748,1,1
0,439,300,91589501907820,91589502267822,91589515464670,13556.850,13196.848,1,1
0,440,300,91589502725188,91589503071190,91589516254207,13529.019,13183.017,1,1
0,441,300,91589503528275,91589503860996,91589517044814,13516.539,13183.818,1,1
0,442,300,91589504336132,91589504662864,91589517822500,13486.368,13159.636,1,1
0,443,300,91589505119569,91589505455611,91589518634627,13515.058,13179.016,1,1
0,444,300,91589505917166,91589506274369,91589519432935,13515.769,13158.566,1,1
0,445,300,91589506714664,91589507055194,91589520212121,13497.457,13156.927,1,1
0,446,300,91589507497049,91589507827590,91589520977587,13480.538,13149.997,1,1
0,447,300,91589508313427,91589508637969,91589521775554,13462.127,13137.585,1,1
0,448,300,91589509118715,91589509445646,91589522567631,13448.916,13121.985,1,1
0,449,300,91589509880800,91589510240853,91589523354918,13474.118,13114.065,1,1
0,450,300,91589510690388,91589511030919,91589524142194,13451.806,13111.275,1,1
0,451,300,91589511478595,91589511806076,91589524931511,13452.916,13125.435,1,1
0,452,300,91589512294612,91589512622203,91589525720718,13426.106,13098.515,1,1
0,453,300,91589513088669,91589513424671,91589526501304,13412.635,13076.633,1,1
0,454,300,91589513860465,91589514208568,91589527298651,13438.186,13090.083,1,1
0,455,300,91589514662543,91589514993354,91589528117849,13455.306,13124.495,1,1
0,456,300,91589515469840,91589515796502,91589528912046,13442.206,13115.544,1,1
0,457,300,91589516259797,91589516588688,91589529717994,13458.197,13129.306,1,1
0,458,300,91589517049794,91589517394025,91589530504790,13454.996,13110.765,1,1
0,459,300,91589517827061,91589518176372,91589531325048,13497.987,13148.676,1,1
0,460,300,91589518639548,91589518967949,91589532123496,13483.948,13155.547,1,1
0,461,300,91589519437885,91589519764926,91589532908292,13470.407,13143.366,1,1
0,462,300,91589520218202,91589520547433,91589533712159,13493.957,13164.726,1,1
0,463,300,91589520981977,91589521325319,91589534541277,13559.300,13215.958,1,1
0,464,300,91589521780614,91589522136036,91589535353264,13572.650,13217.228,1,1
0,465,300,91589522573071,91589522896783,91589536160722,13587.651,13263.939,1,1
0,466,300,91589523360458,91589523687089,91589536944848,13584.390,13257.759,1,1
0,467,300,91589524148445,91589524480686,91589537756697,13608.252,13276.011,1,1
0,468,300,91589524936841,91589525290733,91589538563574,13626.733,13272.841,1,1
0,469,300,91589525725398,91589526062399,91589539378301,13652.903,13315.902,1,1
0,470,300,91589526505995,91589526835826,91589540172118,13666.123,13336.292,1,1
0,471,300,91589527303542,91589527629362,91589540982596,13679.054,13353.234,1,1
0,472,300,91589528124920,91589528468201,91589541776663,13651.743,13308.462,1,1
0,473,300,91589528917947,91589529277069,91589542584590,13666.643,13307.521,1,1
0,474,300,91589529723083,91589530061025,91589543377447,13654.364,13316.422,1,1
0,475,300,91589530509411,91589530838682,91589544185304,13675.893,13346.622,1,1
0,476,300,91589531330619,91589531659470,91589544962050,13631.431,13302.580,1,1
0,477,300,91589532129585,91589532461997,91589545800909,13671.324,13338.912,1,1
0,478,300,91589532912832,91589533270664,91589546619637,13706.805,13348.973,1,1
0,479,300,91589533717320,91589534066791,91589547446355,13729.035,13379.564,1,1
0,480,300,91589534546738,91589534886759,91589548245723,13698.985,13358.964,1,1
0,481,300,91589535358965,91589535687226,91589549019549,13660.584,13332.323,1,1
0,482,300,91589536166863,91589536503803,91589549789825,13622.962,13286.022,1,1
0,483,300,91589536949569,91589537301941,91589550619533,13669.964,13317.592,1,1
0,484,300,91589537762136,91589538115598,91589551416600,13654.464,13301.002,1,1
0,485,300,91589538568614,91589538895085,91589552205116,13636.502,13310.031,1,1
0,486,300,91589539383552,91589539713343,91589552976113,13592.561,13262.770,1,1
0,487,300,91589540178069,91589540509960,91589553782770,13604.701,13272.810,1,1
0,488,300,91589540987696,91589541343518,91589554578357,13590.661,13234.839,1,1
0,489,300,91589541781623,91589542135845,91589555372224,13590.601,13236.379,1,1
0,490,300,91589542590021,91589542921382,91589556164231,13574.210,13242.849,1,1
0,491,300,91589543382407,91589543707838,91589556956187,13573.780,13248.349,1,1
0,492,300,91589544191295,91589544521655,91589557746315,13555.020,13224.660,1,1
0,493,300,91589544966941,91589545350924,91589558533491,13566.550,13182.567,1,1
0,494,300,91589545807720,91589546173372,91589559344229,13536.509,13170.857,1,1
0,495,300,91589546626167,91589546959389,91589560155267,13529.100,13195.878,1,1
0,496,300,91589547452315,91589547790837,91589560928843,13476.528,13138.006,1,1
0,497,300,91589548251712,91589548579704,91589561726869,13475.157,13147.165,1,1
0,498,300,91589549025108,91589549360100,91589562515947,13490.839,13155.847,1,1
0,499,300,91589549794575,91589550151326,91589563332584,13538.009,13181.258,1,1
0,500,300,91589550624873,91589550955504,91589564139381,13514.508,13183.877,1,1
0,501,300,91589551422880,91589551754231,91589564908117,13485.237,13153.886,1,1
0,502,300,91589552211497,91589552545108,91589565721696,13510.199,13176.588,1,1
0,503,300,91589552981893,91589553330695,91589566534373,13552.480,13203.678,1,1
0,504,300,91589553787851,91589554135232,91589567322199,13534.348,13186.967,1,1
0,505,300,91589554583138,91589554912208,91589568099096,13515.958,13186.888,1,1
0,506,300,91589555377464,91589555706785,91589568880723,13503.259,13173.938,1,1
0,507,300,91589556170191,91589556503862,91589569703430,13533.239,13199.568,1,1
0,508,300,91589556961148,91589557315930,91589570504487,13543.339,13188.557,1,1
0,509,300,91589557751394,91589558094866,91589571290765,13539.371,13195.899,1,1
0,510,300,91589558538712,91589558869223,91589572063591,13524.879,13194.368,1,1
0,511,300,91589559350129,91589559677300,91589572854897,13504.768,13177.597,1,1
0,512,300,91589560161596,91589560494598,91589573658084,13496.488,13163.486,1,1
0,513,300,91589560933832,91589561291015,91589574451522,13517.690,13160.507,1,1
0,514,300,91589561731870,91589562074592,91589575229367,13497.497,13154.775,1,1
0,515,300,91589562520987,91589562850598,91589576020265,13499.278,13169.667,1,1
0,516,300,91589563338534,91589563669586,91589576798511,13459.977,13128.925,1,1
0,517,300,91589564145722,91589564475873,91589577578027,13432.305,13102.154,1,1
0,518,300,91589564913058,91589565277810,91589578359964,13446.906,13082.154,1,1
0,519,300,91589565726695,91589566066097,91589579165631,13438.936,13099.534,1,1
0,520,300,91589566539033,91589566867134,91589579929547,13390.514,13062.413,1,1
0,521,300,91589567327560,91589567650980,91589580711973,13384.413,13060.993,1,1
0,522,300,91589568105686,91589568450198,91589581488900,13383.214,13038.702,1,1
0,523,300,91589568885572,91589569238275,91589582291477,13405.905,13053.202,1,1
0,524,300,91589569709220,91589570054243,91589583066414,13357.194,13012.171,1,1
0,525,300,91589570509448,91589570834968,91589583864841,13355.393,13029.873,1,1
0,526,300,91589571296194,91589571623346,91589584649997,13353.803,13026.651,1,1
0,527,300,91589572069240,91589572406062,91589585449174,13379.934,13043.112,1,1
0,528,300,91589572859898,91589573221319,91589586230451,13370.553,13009.132,1,1
0,529,300,91589573663174,91589573990626,91589587015757,13352.583,13025.131,1,1
0,530,300,91589574456711,91589574780793,91589587801755,13345.044,13020.962,1,1
0,531,300,91589575234558,91589575561690,91589588619022,13384.464,13057.332,1,1
0,532,300,91589576025505,91589576360686,91589589409569,13384.064,13048.883,1,1
0,533,300,91589576803111,91589577144943,91589590204046,13400.935,13059.103,1,1
0,534,300,91589577583618,91589577909348,91589590990862,13407.244,13081.514,1,1
0,535,300,91589578365285,91589578690455,91589591806820,13441.535,13116.365,1,1
0,536,300,91589579172152,91589579500552,91589592595687,13423.535,13095.135,1,1
0,537,300,91589579934288,91589580279169,91589593380333,13446.045,13101.164,1,1
0,538,300,91589580716264,91589581052865,91589594175700,13459.436,13122.835,1,1
0,539,300,91589581493650,91589581821301,91589594956227,13462.577,13134.926,1,1
0,540,300,91589582297318,91589582625799,91589595741803,13444.485,13116.004,1,1
0,541,300,91589583072104,91589583425986,91589596529311,13457.207,13103.325,1,1
0,542,300,91589583869221,91589584219593,91589597311677,13442.456,13092.084,1,1
0,543,300,91589584654667,91589584975899,91589598175496,13520.829,13199.597,1,1
0,544,300,91589585453945,91589585779385,91589598949502,13495.557,13170.117,1,1
0,545,300,91589586236712,91589586563982,91589599735770,13499.058,13171.788,1,1
0,546,300,91589587020748,91589587358589,91589600523066,13502.318,13164.477,1,1
0,547,300,91589587807434,91589588163476,91589601343124,13535.690,13179.648,1,1
0,548,300,91589588623912,91589588951594,91589602141711,13517.799,13190.117,1,1
0,549,300,91589589414789,91589589739930,91589602902926,13488.137,13162.996,1,1
0,550,300,91589590209666,91589590545028,91589603695243,13485.577,13150.215,1,1
0,551,300,91589590995093,91589591354195,91589604501841,13506.748,13147.646,1,1
0,552,300,91589591811850,91589592164372,91589605453973,13642.123,13289.601,1,1
0,553,300,91589592600168,91589592926368,91589606364284,13764.116,13437.916,1,1
0,554,300,91589593385244,91589593717705,91589607163762,13778.518,13446.057,1,1
0,555,300,91589594181291,91589594507631,91589607979609,13798.318,13471.978,1,1
0,556,300,91589594961078,91589595313439,91589608792207,13831.129,13478.768,1,1
0,557,300,91589595746724,91589596087476,91589609600974,13854.250,13513.498,1,1
0,558,300,91589596534551,91589596862132,91589610435152,13900.601,13573.020,1,1
0,559,300,91589597316197,91589597642319,91589611276011,13959.814,13633.692,1,1
0,560,300,91589598182567,91589598519188,91589612066258,13883.691,13547.070,1,1
0,561,300,91589598954793,91589599303344,91589612846244,13891.451,13542.900,1,1
0,562,300,91589599740749,91589600081801,91589613645701,13904.952,13563.900,1,1
0,563,300,91589600528376,91589600859327,91589614479479,13951.103,13620.152,1,1
0,564,300,91589601347884,91589601681036,91589615285607,13937.723,13604.571,1,1
0,565,300,91589602147451,91589602473712,91589616062834,13915.383,13589.122,1,1
0,566,300,91589602907637,91589603262799,91589616835450,13927.813,13572.651,1,1
0,567,300,91589603699724,91589604039945,91589617644847,13945.123,13604.902,1,1
0,568,300,91589604507442,91589604913445,91589618441544,13934.102,13528.099,1,1
0,569,300,91589605464064,91589605861557,91589619260842,13796.778,13399.285,1,1
0,570,300,91589606376304,91589606710756,91589620037898,13661.594,13327.142,1,1
0,571,300,91589607169791,91589607509093,91589620841915,13672.124,13332.822,1,1
0,572,300,91589607984750,91589608362421,91589621623902,13639.152,13261.481,1,1
0,573,300,91589608797257,91589609159139,91589622452810,13655.553,13293.671,1,1
0,574,300,91589609606854,91589609938905,91589623266287,13659.433,13327.382,1,1
0,575,300,91589610445693,91589610778074,91589624070025,13624.332,13291.951,1,1
0,576,300,91589611283151,91589611614742,91589624868222,13585.071,13253.480,1,1
0,577,300,91589612071428,91589612412089,91589625648099,13576.671,13236.010,1,1
0,578,300,91589612850884,91589613204616,91589626430595,13579.711,13225.979,1,1
0,579,300,91589613650762,91589613980162,91589627254653,13603.891,13274.491,1,1
0,580,300,91589614484830,91589614817671,91589628038050,13553.220,13220.379,1,1
0,581,300,91589615291497,91589615618058,91589628837896,13546.399,13219.838,1,1
0,582,300,91589616068173,91589616407605,91589629625284,13557.111,13217.679,1,1
0,583,300,91589616840109,91589617192672,91589630440061,13599.952,13247.389,1,1
0,584,300,91589617649927,91589617979348,91589631255089,13605.162,13275.741,1,1
0,585,300,91589618446634,91589618781036,91589632067256,13620.622,13286.220,1,1
0,586,300,91589619266452,91589619597553,91589633036469,13770.017,13438.916,1,1
0,587,300,91589620043008,91589620381440,91589633991752,13948.744,13610.312,1,1
0,588,300,91589620846635,91589621194927,91589634878362,14031.727,13683.435,1,1
0,589,300,91589621628232,91589621952663,91589635788332,14160.100,13835.669,1,1
0,590,300,91589622457900,91589622786441,91589636724015,14266.115,13937.574,1,1
0,591,300,91589623273018,91589623602639,91589637593274,14320.256,13990.635,1,1
0,592,300,91589624075705,91589624421017,91589638498805,14423.100,14077.788,1,1
0,593,300,91589624872612,91589625219304,91589639392845,14520.233,14173.541,1,1
0,594,300,91589625653098,91589625979530,91589640202672,14549.574,14223.142,1,1
0,595,300,91589626435525,91589626773537,91589640994240,14558.715,14220.703,1,1
0,596,300,91589627260104,91589627587804,91589641798736,14538.632,14210.932,1,1
0,597,300,91589628043730,91589628387852,91589642624775,14581.045,14236.923,1,1
0,598,300,91589628842797,91589629194318,91589643412131,14569.334,14217.813,1,1
0,599,300,91589629630103,91589629961225,91589644230739,14600.636,14269.514,1,1
0,600,300,91589630446381,91589630769712,91589644996175,14549.794,14226.463,1,1
0,601,300,91589631262128,91589631591370,91589645785422,14523.294,14194.052,1,1
0,602,300,91589632079466,91589632503961,91589646590039,14510.573,14086.078,1,1
0,603,300,91589633046439,91589633475524,91589647412877,14366.438,13937.353,1,1
0,604,300,91589633999802,91589634421677,91589648205514,14205.712,13783.837,1,1
0,605,300,91589634884861,91589635279116,91589648965950,14081.089,13686.834,1,1
0,606,300,91589635794783,91589636232928,91589649756376,13961.593,13523.448,1,1
0,607,300,91589636732814,91589637105947,91589650581785,13848.971,13475.838,1,1
0,608,300,91589637600544,91589637958507,91589651370431,13769.887,13411.924,1,1
0,609,300,91589638505774,91589638906098,91589652157488,13651.714,13251.390,1,1
0,610,300,91589639399635,91589639734627,91589652938865,13539.230,13204.238,1,1
0,611,300,91589640209232,91589640540464,91589653745191,13535.959,13204.727,1,1
0,612,300,91589640999299,91589641368072,91589654556960,13557.661,13188.888,1,1
0,613,300,91589641803617,91589642165349,91589655354766,13551.149,13189.417,1,1
0,614,300,91589642629344,91589642960806,91589656163394,13534.050,13202.588,1,1
0,615,300,91589643417392,91589643747813,91589656963451,13546.059,13215.638,1,1
0,616,300,91589644237290,91589644566100,91589657757528,13520.238,13191.428,1,1
0,617,300,91589645001415,91589645350567,91589658544414,13542.999,13193.847,1,1
0,618,300,91589645790411,91589646147824,91589659327851,13537.440,13180.027,1,1
0,619,300,91589646595359,91589646923740,91589660150609,13555.250,13226.869,1,1
0,620,300,91589647418818,91589647748068,91589660916035,13497.217,13167.967,1,1
0,621,300,91589648210964,91589648538515,91589661741563,13530.599,13203.048,1,1
0,622,300,91589648970529,91589649320652,91589662621043,13650.514,13300.391,1,1
0,623,300,91589649760957,91589650125649,91589663440200,13679.243,13314.551,1,1
0,624,300,91589650586314,91589650913156,91589664236998,13650.684,13323.842,1,1
0,625,300,91589651376442,91589651704423,91589665021275,13644.833,13316.852,1,1
0,626,300,91589652163458,91589652496709,91589665825811,13662.353,13329.102,1,1
0,627,300,91589652944015,91589653297657,91589666649590,13705.575,13351.933,1,1
0,628,300,91589653750062,91589654104644,91589667438696,13688.634,13334.052,1,1
0,629,300,91589654562169,91589654888691,91589668239704,13677.535,13351.013,1,1
0,630,300,91589655360226,91589655698878,91589669017070,13656.844,13318.192,1,1
0,631,300,91589656169394,91589656499555,91589669829448,13660.054,13329.893,1,1
0,632,300,91589656968051,91589657322713,91589670629645,13661.594,13306.932,1,1
0,633,300,91589657762138,91589658102069,91589671411751,13649.613,13309.682,1,1
0,634,300,91589658549065,91589658876016,91589672215768,13666.703,13339.752,1,1
0,635,300,91589659333391,91589659664873,91589673029366,13695.975,13364.493,1,1
0,636,300,91589660156629,91589660486760,91589673804982,13648.353,13318.222,1,1
0,637,300,91589660920986,91589661280617,91589674592829,13671.843,13312.212,1,1
0,638,300,91589661749163,91589662183868,91589675375806,13626.643,13191.938,1,1
0,639,300,91589662627293,91589662957914,91589676185683,13558.390,13227.769,1,1
0,640,300,91589663446071,91589663775352,91589676984490,13538.419,13209.138,1,1
0,641,300,91589664243238,91589664572449,91589677776547,13533.309,13204.098,1,1
0,642,300,91589665026574,91589665375957,91589678563394,13536.820,13187.437,1,1
0,643,300,91589665830462,91589666184134,91589679384961,13554.499,13200.827,1,1
0,644,300,91589666654540,91589666984801,91589680197090,13542.550,13212.289,1,1
0,645,300,91589667443657,91589667769997,91589680977315,13533.658,13207.318,1,1
0,646,300,91589668245424,91589668578895,91589681797473,13552.049,13218.578,1,1
0,647,300,91589669022131,91589669366432,91589682692674,13670.543,13326.242,1,1
0,648,300,91589669834748,91589670186610,91589683507712,13672.964,13321.102,1,1
0,649,300,91589670634355,91589670958716,91589684314299,13679.944,13355.583,1,1
0,650,300,91589671416521,91589671746372,91589685100475,13683.954,13354.103,1,1
0,651,300,91589672221159,91589672554860,91589685901763,13680.604,13346.903,1,1
0,652,300,91589673034426,91589673374108,91589686699360,13664.934,13325.252,1,1
0,653,300,91589673809613,91589674163155,91589687486146,13676.533,13322.991,1,1
0,654,300,91589674597559,91589674924771,91589688275514,13677.955,13350.743,1,1
0,655,300,91589675380576,91589675706187,91589689069800,13689.224,13363.613,1,1
0,656,300,91589676191703,91589676528455,91589689860627,13668.924,13332.172,1,1
0,657,300,91589676989150,91589677339622,91589690646833,13657.683,13307.211,1,1
0,658,300,91589677781527,91589678132109,91589691445881,13664.354,13313.772,1,1
0,659,300,91589678568173,91589678896395,91589692258558,13690.385,13362.163,1,1
0,660,300,91589679390622,91589679716713,91589693042065,13651.443,13325.352,1,1
0,661,300,91589680204179,91589680532791,91589693829491,13625.312,13296.700,1,1
0,662,300,91589680982356,91589681341668,91589694612738,13630.382,13271.070,1,1
0,663,300,91589681810124,91589682196847,91589695421035,13610.911,13224.188,1,1
0,664,300,91589682700104,91589683054926,91589696211413,13511.309,13156.487,1,1
0,665,300,91589683512782,91589683842253,91589696987279,13474.497,13145.026,1,1
0,666,300,91589684319479,91589684650770,91589697798557,13479.078,13147.787,1,1
0,667,300,91589685106566,91589685450118,91589698599943,13493.377,13149.825,1,1
0,668,300,91589685906543,91589686260825,91589699401341,13494.798,13140.516,1,1
0,669,300,91589686704390,91589687046671,91589700191577,13487.187,13144.906,1,1
0,670,300,91589687491037,91589687823048,91589700959824,13468.787,13136.776,1,1
0,671,300,91589688280973,91589688604594,91589701795982,13515.009,13191.388,1,1
0,672,300,91589689075491,91589689419172,91589702611990,13536.499,13192.818,1,1
0,673,300,91589689865828,91589690217729,91589703404117,13538.289,13186.388,1,1
0,674,300,91589690651804,91589690983835,91589704183883,13532.079,13200.048,1,1
0,675,300,91589691451181,91589691778642,91589704978950,13527.769,13200.308,1,1
0,676,300,91589692264068,91589692592849,91589705777768,13513.700,13184.919,1,1
0,677,300,91589693047626,91589693386497,91589706576794,13529.168,13190.297,1,1
0,678,300,91589693834462,91589694185473,91589707362011,13527.549,13176.538,1,1
0,679,300,91589694617979,91589694946710,91589708177939,13559.960,13231.229,1,1
0,680,300,91589695427226,91589695753147,91589708953835,13526.609,13200.688,1,1
0,681,300,91589696217582,91589696551714,91589709746922,13529.340,13195.208,1,1
0,682,300,91589696991729,91589697352821,91589710533358,13541.629,13180.537,1,1
0,683,300,91589697803557,91589698149718,91589711359317,13555.760,13209.599,1,1
0,684,300,91589698605274,91589698930645,91589712140543,13535.269,13209.898,1,1
0,685,300,91589699407731,91589699736512,91589712910229,13502.498,13173.717,1,1
0,686,300,91589700197788,91589700528129,91589713708567,13510.779,13180.438,1,1
0,687,300,91589700964983,91589701333456,91589714513563,13548.580,13180.107,1,1
0,688,300,91589701801743,91589702168515,91589715317271,13515.528,13148.756,1,1
0,689,300,91589702616860,91589702942081,91589716093257,13476.397,13151.176,1,1
0,690,300,91589703409467,91589703734368,91589716885054,13475.587,13150.686,1,1
0,691,300,91589704189903,91589704518825,91589717702342,13512.439,13183.517,1,1
0,692,300,91589704983970,91589705336783,91589718496539,13512.569,13159.756,1,1
0,693,300,91589705782787,91589706134900,91589719275775,13492.988,13140.875,1,1
0,694,300,91589706581284,91589706910005,91589720044761,13463.477,13134.756,1,1
0,695,300,91589707367401,91589707695442,91589720848979,13481.578,13153.537,1,1
0,696,300,91589708183979,91589708511880,91589721628465,13444.486,13116.585,1,1
0,697,300,91589708958535,91589709306257,91589722412322,13453.787,13106.065,1,1
0,698,300,91589709752042,91589710098464,91589723197568,13445.526,13099.104,1,1
0,699,300,91589710537468,91589710875250,91589723976714,13439.246,13101.464,1,1
0,700,300,91589711364437,91589711689058,91589724807712,13443.275,13118.654,1,1
0,701,300,91589712146523,91589712474495,91589725606030,13459.507,13131.535,1,1
0,702,300,91589712914910,91589713270322,91589726415378,13500.468,13145.056,1,1
0,703,300,91589713714006,91589714053848,91589727223945,13509.939,13170.097,1,1
0,704,300,91589714518884,91589714844274,91589727989110,13470.226,13144.836,1,1
0,705,300,91589715322921,91589715651322,91589728774667,13451.746,13123.345,1,1
0,706,300,91589716100967,91589716444839,91589729560814,13459.847,13115.975,1,1
0,707,300,91589716890285,91589717247177,91589730361431,13471.146,13114.254,1,1
0,708,300,91589717707442,91589718049733,91589731140338,13432.896,13090.605,1,1
0,709,300,91589718502379,91589718828780,91589731903283,13400.904,13074.503,1,1
0,710,300,91589719281225,91589719610487,91589732719711,13438.486,13109.224,1,1
0,711,300,91589720050052,91589720393323,91589733528609,13478.557,13135.286,1,1
0,712,300,91589720853678,91589721200441,91589734313465,13459.787,13113.024,1,1
0,713,300,91589721633165,91589721961396,91589735093992,13460.827,13132.596,1,1
0,714,300,91589722417472,91589722744433,91589735877539,13460.067,13133.106,1,1
0,715,300,91589723202978,91589723530929,91589736694317,13491.339,13163.388,1,1
0,716,300,91589723981755,91589724365878,91589737486953,13505.198,13121.075,1,1
0,717,300,91589724813933,91589725166855,91589738293710,13479.777,13126.855,1,1
0,718,300,91589725612300,91589725940511,91589739079738,13467.438,13139.227,1,1
0,719,300,91589726421127,91589726748639,91589739898055,13476.928,13149.416,1,1
0,720,300,91589727229445,91589727558296,91589740711453,13482.008,13153.157,1,1
0,721,300,91589727994121,91589728347173,91589741523060,13528.939,13175.887,1,1
0,722,300,91589728779498,91589729125929,91589742326068,13546.570,13200.139,1,1
0,723,300,91589729565434,91589729890686,91589743134095,13568.661,13243.409,1,1
0,724,300,91589730366862,91589730690302,91589743919371,13552.509,13229.069,1,1
0,725,300,91589731146028,91589731476949,91589744844382,13698.354,13367.433,1,1
0,726,300,91589731908244,91589732289127,91589745805265,13897.021,13516.138,1,1
0,727,300,91589732725721,91589733062753,91589746782269,14056.548,13719.516,1,1
0,728,300,91589733533309,91589733859850,91589747613237,14079.928,13753.387,1,1
0,729,300,91589734318526,91589734647166,91589748570229,14251.703,13923.063,1,1
0,730,300,91589735102963,91589735448994,91589749430158,14327.195,13981.164,1,1
0,731,300,91589735882828,91589736243581,91589750282957,14400.129,14039.376,1,1
0,732,300,91589736699836,91589737041218,91589751217599,14517.763,14176.381,1,1
0,733,300,91589737492313,91589737821155,91589752080728,14588.415,14259.573,1,1
0,734,300,91589738298951,91589738630392,91589752876375,14577.424,14245.983,1,1
0,735,300,91589739086617,91589739435630,91589753737064,14650.447,14301.434,1,1
0,736,300,91589739903765,91589740265727,91589754540622,14636.857,14274.895,1,1
0,737,300,91589740717252,91589741067405,91589755353099,14635.847,14285.694,1,1
0,738,300,91589741527300,91589741859162,91589756157937,14630.637,14298.775,1,1
0,739,300,91589742331207,91589742660579,91589756954054,14622.847,14293.475,1,1
0,740,300,91589743141415,91589743471926,91589757763691,14622.276,14291.765,1,1
0,741,300,91589743923961,91589744332386,91589758565098,14641.137,14232.712,1,1
0,742,300,91589744855183,91589745298928,91589759385667,14530.484,14086.739,1,1
0,743,300,91589745815646,91589746258101,91589760203363,14387.717,13945.262,1,1
0,744,300,91589746790948,91589747163911,91589760987740,14196.792,13823.829,1,1
0,745,300,91589747620927,91589748051162,91589761788408,14167.481,13737.246,1,1
0,746,300,91589748578650,91589748942801,91589762582725,14004.075,13639.924,1,1
0,747,300,91589749435869,91589749773230,91589763410202,13974.333,13636.972,1,1
0,748,300,91589750292148,91589750691161,91589764205499,13913.351,13514.338,1,1
0,749,300,91589751226159,91589751619863,91589764995976,13769.817,13376.113,1,1
0,750,300,91589752087948,91589752443620,91589765837595,13749.647,13393.975,1,1
0,751,300,91589752881635,91589753250148,91589766678093,13796.458,13427.945,1,1
0,752,300,91589753742434,91589754093246,91589767475570,13733.136,13382.324,1,1
0,753,300,91589754546172,91589754877933,91589768266847,13720.675,13388.914,1,1
0,754,300,91589755358920,91589755691841,91589769049424,13690.504,13357.583,1,1
0,755,300,91589756164596,91589756499848,91589769849891,13685.295,13350.043,1,1
0,756,300,91589756959053,91589757315705,91589770657448,13698.395,13341.743,1,1
0,757,300,91589757769471,91589758125144,91589771443005,13673.534,13317.861,1,1
0,758,300,91589758570288,91589758905759,91589772228082,13657.794,13322.323,1,1
0,759,300,91589759390806,91589759721577,91589773029079,13638.273,13307.502,1,1
0,760,300,91589760209374,91589760545585,91589773811465,13602.091,13265.880,1,1
0,761,300,91589760992951,91589761347963,91589774604582,13611.631,13256.619,1,1
0,762,300,91589761793137,91589762150759,91589775390089,13596.952,13239.330,1,1
0,763,300,91589762588454,91589762919216,91589776197326,13608.872,13278.110,1,1
0,764,300,91589763415903,91589763746064,91589777000024,13584.121,13253.960,1,1
0,765,300,91589764211470,91589764546131,91589777807251,13595.781,13261.120,1,1
0,766,300,91589765000676,91589765401620,91589778607218,13606.542,13205.598,1,1
0,767,300,91589765844525,91589766209218,91589779437287,13592.762,13228.069,1,1
0,768,300,91589766683834,91589767029575,91589780235553,13551.719,13205.978,1,1
0,769,300,91589767480291,91589767809322,91589781021540,13541.249,13212.218,1,1
0,770,300,91589768272458,91589768600848,91589781808427,13535.969,13207.579,1,1
0,771,300,91589769055005,91589769398796,91589782635255,13580.250,13236.459,1,1
0,772,300,91589769854641,91589770206314,91589783443012,13588.371,13236.698,1,1
0,773,300,91589770662679,91589770989100,91589784234659,13571.980,13245.559,1,1
0,774,300,91589771448465,91589771777576,91589785000345,13551.880,13222.769,1,1
0,775,300,91589772233532,91589772566793,91589785806512,13572.980,13239.719,1,1
0,776,300,91589773036509,91589773378861,91589786612000,13575.491,13233.139,1,1
0,777,300,91589773816896,91589774172478,91589787402017,13585.121,13229.539,1,1
0,778,300,91589774609662,91589774936284,91589788189453,13579.791,13253.169,1,1
0,779,300,91589775395510,91589775722790,91589788977580,13582.070,13254.790,1,1
0,780,300,91589776203037,91589776545439,91589789767497,13564.460,13222.058,1,1
0,781,300,91589777019764,91589777365426,91589790578634,13558.870,13213.208,1,1
0,782,300,91589777812501,91589778174004,91589791366521,13554.020,13192.517,1,1
0,783,300,91589778612428,91589778947570,91589792177059,13564.631,13229.489,1,1
0,784,300,91589779442886,91589779771728,91589792958536,13515.650,13186.808,1,1
0,785,300,91589780241563,91589780570114,91589793749962,13508.399,13179.848,1,1
0,786,300,91589781027771,91589781368972,91589794566580,13538.809,13197.608,1,1
0,787,300,91589781813297,91589782170259,91589795371997,13558.700,13201.738,1,1
0,788,300,91589782640816,91589782972847,91589796161364,13520.548,13188.517,1,1
0,789,300,91589783448493,91589783779984,91589796950701,13502.208,13170.717,1,1
0,790,300,91589784240549,91589784569210,91589797748458,13507.909,13179.248,1,1
0,791,300,91589785015836,91589785358438,91589798603107,13587.271,13244.669,1,1
0,792,300,91589785812173,91589786168475,91589799409844,13597.671,13241.369,1,1
0,793,300,91589786616640,91589786946541,91589800206271,13589.631,13259.730,1,1
0,794,300,91589787407667,91589787740348,91589800994898,13587.231,13254.550,1,1
0,795,300,91589788194523,91589788526444,91589801819165,13624.642,13292.721,1,1
0,796,300,91589788982151,91589789335453,91589802617413,13635.262,13281.960,1,1
0,797,300,91589789772917,91589790132020,91589803408269,13635.352,13276.249,1,1
0,798,300,91589790583745,91589790909495,91589804207167,13623.422,13297.672,1,1
0,799,300,91589791372041,91589791702423,91589805019934,13647.893,13317.511,1,1
0,800,300,91589792182509,91589792516490,91589805806181,13623.672,13289.691,1,1
0,801,300,91589792963505,91589793320377,91589806618919,13655.414,13298.542,1,1
0,802,300,91589793754923,91589794099904,91589807416106,13661.183,13316.202,1,1
0,803,300,91589794571680,91589794902381,91589808250704,13679.024,13348.323,1,1
0,804,300,91589795377487,91589795704238,91589809033271,13655.784,13329.033,1,1
0,805,300,91589796167374,91589796498355,91589809828938,13661.564,13330.583,1,1
0,806,300,91589796955211,91589797310093,91589810621885,13666.674,13311.792,1,1
0,807,300,91589797753268,91589798135400,91589811441463,13688.195,13306.063,1,1
0,808,300,91589798608207,91589798935448,91589812238979,13630.772,13303.531,1,1
0,809,300,91589799415854,91589799750745,91589813013076,13597.222,13262.331,1,1
0,810,300,91589800212461,91589800544232,91589813793492,13581.031,13249.260,1,1
0,811,300,91589801000228,91589801358550,91589814607749,13607.521,13249.199,1,1
0,812,300,91589801824196,91589802185118,91589815397057,13572.861,13211.939,1,1
0,813,300,91589802622213,91589802952914,91589816207264,13585.051,13254.350,1,1
0,814,300,91589803413600,91589803744311,91589816972890,13559.290,13228.579,1,1
0,815,300,91589804214177,91589804548388,91589817791257,13577.080,13242.869,1,1
0,816,300,91589805026324,91589805369737,91589818586954,13560.630,13217.217,1,1
0,817,300,91589805811252,91589806181124,91589819390412,13579.160,13209.288,1,1
0,818,300,91589806624509,91589806951960,91589820195059,13570.550,13243.099,1,1
0,819,300,91589807420836,91589807750457,91589820979896,13559.060,13229.439,1,1
0,820,300,91589808258155,91589808589746,91589821799514,13541.359,13209.768,1,1
0,821,300,91589809039080,91589809385443,91589822597401,13558.321,13211.958,1,1
0,822,300,91589809833987,91589810190569,91589823414359,13580.372,13223.790,1,1
0,823,300,91589810627124,91589810955076,91589824224636,13597.512,13269.560,1,1
0,824,300,91589811446772,91589811777954,91589824989132,13542.360,13211.178,1,1
0,825,300,91589812244939,91589812571821,91589825823660,13578.721,13251.839,1,1
0,826,300,91589813018705,91589813359197,91589826613597,13594.892,13254.400,1,1
0,827,300,91589813798652,91589814157425,91589827434355,13635.703,13276.930,1,1
0,828,300,91589814613540,91589814939620,91589828224612,13611.072,13284.992,1,1
0,829,300,91589815402386,91589815742748,91589829015428,13613.042,13272.680,1,1
0,830,300,91589816213024,91589816540745,91589829810615,13597.591,13269.870,1,1
0,831,300,91589816978240,91589817325841,91589830626003,13647.763,13300.162,1,1
0,832,300,91589817796638,91589818148510,91589831418170,13621.532,13269.660,1,1
0,833,300,91589818592355,91589818924426,91589832208876,13616.521,13284.450,1,1
0,834,300,91589819395713,91589819721863,91589833015764,13620.051,13293.901,1,1
0,835,300,91589820200969,91589820529190,91589833812641,13611.672,13283.451,1,1
0,836,300,91589820985366,91589821349818,91589834601658,13616.292,13251.840,1,1
0,837,300,91589821804773,91589822160356,91589835387815,13583.042,13227.459,1,1
0,838,300,91589822602541,91589822939652,91589836175481,13572.940,13235.829,1,1
0,839,300,91589823419038,91589823752459,91589836973579,13554.541,13221.120,1,1
0,840,300,91589824230237,91589824559737,91589837761095,13530.858,13201.358,1,1
0,841,300,91589824994402,91589825359275,91589838562683,13568.281,13203.408,1,1
0,842,300,91589825828850,91589826180012,91589839351389,13522.539,13171.377,1,1
0,843,300,91589826618768,91589826945978,91589840192248,13573.480,13246.270,1,1
0,844,300,91589827439635,91589827771126,91589841000235,13560.600,13229.109,1,1
0,845,300,91589828230392,91589828563324,91589841877455,13647.063,13314.131,1,1
0,846,300,91589829020929,91589829365590,91589842723623,13702.694,13358.033,1,1
0,847,300,91589829815486,91589830174178,91589843607584,13792.098,13433.406,1,1
0,848,300,91589830631353,91589830963315,91589844579326,13947.973,13616.011,1,1
0,849,300,91589831424250,91589831753101,91589845415924,13991.674,13662.823,1,1
0,850,300,91589832215527,91589832549498,91589846225993,14010.466,13676.495,1,1
0,851,300,91589833021935,91589833365006,91589847202375,14180.440,13837.369,1,1
0,852,300,91589833818302,91589834169754,91589847989183,14170.881,13819.429,1,1
0,853,300,91589834606838,91589834935649,91589848822981,14216.143,13887.332,1,1
0,854,300,91589835393455,91589835723917,91589849658969,14265.514,13935.052,1,1
0,855,300,91589836181362,91589836511883,91589850486287,14304.925,13974.404,1,1
0,856,300,91589836978619,91589837331601,91589851282934,14304.315,13951.333,1,1
0,857,300,91589837765985,91589838117747,91589852064341,14298.356,13946.594,1,1
0,858,300,91589838567283,91589838895804,91589852860778,14293.495,13964.974,1,1
0,859,300,91589839356839,91589839694341,91589853728907,14372.068,14034.566,1,1
0,860,300,91589840200968,91589840535850,91589854597037,14396.069,14061.187,1,1
0,861,300,91589841029736,91589841438611,91589855392174,14362.438,13953.563,1,1
0,862,300,91589841884315,91589842260818,91589856180760,14296.445,13919.942,1,1
0,863,300,91589842734364,91589843104247,91589857032720,14298.356,13928.473,1,1
0,864,300,91589843616833,91589844037278,91589857922389,14305.556,13885.111,1,1
0,865,300,91589844586897,91589844950999,91589858735937,14149.040,13784.938,1,1
0,866,300,91589845421475,91589845754856,91589859556525,14135.050,13801.669,1,1
0,867,300,91589846234942,91589846639156,91589860424174,14189.232,13785.018,1,1
0,868,300,91589847212146,91589847549538,91589861229271,14017.125,13679.733,1,1
0,869,300,91589847994932,91589848378816,91589862036718,14041.786,13657.902,1,1
0,870,300,91589848828120,91589849216074,91589862820595,13992.475,13604.521,1,1
0,871,300,91589849663209,91589849996201,91589863642044,13978.835,13645.843,1,1
0,872,300,91589850492477,91589850825938,91589864447660,13955.183,13621.722,1,1
0,873,300,91589851288434,91589851621275,91589865255978,13967.544,13634.703,1,1
0,874,300,91589852069481,91589852414222,91589866039414,13969.933,13625.192,1,1
0,875,300,91589852865578,91589853245870,91589866857482,13991.904,13611.612,1,1
0,876,300,91589853733987,91589854076149,91589867648879,13914.892,13572.730,1,1
0,877,300,91589854602317,91589854932608,91589868437036,13834.719,13504.428,1,1
0,878,300,91589855398364,91589855731425,91589869246173,13847.809,13514.748,1,1
0,879,300,91589856186350,91589856514831,91589870041660,13855.310,13526.829,1,1
0,880,300,91589857045150,91589857466914,91589870844618,13799.468,13377.704,1,1
0,881,300,91589857928960,91589858299222,91589871638665,13709.705,13339.443,1,1
0,882,300,91589858741667,91589859103930,91589872424401,13682.734,13320.471,1,1
0,883,300,91589859562755,91589859902756,91589873243789,13681.034,13341.033,1,1
0,884,300,91589860431634,91589860769596,91589874026916,13595.282,13257.320,1,1
0,885,300,91589861235632,91589861572353,91589874828793,13593.161,13256.440,1,1
0,886,300,91589862042859,91589862388721,91589875721274,13678.415,13332.553,1,1
0,887,300,91589862826116,91589863182748,91589876553742,13727.626,13370.994,1,1
0,888,300,91589863647703,91589863978065,91589877353609,13705.906,13375.544,1,1
0,889,300,91589864452881,91589864791703,91589878145285,13692.404,13353.582,1,1
0,890,300,91589865262088,91589865593150,91589878933892,13671.804,13340.742,1,1
0,891,300,91589866044535,91589866393286,91589879753610,13709.075,13360.324,1,1
0,892,300,91589866862693,91589867216895,91589880546347,13683.654,13329.452,1,1
0,893,300,91589867653889,91589867984950,91589881332904,13679.015,13347.954,1,1
0,894,300,91589868442066,91589868770068,91589882118370,13676.304,13348.302,1,1
0,895,300,91589869252364,91589869582175,91589882940008,13687.644,13357.833,1,1
0,896,300,91589870047951,91589870392772,91589883748015,13700.064,13355.243,1,1
0,897,300,91589870849947,91589871206170,91589884549563,13699.616,13343.393,1,1
0,898,300,91589871643934,91589871968996,91589885341649,13697.715,13372.653,1,1
0,899,300,91589872429582,91589872759853,91589886148907,13719.325,13389.054,1,1
0,900,300,91589873249980,91589873581981,91589886930393,13680.413,13348.412,1,1
0,901,300,91589874032386,91589874377538,91589887730701,13698.315,13353.163,1,1
0,902,300,91589874837053,91589875274328,91589888511708,13674.655,13237.380,1,1
0,903,300,91589875728013,91589876080856,91589889322325,13594.312,13241.469,1,1
0,904,300,91589876560332,91589876889533,91589890102852,13542.520,13213.319,1,1
0,905,300,91589877358738,91589877690420,91589890886538,13527.800,13196.118,1,1
0,906,300,91589878151176,91589878491247,91589891690785,13539.609,13199.538,1,1
0,907,300,91589878938682,91589879292424,91589892503593,13564.911,13211.169,1,1
0,908,300,91589879758190,91589880098422,91589893305010,13546.820,13206.588,1,1
0,909,300,91589880551867,91589880877418,91589894095527,13543.660,13218.109,1,1
0,910,300,91589881338213,91589881669015,91589894877823,13539.610,13208.808,1,1
0,911,300,91589882124081,91589882463502,91589895718871,13594.790,13255.369,1,1
0,912,300,91589882944999,91589883302520,91589896515928,13570.929,13213.408,1,1
0,913,300,91589883753426,91589884095308,91589897317436,13564.010,13222.128,1,1
0,914,300,91589884555013,91589884880614,91589898126973,13571.960,13246.359,1,1
0,915,300,91589885347310,91589885676371,91589898911520,13564.210,13235.149,1,1
0,916,300,91589886154757,91589886484838,91589899731628,13576.871,13246.790,1,1
0,917,300,91589886935634,91589887288046,91589900528765,13593.131,13240.719,1,1
0,918,300,91589887736061,91589888071203,91589901335212,13599.151,13264.009,1,1
0,919,300,91589888516407,91589888842869,91589902151560,13635.153,13308.691,1,1
0,920,300,91589889329215,91589889656296,91589902916485,13587.270,13260.189,1,1
0,921,300,91589890118712,91589890455713,91589903721053,13602.341,13265.340,1,1
0,922,300,91589890891878,91589891250110,91589904514920,13623.042,13264.810,1,1
0,923,300,91589891696595,91589892038957,91589905340108,13643.513,13301.151,1,1
0,924,300,91589892509243,91589892834974,91589906140835,13631.592,13305.861,1,1
0,925,300,91589893310960,91589893640372,91589906915961,13605.001,13275.589,1,1
0,926,300,91589894104506,91589894443658,91589907728910,13624.404,13285.252,1,1
0,927,300,91589894883483,91589895248366,91589908552167,13668.684,13303.801,1,1
0,928,300,91589895723852,91589896071453,91589909356795,13632.943,13285.342,1,1
0,929,300,91589896521599,91589896854490,91589910148991,13627.392,13294.501,1,1
0,930,300,91589897323136,91589897652827,91589910922048,13598.912,13269.221,1,1
0,931,300,91589898132514,91589898461644,91589911749845,13617.331,13288.201,1,1
0,932,300,91589898916721,91589899279412,91589912535652,13618.931,13256.240,1,1
0,933,300,91589899736748,91589900080100,91589913341559,13604.811,13261.459,1,1
0,934,300,91589900533835,91589900869866,91589914123706,13589.871,13253.840,1,1
0,935,300,91589901340233,91589901674794,91589914908833,13568.600,13234.039,1,1
0,936,300,91589902156720,91589902486791,91589915711840,13555.120,13225.049,1,1
0,937,300,91589902921946,91589903281968,91589916498487,13576.541,13216.519,1,1
0,938,300,91589903725584,91589904067815,91589917291854,13566.270,13224.039,1,1
0,939,300,91589904520751,91589904849041,91589918121042,13600.291,13272.001,1,1
0,940,300,91589905346658,91589905678080,91589918901088,13554.430,13223.008,1,1
0,941,300,91589906146295,91589906474006,91589919690035,13543.740,13216.029,1,1
0,942,300,91589906920652,91589907287084,91589920474032,13553.380,13186.948,1,1
0,943,300,91589907734829,91589908078801,91589921282659,13547.830,13203.858,1,1
0,944,300,91589908557387,91589908893049,91589922075946,13518.559,13182.897,1,1
0,945,300,91589909362804,91589909693596,91589922873883,13511.079,13180.287,1,1
0,946,300,91589910154772,91589910482663,91589923663059,13508.287,13180.396,1,1
0,947,300,91589910926668,91589911284660,91589924472808,13546.140,13188.148,1,1
0,948,300,91589911754756,91589912094447,91589925269335,13514.579,13174.888,1,1
0,949,300,91589912540483,91589912871364,91589926069121,13528.638,13197.757,1,1
0,950,300,91589913346850,91589913675520,91589926858919,13512.069,13183.399,1,1
0,951,300,91589914130117,91589914459097,91589927689936,13559.819,13230.839,1,1
0,952,300,91589914914113,91589915273645,91589928483203,13569.090,13209.558,1,1
0,953,300,91589915716520,91589916056452,91589929301221,13584.701,13244.769,1,1
0,954,300,91589916503096,91589916831878,91589930106098,13603.002,13274.220,1,1
0,955,300,91589917296833,91589917627895,91589930906285,13609.452,13278.390,1,1
0,956,300,91589918127582,91589918457313,91589931720653,13593.071,13263.340,1,1
0,957,300,91589918906809,91589919259061,91589932537891,13631.082,13278.830,1,1
0,958,300,91589919695075,91589920031747,91589933360289,13665.214,13328.542,1,1
0,959,300,91589920478861,91589920807653,91589934209557,13730.696,13401.904,1,1
0,960,300,91589921287879,91589921616370,91589934975904,13688.025,13359.534,1,1
0,961,300,91589922081396,91589922424497,91589935766740,13685.344,13342.243,1,1
0,962,300,91589922878683,91589923230195,91589936567028,13688.345,13336.833,1,1
0,963,300,91589923668590,91589923997581,91589937388066,13719.476,13390.485,1,1
0,964,300,91589924477917,91589924805949,91589938190332,13712.415,13384.383,1,1
0,965,300,91589925274434,91589925609696,91589938960268,13685.834,13350.572,1,1
0,966,300,91589926074511,91589926421624,91589939769156,13694.645,13347.532,1,1
0,967,300,91589926863188,91589927227121,91589940588174,13724.986,13361.053,1,1
0,968,300,91589927695237,91589928036668,91589941384371,13689.134,13347.703,1,1
0,969,300,91589928488074,91589928826115,91589942183609,13695.535,13357.494,1,1
0,970,300,91589929307172,91589929639453,91589942959084,13651.912,13319.631,1,1
0,971,300,91589930122189,91589930453410,91589943787723,13665.534,13334.313,1,1
0,972,300,91589930911916,91589931274578,91589944585800,13673.884,13311.222,1,1
0,973,300,91589931726663,91589932079855,91589945384197,13657.534,13304.342,1,1
0,974,300,91589932542891,91589932877712,91589946196305,13653.414,13318.593,1,1
0,975,300,91589933366099,91589933707850,91589947026792,13660.693,13318.942,1,1
0,976,300,91589934215958,91589934543878,91589947807729,13591.771,13263.851,1,1
0,977,300,91589934980854,91589935334496,91589948604886,13624.032,13270.390,1,1
0,978,300,91589935771821,91589936118162,91589949413623,13641.802,13295.461,1,1
0,979,300,91589936572698,91589936908899,91589950235021,13662.323,13326.122,1,1
0,980,300,91589937393225,91589937722027,91589951028928,13635.703,13306.901,1,1
0,981,300,91589938196353,91589938528314,91589951805565,13609.212,13277.251,1,1
0,982,300,91589938965399,91589939326121,91589952600302,13634.903,13274.181,1,1
0,983,300,91589939774167,91589940126689,91589953407399,13633.232,13280.710,1,1
0,984,300,91589940594694,91589940923196,91589954207496,13612.802,13284.300,1,1
0,985,300,91589941389461,91589941719113,91589954998743,13609.282,13279.630,1,1
0,986,300,91589942188788,91589942520919,91589955791399,13602.611,13270.480,1,1
0,987,300,91589942963434,91589943321707,91589956616828,13653.394,13295.121,1,1
0,988,300,91589943792703,91589944149425,91589957428905,13636.202,13279.480,1,1
0,989,300,91589944590690,91589944925242,91589958223752,13633.062,13298.510,1,1
0,990,300,91589945389827,91589945720629,91589959023369,13633.542,13302.740,1,1
0,991,300,91589946202395,91589946540746,91589959825247,13622.852,13284.501,1,1
0,992,300,91589947032243,91589947374725,91589960638124,13605.881,13263.399,1,1
0,993,300,91589947813220,91589948171051,91589961439332,13626.112,13268.281,1,1
0,994,300,91589948610596,91589948938968,91589962229749,13619.153,13290.781,1,1
0,995,300,91589949419524,91589949748785,91589963033695,13614.171,13284.910,1,1
0,996,300,91589950241552,91589950573343,91589963809211,13567.659,13235.868,1,1
0,997,300,91589951034769,91589951371850,91589964609139,13574.370,13237.289,1,1
0,998,300,91589951810545,91589952165037,91589965406336,13595.791,13241.299,1,1
0,999,300,91589952605132,91589952932663,91589966227934,13622.802,13295.271,1,1
0,1000,300,91589953413349,91589953742740,91589967027632,13614.283,13284.892,1,1
0,1001,300,91589954213197,91589954553028,91589967810287,13597.090,13257.259,1,1
0,1002,300,91589955015863,91589955359695,91589968627865,13612.002,13268.170,1,1
0,1003,300,91589955796540,91589956151042,91589969451024,13654.484,13299.982,1,1
0,1004,300,91589956622298,91589956957540,91589970245030,13622.732,13287.490,1,1
0,1005,300,91589957433936,91589957764967,91589971060958,13627.022,13295.991,1,1
0,1006,300,91589958229353,91589958562224,91589971855425,13626.072,13293.201,1,1
0,1007,300,91589959030680,91589959373991,91589972679543,13648.863,13305.552,1,1
0,1008,300,91589959830977,91589960185729,91589973475320,13644.343,13289.591,1,1
0,1009,300,91589960643135,91589960971516,91589974267607,13624.472,13296.091,1,1
0,1010,300,91589961445361,91589961772963,91589975059094,13613.733,13286.131,1,1
0,1011,300,91589962235259,91589962567160,91589975864811,13629.552,13297.651,1,1
0,1012,300,91589963040036,91589963377007,91589976656768,13616.732,13279.761,1,1
0,1013,300,91589963814612,91589964172874,91589977446085,13631.473,13273.211,1,1
0,1014,300,91589964614429,91589964940110,91589978250051,13635.622,13309.941,1,1
0,1015,300,91589965412186,91589965742257,91589979051109,13638.923,13308.852,1,1
0,1016,300,91589966234524,91589966572035,91589979843046,13608.522,13271.011,1,1
0,1017,300,91589967032921,91589967377073,91589980640403,13607.482,13263.330,1,1
0,1018,300,91589967815308,91589968185360,91589981427720,13612.412,13242.360,1,1
0,1019,300,91589968632196,91589968961727,91589982259768,13627.572,13298.041,1,1
0,1020,300,91589969456544,91589969783585,91589983035634,13579.090,13252.049,1,1
0,1021,300,91589970250791,91589970592292,91589983819680,13568.889,13227.388,1,1
0,1022,300,91589971066378,91589971411420,91589984615187,13548.809,13203.767,1,1
0,1023,300,91589971860775,91589972211137,91589985422305,13561.530,13211.168,1,1
0,1024,300,91589972684903,91589973028535,91589986223243,13538.340,13194.708,1,1
0,1025,300,91589973481270,91589973810872,91589986989308,13508.038,13178.436,1,1
0,1026,300,91589974272876,91589974600378,91589987779105,13506.229,13178.727,1,1
0,1027,300,91589975064914,91589975404855,91589988598513,13533.599,13193.658,1,1
0,1028,300,91589975870231,91589976223083,91589989385639,13515.408,13162.556,1,1
0,1029,300,91589976662548,91589976989539,91589990184046,13521.498,13194.507,1,1
0,1030,300,91589977451545,91589977786336,91589990973574,13522.029,13187.238,1,1
0,1031,300,91589978255902,91589978589103,91589991784841,13528.939,13195.738,1,1
0,1032,300,91589979057169,91589979399941,91589992581348,13524.179,13181.407,1,1
0,1033,300,91589979848156,91589980200138,91589993381456,13533.300,13181.318,1,1
0,1034,300,91589980645763,91589980973604,91589994168962,13523.199,13195.358,1,1
0,1035,300,91589981433089,91589981769591,91589994988640,13555.551,13219.049,1,1
0,1036,300,91589982267099,91589982592499,91589995781437,13514.338,13188.938,1,1
0,1037,300,91589983041025,91589983383196,91589996570213,13529.188,13187.017,1,1
0,1038,300,91589983824731,91589984177413,91589997368310,13543.579,13190.897,1,1
0,1039,300,91589984620038,91589984946899,91589998173948,13553.910,13227.049,1,1
0,1040,300,91589985427696,91589985756887,91589998956724,13529.028,13199.837,1,1
0,1041,300,91589986229022,91589986558854,91589999750721,13521.699,13191.867,1,1
0,1042,300,91589986994299,91589987344520,91590000546778,13552.479,13202.258,1,1
0,1043,300,91589987783715,91589988138217,91590001361696,13577.981,13223.479,1,1
0,1044,300,91589988603603,91589988930174,91590002151613,13548.010,13221.439,1,1
0,1045,300,91589989390760,91589989725711,91590002916199,13525.439,13190.488,1,1
0,1046,300,91589990190107,91589990530939,91590003710276,13520.169,13179.337,1,1
0,1047,300,91589990978863,91589991333155,91590004526403,13547.540,13193.248,1,1
0,1048,300,91589991789442,91589992142553,91590005315600,13526.158,13173.047,1,1
0,1049,300,91589992587329,91589992916170,91590006099897,13512.568,13183.727,1,1
0,1050,300,91589993386135,91589993716857,91590006877513,13491.378,13160.656,1,1
0,1051,300,91589994175112,91589994511264,91590007684870,13509.758,13173.606,1,1
0,1052,300,91589994994170,91589995349903,91590008486518,13492.348,13136.615,1,1
0,1053,300,91589995785967,91589996136659,91590009304446,13518.479,13167.787,1,1
0,1054,300,91589996575044,91589996902894,91590010096342,13521.298,13193.448,1,1
0,1055,300,91589997374331,91589997701822,91590010893099,13518.768,13191.277,1,1
0,1056,300,91589998180348,91589998513679,91590011683146,13502.798,13169.467,1,1
0,1057,300,91589998961685,91589999317227,91590012505914,13544.229,13188.687,1,1
0,1058,300,91589999756091,91590000100514,91590013316391,13560.300,13215.877,1,1
0,1059,300,91590000553399,91590000879809,91590014126480,13573.081,13246.671,1,1
0,1060,300,91590001368066,91590001698677,91590014896946,13528.880,13198.269,1,1
0,1061,300,91590002157683,91590002485364,91590015685072,13527.389,13199.708,1,1
0,1062,300,91590002921369,91590003280511,91590016495199,13573.830,13214.688,1,1
0,1063,300,91590003715566,91590004062087,91590017307928,13592.362,13245.841,1,1
0,1064,300,91590004531944,91590004857834,91590018096064,13564.120,13238.230,1,1
0,1065,300,91590005320810,91590005649511,91590018872190,13551.380,13222.679,1,1
0,1066,300,91590006106197,91590006445718,91590019665307,13559.110,13219.589,1,1
0,1067,300,91590006883264,91590007231805,91590020496775,13613.511,13264.970,1,1
0,1068,300,91590007690741,91590008028002,91590021288052,13597.311,13260.050,1,1
0,1069,300,91590008491818,91590008840440,91590022069889,13578.071,13229.449,1,1
0,1070,300,91590009309586,91590009645247,91590022864346,13554.760,13219.099,1,1
0,1071,300,91590010102413,91590010441335,91590023666813,13564.400,13225.478,1,1
0,1072,300,91590010898810,91590011251872,91590024467680,13568.870,13215.808,1,1
0,1073,300,91590011688326,91590012040808,91590025257217,13568.891,13216.409,1,1
0,1074,300,91590012511365,91590012840946,91590026045343,13533.978,13204.397,1,1
0,1075,300,91590013322852,91590013652793,91590026884312,13561.460,13231.519,1,1
0,1076,300,91590014133349,91590014463310,91590027689900,13556.551,13226.590,1,1
0,1077,300,91590014902145,91590015255058,91590028484417,13582.272,13229.359,1,1
0,1078,300,91590015690342,91590016027634,91590029275323,13584.981,13247.689,1,1
0,1079,300,91590016500080,91590016829840,91590030100031,13599.951,13270.191,1,1
0,1080,300,91590017313517,91590017647548,91590030885758,13572.241,13238.210,1,1
0,1081,300,91590018104554,91590018441475,91590031686905,13582.351,13245.430,1,1
0,1082,300,91590018877511,91590019238362,91590032481842,13604.331,13243.480,1,1
0,1083,300,91590019669598,91590020020639,91590033296930,13627.332,13276.291,1,1
0,1084,300,91590020501545,91590020832096,91590034073516,13571.971,13241.420,1,1
0,1085,300,91590021293472,91590021626493,91590034858792,13565.320,13232.299,1,1
0,1086,300,91590022075819,91590022419620,91590035658240,13582.421,13238.620,1,1
0,1087,300,91590022869816,91590023218327,91590036478848,13609.032,13260.521,1,1
0,1088,300,91590023672243,91590023998024,91590037275965,13603.722,13277.941,1,1
0,1089,300,91590024472800,91590024802271,91590038070912,13598.112,13268.641,1,1
0,1090,300,91590025262706,91590025592778,91590038871798,13609.092,13279.020,1,1
0,1091,300,91590026050804,91590026394465,91590039699447,13648.643,13304.982,1,1
0,1092,300,91590026891223,91590027257484,91590040514535,13623.312,13257.051,1,1
0,1093,300,91590027694749,91590028037991,91590041309352,13614.603,13271.361,1,1
0,1094,300,91590028490106,91590028822257,91590042124129,13634.023,13301.872,1,1
0,1095,300,91590029281303,91590029621635,91590042929006,13647.703,13307.371,1,1
0,1096,300,91590030107371,91590030451703,91590043723624,13616.253,13271.921,1,1
0,1097,300,91590030891258,91590031252890,91590044527170,13635.912,13274.280,1,1
0,1098,300,91590031692865,91590032033807,91590045323037,13630.172,13289.230,1,1
0,1099,300,91590032487562,91590032816394,91590046194797,13707.235,13378.403,1,1
0,1100,300,91590033301939,91590033631581,91590046966954,13665.015,13335.373,1,1
0,1101,300,91590034079116,91590034427458,91590047764870,13685.754,13337.412,1,1
0,1102,300,91590034863463,91590035221665,91590048557598,13694.135,13335.933,1,1
0,1103,300,91590035664040,91590035990501,91590049374115,13710.075,13383.614,1,1
0,1104,300,91590036485187,91590036815489,91590050182972,13697.785,13367.483,1,1
0,1105,300,91590037281894,91590037617196,91590050954639,13672.745,13337.443,1,1
0,1106,300,91590038077221,91590038427484,91590051738936,13661.715,13311.452,1,1
0,1107,300,91590038877249,91590039238801,91590052561673,13684.424,13322.872,1,1
0,1108,300,91590039704467,91590040054699,91590053358810,13654.343,13304.111,1,1
0,1109,300,91590040520985,91590040852706,91590054149537,13628.552,13296.831,1,1
0,1110,300,91590041314952,91590041643343,91590054919384,13604.432,13276.041,1,1
0,1111,300,91590042130500,91590042458460,91590055752232,13621.732,13293.772,1,1
0,1112,300,91590042934406,91590043288298,91590056547689,13613.283,13259.391,1,1
0,1113,300,91590043729533,91590044069175,91590057344976,13615.443,13275.801,1,1
0,1114,300,91590044532811,91590044866882,91590058134062,13601.251,13267.180,1,1
0,1115,300,91590045328388,91590045672649,91590058933969,13605.581,13261.320,1,1
0,1116,300,91590046200817,91590046539359,91590059754558,13553.741,13215.199,1,1
0,1117,300,91590046972323,91590047331726,91590060573635,13601.312,13241.909,1,1
0,1118,300,91590047770070,91590048120602,91590061388353,13618.283,13267.751,1,1
0,1119,300,91590048563257,91590048894988,91590062219551,13656.294,13324.563,1,1
0,1120,300,91590049379935,91590049711326,91590062998438,13618.503,13287.112,1,1
0,1121,300,91590050188623,91590050522474,91590063812645,13624.022,13290.171,1,1
0,1122,300,91590050959659,91590051306250,91590064631023,13671.364,13324.773,1,1
0,1123,300,91590051744085,91590052083637,91590065465851,13721.766,13382.214,1,1
0,1124,300,91590052567693,91590052900835,91590066264218,13696.525,13363.383,1,1
0,1125,300,91590053364921,91590053696022,91590067057175,13692.254,13361.153,1,1
0,1126,300,91590054156597,91590054490268,91590067849162,13692.565,13358.894,1,1
0,1127,300,91590054924353,91590055284375,91590068677290,13752.937,13392.915,1,1
0,1128,300,91590055757752,91590056106333,91590069471586,13713.834,13365.253,1,1
0,1129,300,91590056552359,91590056887720,91590070282425,13730.066,13394.705,1,1
0,1130,300,91590057351205,91590057681877,91590071073021,13721.816,13391.144,1,1
0,1131,300,91590058140063,91590058479604,91590071893759,13753.696,13414.155,1,1
0,1132,300,91590058938980,91590059297771,91590072716887,13777.907,13419.116,1,1
0,1133,300,91590059759937,91590060123570,91590073517914,13757.977,13394.344,1,1
0,1134,300,91590060579165,91590060916206,91590074334362,13755.197,13418.156,1,1
0,1135,300,91590061395353,91590061729154,91590075181521,13786.168,13452.367,1,1
0,1136,300,91590062226152,91590062561773,91590075966437,13740.285,13404.664,1,1
0,1137,300,91590063016828,91590063363219,91590076804986,13788.158,13441.767,1,1
0,1138,300,91590063818296,91590064179247,91590077602203,13783.907,13422.956,1,1
0,1139,300,91590064636962,91590064974124,91590078422891,13785.929,13448.767,1,1
0,1140,300,91590065472122,91590065809192,91590079246868,13774.746,13437.676,1,1
0,1141,300,91590066270158,91590066608760,91590080038976,13768.818,13430.216,1,1
0,1142,300,91590067063765,91590067409587,91590080840092,13776.327,13430.505,1,1
0,1143,300,91590067854702,91590068212445,91590081677711,13823.009,13465.266,1,1
0,1144,300,91590068683050,91590069028632,91590082481218,13798.168,13452.586,1,1
0,1145,300,91590069476677,91590069811888,91590083288185,13811.508,13476.297,1,1
0,1146,300,91590070287554,91590070626866,91590084079593,13792.039,13452.727,1,1
0,1147,300,91590071079172,91590071434264,91590084910341,13831.169,13476.077,1,1
0,1148,300,91590071900179,91590072273582,91590085735148,13834.969,13461.566,1,1
0,1149,300,91590072722117,91590073069539,91590086554746,13832.629,13485.207,1,1
0,1150,300,91590073524765,91590073859836,91590087375844,13851.079,13516.008,1,1
0,1151,300,91590074341452,91590074682773,91590088202533,13861.081,13519.760,1,1
0,1152,300,91590075188421,91590075528392,91590088980958,13792.537,13452.566,1,1
0,1153,300,91590075972108,91590076344980,91590089803297,13831.189,13458.317,1,1
0,1154,300,91590076810516,91590077166528,91590090619644,13809.128,13453.116,1,1
0,1155,300,91590077607783,91590077940414,91590091476943,13869.160,13536.529,1,1
0,1156,300,91590078428841,91590078760962,91590092274410,13845.569,13513.448,1,1
0,1157,300,91590079252989,91590079585880,91590093071508,13818.519,13485.628,1,1
0,1158,300,91590080045405,91590080390658,91590093865264,13819.859,13474.606,1,1
0,1159,300,91590080845753,91590081215135,91590094695112,13849.359,13479.977,1,1
0,1160,300,91590081683841,91590082033563,91590095513390,13829.549,13479.827,1,1
0,1161,300,91590082487519,91590082825730,91590096308947,13821.428,13483.217,1,1
0,1162,300,91590083294866,91590083630187,91590097096595,13801.729,13466.408,1,1
0,1163,300,91590084086092,91590084435865,91590097907462,13821.370,13471.597,1,1
0,1164,300,91590084916751,91590085285974,91590098718999,13802.248,13433.025,1,1
0,1165,300,91590085741319,91590086100791,91590099543727,13802.408,13442.936,1,1
0,1166,300,91590086560837,91590086903769,91590100339174,13778.337,13435.405,1,1
0,1167,300,91590087381945,91590087714266,91590101160182,13778.237,13445.916,1,1
0,1168,300,91590088209052,91590088544164,91590101932549,13723.497,13388.385,1,1
0,1169,300,91590088989349,91590089352622,91590102751817,13762.468,13399.195,1,1
0,1170,300,91590089809277,91590090178689,91590103564984,13755.707,13386.295,1,1
0,1171,300,91590090625215,91590090966577,91590104392472,13767.257,13425.895,1,1
0,1172,300,91590091482624,91590091819555,91590105184648,13702.024,13365.093,1,1
0,1173,300,91590092280371,91590092613012,91590105954025,13673.654,13341.013,1,1
0,1174,300,91590093079068,91590093430050,91590106749822,13670.754,13319.772,1,1
0,1175,300,91590093870555,91590094228047,91590107576040,13705.485,13347.993,1,1
0,1176,300,91590094701733,91590095046245,91590108373177,13671.444,13326.932,1,1
0,1177,300,91590095518751,91590095850982,91590109162433,13643.682,13311.451,1,1
0,1178,300,91590096314778,91590096647679,91590109930100,13615.322,13282.421,1,1
0,1179,300,91590097103664,91590097445696,91590110747838,13644.174,13302.142,1,1
0,1180,300,91590097913782,91590098282234,91590111552405,13638.623,13270.171,1,1
0,1181,300,91590098725340,91590099079141,91590112353172,13627.832,13274.031,1,1
0,1182,300,91590099548878,91590099877559,91590113150959,13602.081,13273.400,1,1
0,1183,300,91590100345294,91590100675356,91590113946196,13600.902,13270.840,1,1
0,1184,300,91590101166342,91590101501313,91590114738043,13571.701,13236.730,1,1
0,1185,300,91590101937388,91590102304931,91590115539150,13601.762,13234.219,1,1
0,1186,300,91590102757436,91590103103098,91590116359017,13601.581,13255.919,1,1
0,1187,300,91590103571214,91590103905905,91590117195096,13623.882,13289.191,1,1
0,1188,300,91590104398702,91590104730613,91590117974312,13575.610,13243.699,1,1
0,1189,300,91590105190689,91590105521480,91590118782210,13591.521,13260.730,1,1
0,1190,300,91590105959005,91590106314167,91590119572947,13613.942,13258.780,1,1
0,1191,300,91590106754952,91590107105953,91590120398394,13643.442,13292.441,1,1
0,1192,300,91590107582230,91590107912621,91590121208162,13625.932,13295.541,1,1
0,1193,300,91590108377937,91590108707178,91590121982799,13604.862,13275.621,1,1
0,1194,300,91590109169254,91590109500485,91590122799657,13630.403,13299.172,1,1
0,1195,300,91590109935929,91590110294802,91590123620875,13684.946,13326.073,1,1
0,1196,300,91590110752767,91590111096619,91590124415372,13662.605,13318.753,1,1
0,1197,300,91590111558605,91590111891876,91590125207418,13648.813,13315.542,1,1
0,1198,300,91590112359122,91590112696673,91590125986854,13627.732,13290.181,1,1
0,1199,300,91590113158059,91590113484400,91590126809182,13651.123,13324.782,1,1
0,1200,300,91590113951936,91590114305649,91590127607769,13655.833,13302.120,1,1
0,1201,300,91590114744433,91590115088084,91590128390186,13645.753,13302.102,1,1
0,1202,300,91590115544640,91590115876651,91590129177593,13632.953,13300.942,1,1
0,1203,300,91590116365208,91590116706190,91590129969679,13604.471,13263.489,1,1
0,1204,300,91590117202616,91590117539108,91590130765766,13563.150,13226.658,1,1
0,1205,300,91590117980073,91590118338935,91590131553914,13573.841,13214.979,1,1
0,1206,300,91590118788000,91590119139322,91590132355760,13567.760,13216.438,1,1
0,1207,300,91590119578427,91590119909878,91590133163688,13585.261,13253.810,1,1
0,1208,300,91590120404665,91590120735416,91590133932764,13528.099,13197.348,1,1
0,1209,300,91590121213293,91590121541934,91590134725931,13512.638,13183.997,1,1
0,1210,300,91590121988309,91590122347491,91590135530549,13542.240,13183.058,1,1
0,1211,300,91590122804387,91590123166869,91590136351536,13547.149,13184.667,1,1
0,1212,300,91590123625834,91590123955586,91590137134233,13508.399,13178.647,1,1
0,1213,300,91590124421351,91590124753692,91590137906289,13484.938,13152.597,1,1
0,1214,300,91590125215148,91590125543920,91590138700036,13484.888,13156.116,1,1
0,1215,300,91590125993324,91590126343376,91590139520904,13527.580,13177.528,1,1
0,1216,300,91590126814313,91590127174205,91590140310820,13496.507,13136.615,1,1
0,1217,300,91590127613460,91590127940411,91590141089727,13476.267,13149.316,1,1
0,1218,300,91590128395496,91590128721887,91590141877463,13481.967,13155.576,1,1
0,1219,300,91590129183273,91590129515804,91590142683891,13500.618,13168.087,1,1
0,1220,300,91590129975290,91590130323941,91590143480158,13504.868,13156.217,1,1
0,1221,300,91590130771237,91590131120318,91590144295746,13524.509,13175.428,1,1
0,1222,300,91590131560043,91590131892754,91590145076692,13516.649,13183.938,1,1
0,1223,300,91590132360751,91590132693122,91590145943301,13582.550,13250.179,1,1
0,1224,300,91590133169358,91590133499850,91590146737368,13568.010,13237.518,1,1
0,1225,300,91590133937865,91590134289686,91590147530675,13592.810,13240.989,1,1
0,1226,300,91590134731181,91590135071192,91590148353903,13622.722,13282.711,1,1
0,1227,300,91590135535768,91590135863350,91590149175892,13640.124,13312.542,1,1
0,1228,300,91590136357686,91590136684757,91590149946607,13588.921,13261.850,1,1
0,1229,300,91590137139863,91590137469824,91590150736654,13596.791,13266.830,1,1
0,1230,300,91590137911029,91590138266931,91590151529241,13618.212,13262.310,1,1
0,1231,300,91590138704896,91590139047498,91590152352309,13647.413,13304.811,1,1
0,1232,300,91590139526764,91590139854455,91590153145146,13618.382,13290.691,1,1
0,1233,300,91590140316521,91590140646712,91590153921092,13604.571,13274.380,1,1
0,1234,300,91590141098578,91590141440179,91590154728129,13629.551,13287.950,1,1
0,1235,300,91590141882424,91590142235515,91590155532857,13650.433,13297.342,1,1
0,1236,300,91590142689442,91590143039343,91590156344804,13655.362,13305.461,1,1
0,1237,300,91590143486018,91590143826079,91590157133621,13647.603,13307.542,1,1
0,1238,300,91590144301206,91590144632347,91590157925118,13623.912,13292.771,1,1
0,1239,300,91590145082852,91590145479976,91590158766996,13684.144,13287.020,1,1
0,1240,300,91590145949642,91590146305864,91590159568134,13618.492,13262.270,1,1
0,1241,300,91590146742969,91590147085451,91590160382341,13639.372,13296.890,1,1
0,1242,300,91590147535766,91590147872977,91590161174188,13638.422,13301.211,1,1
0,1243,300,91590148359314,91590148692175,91590161983926,13624.612,13291.751,1,1
0,1244,300,91590149182661,91590149514742,91590162776453,13593.792,13261.711,1,1
0,1245,300,91590149951668,91590150304220,91590163567059,13615.391,13262.839,1,1
0,1246,300,91590150741924,91590151081556,91590164377697,13635.773,13296.141,1,1
0,1247,300,91590151534811,91590151861732,91590165185175,13650.364,13323.443,1,1
0,1248,300,91590152358320,91590152688851,91590165954070,13595.750,13265.219,1,1
0,1249,300,91590153150996,91590153484618,91590166755168,13604.172,13270.550,1,1
0,1250,300,91590153926393,91590154283635,91590167551785,13625.392,13268.150,1,1
0,1251,300,91590154733050,91590155075772,91590168370413,13637.363,13294.641,1,1
0,1252,300,91590155538797,91590155871849,91590169160419,13621.622,13288.570,1,1
0,1253,300,91590156350765,91590156678025,91590169932115,13581.350,13254.090,1,1
0,1254,300,91590157140181,91590157481713,91590170735923,13595.742,13254.210,1,1
0,1255,300,91590157929928,91590158299071,91590171562261,13632.333,13263.190,1,1
0,1256,300,91590158772947,91590159127889,91590172360948,13588.001,13233.059,1,1
0,1257,300,91590159573374,91590159908865,91590173154615,13581.241,13245.750,1,1
0,1258,300,91590160387782,91590160718533,91590173929731,13541.949,13211.198,1,1
0,1259,300,91590161181948,91590161515780,91590174790580,13608.632,13274.800,1,1
0,1260,300,91590161990456,91590162344468,91590175607888,13617.432,13263.420,1,1
0,1261,300,91590162782103,91590163132165,91590176395835,13613.732,13263.670,1,1
0,1262,300,91590163571610,91590163906391,91590177185242,13613.632,13278.851,1,1
0,1263,300,91590164382967,91590164708969,91590177970708,13587.741,13261.739,1,1
0,1264,300,91590165190745,91590165520756,91590178766085,13575.340,13245.329,1,1
0,1265,300,91590165959741,91590166310242,91590179569733,13609.992,13259.491,1,1
0,1266,300,91590166759998,91590167120720,91590180369709,13609.711,13248.989,1,1
0,1267,300,91590167556515,91590167890837,91590181182318,13625.803,13291.481,1,1
0,1268,300,91590168375452,91590168708264,91590181948213,13572.761,13239.949,1,1
0,1269,300,91590169166660,91590169498311,91590182733239,13566.579,13234.928,1,1
0,1270,300,91590169937586,91590170294998,91590183527057,13589.471,13232.059,1,1
0,1271,300,91590170740992,91590171090345,91590184347544,13606.552,13257.199,1,1
0,1272,300,91590171567761,91590171899662,91590185153472,13585.711,13253.810,1,1
0,1273,300,91590172366438,91590172698129,91590185922088,13555.650,13223.959,1,1
0,1274,300,91590173160865,91590173497027,91590186712304,13551.439,13215.277,1,1
0,1275,300,91590173936142,91590174327084,91590187523293,13587.151,13196.209,1,1
0,1276,300,91590174796491,91590175160963,91590188321040,13524.549,13160.077,1,1
0,1277,300,91590175613329,91590175943040,91590189130357,13517.028,13187.317,1,1
0,1278,300,91590176401135,91590176729406,91590189906943,13505.808,13177.537,1,1
0,1279,300,91590177191321,91590177521272,91590190736071,13544.750,13214.799,1,1
0,1280,300,91590177976119,91590178332251,91590191539459,13563.340,13207.208,1,1
0,1281,300,91590178771106,91590179121067,91590192341915,13570.809,13220.848,1,1
0,1282,300,91590179574882,91590179901964,91590193152194,13577.312,13250.230,1,1
0,1283,300,91590180375570,91590180706651,91590193943560,13567.990,13236.909,1,1
0,1284,300,91590181188567,91590181515909,91590194750317,13561.750,13234.408,1,1
0,1285,300,91590181953644,91590182302925,91590195556715,13603.071,13253.790,1,1
0,1286,300,91590182739280,91590183080342,91590196351872,13612.592,13271.530,1,1
0,1287,300,91590183532177,91590183866588,91590197166700,13634.523,13300.112,1,1
0,1288,300,91590184354445,91590184689656,91590197934885,13580.440,13245.229,1,1
0,1289,300,91590185160113,91590185490243,91590198722563,13562.450,13232.320,1,1
0,1290,300,91590185926838,91590186280840,91590199532580,13605.742,13251.740,1,1
0,1291,300,91590186717135,91590187062447,91590200339737,13622.602,13277.290,1,1
0,1292,300,91590187528032,91590187859084,91590201134264,13606.232,13275.180,1,1
0,1293,300,91590188326879,91590188668151,91590201899940,13573.061,13231.789,1,1
0,1294,300,91590189135847,91590189470149,91590202695357,13559.510,13225.208,1,1
0,1295,300,91590189912473,91590190269055,91590203498734,13586.261,13229.679,1,1
0,1296,300,91590190741752,91590191086443,91590204282131,13540.379,13195.688,1,1
0,1297,300,91590191544769,91590191875930,91590205061258,13516.489,13185.328,1,1
0,1298,300,91590192347466,91590192680887,91590205833334,13485.868,13152.447,1,1
0,1299,300,91590193157853,91590193490815,91590206641901,13484.048,13151.086,1,1
0,1300,300,91590193948581,91590194305223,91590207432038,13483.457,13126.815,1,1
0,1301,300,91590194755648,91590195102660,91590208217704,13462.056,13115.044,1,1
0,1302,300,91590195561685,91590195884606,91590208986640,13424.955,13102.034,1,1
0,1303,300,91590196357112,91590196687423,91590209810839,13453.727,13123.416,1,1
0,1304,300,91590197174520,91590197503491,91590210606576,13432.056,13103.085,1,1
0,1305,300,91590197940036,91590198291377,91590211395842,13455.806,13104.465,1,1
0,1306,300,91590198728232,91590199075064,91590212206739,13478.507,13131.675,1,1
0,1307,300,91590199537780,91590199864051,91590212997007,13459.227,13132.956,1,1
0,1308,300,91590200345477,91590200676108,91590213788704,13443.227,13112.596,1,1
0,1309,300,91590201140854,91590201468335,91590214605871,13465.017,13137.536,1,1
0,1310,300,91590201905201,91590202262442,91590215431909,13526.708,13169.467,1,1
0,1311,300,91590202700338,91590203038628,91590216301149,13600.811,13262.521,1,1
0,1312,300,91590203503834,91590203832365,91590217078945,13575.111,13246.580,1,1
0,1313,300,91590204287521,91590204614222,91590217871632,13584.111,13257.410,1,1
0,1314,300,91590205067237,91590205401329,91590218677949,13610.712,13276.620,1,1
0,1315,300,91590205837924,91590206191056,91590219478436,13640.512,13287.380,1,1
0,1316,300,91590206647201,91590206974772,91590220279944,13632.743,13305.172,1,1
0,1317,300,91590207437738,91590207764299,91590221063820,13626.082,13299.521,1,1
0,1318,300,91590208223725,91590208553536,91590221868538,13644.813,13315.002,1,1
0,1319,300,91590208991841,91590209349853,91590222676645,13684.804,13326.792,1,1
0,1320,300,91590209816399,91590210172871,91590223475742,13659.343,13302.871,1,1
0,1321,300,91590210611866,91590210936747,91590224255039,13643.173,13318.292,1,1
0,1322,300,91590211401403,91590211740684,91590225033395,13631.992,13292.711,1,1
0,1323,300,91590212213880,91590212547241,91590225839682,13625.802,13292.441,1,1
0,1324,300,91590213015017,91590213355389,91590226631239,13616.222,13275.850,1,1
0,1325,300,91590213793984,91590214165776,91590227423006,13629.022,13257.230,1,1
0,1326,300,91590214610662,91590214943803,91590228221123,13610.461,13277.320,1,1
0,1327,300,91590215446600,91590215787481,91590229015530,13568.930,13228.049,1,1
0,1328,300,91590216307458,91590216637160,91590229795016,13487.558,13157.856,1,1
0,1329,300,91590217086345,91590217431927,91590230595634,13509.289,13163.707,1,1
0,1330,300,91590217877123,91590218230185,91590231390671,13513.548,13160.486,1,1
0,1331,300,91590218682709,91590219021971,91590232225409,13542.700,13203.438,1,1
0,1332,300,91590219484207,91590219814518,91590232991124,13506.917,13176.606,1,1
0,1333,300,91590220285773,91590220615565,91590233772711,13486.938,13157.146,1,1
0,1334,300,91590221070081,91590221416112,91590234571899,13501.818,13155.787,1,1
0,1335,300,91590221873458,91590222229990,91590235379156,13505.698,13149.166,1,1
0,1336,300,91590222682245,91590223027996,91590236199564,13517.319,13171.568,1,1
0,1337,300,91590223480982,91590223807173,91590236963970,13482.988,13156.797,1,1
0,1338,300,91590224260909,91590224590610,91590237754357,13493.448,13163.747,1,1
0,1339,300,91590225038875,91590225379437,91590238559003,13520.128,13179.566,1,1
0,1340,300,91590225844973,91590226198695,91590239357761,13512.788,13159.066,1,1
0,1341,300,91590226636269,91590226963210,91590240152448,13516.179,13189.238,1,1
0,1342,300,91590227428486,91590227754788,91590240925964,13497.478,13171.176,1,1
0,1343,300,91590228226963,91590228556534,91590241734222,13507.259,13177.688,1,1
0,1344,300,91590229021160,91590229365272,91590242524888,13503.728,13159.616,1,1
0,1345,300,91590229800517,91590230148418,91590243311845,13511.328,13163.427,1,1
0,1346,300,91590230600694,91590230926855,91590244103342,13502.648,13176.487,1,1
0,1347,300,91590231395801,91590231736342,91590244896789,13500.988,13160.447,1,1
0,1348,300,91590232231459,91590232557850,91590245690656,13459.197,13132.806,1,1
0,1349,300,91590232996975,91590233343317,91590246493643,13496.668,13150.326,1,1
0,1350,300,91590233777872,91590234129384,91590247304851,13526.979,13175.467,1,1
0,1351,300,91590234576819,91590234901340,91590248130258,13553.439,13228.918,1,1
0,1352,300,91590235385236,91590235718467,91590248897435,13512.199,13178.968,1,1
0,1353,300,91590236205154,91590236533695,91590249696051,13490.897,13162.356,1,1
0,1354,300,91590236969470,91590237322732,91590250548081,13578.611,13225.349,1,1
0,1355,300,91590237759767,91590238102388,91590251393429,13633.662,13291.041,1,1
0,1356,300,91590238564284,91590238891656,91590252191506,13627.222,13299.850,1,1
0,1357,300,91590239363181,91590239692222,91590252956293,13593.112,13264.071,1,1
0,1358,300,91590240157718,91590240492519,91590253762740,13605.022,13270.221,1,1
0,1359,300,91590240931334,91590241281396,91590254581908,13650.574,13300.512,1,1
0,1360,300,91590241739002,91590242078343,91590255371194,13632.192,13292.851,1,1
0,1361,300,91590242530179,91590242857150,91590256181412,13651.233,13324.262,1,1
0,1362,300,91590243317075,91590243646546,91590256948308,13631.233,13301.762,1,1
0,1363,300,91590244120613,91590244449674,91590257763665,13643.052,13313.991,1,1
0,1364,300,91590244902169,91590245260131,91590258554012,13651.843,13293.881,1,1
0,1365,300,91590245695646,91590246038238,91590259343389,13647.743,13305.151,1,1
0,1366,300,91590246499073,91590246831904,91590260143316,13644.243,13311.412,1,1
0,1367,300,91590247310790,91590247644392,91590260923273,13612.483,13278.881,1,1
0,1368,300,91590248136319,91590248466820,91590261715289,13578.970,13248.469,1,1
0,1369,300,91590248902815,91590249255386,91590262500497,13597.682,13245.111,1,1
0,1370,300,91590249700942,91590250051283,91590263286183,13585.241,13234.900,1,1
0,1371,300,91590250558911,91590250891272,91590264089650,13530.739,13198.378,1,1
0,1372,300,91590251399780,91590251732951,91590264866087,13466.307,13133.136,1,1
0,1373,300,91590252198407,91590252527058,91590265652653,13454.246,13125.595,1,1
0,1374,300,91590252961012,91590253314225,91590266444490,13483.478,13130.265,1,1
0,1375,300,91590253767530,91590254118612,91590267245967,13478.437,13127.355,1,1
0,1376,300,91590254586878,91590254913369,91590268042834,13455.956,13129.465,1,1
0,1377,300,91590255376824,91590255710096,91590268827970,13451.146,13117.874,1,1
0,1378,300,91590256187572,91590256518683,91590269617298,13429.726,13098.615,1,1
0,1379,300,91590256953548,91590257306460,91590270425235,13471.687,13118.775,1,1
0,1380,300,91590257768586,91590258120518,91590271209172,13440.586,13088.654,1,1
0,1381,300,91590258559152,91590258884283,91590271984118,13424.966,13099.835,1,1
0,1382,300,91590259348809,91590259679690,91590272772985,13424.176,13093.295,1,1
0,1383,300,91590260148556,91590260479497,91590273573342,13424.786,13093.845,1,1
0,1384,300,91590260928423,91590261284995,91590274356728,13428.305,13071.733,1,1
0,1385,300,91590261720670,91590262059381,91590275157536,13436.866,13098.155,1,1
0,1386,300,91590262506066,91590262832848,91590275921012,13414.946,13088.164,1,1
0,1387,300,91590263291763,91590263620364,91590276726299,13434.536,13105.935,1,1
0,1388,300,91590264096070,91590264436652,91590277521786,13425.716,13085.134,1,1
0,1389,300,91590264871276,91590265226958,91590278327544,13456.268,13100.586,1,1
0,1390,300,91590265657613,91590265986484,91590279135181,13477.568,13148.697,1,1
0,1391,300,91590266449190,91590266774801,91590279911497,13462.307,13136.696,1,1
0,1392,300,91590267252188,91590267586559,91590280701624,13449.436,13115.065,1,1
0,1393,300,91590268048355,91590268386845,91590281483630,13435.275,13096.785,1,1
0,1394,300,91590268834201,91590269186353,91590282279217,13445.016,13092.864,1,1
0,1395,300,91590269622467,91590269946689,91590283089395,13466.928,13142.706,1,1
0,1396,300,91590270429945,91590270757096,91590283862641,13432.696,13105.545,1,1
0,1397,300,91590271214771,91590271540903,91590284658968,13444.197,13118.065,1,1
0,1398,300,91590271989078,91590272336390,91590285465396,13476.318,13129.006,1,1
0,1399,300,91590272778195,91590273129667,91590286265102,13486.907,13135.435,1,1
0,1400,300,91590273578942,91590273903463,91590287042459,13463.517,13138.996,1,1
0,1401,300,91590274361789,91590274696140,91590287818635,13456.846,13122.495,1,1
0,1402,300,91590275163126,91590275492057,91590288621663,13458.537,13129.606,1,1
0,1403,300,91590275926531,91590276273634,91590289451230,13524.699,13177.596,1,1
0,1404,300,91590276732559,91590277077270,91590290234347,13501.788,13157.077,1,1
0,1405,300,91590277527056,91590277856007,91590291000883,13473.827,13144.876,1,1
0,1406,300,91590278332473,91590278658745,91590291793860,13461.387,13135.115,1,1
0,1407,300,91590279141711,91590279468062,91590292609237,13467.526,13141.175,1,1
0,1408,300,91590279916497,91590280272219,91590293389564,13473.067,13117.345,1,1
0,1409,300,91590280706474,91590281042365,91590294179561,13473.087,13137.196,1,1
0,1410,300,91590281488811,91590281816112,91590294948827,13460.016,13132.715,1,1
0,1411,300,91590282284268,91590282615729,91590295773835,13489.567,13158.106,1,1
0,1412,300,91590283097695,91590283434917,91590296573132,13475.437,13138.215,1,1
0,1413,300,91590283867371,91590284220183,91590297366739,13499.368,13146.556,1,1
0,1414,300,91590284664268,91590284998980,91590298156286,13492.018,13157.306,1,1
0,1415,300,91590285470325,91590285798507,91590298963854,13493.529,13165.347,1,1
0,1416,300,91590286270493,91590286599013,91590299771321,13500.828,13172.308,1,1
0,1417,300,91590287048249,91590287389521,91590300563627,13515.378,13174.106,1,1
0,1418,300,91590287824126,91590288176067,91590301357924,13533.798,13181.857,1,1
0,1419,300,91590288627002,91590288956384,91590302196223,13569.221,13239.839,1,1
0,1420,300,91590289457361,91590289783932,91590302988019,13530.658,13204.087,1,1
0,1421,300,91590290240687,91590290571469,91590303805657,13564.970,13234.188,1,1
0,1422,300,91590291017593,91590291362806,91590304605415,13587.822,13242.609,1,1
0,1423,300,91590291799550,91590292149582,91590305422512,13622.962,13272.930,1,1
0,1424,300,91590292614178,91590292940579,91590306218639,13604.461,13278.060,1,1
0,1425,300,91590293394915,91590293721385,91590307018677,13623.762,13297.292,1,1
0,1426,300,91590294185351,91590294516942,91590307808703,13623.352,13291.761,1,1
0,1427,300,91590294954067,91590295312649,91590308617990,13663.923,13305.341,1,1
0,1428,300,91590295779535,91590296139398,91590309405628,13626.093,13266.230,1,1
0,1429,300,91590296578703,91590296910374,91590310190104,13611.401,13279.730,1,1
0,1430,300,91590297372310,91590297699000,91590310971331,13599.021,13272.331,1,1
0,1431,300,91590298162236,91590298500148,91590311788758,13626.522,13288.610,1,1
0,1432,300,91590298969723,91590299326165,91590312602706,13632.983,13276.541,1,1
0,1433,300,91590299776491,91590300130793,91590313391392,13614.901,13260.599,1,1
0,1434,300,91590300569108,91590300903609,91590314177890,13608.782,13274.281,1,1
0,1435,300,91590301363875,91590301695966,91590314965376,13601.501,13269.410,1,1
0,1436,300,91590302203413,91590302543495,91590315770364,13566.951,13226.869,1,1
0,1437,300,91590302994050,91590303357233,91590316571640,13577.590,13214.407,1,1
0,1438,300,91590303811148,91590304167670,91590317364958,13553.810,13197.288,1,1
0,1439,300,91590304611345,91590304943416,91590318167935,13556.590,13224.519,1,1
0,1440,300,91590305428273,91590305761804,91590318947341,13519.068,13185.537,1,1
0,1441,300,91590306225970,91590306563592,91590319749279,13523.309,13185.687,1,1
0,1442,300,91590307024767,91590307363808,91590320548375,13523.608,13184.567,1,1
0,1443,300,91590307813574,91590308169236,91590321363204,13549.630,13193.968,1,1
0,1444,300,91590308623181,91590308952462,91590322169761,13546.580,13217.299,1,1
0,1445,300,91590309411148,91590309739739,91590322943777,13532.629,13204.038,1,1
0,1446,300,91590310195874,91590310526225,91590323735644,13539.770,13209.419,1,1
0,1447,300,91590310976741,91590311330343,91590324554091,13577.350,13223.748,1,1
0,1448,300,91590311794179,91590312160491,91590325352919,13558.740,13192.428,1,1
0,1449,300,91590312607766,91590312934407,91590326158116,13550.350,13223.709,1,1
0,1450,300,91590313396763,91590313727404,91590326925822,13529.059,13198.418,1,1
0,1451,300,91590314183830,91590314518351,91590327728579,13544.749,13210.228,1,1
0,1452,300,91590314970566,91590315325108,91590328517766,13547.200,13192.658,1,1
0,1453,300,91590315774914,91590316128106,91590329303102,13528.188,13174.996,1,1
0,1454,300,91590316576381,91590316905483,91590330079219,13502.838,13173.736,1,1
0,1455,300,91590317370378,91590317695309,91590330873186,13502.808,13177.877,1,1
0,1456,300,91590318174505,91590318506616,91590331666833,13492.328,13160.217,1,1
0,1457,300,91590318953172,91590319304794,91590332450180,13497.008,13145.386,1,1
0,1458,300,91590319754068,91590320098050,91590333248147,13494.079,13150.097,1,1
0,1459,300,91590320553836,91590320882277,91590334047134,13493.298,13164.857,1,1
0,1460,300,91590321369103,91590321709195,91590334819520,13450.417,13110.325,1,1
0,1461,300,91590322175811,91590322504242,91590335613337,13437.526,13109.095,1,1
0,1462,300,91590322949647,91590323297209,91590336420594,13470.947,13123.385,1,1
0,1463,300,91590323741354,91590324083016,91590337235782,13494.428,13152.766,1,1
0,1464,300,91590324559462,91590324886083,91590338014978,13455.516,13128.895,1,1
0,1465,300,91590325358879,91590325683690,91590338794275,13435.396,13110.585,1,1
0,1466,300,91590326163376,91590326494987,91590339585102,13421.726,13090.115,1,1
0,1467,300,91590326930933,91590327281354,91590340421880,13490.947,13140.526,1,1
0,1468,300,91590327734509,91590328076391,91590341210826,13476.317,13134.435,1,1
0,1469,300,91590328522757,91590328848437,91590341978083,13455.326,13129.646,1,1
0,1470,300,91590329308423,91590329636484,91590342768610,13460.187,13132.126,1,1
0,1471,300,91590330085979,91590330424761,91590343570947,13484.968,13146.186,1,1
0,1472,300,91590330877926,91590331237138,91590344371534,13493.608,13134.396,1,1
0,1473,300,91590331672173,91590331999384,91590345159981,13487.808,13160.597,1,1
0,1474,300,91590332455730,91590332786341,91590345941357,13485.627,13155.016,1,1
0,1475,300,91590333254376,91590333584028,91590346743354,13488.978,13159.326,1,1
0,1476,300,91590334053024,91590334389005,91590347558832,13505.808,13169.827,1,1
0,1477,300,91590334825680,91590335179442,91590348360950,13535.270,13181.508,1,1
0,1478,300,91590335618687,91590335953159,91590349160657,13541.970,13207.498,1,1
0,1479,300,91590336425924,91590336755135,91590349956174,13530.250,13201.039,1,1
0,1480,300,91590337241822,91590337572923,91590350749461,13507.639,13176.538,1,1
0,1481,300,91590338020389,91590338364070,91590351543868,13523.479,13179.798,1,1
0,1482,300,91590338799315,91590339150677,91590352343624,13544.309,13192.947,1,1
0,1483,300,91590339591462,91590339929634,91590353154882,13563.420,13225.248,1,1
0,1484,300,91590340427580,91590340756161,91590353921318,13493.738,13165.157,1,1
0,1485,300,91590341216737,91590341546538,91590354712365,13495.628,13165.827,1,1
0,1486,300,91590341983022,91590342336745,91590355516922,13533.900,13180.177,1,1
0,1487,300,91590342773640,91590343122201,91590356316049,13542.409,13193.848,1,1
0,1488,300,91590343576007,91590343902318,91590357130567,13554.560,13228.249,1,1
0,1489,300,91590344376894,91590344702876,91590357892602,13515.708,13189.726,1,1
0,1490,300,91590345165740,91590345496342,91590358675079,13509.339,13178.737,1,1
0,1491,300,91590345946667,91590346297859,91590359522458,13575.791,13224.599,1,1
0,1492,300,91590346749015,91590347099096,91590360337326,13588.311,13238.230,1,1
0,1493,300,91590347563862,91590347894363,91590361173074,13609.212,13278.711,1,1
0,1494,300,91590348366350,91590348699531,91590361954650,13588.300,13255.119,1,1
0,1495,300,91590349166806,91590349501218,91590362767519,13600.713,13266.301,1,1
0,1496,300,91590349961493,91590350308116,91590363565805,13604.312,13257.689,1,1
0,1497,300,91590350754920,91590351094692,91590364368032,13613.112,13273.340,1,1
0,1498,300,91590351548977,91590351877809,91590365174829,13625.852,13297.020,1,1
0,1499,300,91590352349564,91590352673086,91590365965907,13616.343,13292.821,1,1
0,1500,300,91590353161082,91590353491134,91590366765713,13604.631,13274.579,1,1
0,1501,300,91590353926328,91590354277530,91590367555221,13628.893,13277.691,1,1
0,1502,300,91590354717445,91590355060347,91590368364448,13647.003,13304.101,1,1
0,1503,300,91590355522303,91590355847053,91590369185276,13662.973,13338.223,1,1
0,1504,300,91590356322379,91590356663051,91590369953332,13630.953,13290.281,1,1
0,1505,300,91590357136778,91590357463358,91590370752239,13615.461,13288.881,1,1
0,1506,300,91590357897313,91590358245745,91590371557157,13659.844,13311.412,1,1
0,1507,300,91590358679970,91590359036132,91590372371234,13691.264,13335.102,1,1
0,1508,300,91590359528088,91590359858469,91590373161141,13633.053,13302.672,1,1
0,1509,300,91590360354046,91590360700068,91590373934757,13580.711,13234.689,1,1
0,1510,300,91590361180224,91590361512435,91590374723063,13542.839,13210.628,1,1
0,1511,300,91590361960401,91590362314663,91590375555782,13595.381,13241.119,1,1
0,1512,300,91590362772518,91590363127740,91590376349229,13576.711,13221.489,1,1
0,1513,300,91590363571205,91590363903016,91590377133435,13562.230,13230.419,1,1
0,1514,300,91590364373633,91590364713175,91590377909862,13536.229,13196.687,1,1
0,1515,300,91590365180170,91590365509911,91590378727260,13547.090,13217.349,1,1
0,1516,300,91590365971156,91590366322159,91590379556967,13585.811,13234.808,1,1
0,1517,300,91590366770564,91590367123336,91590380346685,13576.121,13223.349,1,1
0,1518,300,91590367560401,91590367892302,91590381141582,13581.181,13249.280,1,1
0,1519,300,91590368369678,91590368694239,91590381928518,13558.840,13234.279,1,1
0,1520,300,91590369191937,91590369520487,91590382732026,13540.089,13211.539,1,1
0,1521,300,91590369958312,91590370309944,91590383535662,13577.350,13225.718,1,1
0,1522,300,91590370757759,91590371101360,91590384327290,13569.531,13225.930,1,1
0,1523,300,91590371562086,91590371892898,91590385162398,13600.312,13269.500,1,1
0,1524,300,91590372376284,91590372710485,91590385931174,13554.890,13220.689,1,1
0,1525,300,91590373167571,91590373495842,91590386723251,13555.680,13227.409,1,1
0,1526,300,91590373939547,91590374292679,91590387532368,13592.821,13239.689,1,1
0,1527,300,91590374728094,91590375073566,91590388364327,13636.233,13290.761,1,1
0,1528,300,91590375560942,91590375888544,91590389171864,13610.922,13283.320,1,1
0,1529,300,91590376355219,91590376685051,91590389957471,13602.252,13272.420,1,1
0,1530,300,91590377139496,91590377473197,91590390753208,13613.712,13280.011,1,1
0,1531,300,91590377914492,91590378266814,91590391597396,13682.904,13330.582,1,1
0,1532,300,91590378732220,91590379084272,91590392395823,13663.603,13311.551,1,1
0,1533,300,91590379562488,91590379888959,91590393200581,13638.093,13311.622,1,1
0,1534,300,91590380353164,91590380683446,91590393986627,13633.463,13303.181,1,1
0,1535,300,91590381148071,91590381478323,91590394803325,13655.254,13325.002,1,1
0,1536,300,91590381933899,91590382294271,91590395628773,13694.874,13334.502,1,1
0,1537,300,91590382737685,91590383077547,91590396423110,13685.425,13345.563,1,1
0,1538,300,91590383541023,91590383868004,91590397231727,13690.704,13363.723,1,1
0,1539,300,91590384333000,91590384670791,91590398031425,13698.425,13360.634,1,1
0,1540,300,91590385169628,91590385498670,91590398817431,13647.803,13318.761,1,1
0,1541,300,91590385937625,91590386291307,91590399618168,13680.543,13326.861,1,1
0,1542,300,91590386728301,91590387074533,91590400432346,13704.045,13357.813,1,1
0,1543,300,91590387538348,91590387870950,91590401247373,13709.025,13376.423,1,1
0,1544,300,91590388370136,91590388703228,91590402029830,13659.694,13326.602,1,1
0,1545,300,91590389177954,91590389510686,91590402810506,13632.552,13299.820,1,1
0,1546,300,91590389962921,91590390319863,91590403602074,13639.153,13282.211,1,1
0,1547,300,91590390758528,91590391118930,91590404423961,13665.433,13305.031,1,1
0,1548,300,91590391603037,91590391930997,91590405217049,13614.012,13286.052,1,1
0,1549,300,91590392402104,91590392734825,91590405980264,13578.160,13245.439,1,1
0,1550,300,91590393206461,91590393539202,91590406776121,13569.660,13236.919,1,1
0,1551,300,91590393992568,91590394346000,91590407592379,13599.811,13246.379,1,1
0,1552,300,91590394809015,91590395172727,91590408390676,13581.661,13217.949,1,1
0,1553,300,91590395634213,91590395964085,91590409188613,13554.400,13224.528,1,1
0,1554,300,91590396429530,91590396764521,91590409957599,13528.069,13193.078,1,1
0,1555,300,91590397238358,91590397568839,91590410789997,13551.639,13221.158,1,1
0,1556,300,91590398037565,91590398377416,91590411585534,13547.969,13208.118,1,1
0,1557,300,91590398823351,91590399172953,91590412379791,13556.440,13206.838,1,1
0,1558,300,91590399623419,91590399959410,91590413183729,13560.310,13224.319,1,1
0,1559,300,91590400437946,91590400768917,91590413980396,13542.450,13211.479,1,1
0,1560,300,91590401253254,91590401582715,91590414799464,13546.210,13216.749,1,1
0,1561,300,91590402035760,91590402375242,91590415594661,13558.901,13219.419,1,1
0,1562,300,91590402815507,91590403168408,91590416387237,13571.730,13218.829,1,1
0,1563,300,91590403606833,91590403936055,91590417232516,13625.683,13296.461,1,1
0,1564,300,91590404430092,91590404765773,91590418018173,13588.081,13252.400,1,1
0,1565,300,91590405223178,91590405551460,91590418815160,13591.982,13263.700,1,1
0,1566,300,91590405985925,91590406343747,91590419615917,13629.992,13272.170,1,1
0,1567,300,91590406781552,91590407136384,91590420433495,13651.943,13297.111,1,1
0,1568,300,91590407598289,91590407932411,91590421236342,13638.053,13303.931,1,1
0,1569,300,91590408396797,91590408726658,91590422019019,13622.222,13292.361,1,1
0,1570,300,91590409194773,91590409524505,91590422804665,13609.892,13280.160,1,1
0,1571,300,91590409963000,91590410333862,91590423627233,13664.233,13293.371,1,1
0,1572,300,91590410795658,91590411149180,91590424423680,13628.022,13274.500,1,1
0,1573,300,91590411591485,91590411920516,91590425232557,13641.072,13312.041,1,1
0,1574,300,91590412386442,91590412719273,91590426019364,13632.922,13300.091,1,1
0,1575,300,91590413190109,91590413520190,91590426826571,13636.462,13306.381,1,1
0,1576,300,91590413985706,91590414354598,91590427627499,13641.793,13272.901,1,1
0,1577,300,91590414805173,91590415160695,91590428422016,13616.843,13261.321,1,1
0,1578,300,91590415600070,91590415930582,91590429233383,13633.313,13302.801,1,1
0,1579,300,91590416392658,91590416730929,91590430052701,13660.043,13321.772,1,1
0,1580,300,91590417239376,91590417571847,91590430845268,13605.892,13273.421,1,1
0,1581,300,91590418025703,91590418373775,91590431643345,13617.642,13269.570,1,1
0,1582,300,91590418820480,91590419180152,91590432436342,13615.862,13256.190,1,1
0,1583,300,91590419622037,91590419951969,91590433268740,13646.703,13316.771,1,1
0,1584,300,91590420438585,91590420769487,91590434122230,13683.645,13352.743,1,1
0,1585,300,91590421242792,91590421572913,91590434898476,13655.684,13325.563,1,1
0,1586,300,91590422026318,91590422371990,91590435693033,13666.715,13321.043,1,1
0,1587,300,91590422810615,91590423167247,91590436516660,13706.045,13349.413,1,1
0,1588,300,91590423633264,91590423964965,91590437341278,13708.014,13376.313,1,1
0,1589,300,91590424430031,91590424763692,91590438146945,13716.914,13383.253,1,1
0,1590,300,91590425239898,91590425575809,91590438916582,13676.684,13340.773,1,1
0,1591,300,91590426025524,91590426372286,91590439733710,13708.186,13361.424,1,1
0,1592,300,91590426833272,91590427191324,91590440534976,13701.704,13343.652,1,1
0,1593,300,91590427633119,91590427963700,91590441336464,13703.345,13372.764,1,1
0,1594,300,91590428427536,91590428758947,91590442136651,13709.115,13377.704,1,1
0,1595,300,91590429240124,91590429570505,91590442926468,13686.344,13355.963,1,1
0,1596,300,91590430060142,91590430410963,91590443718625,13658.483,13307.662,1,1
0,1597,300,91590430850668,91590431210821,91590444511501,13660.833,13300.680,1,1
0,1598,300,91590431650176,91590431982247,91590445309338,13659.162,13327.091,1,1
0,1599,300,91590432441592,91590432783104,91590446105096,13663.504,13321.992,1,1
0,1600,300,91590433275960,91590433609322,91590446883242,13607.282,13273.920,1,1
0,1601,300,91590434131259,91590434465421,91590447693149,13561.890,13227.728,1,1
0,1602,300,91590434905586,91590435261608,91590448485786,13580.200,13224.178,1,1
0,1603,300,91590435699432,91590436046755,91590449295694,13596.262,13248.939,1,1
0,1604,300,91590436521931,91590436856652,91590450093601,13571.670,13236.949,1,1
0,1605,300,91590437347519,91590437682660,91590450875247,13527.728,13192.587,1,1
0,1606,300,91590438153466,91590438486287,91590451679325,13525.859,13193.038,1,1
0,1607,300,91590438921802,91590439280334,91590452491162,13569.360,13210.828,1,1
0,1608,300,91590439738979,91590440086532,91590453285369,13546.390,13198.837,1,1
0,1609,300,91590440540327,91590440870228,91590454068526,13528.199,13198.298,1,1
0,1610,300,91590441341724,91590441674936,91590454852572,13510.848,13177.636,1,1
0,1611,300,91590442142121,91590442477612,91590455654460,13512.339,13176.848,1,1
0,1612,300,91590442931448,91590443280580,91590456442766,13511.318,13162.186,1,1
0,1613,300,91590443723815,91590444070876,91590457254593,13530.778,13183.717,1,1
0,1614,300,91590444515852,91590444848113,91590458034000,13518.148,13185.887,1,1
0,1615,300,91590445315559,91590445644420,91590458830057,13514.498,13185.637,1,1
0,1616,300,91590446122636,91590446452078,91590459632195,13509.559,13180.117,1,1
0,1617,300,91590446888273,91590447250454,91590460422341,13534.068,13171.887,1,1
0,1618,300,91590447698920,91590448038212,91590461223009,13524.089,13184.797,1,1
0,1619,300,91590448490606,91590448819137,91590462029866,13539.260,13210.729,1,1
0,1620,300,91590449301464,91590449636395,91590462817423,13515.959,13181.028,1,1
0,1621,300,91590450102871,91590450443433,91590463626900,13524.029,13183.467,1,1
0,1622,300,91590450880258,91590451235310,91590464423207,13542.949,13187.897,1,1
0,1623,300,91590451684125,91590452029717,91590465240225,13556.100,13210.508,1,1
0,1624,300,91590452496783,91590452825084,91590466025391,13528.608,13200.307,1,1
0,1625,300,91590453291290,91590453621041,91590466814499,13523.209,13193.458,1,1
0,1626,300,91590454075176,91590454420918,91590467633866,13558.690,13212.948,1,1
0,1627,300,91590454857253,91590455205594,91590468459254,13602.001,13253.660,1,1
0,1628,300,91590455660360,91590455984891,91590469251851,13591.491,13266.960,1,1
0,1629,300,91590456448417,91590456781338,91590470029767,13581.350,13248.429,1,1
0,1630,300,91590457260614,91590457592045,91590470812014,13551.400,13219.969,1,1
0,1631,300,91590458040881,91590458381453,91590471641842,13600.961,13260.389,1,1
0,1632,300,91590458836278,91590459195940,91590472452849,13616.571,13256.909,1,1
0,1633,300,91590459637895,91590459964406,91590473253247,13615.352,13288.841,1,1
0,1634,300,91590460428332,91590460756553,91590474035254,13606.922,13278.701,1,1
0,1635,300,91590461229629,91590461563581,91590474852811,13623.182,13289.230,1,1
0,1636,300,91590462036266,91590462377158,91590475642908,13606.642,13265.750,1,1
0,1637,300,91590462822742,91590463177395,91590476434815,13612.073,13257.420,1,1
0,1638,300,91590463632421,91590463966432,91590477221262,13588.841,13254.830,1,1
0,1639,300,91590464429428,91590464759639,91590478025948,13596.520,13266.309,1,1
0,1640,300,91590465248016,91590465576986,91590478830596,13582.580,13253.610,1,1
0,1641,300,91590466031982,91590466375204,91590479627863,13595.881,13252.659,1,1
0,1642,300,91590466820118,91590467185191,91590480426420,13606.302,13241.229,1,1
0,1643,300,91590467638476,91590467977008,91590481237848,13599.372,13260.840,1,1
0,1644,300,91590468465114,91590468792705,91590482016594,13551.480,13223.889,1,1
0,1645,300,91590469258281,91590469589832,91590482816881,13558.600,13227.049,1,1
0,1646,300,91590470034698,91590470378789,91590483608748,13574.050,13229.959,1,1
0,1647,300,91590470817745,91590471179656,91590484425525,13607.780,13245.869,1,1
0,1648,300,91590471647332,91590471978523,91590485217493,13570.161,13238.970,1,1
0,1649,300,91590472458940,91590472786550,91590485984369,13525.429,13197.819,1,1
0,1650,300,91590473260307,91590473591908,91590486779966,13519.659,13188.058,1,1
0,1651,300,91590474040884,91590474390586,91590487614114,13573.230,13223.528,1,1
0,1652,300,91590474857841,91590475210524,91590488418932,13561.091,13208.408,1,1
0,1653,300,91590475649858,91590475978299,91590489202748,13552.890,13224.449,1,1
0,1654,300,91590476440105,91590476771776,91590489984575,13544.470,13212.799,1,1
0,1655,300,91590477227111,91590477561343,91590490877005,13649.894,13315.662,1,1
0,1656,300,91590478032019,91590478373701,91590491692682,13660.663,13318.981,1,1
0,1657,300,91590478836316,91590479189979,91590492505410,13669.094,13315.431,1,1
0,1658,300,91590479633403,91590479968654,91590493312668,13679.265,13344.014,1,1
0,1659,300,91590480432340,91590480760911,91590494175487,13743.147,13414.576,1,1
0,1660,300,91590481245008,91590481575800,91590494955813,13710.805,13380.013,1,1
0,1661,300,91590482022724,91590482365436,91590495751950,13729.226,13386.514,1,1
0,1662,300,91590482822751,91590483177453,91590496564867,13742.116,13387.414,1,1
0,1663,300,91590483614278,91590483942389,91590497382105,13767.827,13439.716,1,1
0,1664,300,91590484431466,91590484763207,91590498184583,13753.117,13421.376,1,1
0,1665,300,91590485223913,91590485553225,91590498955789,13731.876,13402.564,1,1
0,1666,300,91590485989519,91590486342671,91590499747635,13758.116,13404.964,1,1
0,1667,300,91590486784886,91590487150808,91590500567823,13782.937,13417.015,1,1
0,1668,300,91590487619514,91590487946775,91590501370721,13751.207,13423.946,1,1
0,1669,300,91590488424261,91590488752803,91590502170428,13746.167,13417.625,1,1
0,1670,300,91590489208468,91590489542700,91590502939254,13730.786,13396.554,1,1
0,1671,300,91590489989985,91590490392828,91590503755622,13765.637,13362.794,1,1
0,1672,300,91590490885295,91590491246228,91590504553549,13668.254,13307.321,1,1
0,1673,300,91590491698353,91590492045844,91590505354296,13655.943,13308.452,1,1
0,1674,300,91590492511420,91590492845521,91590506143993,13632.573,13298.472,1,1
0,1675,300,91590493318308,91590493649549,91590506933949,13615.641,13284.400,1,1
0,1676,300,91590494182627,91590494514028,91590507729146,13546.519,13215.118,1,1
0,1677,300,91590494961703,91590495322536,91590508523503,13561.800,13200.967,1,1
0,1678,300,91590495756800,91590496103273,91590509332950,13576.150,13229.677,1,1
0,1679,300,91590496570378,91590496902169,91590510144059,13573.681,13241.890,1,1
0,1680,300,91590497387755,91590497721337,91590510929445,13541.690,13208.108,1,1
0,1681,300,91590498190803,91590498521584,91590511741032,13550.229,13219.448,1,1
0,1682,300,91590498961489,91590499316061,91590512533430,13571.941,13217.369,1,1
0,1683,300,91590499753896,91590500096338,91590513372287,13618.391,13275.949,1,1
0,1684,300,91590500573474,91590500905315,91590514175455,13601.981,13270.140,1,1
0,1685,300,91590501376881,91590501705052,91590514970092,13593.211,13265.040,1,1
0,1686,300,91590502176698,91590502511289,91590515782499,13605.801,13271.210,1,1
0,1687,300,91590502944684,91590503302577,91590516599037,13654.353,13296.460,1,1
0,1688,300,91590503760932,91590504106073,91590517403195,13642.263,13297.122,1,1
0,1689,300,91590504558719,91590504889010,91590518198192,13639.473,13309.182,1,1
0,1690,300,91590505359226,91590505690537,91590518976218,13616.992,13285.681,1,1
0,1691,300,91590506150942,91590506481664,91590519793096,13642.154,13311.432,1,1
0,1692,300,91590506939820,91590507295262,91590520607954,13668.134,13312.692,1,1
0,1693,300,91590507734537,91590508075079,91590521401370,13666.833,13326.291,1,1
0,1694,300,91590508529174,91590508864175,91590522195607,13666.433,13331.432,1,1
0,1695,300,91590509339491,91590509669422,91590522978354,13638.863,13308.932,1,1
0,1696,300,91590510150628,91590510485860,91590523775830,13625.202,13289.970,1,1
0,1697,300,91590510935525,91590511296098,91590524572488,13636.963,13276.390,1,1
0,1698,300,91590511746833,91590512085464,91590525431407,13684.574,13345.943,1,1
0,1699,300,91590512539409,91590512875111,91590526253055,13713.646,13377.944,1,1
0,1700,300,91590513378258,91590513709219,91590527043962,13665.704,13334.743,1,1
0,1701,300,91590514182336,91590514517187,91590527827358,13645.022,13310.171,1,1
0,1702,300,91590514975032,91590515332915,91590528623916,13648.884,13291.001,1,1
0,1703,300,91590515787700,91590516139212,91590529440233,13652.533,13301.021,1,1
0,1704,300,91590516604568,91590516932858,91590530240461,13635.893,13307.603,1,1
0,1705,300,91590517409415,91590517737326,91590531015927,13606.512,13278.601,1,1
0,1706,300,91590518203812,91590518538554,91590531812964,13609.152,13274.410,1,1
0,1707,300,91590518981119,91590519336521,91590532628212,13647.093,13291.691,1,1
0,1708,300,91590519798366,91590520161858,91590533450889,13652.523,13289.031,1,1
0,1709,300,91590520613494,91590520946375,91590534244346,13630.852,13297.971,1,1
0,1710,300,91590521406581,91590521738582,91590535030353,13623.772,13291.771,1,1
0,1711,300,91590522202568,91590522529039,91590535856230,13653.662,13327.191,1,1
0,1712,300,91590522983794,91590523335386,91590536652838,13669.044,13317.452,1,1
0,1713,300,91590523781091,91590524136363,91590537459625,13678.534,13323.262,1,1
0,1714,300,91590524576908,91590524976422,91590538250612,13673.704,13274.190,1,1
0,1715,300,91590525436507,91590525764788,91590539050309,13613.802,13285.521,1,1
0,1716,300,91590526259405,91590526589926,91590539834165,13574.760,13244.239,1,1
0,1717,300,91590527049762,91590527398063,91590540630283,13580.521,13232.220,1,1
0,1718,300,91590527833139,91590528184921,91590541421699,13588.560,13236.778,1,1
0,1719,300,91590528629046,91590528962447,91590542229067,13600.021,13266.620,1,1
0,1720,300,91590529446534,91590529776645,91590542996723,13550.189,13220.078,1,1
0,1721,300,91590530245900,91590530577762,91590543786419,13540.519,13208.657,1,1
0,1722,300,91590531021216,91590531369599,91590544586387,13565.171,13216.788,1,1
0,1723,300,91590531818024,91590532173596,91590545393095,13575.071,13219.499,1,1
0,1724,300,91590532633501,91590532974113,91590546174631,13541.130,13200.518,1,1
0,1725,300,91590533456859,91590533786330,91590546940317,13483.458,13153.987,1,1
0,1726,300,91590534251316,91590534584598,91590547732194,13480.878,13147.596,1,1
0,1727,300,91590535036383,91590535380505,91590548548091,13511.708,13167.586,1,1
0,1728,300,91590535861971,91590536220663,91590549337548,13475.577,13116.885,1,1
0,1729,300,91590536658138,91590536988099,91590550131725,13473.587,13143.626,1,1
0,1730,300,91590537465575,91590537791947,91590550905741,13440.166,13113.794,1,1
0,1731,300,91590538257123,91590538589354,91590551721199,13464.076,13131.845,1,1
0,1732,300,91590539056469,91590539397401,91590552536536,13480.067,13139.135,1,1
0,1733,300,91590539839246,91590540201128,91590553341694,13502.448,13140.566,1,1
0,1734,300,91590540635403,91590540965384,91590554130591,13495.188,13165.207,1,1
0,1735,300,91590541427310,91590541753401,91590554926318,13499.008,13172.917,1,1
0,1736,300,91590542235418,91590542564599,91590555714135,13478.717,13149.536,1,1
0,1737,300,91590543015573,91590543356535,91590556514191,13498.618,13157.656,1,1
0,1738,300,91590543791720,91590544145592,91590557304679,13512.959,13159.087,1,1
0,1739,300,91590544590967,91590544923308,91590558104735,13513.768,13181.427,1,1
0,1740,300,91590545398394,91590545727276,91590558891302,13492.908,13164.026,1,1
0,1741,300,91590546180801,91590546510412,91590559680009,13499.208,13169.597,1,1
0,1742,300,91590546946168,91590547300369,91590560483307,13537.139,13182.938,1,1
0,1743,300,91590547737514,91590548076566,91590561313054,13575.540,13236.488,1,1
0,1744,300,91590548553322,91590548880913,91590562097281,13543.959,13216.368,1,1
0,1745,300,91590549343418,91590549677680,91590562883388,13539.970,13205.708,1,1
0,1746,300,91590550136865,91590550471827,91590563692266,13555.401,13220.439,1,1
0,1747,300,91590550911902,91590551271044,91590564505053,13593.151,13234.009,1,1
0,1748,300,91590551726739,91590552075911,91590565309640,13582.901,13233.729,1,1
0,1749,300,91590552541807,91590552872628,91590566090497,13548.690,13217.869,1,1
0,1750,300,91590553347885,91590553679446,91590566872354,13524.469,13192.908,1,1
0,1751,300,91590554136871,91590554469422,91590567691661,13554.790,13222.239,1,1
0,1752,300,91590554931768,91590555283620,91590568483448,13551.680,13199.828,1,1
0,1753,300,91590555719314,91590556061556,91590569284265,13564.951,13222.709,1,1
0,1754,300,91590556519872,91590556847752,91590570065921,13546.049,13218.169,1,1
0,1755,300,91590557310898,91590557642590,91590570882769,13571.871,13240.179,1,1
0,1756,300,91590558118746,91590558449147,91590571675276,13556.530,13226.129,1,1
0,1757,300,91590558896883,91590559247895,91590572490304,13593.421,13242.409,1,1
0,1758,300,91590559686429,91590560028391,91590573294221,13607.792,13265.830,1,1
0,1759,300,91590560489247,91590560826098,91590574099058,13609.811,13272.960,1,1
0,1760,300,91590561320775,91590561651046,91590574899265,13578.490,13248.219,1,1
0,1761,300,91590562104741,91590562446873,91590575718663,13613.922,13271.790,1,1
0,1762,300,91590562888338,91590563249351,91590576538941,13650.603,13289.590,1,1
0,1763,300,91590563697365,91590564038617,91590577385429,13688.064,13346.812,1,1
0,1764,300,91590564510373,91590564837464,91590578178026,13667.653,13340.562,1,1
0,1765,300,91590565316030,91590565647191,91590578959603,13643.573,13312.412,1,1
0,1766,300,91590566099866,91590566440868,91590579771570,13671.704,13330.702,1,1
0,1767,300,91590566877543,91590567225645,91590580595319,13717.776,13369.674,1,1
0,1768,300,91590567697651,91590568039193,91590581397196,13699.545,13358.003,1,1
0,1769,300,91590568489538,91590568815839,91590582190253,13700.715,13374.414,1,1
0,1770,300,91590569290615,91590569625607,91590582970640,13680.025,13345.033,1,1
0,1771,300,91590570071742,91590570417603,91590583782007,13710.265,13364.404,1,1
0,1772,300,91590570888320,91590571241612,91590584589874,13701.554,13348.262,1,1
0,1773,300,91590571680266,91590572033858,91590585385031,13704.765,13351.173,1,1
0,1774,300,91590572496434,91590572825945,91590586193229,13696.795,13367.284,1,1
0,1775,300,91590573300601,91590573631793,91590586994366,13693.765,13362.573,1,1
0,1776,300,91590574107089,91590574450831,91590587786332,13679.243,13335.501,1,1
0,1777,300,91590574906066,91590575275498,91590588589240,13683.174,13313.742,1,1
0,1778,300,91590575724854,91590576073715,91590589383257,13658.403,13309.542,1,1
0,1779,300,91590576545241,91590576883573,91590590203105,13657.864,13319.532,1,1
0,1780,300,91590577392130,91590577725401,91590590971151,13579.021,13245.750,1,1
0,1781,300,91590578185637,91590578517148,91590591773228,13587.591,13256.080,1,1
0,1782,300,91590578966064,91590579326926,91590592568345,13602.281,13241.419,1,1
0,1783,300,91590579776131,91590580131653,91590593373553,13597.422,13241.900,1,1
0,1784,300,91590580600989,91590580930870,91590594163529,13562.540,13232.659,1,1
0,1785,300,91590581402926,91590581734228,91590594930205,13527.279,13195.977,1,1
0,1786,300,91590582197313,91590582528105,91590595728382,13531.069,13200.277,1,1
0,1787,300,91590582975649,91590583328881,91590596542470,13566.821,13213.589,1,1
0,1788,300,91590583788057,91590584143799,91590597338257,13550.200,13194.458,1,1
0,1789,300,91590584596465,91590584923705,91590598143174,13546.709,13219.469,1,1
0,1790,300,91590585391532,91590585727393,91590598923410,13531.878,13196.017,1,1
0,1791,300,91590586200669,91590586529720,91590599745828,13545.159,13216.108,1,1
0,1792,300,91590586999656,91590587352398,91590600541715,13542.059,13189.317,1,1
0,1793,300,91590587791483,91590588141804,91590601342003,13550.520,13200.199,1,1
0,1794,300,91590588594940,91590588923261,91590602138960,13544.020,13215.699,1,1
0,1795,300,91590589389067,91590589721078,91590602924316,13535.249,13203.238,1,1
0,1796,300,91590590209195,91590590540236,91590603714533,13505.338,13174.297,1,1
0,1797,300,91590590976331,91590591336903,91590604520791,13544.460,13183.888,1,1
0,1798,300,91590591779378,91590592133630,91590605309917,13530.539,13176.287,1,1
0,1799,300,91590592573795,91590592903026,91590606126365,13552.570,13223.339,1,1
0,1800,300,91590593380132,91590593708264,91590606910302,13530.170,13202.038,1,1
0,1801,300,91590594169799,91590594498881,91590607703409,13533.610,13204.528,1,1
0,1802,300,91590594935205,91590595288097,91590608500716,13565.511,13212.619,1,1
0,1803,300,91590595733363,91590596079854,91590609315403,13582.040,13235.549,1,1
0,1804,300,91590596548070,91590596879481,91590610123760,13575.690,13244.279,1,1
0,1805,300,91590597345167,91590597681889,91590610908708,13563.541,13226.819,1,1
0,1806,300,91590598149904,91590598480046,91590611725505,13575.601,13245.459,1,1
0,1807,300,91590598928681,91590599288533,91590612552323,13623.642,13263.790,1,1
0,1808,300,91590599751909,91590600095470,91590613343779,13591.870,13248.309,1,1
0,1809,300,91590600547656,91590600880547,91590614154818,13607.162,13274.271,1,1
0,1810,300,91590601348313,91590601675234,91590614926644,13578.331,13251.410,1,1
0,1811,300,91590602145950,91590602474751,91590615751181,13605.231,13276.430,1,1
0,1812,300,91590602929827,91590603284359,91590616557239,13627.412,13272.880,1,1
0,1813,300,91590603719553,91590604063815,91590617359967,13640.414,13296.152,1,1
0,1814,300,91590604526611,91590604856712,91590618158963,13632.352,13302.251,1,1
0,1815,300,91590605314907,91590605648499,91590618945330,13630.423,13296.831,1,1
0,1816,300,91590606133225,91590606467257,91590619750167,13616.942,13282.910,1,1
0,1817,300,91590606915392,91590607273683,91590620563605,13648.213,13289.922,1,1
0,1818,300,91590607708649,91590608047870,91590621352282,13643.633,13304.412,1,1
0,1819,300,91590608506026,91590608832507,91590622200200,13694.174,13367.693,1,1
0,1820,300,91590609321334,91590609652815,91590622989948,13668.614,13337.133,1,1
0,1821,300,91590610129961,91590610461472,91590623784104,13654.143,13322.632,1,1
0,1822,300,91590610913658,91590611281700,91590624595552,13681.894,13313.852,1,1
0,1823,300,91590611731345,91590612073117,91590625410309,13678.964,13337.192,1,1
0,1824,300,91590612559003,91590612885374,91590626205016,13646.013,13319.642,1,1
0,1825,300,91590613349110,91590613676052,91590626990802,13641.692,13314.750,1,1
0,1826,300,91590614160917,91590614491349,91590627781470,13620.553,13290.121,1,1
0,1827,300,91590614931604,91590615289026,91590628591967,13660.363,13302.941,1,1
0,1828,300,91590615756692,91590616105164,91590629389794,13633.102,13284.630,1,1
0,1829,300,91590616562849,91590616896901,91590630181581,13618.732,13284.680,1,1
0,1830,300,91590617366536,91590617695908,91590630950537,13584.001,13254.629,1,1
0,1831,300,91590618166133,91590618493164,91590631764504,13598.371,13271.340,1,1
0,1832,300,91590618951951,91590619316762,91590632574803,13622.852,13258.041,1,1
0,1833,300,91590619755967,91590620106999,91590633381960,13625.993,13274.961,1,1
0,1834,300,91590620569825,91590620899766,91590634175516,13605.691,13275.750,1,1
0,1835,300,91590621357852,91590621688783,91590634963824,13605.972,13275.041,1,1
0,1836,300,91590622207851,91590622547612,91590635766100,13558.249,13218.488,1,1
0,1837,300,91590622996377,91590623349589,91590636593379,13597.002,13243.790,1,1
0,1838,300,91590623789954,91590624142077,91590637402406,13612.452,13260.329,1,1
0,1839,300,91590624601632,91590624931243,91590638216704,13615.072,13285.461,1,1
0,1840,300,91590625415450,91590625748981,91590638989660,13574.210,13240.679,1,1
0,1841,300,91590626210957,91590626542478,91590639790127,13579.170,13247.649,1,1
0,1842,300,91590626996473,91590627346045,91590640598844,13602.371,13252.799,1,1
0,1843,300,91590627786869,91590628136442,91590641418842,13631.973,13282.400,1,1
0,1844,300,91590628597928,91590628928099,91590642214019,13616.091,13285.920,1,1
0,1845,300,91590629395415,91590629725356,91590642986605,13591.190,13261.249,1,1
0,1846,300,91590630187592,91590630520543,91590643784543,13596.951,13264.000,1,1
0,1847,300,91590630956257,91590631314220,91590644590940,13634.683,13276.720,1,1
0,1848,300,91590631769945,91590632125687,91590645375516,13605.571,13249.829,1,1
0,1849,300,91590632581092,91590632915623,91590646161864,13580.772,13246.241,1,1
0,1850,300,91590633387830,91590633721521,91590646929459,13541.629,13207.938,1,1
0,1851,300,91590634182257,91590634513598,91590647748247,13565.990,13234.649,1,1
0,1852,300,91590634969963,91590635326415,91590648557104,13587.141,13230.689,1,1
0,1853,300,91590635772891,91590636136644,91590649361962,13589.071,13225.318,1,1
0,1854,300,91590636599288,91590636930121,91590650158299,13559.011,13228.178,1,1
0,1855,300,91590637409417,91590637739028,91590650949306,13539.889,13210.278,1,1
0,1856,300,91590638223274,91590638556655,91590651746263,13522.989,13189.608,1,1
0,1857,300,91590638996080,91590639349822,91590652562391,13566.311,13212.569,1,1
0,1858,300,91590639795998,91590640148909,91590653357068,13561.070,13208.159,1,1
0,1859,300,91590640605375,91590640936576,91590654166825,13561.450,13230.249,1,1
0,1860,300,91590641425673,91590641758004,91590654942181,13516.508,13184.177,1,1
0,1861,300,91590642220380,91590642553861,91590655757969,13537.589,13204.108,1,1
0,1862,300,91590642992496,91590643348198,91590656568206,13575.710,13220.008,1,1
0,1863,300,91590643790003,91590644137924,91590657399235,13609.232,13261.311,1,1
0,1864,300,91590644596880,91590644923602,91590658197392,13600.512,13273.790,1,1
0,1865,300,91590645381837,91590645711548,91590658969878,13588.041,13258.330,1,1
0,1866,300,91590646168383,91590646499354,91590659791165,13622.782,13291.811,1,1
0,1867,300,91590646935390,91590647293942,91590660627295,13691.905,13333.353,1,1
0,1868,300,91590647753908,91590648103079,91590661447052,13693.144,13343.973,1,1
0,1869,300,91590648562885,91590648894826,91590662245959,13683.074,13351.133,1,1
0,1870,300,91590649369652,91590649697334,91590663030266,13660.614,13332.932,1,1
0,1871,300,91590650165809,91590650495891,91590663843263,13677.454,13347.372,1,1
0,1872,300,91590650954766,91590651312039,91590664643311,13688.545,13331.272,1,1
0,1873,300,91590651751633,91590652102105,91590665444077,13692.444,13341.972,1,1
0,1874,300,91590652568411,91590652897312,91590666244725,13676.314,13347.413,1,1
0,1875,300,91590653363788,91590653692749,91590667061992,13698.204,13369.243,1,1
0,1876,300,91590654174135,91590654504076,91590667860560,13686.425,13356.484,1,1
0,1877,300,91590654948162,91590655314384,91590668682478,13734.316,13368.094,1,1
0,1878,300,91590655764439,91590656122932,91590669480195,13715.756,13357.263,1,1
0,1879,300,91590656573776,91590656909158,91590670314533,13740.757,13405.375,1,1
0,1880,300,91590657405784,91590657734776,91590671133921,13728.137,13399.145,1,1
0,1881,300,91590658205112,91590658537113,91590671916347,13711.235,13379.234,1,1
0,1882,300,91590658975258,91590659332660,91590672742475,13767.217,13409.815,1,1
0,1883,300,91590659797006,91590660156738,91590673567103,13770.097,13410.365,1,1
0,1884,300,91590660633454,91590660964155,91590674388051,13754.597,13423.896,1,1
0,1885,300,91590661453132,91590661782593,91590675192559,13739.427,13409.966,1,1
0,1886,300,91590662253370,91590662586231,91590675971394,13718.024,13385.163,1,1
0,1887,300,91590663036905,91590663378357,91590676805953,13769.048,13427.596,1,1
0,1888,300,91590663849374,91590664209425,91590677602411,13753.037,13392.986,1,1
0,1889,300,91590664650230,91590664980992,91590678427448,13777.218,13446.456,1,1
0,1890,300,91590665450018,91590665779949,91590679226565,13776.547,13446.616,1,1
0,1891,300,91590666251435,91590666586376,91590680065414,13813.979,13479.038,1,1
0,1892,300,91590667068173,91590667416734,91590680865091,13796.918,13448.357,1,1
0,1893,300,91590667866460,91590668237432,91590681656308,13789.848,13418.876,1,1
0,1894,300,91590668689477,91590669034090,91590682458815,13769.338,13424.725,1,1
0,1895,300,91590669486674,91590669818316,91590683279112,13792.438,13460.796,1,1
0,1896,300,91590670320823,91590670657634,91590684080940,13760.117,13423.306,1,1
0,1897,300,91590671140641,91590671471342,91590684886738,13746.097,13415.396,1,1
0,1898,300,91590671922377,91590672284640,91590685682275,13759.898,13397.635,1,1
0,1899,300,91590672748585,91590673096737,91590686553934,13805.349,13457.197,1,1
0,1900,300,91590673573763,91590673909805,91590687359261,13785.498,13449.456,1,1
0,1901,300,91590674395302,91590674729683,91590688182519,13787.217,13452.836,1,1
0,1902,300,91590675199148,91590675530150,91590688966386,13767.238,13436.236,1,1
0,1903,300,91590675977915,91590676341688,91590689800634,13822.719,13458.946,1,1
0,1904,300,91590676812623,91590677165715,91590690613392,13800.769,13447.677,1,1
0,1905,300,91590677609180,91590677947952,91590691442379,13833.199,13494.427,1,1
0,1906,300,91590678434198,91590678770020,91590692260397,13826.199,13490.377,1,1
0,1907,300,91590679233846,91590679576507,91590693078415,13844.569,13501.908,1,1
0,1908,300,91590680072364,91590680421246,91590693865842,13793.478,13444.596,1,1
0,1909,300,91590680871871,91590681222613,91590694667829,13795.958,13445.216,1,1
0,1910,300,91590681662858,91590681995549,91590695472867,13810.009,13477.318,1,1
0,1911,300,91590682465055,91590682800246,91590696296554,13831.499,13496.308,1,1
0,1912,300,91590683285903,91590683617514,91590697098461,13812.558,13480.947,1,1
0,1913,300,91590684088020,91590684437012,91590697893208,13805.188,13456.196,1,1
0,1914,300,91590684892267,91590685247809,91590698697456,13805.189,13449.647,1,1
0,1915,300,91590685688274,91590686067587,91590699529744,13841.470,13462.157,1,1
0,1916,300,91590686559604,91590686894696,91590700334382,13774.778,13439.686,1,1
0,1917,300,91590687366761,91590687712004,91590701140369,13773.608,13428.365,1,1
0,1918,300,91590688190190,91590688528611,91590701918355,13728.165,13389.744,1,1
0,1919,300,91590688972896,91590689337348,91590702765683,13792.787,13428.335,1,1
0,1920,300,91590689807244,91590690164676,91590703580201,13772.957,13415.525,1,1
0,1921,300,91590690619792,91590690958183,91590704380708,13760.916,13422.525,1,1
0,1922,300,91590691449940,91590691785811,91590705195056,13745.116,13409.245,1,1
0,1923,300,91590692267038,91590692605589,91590705997633,13730.595,13392.044,1,1
0,1924,300,91590693086306,91590693431357,91590706812871,13726.565,13381.514,1,1
0,1925,300,91590693872332,91590694234634,91590707621788,13749.456,13387.154,1,1
0,1926,300,91590694674099,91590695015301,91590708422676,13748.577,13407.375,1,1
0,1927,300,91590695478967,91590695811858,91590709258774,13779.807,13446.916,1,1
0,1928,300,91590696303414,91590696640536,91590710046111,13742.697,13405.575,1,1
0,1929,300,91590697106782,91590697454674,91590710837768,13730.986,13383.094,1,1
0,1930,300,91590697900899,91590698263182,91590711643295,13742.396,13380.113,1,1
0,1931,300,91590698704616,91590699055218,91590712451953,13747.337,13396.735,1,1
0,1932,300,91590699535865,91590699872576,91590713246100,13710.235,13373.524,1,1
0,1933,300,91590700340741,91590700678863,91590714028976,13688.235,13350.113,1,1
0,1934,300,91590701148409,91590701483931,91590714829943,13681.534,13346.012,1,1
0,1935,300,91590701924486,91590702291968,91590715651231,13726.745,13359.263,1,1
0,1936,300,91590702772324,91590703138167,91590716467639,13695.315,13329.472,1,1
0,1937,300,91590703587572,91590703922733,91590717262266,13674.694,13339.533,1,1
0,1938,300,91590704387039,91590704722820,91590718042873,13655.834,13320.053,1,1
0,1939,300,91590705202337,91590705538508,91590718860300,13657.963,13321.792,1,1
0,1940,300,91590706017074,91590706367416,91590719659787,13642.713,13292.371,1,1
0,1941,300,91590706819802,91590707175364,91590720479885,13660.083,13304.521,1,1
0,1942,300,91590707628329,91590707965440,91590721273342,13645.013,13307.902,1,1
0,1943,300,91590708428356,91590708765138,91590722079739,13651.383,13314.601,1,1
0,1944,300,91590709265935,91590709599436,91590722884346,13618.411,13284.910,1,1
0,1945,300,91590710052601,91590710404263,91590723675663,13623.062,13271.400,1,1
0,1946,300,91590710844408,91590711199890,91590724466550,13622.142,13266.660,1,1
0,1947,300,91590711649015,91590711978746,91590725291608,13642.593,13312.862,1,1
0,1948,300,91590712459372,91590712790184,91590726073395,13614.023,13283.211,1,1
0,1949,300,91590713253269,91590713583161,91590726874742,13621.473,13291.581,1,1
0,1950,300,91590714035826,91590714386218,91590727674869,13639.043,13288.651,1,1
0,1951,300,91590714837794,91590715193506,91590728489856,13652.062,13296.350,1,1
0,1952,300,91590715656952,91590715999513,91590729277163,13620.211,13277.650,1,1
0,1953,300,91590716472779,91590716802440,91590730060320,13587.541,13257.880,1,1
0,1954,300,91590717269076,91590717599097,91590730839826,13570.750,13240.729,1,1
0,1955,300,91590718049252,91590718391814,91590731653304,13604.052,13261.490,1,1
0,1956,300,91590718867410,91590719224792,91590732451471,13584.061,13226.679,1,1
0,1957,300,91590719666107,91590720001169,91590733243598,13577.491,13242.429,1,1
0,1958,300,91590720486235,91590720819447,91590734036294,13550.059,13216.847,1,1
0,1959,300,91590721280282,91590721610613,91590734841852,13561.570,13231.239,1,1
0,1960,300,91590722086529,91590722440561,91590735642240,13555.711,13201.679,1,1
0,1961,300,91590722889807,91590723242088,91590736433486,13543.679,13191.398,1,1
0,1962,300,91590723681413,91590724026075,91590737220503,13539.090,13194.428,1,1
0,1963,300,91590724471860,91590724807601,91590738027130,13555.270,13219.529,1,1
0,1964,300,91590725298698,91590725628959,91590738829777,13531.079,13200.818,1,1
0,1965,300,91590726080255,91590726425967,91590739620345,13540.090,13194.378,1,1
0,1966,300,91590726880822,91590727235804,91590740441802,13560.980,13205.998,1,1
0,1967,300,91590727680999,91590728024031,91590741257190,13576.191,13233.159,1,1
0,1968,300,91590728495947,91590728826168,91590742037756,13541.809,13211.588,1,1
0,1969,300,91590729283424,91590729616325,91590742840624,13557.200,13224.299,1,1
0,1970,300,91590730066520,91590730404742,91590743651911,13585.391,13247.169,1,1
0,1971,300,91590730845877,91590731199029,91590744480800,13634.923,13281.771,1,1
0,1972,300,91590731660454,91590731990455,91590745269506,13609.052,13279.051,1,1
0,1973,300,91590732457341,91590732787992,91590746053242,13595.901,13265.250,1,1
0,1974,300,91590733251048,91590733585300,91590746863220,13612.172,13277.920,1,1
0,1975,300,91590734041825,91590734387847,91590747695478,13653.653,13307.631,1,1
0,1976,300,91590734848783,91590735210314,91590748510336,13661.553,13300.022,1,1
0,1977,300,91590735648719,91590735978751,91590749300672,13651.953,13321.921,1,1
0,1978,300,91590736439977,91590736770128,91590750079309,13639.332,13309.181,1,1
0,1979,300,91590737226853,91590737555584,91590750900637,13673.784,13345.053,1,1
0,1980,300,91590738033441,91590738384853,91590751699985,13666.544,13315.132,1,1
0,1981,300,91590738835998,91590739187919,91590752508002,13672.004,13320.083,1,1
0,1982,300,91590739626404,91590739968906,91590753303939,13677.535,13335.033,1,1
0,1983,300,91590740447762,91590740778383,91590754114126,13666.364,13335.743,1,1
0,1984,300,91590741264290,91590741597381,91590754890852,13626.562,13293.471,1,1
0,1985,300,91590742044397,91590742382718,91590755710360,13665.963,13327.642,1,1
0,1986,300,91590742846784,91590743207256,91590756519057,13672.273,13311.801,1,1
0,1987,300,91590743657701,91590743988633,91590757347266,13689.565,13358.633,1,1
0,1988,300,91590744486989,91590744816740,91590758142033,13655.044,13325.293,1,1
0,1989,300,91590745275717,91590745608848,91590758913819,13638.102,13304.971,1,1
0,1990,300,91590746060293,91590746412545,91590759735167,13674.874,13322.622,1,1
0,1991,300,91590746869580,91590747230132,91590760572465,13702.885,13342.333,1,1
0,1992,300,91590747701679,91590748051941,91590761371033,13669.354,13319.092,1,1
0,1993,300,91590748516796,91590748844957,91590762179100,13662.304,13334.143,1,1
0,1994,300,91590749306783,91590749638984,91590763020708,13713.925,13381.724,1,1
0,1995,300,91590750085720,91590750427651,91590763838516,13752.796,13410.865,1,1
0,1996,300,91590750906638,91590751262899,91590764643693,13737.055,13380.794,1,1
0,1997,300,91590751706164,91590752049806,91590765441280,13735.116,13391.474,1,1
0,1998,300,91590752513902,91590752843533,91590766254958,13741.056,13411.425,1,1
0,1999,300,91590753310329,91590753642600,91590767089296,13778.967,13446.696,1,1
0,2000,300,91590754120616,91590754450877,91590767895714,13775.098,13444.837,1,1
0,2001,300,91590754896353,91590755265025,91590768707841,13811.488,13442.816,1,1
0,2002,300,91590755717751,91590756066282,91590769503398,13785.647,13437.116,1,1
0,2003,300,91590756525298,91590756852968,91590770328016,13802.718,13475.048,1,1
0,2004,300,91590757354006,91590757683607,91590771138974,13784.968,13455.367,1,1
0,2005,300,91590758149143,91590758481765,91590771923030,13773.887,13441.265,1,1
0,2006,300,91590758920209,91590759290282,91590772727107,13806.898,13436.825,1,1
0,2007,300,91590759742067,91590760097799,91590773557035,13814.968,13459.236,1,1
0,2008,300,91590760579875,91590760911997,91590774351292,13771.417,13439.295,1,1
0,2009,300,91590761377192,91590761716704,91590775142080,13764.888,13425.376,1,1
0,2010,300,91590762186250,91590762518341,91590775965597,13779.347,13447.256,1,1
0,2011,300,91590763029118,91590763378401,91590776804106,13774.988,13425.705,1,1
0,2012,300,91590763844986,91590764209069,91590777617663,13772.677,13408.594,1,1
0,2013,300,91590764649994,91590764985475,91590778423111,13773.117,13437.636,1,1
0,2014,300,91590765447421,91590765783202,91590779224698,13777.277,13441.496,1,1
0,2015,300,91590766262258,91590766604360,91590780032195,13769.937,13427.835,1,1
0,2016,300,91590767101487,91590767450858,91590780815752,13714.265,13364.894,1,1
0,2017,300,91590767901684,91590768263706,91590781613370,13711.686,13349.664,1,1
0,2018,300,91590768713722,91590769055983,91590782410006,13696.284,13354.023,1,1
0,2019,300,91590769510109,91590769844710,91590783244395,13734.286,13399.685,1,1
0,2020,300,91590770334196,91590770664288,91590784051602,13717.406,13387.314,1,1
0,2021,300,91590771146174,91590771480746,91590784862739,13716.565,13381.993,1,1
0,2022,300,91590771929260,91590772288453,91590785675606,13746.346,13387.153,1,1
0,2023,300,91590772733738,91590773078459,91590786502155,13768.417,13423.696,1,1
0,2024,300,91590773564846,91590773895717,91590787297472,13732.626,13401.755,1,1
0,2025,300,91590774358653,91590774688024,91590788098249,13739.596,13410.225,1,1
0,2026,300,91590775148469,91590775532463,91590788912697,13764.228,13380.234,1,1
0,2027,300,91590775973438,91590776335020,91590789765726,13792.288,13430.706,1,1
0,2028,300,91590776812496,91590777175849,91590790559612,13747.116,13383.763,1,1
0,2029,300,91590777625534,91590777963765,91590791368920,13743.386,13405.155,1,1
0,2030,300,91590778430021,91590778762823,91590792168557,13738.536,13405.734,1,1
0,2031,300,91590779231828,91590779562560,91590792970624,13738.796,13408.064,1,1
0,2032,300,91590780039486,91590780382067,91590793778871,13739.385,13396.804,1,1
0,2033,300,91590780821892,91590781179894,91590794569879,13747.987,13389.985,1,1
0,2034,300,91590781618819,91590781952310,91590795372916,13754.097,13420.606,1,1
0,2035,300,91590782416196,91590782752828,91590796188363,13772.167,13435.535,1,1
0,2036,300,91590783252354,91590783594436,91590796963170,13710.816,13368.734,1,1
0,2037,300,91590784059272,91590784416165,91590797761157,13701.885,13344.992,1,1
0,2038,300,91590784869059,91590785232392,91590798556704,13687.645,13324.312,1,1
0,2039,300,91590785682827,91590786033069,91590799377432,13694.605,13344.363,1,1
0,2040,300,91590786508355,91590786840767,91590800171809,13663.454,13331.042,1,1
0,2041,300,91590787303782,91590787637694,91590800943495,13639.713,13305.801,1,1
0,2042,300,91590788106519,91590788456832,91590801741532,13635.013,13284.700,1,1
0,2043,300,91590788918147,91590789286879,91590802566400,13648.253,13279.521,1,1
0,2044,300,91590789772216,91590790126018,91590803361027,13588.811,13235.009,1,1
0,2045,300,91590790566043,91590790902054,91590804160744,13594.701,13258.690,1,1
0,2046,300,91590791375250,91590791711882,91590804944711,13569.461,13232.829,1,1
0,2047,300,91590792175667,91590792509189,91590805780849,13605.182,13271.660,1,1
0,2048,300,91590792977315,91590793328367,91590806609467,13632.152,13281.100,1,1
0,2049,300,91590793784902,91590794135404,91590807421095,13636.193,13285.691,1,1
0,2050,300,91590794576509,91590794906610,91590808218561,13642.052,13311.951,1,1
0,2051,300,91590795378616,91590795714458,91590809040269,13661.653,13325.811,1,1
0,2052,300,91590796195904,91590796528025,91590809859147,13663.243,13331.122,1,1
0,2053,300,91590796969230,91590797326322,91590810673185,13703.955,13346.863,1,1
0,2054,300,91590797767427,91590798121359,91590811482593,13715.166,13361.234,1,1
0,2055,300,91590798564054,91590798894805,91590812321911,13757.857,13427.106,1,1
0,2056,300,91590799384622,91590799716284,91590813132099,13747.477,13415.815,1,1
0,2057,300,91590800178909,91590800511951,91590813925876,13746.967,13413.925,1,1
0,2058,300,91590800949985,91590801310408,91590814728053,13778.068,13417.645,1,1
0,2059,300,91590801747333,91590802097674,91590815560211,13812.878,13462.537,1,1
0,2060,300,91590802573310,91590802903341,91590816367338,13794.028,13463.997,1,1
0,2061,300,91590803367167,91590803703288,91590817164475,13797.308,13461.187,1,1
0,2062,300,91590804167324,91590804503826,91590817944292,13776.968,13440.466,1,1
0,2063,300,91590804951921,91590805313343,91590818772880,13820.959,13459.537,1,1
0,2064,300,91590805787420,91590806161112,91590819579888,13792.468,13418.776,1,1
0,2065,300,91590806616287,91590806951379,91590820382894,13766.607,13431.515,1,1
0,2066,300,91590807427555,91590807759606,91590821190682,13763.127,13431.076,1,1
0,2067,300,91590808226752,91590808560493,91590821993889,13767.137,13433.396,1,1
0,2068,300,91590809049400,91590809406002,91590822798767,13749.367,13392.765,1,1
0,2069,300,91590809865868,91590810229570,91590823620865,13754.997,13391.295,1,1
0,2070,300,91590810681285,91590811031877,91590824432632,13751.347,13400.755,1,1
0,2071,300,91590811489393,91590811828114,91590825266290,13776.897,13438.176,1,1
0,2072,300,91590812329991,91590812666573,91590826055007,13725.016,13388.434,1,1
0,2073,300,91590813139458,91590813478210,91590826844514,13705.056,13366.304,1,1
0,2074,300,91590813932036,91590814291407,91590827651251,13719.215,13359.844,1,1
0,2075,300,91590814735923,91590815085864,91590828472139,13736.216,13386.275,1,1
0,2076,300,91590815568441,91590815902482,91590829276246,13707.805,13373.764,1,1
0,2077,300,91590816373709,91590816710760,91590830068073,13694.364,13357.313,1,1
0,2078,300,91590817171126,91590817509337,91590830858020,13686.894,13348.683,1,1
0,2079,300,91590817950532,91590818307654,91590831683008,13732.476,13375.354,1,1
0,2080,300,91590818779420,91590819140083,91590832479574,13700.154,13339.491,1,1
0,2081,300,91590819587257,91590819922849,91590833281922,13694.665,13359.073,1,1
0,2082,300,91590820390645,91590820723746,91590834067799,13677.154,13344.053,1,1
0,2083,300,91590821198152,91590821535213,91590834882507,13684.355,13347.294,1,1
0,2084,300,91590822013969,91590822361852,91590835684183,13670.214,13322.331,1,1
0,2085,300,91590822806017,91590823182920,91590836497082,13691.065,13314.162,1,1
0,2086,300,91590823627914,91590823962756,91590837300538,13672.624,13337.782,1,1
0,2087,300,91590824439793,91590824775004,91590838119776,13679.983,13344.772,1,1
0,2088,300,91590825273361,91590825606182,91590838910143,13636.782,13303.961,1,1
0,2089,300,91590826063167,91590826410729,91590839729741,13666.574,13319.012,1,1
0,2090,300,91590826850904,91590827212896,91590840543538,13692.634,13330.642,1,1
0,2091,300,91590827656951,91590827991063,91590841391188,13734.237,13400.125,1,1
0,2092,300,91590828479670,91590828814721,91590842191204,13711.534,13376.483,1,1
0,2093,300,91590829283266,91590829618188,91590842967990,13684.724,13349.802,1,1
0,2094,300,91590830074783,91590830422735,91590843793789,13719.006,13371.054,1,1
0,2095,300,91590830864740,91590831220103,91590844612557,13747.817,13392.454,1,1
0,2096,300,91590831689488,91590832033790,91590845427974,13738.486,13394.184,1,1
0,2097,300,91590832485915,91590832822857,91590846240382,13754.467,13417.525,1,1
0,2098,300,91590833288303,91590833621724,91590847029658,13741.355,13407.934,1,1
0,2099,300,91590834074779,91590834415351,91590847911918,13837.139,13496.567,1,1
0,2100,300,91590834887756,91590835249219,91590848721346,13833.590,13472.127,1,1
0,2101,300,91590835689864,91590836040195,91590849528683,13838.819,13488.488,1,1
0,2102,300,91590836503561,91590836837533,91590850342631,13839.070,13505.098,1,1
0,2103,300,91590837305969,91590837639900,91590851166619,13860.650,13526.719,1,1
0,2104,300,91590838126977,91590838462658,91590851954586,13827.609,13491.928,1,1
0,2105,300,91590838916283,91590839283275,91590852750323,13834.040,13467.048,1,1
0,2106,300,91590839736441,91590840081453,91590853549900,13813.459,13468.447,1,1
0,2107,300,91590840549879,91590840887530,91590854379048,13829.169,13491.518,1,1
0,2108,300,91590841398177,91590841731768,91590855178245,13780.068,13446.477,1,1
0,2109,300,91590842197484,91590842535506,91590855981413,13783.929,13445.907,1,1
0,2110,300,91590842974151,91590843336483,91590856803720,13829.569,13467.237,1,1
0,2111,300,91590843799889,91590844152311,91590857652009,13852.120,13499.698,1,1
0,2112,300,91590844620026,91590844958088,91590858455906,13835.880,13497.818,1,1
0,2113,300,91590845434345,91590845769766,91590859259023,13824.678,13489.257,1,1
0,2114,300,91590846247732,91590846579904,91590860056031,13808.299,13476.127,1,1
0,2115,300,91590847036739,91590847432042,91590860886228,13849.489,13454.186,1,1
0,2116,300,91590847919359,91590848286681,91590861698077,13778.718,13411.396,1,1
0,2117,300,91590848728646,91590849079338,91590862516324,13787.678,13436.986,1,1
0,2118,300,91590849535784,91590849871225,91590863312641,13776.857,13441.416,1,1
0,2119,300,91590850349781,91590850682173,91590864135489,13785.708,13453.316,1,1
0,2120,300,91590851175549,91590851510850,91590864919726,13744.177,13408.876,1,1
0,2121,300,91590851961126,91590852316598,91590865729093,13767.967,13412.495,1,1
0,2122,300,91590852756743,91590853105785,91590866549671,13792.928,13443.886,1,1
0,2123,300,91590853557120,91590853893381,91590867375609,13818.489,13482.228,1,1
0,2124,300,91590854385748,91590854725620,91590868171586,13785.838,13445.966,1,1
0,2125,300,91590855184326,91590855529517,91590868951592,13767.266,13422.075,1,1
0,2126,300,91590855988522,91590856354335,91590869795511,13806.989,13441.176,1,1
0,2127,300,91590856810820,91590857179132,91590870625689,13814.869,13446.557,1,1
0,2128,300,91590857660279,91590857995590,91590871431667,13771.388,13436.077,1,1
0,2129,300,91590858462966,91590858802098,91590872249954,13786.988,13447.856,1,1
0,2130,300,91590859267174,91590859601515,91590873040871,13773.697,13439.356,1,1
0,2131,300,91590860062911,91590860408972,91590873872719,13809.808,13463.747,1,1
0,2132,300,91590860892599,91590861249761,91590874690867,13798.268,13441.106,1,1
0,2133,300,91590861704066,91590862055728,91590875505165,13801.099,13449.437,1,1
0,2134,300,91590862522404,91590862856525,91590876321132,13798.728,13464.607,1,1
0,2135,300,91590863318761,91590863655843,91590877180322,13861.561,13524.479,1,1
0,2136,300,91590864144200,91590864481371,91590877969098,13824.898,13487.727,1,1
0,2137,300,91590864925885,91590865290408,91590879177909,14252.024,13887.501,1,1
0,2138,300,91590865735164,91590866082315,91590879979436,14244.272,13897.121,1,1
0,2139,300,91590866555771,91590866890502,91590880833735,14277.964,13943.233,1,1
0,2140,300,91590867383579,91590867715060,91590881656083,14272.504,13941.023,1,1
0,2141,300,91590868179366,91590868517008,91590882463371,14284.005,13946.363,1,1
0,2142,300,91590868958103,91590869342315,91590883281698,14323.595,13939.383,1,1
0,2143,300,91590869802561,91590870162483,91590884151808,14349.247,13989.325,1,1
0,2144,300,91590870632540,91590870966441,91590884936574,14304.034,13970.133,1,1
0,2145,300,91590871438136,91590871780108,91590885745492,14307.356,13965.384,1,1
0,2146,300,91590872258555,91590872592246,91590886569920,14311.365,13977.674,1,1
0,2147,300,91590873047721,91590873398234,91590887417469,14369.748,14019.235,1,1
0,2148,300,91590873879960,91590874255103,91590888215806,14335.846,13960.703,1,1
0,2149,300,91590874696898,91590875048499,91590888992803,14295.905,13944.304,1,1
0,2150,300,91590875511605,91590875845617,91590889817050,14305.445,13971.433,1,1
0,2151,300,91590876329083,91590876678835,91590890661929,14332.846,13983.094,1,1
0,2152,300,91590877190421,91590877529943,91590891489087,14298.666,13959.144,1,1
0,2153,300,91590877976509,91590878703513,91590892318235,14341.726,13614.722,1,1
0,2154,300,91590879188110,91590879531342,91590893121842,13933.732,13590.500,1,1
0,2155,300,91590879988167,91590880357159,91590893942800,13954.633,13585.641,1,1
0,2156,300,91590880841936,91590881207908,91590894757778,13915.842,13549.870,1,1
0,2157,300,91590881662744,91590882000975,91590895566966,13904.222,13565.991,1,1
0,2158,300,91590882470911,91590882805572,91590896382524,13911.613,13576.952,1,1
0,2159,300,91590883295789,91590883646981,91590897205141,13909.352,13558.160,1,1
0,2160,300,91590884159618,91590884499560,91590897985617,13825.999,13486.057,1,1
0,2161,300,91590884943515,91590885305147,91590898782795,13839.280,13477.648,1,1
0,2162,300,91590885753282,91590886121355,91590899591822,13838.540,13470.467,1,1
0,2163,300,91590886577100,91590886921342,91590900414280,13837.180,13492.938,1,1
0,2164,300,91590887424879,91590887757991,91590901206407,13781.528,13448.416,1,1
0,2165,300,91590888223416,91590888556827,91590902016744,13793.328,13459.917,1,1
0,2166,300,91590888998812,91590889367815,91590902803441,13804.629,13435.626,1,1
0,2167,300,91590889822921,91590890184503,91590903642640,13819.719,13458.137,1,1
0,2168,300,91590890668900,91590891024612,91590904443286,13774.386,13418.674,1,1
0,2169,300,91590891496267,91590891842609,91590905235214,13738.947,13392.605,1,1
0,2170,300,91590892326075,91590892661857,91590906047961,13721.886,13386.104,1,1
0,2171,300,91590893129613,91590893470265,91590906861689,13732.076,13391.424,1,1
0,2172,300,91590893949641,91590894322193,91590907665666,13716.025,13343.473,1,1
0,2173,300,91590894764478,91590895129920,91590908465813,13701.335,13335.893,1,1
0,2174,300,91590895572805,91590895905307,91590909259190,13686.385,13353.883,1,1
0,2175,300,91590896389663,91590896719884,91590910104659,13714.996,13384.775,1,1
0,2176,300,91590897212751,91590897548483,91590910886656,13673.905,13338.173,1,1
0,2177,300,91590897992778,91590898350880,91590911688812,13696.034,13337.932,1,1
0,2178,300,91590898788665,91590899145127,91590912485499,13696.834,13340.372,1,1
0,2179,300,91590899598602,91590899928683,91590913337079,13738.477,13408.396,1,1
0,2180,300,91590900420820,91590900754012,91590914140645,13719.825,13386.633,1,1
0,2181,300,91590901213057,91590901556458,91590914911871,13698.814,13355.413,1,1
0,2182,300,91590902024505,91590902369817,91590915710309,13685.804,13340.492,1,1
0,2183,300,91590902809981,91590903169833,91590916542707,13732.726,13372.874,1,1
0,2184,300,91590903649889,91590903983911,91590917357634,13707.745,13373.723,1,1
0,2185,300,91590904450547,91590904779408,91590918149622,13699.075,13370.214,1,1
0,2186,300,91590905242833,91590905584705,91590918920598,13677.765,13335.893,1,1
0,2187,300,91590906054351,91590906402183,91590919766676,13712.325,13364.493,1,1
0,2188,300,91590906868619,91590907234001,91590920567244,13698.625,13333.243,1,1
0,2189,300,91590907672006,91590908017068,91590921358240,13686.234,13341.172,1,1
0,2190,300,91590908471753,91590908802274,91590922152997,13681.244,13350.723,1,1
0,2191,300,91590909266960,91590909602822,91590922944825,13677.865,13342.003,1,1
0,2192,300,91590910122279,91590910458131,91590923761632,13639.353,13303.501,1,1
0,2193,300,91590910892965,91590911253748,91590924558309,13665.344,13304.561,1,1
0,2194,300,91590911694693,91590912035874,91590925362906,13668.213,13327.032,1,1
0,2195,300,91590912493190,91590912841581,91590926183154,13689.964,13341.573,1,1
0,2196,300,91590913343778,91590913674509,91590926972621,13628.843,13298.112,1,1
0,2197,300,91590914147656,91590914480637,91590927770798,13623.142,13290.161,1,1
0,2198,300,91590914918462,91590915278444,91590928574256,13655.794,13295.812,1,1
0,2199,300,91590915716639,91590916063951,91590929398533,13681.894,13334.582,1,1
0,2200,300,91590916549697,91590916883608,91590930201651,13651.954,13318.043,1,1
0,2201,300,91590917364545,91590917693976,91590930994397,13629.852,13300.421,1,1
0,2202,300,91590918157332,91590918487294,91590931783174,13625.842,13295.880,1,1
0,2203,300,91590918927978,91590919295801,91590932611433,13683.455,13315.632,1,1
0,2204,300,91590919772817,91590920124538,91590933411969,13639.152,13287.431,1,1
0,2205,300,91590920573864,91590920907055,91590934225827,13651.963,13318.772,1,1
0,2206,300,91590921364411,91590921699082,91590935018774,13654.363,13319.692,1,1
0,2207,300,91590922161018,91590922488488,91590935826821,13665.803,13338.333,1,1
0,2208,300,91590922951334,91590923311237,91590936625879,13674.545,13314.642,1,1
0,2209,300,91590923768892,91590924122374,91590937423386,13654.494,13301.012,1,1
0,2210,300,91590924565639,91590924897020,91590938217963,13652.324,13320.943,1,1
0,2211,300,91590925370317,91590925703148,91590939043220,13672.903,13340.072,1,1
0,2212,300,91590926189885,91590926528716,91590939828197,13638.312,13299.481,1,1
0,2213,300,91590926978821,91590927337934,91590940617814,13638.993,13279.880,1,1
0,2214,300,91590927776999,91590928130240,91590941415221,13638.222,13284.981,1,1
0,2215,300,91590928581145,91590928914066,91590942292941,13711.796,13378.875,1,1
0,2216,300,91590929405454,91590929737685,91590943100548,13695.094,13362.863,1,1
0,2217,300,91590930209620,91590930541192,91590943886045,13676.425,13344.853,1,1
0,2218,300,91590931000518,91590931355280,91590944684092,13683.574,13328.812,1,1
0,2219,300,91590931789314,91590932142976,91590945517160,13727.846,13374.184,1,1
0,2220,300,91590932618062,91590932953133,91590946318287,13700.225,13365.154,1,1
0,2221,300,91590933419030,91590933748640,91590947100844,13681.814,13352.204,1,1
0,2222,300,91590934233707,91590934562199,91590947889721,13656.014,13327.522,1,1
0,2223,300,91590935025774,91590935369576,91590948719309,13693.535,13349.733,1,1
0,2224,300,91590935833902,91590936193074,91590949513815,13679.913,13320.741,1,1
0,2225,300,91590936632439,91590936961770,91590950306122,13673.683,13344.352,1,1
0,2226,300,91590937429516,91590937756987,91590951089819,13660.303,13332.832,1,1
0,2227,300,91590938225993,91590938561554,91590951895436,13669.443,13333.882,1,1
0,2228,300,91590939051341,91590939396353,91590952690493,13639.152,13294.140,1,1
0,2229,300,91590939835218,91590940186799,91590953482961,13647.743,13296.162,1,1
0,2230,300,91590940623424,91590940954005,91590954272137,13648.713,13318.132,1,1
0,2231,300,91590941421711,91590941756263,91590955069454,13647.743,13313.191,1,1
0,2232,300,91590942302001,91590942639543,91590955855951,13553.950,13216.408,1,1
0,2233,300,91590943118629,91590943450770,91590956650758,13532.129,13199.988,1,1
0,2234,300,91590943892865,91590944250397,91590957440855,13547.990,13190.458,1,1
0,2235,300,91590944690642,91590945044484,91590958254853,13564.211,13210.369,1,1
0,2236,300,91590945523961,91590945858152,91590959034678,13510.717,13176.526,1,1
0,2237,300,91590946325498,91590946659879,91590959816235,13490.737,13156.356,1,1
0,2238,300,91590947118675,91590947455066,91590960630883,13512.208,13175.817,1,1
0,2239,300,91590947896701,91590948256403,91590961443760,13547.059,13187.357,1,1
0,2240,300,91590948725759,91590949068511,91590962230358,13504.599,13161.847,1,1
0,2241,300,91590949520216,91590949850467,91590962999783,13479.567,13149.316,1,1
0,2242,300,91590950313213,91590950644514,91590963806800,13493.587,13162.286,1,1
0,2243,300,91590951098380,91590951439231,91590964631559,13533.179,13192.328,1,1
0,2244,300,91590951902127,91590952259469,91590965424335,13522.208,13164.866,1,1
0,2245,300,91590952697084,91590953034795,91590966211173,13514.089,13176.378,1,1
0,2246,300,91590953490340,91590953816922,91590966979249,13488.909,13162.327,1,1
0,2247,300,91590954278758,91590954606579,91590967807606,13528.848,13201.027,1,1
0,2248,300,91590955075535,91590955423466,91590968606273,13530.738,13182.807,1,1
0,2249,300,91590955862031,91590956209343,91590969396770,13534.739,13187.427,1,1
0,2250,300,91590956656728,91590956989159,91590970182967,13526.239,13193.808,1,1
0,2251,300,91590957446665,91590957779436,91590970973434,13526.769,13193.998,1,1
0,2252,300,91590958261392,91590958589884,91590971772151,13510.759,13182.267,1,1
0,2253,300,91590959041249,91590959379731,91590972569698,13528.449,13189.967,1,1
0,2254,300,91590959823066,91590960179678,91590973359775,13536.709,13180.097,1,1
0,2255,300,91590960638233,91590960966704,91590974183103,13544.870,13216.399,1,1
0,2256,300,91590961450341,91590961779592,91590974963299,13512.958,13183.707,1,1
0,2257,300,91590962237177,91590962566759,91590975777137,13539.960,13210.378,1,1
0,2258,300,91590963015884,91590963361086,91590976576384,13560.500,13215.298,1,1
0,2259,300,91590963813431,91590964170213,91590977407873,13594.442,13237.660,1,1
0,2260,300,91590964638279,91590964969650,91590978227669,13589.390,13258.019,1,1
0,2261,300,91590965430616,91590965758267,91590979015947,13585.331,13257.680,1,1
0,2262,300,91590966217302,91590966549223,91590979825104,13607.802,13275.881,1,1
0,2263,300,91590966984779,91590967340251,91590980654013,13669.234,13313.762,1,1
0,2264,300,91590967813427,91590968172819,91590981457789,13644.362,13284.970,1,1
0,2265,300,91590968612474,91590968940555,91590982264567,13652.093,13324.012,1,1
0,2266,300,91590969403421,91590969732041,91590983045043,13641.622,13313.002,1,1
0,2267,300,91590970189197,91590970523139,91590983881491,13692.294,13358.352,1,1
0,2268,300,91590970980044,91590971332816,91590984678629,13698.585,13345.813,1,1
0,2269,300,91590971778252,91590972130123,91590985469046,13690.794,13338.923,1,1
0,2270,300,91590972574979,91590972905450,91590986259713,13684.734,13354.263,1,1
0,2271,300,91590973367105,91590973693266,91590987062059,13694.954,13368.793,1,1
0,2272,300,91590974190663,91590974520335,91590987883287,13692.624,13362.952,1,1
0,2273,300,91590974969699,91590975329292,91590988676964,13707.265,13347.672,1,1
0,2274,300,91590975783287,91590976135709,91590989480342,13697.055,13344.633,1,1
0,2275,300,91590976582034,91590976919666,91590990296940,13714.906,13377.274,1,1
0,2276,300,91590977415532,91590977753374,91590991079596,13664.064,13326.222,1,1
0,2277,300,91590978235100,91590978564841,91590991904824,13669.724,13339.983,1,1
0,2278,300,91590979023247,91590979370559,91590992703351,13680.104,13332.792,1,1
0,2279,300,91590979831084,91590980187727,91590993523149,13692.065,13335.422,1,1
0,2280,300,91590980660792,91590980991053,91590994327546,13666.754,13336.493,1,1
0,2281,300,91590981464430,91590981794361,91590995103122,13638.692,13308.761,1,1
0,2282,300,91590982272207,91590982604398,91590995900659,13628.452,13296.261,1,1
0,2283,300,91590983052524,91590983403075,91590996731557,13679.033,13328.482,1,1
0,2284,300,91590983887942,91590984243474,91590997523955,13636.013,13280.481,1,1
0,2285,300,91590984685199,91590985024461,91590998344472,13659.273,13320.011,1,1
0,2286,300,91590985474966,91590985804577,91590999136190,13661.224,13331.613,1,1
0,2287,300,91590986266472,91590986594594,91590999921816,13655.344,13327.222,1,1
0,2288,300,91590987069010,91590987426972,91591000758014,13689.004,13331.042,1,1
0,2289,300,91590987889488,91590988243540,91591001548011,13658.523,13304.471,1,1
0,2290,300,91590988682665,91590989025847,91591002359669,13677.004,13333.822,1,1
0,2291,300,91590989486912,91590989817283,91591003174587,13687.675,13357.304,1,1
0,2292,300,91590990303330,91590990631651,91591003962383,13659.053,13330.732,1,1
0,2293,300,91590991086766,91590991446458,91591004754600,13667.834,13308.142,1,1
0,2294,300,91590991912945,91590992275446,91591005547247,13634.302,13271.801,1,1
0,2295,300,91590992709222,91590993051063,91591006420697,13711.475,13369.634,1,1
0,2296,300,91590993529299,91590993865740,91591007219263,13689.964,13353.523,1,1
0,2297,300,91590994333726,91590994660467,91591008017430,13683.704,13356.963,1,1
0,2298,300,91590995118684,91590995452865,91591008798557,13679.873,13345.692,1,1
0,2299,300,91590995907150,91590996265962,91591009613185,13706.035,13347.223,1,1
0,2300,300,91590996737678,91590997077720,91591010416862,13679.184,13339.142,1,1
0,2301,300,91590997530615,91590997867286,91591011202499,13671.884,13335.213,1,1
0,2302,300,91590998350433,91590998683074,91591011993245,13642.812,13310.171,1,1
0,2303,300,91590999142059,91590999468881,91591012810553,13668.494,13341.672,1,1
0,2304,300,91590999927956,91591000316539,91591013605370,13677.414,13288.831,1,1
0,2305,300,91591000764685,91591001106526,91591014400177,13635.492,13293.651,1,1
0,2306,300,91591001554891,91591001886913,91591015185294,13630.403,13298.381,1,1
0,2307,300,91591002365809,91591002697270,91591015988811,13623.002,13291.541,1,1
0,2308,300,91591003181766,91591003517038,91591016783279,13601.513,13266.241,1,1
0,2309,300,91591003968714,91591004321455,91591017595146,13626.432,13273.691,1,1
0,2310,300,91591004761490,91591005103821,91591018403693,13642.203,13299.872,1,1
0,2311,300,91591005553067,91591005885328,91591019236191,13683.124,13350.863,1,1
0,2312,300,91591006428867,91591006761918,91591020030208,13601.341,13268.290,1,1
0,2313,300,91591007226334,91591007556765,91591020812995,13586.661,13256.230,1,1
0,2314,300,91591008024401,91591008368583,91591021619492,13595.091,13250.909,1,1
0,2315,300,91591008804188,91591009158150,91591022459790,13655.602,13301.640,1,1
0,2316,300,91591009620195,91591009951406,91591023290119,13669.924,13338.713,1,1
0,2317,300,91591010423112,91591010750064,91591024082646,13659.534,13332.582,1,1
0,2318,300,91591011209289,91591011537700,91591024870812,13661.523,13333.112,1,1
0,2319,300,91591011999246,91591012356038,91591025684450,13685.204,13328.412,1,1
0,2320,300,91591012816644,91591013172376,91591026488688,13672.044,13316.312,1,1
0,2321,300,91591013611981,91591013942001,91591027301695,13689.714,13359.694,1,1
0,2322,300,91591014406257,91591014733718,91591028091592,13685.335,13357.874,1,1
0,2323,300,91591015192085,91591015525996,91591028901390,13709.305,13375.394,1,1
0,2324,300,91591015994911,91591016352273,91591029697647,13702.736,13345.374,1,1
0,2325,300,91591016790708,91591017150541,91591030503144,13712.436,13352.603,1,1
0,2326,300,91591017601485,91591017932858,91591031294430,13692.945,13361.572,1,1
0,2327,300,91591018410604,91591018744805,91591032118349,13707.745,13373.544,1,1
0,2328,300,91591019242702,91591019577563,91591032895925,13653.223,13318.362,1,1
0,2329,300,91591020037149,91591020380051,91591033698402,13661.253,13318.351,1,1
0,2330,300,91591020819945,91591021173157,91591034498469,13678.524,13325.312,1,1
0,2331,300,91591021626052,91591021958363,91591035327108,13701.056,13368.745,1,1
0,2332,300,91591022467031,91591022808643,91591036125354,13658.323,13316.711,1,1
0,2333,300,91591023297899,91591023630380,91591036899910,13602.011,13269.530,1,1
0,2334,300,91591024090246,91591024435678,91591037703768,13613.522,13268.090,1,1
0,2335,300,91591024878223,91591025229115,91591038541666,13663.443,13312.551,1,1
0,2336,300,91591025692000,91591026033552,91591039371274,13679.274,13337.722,1,1
0,2337,300,91591026494808,91591026823679,91591040171341,13676.533,13347.662,1,1
0,2338,300,91591027309056,91591027644637,91591040951048,13641.992,13306.411,1,1
0,2339,300,91591028100052,91591028446914,91591041783926,13683.874,13337.012,1,1
0,2340,300,91591028907039,91591029264931,91591042588224,13681.185,13323.293,1,1
0,2341,300,91591029703146,91591030048798,91591043396581,13693.435,13347.783,1,1
0,2342,300,91591030509824,91591030841065,91591044201889,13692.065,13360.824,1,1
0,2343,300,91591031299741,91591031634822,91591045026856,13727.115,13392.034,1,1
0,2344,300,91591032126049,91591032462750,91591045815824,13689.775,13353.074,1,1
0,2345,300,91591032902555,91591033264947,91591046616800,13714.245,13351.853,1,1
0,2346,300,91591033705192,91591034051915,91591047426428,13721.236,13374.513,1,1
0,2347,300,91591034504470,91591034838461,91591048278097,13773.627,13439.636,1,1
0,2348,300,91591035334467,91591035667518,91591049071614,13737.147,13404.096,1,1
0,2349,300,91591036132985,91591036466656,91591049858670,13725.685,13392.014,1,1
0,2350,300,91591036907561,91591037267943,91591050672217,13764.656,13404.274,1,1
0,2351,300,91591037711999,91591038062990,91591051503836,13791.837,13440.846,1,1
0,2352,300,91591038549297,91591038887039,91591052337725,13788.428,13450.686,1,1
0,2353,300,91591039378005,91591039711086,91591053133882,13755.877,13422.796,1,1
0,2354,300,91591040178592,91591040514834,91591053911248,13732.656,13396.414,1,1
0,2355,300,91591040959019,91591041325221,91591054739816,13780.797,13414.595,1,1
0,2356,300,91591041790687,91591042149309,91591055549603,13758.916,13400.294,1,1
0,2357,300,91591042595554,91591042932395,91591056357471,13761.917,13425.076,1,1
0,2358,300,91591043402501,91591043736593,91591057152218,13749.717,13415.625,1,1
0,2359,300,91591044209678,91591044545450,91591057952925,13743.247,13407.475,1,1
0,2360,300,91591045033937,91591045380438,91591058749352,13715.415,13368.914,1,1
0,2361,300,91591045822473,91591046181716,91591059552019,13729.546,13370.303,1,1
0,2362,300,91591046623511,91591046957082,91591060351406,13727.895,13394.324,1,1
0,2363,300,91591047432878,91591047777490,91591061180634,13747.756,13403.144,1,1
0,2364,300,91591048285417,91591048618009,91591061960671,13675.254,13342.662,1,1
0,2365,300,91591049079724,91591049427446,91591062777919,13698.195,13350.473,1,1
0,2366,300,91591049866221,91591050235783,91591063587366,13721.145,13351.583,1,1
0,2367,300,91591050678768,91591051018610,91591064409124,13730.356,13390.514,1,1
0,2368,300,91591051511196,91591051848558,91591065205581,13694.385,13357.023,1,1
0,2369,300,91591052344525,91591052676176,91591065972277,13627.752,13296.101,1,1
0,2370,300,91591053141332,91591053478963,91591066778604,13637.272,13299.641,1,1
0,2371,300,91591053917608,91591054275880,91591067602793,13685.185,13326.913,1,1
0,2372,300,91591054747726,91591055104509,91591068412370,13664.644,13307.861,1,1
0,2373,300,91591055556173,91591055887465,91591069203217,13647.044,13315.752,1,1
0,2374,300,91591056364612,91591056694142,91591069990864,13626.252,13296.722,1,1
0,2375,300,91591057158848,91591057493160,91591070841122,13682.274,13347.962,1,1
0,2376,300,91591057960025,91591058317687,91591071654090,13694.065,13336.403,1,1
0,2377,300,91591058755992,91591059104494,91591072458757,13702.765,13354.263,1,1
0,2378,300,91591059558669,91591059893031,91591073251544,13692.875,13358.513,1,1
0,2379,300,91591060360367,91591060694088,91591074072912,13712.545,13378.824,1,1
0,2380,300,91591061189835,91591061523676,91591074853328,13663.493,13329.652,1,1
0,2381,300,91591061967841,91591062336733,91591075667396,13699.555,13330.663,1,1
0,2382,300,91591062784409,91591063135591,91591076475544,13691.135,13339.953,1,1
0,2383,300,91591063592926,91591063929258,91591077300181,13707.255,13370.923,1,1
0,2384,300,91591064414984,91591064748746,91591078084868,13669.884,13336.122,1,1
0,2385,300,91591065213101,91591065541232,91591078867964,13654.863,13326.732,1,1
0,2386,300,91591065978327,91591066330649,91591079676802,13698.475,13346.153,1,1
0,2387,300,91591066785555,91591067136317,91591080500070,13714.515,13363.753,1,1
0,2388,300,91591067609852,91591067945254,91591081315258,13705.406,13370.004,1,1
0,2389,300,91591068420000,91591068749031,91591082093594,13673.594,13344.563,1,1
0,2390,300,91591069210227,91591069547229,91591082870750,13660.523,13323.521,1,1
0,2391,300,91591069997003,91591070382887,91591083693018,13696.015,13310.131,1,1
0,2392,300,91591070846823,91591071210424,91591084494016,13647.193,13283.592,1,1
0,2393,300,91591071660780,91591071987481,91591085296172,13635.392,13308.691,1,1
0,2394,300,91591072465577,91591072794229,91591086087930,13622.353,13293.701,1,1
0,2395,300,91591073259904,91591073592046,91591086892237,13632.333,13300.191,1,1
0,2396,300,91591074079242,91591074421264,91591087682663,13603.421,13261.399,1,1
0,2397,300,91591074860239,91591075218701,91591088491631,13631.392,13272.930,1,1
0,2398,300,91591075672526,91591076019518,91591089280588,13608.062,13261.070,1,1
0,2399,300,91591076482613,91591076808895,91591090085376,13602.763,13276.481,1,1
0,2400,300,91591077309092,91591077643383,91591090867692,13558.600,13224.309,1,1
0,2401,300,91591078093898,91591078438290,91591091662258,13568.360,13223.968,1,1
0,2402,300,91591078875315,91591079238477,91591092457505,13582.190,13219.028,1,1
0,2403,300,91591079682843,91591080022513,91591093281284,13598.441,13258.771,1,1
0,2404,300,91591080506530,91591080842721,91591094059740,13553.210,13217.019,1,1
0,2405,300,91591081320908,91591081647589,91591094844426,13523.518,13196.837,1,1
0,2406,300,91591082101944,91591082439306,91591095644374,13542.430,13205.068,1,1
0,2407,300,91591082877111,91591083235093,91591096453971,13576.860,13218.878,1,1
0,2408,300,91591083699829,91591084040160,91591097254798,13554.969,13214.638,1,1
0,2409,300,91591084499375,91591084825317,91591098031575,13532.200,13206.258,1,1
0,2410,300,91591085303123,91591085634314,91591098805591,13502.468,13171.277,1,1
0,2411,300,91591086096280,91591086438022,91591099624989,13528.709,13186.967,1,1
0,2412,300,91591086897667,91591087252009,91591100414696,13517.029,13162.687,1,1
0,2413,300,91591087688614,91591088032776,91591101217833,13529.219,13185.057,1,1
0,2414,300,91591088497991,91591088823963,91591101990969,13492.978,13167.006,1,1
0,2415,300,91591089286338,91591089615209,91591102839908,13553.570,13224.699,1,1
0,2416,300,91591090095015,91591090436047,91591103646896,13551.881,13210.849,1,1
0,2417,300,91591090873712,91591091228274,91591104452172,13578.460,13223.898,1,1
0,2418,300,91591091668629,91591091997820,91591105261401,13592.772,13263.581,1,1
0,2419,300,91591092464976,91591092797527,91591106063557,13598.581,13266.030,1,1
0,2420,300,91591093287584,91591093618775,91591106850764,13563.180,13231.989,1,1
0,2421,300,91591094066640,91591094410762,91591107639081,13572.441,13228.319,1,1
0,2422,300,91591094849977,91591095211899,91591108445878,13595.901,13233.979,1,1
0,2423,300,91591095651174,91591095978925,91591109275937,13624.763,13297.012,1,1
0,2424,300,91591096461122,91591096791393,91591110055962,13594.840,13264.569,1,1
0,2425,300,91591097261379,91591097589250,91591110839219,13577.840,13249.969,1,1
0,2426,300,91591098038405,91591098376956,91591111634256,13595.851,13257.300,1,1
0,2427,300,91591098812192,91591099169974,91591112447234,13635.042,13277.260,1,1
0,2428,300,91591099630879,91591099957460,91591113256692,13625.813,13299.232,1,1
0,2429,300,91591100422326,91591100754107,91591114053339,13631.013,13299.232,1,1
0,2430,300,91591101223863,91591101557964,91591114843025,13619.162,13285.061,1,1
0,2431,300,91591101997159,91591102373183,91591115663453,13666.294,13290.270,1,1
0,2432,300,91591102845698,91591103206161,91591116466920,13621.222,13260.759,1,1
0,2433,300,91591103653755,91591103983477,91591117260307,13606.552,13276.830,1,1
0,2434,300,91591104458413,91591104797845,91591118073764,13615.351,13275.919,1,1
0,2435,300,91591105267950,91591105598121,91591118879932,13611.982,13281.811,1,1
0,2436,300,91591106069458,91591106413150,91591119684420,13614.962,13271.270,1,1
0,2437,300,91591106856624,91591107208277,91591120493947,13637.323,13285.670,1,1
0,2438,300,91591107645831,91591107974062,91591121289544,13643.713,13315.482,1,1
0,2439,300,91591108452028,91591108789070,91591122097501,13645.473,13308.431,1,1
0,2440,300,91591109282686,91591109611708,91591122884028,13601.342,13272.320,1,1
0,2441,300,91591110062893,91591110408235,91591123732497,13669.604,13324.262,1,1
0,2442,300,91591110845810,91591111202592,91591124561395,13715.585,13358.803,1,1
0,2443,300,91591111640117,91591111967767,91591125384263,13744.146,13416.496,1,1
0,2444,300,91591112453864,91591112783925,91591126206141,13752.277,13422.216,1,1
0,2445,300,91591113263901,91591113597873,91591126974467,13710.566,13376.594,1,1
0,2446,300,91591114060658,91591114405241,91591127770104,13709.446,13364.863,1,1
0,2447,300,91591114850355,91591115210587,91591128584671,13734.316,13374.084,1,1
0,2448,300,91591115669613,91591116017215,91591129388859,13719.246,13371.644,1,1
0,2449,300,91591116473181,91591116801781,91591130182956,13709.775,13381.175,1,1
0,2450,300,91591117268258,91591117594518,91591130950641,13682.383,13356.123,1,1
0,2451,300,91591118081535,91591118428896,91591131758829,13677.294,13329.933,1,1
0,2452,300,91591118885613,91591119240225,91591132564186,13678.573,13323.961,1,1
0,2453,300,91591119691500,91591120038752,91591133360553,13669.053,13321.801,1,1
0,2454,300,91591120499488,91591120830049,91591134172781,13673.293,13342.732,1,1
0,2455,300,91591121296324,91591121624705,91591134964328,13668.004,13339.623,1,1
0,2456,300,91591122105222,91591122453943,91591135755805,13650.583,13301.862,1,1
0,2457,300,91591122889928,91591123248450,91591136565252,13675.324,13316.802,1,1
0,2458,300,91591123743548,91591124118090,91591137361579,13618.031,13243.489,1,1
0,2459,300,91591124568555,91591124899376,91591138187558,13619.003,13288.182,1,1
0,2460,300,91591125392403,91591125727645,91591138955243,13562.840,13227.598,1,1
0,2461,300,91591126213691,91591126545343,91591139747520,13533.829,13202.177,1,1
0,2462,300,91591126979747,91591127336949,91591140559288,13579.541,13222.339,1,1
0,2463,300,91591127776834,91591128130366,91591141371585,13594.751,13241.219,1,1
0,2464,300,91591128590772,91591128922433,91591142181343,13590.571,13258.910,1,1
0,2465,300,91591129394129,91591129723950,91591142946018,13551.889,13222.068,1,1
0,2466,300,91591130188766,91591130520827,91591143736025,13547.259,13215.198,1,1
0,2467,300,91591130956122,91591131310784,91591144594004,13637.882,13283.220,1,1
0,2468,300,91591131766129,91591132120521,91591145384392,13618.263,13263.871,1,1
0,2469,300,91591132570597,91591132897748,91591146163078,13592.481,13265.330,1,1
0,2470,300,91591133366774,91591133695315,91591146951245,13584.471,13255.930,1,1
0,2471,300,91591134180501,91591134512442,91591147763632,13583.131,13251.190,1,1
0,2472,300,91591134971968,91591135327350,91591148569900,13597.932,13242.550,1,1
0,2473,300,91591135762545,91591136123437,91591149359876,13597.331,13236.439,1,1
0,2474,300,91591136571333,91591136900064,91591150145613,13574.280,13245.549,1,1
0,2475,300,91591137368880,91591137701861,91591150950260,13581.380,13248.399,1,1
0,2476,300,91591138195227,91591138524818,91591151747078,13551.851,13222.260,1,1
0,2477,300,91591138961524,91591139313296,91591152542665,13581.141,13229.369,1,1
0,2478,300,91591139753311,91591140103592,91591153337101,13583.790,13233.509,1,1
0,2479,300,91591140565618,91591140892159,91591154145418,13579.800,13253.259,1,1
0,2480,300,91591141378305,91591141709676,91591154909025,13530.720,13199.349,1,1
0,2481,300,91591142188253,91591142516484,91591155710251,13521.998,13193.767,1,1
0,2482,300,91591142951329,91591143302761,91591156515929,13564.600,13213.168,1,1
0,2483,300,91591143741225,91591144101138,91591157330277,13589.052,13229.139,1,1
0,2484,300,91591144601105,91591144930756,91591158136394,13535.289,13205.638,1,1
0,2485,300,91591145389911,91591145716033,91591158903270,13513.359,13187.237,1,1
0,2486,300,91591146169398,91591146510170,91591159693907,13524.509,13183.737,1,1
0,2487,300,91591146956835,91591147306157,91591160518125,13561.290,13211.968,1,1
0,2488,300,91591147770363,91591148122844,91591161313232,13542.869,13190.388,1,1
0,2489,300,91591148575289,91591148900581,91591162093378,13518.089,13192.797,1,1
0,2490,300,91591149365936,91591149692068,91591162899316,13533.380,13207.248,1,1
0,2491,300,91591150152323,91591150483884,91591163734704,13582.381,13250.820,1,1
0,2492,300,91591150957260,91591151310043,91591164542551,13585.291,13232.508,1,1
0,2493,300,91591151752707,91591152100179,91591165336549,13583.842,13236.370,1,1
0,2494,300,91591152547505,91591152878366,91591166127345,13579.840,13248.979,1,1
0,2495,300,91591153342522,91591153667102,91591166930732,13588.210,13263.630,1,1
0,2496,300,91591154152949,91591154480900,91591167744690,13591.741,13263.790,1,1
0,2497,300,91591154914814,91591155272847,91591168538397,13623.583,13265.550,1,1
0,2498,300,91591155716522,91591156057364,91591169335234,13618.712,13277.870,1,1
0,2499,300,91591156522330,91591156849410,91591170166412,13644.082,13317.002,1,1
0,2500,300,91591157337277,91591157669648,91591170939939,13602.662,13270.291,1,1
0,2501,300,91591158144084,91591158474865,91591171754566,13610.482,13279.701,1,1
0,2502,300,91591158909201,91591159262603,91591172561073,13651.872,13298.470,1,1
0,2503,300,91591159700077,91591160044328,91591173373992,13673.915,13329.664,1,1
0,2504,300,91591160524185,91591160852386,91591174180538,13656.353,13328.152,1,1
0,2505,300,91591161319472,91591161649104,91591174948234,13628.762,13299.130,1,1
0,2506,300,91591162102479,91591162455360,91591175741631,13639.152,13286.271,1,1
0,2507,300,91591162906886,91591163280069,91591176571030,13664.144,13290.961,1,1
0,2508,300,91591163741024,91591164087086,91591177365087,13624.063,13278.001,1,1
0,2509,300,91591164548711,91591164880293,91591178156443,13607.732,13276.150,1,1
0,2510,300,91591165342988,91591165671080,91591178951160,13608.172,13280.080,1,1
0,2511,300,91591166134195,91591166463257,91591179761487,13627.292,13298.230,1,1
0,2512,300,91591166936353,91591167301155,91591180564255,13627.902,13263.100,1,1
0,2513,300,91591167750730,91591168091502,91591181359372,13608.642,13267.870,1,1
0,2514,300,91591168544927,91591168877518,91591182154109,13609.182,13276.591,1,1
0,2515,300,91591169343054,91591169671915,91591182957487,13614.433,13285.572,1,1
0,2516,300,91591170174422,91591170507473,91591183754014,13579.592,13246.541,1,1
0,2517,300,91591170946449,91591171308451,91591184547450,13601.001,13238.999,1,1
0,2518,300,91591171761247,91591172124088,91591185349307,13588.060,13225.219,1,1
0,2519,300,91591172567904,91591172896665,91591186175525,13607.621,13278.860,1,1
0,2520,300,91591173382221,91591173715312,91591186945371,13563.150,13230.059,1,1
0,2521,300,91591174187789,91591174517480,91591187743339,13555.550,13225.859,1,1
0,2522,300,91591174954595,91591175309947,91591188592757,13638.162,13282.810,1,1
0,2523,300,91591175747912,91591176094664,91591189425646,13677.734,13330.982,1,1
0,2524,300,91591176578169,91591176906841,91591190256904,13678.735,13350.063,1,1
0,2525,300,91591177372697,91591177703008,91591191053891,13681.194,13350.883,1,1
0,2526,300,91591178163764,91591178505075,91591191843387,13679.623,13338.312,1,1
0,2527,300,91591178957941,91591179305112,91591192684646,13726.705,13379.534,1,1
0,2528,300,91591179768568,91591180119900,91591193488304,13719.736,13368.404,1,1
0,2529,300,91591180570285,91591180902577,91591194296451,13726.166,13393.874,1,1
0,2530,300,91591181366743,91591181701974,91591195088858,13722.115,13386.884,1,1
0,2531,300,91591182161249,91591182491110,91591195895306,13734.057,13404.196,1,1
0,2532,300,91591182964016,91591183322428,91591196700022,13736.006,13377.594,1,1
0,2533,300,91591183760043,91591184103485,91591197495639,13735.596,13392.154,1,1
0,2534,300,91591184554310,91591184886862,91591198321758,13767.448,13434.896,1,1
0,2535,300,91591185357098,91591185692559,91591199141895,13784.797,13449.336,1,1
0,2536,300,91591186183836,91591186514307,91591199971054,13787.218,13456.747,1,1
0,2537,300,91591186951282,91591187310054,91591200762070,13810.788,13452.016,1,1
0,2538,300,91591187750469,91591188097080,91591201557177,13806.708,13460.097,1,1
0,2539,300,91591188600208,91591188931369,91591202392685,13792.477,13461.316,1,1
0,2540,300,91591189432686,91591189783948,91591203179633,13746.947,13395.685,1,1
0,2541,300,91591190265765,91591190602505,91591203953629,13687.864,13351.124,1,1
0,2542,300,91591191062881,91591191408563,91591204754105,13691.224,13345.542,1,1
0,2543,300,91591191848818,91591192217220,91591205573293,13724.475,13356.073,1,1
0,2544,300,91591192691147,91591193035998,91591206376101,13684.954,13340.103,1,1
0,2545,300,91591193494373,91591193823995,91591207163097,13668.724,13339.102,1,1
0,2546,300,91591194303251,91591194634593,91591207948254,13645.003,13313.661,1,1
0,2547,300,91591195096678,91591195440629,91591208761342,13664.664,13320.713,1,1
0,2548,300,91591195902285,91591196255567,91591209555749,13653.464,13300.182,1,1
0,2549,300,91591196705883,91591197048205,91591210343805,13637.922,13295.600,1,1
0,2550,300,91591197502240,91591197835341,91591211128152,13625.912,13292.811,1,1
0,2551,300,91591198328127,91591198661219,91591211933769,13605.642,13272.550,1,1
0,2552,300,91591199148785,91591199538659,91591212722656,13573.871,13183.997,1,1
0,2553,300,91591199978014,91591200331896,91591213514903,13536.889,13183.007,1,1
0,2554,300,91591200768081,91591201124013,91591214315161,13547.080,13191.148,1,1
0,2555,300,91591201562728,91591201899669,91591215134437,13571.709,13234.768,1,1
0,2556,300,91591202399546,91591202725327,91591215902824,13503.278,13177.497,1,1
0,2557,300,91591203187432,91591203524584,91591216690481,13503.049,13165.897,1,1
0,2558,300,91591203959308,91591204319401,91591217501458,13542.150,13182.057,1,1
0,2559,300,91591204760226,91591205101988,91591218322776,13562.550,13220.788,1,1
0,2560,300,91591205579254,91591205907855,91591219128114,13548.860,13220.259,1,1
0,2561,300,91591206382661,91591206710202,91591219918560,13535.899,13208.358,1,1
0,2562,300,91591207169228,91591207506409,91591220717008,13547.780,13210.599,1,1
0,2563,300,91591207953955,91591208310186,91591221560265,13606.310,13250.079,1,1
0,2564,300,91591208767212,91591209121184,91591222390994,13623.782,13269.810,1,1
0,2565,300,91591209562539,91591209888060,91591223181701,13619.162,13293.641,1,1
0,2566,300,91591210350226,91591210677816,91591223967827,13617.601,13290.011,1,1
0,2567,300,91591211134773,91591211468144,91591224781986,13647.213,13313.842,1,1
0,2568,300,91591211939269,91591212290751,91591225575443,13636.174,13284.692,1,1
0,2569,300,91591212729916,91591213068508,91591226395470,13665.554,13326.962,1,1
0,2570,300,91591213521924,91591213855695,91591227195717,13673.793,13340.022,1,1
0,2571,300,91591214321570,91591214649852,91591227994664,13673.094,13344.812,1,1
0,2572,300,91591215141228,91591215471949,91591228796782,13655.554,13324.833,1,1
0,2573,300,91591215909834,91591216259386,91591229596279,13686.445,13336.893,1,1
0,2574,300,91591216696291,91591217047263,91591230391916,13695.625,13344.653,1,1
0,2575,300,91591217507608,91591217837389,91591231206264,13698.656,13368.875,1,1
0,2576,300,91591218329607,91591218665268,91591231977100,13647.493,13311.832,1,1
0,2577,300,91591219135673,91591219475615,91591232785217,13649.544,13309.602,1,1
0,2578,300,91591219925021,91591220285492,91591233587764,13662.743,13302.272,1,1
0,2579,300,91591220723617,91591221067729,91591234406422,13682.805,13338.693,1,1
0,2580,300,91591221567926,91591221910818,91591235211199,13643.273,13300.381,1,1
0,2581,300,91591222398004,91591222728056,91591235980336,13582.332,13252.280,1,1
0,2582,300,91591223189672,91591223522413,91591236775383,13585.711,13252.970,1,1
0,2583,300,91591223973998,91591224329050,91591237590810,13616.812,13261.760,1,1
0,2584,300,91591224787975,91591225140527,91591238381067,13593.092,13240.540,1,1
0,2585,300,91591225582312,91591225914723,91591239178204,13595.892,13263.481,1,1
0,2586,300,91591226401590,91591226735831,91591239956190,13554.600,13220.359,1,1
0,2587,300,91591227201777,91591227535249,91591240772528,13570.751,13237.279,1,1
0,2588,300,91591228000825,91591228355787,91591241567375,13566.550,13211.588,1,1
0,2589,300,91591228803571,91591229168254,91591242371332,13567.761,13203.078,1,1
0,2590,300,91591229601769,91591229933000,91591243164199,13562.430,13231.199,1,1
0,2591,300,91591230398466,91591230727137,91591243960146,13561.680,13233.009,1,1
0,2592,300,91591231213823,91591231543515,91591244756443,13542.620,13212.928,1,1
0,2593,300,91591231983730,91591232343032,91591245568681,13584.951,13225.649,1,1
0,2594,300,91591232792447,91591233146329,91591246380898,13588.451,13234.569,1,1
0,2595,300,91591233594205,91591233921185,91591247198856,13604.651,13277.671,1,1
0,2596,300,91591234414152,91591234743714,91591247981052,13566.900,13237.338,1,1
0,2597,300,91591235220030,91591235550010,91591248786460,13566.430,13236.450,1,1
0,2598,300,91591235986245,91591236347798,91591249602748,13616.503,13254.950,1,1
0,2599,300,91591236781392,91591237131685,91591250444886,13663.494,13313.201,1,1
0,2600,300,91591237597100,91591237925812,91591251273234,13676.134,13347.422,1,1
0,2601,300,91591238388337,91591238715178,91591252067961,13679.624,13352.783,1,1
0,2602,300,91591239185334,91591239524405,91591252845398,13660.064,13320.993,1,1
0,2603,300,91591239962710,91591240318992,91591253674605,13711.895,13355.613,1,1
0,2604,300,91591240778298,91591241134130,91591254478093,13699.795,13343.963,1,1
0,2605,300,91591241573745,91591241905007,91591255271830,13698.085,13366.823,1,1
0,2606,300,91591242377922,91591242708503,91591256056466,13678.544,13347.963,1,1
0,2607,300,91591243170789,91591243505630,91591256858363,13687.574,13352.733,1,1
0,2608,300,91591243965936,91591244327269,91591257650790,13684.854,13323.521,1,1
0,2609,300,91591244763463,91591245121075,91591258437847,13674.384,13316.772,1,1
0,2610,300,91591245574111,91591245913692,91591259228334,13654.223,13314.642,1,1
0,2611,300,91591246387338,91591246719790,91591260032911,13645.573,13313.121,1,1
0,2612,300,91591247205916,91591247537427,91591260830168,13624.252,13292.741,1,1
0,2613,300,91591247988663,91591248354635,91591261628155,13639.492,13273.520,1,1
0,2614,300,91591248793330,91591249151442,91591262413232,13619.902,13261.790,1,1
0,2615,300,91591249609317,91591249937009,91591263226520,13617.203,13289.511,1,1
0,2616,300,91591250452236,91591250781397,91591263994875,13542.639,13213.478,1,1
0,2617,300,91591251282565,91591251615666,91591264807973,13525.408,13192.307,1,1
0,2618,300,91591252074812,91591252417703,91591265607460,13532.648,13189.757,1,1
0,2619,300,91591252851738,91591253214530,91591266418218,13566.480,13203.688,1,1
0,2620,300,91591253681146,91591254022938,91591267226866,13545.720,13203.928,1,1
0,2621,300,91591254485164,91591254817155,91591268018992,13533.828,13201.837,1,1
0,2622,300,91591255278010,91591255609791,91591268811039,13533.029,13201.248,1,1
0,2623,300,91591256062526,91591256404008,91591269631607,13569.081,13227.599,1,1
0,2624,300,91591256864874,91591257217136,91591270432765,13567.891,13215.629,1,1
0,2625,300,91591257658161,91591257983761,91591271237621,13579.460,13253.860,1,1
0,2626,300,91591258443847,91591258773959,91591272016348,13572.501,13242.389,1,1
0,2627,300,91591259236105,91591259564386,91591272814395,13578.290,13250.009,1,1
0,2628,300,91591260039401,91591260388583,91591273606932,13567.531,13218.349,1,1
0,2629,300,91591260836708,91591261189980,91591274396738,13560.030,13206.758,1,1
0,2630,300,91591261633676,91591261964607,91591275188985,13555.309,13224.378,1,1
0,2631,300,91591262419332,91591262751134,91591275980893,13561.561,13229.759,1,1
0,2632,300,91591263234180,91591263561501,91591276769059,13534.879,13207.558,1,1
0,2633,300,91591264000996,91591264355968,91591277593468,13592.472,13237.500,1,1
0,2634,300,91591264813413,91591265170446,91591278401725,13588.312,13231.279,1,1
0,2635,300,91591265613261,91591265938651,91591279211712,13598.451,13273.061,1,1
0,2636,300,91591266424468,91591266757309,91591279976608,13552.140,13219.299,1,1
0,2637,300,91591267234365,91591267566237,91591280765985,13531.620,13199.748,1,1
0,2638,300,91591268025873,91591268369324,91591281572102,13546.229,13202.778,1,1
0,2639,300,91591268817270,91591269173022,91591282408351,13591.081,13235.329,1,1
0,2640,300,91591269638018,91591269971229,91591283194007,13555.989,13222.778,1,1
0,2641,300,91591270439484,91591270770176,91591283961823,13522.339,13191.647,1,1
0,2642,300,91591271244282,91591271573813,91591284766181,13521.899,13192.368,1,1
0,2643,300,91591272023358,91591272363459,91591285593898,13570.540,13230.439,1,1
0,2644,300,91591272820296,91591273174458,91591286431957,13611.661,13257.499,1,1
0,2645,300,91591273614042,91591273940433,91591287242265,13628.223,13301.832,1,1
0,2646,300,91591274403169,91591274735970,91591288042731,13639.562,13306.761,1,1
0,2647,300,91591275196826,91591275529467,91591288868380,13671.554,13338.913,1,1
0,2648,300,91591275987162,91591276338644,91591289672496,13685.334,13333.852,1,1
0,2649,300,91591276775450,91591277148692,91591290473514,13698.064,13324.822,1,1
0,2650,300,91591277599557,91591277938329,91591291273421,13673.864,13335.092,1,1
0,2651,300,91591278407395,91591278739246,91591292072218,13664.823,13332.972,1,1
0,2652,300,91591279218052,91591279547003,91591292854154,13636.102,13307.151,1,1
0,2653,300,91591279983218,91591280339590,91591293655232,13672.014,13315.642,1,1
0,2654,300,91591280770975,91591281120087,91591294449799,13678.824,13329.712,1,1
0,2655,300,91591281579422,91591281907273,91591295266807,13687.385,13359.534,1,1
0,2656,300,91591282414700,91591282741862,91591296050024,13635.324,13308.162,1,1
0,2657,300,91591283201828,91591283532349,91591296828170,13626.342,13295.821,1,1
0,2658,300,91591283967483,91591284323815,91591297648007,13680.524,13324.192,1,1
0,2659,300,91591284772121,91591285124703,91591298466035,13693.914,13341.332,1,1
0,2660,300,91591285599969,91591285928960,91591299257483,13657.514,13328.523,1,1
0,2661,300,91591286440207,91591286783489,91591300047529,13607.322,13264.040,1,1
0,2662,300,91591287248484,91591287594917,91591300829535,13581.051,13234.618,1,1
0,2663,300,91591288049132,91591288408544,91591301665464,13616.332,13256.920,1,1
0,2664,300,91591288875330,91591289229892,91591302458891,13583.561,13228.999,1,1
0,2665,300,91591289680127,91591290018609,91591303277189,13597.062,13258.580,1,1
0,2666,300,91591290479714,91591290812966,91591304099356,13619.642,13286.390,1,1
0,2667,300,91591291279502,91591291606892,91591304918294,13638.792,13311.402,1,1
0,2668,300,91591292079748,91591292425040,91591305721402,13641.654,13296.362,1,1
0,2669,300,91591292860745,91591293210477,91591306523388,13662.643,13312.911,1,1
0,2670,300,91591293661432,91591293989893,91591307327866,13666.434,13337.973,1,1
0,2671,300,91591294457229,91591294782520,91591308151424,13694.195,13368.904,1,1
0,2672,300,91591295273877,91591295599898,91591308921890,13648.013,13321.992,1,1
0,2673,300,91591296057003,91591296399605,91591309715817,13658.814,13316.212,1,1
0,2674,300,91591296833570,91591297194222,91591310514764,13681.194,13320.542,1,1
0,2675,300,91591297654148,91591297984929,91591311327572,13673.424,13342.643,1,1
0,2676,300,91591298472595,91591298799896,91591312133499,13660.904,13333.603,1,1
0,2677,300,91591299265102,91591299596683,91591312908895,13643.793,13312.212,1,1
0,2678,300,91591300054120,91591300396751,91591313707672,13653.552,13310.921,1,1
0,2679,300,91591300835836,91591301193418,91591314519990,13684.154,13326.572,1,1
0,2680,300,91591301671114,91591302000216,91591315312487,13641.373,13312.271,1,1
0,2681,300,91591302465921,91591302795433,91591316121594,13655.673,13326.161,1,1
0,2682,300,91591303295830,91591303642171,91591316895911,13600.081,13253.740,1,1
0,2683,300,91591304121637,91591304461039,91591317720469,13598.832,13259.430,1,1
0,2684,300,91591304925695,91591305288706,91591318506155,13580.460,13217.449,1,1
0,2685,300,91591305728831,91591306079284,91591319298432,13569.601,13219.148,1,1
0,2686,300,91591306529869,91591306860790,91591320093289,13563.420,13232.499,1,1
0,2687,300,91591307335107,91591307667948,91591320893936,13558.829,13225.988,1,1
0,2688,300,91591308158654,91591308490495,91591321691073,13532.419,13200.578,1,1
0,2689,300,91591308928311,91591309285492,91591322478840,13550.529,13193.348,1,1
0,2690,300,91591309721127,91591310069169,91591323259247,13538.120,13190.078,1,1
0,2691,300,91591310521054,91591310849886,91591324055184,13534.130,13205.298,1,1
0,2692,300,91591311335522,91591311664613,91591324840390,13504.868,13175.777,1,1
0,2693,300,91591312140289,91591312471740,91591325624447,13484.158,13152.707,1,1
0,2694,300,91591312915046,91591313280208,91591326408253,13493.207,13128.045,1,1
0,2695,300,91591313713403,91591314056595,91591327211291,13497.888,13154.696,1,1
0,2696,300,91591314526230,91591314852162,91591327986937,13460.707,13134.775,1,1
0,2697,300,91591315319307,91591315653778,91591328804145,13484.838,13150.367,1,1
0,2698,300,91591316127775,91591316464426,91591329596291,13468.516,13131.865,1,1
0,2699,300,91591316902231,91591317258323,91591330406969,13504.738,13148.646,1,1
0,2700,300,91591317726599,91591318067210,91591331205106,13478.507,13137.896,1,1
0,2701,300,91591318511626,91591318839066,91591331985203,13473.577,13146.137,1,1
0,2702,300,91591319304252,91591319635694,91591332795220,13490.968,13159.526,1,1
0,2703,300,91591320100880,91591320440691,91591333605068,13504.188,13164.377,1,1
0,2704,300,91591320899457,91591321249338,91591334394604,13495.147,13145.266,1,1
0,2705,300,91591321696624,91591322032924,91591335184381,13487.757,13151.457,1,1
0,2706,300,91591322484110,91591322807791,91591335954367,13470.257,13146.576,1,1
0,2707,300,91591323266117,91591323596218,91591336753314,13487.197,13157.096,1,1
0,2708,300,91591324061174,91591324399805,91591337537511,13476.337,13137.706,1,1
0,2709,300,91591324846040,91591325194462,91591338326678,13480.638,13132.216,1,1
0,2710,300,91591325630567,91591325958058,91591339125155,13494.588,13167.097,1,1
0,2711,300,91591326414743,91591326739965,91591339914591,13499.848,13174.626,1,1
0,2712,300,91591327217621,91591327544222,91591340707048,13489.427,13162.826,1,1
0,2713,300,91591327992527,91591328356039,91591341508066,13515.539,13152.027,1,1
0,2714,300,91591328809525,91591329166737,91591342306793,13497.268,13140.056,1,1
0,2715,300,91591329602222,91591329930893,91591343119080,13516.858,13188.187,1,1
0,2716,300,91591330413309,91591330738071,91591343888276,13474.967,13150.205,1,1
0,2717,300,91591331212346,91591331542967,91591344683843,13471.497,13140.876,1,1
0,2718,300,91591331990783,91591332346815,91591345501311,13510.528,13154.496,1,1
0,2719,300,91591332800660,91591333153802,91591346320979,13520.319,13167.177,1,1
0,2720,300,91591333611357,91591333939599,91591347102776,13491.419,13163.177,1,1
0,2721,300,91591334400545,91591334727776,91591347877822,13477.277,13150.046,1,1
0,2722,300,91591335190881,91591335519342,91591348684009,13493.128,13164.667,1,1
0,2723,300,91591335959877,91591336307100,91591349510377,13550.500,13203.277,1,1
0,2724,300,91591336758975,91591337099796,91591350301834,13542.859,13202.038,1,1
0,2725,300,91591337543381,91591337871282,91591351082011,13538.630,13210.729,1,1
0,2726,300,91591338333278,91591338669280,91591351865507,13532.229,13196.227,1,1
0,2727,300,91591339131595,91591339466097,91591352685085,13553.490,13218.988,1,1
0,2728,300,91591339920542,91591340275814,91591353487592,13567.050,13211.778,1,1
0,2729,300,91591340712409,91591341060930,91591354281119,13568.710,13220.189,1,1
0,2730,300,91591341514676,91591341846377,91591355066255,13551.579,13219.878,1,1
0,2731,300,91591342312733,91591342638164,91591355874513,13561.780,13236.349,1,1
0,2732,300,91591343126841,91591343457332,91591356683650,13556.809,13226.318,1,1
0,2733,300,91591343895057,91591344251489,91591357489908,13594.851,13238.419,1,1
0,2734,300,91591344690934,91591345039175,91591358280455,13589.521,13241.280,1,1
0,2735,300,91591345507331,91591345838502,91591359090172,13582.841,13251.670,1,1
0,2736,300,91591346328419,91591346656570,91591359888829,13560.410,13232.259,1,1
0,2737,300,91591347116386,91591347447707,91591360752589,13636.203,13304.882,1,1
0,2738,300,91591347884132,91591348239904,91591361579677,13695.545,13339.773,1,1
0,2739,300,91591348690749,91591349036611,91591362413495,13722.746,13376.884,1,1
0,2740,300,91591349516767,91591349845629,91591363216752,13699.985,13371.123,1,1
0,2741,300,91591350308395,91591350638546,91591363997269,13688.874,13358.723,1,1
0,2742,300,91591351089510,91591351434833,91591364794086,13704.576,13359.253,1,1
0,2743,300,91591351872997,91591352224869,91591365634004,13761.007,13409.135,1,1
0,2744,300,91591352691935,91591353031857,91591366436101,13744.166,13404.244,1,1
0,2745,300,91591353493572,91591353821314,91591367242259,13748.687,13420.945,1,1
0,2746,300,91591354287570,91591354622461,91591368029565,13741.995,13407.104,1,1
0,2747,300,91591355072406,91591355420787,91591368841963,13769.557,13421.176,1,1
0,2748,300,91591355881093,91591356240575,91591369639780,13758.687,13399.205,1,1
0,2749,300,91591356690431,91591357040293,91591370441347,13750.916,13401.054,1,1
0,2750,300,91591357495558,91591357825960,91591371240025,13744.467,13414.065,1,1
0,2751,300,91591358287335,91591358617846,91591372055572,13768.237,13437.726,1,1
0,2752,300,91591359098973,91591359441014,91591372860319,13761.346,13419.305,1,1
0,2753,300,91591359896340,91591360302283,91591373656006,13759.666,13353.723,1,1
0,2754,300,91591360761869,91591361140862,91591374443984,13682.115,13303.122,1,1
0,2755,300,91591361588587,91591361923099,91591375260301,13671.714,13337.202,1,1
0,2756,300,91591362421535,91591362759517,91591376047228,13625.693,13287.711,1,1
0,2757,300,91591363225223,91591363558554,91591376862295,13637.072,13303.741,1,1
0,2758,300,91591364015789,91591364363601,91591377676643,13660.854,13313.042,1,1
0,2759,300,91591364800496,91591365159508,91591378495961,13695.465,13336.453,1,1
0,2760,300,91591365640654,91591365976196,91591379305848,13665.194,13329.652,1,1
0,2761,300,91591366442332,91591366779833,91591380091375,13649.043,13311.542,1,1
0,2762,300,91591367249469,91591367584710,91591380885712,13636.243,13301.002,1,1
0,2763,300,91591368036676,91591368377277,91591381714280,13677.604,13337.003,1,1
0,2764,300,91591368848963,91591369200365,91591382509947,13660.984,13309.582,1,1
0,2765,300,91591369647241,91591369977862,91591383306814,13659.573,13328.952,1,1
0,2766,300,91591370448068,91591370782109,91591384090421,13642.353,13308.312,1,1
0,2767,300,91591371246824,91591371579856,91591384895357,13648.533,13315.501,1,1
0,2768,300,91591372062722,91591372410854,91591385701405,13638.683,13290.551,1,1
0,2769,300,91591372866470,91591373225412,91591386506312,13639.842,13280.900,1,1
0,2770,300,91591373661967,91591373988757,91591387291449,13629.482,13302.692,1,1
0,2771,300,91591374450673,91591374782964,91591388090337,13639.664,13307.373,1,1
0,2772,300,91591375268101,91591375596783,91591388877873,13609.772,13281.090,1,1
0,2773,300,91591376053728,91591376404930,91591389675660,13621.932,13270.730,1,1
0,2774,300,91591376868736,91591377233157,91591390518769,13650.033,13285.612,1,1
0,2775,300,91591377682913,91591378024365,91591391371508,13688.595,13347.143,1,1
0,2776,300,91591378502761,91591378831742,91591392158884,13656.123,13327.142,1,1
0,2777,300,91591379313588,91591379639909,91591392938051,13624.463,13298.142,1,1
0,2778,300,91591380100155,91591380444267,91591393729137,13628.982,13284.870,1,1
0,2779,300,91591380890682,91591381248485,91591394546535,13655.853,13298.050,1,1
0,2780,300,91591381720890,91591382064062,91591395375714,13654.824,13311.652,1,1
0,2781,300,91591382516057,91591382845448,91591396180770,13664.713,13335.322,1,1
0,2782,300,91591383313644,91591383645325,91591396943867,13630.223,13298.542,1,1
0,2783,300,91591384099040,91591384442162,91591397750984,13651.944,13308.822,1,1
0,2784,300,91591384900648,91591385260260,91591398562281,13661.633,13302.021,1,1
0,2785,300,91591385708095,91591386052967,91591399360228,13652.133,13307.261,1,1
0,2786,300,91591386511402,91591386842744,91591400168956,13657.554,13326.212,1,1
0,2787,300,91591387298459,91591387626321,91591400972323,13673.864,13346.002,1,1
0,2788,300,91591388100356,91591388438798,91591401757010,13656.654,13318.212,1,1
0,2789,300,91591388884133,91591389234305,91591402570038,13685.905,13335.733,1,1
0,2790,300,91591389681220,91591390023361,91591403368285,13687.065,13344.924,1,1
0,2791,300,91591390525428,91591390877441,91591404198453,13673.025,13321.012,1,1
0,2792,300,91591391377788,91591391705689,91591404973889,13596.101,13268.200,1,1
0,2793,300,91591392165944,91591392499346,91591405761965,13596.021,13262.619,1,1
0,2794,300,91591392943541,91591393298873,91591406556542,13613.001,13257.669,1,1
0,2795,300,91591393735498,91591394076310,91591407378480,13642.982,13302.170,1,1
0,2796,300,91591394552936,91591394886347,91591408204059,13651.123,13317.712,1,1
0,2797,300,91591395381603,91591395715034,91591408969294,13587.691,13254.260,1,1
0,2798,300,91591396187011,91591396515462,91591409756972,13569.961,13241.510,1,1
0,2799,300,91591396949436,91591397302019,91591410584469,13635.033,13282.450,1,1
0,2800,300,91591397757024,91591398106646,91591411377836,13620.812,13271.190,1,1
0,2801,300,91591398568692,91591398895302,91591412188943,13620.251,13293.641,1,1
0,2802,300,91591399365769,91591399695110,91591412960781,13595.012,13265.671,1,1
0,2803,300,91591400175616,91591400513798,91591413775778,13600.162,13261.980,1,1
0,2804,300,91591400977393,91591401326945,91591414580695,13603.302,13253.750,1,1
0,2805,300,91591401763090,91591402123212,91591415376462,13613.372,13253.250,1,1
0,2806,300,91591402575908,91591402902879,91591416173199,13597.291,13270.320,1,1
0,2807,300,91591403373415,91591403705506,91591416970376,13596.961,13264.870,1,1
0,2808,300,91591404204963,91591404531474,91591417769423,13564.460,13237.949,1,1
0,2809,300,91591404979419,91591405332271,91591418588291,13608.872,13256.020,1,1
0,2810,300,91591405767586,91591406121838,91591419383318,13615.732,13261.480,1,1
0,2811,300,91591406562683,91591406890555,91591420200406,13637.723,13309.851,1,1
0,2812,300,91591407384541,91591407725673,91591420969112,13584.571,13243.439,1,1
0,2813,300,91591408211128,91591408540070,91591421764399,13553.271,13224.329,1,1
0,2814,300,91591408975685,91591409324646,91591422569666,13593.981,13245.020,1,1
0,2815,300,91591409763381,91591410107463,91591423388223,13624.842,13280.760,1,1
0,2816,300,91591410591150,91591410921681,91591424185451,13594.301,13263.770,1,1
0,2817,300,91591411384007,91591411715808,91591424966947,13582.940,13251.139,1,1
0,2818,300,91591412197294,91591412527345,91591425768365,13571.071,13241.020,1,1
0,2819,300,91591412967960,91591413321192,91591426592812,13624.852,13271.620,1,1
0,2820,300,91591413783238,91591414141300,91591427387669,13604.431,13246.369,1,1
0,2821,300,91591414588555,91591414917666,91591428190267,13601.712,13272.601,1,1
0,2822,300,91591415384312,91591415714593,91591428969783,13585.471,13255.190,1,1
0,2823,300,91591416180630,91591416515871,91591429787001,13606.371,13271.130,1,1
0,2824,300,91591416977237,91591417334829,91591430579448,13602.211,13244.619,1,1
0,2825,300,91591417776123,91591418141976,91591431364674,13588.551,13222.698,1,1
0,2826,300,91591418594711,91591418922383,91591432163841,13569.130,13241.458,1,1
0,2827,300,91591419390918,91591419717910,91591432974689,13583.771,13256.779,1,1
0,2828,300,91591420208256,91591420539687,91591433769936,13561.680,13230.249,1,1
0,2829,300,91591420975842,91591421328044,91591434580514,13604.672,13252.470,1,1
0,2830,300,91591421771289,91591422121901,91591435375511,13604.222,13253.610,1,1
0,2831,300,91591422576666,91591422905347,91591436209759,13633.093,13304.412,1,1
0,2832,300,91591423397444,91591423730515,91591436992015,13594.571,13261.500,1,1
0,2833,300,91591424194311,91591424526952,91591437815043,13620.732,13288.091,1,1
0,2834,300,91591424973568,91591425333259,91591438629831,13656.263,13296.572,1,1
0,2835,300,91591425775925,91591426132977,91591439451169,13675.244,13318.192,1,1
0,2836,300,91591426600013,91591426932634,91591440255197,13655.184,13322.563,1,1
0,2837,300,91591427396400,91591427733541,91591441039683,13643.283,13306.142,1,1
0,2838,300,91591428198467,91591428533659,91591441826519,13628.052,13292.860,1,1
0,2839,300,91591428976663,91591429327656,91591442650077,13673.414,13322.421,1,1
0,2840,300,91591429793441,91591430145434,91591443451965,13658.524,13306.531,1,1
0,2841,300,91591430585687,91591430914599,91591444243051,13657.364,13328.452,1,1
0,2842,300,91591431371775,91591431706806,91591445040338,13668.563,13333.532,1,1
0,2843,300,91591432170862,91591432509904,91591445866576,13695.714,13356.672,1,1
0,2844,300,91591432981599,91591433334401,91591446661993,13680.394,13327.592,1,1
0,2845,300,91591433776926,91591434134028,91591447481871,13704.945,13347.843,1,1
0,2846,300,91591434587343,91591434916925,91591448282048,13694.705,13365.123,1,1
0,2847,300,91591435382470,91591435712342,91591449095996,13713.526,13383.654,1,1
0,2848,300,91591436217399,91591436547461,91591449884083,13666.684,13336.622,1,1
0,2849,300,91591436997845,91591437367928,91591450668289,13670.444,13300.361,1,1
0,2850,300,91591437822484,91591438177176,91591451463146,13640.662,13285.970,1,1
0,2851,300,91591438635991,91591438964262,91591452282414,13646.423,13318.152,1,1
0,2852,300,91591439458149,91591439788640,91591453074151,13616.002,13285.511,1,1
0,2853,300,91591440262856,91591440595737,91591453852327,13589.471,13256.590,1,1
0,2854,300,91591441046813,91591441389404,91591454656185,13609.372,13266.781,1,1
0,2855,300,91591441833369,91591442193012,91591455461252,13627.883,13268.240,1,1
0,2856,300,91591442657868,91591442988249,91591456251608,13593.740,13263.359,1,1
0,2857,300,91591443458854,91591443792177,91591457032215,13573.361,13240.038,1,1
0,2858,300,91591444250872,91591444582193,91591457809982,13559.110,13227.789,1,1
0,2859,300,91591445047459,91591445396711,91591458631440,13583.981,13234.729,1,1
0,2860,300,91591445873287,91591446226638,91591459429726,13556.439,13203.088,1,1
0,2861,300,91591446668914,91591447016446,91591460219624,13550.710,13203.178,1,1
0,2862,300,91591447488592,91591447820603,91591460985919,13497.327,13165.316,1,1
0,2863,300,91591448289199,91591448616290,91591461791377,13502.178,13175.087,1,1
0,2864,300,91591449102526,91591449439488,91591462575513,13472.987,13136.025,1,1
0,2865,300,91591449890043,91591450239425,91591463396321,13506.278,13156.896,1,1
0,2866,300,91591450674490,91591451000540,91591464174538,13500.048,13173.998,1,1
0,2867,300,91591451468967,91591451802098,91591464955904,13486.937,13153.806,1,1
0,2868,300,91591452289385,91591452621276,91591465738091,13448.706,13116.815,1,1
0,2869,300,91591453081221,91591453418483,91591466529407,13448.186,13110.924,1,1
0,2870,300,91591453858648,91591454213240,91591467332195,13473.547,13118.955,1,1
0,2871,300,91591454662455,91591454988086,91591468137063,13474.608,13148.977,1,1
0,2872,300,91591455467382,91591455800144,91591468904618,13437.236,13104.474,1,1
0,2873,300,91591456259029,91591456588400,91591469700215,13441.186,13111.815,1,1
0,2874,300,91591457038896,91591457384017,91591470482161,13443.265,13098.144,1,1
0,2875,300,91591457815382,91591458165454,91591471305299,13489.917,13139.845,1,1
0,2876,300,91591458638709,91591458967591,91591472077636,13438.927,13110.045,1,1
0,2877,300,91591459436247,91591459764938,91591472852482,13416.235,13087.544,1,1
0,2878,300,91591460227473,91591460556035,91591473655299,13427.826,13099.264,1,1
0,2879,300,91591460991920,91591461341751,91591474471127,13479.207,13129.376,1,1
0,2880,300,91591461797677,91591462144399,91591475275474,13477.797,13131.075,1,1
0,2881,300,91591462581494,91591462925026,91591476046451,13464.957,13121.425,1,1
0,2882,300,91591463402522,91591463728002,91591476833487,13430.965,13105.485,1,1
0,2883,300,91591464181038,91591464507799,91591477649185,13468.147,13141.386,1,1
0,2884,300,91591464961804,91591465308296,91591478444462,13482.658,13136.166,1,1
0,2885,300,91591465743421,91591466087832,91591479240979,13497.558,13153.147,1,1
0,2886,300,91591466535658,91591466863689,91591480018645,13482.987,13154.956,1,1
0,2887,300,91591467338775,91591467666346,91591480838993,13500.218,13172.647,1,1
0,2888,300,91591468144842,91591468474963,91591481627470,13482.628,13152.507,1,1
0,2889,300,91591468910829,91591469270140,91591482419396,13508.567,13149.256,1,1
0,2890,300,91591469706716,91591470044286,91591483213003,13506.287,13168.717,1,1
0,2891,300,91591470487612,91591470817643,91591483996780,13509.168,13179.137,1,1
0,2892,300,91591471311200,91591471638971,91591484805017,13493.817,13166.046,1,1
0,2893,300,91591472084946,91591472424648,91591485601064,13516.118,13176.416,1,1
0,2894,300,91591472858452,91591473211474,91591486386362,13527.910,13174.888,1,1
0,2895,300,91591473661160,91591473986560,91591487202429,13541.269,13215.869,1,1
0,2896,300,91591474477438,91591474803048,91591487973035,13495.597,13169.987,1,1
0,2897,300,91591475282274,91591475608016,91591488772172,13489.898,13164.156,1,1
0,2898,300,91591476052620,91591476394022,91591489578849,13526.229,13184.827,1,1
0,2899,300,91591476839328,91591477194920,91591490382657,13543.329,13187.737,1,1
0,2900,300,91591477654855,91591477982436,91591491176784,13521.929,13194.348,1,1
0,2901,300,91591478450122,91591478779643,91591491962820,13512.698,13183.177,1,1
0,2902,300,91591479248219,91591479576100,91591492752688,13504.469,13176.588,1,1
0,2903,300,91591480024736,91591480373857,91591493573155,13548.419,13199.298,1,1
0,2904,300,91591480844313,91591481198256,91591494359152,13514.839,13160.896,1,1
0,2905,300,91591481634040,91591481958801,91591495140518,13506.478,13181.717,1,1
0,2906,300,91591482425777,91591482756708,91591495918144,13492.367,13161.436,1,1
0,2907,300,91591483219454,91591483550475,91591496725372,13505.918,13174.897,1,1
0,2908,300,91591484012851,91591484346932,91591497510068,13497.217,13163.136,1,1
0,2909,300,91591484810688,91591485159729,91591498288725,13478.037,13128.996,1,1
0,2910,300,91591485607325,91591485930105,91591499063351,13456.026,13133.246,1,1
0,2911,300,91591486392661,91591486719193,91591499860738,13468.077,13141.545,1,1
0,2912,300,91591487209689,91591487539351,91591500699817,13490.128,13160.466,1,1
0,2913,300,91591487980096,91591488332348,91591501522565,13542.469,13190.217,1,1
0,2914,300,91591488778362,91591489129935,91591502313392,13535.030,13183.457,1,1
0,2915,300,91591489584650,91591489909820,91591503124359,13539.709,13214.539,1,1
0,2916,300,91591490389007,91591490715238,91591503893105,13504.098,13177.867,1,1
0,2917,300,91591491183114,91591491514636,91591504681572,13498.458,13166.936,1,1
0,2918,300,91591491969141,91591492322283,91591505481019,13511.878,13158.736,1,1
0,2919,300,91591492757977,91591493100509,91591506286717,13528.740,13186.208,1,1
0,2920,300,91591493579695,91591493905496,91591507078333,13498.638,13172.837,1,1
0,2921,300,91591494364542,91591494690903,91591507855870,13491.328,13164.967,1,1
0,2922,300,91591495146928,91591495472160,91591508653547,13506.619,13181.387,1,1
0,2923,300,91591495924745,91591496274186,91591509468204,13543.459,13194.018,1,1
0,2924,300,91591496731392,91591497067993,91591510269192,13537.800,13201.199,1,1
0,2925,300,91591497516029,91591497838810,91591511073799,13557.770,13234.989,1,1
0,2926,300,91591498295856,91591498623646,91591511861406,13565.550,13237.760,1,1
0,2927,300,91591499069992,91591499408254,91591512674193,13604.201,13265.939,1,1
0,2928,300,91591499867459,91591500220421,91591513471741,13604.282,13251.320,1,1
0,2929,300,91591500706948,91591501066679,91591514264547,13557.599,13197.868,1,1
0,2930,300,91591501529575,91591501855786,91591515050934,13521.359,13195.148,1,1
0,2931,300,91591502320941,91591502652334,91591515846161,13525.220,13193.827,1,1
0,2932,300,91591503131220,91591503463541,91591516642678,13511.458,13179.137,1,1
0,2933,300,91591503899295,91591504251367,91591517439135,13539.840,13187.768,1,1
0,2934,300,91591504686832,91591505028174,91591518224212,13537.380,13196.038,1,1
0,2935,300,91591505487209,91591505813311,91591519021199,13533.990,13207.888,1,1
0,2936,300,91591506294447,91591506622698,91591519799465,13505.018,13176.767,1,1
0,2937,300,91591507085164,91591507427055,91591520591002,13505.838,13163.947,1,1
0,2938,300,91591507862010,91591508221992,91591521375628,13513.618,13153.636,1,1
0,2939,300,91591508658997,91591508991639,91591522177696,13518.699,13186.057,1,1
0,2940,300,91591509475095,91591509805806,91591522944652,13469.557,13138.846,1,1
0,2941,300,91591510276281,91591510612173,91591523732868,13456.587,13120.695,1,1
0,2942,300,91591511080279,91591511429811,91591524526356,13446.077,13096.545,1,1
0,2943,300,91591511867345,91591512217168,91591525349093,13481.748,13131.925,1,1
0,2944,300,91591512679994,91591513018975,91591526137810,13457.816,13118.835,1,1
0,2945,300,91591513478500,91591513809532,91591526906556,13428.056,13097.024,1,1
0,2946,300,91591514271437,91591514599179,91591527715143,13443.706,13115.964,1,1
0,2947,300,91591515057604,91591515395676,91591528536161,13478.557,13140.485,1,1
0,2948,300,91591515852811,91591516202523,91591529342328,13489.517,13139.805,1,1
0,2949,300,91591516648968,91591516974519,91591530142866,13493.898,13168.347,1,1
0,2950,300,91591517444715,91591517773336,91591530923062,13478.347,13149.726,1,1
0,2951,300,91591518231221,91591518562023,91591531745511,13514.290,13183.488,1,1
0,2952,300,91591519028889,91591519369480,91591532545177,13516.288,13175.697,1,1
0,2953,300,91591519805545,91591520160787,91591533335584,13530.039,13174.797,1,1
0,2954,300,91591520597222,91591520924473,91591534124981,13527.759,13200.508,1,1
0,2955,300,91591521381249,91591521706739,91591534920848,13539.599,13214.109,1,1
0,2956,300,91591522184635,91591522514537,91591535718215,13533.580,13203.678,1,1
0,2957,300,91591522950822,91591523303784,91591536517782,13566.960,13213.998,1,1
0,2958,300,91591523739328,91591524082990,91591537312479,13573.151,13229.489,1,1
0,2959,300,91591524532485,91591524859817,91591538137337,13604.852,13277.520,1,1
0,2960,300,91591525355173,91591525681744,91591538905084,13549.911,13223.340,1,1
0,2961,300,91591526145100,91591526476341,91591539698510,13553.410,13222.169,1,1
0,2962,300,91591526913677,91591527281139,91591540502317,13588.640,13221.178,1,1
0,2963,300,91591527721594,91591528065635,91591541320765,13599.171,13255.130,1,1
0,2964,300,91591528542872,91591528873053,91591542117582,13574.710,13244.529,1,1
0,2965,300,91591529349589,91591529685210,91591542882768,13533.179,13197.558,1,1
0,2966,300,91591530150746,91591530483077,91591543693766,13543.020,13210.689,1,1
0,2967,300,91591530929183,91591531288864,91591544520373,13591.190,13231.509,1,1
0,2968,300,91591531753020,91591532099823,91591545312201,13559.181,13212.378,1,1
0,2969,300,91591532550897,91591532879958,91591546102308,13551.411,13222.350,1,1
0,2970,300,91591533343784,91591533675315,91591546884663,13540.879,13209.348,1,1
0,2971,300,91591534131522,91591534464523,91591547710942,13579.420,13246.419,1,1
0,2972,300,91591534927309,91591535286341,91591548502909,13575.600,13216.568,1,1
0,2973,300,91591535724036,91591536068417,91591549296305,13572.269,13227.888,1,1
0,2974,300,91591536524582,91591536853814,91591550082483,13557.901,13228.669,1,1
0,2975,300,91591537320409,91591537653350,91591550899120,13578.711,13245.770,1,1
0,2976,300,91591538145147,91591538474648,91591551698567,13553.420,13223.919,1,1
0,2977,300,91591538912233,91591539266325,91591552488614,13576.381,13222.289,1,1
0,2978,300,91591539705920,91591540047452,91591553276371,13570.451,13228.919,1,1
0,2979,300,91591540508968,91591540839309,91591554106388,13597.420,13267.079,1,1
0,2980,300,91591541328726,91591541660497,91591554893166,13564.440,13232.669,1,1
0,2981,300,91591542124713,91591542453063,91591555704663,13579.950,13251.600,1,1
0,2982,300,91591542889968,91591543254791,91591556504640,13614.672,13249.849,1,1
0,2983,300,91591543699676,91591544048298,91591557354289,13654.613,13305.991,1,1
0,2984,300,91591544527804,91591544854615,91591558157687,13629.883,13303.072,1,1
0,2985,300,91591545319561,91591545651932,91591558934763,13615.202,13282.831,1,1
0,2986,300,91591546119918,91591546452919,91591559728880,13608.962,13275.961,1,1
0,2987,300,91591546890784,91591547241886,91591560552817,13662.033,13310.931,1,1
0,2988,300,91591547718493,91591548060944,91591561391596,13673.103,13330.652,1,1
0,2989,300,91591548510269,91591548838950,91591562210704,13700.435,13371.754,1,1
0,2990,300,91591549302886,91591549637187,91591563014211,13711.325,13377.024,1,1
0,2991,300,91591550091282,91591550438755,91591563823708,13732.426,13384.953,1,1
0,2992,300,91591550906350,91591551265942,91591564620866,13714.516,13354.924,1,1
0,2993,300,91591551705527,91591552044249,91591565437463,13731.936,13393.214,1,1
0,2994,300,91591552495204,91591552821606,91591566244501,13749.297,13422.895,1,1
0,2995,300,91591553283791,91591553623952,91591567065228,13781.437,13441.276,1,1
0,2996,300,91591554125509,91591554460330,91591567847875,13722.366,13387.545,1,1
0,2997,300,91591554900545,91591555266488,91591568641912,13741.367,13375.424,1,1
0,2998,300,91591555711964,91591556055115,91591569435149,13723.185,13380.034,1,1
0,2999,300,91591556511381,91591556854282,91591570255027,13743.646,13400.745,1,1
0,3000,300,91591557361289,91591557693001,91591571038553,13677.264,13345.552,1,1
0,3001,300,91591558165806,91591558501998,91591571833870,13668.064,13331.872,1,1
0,3002,300,91591558941473,91591559298475,91591572628428,13686.955,13329.953,1,1
0,3003,300,91591559735079,91591560078451,91591573446615,13711.536,13368.164,1,1
0,3004,300,91591560560198,91591560904740,91591574246092,13685.894,13341.352,1,1
0,3005,300,91591561398766,91591561742058,91591575024879,13626.113,13282.821,1,1
0,3006,300,91591562218914,91591562556856,91591575813715,13594.801,13256.859,1,1
0,3007,300,91591563021551,91591563367183,91591576627024,13605.473,13259.841,1,1
0,3008,300,91591563831279,91591564187051,91591577434920,13603.641,13247.869,1,1
0,3009,300,91591564627236,91591564960097,91591578225207,13597.971,13265.110,1,1
0,3010,300,91591565444104,91591565773095,91591578993253,13549.149,13220.158,1,1
0,3011,300,91591566251881,91591566581192,91591579810691,13558.810,13229.499,1,1
0,3012,300,91591567072709,91591567415261,91591580599338,13526.629,13184.077,1,1
0,3013,300,91591567854936,91591568206818,91591581402135,13547.199,13195.317,1,1
0,3014,300,91591568649323,91591568983474,91591582245354,13596.031,13261.880,1,1
0,3015,300,91591569441639,91591569774991,91591583051581,13609.942,13276.590,1,1
0,3016,300,91591570262177,91591570595089,91591583831817,13569.640,13236.728,1,1
0,3017,300,91591571046163,91591571388986,91591584644645,13598.482,13255.659,1,1
0,3018,300,91591571840780,91591572195602,91591585438092,13597.312,13242.490,1,1
0,3019,300,91591572634557,91591572964018,91591586273571,13639.014,13309.553,1,1
0,3020,300,91591573453355,91591573784046,91591587056127,13602.772,13272.081,1,1
0,3021,300,91591574254163,91591574587484,91591587837333,13583.170,13249.849,1,1
0,3022,300,91591575031879,91591575374900,91591588659622,13627.743,13284.722,1,1
0,3023,300,91591575819786,91591576172087,91591589481259,13661.473,13309.172,1,1
0,3024,300,91591576634173,91591576965874,91591590273496,13639.323,13307.622,1,1
0,3025,300,91591577442531,91591577772532,91591591074533,13632.002,13302.001,1,1
0,3026,300,91591578231678,91591578562999,91591591859470,13627.792,13296.471,1,1
0,3027,300,91591579000243,91591579356916,91591592689688,13689.445,13332.772,1,1
0,3028,300,91591579817281,91591580168383,91591593487685,13670.404,13319.302,1,1
0,3029,300,91591580605068,91591580935300,91591594280542,13675.474,13345.242,1,1
0,3030,300,91591581408785,91591581747407,91591595074249,13665.464,13326.842,1,1
0,3031,300,91591582253474,91591582584765,91591595886546,13633.072,13301.781,1,1
0,3032,300,91591583058701,91591583401313,91591596674763,13616.062,13273.450,1,1
0,3033,300,91591583838028,91591584200930,91591597464370,13626.342,13263.440,1,1
0,3034,300,91591584651935,91591584982306,91591598252296,13600.361,13269.990,1,1
0,3035,300,91591585445022,91591585778813,91591599053754,13608.732,13274.941,1,1
0,3036,300,91591586281410,91591586608722,91591599832040,13550.630,13223.318,1,1
0,3037,300,91591587062977,91591587406709,91591600618337,13555.360,13211.628,1,1
0,3038,300,91591587843944,91591588202076,91591601409374,13565.430,13207.298,1,1
0,3039,300,91591588665811,91591588993103,91591602213891,13548.080,13220.788,1,1
0,3040,300,91591589488669,91591589816400,91591603000118,13511.449,13183.718,1,1
0,3041,300,91591590280576,91591590616958,91591603790365,13509.789,13173.407,1,1
0,3042,300,91591591081613,91591591419105,91591604577951,13496.338,13158.846,1,1
0,3043,300,91591591866130,91591592220132,91591605391119,13524.989,13170.987,1,1
0,3044,300,91591592696548,91591593039749,91591606181756,13485.208,13142.007,1,1
0,3045,300,91591593494446,91591593822506,91591606979102,13484.656,13156.596,1,1
0,3046,300,91591594287562,91591594621094,91591607799380,13511.818,13178.286,1,1
0,3047,300,91591595082059,91591595426610,91591608617258,13535.199,13190.648,1,1
0,3048,300,91591595893697,91591596244118,91591609403955,13510.258,13159.837,1,1
0,3049,300,91591596681193,91591597021455,91591610194292,13513.099,13172.837,1,1
0,3050,300,91591597470560,91591597795451,91591610966408,13495.848,13170.957,1,1
0,3051,300,91591598259487,91591598587098,91591611785596,13526.109,13198.498,1,1
0,3052,300,91591599060404,91591599399286,91591612587454,13527.050,13188.168,1,1
0,3053,300,91591599838911,91591600190813,91591613395931,13557.020,13205.118,1,1
0,3054,300,91591600624227,91591600954828,91591614187147,13562.920,13232.319,1,1
0,3055,300,91591601415804,91591601744396,91591614990455,13574.651,13246.059,1,1
0,3056,300,91591602222052,91591602560233,91591615785632,13563.580,13225.399,1,1
0,3057,300,91591603018489,91591603360020,91591616594879,13576.390,13234.859,1,1
0,3058,300,91591603797824,91591604146067,91591617400277,13602.453,13254.210,1,1
0,3059,300,91591604583952,91591604914333,91591618211674,13627.722,13297.341,1,1
0,3060,300,91591605398229,91591605729010,91591618988721,13590.492,13259.711,1,1
0,3061,300,91591606197267,91591606530158,91591619787438,13590.171,13257.280,1,1
0,3062,300,91591606985783,91591607357905,91591620587794,13602.011,13229.889,1,1
0,3063,300,91591607805451,91591608157543,91591621396302,13590.851,13238.759,1,1
0,3064,300,91591608623229,91591608949949,91591622197789,13574.560,13247.840,1,1
0,3065,300,91591609410835,91591609740107,91591622967936,13557.101,13227.829,1,1
0,3066,300,91591610201243,91591610533784,91591623769522,13568.279,13235.738,1,1
0,3067,300,91591610971129,91591611324350,91591624589020,13617.891,13264.670,1,1
0,3068,300,91591611790956,91591612143468,91591625376808,13585.852,13233.340,1,1
0,3069,300,91591612594453,91591612930625,91591626173374,13578.921,13242.749,1,1
0,3070,300,91591613403011,91591613730202,91591626938920,13535.909,13208.718,1,1
0,3071,300,91591614195058,91591614529629,91591627759698,13564.640,13230.069,1,1
0,3072,300,91591614996464,91591615349497,91591628553575,13557.111,13204.078,1,1
0,3073,300,91591615791701,91591616142334,91591629356202,13564.501,13213.868,1,1
0,3074,300,91591616601570,91591616930410,91591630140259,13538.689,13209.849,1,1
0,3075,300,91591617406836,91591617734178,91591630984438,13577.602,13250.260,1,1
0,3076,300,91591618219594,91591618546075,91591631794455,13574.861,13248.380,1,1
0,3077,300,91591618995030,91591619350042,91591632583661,13588.631,13233.619,1,1
0,3078,300,91591619793177,91591620149889,91591633390189,13597.012,13240.300,1,1
0,3079,300,91591620593485,91591620922736,91591634205457,13611.972,13282.721,1,1
0,3080,300,91591621402222,91591621733364,91591634973033,13570.811,13239.669,1,1
0,3081,300,91591622204519,91591622538231,91591635772320,13567.801,13234.089,1,1
0,3082,300,91591622974755,91591623327747,91591636567387,13592.632,13239.640,1,1
0,3083,300,91591623775343,91591624124074,91591637394734,13619.391,13270.660,1,1
0,3084,300,91591624596221,91591624922061,91591638190071,13593.850,13268.010,1,1
0,3085,300,91591625382617,91591625711409,91591638979549,13596.932,13268.140,1,1
0,3086,300,91591626180024,91591626510405,91591639767735,13587.711,13257.330,1,1
0,3087,300,91591626945221,91591627294822,91591640580783,13635.562,13285.961,1,1
0,3088,300,91591627767018,91591628105509,91591641374040,13607.022,13268.531,1,1
0,3089,300,91591628559014,91591628892027,91591642160197,13601.183,13268.170,1,1
0,3090,300,91591629362552,91591629689114,91591642942273,13579.721,13253.159,1,1
0,3091,300,91591630146569,91591630529681,91591643766421,13619.852,13236.740,1,1
0,3092,300,91591630993257,91591631351350,91591644565768,13572.511,13214.418,1,1
0,3093,300,91591631800215,91591632150107,91591645358565,13558.350,13208.458,1,1
0,3094,300,91591632590262,91591632918233,91591646174543,13584.281,13256.310,1,1
0,3095,300,91591633397989,91591633724121,91591646969750,13571.761,13245.629,1,1
0,3096,300,91591634212936,91591634542458,91591647785507,13572.571,13243.049,1,1
0,3097,300,91591634979593,91591635336155,91591648577284,13597.691,13241.129,1,1
0,3098,300,91591635778080,91591636129642,91591649365101,13587.021,13235.459,1,1
0,3099,300,91591636572707,91591636901988,91591650174358,13601.651,13272.370,1,1
0,3100,300,91591637401245,91591637734186,91591650941564,13540.319,13207.378,1,1
0,3101,300,91591638197332,91591638538364,91591651745642,13548.310,13207.278,1,1
0,3102,300,91591638985118,91591639335351,91591652567790,13582.672,13232.439,1,1
0,3103,300,91591639774286,91591640126638,91591653379677,13605.391,13253.039,1,1
0,3104,300,91591640586363,91591640917314,91591654176505,13590.142,13259.191,1,1
0,3105,300,91591641381020,91591641710041,91591654943650,13562.630,13233.609,1,1
0,3106,300,91591642168306,91591642496108,91591655733527,13565.221,13237.419,1,1
0,3107,300,91591642949223,91591643304295,91591656559365,13610.142,13255.070,1,1
0,3108,300,91591643773682,91591644131664,91591657350232,13576.550,13218.568,1,1
0,3109,300,91591644571908,91591644902310,91591658156250,13584.342,13253.940,1,1
0,3110,300,91591645365136,91591645695527,91591658920795,13555.659,13225.268,1,1
0,3111,300,91591646182013,91591646518934,91591659731682,13549.669,13212.748,1,1
0,3112,300,91591646975920,91591647329682,91591660521230,13545.310,13191.548,1,1
0,3113,300,91591647791718,91591648142020,91591661304936,13513.218,13162.916,1,1
0,3114,300,91591648583635,91591648913366,91591662091603,13507.968,13178.237,1,1
0,3115,300,91591649371011,91591649700962,91591662900020,13529.009,13199.058,1,1
0,3116,300,91591650182338,91591650511370,91591663691417,13509.079,13180.047,1,1
0,3117,300,91591650947765,91591651315417,91591664494525,13546.760,13179.108,1,1
0,3118,300,91591651751651,91591652118374,91591665283121,13531.470,13164.747,1,1
0,3119,300,91591652574250,91591652899441,91591666097238,13522.988,13197.797,1,1
0,3120,300,91591653386487,91591653716369,91591666888145,13501.658,13171.776,1,1
0,3121,300,91591654183794,91591654514046,91591667687392,13503.598,13173.346,1,1
0,3122,300,91591654950111,91591655301412,91591668490960,13540.849,13189.548,1,1
0,3123,300,91591655739787,91591656081749,91591669306738,13566.951,13224.989,1,1
0,3124,300,91591656564986,91591656895577,91591670098764,13533.778,13203.187,1,1
0,3125,300,91591657357772,91591657688773,91591670894031,13536.259,13205.258,1,1
0,3126,300,91591658162529,91591658490801,91591671694129,13531.600,13203.328,1,1
0,3127,300,91591658926666,91591659281468,91591672505856,13579.190,13224.388,1,1
0,3128,300,91591659738853,91591660076895,91591673302333,13563.480,13225.438,1,1
0,3129,300,91591660527479,91591660853811,91591674105041,13577.562,13251.230,1,1
0,3130,300,91591661311716,91591661642938,91591674891997,13580.281,13249.059,1,1
0,3131,300,91591662100983,91591662444465,91591675753026,13652.043,13308.561,1,1
0,3132,300,91591662906511,91591663260993,91591676546823,13640.312,13285.830,1,1
0,3133,300,91591663698577,91591664041568,91591677342360,13643.783,13300.792,1,1
0,3134,300,91591664501464,91591664828366,91591678170448,13668.984,13342.082,1,1
0,3135,300,91591665289421,91591665619272,91591678958305,13668.884,13339.033,1,1
0,3136,300,91591666106239,91591666450730,91591679745002,13638.763,13294.272,1,1
0,3137,300,91591666894566,91591667255958,91591680537308,13642.742,13281.350,1,1
0,3138,300,91591667693713,91591668031865,91591681337126,13643.413,13305.261,1,1
0,3139,300,91591668497030,91591668825071,91591682159774,13662.744,13334.703,1,1
0,3140,300,91591669313427,91591669641839,91591682941970,13628.543,13300.131,1,1
0,3141,300,91591670105775,91591670449656,91591683730947,13625.172,13281.291,1,1
0,3142,300,91591670899832,91591671265024,91591684534454,13634.622,13269.430,1,1
0,3143,300,91591671700588,91591672045230,91591685355132,13654.544,13309.902,1,1
0,3144,300,91591672512527,91591672840427,91591686146709,13634.182,13306.282,1,1
0,3145,300,91591673308754,91591673649735,91591686919915,13611.161,13270.180,1,1
0,3146,300,91591674123001,91591674449882,91591687713582,13590.581,13263.700,1,1
0,3147,300,91591674898288,91591675278071,91591688531669,13633.381,13253.598,1,1
0,3148,300,91591675761586,91591676106608,91591689331097,13569.511,13224.489,1,1
0,3149,300,91591676553754,91591676885645,91591690121353,13567.599,13235.708,1,1
0,3150,300,91591677349761,91591677685072,91591690908651,13558.890,13223.579,1,1
0,3151,300,91591678177518,91591678504009,91591691724778,13547.260,13220.769,1,1
0,3152,300,91591678965645,91591679315377,91591692522185,13556.540,13206.808,1,1
0,3153,300,91591679751112,91591680093353,91591693316432,13565.320,13223.079,1,1
0,3154,300,91591680543569,91591680871410,91591694106559,13562.990,13235.149,1,1
0,3155,300,91591681343606,91591681674337,91591694928277,13584.671,13253.940,1,1
0,3156,300,91591682166663,91591682496055,91591695723604,13556.941,13227.549,1,1
0,3157,300,91591682948310,91591683300732,91591696509670,13561.360,13208.938,1,1
0,3158,300,91591683737687,91591684081379,91591697299247,13561.560,13217.868,1,1
0,3159,300,91591684540594,91591684871725,91591698146426,13605.832,13274.701,1,1
0,3160,300,91591685363543,91591685692923,91591698926433,13562.890,13233.510,1,1
0,3161,300,91591686154639,91591686485300,91591699730839,13576.200,13245.539,1,1
0,3162,300,91591686926335,91591687285888,91591700536507,13610.172,13250.619,1,1
0,3163,300,91591687719322,91591688063434,91591701354925,13635.603,13291.491,1,1
0,3164,300,91591688538250,91591688871121,91591702185833,13647.583,13314.712,1,1
0,3165,300,91591689337747,91591689671509,91591702965690,13627.943,13294.181,1,1
0,3166,300,91591690128484,91591690465965,91591703768346,13639.862,13302.381,1,1
0,3167,300,91591690915790,91591691273152,91591704592165,13676.375,13319.013,1,1
0,3168,300,91591691730549,91591692074300,91591705388192,13657.643,13313.892,1,1
0,3169,300,91591692529115,91591692859757,91591706192379,13663.264,13332.622,1,1
0,3170,300,91591693324012,91591693653914,91591706984656,13660.644,13330.742,1,1
0,3171,300,91591694119349,91591694450741,91591707814184,13694.835,13363.443,1,1
0,3172,300,91591694935447,91591695285089,91591708617782,13682.335,13332.693,1,1
0,3173,300,91591695730444,91591696069315,91591709418968,13688.524,13349.653,1,1
0,3174,300,91591696515831,91591696848152,91591710274398,13758.567,13426.246,1,1
0,3175,300,91591697306197,91591697645429,91591711128167,13821.970,13482.738,1,1
0,3176,300,91591698155307,91591698490888,91591711904743,13749.436,13413.855,1,1
0,3177,300,91591698932352,91591699295865,91591712715060,13782.708,13419.195,1,1
0,3178,300,91591699737790,91591700079432,91591713524327,13786.537,13444.895,1,1
0,3179,300,91591700543288,91591700874129,91591714370227,13826.939,13496.098,1,1
0,3180,300,91591701364155,91591701705887,91591715182144,13817.989,13476.257,1,1
0,3181,300,91591702193584,91591702534625,91591715961851,13768.267,13427.226,1,1
0,3182,300,91591702972799,91591703333902,91591716766927,13794.128,13433.025,1,1
0,3183,300,91591703774387,91591704126989,91591717596586,13822.199,13469.597,1,1
0,3184,300,91591704598865,91591704929526,91591718406403,13807.538,13476.877,1,1
0,3185,300,91591705395292,91591705726273,91591719207411,13812.119,13481.138,1,1
0,3186,300,91591706199979,91591706540391,91591719981737,13781.758,13441.346,1,1
0,3187,300,91591706991946,91591707358679,91591720809875,13817.929,13451.196,1,1
0,3188,300,91591707821234,91591708183177,91591721612792,13791.558,13429.615,1,1
0,3189,300,91591708625391,91591708960743,91591722409539,13784.148,13448.796,1,1
0,3190,300,91591709425138,91591709755719,91591723200906,13775.768,13445.187,1,1
0,3191,300,91591710284298,91591710623399,91591724030444,13746.146,13407.045,1,1
0,3192,300,91591711136416,91591711470758,91591724825731,13689.315,13354.973,1,1
0,3193,300,91591711912313,91591712272495,91591725646419,13734.106,13373.924,1,1
0,3194,300,91591712723131,91591713077503,91591726441026,13717.895,13363.523,1,1
0,3195,300,91591713530968,91591713873770,91591727263554,13732.586,13389.784,1,1
0,3196,300,91591714377897,91591714714439,91591728060671,13682.774,13346.232,1,1
0,3197,300,91591715189104,91591715527526,91591728871178,13682.074,13343.652,1,1
0,3198,300,91591715968911,91591716330943,91591729686506,13717.595,13355.563,1,1
0,3199,300,91591716774088,91591717137461,91591730507314,13733.226,13369.853,1,1
0,3200,300,91591717603476,91591717939997,91591731306051,13702.575,13366.054,1,1
0,3201,300,91591718412954,91591718749625,91591732095218,13682.264,13345.593,1,1
0,3202,300,91591719214451,91591719549063,91591732890275,13675.824,13341.212,1,1
0,3203,300,91591719989328,91591720352139,91591733727443,13738.115,13375.304,1,1
0,3204,300,91591720817425,91591721177068,91591734530971,13713.546,13353.903,1,1
0,3205,300,91591721619723,91591721952164,91591735327538,13707.815,13375.374,1,1
0,3206,300,91591722416290,91591722749401,91591736122445,13706.155,13373.044,1,1
0,3207,300,91591723207777,91591723551878,91591736921342,13713.565,13369.464,1,1
0,3208,300,91591724036774,91591724382557,91591737728249,13691.475,13345.692,1,1
0,3209,300,91591724832941,91591725200904,91591738520936,13687.995,13320.032,1,1
0,3210,300,91591725652039,91591725982870,91591739312902,13660.863,13330.032,1,1
0,3211,300,91591726447606,91591726782278,91591740133990,13686.384,13351.712,1,1
0,3212,300,91591727271555,91591727604056,91591740910857,13639.302,13306.801,1,1
0,3213,300,91591728067282,91591728419023,91591741713315,13646.033,13294.292,1,1
0,3214,300,91591728877589,91591729233901,91591742518881,13641.292,13284.980,1,1
0,3215,300,91591729694457,91591730036088,91591743342250,13647.793,13306.162,1,1
0,3216,300,91591730514965,91591730847076,91591744142257,13627.292,13295.181,1,1
0,3217,300,91591731312662,91591731645843,91591744920953,13608.291,13275.110,1,1
0,3218,300,91591732104328,91591732447299,91591745717670,13613.342,13270.371,1,1
0,3219,300,91591732896765,91591733262067,91591746541768,13645.003,13279.701,1,1
0,3220,300,91591733734104,91591734082995,91591747359186,13625.082,13276.191,1,1
0,3221,300,91591734537980,91591734870232,91591748164083,13626.103,13293.851,1,1
0,3222,300,91591735334687,91591735668869,91591748947730,13613.043,13278.861,1,1
0,3223,300,91591736129354,91591736465526,91591749791909,13662.555,13326.383,1,1
0,3224,300,91591736928262,91591737284714,91591750604466,13676.204,13319.752,1,1
0,3225,300,91591737734799,91591738073951,91591751412893,13678.094,13338.942,1,1
0,3226,300,91591738527376,91591738860808,91591752209980,13682.604,13349.172,1,1
0,3227,300,91591739320633,91591739656154,91591753039819,13719.186,13383.665,1,1
0,3228,300,91591740142361,91591740476853,91591753859916,13717.555,13383.063,1,1
0,3229,300,91591740917748,91591741276610,91591754670684,13752.936,13394.074,1,1
0,3230,300,91591741720754,91591742068767,91591755478581,13757.827,13409.814,1,1
0,3231,300,91591742525642,91591742857913,91591756324300,13798.658,13466.387,1,1
0,3232,300,91591743350259,91591743687751,91591757132497,13782.238,13444.746,1,1
0,3233,300,91591744149867,91591744488108,91591757917474,13767.607,13429.366,1,1
0,3234,300,91591744927723,91591745282505,91591758711331,13783.608,13428.826,1,1
0,3235,300,91591745724220,91591746071542,91591759558030,13833.810,13486.488,1,1
0,3236,300,91591746549859,91591746890430,91591760386248,13836.389,13495.818,1,1
0,3237,300,91591747365466,91591747700088,91591761181025,13815.559,13480.937,1,1
0,3238,300,91591748171533,91591748514745,91591761957242,13785.709,13442.497,1,1
0,3239,300,91591748954470,91591749323672,91591762774138,13819.668,13450.466,1,1
0,3240,300,91591749799548,91591750166221,91591763591816,13792.268,13425.595,1,1
0,3241,300,91591750611467,91591750943428,91591764393104,13781.637,13449.676,1,1
0,3242,300,91591751420264,91591751752085,91591765191251,13770.987,13439.166,1,1
0,3243,300,91591752219571,91591752560752,91591765995088,13775.517,13434.336,1,1
0,3244,300,91591753046749,91591753397640,91591766809386,13762.637,13411.746,1,1
0,3245,300,91591753868257,91591754237409,91591767627134,13758.877,13389.725,1,1
0,3246,300,91591754676794,91591755028426,91591768429030,13752.236,13400.604,1,1
0,3247,300,91591755486112,91591755822213,91591769276410,13790.298,13454.197,1,1
0,3248,300,91591756332990,91591756668001,91591770064816,13731.826,13396.815,1,1
0,3249,300,91591757140728,91591757473639,91591770875973,13735.245,13402.334,1,1
0,3250,300,91591757923884,91591758277906,91591771688882,13764.998,13410.976,1,1
0,3251,300,91591758718301,91591759075643,91591772506329,13788.028,13430.686,1,1
0,3252,300,91591759565690,91591759900111,91591773322527,13756.837,13422.416,1,1
0,3253,300,91591760393338,91591760726859,91591774104933,13711.595,13378.074,1,1
0,3254,300,91591761188505,91591761524126,91591774902370,13713.865,13378.244,1,1
0,3255,300,91591761964461,91591762319853,91591775727549,13763.088,13407.696,1,1
0,3256,300,91591762781449,91591763137371,91591776530575,13749.126,13393.204,1,1
0,3257,300,91591763598667,91591763929878,91591777349503,13750.836,13419.625,1,1
0,3258,300,91591764400754,91591764735205,91591778141420,13740.666,13406.215,1,1
0,3259,300,91591765199821,91591765539992,91591778938677,13738.856,13398.685,1,1
0,3260,300,91591766012819,91591766365621,91591779736104,13723.285,13370.483,1,1
0,3261,300,91591766816726,91591767179968,91591780543462,13726.736,13363.494,1,1
0,3262,300,91591767634133,91591767967265,91591781361859,13727.726,13394.594,1,1
0,3263,300,91591768436171,91591768783372,91591782183787,13747.616,13400.415,1,1
0,3264,300,91591769283040,91591769615681,91591782962594,13679.554,13346.913,1,1
0,3265,300,91591770071326,91591770421358,91591783762491,13691.165,13341.133,1,1
0,3266,300,91591770882884,91591771241086,91591784559168,13676.284,13318.082,1,1
0,3267,300,91591771695251,91591772039693,91591785458909,13763.658,13419.216,1,1
0,3268,300,91591772513269,91591772845040,91591786291297,13778.028,13446.257,1,1
0,3269,300,91591773329567,91591773660368,91591787086074,13756.507,13425.706,1,1
0,3270,300,91591774122263,91591774457955,91591787880271,13758.008,13422.316,1,1
0,3271,300,91591774908721,91591775269563,91591788705699,13796.978,13436.136,1,1
0,3272,300,91591775734498,91591776080100,91591789518526,13784.028,13438.426,1,1
0,3273,300,91591776537076,91591776869857,91591790321393,13784.317,13451.536,1,1
0,3274,300,91591777356554,91591777687905,91591791124581,13768.027,13436.676,1,1
0,3275,300,91591778148860,91591778483522,91591791921278,13772.418,13437.756,1,1
0,3276,300,91591778945187,91591779301710,91591792722125,13776.938,13420.415,1,1
0,3277,300,91591779742975,91591780100007,91591793519462,13776.487,13419.455,1,1
0,3278,300,91591780549502,91591780892614,91591794312569,13763.067,13419.955,1,1
0,3279,300,91591781369500,91591781699160,91591795140697,13771.197,13441.537,1,1
0,3280,300,91591782191948,91591782528039,91591795915823,13723.875,13387.784,1,1
0,3281,300,91591782970484,91591783329936,91591796732221,13761.737,13402.285,1,1
0,3282,300,91591783770361,91591784122824,91591797525078,13754.717,13402.254,1,1
0,3283,300,91591784565718,91591784915750,91591798349976,13784.258,13434.226,1,1
0,3284,300,91591785477749,91591785823600,91591799154913,13677.164,13331.313,1,1
0,3285,300,91591786297997,91591786630128,91591799925130,13627.133,13295.002,1,1
0,3286,300,91591787096134,91591787440016,91591800735747,13639.613,13295.731,1,1
0,3287,300,91591787887601,91591788243393,91591801569965,13682.364,13326.572,1,1
0,3288,300,91591788713609,91591789060671,91591802370212,13656.603,13309.541,1,1
0,3289,300,91591789525356,91591789856968,91591803166759,13641.403,13309.791,1,1
0,3290,300,91591790328794,91591790662325,91591803964937,13636.143,13302.612,1,1
0,3291,300,91591791130841,91591791466703,91591804793294,13662.453,13326.591,1,1
0,3292,300,91591791928348,91591792286780,91591805593392,13665.044,13306.612,1,1
0,3293,300,91591792728335,91591793069857,91591806392129,13663.794,13322.272,1,1
0,3294,300,91591793526012,91591793855284,91591807195916,13669.904,13340.632,1,1
0,3295,300,91591794319879,91591794657990,91591808022204,13702.325,13364.214,1,1
0,3296,300,91591795148487,91591795483439,91591808814241,13665.754,13330.802,1,1
0,3297,300,91591795922304,91591796286605,91591809611228,13688.924,13324.623,1,1
0,3298,300,91591796737671,91591797080063,91591810416095,13678.424,13336.032,1,1
0,3299,300,91591797531848,91591797866059,91591811260234,13728.386,13394.175,1,1
0,3300,300,91591798357117,91591798690078,91591812054081,13696.964,13364.003,1,1
0,3301,300,91591799161913,91591799492144,91591812838358,13676.445,13346.214,1,1
0,3302,300,91591799931119,91591800296692,91591813639164,13708.045,13342.472,1,1
0,3303,300,91591800741427,91591801090979,91591814479433,13738.006,13388.454,1,1
0,3304,300,91591801575835,91591801908417,91591815288321,13712.486,13379.904,1,1
0,3305,300,91591802377452,91591802711284,91591816071277,13693.825,13359.993,1,1
0,3306,300,91591803174529,91591803519331,91591816861274,13686.745,13341.943,1,1
0,3307,300,91591803971176,91591804330839,91591817682451,13711.275,13351.612,1,1
0,3308,300,91591804800375,91591805153617,91591818483259,13682.884,13329.642,1,1
0,3309,300,91591805600102,91591805937653,91591819285766,13685.664,13348.113,1,1
0,3310,300,91591806399019,91591806738860,91591820072823,13673.804,13333.963,1,1
0,3311,300,91591807203636,91591807534447,91591820891361,13687.725,13356.914,1,1
0,3312,300,91591808029174,91591808369906,91591821699218,13670.044,13329.312,1,1
0,3313,300,91591808820821,91591809175503,91591822515335,13694.514,13339.832,1,1
0,3314,300,91591809617979,91591809954759,91591823315133,13697.154,13360.374,1,1
0,3315,300,91591810422265,91591810768208,91591824137831,13715.566,13369.623,1,1
0,3316,300,91591811267584,91591811607076,91591824921087,13653.503,13314.011,1,1
0,3317,300,91591812061571,91591812405072,91591825718264,13656.693,13313.192,1,1
0,3318,300,91591812844737,91591813203060,91591826541422,13696.685,13338.362,1,1
0,3319,300,91591813645895,91591813979266,91591827365941,13720.046,13386.675,1,1
0,3320,300,91591814486683,91591814819765,91591828172257,13685.574,13352.492,1,1
0,3321,300,91591815295820,91591815626472,91591828962524,13666.704,13336.052,1,1
0,3322,300,91591816078667,91591816424349,91591829767632,13688.965,13343.283,1,1
0,3323,300,91591816868434,91591817228376,91591830591710,13723.276,13363.334,1,1
0,3324,300,91591817688702,91591818039904,91591831390266,13701.564,13350.362,1,1
0,3325,300,91591818490319,91591818821691,91591832203115,13712.796,13381.424,1,1
0,3326,300,91591819293096,91591819625667,91591832994741,13701.645,13369.074,1,1
0,3327,300,91591820081003,91591820427775,91591833813019,13732.016,13385.244,1,1
0,3328,300,91591820898581,91591821262953,91591834620456,13721.875,13357.503,1,1
0,3329,300,91591821707198,91591822054970,91591835423664,13716.466,13368.694,1,1
0,3330,300,91591822521786,91591822851637,91591836225580,13703.794,13373.943,1,1
0,3331,300,91591823323033,91591823658655,91591837040378,13717.345,13381.723,1,1
0,3332,300,91591824145091,91591824478313,91591837832266,13687.175,13353.953,1,1
0,3333,300,91591824927127,91591825283720,91591838633992,13706.865,13350.272,1,1
0,3334,300,91591825726375,91591826075616,91591839433540,13707.165,13357.924,1,1
0,3335,300,91591826548723,91591826885964,91591840258028,13709.305,13372.064,1,1
0,3336,300,91591827373320,91591827714782,91591841043934,13670.614,13329.152,1,1
0,3337,300,91591828180238,91591828515990,91591841836671,13656.433,13320.681,1,1
0,3338,300,91591828969455,91591829332097,91591842653609,13684.154,13321.512,1,1
0,3339,300,91591829775382,91591830127984,91591843485258,13709.876,13357.274,1,1
0,3340,300,91591830598980,91591830934611,91591844290924,13691.944,13356.313,1,1
0,3341,300,91591831397127,91591831735959,91591845097492,13700.365,13361.533,1,1
0,3342,300,91591832209614,91591832545636,91591845890039,13680.425,13344.403,1,1
0,3343,300,91591833014762,91591833355424,91591846714826,13700.064,13359.402,1,1
0,3344,300,91591833820939,91591834183462,91591847532734,13711.795,13349.272,1,1
0,3345,300,91591834627817,91591834964078,91591848353532,13725.715,13389.454,1,1
0,3346,300,91591835430613,91591835762946,91591849166120,13735.507,13403.174,1,1
0,3347,300,91591836232601,91591836567242,91591849984018,13751.417,13416.776,1,1
0,3348,300,91591837048569,91591837395761,91591850812816,13764.247,13417.055,1,1
0,3349,300,91591837838265,91591838196117,91591851621743,13783.478,13425.626,1,1
0,3350,300,91591838640443,91591838975064,91591852450731,13810.288,13475.667,1,1
0,3351,300,91591839440650,91591839776462,91591853305940,13865.290,13529.478,1,1
0,3352,300,91591840267128,91591840598100,91591854134619,13867.491,13536.519,1,1
0,3353,300,91591841050165,91591841400296,91591854938955,13888.790,13538.659,1,1
0,3354,300,91591841844452,91591842215984,91591855742293,13897.841,13526.309,1,1
0,3355,300,91591842660689,91591842997211,91591856577061,13916.372,13579.850,1,1
0,3356,300,91591843491877,91591843830529,91591857391009,13899.132,13560.480,1,1
0,3357,300,91591844298425,91591844630746,91591858214787,13916.362,13584.041,1,1
0,3358,300,91591845106232,91591845451824,91591859021464,13915.232,13569.640,1,1
0,3359,300,91591845897529,91591846258531,91591859837152,13939.623,13578.621,1,1
0,3360,300,91591846722627,91591847077369,91591860636679,13914.052,13559.310,1,1
0,3361,300,91591847540975,91591847878797,91591861434866,13893.891,13556.069,1,1
0,3362,300,91591848361333,91591848701174,91591862259415,13898.082,13558.241,1,1
0,3363,300,91591849175330,91591849518602,91591863072212,13896.882,13553.610,1,1
0,3364,300,91591849991548,91591850362140,91591863869759,13878.211,13507.619,1,1
0,3365,300,91591850820226,91591851182919,91591864671206,13850.980,13488.287,1,1
0,3366,300,91591851629184,91591851970315,91591865485344,13856.160,13515.029,1,1
0,3367,300,91591852458722,91591852802593,91591866327362,13868.640,13524.769,1,1
0,3368,300,91591853314901,91591853661522,91591867128949,13814.048,13467.427,1,1
0,3369,300,91591854143298,91591854481670,91591867903826,13760.528,13422.156,1,1
0,3370,300,91591854945396,91591855304618,91591868709244,13763.848,13404.626,1,1
0,3371,300,91591855749164,91591856101565,91591869561872,13812.708,13460.307,1,1
0,3372,300,91591856584502,91591856919983,91591870361719,13777.217,13441.736,1,1
0,3373,300,91591857399599,91591857739291,91591871224898,13825.299,13485.607,1,1
0,3374,300,91591858222028,91591858561118,91591872035706,13813.678,13474.588,1,1
0,3375,300,91591859030655,91591859375026,91591872850084,13819.429,13475.058,1,1
0,3376,300,91591859843982,91591860202134,91591873672531,13828.549,13470.397,1,1
0,3377,300,91591860643439,91591860976531,91591874478619,13835.180,13502.088,1,1
0,3378,300,91591861442097,91591861787948,91591875294897,13852.800,13506.949,1,1
0,3379,300,91591862267864,91591862603266,91591876138636,13870.772,13535.370,1,1
0,3380,300,91591863080052,91591863432894,91591876919011,13838.959,13486.117,1,1
0,3381,300,91591863876439,91591864234841,91591877728999,13852.560,13494.158,1,1
0,3382,300,91591864678236,91591865025689,91591878535066,13856.830,13509.377,1,1
0,3383,300,91591865494354,91591865831355,91591879364255,13869.901,13532.900,1,1
0,3384,300,91591866334522,91591866667014,91591880181992,13847.470,13514.978,1,1
0,3385,300,91591867136500,91591867470341,91591880959888,13823.388,13489.547,1,1
0,3386,300,91591867910666,91591868273808,91591881775496,13864.830,13501.688,1,1
0,3387,300,91591868716853,91591869066905,91591882600784,13883.931,13533.879,1,1
0,3388,300,91591869569342,91591869903393,91591883421083,13851.741,13517.690,1,1
0,3389,300,91591870369239,91591870702160,91591884222489,13853.250,13520.329,1,1
0,3390,300,91591871233729,91591871574061,91591885018836,13785.107,13444.775,1,1
0,3391,300,91591872044286,91591872391198,91591885841504,13797.218,13450.306,1,1
0,3392,300,91591872857493,91591873221256,91591886640982,13783.489,13419.726,1,1
0,3393,300,91591873678952,91591874026834,91591887450509,13771.557,13423.675,1,1
0,3394,300,91591874486950,91591874824100,91591888258067,13771.117,13433.967,1,1
0,3395,300,91591875303886,91591875641928,91591889081084,13777.198,13439.156,1,1
0,3396,300,91591876147155,91591876483837,91591889874191,13727.036,13390.354,1,1
0,3397,300,91591876926812,91591877290665,91591890682829,13756.017,13392.164,1,1
0,3398,300,91591877736599,91591878083021,91591891478616,13742.017,13395.595,1,1
0,3399,300,91591878542417,91591878876428,91591892307153,13764.736,13430.725,1,1
0,3400,300,91591879371715,91591879710416,91591893101950,13730.235,13391.534,1,1
0,3401,300,91591880189382,91591880525204,91591893891607,13702.225,13366.403,1,1
0,3402,300,91591880966879,91591881329322,91591894707246,13740.367,13377.924,1,1
0,3403,300,91591881783267,91591882142619,91591895536283,13753.016,13393.664,1,1
0,3404,300,91591882610024,91591882947006,91591896335391,13725.367,13388.385,1,1
0,3405,300,91591883428962,91591883763653,91591897132908,13703.946,13369.255,1,1
0,3406,300,91591884230420,91591884568451,91591897911153,13680.733,13342.702,1,1
0,3407,300,91591885026077,91591885369639,91591898744933,13718.856,13375.294,1,1
0,3408,300,91591885848735,91591886205127,91591899551769,13703.034,13346.642,1,1
0,3409,300,91591886648362,91591886979713,91591900348036,13699.674,13368.323,1,1
0,3410,300,91591887457879,91591887796231,91591901147774,13689.895,13351.543,1,1
0,3411,300,91591888266516,91591888597067,91591901945851,13679.335,13348.784,1,1
0,3412,300,91591889091515,91591889441016,91591902745398,13653.883,13304.382,1,1
0,3413,300,91591889881561,91591890245004,91591903546905,13665.344,13301.901,1,1
0,3414,300,91591890689868,91591891031780,91591904360932,13671.064,13329.152,1,1
0,3415,300,91591891485435,91591891818408,91591905186681,13701.246,13368.273,1,1
0,3416,300,91591892314414,91591892645225,91591905938066,13623.652,13292.841,1,1
0,3417,300,91591893119221,91591893457532,91591906704722,13585.501,13247.190,1,1
0,3418,300,91591893897627,91591894261620,91591907486899,13589.272,13225.279,1,1
0,3419,300,91591894713705,91591895057607,91591908281186,13567.481,13223.579,1,1
0,3420,300,91591895542634,91591895876275,91591908999200,13456.566,13122.925,1,1
0,3421,300,91591896341760,91591896675351,91591909675173,13333.413,12999.822,1,1
0,3422,300,91591897140277,91591897473559,91591910344495,13204.218,12870.936,1,1
0,3423,300,91591897917844,91591898279116,91591911041919,13124.075,12762.803,1,1
0,3424,300,91591898752212,91591899103774,91591911694061,12941.849,12590.287,1,1
0,3425,300,91591899558140,91591899888701,91591912305912,12747.772,12417.211,1,1
0,3426,300,91591900354597,91591900688268,91591912767528,12412.931,12079.260,1,1
0,3427,300,91591901155703,91591901491995,91591913250335,12094.632,11758.340,1,1
0,3428,300,91591901952751,91591902310943,91591913708970,11756.219,11398.027,1,1
0,3429,300,91591902752248,91591903100670,91591914170216,11417.968,11069.546,1,1
0,3430,300,91591903554125,91591903893757,91591914619220,11065.095,10725.463,1,1
