chain,seq,written_ns,nominal_ns,sink_ns,e2e_us,e2e_nominal_us
0,0,96413569983215,96413569982369,96413570265984,282.769,283.615
0,1,96413574079133,96413574078369,96413575298165,1219.032,1219.796
0,2,96413578994179,96413578993569,96413579259389,265.21,265.82
0,3,96413583909595,96413583908769,96413584415722,506.127,506.953
0,4,96413588824832,96413588823969,96413589093511,268.679,269.542
0,5,96413592920730,96413592919969,96413594029958,1109.228,1109.989
0,6,96413597836576,96413597835169,96413598251390,414.814,416.221
0,7,96413602751172,96413602750369,96413603259509,508.337,509.14
0,8,96413606847141,96413606846369,96413607978399,1131.258,1132.03
0,9,96413611763527,96413611761569,96413612032316,268.789,270.747
0,10,96413616677463,96413616676769,96413616989413,311.95,312.644
0,11,96413620775211,96413620772769,96413622033304,1258.093,1260.535
0,12,96413625688717,96413625687969,96413625932756,244.039,244.787
0,13,96413630603884,96413630603169,96413630957616,353.732,354.447
0,14,96413634700192,96413634699169,96413635991525,1291.333,1292.356
0,15,96413639615288,96413639614369,96413639902437,287.149,288.068
0,16,96413644530524,96413644529569,96413644810924,280.4,281.355
0,17,96413649445610,96413649444769,96413649715160,269.55,270.391
0,18,96413653541849,96413653540769,96413654641536,1099.687,1100.767
0,19,96413658456835,96413658455969,96413658745634,288.799,289.665
0,20,96413663372071,96413663371169,96413663885669,513.598,514.5
0,21,96413667468259,96413667467169,96413668717942,1249.683,1250.773
0,22,96413672383306,96413672382369,96413672672815,289.509,290.446
0,23,96413677298432,96413677297569,96413677659584,361.152,362.015
0,24,96413681394170,96413681393569,96413682676923,1282.753,1283.354
0,25,96413686309566,96413686308769,96413686604996,295.43,296.227
0,26,96413691225223,96413691223969,96413691707688,482.465,483.719
0,27,96413695322401,96413695319969,96413696477100,1154.699,1157.131
0,28,96413700237357,96413700235169,96413700536627,299.27,301.458
0,29,96413705152323,96413705150369,96413705638789,486.466,488.42
0,30,96413710066659,96413710065569,96413710408831,342.172,343.262
0,31,96413714162578,96413714161569,96413715315427,1152.849,1153.858
0,32,96413719077974,96413719076769,96413719472247,394.273,395.478
0,33,96413723992670,96413723991969,96413724492096,499.426,500.127
0,34,96413728088888,96413728087969,96413729223466,1134.578,1135.497
0,35,96413733008184,96413733003169,96413733261943,253.759,258.774
0,36,96413737919631,96413737918369,96413738217371,297.74,299.002
0,37,96413742015369,96413742014369,96413743262001,1246.632,1247.632
0,38,96413746930545,96413746929569,96413747206734,276.189,277.165
0,39,96413751845951,96413751844769,96413752135511,289.56,290.742
0,40,96413755941710,96413755940769,96413757122309,1180.599,1181.54
0,41,96413760856946,96413760855969,96413761120234,263.288,264.265
0,42,96413767347715,96413765771169,96413769466407,2118.692,3695.238
0,43,96413771127232,96413770686369,96413772313073,1185.841,1626.704
0,44,96413774783377,96413774782369,96413776046879,1263.502,1264.51
0,45,96413779698673,96413779697569,96413780376145,677.472,678.576
0,46,96413784613738,96413784612769,96413785025652,411.914,412.883
0,47,96413788709536,96413788708769,96413789973610,1264.074,1264.841
0,48,96413793624682,96413793623969,96413793934854,310.172,310.885
0,49,96413798539839,96413798539169,96413799016855,477.016,477.686
0,50,96413802635837,96413802635169,96413803974893,1339.056,1339.724
0,51,96413807551373,96413807550369,96413807855074,303.701,304.705
0,52,96413812466459,96413812465569,96413812797011,330.552,331.442
0,53,96413816562238,96413816561569,96413817852712,1290.474,1291.143
0,54,96413821477674,96413821476769,96413821790925,313.251,314.156
0,55,96413826392800,96413826391969,96413826827165,434.365,435.196
0,56,96413831308366,96413831307168,96413831717581,409.215,410.413
0,57,96413835403975,96413835403169,96413836695859,1291.884,1292.69
0,58,96413840319251,96413840318369,96413840615261,296.01,296.892
0,59,96413845234427,96413845233569,96413845720624,486.197,487.055
0,60,96413849330445,96413849329569,96413850428263,1097.818,1098.694
0,61,96413854245471,96413854244769,96413854533192,287.721,288.423
0,62,96413859160858,96413859159969,96413859618023,457.165,458.054
0,63,96413863256786,96413863255969,96413864513399,1256.613,1257.43
0,64,96413868172022,96413868171169,96413868493893,321.871,322.724
0,65,96413873087488,96413873086369,96413873421349,333.861,334.98
0,66,96413877183227,96413877182369,96413878407288,1224.061,1224.919
0,67,96413882098423,96413882097569,96413883848912,1750.489,1751.343
0,68,96413887013649,96413887012769,96413887550747,537.098,537.978
0,69,96413891928645,96413891927969,96413892308838,380.193,380.869
0,70,96413896024983,96413896023969,96413897077479,1052.496,1053.51
0,71,96413900940200,96413900939169,96413901247420,307.22,308.251
0,72,96413905855076,96413905854369,96413906210798,355.722,356.429
0,73,96413909951174,96413909950369,96413911096253,1145.079,1145.884
0,74,96413914866310,96413914865569,96413915113058,246.748,247.489
0,75,96413919782286,96413919780769,96413920079976,297.69,299.207
0,76,96413923877685,96413923876769,96413925006073,1128.388,1129.304
0,77,96413928792821,96413928791969,96413929043440,250.619,251.471
0,78,96413933708577,96413933707169,96413934020117,311.54,312.948
0,79,96413937803975,96413937803169,96413938910323,1106.348,1107.154
0,80,96413942719042,96413942718369,96413943007091,288.049,288.722
0,81,96413947634358,96413947633569,96413948015141,380.783,381.572
0,82,96413952549504,96413952548769,96413953000159,450.655,451.39
0,83,96413956645402,96413956644769,96413957691767,1046.365,1046.998
0,84,96413961560958,96413961559969,96413961797776,236.818,237.807
0,85,96413966476195,96413966475169,96413966802165,325.97,326.996
0,86,96413970572093,96413970571169,96413971601288,1029.195,1030.119
0,87,96413975487559,96413975486369,96413975739968,252.409,253.599
0,88,96413980402745,96413980401569,96413980745167,342.422,343.598
0,89,96413984498334,96413984497569,96413985591960,1093.626,1094.391
0,90,96413989414620,96413989412769,96413989696929,282.309,284.16
0,91,96413994328976,96413994327969,96413994743640,414.664,415.671
0,92,96413998424924,96413998423969,96413999641385,1216.461,1217.416
0,93,96414003340151,96414003339169,96414003585929,245.778,246.76
0,94,96414008255877,96414008254369,96414008574157,318.28,319.788
0,95,96414013170753,96414013169569,96414013504064,333.311,334.495
0,96,96414017267761,96414017265569,96414018389539,1121.778,1123.97
0,97,96414022182807,96414022180769,96414022402785,219.978,222.016
0,98,96414027097624,96414027095969,96414027446295,348.671,350.326
0,99,96414031193382,96414031191969,96414032387832,1194.45,1195.863
0,100,96414036108748,96414036107169,96414036378517,269.769,271.348
0,101,96414041023844,96414041022369,96414041376355,352.511,353.986
0,102,96414045120352,96414045118369,96414046312753,1192.401,1194.384
0,103,96414050035179,96414050033569,96414050296857,261.678,263.288
0,104,96414054950775,96414054948769,96414055353519,402.744,404.75
0,105,96414060028086,96414059044769,96414061187555,1159.469,2142.786
0,106,96414064019861,96414063959969,96414064271410,251.549,311.441
0,107,96414068876466,96414068875169,96414069254978,378.512,379.809
0,108,96414073792012,96414073790369,96414074088292,296.28,297.923
0,109,96414077887480,96414077886369,96414083812000,5924.52,5925.631
0,110,96414082803506,96414082801569,96414084040187,1236.681,1238.618
0,111,96414087718692,96414087716769,96414088044343,325.651,327.574
0,112,96414091814871,96414091812769,96414092979700,1164.829,1166.931
0,113,96414096729657,96414096727969,96414097197003,467.346,469.034
0,114,96414101644763,96414101643169,96414102226032,581.269,582.863
0,115,96414106153775,96414105739169,96414107340615,1186.84,1601.446
0,116,96414110656578,96414110654369,96414111534577,877.999,880.208
0,117,96414115571263,96414115569569,96414116041429,470.166,471.86
0,118,96414119666992,96414119665569,96414120862672,1195.68,1197.103
0,119,96414124582638,96414124580769,96414124819346,236.708,238.577
0,120,96414129497783,96414129495969,96414129913628,415.845,417.659
0,121,96414134445481,96414134411169,96414134722681,277.2,311.512
0,122,96414138508989,96414138507169,96414139614226,1105.237,1107.057
0,123,96414144072876,96414143422369,96414145360180,1287.304,1937.811
0,124,96414148339510,96414148337569,96414148702373,362.863,364.804
0,125,96414152435439,96414152433569,96414153552967,1117.528,1119.398
0,126,96414157350295,96414157348769,96414157608633,258.338,259.864
0,127,96414162266371,96414162263969,96414162568802,302.431,304.833
0,128,96414166362040,96414166359969,96414167528960,1166.92,1168.991
0,129,96414171276735,96414171275169,96414171642988,366.253,367.819
0,130,96414176192332,96414176190369,96414176498032,305.7,307.663
0,131,96414180288630,96414180286369,96414181549793,1261.163,1263.424
0,132,96414185203316,96414185201569,96414185453705,250.389,252.136
0,133,96414190118802,96414190116769,96414190373231,254.429,256.462
0,134,96414195033609,96414195031969,96414195344420,310.811,312.451
0,135,96414199130047,96414199127969,96414200234934,1104.887,1106.965
0,136,96414204045013,96414204043169,96414204287411,242.398,244.242
0,137,96414208959789,96414208958369,96414209299381,339.592,341.012
0,138,96414213056198,96414213054369,96414214137095,1080.897,1082.726
0,139,96414217971324,96414217969569,96414218218172,246.848,248.603
0,140,96414222886030,96414222884769,96414223509191,623.161,624.422
0,141,96414226982278,96414226980769,96414228196669,1214.391,1215.9
0,142,96414231897734,96414231895969,96414232157493,259.759,261.524
0,143,96414236812681,96414236811169,96414237278296,465.615,467.127
0,144,96414240908339,96414240907169,96414242078579,1170.24,1171.41
0,145,96414245823565,96414245822369,96414246099215,275.65,276.846
0,146,96414251021731,96414250737569,96414251879200,857.469,1141.631
0,147,96414255653727,96414255652769,96414256027050,373.323,374.281
0,148,96414259749726,96414259748769,96414260932175,1182.449,1183.406
0,149,96414264664892,96414264663969,96414264945002,280.11,281.033
0,150,96414269580248,96414269579169,96414269894529,314.281,315.36
0,151,96414273675836,96414273675169,96414274787314,1111.478,1112.145
0,152,96414278591053,96414278590369,96414278841071,250.018,250.702
0,153,96414283506209,96414283505569,96414283900812,394.603,395.243
0,154,96414287602457,96414287601569,96414288802988,1200.531,1201.419
0,155,96414292517643,96414292516769,96414292780682,263.039,263.913
0,156,96414297432750,96414297431969,96414297759411,326.661,327.442
0,157,96414301529028,96414301527969,96414302762200,1233.172,1234.231
0,158,96414306444024,96414306443169,96414306712793,268.769,269.624
0,159,96414311359170,96414311358369,96414311758783,399.613,400.414
0,160,96414316274366,96414316273569,96414316623938,349.572,350.369
0,161,96414320370415,96414320369569,96414321479142,1108.727,1109.573
0,162,96414325285811,96414325284769,96414325705185,419.374,420.416
0,163,96414330201407,96414330199969,96414330639202,437.795,439.233
0,164,96414334634356,96414334295969,96414335656491,1022.135,1360.522
0,165,96414339213101,96414339211169,96414339533212,320.111,322.043
0,166,96414344128358,96414344126369,96414344753519,625.161,627.15
0,167,96414348224286,96414348222369,96414349576471,1352.185,1354.102
0,168,96414353139662,96414353137569,96414353451602,311.94,314.033
0,169,96414358054918,96414358052769,96414358523944,469.026,471.175
0,170,96414362151037,96414362148769,96414363451661,1300.624,1302.892
0,171,96414367066043,96414367063969,96414367403514,337.471,339.545
0,172,96414371981329,96414371979169,96414372630821,649.492,651.652
0,173,96414376896505,96414376894369,96414377365541,469.036,471.172
0,174,96414380991924,96414380990369,96414382341859,1349.935,1351.49
0,175,96414385907700,96414385905569,96414386245021,337.321,339.452
0,176,96414390822886,96414390820769,96414391361224,538.338,540.455
0,177,96414394919064,96414394916769,96414396130185,1211.121,1213.416
0,178,96414399834040,96414399831969,96414400239904,405.864,407.935
0,179,96414404749247,96414404747169,96414405251264,502.017,504.095
0,180,96414408845195,96414408843169,96414410127548,1282.353,1284.379
0,181,96414413760421,96414413758369,96414414081802,321.381,323.433
0,182,96414418675637,96414418673569,96414419240686,565.049,567.117
0,183,96414422776395,96414422769569,96414423996097,1219.702,1226.528
0,184,96414427686422,96414427684769,96414428002232,315.81,317.463
0,185,96414432600798,96414432599969,96414432865576,264.778,265.607
0,186,96414437515863,96414437515169,96414437803503,287.64,288.334
0,187,96414441611872,96414441611169,96414442703949,1092.077,1092.78
0,188,96414446527228,96414446526369,96414447443369,916.141,917.0
0,189,96414451442374,96414451441569,96414451860458,418.084,418.889
0,190,96414455538493,96414455537569,96414456759584,1221.091,1222.015
0,191,96414460453598,96414460452769,96414460697407,243.809,244.638
0,192,96414465368685,96414465367969,96414465710686,342.001,342.717
0,193,96414469464823,96414469463969,96414470607572,1142.749,1143.603
0,194,96414474379949,96414474379169,96414474678880,298.931,299.711
0,195,96414479295135,96414479294369,96414479570685,275.55,276.316
0,196,96414483391164,96414483390369,96414484541323,1150.159,1150.954
0,197,96414488306150,96414488305569,96414488562758,256.608,257.189
0,198,96414493221376,96414493220769,96414493611759,390.383,390.99
0,199,96414498136622,96414498135969,96414498460934,324.312,324.965
0,200,96414502233070,96414502231969,96414503327918,1094.848,1095.949
0,201,96414507147877,96414507147169,96414507399966,252.089,252.797
0,202,96414512063293,96414512062369,96414512384803,321.51,322.434
0,203,96414516159221,96414516158369,96414517254829,1095.608,1096.46
0,204,96414521074287,96414521073569,96414521312716,238.429,239.147
0,205,96414525989513,96414525988769,96414526333645,344.132,344.876
0,206,96414530085532,96414530084769,96414531293113,1207.581,1208.344
0,207,96414535009159,96414534999969,96414535267157,257.998,267.188
0,208,96414539916164,96414539915169,96414540249115,332.951,333.946
0,209,96414544012072,96414544011169,96414545109300,1097.228,1098.131
0,210,96414548927089,96414548926369,96414549180038,252.949,253.669
0,211,96414553842225,96414553841569,96414554222088,379.863,380.519
0,212,96414558758301,96414558756769,96414560294603,1536.302,1537.834
0,213,96414562854099,96414562852769,96414563965477,1111.378,1112.708
0,214,96414567779296,96414567767969,96414568025254,245.958,257.285
0,215,96414572684372,96414572683169,96414572960300,275.928,277.131
0,216,96414576782830,96414576779169,96414577862246,1079.416,1083.077
0,217,96414581695116,96414581694369,96414581953575,258.459,259.206
0,218,96414586610522,96414586609569,96414587038597,428.075,429.028
0,219,96414590706531,96414590705569,96414591820578,1114.047,1115.009
0,220,96414597023094,96414595620769,96414598216895,1193.801,2596.126
0,221,96414600536943,96414600535969,96414600910685,373.742,374.716
0,222,96414604632991,96414604631969,96414605728778,1095.787,1096.809
0,223,96414609548227,96414609547169,96414609813087,264.86,265.918
0,224,96414614463114,96414614462369,96414614852197,389.083,389.828
0,225,96414619378380,96414619377569,96414619665899,287.519,288.33
0,226,96414623474218,96414623473569,96414624557104,1082.886,1083.535
0,227,96414628389744,96414628388769,96414628649493,259.749,260.724
0,228,96414633304941,96414633303969,96414633637502,332.561,333.533
0,229,96414637400629,96414637399969,96414638529247,1128.618,1129.278
0,230,96414642316345,96414642315169,96414642542142,225.797,226.973
0,231,96414647231171,96414647230369,96414647535192,304.021,304.823
0,232,96414651327020,96414651326369,96414652419186,1092.166,1092.817
0,233,96414656242366,96414656241569,96414656481983,239.617,240.414
0,234,96414661157702,96414661156769,96414661430851,273.149,274.082
0,235,96414665253650,96414665252769,96414666432850,1179.2,1180.081
0,236,96414670169036,96414670167969,96414670463286,294.25,295.317
0,237,96414675084353,96414675083169,96414675531487,447.134,448.318
0,238,96414680000009,96414679998369,96414680404572,404.563,406.203
0,239,96414684095667,96414684094369,96414685195034,1099.367,1100.665
0,240,96414689061575,96414689009569,96414689360125,298.55,350.556
0,241,96414693926099,96414693924769,96414694402125,476.026,477.356
0,242,96414698021678,96414698020769,96414699116294,1094.616,1095.525
0,243,96414702936944,96414702935969,96414703227223,290.279,291.254
0,244,96414707852080,96414707851169,96414708310805,458.725,459.636
0,245,96414711948138,96414711947169,96414713232551,1284.413,1285.382
0,246,96414716863285,96414716862369,96414717154554,291.269,292.185
0,247,96414721778421,96414721777569,96414722206685,428.264,429.116
0,248,96414725874379,96414725873569,96414727231064,1356.685,1357.495
0,249,96414730795705,96414730788769,96414731227979,432.274,439.21
0,250,96414735704871,96414735703969,96414736016442,311.571,312.473
0,251,96414740619887,96414740619169,96414741054132,434.245,434.963
0,252,96414744716246,96414744715169,96414745838033,1121.787,1122.864
0,253,96414749631392,96414749630369,96414749884090,252.698,253.721
0,254,96414754546267,96414754545569,96414754859208,312.941,313.639
0,255,96414758642397,96414758641569,96414759737603,1095.206,1096.034
0,256,96414763557703,96414763556769,96414763823441,265.738,266.672
0,257,96414768472658,96414768471969,96414768766208,293.55,294.239
0,258,96414772568717,96414772567969,96414773754887,1186.17,1186.918
0,259,96414777483993,96414777483169,96414777717170,233.177,234.001
0,260,96414782399189,96414782398369,96414782692069,292.88,293.7
0,261,96414786495398,96414786494369,96414787605985,1110.587,1111.616
0,262,96414791410833,96414791409569,96414791710084,299.251,300.515
0,263,96414796344230,96414796324769,96414796939860,595.63,615.091
0,264,96414801240826,96414801239969,96414801514655,273.829,274.686
0,265,96414805336694,96414805335969,96414806455692,1118.998,1119.723
0,266,96414810251920,96414810251169,96414810472698,220.778,221.529
0,267,96414815167356,96414815166369,96414815519768,352.412,353.399
0,268,96414819263285,96414819262369,96414820394004,1130.719,1131.635
0,269,96414824178351,96414824177569,96414824437119,258.768,259.55
0,270,96414829093527,96414829092769,96414829370937,277.41,278.168
0,271,96414833190015,96414833188769,96414834366455,1176.44,1177.686
0,272,96414838104791,96414838103969,96414838346960,242.169,242.991
0,273,96414843020158,96414843019169,96414843292517,272.359,273.348
0,274,96414847116096,96414847115169,96414848208263,1092.167,1093.094
0,275,96414852031102,96414852030369,96414852273051,241.949,242.682
0,276,96414856946378,96414856945569,96414857182876,236.498,237.307
0,277,96414861861434,96414861860769,96414862138504,277.07,277.735
0,278,96414865957793,96414865956769,96414867062260,1104.467,1105.491
0,279,96414870872669,96414870871969,96414871120287,247.618,248.318
0,280,96414875788025,96414875787169,96414876132607,344.582,345.438
0,281,96414879884223,96414879883169,96414881059013,1174.79,1175.844
0,282,96414884799180,96414884798369,96414885037118,237.938,238.749
0,283,96414889714336,96414889713569,96414890109739,395.403,396.17
0,284,96414893810354,96414893809569,96414894970684,1160.33,1161.115
0,285,96414900968266,96414898724769,96414902462157,1493.891,3737.388
0,286,96414903640946,96414903639969,96414904091382,450.436,451.413
0,287,96414907736695,96414907735969,96414908831971,1095.276,1096.002
0,288,96414912651921,96414912651169,96414912908360,256.439,257.191
0,289,96414917567027,96414917566369,96414917945600,378.573,379.231
0,290,96414922482303,96414922481569,96414922752212,269.909,270.643
0,291,96414926578222,96414926577569,96414927673958,1095.736,1096.389
0,292,96414931493578,96414931492769,96414931731735,238.157,238.966
0,293,96414936409014,96414936407969,96414936718124,309.11,310.155
0,294,96414940504892,96414940503969,96414941623090,1118.198,1119.121
0,295,96414945420089,96414945419169,96414945675897,255.808,256.728
0,296,96414950335545,96414950334369,96414950632964,297.419,298.595
0,297,96414954431203,96414954430369,96414955576841,1145.638,1146.472
0,298,96414959346469,96414959345569,96414959911648,565.179,566.079
0,299,96414964261695,96414964260769,96414964641528,379.833,380.759
0,300,96414968357894,96414968356769,96414969495082,1137.188,1138.313
0,301,96414973272770,96414973271969,96414973530759,257.989,258.79
0,302,96414978188006,96414978187169,96414978449305,261.299,262.136
0,303,96414983103062,96414983102369,96414983372711,269.649,270.342
0,304,96414987199231,96414987198369,96414988298808,1099.577,1100.439
0,305,96414992114377,96414992113569,96414992347785,233.408,234.216
0,306,96414997029673,96414997028769,96414997371965,342.292,343.196
0,307,96415001125551,96415001124769,96415002235678,1110.127,1110.909
0,308,96415006040797,96415006039969,96415006275245,234.448,235.276
0,309,96415010956184,96415010955169,96415011357766,401.582,402.597
0,310,96415015052092,96415015051169,96415016158839,1106.747,1107.67
0,311,96415019967228,96415019966369,96415020234517,267.289,268.148
0,312,96415024882354,96415024881569,96415025304438,422.084,422.869
0,313,96415028978763,96415028977569,96415030293547,1314.784,1315.978
0,314,96415033893659,96415033892769,96415034200239,306.58,307.47
0,315,96415038809285,96415038807969,96415039259909,450.624,451.94
0,316,96415043725041,96415043723169,96415044253639,528.598,530.47
0,317,96415047820369,96415047819169,96415049042510,1222.141,1223.341
0,318,96415052736436,96415052734369,96415053123228,386.792,388.859
0,319,96415057651132,96415057649569,96415058041574,390.442,392.005
0,320,96415061746680,96415061745569,96415062881068,1134.388,1135.499
0,321,96415066662206,96415066660769,96415066911964,249.758,251.195
0,322,96415071577772,96415071575969,96415071875712,297.94,299.743
0,323,96415075672701,96415075671969,96415076937323,1264.622,1265.354
0,324,96415080587927,96415080587169,96415080850315,262.388,263.146
0,325,96415085503162,96415085502369,96415085809963,306.801,307.594
0,326,96415089599161,96415089598369,96415090705049,1105.888,1106.68
0,327,96415094514298,96415094513569,96415094787527,273.229,273.958
0,328,96415099429393,96415099428769,96415099821236,391.843,392.467
0,329,96415104344949,96415104343969,96415104617799,272.85,273.83
0,330,96415108440797,96415108439969,96415109527544,1086.747,1087.575
0,331,96415113355874,96415113355169,96415113585932,230.058,230.763
0,332,96415118271220,96415118270369,96415118578460,307.24,308.091
0,333,96415122367288,96415122366369,96415123471146,1103.858,1104.777
0,334,96415127282534,96415127281569,96415127858304,575.77,576.735
0,335,96415132197890,96415132196769,96415132540622,342.732,343.853
0,336,96415136293869,96415136292769,96415137416697,1122.828,1123.928
0,337,96415141208845,96415141207969,96415141464124,255.279,256.155
0,338,96415146123861,96415146123169,96415146552376,428.515,429.207
0,339,96415150219779,96415150219169,96415151313967,1094.188,1094.798
0,340,96415155135456,96415155134369,96415155389144,253.688,254.775
0,341,96415160050332,96415160049569,96415160434285,383.953,384.716
0,342,96415164965528,96415164964769,96415165243288,277.76,278.519
0,343,96415169061596,96415169060769,96415170161834,1100.238,1101.065
0,344,96415173976812,96415173975969,96415174224932,248.12,248.963
0,345,96415178891869,96415178891169,96415179270762,378.893,379.593
0,346,96415182987847,96415182987169,96415184082345,1094.498,1095.176
0,347,96415187903103,96415187902369,96415188149031,245.928,246.662
0,348,96415192818349,96415192817569,96415193146481,328.132,328.912
0,349,96415196914418,96415196913569,96415198014875,1100.457,1101.306
0,350,96415201829494,96415201828769,96415202084003,254.509,255.234
0,351,96415206744770,96415206743969,96415207049020,304.25,305.051
0,352,96415210840668,96415210839969,96415211944566,1103.898,1104.597
0,353,96415215755944,96415215755169,96415216014463,258.519,259.294
0,354,96415220671111,96415220670369,96415221054863,383.752,384.494
0,355,96415225586337,96415225585569,96415225867496,281.159,281.927
0,356,96415229682375,96415229681569,96415230748931,1066.556,1067.362
0,357,96415234597581,96415234596769,96415234852310,254.729,255.541
0,358,96415239513217,96415239511969,96415239840439,327.222,328.47
0,359,96415243608796,96415243607969,96415244688112,1079.316,1080.143
0,360,96415248523842,96415248523169,96415248779141,255.299,255.972
0,361,96415253439058,96415253438369,96415253724658,285.6,286.289
0,362,96415257535077,96415257534369,96415258753437,1218.36,1219.068
0,363,96415262450413,96415262449569,96415262699681,249.268,250.112
0,364,96415267365499,96415267364769,96415267679270,313.771,314.501
0,365,96415271461407,96415271460769,96415272554914,1093.507,1094.145
0,366,96415276376723,96415276375969,96415276624322,247.599,248.353
0,367,96415281291870,96415281291169,96415281678632,386.762,387.463
0,368,96415287224640,96415286206369,96415288589916,1365.276,2383.547
0,369,96415290303504,96415290302369,96415291498044,1194.54,1195.675
0,370,96415295218580,96415295217569,96415295562862,344.282,345.293
0,371,96415300133756,96415300132769,96415300494168,360.412,361.399
0,372,96415304229575,96415304228769,96415305383464,1153.889,1154.695
0,373,96415309144991,96415309143969,96415309395589,250.598,251.62
0,374,96415314059857,96415314059169,96415314373247,313.39,314.078
0,375,96415318156055,96415318155169,96415319388617,1232.562,1233.448
0,376,96415323071092,96415323070369,96415323313150,242.058,242.781
0,377,96415327986298,96415327985569,96415328277217,290.919,291.648
0,378,96415332082316,96415332081569,96415333249905,1167.589,1168.336
0,379,96415336997472,96415336996769,96415337236370,238.898,239.601
0,380,96415341912708,96415341911969,96415342301791,389.083,389.822
0,381,96415348332035,96415346827169,96415349705251,1373.216,2878.082
0,382,96415351430910,96415350923169,96415353129208,1698.298,2206.039
0,383,96415355839299,96415355838369,96415356115618,276.319,277.249
0,384,96415360754645,96415360753569,96415361231612,476.967,478.043
0,385,96415364850394,96415364849569,96415365990202,1139.808,1140.633
0,386,96415369765860,96415369764769,96415370001718,235.858,236.949
0,387,96415374681246,96415374679969,96415375315977,634.731,636.008
0,388,96415378780954,96415378775969,96415379953494,1172.54,1177.525
0,389,96415383692220,96415383691169,96415383971199,278.979,280.03
0,390,96415388608317,96415388606369,96415388932257,323.94,325.888
0,391,96415392703075,96415392702369,96415393893455,1190.38,1191.086
0,392,96415397618481,96415397617569,96415397868789,250.308,251.22
0,393,96415402533637,96415402532769,96415402757835,224.198,225.066
0,394,96415407448693,96415407447969,96415407728892,280.199,280.923
0,395,96415411544702,96415411543969,96415412639999,1095.297,1096.03
0,396,96415416459987,96415416459169,96415416786448,326.461,327.279
0,397,96415421375023,96415421374369,96415421672894,297.871,298.525
0,398,96415425471213,96415425470369,96415426561018,1089.805,1090.649
0,399,96415430386348,96415430385569,96415430619396,233.048,233.827
0,400,96415435301454,96415435300769,96415435636546,335.092,335.777
0,401,96415439397442,96415439396769,96415440582683,1185.241,1185.914
0,402,96415444697852,96415444311969,96415445847631,1149.779,1535.662
0,403,96415449228035,96415449227169,96415449569186,341.151,342.017
0,404,96415453323803,96415453323169,96415454414870,1091.067,1091.701
0,405,96415458238999,96415458238369,96415458476348,237.349,237.979
0,406,96415464433359,96415463153569,96415465575458,1142.099,2421.889
0,407,96415468069821,96415468068769,96415468488245,418.424,419.476
0,408,96415472165500,96415472164769,96415473370571,1205.071,1205.802
0,409,96415477080586,96415477079969,96415477410667,330.081,330.698
0,410,96415481996042,96415481995169,96415482446238,450.196,451.069
0,411,96415486092050,96415486091169,96415487294291,1202.241,1203.122
0,412,96415491009446,96415491006369,96415491252185,242.739,245.816
0,413,96415495922993,96415495921569,96415496232683,309.69,311.114
0,414,96415500018261,96415500017569,96415501151790,1133.529,1134.221
0,415,96415504933557,96415504932769,96415505175326,241.769,242.557
0,416,96415509848693,96415509847969,96415510201186,352.493,353.217
0,417,96415513945152,96415513943969,96415515122772,1177.62,1178.803
0,418,96415518859918,96415518859169,96415519111037,251.119,251.868
0,419,96415523776874,96415523774369,96415524181858,404.984,407.489
0,420,96415528690250,96415528689569,96415528957860,267.61,268.291
0,421,96415532786379,96415532785569,96415533886156,1099.777,1100.587
0,422,96415537701525,96415537700769,96415537937683,236.158,236.914
0,423,96415542616701,96415542615969,96415542939202,322.501,323.233
0,424,96415546712699,96415546711969,96415547819696,1106.997,1107.727
0,425,96415551627856,96415551627169,96415551869734,241.878,242.565
0,426,96415558051203,96415556542369,96415559678238,1627.035,3135.869
0,427,96415560639300,96415560638369,96415561876832,1237.532,1238.463
0,428,96415565555406,96415565553569,96415565836426,281.02,282.857
0,429,96415570470092,96415570468769,96415570936318,466.226,467.549
0,430,96415574566061,96415574564769,96415575749431,1183.37,1184.662
0,431,96415579482387,96415579479969,96415579735256,252.869,255.287
0,432,96415584396093,96415584395168,96415584613781,217.688,218.613
0,433,96415589311209,96415589310369,96415589588448,277.239,278.079
0,434,96415593407128,96415593406369,96415594537296,1130.168,1130.927
0,435,96415598322284,96415598321569,96415598566772,244.488,245.203
0,436,96415603237630,96415603236768,96415603551360,313.73,314.592
0,437,96415607333408,96415607332769,96415608415655,1082.247,1082.886
0,438,96415612248674,96415612247969,96415612478022,229.348,230.053
0,439,96415617163961,96415617163169,96415617533113,369.152,369.944
0,440,96415621259869,96415621259168,96415622368656,1108.787,1109.488
0,441,96415626175235,96415626174369,96415626423973,248.738,249.604
0,442,96415631090331,96415631089569,96415631354350,264.019,264.781
0,443,96415635186400,96415635185569,96415636287857,1101.457,1102.288
0,444,96415640101516,96415640100768,96415640356055,254.539,255.287
0,445,96415645016652,96415645015969,96415645272391,255.739,256.422
0,446,96415649931888,96415649931169,96415650310151,378.263,378.982
0,447,96415654028096,96415654027169,96415655227127,1199.031,1199.958
0,448,96415658943213,96415658942368,96415659194171,250.958,251.803
0,449,96415663858319,96415663857569,96415664165219,306.9,307.65
0,450,96415667954257,96415667953569,96415669052244,1097.987,1098.675
0,451,96415672869553,96415672868769,96415673088891,219.338,220.122
0,452,96415677793649,96415677783968,96415678869876,1076.227,1085.908
0,453,96415681880928,96415681879969,96415683072988,1192.06,1193.019
0,454,96415686856916,96415686795169,96415687220548,363.632,425.379
0,455,96415691711320,96415691710369,96415692179706,468.386,469.337
0,456,96415695807478,96415695806368,96415697080282,1272.804,1273.914
0,457,96415700722875,96415700721569,96415701821111,1098.236,1099.542
0,458,96415707332338,96415705636769,96415708728835,1396.497,3092.066
0,459,96415711016092,96415710551969,96415711555350,539.258,1003.381
0,460,96415714648935,96415714647969,96415715751683,1102.748,1103.714
0,461,96415719564321,96415719563169,96415721983413,2419.092,2420.244
0,462,96415724479477,96415724478369,96415724792388,312.911,314.019
0,463,96415730030744,96415728574369,96415731901888,1871.144,3327.519
0,464,96415733490522,96415733489569,96415733730890,240.368,241.321
0,465,96415738405747,96415738404769,96415738804401,398.654,399.632
0,466,96415745026911,96415742500769,96415747662450,2635.539,5161.681
0,467,96415747416852,96415747415969,96415748082385,665.533,666.416
0,468,96415752332408,96415752331169,96415752638238,305.83,307.069
0,469,96415756428647,96415756427169,96415757561225,1132.578,1134.056
0,470,96415761343993,96415761342369,96415764659625,3315.632,3317.256
0,471,96415766258499,96415766257569,96415766617792,359.293,360.223
0,472,96415771174975,96415771172769,96415771531178,356.203,358.409
0,473,96415775269693,96415775268769,96415779762496,4492.803,4493.727
0,474,96415780184759,96415780183969,96415780809821,625.062,625.852
0,475,96415785100266,96415785099169,96415785413217,312.951,314.048
0,476,96415789196354,96415789195169,96415790325152,1128.798,1129.983
0,477,96415794111390,96415794110369,96415794567476,456.086,457.107
0,478,96415799028086,96415799025569,96415800290049,1261.963,1264.48
0,479,96415803122515,96415803121569,96415804318075,1195.56,1196.506
0,480,96415808037731,96415808036769,96415808289040,251.309,252.271
0,481,96415812952887,96415812951969,96415813337781,384.894,385.812
0,482,96415817048855,96415817047969,96415818467553,1418.698,1419.584
0,483,96415821964231,96415821963169,96415823060789,1096.558,1097.62
0,484,96415826879278,96415826878369,96415827106626,227.348,228.257
0,485,96415831794504,96415831793569,96415832128575,334.071,335.006
0,486,96415835890272,96415835889569,96415836983879,1093.607,1094.31
0,487,96415840805508,96415840804769,96415841057227,251.719,252.458
0,488,96415845720744,96415845719969,96415846058486,337.742,338.517
0,489,96415849816723,96415849815969,96415850925171,1108.448,1109.202
0,490,96415854732189,96415854731169,96415854978397,246.208,247.228
0,491,96415859647095,96415859646369,96415859946235,299.14,299.866
0,492,96415863743183,96415863742369,96415864834900,1091.717,1092.531
0,493,96415868658290,96415868657569,96415868907928,249.638,250.359
0,494,96415873573446,96415873572769,96415873856305,282.859,283.536
0,495,96415877669524,96415877668769,96415878813872,1144.348,1145.103
0,496,96415882584740,96415882583969,96415883681708,1096.968,1097.739
0,497,96415887499927,96415887499169,96415887750555,250.628,251.386
0,498,96415892415063,96415892414369,96415892680592,265.529,266.223
0,499,96415896511101,96415896510369,96415897596548,1085.447,1086.179
0,500,96415901426287,96415901425569,96415901666586,240.299,241.017
0,501,96415906341423,96415906340769,96415906671325,329.902,330.556
0,502,96415910437552,96415910436769,96415911538189,1100.637,1101.42
0,503,96415915352768,96415915351969,96415915596786,244.018,244.817
0,504,96415920267934,96415920267169,96415920607156,339.222,339.987
0,505,96415924364272,96415924363169,96415925459649,1095.377,1096.48
0,506,96415929279079,96415929278369,96415929507947,228.868,229.578
0,507,96415934194235,96415934193569,96415934534087,339.852,340.518
0,508,96415938290223,96415938289569,96415939381000,1090.777,1091.431
0,509,96415943205459,96415943204769,96415944303546,1098.087,1098.777
0,510,96415948120725,96415948119969,96415948338913,218.188,218.944
0,511,96415953035932,96415953035169,96415953313450,277.518,278.281
0,512,96415957131990,96415957131169,96415958253827,1121.837,1122.658
0,513,96415962047036,96415962046369,96415962277524,230.488,231.155
0,514,96415966962572,96415966961569,96415967277803,315.231,316.234
0,515,96415971058351,96415971057569,96415972169997,1111.646,1112.428
0,516,96415975973707,96415975972769,96415976307938,334.231,335.169
0,517,96415980888993,96415980887969,96415981238194,349.201,350.225
0,518,96415984984691,96415984983969,96415986083789,1099.098,1099.82
0,519,96415989899927,96415989899169,96415990141825,241.898,242.656
0,520,96415994815154,96415994814369,96415995096093,280.939,281.724
0,521,96415998911132,96415998910369,96416000043140,1132.008,1132.771
0,522,96416003826248,96416003825569,96416004930805,1104.557,1105.236
0,523,96416008741644,96416008740769,96416009122847,381.203,382.078
0,524,96416013656721,96416013655969,96416013938840,282.119,282.871
0,525,96416017752639,96416017751969,96416018855096,1102.457,1103.127
0,526,96416022668035,96416022667169,96416022907883,239.848,240.714
0,527,96416027583041,96416027582369,96416027901412,318.371,319.043
0,528,96416031679100,96416031678369,96416032839618,1160.518,1161.249
0,529,96416036594206,96416036593569,96416036829723,235.517,236.154
0,530,96416041509842,96416041508769,96416041802481,292.639,293.712
0,531,96416045605600,96416045604769,96416046800890,1195.29,1196.121
0,532,96416050520646,96416050519969,96416050764144,243.498,244.175
0,533,96416055435892,96416055435169,96416055705461,269.569,270.292
0,534,96416059531901,96416059531169,96416060632277,1100.376,1101.108
0,535,96416064447127,96416064446369,96416065537003,1089.876,1090.634
0,536,96416069362322,96416069361569,96416069747216,384.894,385.647
0,537,96416074277478,96416074276769,96416074605540,328.062,328.771
0,538,96416078373637,96416078372769,96416079470754,1097.117,1097.985
0,539,96416083288703,96416083287969,96416083538472,249.769,250.503
0,540,96416088203879,96416088203169,96416088494679,290.8,291.51
0,541,96416092299858,96416092299169,96416093399245,1099.387,1100.076
0,542,96416097215174,96416097214369,96416097456662,241.488,242.293
0,543,96416102130460,96416102129569,96416102418780,288.32,289.211
0,544,96416106226228,96416106225569,96416107381648,1155.42,1156.079
0,545,96416111141814,96416111140769,96416111350441,208.627,209.672
0,546,96416116056780,96416116055969,96416116323930,267.15,267.961
0,547,96416120152639,96416120151969,96416121250456,1097.817,1098.487
0,548,96416125067895,96416125067169,96416126164703,1096.808,1097.534
0,549,96416129983331,96416129982369,96416130252780,269.449,270.411
0,550,96416134898467,96416134897569,96416135240279,341.812,342.71
0,551,96416138994296,96416138993569,96416140089903,1095.607,1096.334
0,552,96416143909482,96416143908769,96416144155060,245.578,246.291
0,553,96416148824738,96416148823969,96416149154669,329.931,330.7
0,554,96416152920776,96416152919969,96416154032074,1111.298,1112.105
0,555,96416157836082,96416157835169,96416158082741,246.659,247.572
0,556,96416162751079,96416162750369,96416163026758,275.679,276.389
0,557,96416166847037,96416166846369,96416167939984,1092.947,1093.615
0,558,96416171762233,96416171761569,96416172012872,250.639,251.303
0,559,96416176677479,96416176676769,96416176972979,295.5,296.21
0,560,96416180773588,96416180772769,96416182049461,1275.873,1276.692
0,561,96416185688734,96416185687969,96416186801982,1113.248,1114.013
0,562,96416190603940,96416190603169,96416190861649,257.709,258.48
0,563,96416195519096,96416195518369,96416195847937,328.841,329.568
0,564,96416199615095,96416199614369,96416200721892,1106.797,1107.523
0,565,96416204530241,96416204529569,96416204762519,232.278,232.95
0,566,96416209445397,96416209444769,96416209746997,301.6,302.228
0,567,96416213542095,96416213540769,96416214622872,1080.777,1082.103
0,568,96416218456681,96416218455969,96416218698420,241.739,242.451
0,569,96416223371838,96416223371169,96416223782842,411.004,411.673
0,570,96416227467826,96416227467169,96416228575653,1107.827,1108.484
0,571,96416232383192,96416232382369,96416232598490,215.298,216.121
0,572,96416237298288,96416237297569,96416237581188,282.9,283.619
0,573,96416241394337,96416241393569,96416242566197,1171.86,1172.628
0,574,96416246309523,96416246308769,96416247398070,1088.547,1089.301
0,575,96416251225109,96416251223969,96416251592151,367.042,368.182
0,576,96416256139885,96416256139169,96416256429224,289.339,290.055
0,577,96416260235873,96416260235169,96416261330700,1094.827,1095.531
0,578,96416265151510,96416265150369,96416265590425,438.915,440.056
0,579,96416270066256,96416270065569,96416270371816,305.56,306.247
0,580,96416274162324,96416274161569,96416275241841,1079.517,1080.272
0,581,96416279078510,96416279076769,96416279324678,246.168,247.909
0,582,96416283992716,96416283991969,96416284289896,297.18,297.927
0,583,96416288088915,96416288087969,96416289181072,1092.157,1093.103
0,584,96416293011521,96416293003169,96416293260950,249.429,257.781
0,585,96416297919157,96416297918369,96416298189636,270.479,271.267
0,586,96416302015225,96416302014369,96416303192075,1176.85,1177.706
0,587,96416306930312,96416306929569,96416308019459,1089.147,1089.89
0,588,96416311845498,96416311844769,96416312109456,263.958,264.687
0,589,96416316760844,96416316759969,96416317041654,280.81,281.685
0,590,96416320856762,96416320855969,96416321950569,1093.807,1094.6
0,591,96416325779318,96416325771169,96416326106110,326.792,334.941
0,592,96416330687135,96416330686369,96416331004975,317.84,318.606
0,593,96416334783213,96416334782369,96416335891630,1108.417,1109.261
0,594,96416339698379,96416339697569,96416340037960,339.581,340.391
0,595,96416344613495,96416344612769,96416344908405,294.91,295.636
0,596,96416348709554,96416348708769,96416349908314,1198.76,1199.545
0,597,96416353624790,96416353623969,96416353884158,259.368,260.189
0,598,96416358539976,96416358539169,96416358825605,285.629,286.436
0,599,96416362635834,96416362635169,96416363802794,1166.96,1167.625
0,600,96416367551171,96416367550369,96416368628416,1077.245,1078.047
0,601,96416372466237,96416372465569,96416372688144,221.907,222.575
0,602,96416377381422,96416377380769,96416377655862,274.44,275.093
0,603,96416381477431,96416381476769,96416382571448,1094.017,1094.679
0,604,96416386392836,96416386391969,96416386642285,249.449,250.316
0,605,96416391308263,96416391307169,96416391611593,303.33,304.424
0,606,96416395403932,96416395403169,96416396504638,1100.706,1101.469
0,607,96416400319317,96416400318369,96416400567336,248.019,248.967
0,608,96416405234273,96416405233569,96416405522663,288.39,289.094
0,609,96416409330273,96416409329569,96416410546343,1216.07,1216.774
0,610,96416414245458,96416414244769,96416414483416,237.958,238.647
0,611,96416419160724,96416419159969,96416419427043,266.319,267.074
0,612,96416423256683,96416423255969,96416424353670,1096.987,1097.701
0,613,96416428171928,96416428171169,96416429249235,1077.307,1078.066
0,614,96416433087135,96416433086369,96416433473578,386.443,387.209
0,615,96416438010421,96416438001569,96416438331172,320.751,329.603
0,616,96416442098429,96416442097569,96416443171896,1073.467,1074.327
0,617,96416447013515,96416447012769,96416447248303,234.788,235.534
0,618,96416451928961,96416451927969,96416452263333,334.372,335.364
0,619,96416456024810,96416456023969,96416457119018,1094.208,1095.049
0,620,96416460939846,96416460939169,96416461185474,245.628,246.305
0,621,96416465855152,96416465854369,96416466147992,292.84,293.623
0,622,96416469951360,96416469950369,96416471049548,1098.188,1099.179
0,623,96416474866337,96416474865569,96416475091385,225.048,225.816
0,624,96416479781523,96416479780769,96416480184247,402.724,403.478
0,625,96416483877481,96416483876769,96416484984239,1106.758,1107.47
0,626,96416488792687,96416488791969,96416489898315,1105.628,1106.346
0,627,96416493707954,96416493707169,96416494095587,387.633,388.418
0,628,96416498623040,96416498622369,96416498978652,355.612,356.283
0,629,96416502719118,96416502718369,96416503817906,1098.788,1099.537
0,630,96416507634364,96416507633569,96416507980146,345.782,346.577
0,631,96416512549480,96416512548769,96416512868811,319.331,320.042
0,632,96416516645489,96416516644769,96416517886910,1241.421,1242.141
0,633,96416521561095,96416521559969,96416521810453,249.358,250.484
0,634,96416526475831,96416526475169,96416526758301,282.47,283.132
0,635,96416530571909,96416530571169,96416531801762,1229.853,1230.593
0,636,96416535487096,96416535486369,96416535723773,236.677,237.404
0,637,96416540402402,96416540401569,96416540673521,271.119,271.952
0,638,96416544498400,96416544497569,96416545615358,1116.958,1117.789
0,639,96416549413426,96416549412769,96416550510293,1096.867,1097.524
0,640,96416554328742,96416554327969,96416554569531,240.789,241.562
0,641,96416559243889,96416559243169,96416559560559,316.67,317.39
0,642,96416563340077,96416563339169,96416564414184,1074.107,1075.015
0,643,96416568255053,96416568254369,96416568495442,240.389,241.073
0,644,96416573170439,96416573169569,96416573485940,315.501,316.371
0,645,96416577266298,96416577265569,96416578359014,1092.716,1093.445
0,646,96416582181474,96416582180769,96416582430492,249.018,249.723
0,647,96416587097540,96416587095969,96416587377690,280.15,281.721
0,648,96416591192928,96416591191969,96416592286455,1093.527,1094.486
0,649,96416596108194,96416596107169,96416596362533,254.339,255.364
0,650,96416601023131,96416601022369,96416601358562,335.431,336.193
0,651,96416605119019,96416605118369,96416606208606,1089.587,1090.237
0,652,96416610034335,96416610033569,96416611133743,1099.408,1100.174
0,653,96416614949491,96416614948769,96416615181979,232.488,233.21
0,654,96416619865017,96416619863969,96416620142006,276.989,278.037
0,655,96416623961356,96416623959969,96416625048293,1086.937,1088.324
0,656,96416628876272,96416628875169,96416629117109,240.837,241.94
0,657,96416633791288,96416633790369,96416634096379,305.091,306.01
0,658,96416637887196,96416637886369,96416638975313,1088.117,1088.944
0,659,96416642802323,96416642801569,96416643236657,434.334,435.088
0,660,96416647717359,96416647716769,96416648024529,307.17,307.76
0,661,96416651813437,96416651812769,96416652920484,1107.047,1107.715
0,662,96416656729063,96416656727969,96416656982751,253.688,254.782
0,663,96416661643990,96416661643169,96416661923498,279.508,280.329
0,664,96416665739888,96416665739169,96416666917558,1177.67,1178.389
0,665,96416670655114,96416670654369,96416671747921,1092.807,1093.552
0,666,96416675570450,96416675569569,96416675969483,399.033,399.914
0,667,96416680485616,96416680484769,96416680753825,268.209,269.056
0,668,96416684581635,96416684580769,96416685683542,1101.907,1102.773
0,669,96416689496671,96416689495969,96416689750699,254.028,254.73
0,670,96416694411957,96416694411169,96416694706126,294.169,294.957
0,671,96416698507975,96416698507169,96416699647704,1139.729,1140.535
0,672,96416703423022,96416703422369,96416703673520,250.498,251.151
0,673,96416708338227,96416708337569,96416708625887,287.66,288.318
0,674,96416712434296,96416712433569,96416713563674,1129.378,1130.105
0,675,96416717349441,96416717348769,96416717581819,232.378,233.05
0,676,96416722264677,96416722263969,96416722563958,299.281,299.989
0,677,96416726361097,96416726359969,96416727463904,1102.807,1103.935
0,678,96416731275973,96416731275169,96416732381940,1105.967,1106.771
0,679,96416736191178,96416736190369,96416736442657,251.479,252.288
0,680,96416741106274,96416741105569,96416741416835,310.561,311.266
0,681,96416745202353,96416745201569,96416746289210,1086.857,1087.641
0,682,96416750117679,96416750116769,96416750363067,245.388,246.298
0,683,96416755032795,96416755031969,96416755327765,294.97,295.796
0,684,96416759128653,96416759127969,96416760337315,1208.662,1209.346
0,685,96416764043869,96416764043169,96416764381751,337.882,338.582
0,686,96416768959136,96416768958369,96416769298087,338.951,339.718
0,687,96416773055354,96416773054369,96416774271756,1216.402,1217.387
0,688,96416777970330,96416777969569,96416778196848,226.518,227.279
0,689,96416782885716,96416782884769,96416783258749,373.033,373.98
0,690,96416786981565,96416786980769,96416788084922,1103.357,1104.153
0,691,96416791896681,96416791895969,96416792999748,1103.067,1103.779
0,692,96416796811907,96416796811169,96416797055625,243.718,244.456
0,693,96416801727023,96416801726369,96416802056384,329.361,330.015
0,694,96416805823301,96416805822369,96416806925339,1102.038,1102.97
0,695,96416810738478,96416810737569,96416810990907,252.429,253.338
0,696,96416815653514,96416815652769,96416815973555,320.041,320.786
0,697,96416819749442,96416819748769,96416820839889,1090.447,1091.12
0,698,96416824664688,96416824663969,96416824919967,255.279,255.998
0,699,96416829579925,96416829579169,96416829964587,384.662,385.418
0,700,96416833675933,96416833675169,96416834763640,1087.707,1088.471
0,701,96416838591229,96416838590369,96416838851418,260.189,261.049
0,702,96416843506285,96416843505569,96416843850097,343.812,344.528
0,703,96416847602164,96416847601569,96416848764353,1162.189,1162.784
0,704,96416852517520,96416852516769,96416853617897,1100.377,1101.128
0,705,96416857432806,96416857431969,96416857652293,219.487,220.324
0,706,96416862348152,96416862347169,96416862622771,274.619,275.602
0,707,96416866443900,96416866443169,96416867531987,1088.087,1088.818
0,708,96416871359167,96416871358369,96416871598064,238.897,239.695
0,709,96416876274303,96416876273569,96416876580503,306.2,306.934
0,710,96416880370231,96416880369569,96416881497899,1127.668,1128.33
0,711,96416885285617,96416885284769,96416885618598,332.981,333.829
0,712,96416890200673,96416890199969,96416890487393,286.72,287.424
0,713,96416894296832,96416894295969,96416895377898,1081.066,1081.929
0,714,96416899211908,96416899211169,96416899601411,389.503,390.242
0,715,96416904127234,96416904126369,96416904400923,273.689,274.554
0,716,96416909042270,96416909041569,96416909403602,361.332,362.033
0,717,96416913138259,96416913137569,96416914241956,1103.697,1104.387
0,718,96416918053445,96416918052769,96416918465018,411.573,412.249
0,719,96416922968721,96416922967969,96416923241410,272.689,273.441
0,720,96416927064749,96416927063969,96416928163857,1099.108,1099.888
0,721,96416931979915,96416931979169,96416932220803,240.888,241.634
0,722,96416936895272,96416936894369,96416937243233,347.961,348.864
0,723,96416940991140,96416940990369,96416942200211,1209.071,1209.842
0,724,96416945906356,96416945905569,96416946242007,335.651,336.438
0,725,96416950821432,96416950820769,96416951235076,413.644,414.307
0,726,96416954917421,96416954916769,96416956022938,1105.517,1106.169
0,727,96416959832817,96416959831969,96416960091915,259.098,259.946
0,728,96416964747863,96416964747169,96416965028893,281.03,281.724
0,729,96416969663449,96416969662369,96416969945569,282.12,283.2
0,730,96416973759118,96416973758369,96416974927267,1168.149,1168.898
0,731,96416978674324,96416978673569,96416979070777,396.453,397.208
0,732,96416983589510,96416983588769,96416983880649,291.139,291.88
0,733,96416987685478,96416987684769,96416988763755,1078.277,1078.986
0,734,96416992600714,96416992599969,96416992866543,265.829,266.574
0,735,96416997516171,96416997515169,96416997830980,314.809,315.811
0,736,96417001611949,96417001611169,96417002716106,1104.157,1104.937
0,737,96417006527115,96417006526369,96417006783493,256.378,257.124
0,738,96417011442291,96417011441569,96417011724621,282.33,283.052
0,739,96417015538700,96417015537569,96417016714399,1175.699,1176.83
0,740,96417020453636,96417020452769,96417020710714,257.078,257.945
0,741,96417025368752,96417025367969,96417025706463,337.711,338.494
0,742,96417030283867,96417030283169,96417030644730,360.863,361.561
0,743,96417034379896,96417034379169,96417035470263,1090.367,1091.094
0,744,96417039295042,96417039294369,96417039544951,249.909,250.582
0,745,96417044210228,96417044209569,96417044494638,284.41,285.069
0,746,96417048306337,96417048305569,96417049395443,1089.106,1089.874
0,747,96417053221492,96417053220769,96417053468351,246.859,247.582
0,748,96417058136748,96417058135969,96417058434779,298.031,298.81
0,749,96417062232788,96417062231969,96417063318494,1085.706,1086.525
0,750,96417067148273,96417067147169,96417067388241,239.968,241.072
0,751,96417072063089,96417072062369,96417072348909,285.82,286.54
0,752,96417076159298,96417076158369,96417077330107,1170.809,1171.738
0,753,96417081074464,96417081073569,96417081315352,240.888,241.783
0,754,96417085989760,96417085988769,96417086364543,374.783,375.774
0,755,96417090904706,96417090903969,96417091189546,284.84,285.577
0,756,96417095000684,96417094999969,96417096162384,1161.7,1162.415
0,757,96417099915950,96417099915169,96417100154129,238.179,238.96
0,758,96417104831107,96417104830369,96417105089765,258.658,259.396
0,759,96417108927035,96417108926369,96417110023923,1096.888,1097.554
0,760,96417113842341,96417113841569,96417114088139,245.798,246.57
0,761,96417118757427,96417118756769,96417119067979,310.552,311.21
0,762,96417122853456,96417122852769,96417124047697,1194.241,1194.928
0,763,96417127777332,96417127767969,96417128010830,233.498,242.861
0,764,96417132683838,96417132683169,96417132973648,289.81,290.479
0,765,96417136780146,96417136779169,96417137951266,1171.12,1172.097
0,766,96417141695183,96417141694369,96417141933801,238.618,239.432
0,767,96417146610309,96417146609569,96417146894828,284.519,285.259
0,768,96417151525845,96417151524769,96417151802165,276.32,277.396
0,769,96417155621653,96417155620769,96417156726360,1104.707,1105.591
0,770,96417160536709,96417160535969,96417160931033,394.324,395.064
0,771,96417165451846,96417165451169,96417165795627,343.781,344.458
0,772,96417169548074,96417169547169,96417170653811,1105.737,1106.642
0,773,96417174463110,96417174462369,96417174719169,256.059,256.8
0,774,96417179378726,96417179377569,96417179677516,298.79,299.947
0,775,96417183474175,96417183473569,96417184586592,1112.417,1113.023
0,776,96417188389531,96417188388769,96417188638459,248.928,249.69
0,777,96417193304677,96417193303969,96417193598457,293.78,294.488
0,778,96417197400645,96417197399969,96417198561405,1160.76,1161.436
0,779,96417202316351,96417202315169,96417202555760,239.409,240.591
0,780,96417207231148,96417207230369,96417207502787,271.639,272.418
0,781,96417212146504,96417212145569,96417212507626,361.122,362.057
0,782,96417216242382,96417216241569,96417217394261,1151.879,1152.692
0,783,96417221157588,96417221156769,96417221388206,230.618,231.437
0,784,96417226072684,96417226071969,96417226349403,276.719,277.434
0,785,96417230168663,96417230167969,96417231260510,1091.847,1092.541
0,786,96417235084189,96417235083169,96417235328147,243.958,244.978
0,787,96417239999085,96417239998369,96417240218973,219.888,220.604
0,788,96417244095193,96417244094369,96417245295754,1200.561,1201.385
0,789,96417249010480,96417249009569,96417249261798,251.318,252.229
0,790,96417253925476,96417253924769,96417254204345,278.869,279.576
0,791,96417258021814,96417258020769,96417259106110,1084.296,1085.341
0,792,96417262936760,96417262935969,96417263181209,244.449,245.24
0,793,96417267851787,96417267851169,96417268237989,386.202,386.82
0,794,96417272767353,96417272766369,96417273052022,284.669,285.653
0,795,96417276863201,96417276862369,96417277976899,1113.698,1114.53
0,796,96417281780287,96417281777569,96417282025485,245.198,247.916
0,797,96417286693513,96417286692769,96417286975763,282.25,282.994
0,798,96417290789632,96417290788769,96417291892249,1102.617,1103.48
0,799,96417295704738,96417295703969,96417295962817,258.079,258.848
0,800,96417300619964,96417300619169,96417300934854,314.89,315.685
0,801,96417304715872,96417304715169,96417305938284,1222.412,1223.115
0,802,96417309631109,96417309630369,96417309875177,244.068,244.808
0,803,96417314546385,96417314545569,96417314834504,288.119,288.935
0,804,96417318642353,96417318641569,96417319738050,1095.697,1096.481
0,805,96417323557439,96417323556769,96417323810587,253.148,253.818
0,806,96417328472685,96417328471969,96417328896839,424.154,424.87
0,807,96417333387952,96417333387169,96417333671111,283.159,283.942
0,808,96417337483920,96417337483169,96417338574997,1091.077,1091.828
0,809,96417342399136,96417342398369,96417342641913,242.777,243.544
0,810,96417347314261,96417347313569,96417347633263,319.002,319.694
0,811,96417351410381,96417351409569,96417352540399,1130.018,1130.83
0,812,96417356325577,96417356324769,96417356562994,237.417,238.225
0,813,96417361240723,96417361239969,96417361581284,340.561,341.315
0,814,96417365336661,96417365335969,96417366515101,1178.44,1179.132
0,815,96417370251957,96417370251169,96417370490855,238.898,239.686
0,816,96417375167123,96417375166369,96417375459033,291.91,292.664
0,817,96417379263122,96417379262369,96417380472792,1209.67,1210.423
0,818,96417384178458,96417384177569,96417384421326,242.868,243.757
0,819,96417389094063,96417389092769,96417389350422,256.359,257.653
0,820,96417394010420,96417394007969,96417394297920,287.5,289.951
0,821,96417398104768,96417398103969,96417399195866,1091.098,1091.897
0,822,96417403019994,96417403019169,96417403410037,390.043,390.868
0,823,96417407935450,96417407934369,96417408335174,399.724,400.805
0,824,96417412031299,96417412030369,96417413101015,1069.716,1070.646
0,825,96417416946275,96417416945569,96417417191533,245.258,245.964
0,826,96417421861561,96417421860769,96417422158332,296.771,297.563
0,827,96417425957879,96417425956769,96417427081137,1123.258,1124.368
0,828,96417430872745,96417430871969,96417431126914,254.169,254.945
0,829,96417435787922,96417435787169,96417436078502,290.58,291.333
0,830,96417439884200,96417439883169,96417441155143,1270.943,1271.974
0,831,96417444799216,96417444798369,96417445076466,277.25,278.097
0,832,96417449714422,96417449713569,96417450062345,347.923,348.776
0,833,96417454629718,96417454628769,96417454918259,288.541,289.49
0,834,96417458725457,96417458724769,96417459821814,1096.357,1097.045
0,835,96417463640673,96417463639969,96417463883451,242.778,243.482
0,836,96417468555929,96417468555169,96417468916542,360.613,361.373
0,837,96417472651937,96417472651169,96417473731724,1079.787,1080.555
0,838,96417477567394,96417477566369,96417477825882,258.488,259.513
0,839,96417482482340,96417482481569,96417482827301,344.961,345.732
0,840,96417486578278,96417486577569,96417487682615,1104.337,1105.046
0,841,96417491493484,96417491492769,96417491753403,259.919,260.634
0,842,96417496408940,96417496407969,96417496698401,289.461,290.432
0,843,96417500504639,96417500503969,96417501653448,1148.809,1149.479
0,844,96417505421255,96417505419169,96417505685934,264.679,266.765
0,845,96417510335511,96417510334369,96417510604650,269.139,270.281
0,846,96417515250377,96417515249569,96417515520516,270.139,270.947
0,847,96417519346346,96417519345569,96417520429662,1083.316,1084.093
0,848,96417524261512,96417524260769,96417524670985,409.473,410.216
0,849,96417529176728,96417529175969,96417529580912,404.184,404.943
0,850,96417533272756,96417533271969,96417534417245,1144.489,1145.276
0,851,96417538188062,96417538187169,96417538433591,245.529,246.422
0,852,96417543103129,96417543102369,96417543396289,293.16,293.92
0,853,96417547199147,96417547198369,96417548421529,1222.382,1223.16
0,854,96417552114333,96417552113569,96417552430874,316.541,317.305
0,855,96417557029499,96417557028769,96417557312699,283.2,283.93
0,856,96417561125918,96417561124769,96417562333809,1207.891,1209.04
1,0,96413569983795,96413569982369,96413570402509,418.714,420.14
1,1,96413574079573,96413574078369,96413575342486,1262.913,1264.117
1,2,96413578994619,96413578993569,96413579403784,409.165,410.215
1,3,96413583909965,96413583908769,96413584424263,514.298,515.494
1,4,96413588825432,96413588823969,96413589217305,391.873,393.336
1,5,96413592921160,96413592919969,96413594158972,1237.812,1239.003
1,6,96413597837116,96413597835169,96413598260821,423.705,425.652
1,7,96413602751662,96413602750369,96413603394104,642.442,643.735
1,8,96413606847501,96413606846369,96413608011690,1164.189,1165.321
1,9,96413611764057,96413611761569,96413612201752,437.695,440.183
1,10,96413616677943,96413616676769,96413617124638,446.695,447.869
1,11,96413620775701,96413620772769,96413622057115,1281.414,1284.346
1,12,96413625689177,96413625687969,96413626117202,428.025,429.233
1,13,96413630604124,96413630603169,96413631194883,590.759,591.714
1,14,96413634700602,96413634699169,96413636006697,1306.095,1307.528
1,15,96413639615788,96413639614369,96413639907848,292.06,293.479
1,16,96413644531334,96413644529569,96413644953628,422.294,424.059
1,17,96413649446060,96413649444769,96413649860625,414.565,415.856
1,18,96413653542369,96413653540769,96413654645876,1103.507,1105.107
1,19,96413658457335,96413658455969,96413658944172,486.837,488.203
1,20,96413663372431,96413663371169,96413664037223,664.792,666.054
1,21,96413667468839,96413667467169,96413668879557,1410.718,1412.388
1,22,96413672383726,96413672382369,96413672678916,295.19,296.547
1,23,96413677298752,96413677297569,96413677817919,519.167,520.35
1,24,96413681394690,96413681393569,96413682854369,1459.679,1460.8
1,25,96413686309966,96413686308769,96413686611336,301.37,302.567
1,26,96413691225772,96413691223969,96413691910856,685.084,686.887
1,27,96413695324651,96413695319969,96413696615294,1290.643,1295.325
1,28,96413700239087,96413700235169,96413700547217,308.13,312.048
1,29,96413705153963,96413705150369,96413705836206,682.243,685.837
1,30,96413710067799,96413710065569,96413710550715,482.916,485.146
1,31,96413714163288,96413714161569,96413715553934,1390.646,1392.365
1,32,96413719078424,96413719076769,96413719511358,432.934,434.589
1,33,96413723993040,96413723991969,96413724631372,638.332,639.403
1,34,96413728089258,96413728087969,96413729375042,1285.784,1287.073
1,35,96413733008784,96413733003169,96413733582004,573.22,578.835
1,36,96413737919981,96413737918369,96413738353145,433.164,434.776
1,37,96413742015859,96413742014369,96413743353434,1337.575,1339.065
1,38,96413746931365,96413746929569,96413747209484,278.119,279.915
1,39,96413751846601,96413751844769,96413752324398,477.797,479.629
1,40,96413755942250,96413755940769,96413757281575,1339.325,1340.806
1,41,96413760857386,96413760855969,96413761121564,264.178,265.595
1,42,96413767348625,96413765771169,96413770089598,2740.973,4318.429
1,43,96413771128032,96413770686369,96413772707506,1579.474,2021.137
1,44,96413774784647,96413774782369,96413776094771,1310.124,1312.402
1,45,96413779699903,96413779697569,96413780420036,720.133,722.467
1,46,96413784615689,96413784612769,96413785212328,596.639,599.559
1,47,96413788711247,96413788708769,96413790026591,1315.344,1317.822
1,48,96413793626983,96413793623969,96413794120360,493.377,496.391
1,49,96413798542040,96413798539169,96413799211992,669.952,672.823
1,50,96413802637738,96413802635169,96413804047846,1410.108,1412.677
1,51,96413807553044,96413807550369,96413808180235,627.191,629.866
1,52,96413812468570,96413812465569,96413813026999,558.429,561.43
1,53,96413816564219,96413816561569,96413818035888,1471.669,1474.319
1,54,96413821479555,96413821476769,96413821956220,476.665,479.451
1,55,96413826394450,96413826391969,96413827036402,641.952,644.433
1,56,96413831311026,96413831307168,96413831784022,472.996,476.854
1,57,96413835405855,96413835403169,96413836579864,1174.009,1176.695
1,58,96413840321321,96413840318369,96413840968183,646.862,649.814
1,59,96413845236227,96413845233569,96413845919140,682.913,685.571
1,60,96413849332435,96413849329569,96413850566897,1234.462,1237.328
1,61,96413854247131,96413854244769,96413854884133,637.002,639.364
1,62,96413859163227,96413859159969,96413859811439,648.212,651.47
1,63,96413863259066,96413863255969,96413864686925,1427.859,1430.956
1,64,96413868174512,96413868171169,96413868835974,661.462,664.805
1,65,96413873090108,96413873086369,96413873689258,599.15,602.889
1,66,96413877185656,96413877182369,96413878578104,1392.448,1395.735
1,67,96413882100253,96413882097569,96413884263316,2163.063,2165.747
1,68,96413887016029,96413887012769,96413887827877,811.848,815.108
1,69,96413891930475,96413891927969,96413892366150,435.675,438.181
1,70,96413896027773,96413896023969,96413897111790,1084.017,1087.821
1,71,96413900943069,96413900939169,96413901426416,483.347,487.247
1,72,96413905856786,96413905854369,96413906352003,495.217,497.634
1,73,96413909951474,96413909950369,96413911244258,1292.784,1293.889
1,74,96413914866700,96413914865569,96413915453520,586.82,587.951
1,75,96413919783146,96413919780769,96413920225881,442.735,445.112
1,76,96413923878345,96413923876769,96413925175709,1297.364,1298.94
1,77,96413928793401,96413928791969,96413929356080,562.679,564.111
1,78,96413933709197,96413933707169,96413934157763,448.566,450.594
1,79,96413937804475,96413937803169,96413939089359,1284.884,1286.19
1,80,96413942719712,96413942718369,96413943035153,315.441,316.784
1,81,96413947634768,96413947633569,96413948269879,635.111,636.31
1,82,96413952549804,96413952548769,96413952888125,338.321,339.356
1,83,96413956645652,96413956644769,96413957887904,1242.252,1243.135
1,84,96413961561578,96413961559969,96413962116277,554.699,556.308
1,85,96413966476955,96413966475169,96413966806746,329.791,331.577
1,86,96413970572923,96413970571169,96413971808345,1235.422,1237.176
1,87,96413975488169,96413975486369,96413975926204,438.035,439.835
1,88,96413980403535,96413980401569,96413980996525,592.99,594.956
1,89,96413984498844,96413984497569,96413985717924,1219.08,1220.355
1,90,96413989415460,96413989412769,96413989672548,257.088,259.779
1,91,96413994329686,96413994327969,96413994893765,564.079,565.796
1,92,96413998425634,96413998423969,96413999690767,1265.133,1266.798
1,93,96414003341080,96414003339169,96414003737194,396.114,398.025
1,94,96414008256477,96414008254369,96414008718273,461.796,463.904
1,95,96414013171503,96414013169569,96414013538055,366.552,368.486
1,96,96414017270131,96414017265569,96414018495942,1225.811,1230.373
1,97,96414022184407,96414022180769,96414022544649,360.242,363.88
1,98,96414027099453,96414027095969,96414027584329,484.876,488.36
1,99,96414031194902,96414031191969,96414032390602,1195.7,1198.633
1,100,96414036110288,96414036107169,96414036559843,449.555,452.674
1,101,96414041025774,96414041022369,96414041529801,504.027,507.432
1,102,96414045121592,96414045118369,96414046365894,1244.302,1247.525
1,103,96414050036589,96414050033569,96414050478074,441.485,444.505
1,104,96414054952325,96414054948769,96414055537495,585.17,588.726
1,105,96414060029506,96414059044769,96414061788765,1759.259,2743.996
1,106,96414064020802,96414063959969,96414064428445,407.643,468.476
1,107,96414068878065,96414068875169,96414069504187,626.122,629.018
1,108,96414073793212,96414073790369,96414074209196,415.984,418.827
1,109,96414077888660,96414077886369,96414084299357,6410.697,6412.988
1,110,96414082805156,96414082801569,96414084539744,1734.588,1738.175
1,111,96414087720062,96414087716769,96414088215199,495.137,498.43
1,112,96414091817961,96414091812769,96414093136846,1318.885,1324.077
1,113,96414096731027,96414096727969,96414097203102,472.075,475.133
1,114,96414101645963,96414101643169,96414102421019,775.056,777.85
1,115,96414106155545,96414105739169,96414107363046,1207.501,1623.877
1,116,96414110658047,96414110654369,96414112089756,1431.709,1435.387
1,117,96414115572824,96414115569569,96414116230375,657.551,660.806
1,118,96414119668832,96414119665569,96414120875432,1206.6,1209.863
1,119,96414124584168,96414124580769,96414124969901,385.733,389.132
1,120,96414129499344,96414129495969,96414130214858,715.514,718.889
1,121,96414134447021,96414134411169,96414134733931,286.91,322.762
1,122,96414138510419,96414138507169,96414139618136,1107.717,1110.967
1,123,96414144074427,96414143422369,96414145751483,1677.056,2329.114
1,124,96414148341060,96414148337569,96414148707193,366.133,369.624
1,125,96414152436770,96414152433569,96414153709122,1272.352,1275.553
1,126,96414157352026,96414157348769,96414157612994,260.968,264.225
1,127,96414162267851,96414162263969,96414162573721,305.87,309.752
1,128,96414166363450,96414166359969,96414167545380,1181.93,1185.411
1,129,96414171278245,96414171275169,96414171645168,366.923,369.999
1,130,96414176193932,96414176190369,96414176505273,311.341,314.904
1,131,96414180290201,96414180286369,96414181567444,1277.243,1281.075
1,132,96414185205297,96414185201569,96414185461465,256.168,259.896
1,133,96414190120512,96414190116769,96414190382402,261.89,265.633
1,134,96414195035308,96414195031969,96414195500534,465.226,468.565
1,135,96414199131727,96414199127969,96414200240505,1108.778,1112.536
1,136,96414204046563,96414204043169,96414204470058,423.495,426.889
1,137,96414208961159,96414208958369,96414209432226,471.067,473.857
1,138,96414213057967,96414213054369,96414214301000,1243.033,1246.631
1,139,96414217972634,96414217969569,96414218584344,611.71,614.775
1,140,96414222887190,96414222884769,96414223670776,783.586,786.007
1,141,96414226983668,96414226980769,96414228235470,1251.802,1254.701
1,142,96414231899204,96414231895969,96414232161564,262.36,265.595
1,143,96414236813411,96414236811169,96414237477823,664.412,666.654
1,144,96414240909019,96414240907169,96414242087169,1178.15,1180.0
1,145,96414245824325,96414245822369,96414246112985,288.66,290.616
1,146,96414251022211,96414250737569,96414252246552,1224.341,1508.983
1,147,96414255654167,96414255652769,96414256034930,380.763,382.161
1,148,96414259750246,96414259748769,96414261186124,1435.878,1437.355
1,149,96414264665322,96414264663969,96414264949291,283.969,285.322
1,150,96414269580588,96414269579169,96414270018563,437.975,439.394
1,151,96414273676246,96414273675169,96414274912718,1236.472,1237.549
1,152,96414278591733,96414278590369,96414279166992,575.259,576.623
1,153,96414283506429,96414283505569,96414283946174,439.745,440.605
1,154,96414287602867,96414287601569,96414288869020,1266.153,1267.451
1,155,96414292518083,96414292516769,96414292790292,272.209,273.523
1,156,96414297433119,96414297431969,96414297918265,485.146,486.296
1,157,96414301529468,96414301527969,96414302863363,1333.895,1335.394
1,158,96414306444494,96414306443169,96414306718703,274.209,275.534
1,159,96414311359640,96414311358369,96414312023232,663.592,664.863
1,160,96414316274776,96414316273569,96414316660289,385.513,386.72
1,161,96414320371025,96414320369569,96414321594716,1223.691,1225.147
1,162,96414325286211,96414325284769,96414325747046,460.835,462.277
1,163,96414330201747,96414330199969,96414330829658,627.911,629.689
1,164,96414334634726,96414334295969,96414335841228,1206.502,1545.259
1,165,96414339213841,96414339211169,96414339711579,497.738,500.41
1,166,96414344128878,96414344126369,96414344940015,811.137,813.646
1,167,96414348224626,96414348222369,96414349637353,1412.727,1414.984
1,168,96414353140062,96414353137569,96414353798665,658.603,661.096
1,169,96414358055268,96414358052769,96414358720931,665.663,668.162
1,170,96414362151387,96414362148769,96414363505432,1354.045,1356.663
1,171,96414367066373,96414367063969,96414367414634,348.261,350.665
1,172,96414371981699,96414371979169,96414372672242,690.543,693.073
1,173,96414376896965,96414376894369,96414377417512,520.547,523.143
1,174,96414380992284,96414380990369,96414382430612,1438.328,1440.243
1,175,96414385908080,96414385905569,96414386411877,503.797,506.308
1,176,96414390823306,96414390820769,96414391501628,678.322,680.859
1,177,96414394919494,96414394916769,96414396165966,1246.472,1249.197
1,178,96414399834420,96414399831969,96414400282705,448.285,450.736
1,179,96414404749607,96414404747169,96414405400098,650.491,652.929
1,180,96414408845565,96414408843169,96414410225091,1379.526,1381.922
1,181,96414413760761,96414413758369,96414414272188,511.427,513.819
1,182,96414418675997,96414418673569,96414419370780,694.783,697.211
1,183,96414422776915,96414422769569,96414424043288,1266.373,1273.719
1,184,96414427686852,96414427684769,96414428033123,346.271,348.354
1,185,96414432601038,96414432599969,96414433047903,446.865,447.934
1,186,96414437516263,96414437515169,96414437935568,419.305,420.399
1,187,96414441612302,96414441611169,96414442817573,1205.271,1206.404
1,188,96414446527768,96414446526369,96414447657887,1130.119,1131.518
1,189,96414451442854,96414451441569,96414452032095,589.241,590.526
1,190,96414455539083,96414455537569,96414456761564,1222.481,1223.995
1,191,96414460454028,96414460452769,96414460702697,248.669,249.928
1,192,96414465369065,96414465367969,96414465892602,523.537,524.633
1,193,96414469465233,96414469463969,96414470617632,1152.399,1153.663
1,194,96414474380229,96414474379169,96414475003530,623.301,624.361
1,195,96414479295395,96414479294369,96414479704980,409.585,410.611
1,196,96414483391504,96414483390369,96414484542173,1150.669,1151.804
1,197,96414488306490,96414488305569,96414488566019,259.529,260.45
1,198,96414493221796,96414493220769,96414493865968,644.172,645.199
1,199,96414498136942,96414498135969,96414498470123,333.181,334.154
1,200,96414502233410,96414502231969,96414503438212,1204.802,1206.243
1,201,96414507148187,96414507147169,96414507706386,558.199,559.217
1,202,96414512063603,96414512062369,96414512392184,328.581,329.815
1,203,96414516159641,96414516158369,96414517283729,1124.088,1125.36
1,204,96414521074617,96414521073569,96414521624586,549.969,551.017
1,205,96414525989753,96414525988769,96414526571024,581.271,582.255
1,206,96414530085842,96414530084769,96414531379506,1293.664,1294.737
1,207,96414535009459,96414534999969,96414535580628,571.169,580.659
1,208,96414539916444,96414539915169,96414540505744,589.3,590.575
1,209,96414544012312,96414544011169,96414545114290,1101.978,1103.121
1,210,96414548927339,96414548926369,96414549183937,256.598,257.568
1,211,96414553842535,96414553841569,96414554222918,380.383,381.349
1,212,96414558759021,96414558756769,96414560685236,1926.215,1928.467
1,213,96414562854789,96414562852769,96414564085681,1230.892,1232.912
1,214,96414567780226,96414567767969,96414568343975,563.749,576.006
1,215,96414572685082,96414572683169,96414573143027,457.945,459.858
1,216,96414576783480,96414576779169,96414577985180,1201.7,1206.011
1,217,96414581695516,96414581694369,96414582267856,572.34,573.487
1,218,96414586611082,96414586609569,96414587210293,599.211,600.724
1,219,96414590707191,96414590705569,96414591826338,1119.147,1120.769
1,220,96414597023604,96414595620769,96414598599098,1575.494,2978.329
1,221,96414600537463,96414600535969,96414601092841,555.378,556.872
1,222,96414604633511,96414604631969,96414605867923,1234.412,1235.954
1,223,96414609548827,96414609547169,96414609964512,415.685,417.343
1,224,96414614463664,96414614462369,96414615098985,635.321,636.616
1,225,96414619378660,96414619377569,96414619670280,291.62,292.711
1,226,96414623474468,96414623473569,96414624671999,1197.531,1198.43
1,227,96414628389964,96414628388769,96414628828439,438.475,439.67
1,228,96414633305241,96414633303969,96414633815307,510.066,511.338
1,229,96414637400929,96414637399969,96414638681042,1280.113,1281.073
1,230,96414642316765,96414642315169,96414642687477,370.712,372.308
1,231,96414647231651,96414647230369,96414647538772,307.121,308.403
1,232,96414651327420,96414651326369,96414652551421,1224.001,1225.052
1,233,96414656242736,96414656241569,96414656672290,429.554,430.721
1,234,96414661158052,96414661156769,96414661620908,462.856,464.139
1,235,96414665254040,96414665252769,96414666440571,1186.531,1187.802
1,236,96414670169536,96414670167969,96414670677823,508.287,509.854
1,237,96414675085502,96414675083169,96414675683553,598.051,600.384
1,238,96414680021029,96414679998369,96414680459194,438.165,460.825
1,239,96414684098187,96414684094369,96414685408711,1310.524,1314.342
1,240,96414689063745,96414689009569,96414689636894,573.149,627.325
1,241,96414693928469,96414693924769,96414694585111,656.642,660.342
1,242,96414698023758,96414698020769,96414699247769,1224.011,1227.0
1,243,96414702939284,96414702935969,96414703563365,624.081,627.396
1,244,96414707854390,96414707851169,96414708496201,641.811,645.032
1,245,96414711950138,96414711947169,96414713406988,1456.85,1459.819
1,246,96414716865295,96414716862369,96414717499456,634.161,637.087
1,247,96414721780481,96414721777569,96414722420992,640.511,643.423
1,248,96414725876109,96414725873569,96414727284937,1408.828,1411.368
1,249,96414730797665,96414730788769,96414731434456,636.791,645.687
1,250,96414735706901,96414735703969,96414736188077,481.176,484.108
1,251,96414740621448,96414740619169,96414741141275,519.827,522.106
1,252,96414744717886,96414744715169,96414745842853,1124.967,1127.684
1,253,96414749633212,96414749630369,96414750208682,575.47,578.313
1,254,96414754546667,96414754545569,96414755002804,456.137,457.235
1,255,96414758642787,96414758641569,96414759878698,1235.911,1237.129
1,256,96414763557963,96414763556769,96414763991277,433.314,434.508
1,257,96414768472948,96414768471969,96414768911473,438.525,439.504
1,258,96414772569057,96414772567969,96414773792578,1223.521,1224.609
1,259,96414777484302,96414777483169,96414777915978,431.676,432.809
1,260,96414782399639,96414782398369,96414782695490,295.851,297.121
1,261,96414786495838,96414786494369,96414787742899,1247.061,1248.53
1,262,96414791411644,96414791409569,96414791717334,305.69,307.765
1,263,96414796344770,96414796324769,96414796973801,629.031,649.032
1,264,96414801241236,96414801239969,96414801656590,415.354,416.621
1,265,96414805337144,96414805335969,96414806625808,1288.664,1289.839
1,266,96414810252250,96414810251169,96414810666704,414.454,415.535
1,267,96414815167826,96414815166369,96414815699425,531.599,533.056
1,268,96414819263675,96414819262369,96414820546288,1282.613,1283.919
1,269,96414824178851,96414824177569,96414824619816,440.965,442.247
1,270,96414829093837,96414829092769,96414829504321,410.484,411.552
1,271,96414833190285,96414833188769,96414834371336,1181.051,1182.567
1,272,96414838105141,96414838103969,96414838494185,389.044,390.216
1,273,96414843020488,96414843019169,96414843428082,407.594,408.913
1,274,96414847116616,96414847115169,96414848340547,1223.931,1225.378
1,275,96414852031462,96414852030369,96414852418536,387.074,388.167
1,276,96414856946778,96414856945569,96414857326001,379.223,380.432
1,277,96414861861804,96414861860769,96414862277069,415.265,416.3
1,278,96414865958253,96414865956769,96414867066631,1108.378,1109.862
1,279,96414870873199,96414870871969,96414871296324,423.125,424.355
1,280,96414875788305,96414875787169,96414876287932,499.627,500.763
1,281,96414879884503,96414879883169,96414881112255,1227.752,1229.086
1,282,96414884799460,96414884798369,96414885365399,565.939,567.03
1,283,96414889714606,96414889713569,96414890118340,403.734,404.771
1,284,96414893810594,96414893809569,96414895019175,1208.581,1209.606
1,285,96414900968566,96414898724769,96414903145330,2176.764,4420.561
1,286,96414903641726,96414903639969,96414904374031,732.305,734.062
1,287,96414907737215,96414907735969,96414908958776,1221.561,1222.807
1,288,96414912652581,96414912651169,96414913061894,409.313,410.725
1,289,96414917567507,96414917566369,96414918231009,663.502,664.64
1,290,96414922482753,96414922481569,96414922893527,410.774,411.958
1,291,96414926578492,96414926577569,96414927676229,1097.737,1098.66
1,292,96414931493988,96414931492769,96414932077758,583.77,584.989
1,293,96414936409484,96414936407969,96414936914601,505.117,506.632
1,294,96414940505332,96414940503969,96414941744724,1239.392,1240.755
1,295,96414945420448,96414945419169,96414946025709,605.261,606.54
1,296,96414950335935,96414950334369,96414950783649,447.714,449.28
1,297,96414954431563,96414954430369,96414955730157,1298.594,1299.788
1,298,96414959347289,96414959345569,96414959944410,597.121,598.841
1,299,96414964262335,96414964260769,96414964823145,560.81,562.376
1,300,96414968358684,96414968356769,96414969682838,1324.154,1326.069
1,301,96414973273050,96414973271969,96414973532838,259.788,260.869
1,302,96414978188546,96414978187169,96414978592610,404.064,405.441
1,303,96414983103442,96414983102369,96414983504605,401.163,402.236
1,304,96414987199541,96414987198369,96414988304608,1105.067,1106.239
1,305,96414992114737,96414992113569,96414992669175,554.438,555.606
1,306,96414997030133,96414997028769,96414997533640,503.507,504.871
1,307,96415001126021,96415001124769,96415002361953,1235.932,1237.184
1,308,96415006041287,96415006039969,96415006593126,551.839,553.157
1,309,96415010956534,96415010955169,96415011517442,560.908,562.273
1,310,96415015052762,96415015051169,96415016288094,1235.332,1236.925
1,311,96415019967738,96415019966369,96415020238687,270.949,272.318
1,312,96415024882764,96415024881569,96415025309148,426.384,427.579
1,313,96415028979323,96415028977569,96415030339369,1360.046,1361.8
1,314,96415033894129,96415033892769,96415034229830,335.701,337.061
1,315,96415038809685,96415038807969,96415039264320,454.635,456.351
1,316,96415043725431,96415043723169,96415044131075,405.644,407.906
1,317,96415047820839,96415047819169,96415049084862,1264.023,1265.693
1,318,96415052736786,96415052734369,96415053163069,426.283,428.7
1,319,96415057651552,96415057649569,96415058219101,567.549,569.532
1,320,96415061746940,96415061745569,96415062892078,1145.138,1146.509
1,321,96415066662566,96415066660769,96415067237085,574.519,576.316
1,322,96415071578122,96415071575969,96415072010187,432.065,434.218
1,323,96415075673081,96415075671969,96415077023446,1350.365,1351.477
1,324,96415080588317,96415080587169,96415080856435,268.118,269.266
1,325,96415085503462,96415085502369,96415085817523,314.061,315.154
1,326,96415089599441,96415089598369,96415090721869,1122.428,1123.5
1,327,96415094514698,96415094513569,96415094792756,278.058,279.187
1,328,96415099429873,96415099428769,96415100069175,639.302,640.406
1,329,96415104345199,96415104343969,96415104750353,405.154,406.384
1,330,96415108441027,96415108439969,96415109647789,1206.762,1207.82
1,331,96415113356144,96415113355169,96415113924673,568.529,569.504
1,332,96415118271500,96415118270369,96415118706275,434.775,435.906
1,333,96415122367798,96415122366369,96415123483196,1115.398,1116.827
1,334,96415127283054,96415127281569,96415127861525,578.471,579.956
1,335,96415132198440,96415132196769,96415132708568,510.128,511.799
1,336,96415136294720,96415136292769,96415137419807,1125.087,1127.038
1,337,96415141209275,96415141207969,96415141467114,257.839,259.145
1,338,96415146124441,96415146123169,96415146737172,612.731,614.003
1,339,96415150220429,96415150219169,96415151319477,1099.048,1100.308
1,340,96415155135786,96415155134369,96415155536989,401.203,402.62
1,341,96415160050672,96415160049569,96415160666383,615.711,616.814
1,342,96415164965968,96415164964769,96415165374112,408.144,409.343
1,343,96415169061946,96415169060769,96415170166603,1104.657,1105.834
1,344,96415173977082,96415173975969,96415174395106,418.024,419.137
1,345,96415178892159,96415178891169,96415179280142,387.983,388.973
1,346,96415182988157,96415182987169,96415184240739,1252.582,1253.57
1,347,96415187903523,96415187902369,96415188478523,575.0,576.154
1,348,96415192818669,96415192817569,96415193377039,558.37,559.47
1,349,96415196914688,96415196913569,96415198139749,1225.061,1226.18
1,350,96415201829854,96415201828769,96415202177716,347.862,348.947
1,351,96415206745230,96415206743969,96415207062521,317.291,318.552
1,352,96415210841088,96415210839969,96415212066470,1225.382,1226.501
1,353,96415215756324,96415215755169,96415216158798,402.474,403.629
1,354,96415220671371,96415220670369,96415221302143,630.772,631.774
1,355,96415225586627,96415225585569,96415226002881,416.254,417.312
1,356,96415229682675,96415229681569,96415230879386,1196.711,1197.817
1,357,96415234598291,96415234596769,96415235035346,437.055,438.577
1,358,96415239513757,96415239511969,96415239845839,332.082,333.87
1,359,96415243609376,96415243607969,96415244822427,1213.051,1214.458
1,360,96415248524192,96415248523169,96415248983728,459.536,460.559
1,361,96415253439468,96415253438369,96415253737138,297.67,298.769
1,362,96415257535466,96415257534369,96415258801889,1266.423,1267.52
1,363,96415262450693,96415262449569,96415262697711,247.018,248.142
1,364,96415267365769,96415267364769,96415267686900,321.131,322.131
1,365,96415271461667,96415271460769,96415272689309,1227.642,1228.54
1,366,96415276376993,96415276375969,96415276781937,404.944,405.968
1,367,96415281292200,96415281291169,96415281933431,641.231,642.262
1,368,96415287225120,96415286206369,96415289201037,1975.917,2994.668
1,369,96415290304364,96415290302369,96415291568957,1264.593,1266.588
1,370,96415295219100,96415295217569,96415295596233,377.133,378.664
1,371,96415300134606,96415300132769,96415300501739,367.133,368.97
1,372,96415304229945,96415304228769,96415305542249,1312.304,1313.48
1,373,96415309145291,96415309143969,96415309580245,434.954,436.276
1,374,96415314060157,96415314059169,96415314378218,318.061,319.049
1,375,96415318156465,96415318155169,96415319428789,1272.324,1273.62
1,376,96415323071432,96415323070369,96415323395162,323.73,324.793
1,377,96415327986578,96415327985569,96415328280788,294.21,295.219
1,378,96415332082616,96415332081569,96415333271586,1188.97,1190.017
1,379,96415336997762,96415336996769,96415337388006,390.244,391.237
1,380,96415341913008,96415341911969,96415342537990,624.982,626.021
1,381,96415348332485,96415346827169,96415349956040,1623.555,3128.871
1,382,96415351432130,96415350923169,96415353519220,2087.09,2596.051
1,383,96415355840179,96415355838369,96415356442899,602.72,604.53
1,384,96415360754965,96415360753569,96415361274832,519.867,521.263
1,385,96415364850824,96415364849569,96415366111135,1260.311,1261.566
1,386,96415369766490,96415369764769,96415370207375,440.885,442.606
1,387,96415374681676,96415374679969,96415375353198,671.522,673.229
1,388,96415378781354,96415378775969,96415379999935,1218.581,1223.966
1,389,96415383692640,96415383691169,96415384128565,435.925,437.396
1,390,96415388608647,96415388606369,96415389074052,465.405,467.683
1,391,96415392703485,96415392702369,96415393897885,1194.4,1195.516
1,392,96415397618941,96415397617569,96415398016134,397.193,398.565
1,393,96415402534037,96415402532769,96415402907439,373.402,374.67
1,394,96415407449263,96415407447969,96415407885748,436.485,437.779
1,395,96415411544992,96415411543969,96415412645598,1100.606,1101.629
1,396,96415416460327,96415416459169,96415416792519,332.192,333.35
1,397,96415421375573,96415421374369,96415421809888,434.315,435.519
1,398,96415425471553,96415425470369,96415426679853,1208.3,1209.484
1,399,96415430386618,96415430385569,96415430962597,575.979,577.028
1,400,96415435301714,96415435300769,96415435807112,505.398,506.343
1,401,96415439397742,96415439396769,96415440632854,1235.112,1236.085
1,402,96415444698482,96415444311969,96415446335957,1637.475,2023.988
1,403,96415449228325,96415449227169,96415449736422,508.097,509.253
1,404,96415453324194,96415453323169,96415454541305,1217.111,1218.136
1,405,96415458239269,96415458238369,96415458487468,248.199,249.099
1,406,96415464433819,96415463153569,96415465843337,1409.518,2689.768
1,407,96415468070211,96415468068769,96415468525937,455.726,457.168
1,408,96415472165930,96415472164769,96415473408592,1242.662,1243.823
1,409,96415477081086,96415477079969,96415477413197,332.111,333.228
1,410,96415481996552,96415481995169,96415482486909,490.357,491.74
1,411,96415486092590,96415486091169,96415487355133,1262.543,1263.964
1,412,96415491009796,96415491006369,96415491434661,424.865,428.292
1,413,96415495923393,96415495921569,96415496370998,447.605,449.429
1,414,96415500018731,96415500017569,96415501197841,1179.11,1180.272
1,415,96415504933877,96415504932769,96415505188846,254.969,256.077
1,416,96415509848923,96415509847969,96415510370882,521.959,522.913
1,417,96415513945512,96415513943969,96415515132392,1186.88,1188.423
1,418,96415518860268,96415518859169,96415519113987,253.719,254.818
1,419,96415523777164,96415523774369,96415524421906,644.742,647.537
1,420,96415528690570,96415528689569,96415529136205,445.635,446.636
1,421,96415532786619,96415532785569,96415533999040,1212.421,1213.471
1,422,96415537701825,96415537700769,96415538275054,573.229,574.285
1,423,96415542617171,96415542615969,96415542943982,326.811,328.013
1,424,96415546713069,96415546711969,96415547940891,1227.822,1228.922
1,425,96415551628465,96415551627169,96415552209025,580.56,581.856
1,426,96415558052013,96415556542369,96415560109912,2057.899,3567.543
1,427,96415560640070,96415560638369,96415561922004,1281.934,1283.635
1,428,96415565556276,96415565553569,96415565990201,433.925,436.632
1,429,96415570470882,96415570468769,96415571120504,649.622,651.735
1,430,96415574567041,96415574564769,96415575756551,1189.51,1191.782
1,431,96415579482917,96415579479969,96415579896241,413.324,416.272
1,432,96415584397033,96415584395168,96415584812287,415.254,417.119
1,433,96415589311719,96415589310369,96415589721813,410.094,411.444
1,434,96415593407518,96415593406369,96415594690241,1282.723,1283.872
1,435,96415598322694,96415598321569,96415598898233,575.539,576.664
1,436,96415603237940,96415603236768,96415603554121,316.181,317.353
1,437,96415607333758,96415607332769,96415608573110,1239.352,1240.341
1,438,96415612248974,96415612247969,96415612817473,568.499,569.504
1,439,96415617164301,96415617163169,96415617544033,379.732,380.864
1,440,96415621260259,96415621259168,96415622494321,1234.062,1235.153
1,441,96415626175505,96415626174369,96415626563439,387.934,389.07
1,442,96415631090871,96415631089569,96415631490284,399.413,400.715
1,443,96415635186740,96415635185569,96415636421522,1234.782,1235.953
1,444,96415640101836,96415640100768,96415640387575,285.739,286.807
1,445,96415645016972,96415645015969,96415645422956,405.984,406.987
1,446,96415649932268,96415649931169,96415650317781,385.513,386.612
1,447,96415654028606,96415654027169,96415655294049,1265.443,1266.88
1,448,96415658943453,96415658942368,96415659513261,569.808,570.893
1,449,96415663858709,96415663857569,96415664292183,433.474,434.614
1,450,96415667954577,96415667953569,96415669173098,1218.521,1219.529
1,451,96415672869983,96415672868769,96415673302388,432.405,433.619
1,452,96415677794209,96415677783968,96415679492927,1698.718,1708.959
1,453,96415681881808,96415681879969,96415683104549,1222.741,1224.58
1,454,96415686857556,96415686795169,96415687264560,407.004,469.391
1,455,96415691712320,96415691710369,96415692189386,477.066,479.017
1,456,96415695808818,96415695806368,96415697118773,1309.955,1312.405
1,457,96415700723535,96415700721569,96415701935066,1211.531,1213.497
1,458,96415707333168,96415705636769,96415709306785,1973.617,3670.016
1,459,96415711016732,96415710551969,96415711589921,573.189,1037.952
1,460,96415714649685,96415714647969,96415715890137,1240.452,1242.168
1,461,96415719565211,96415719563169,96415722824702,3259.491,3261.533
1,462,96415724480038,96415724478369,96415724931582,451.544,453.213
1,463,96415730032494,96415728574369,96415732482357,2449.863,3907.988
1,464,96415733491072,96415733489569,96415734054000,562.928,564.431
1,465,96415738406368,96415738404769,96415738814272,407.904,409.503
1,466,96415745027942,96415742500769,96415748260361,3232.419,5759.592
1,467,96415747417593,96415747415969,96415748624603,1207.01,1208.634
1,468,96415752333289,96415752331169,96415752801055,467.766,469.886
1,469,96415756429887,96415756427169,96415757694160,1264.273,1266.991
1,470,96415761344833,96415761342369,96415765046289,3701.456,3703.92
1,471,96415766258999,96415766257569,96415766903421,644.422,645.852
1,472,96415771175696,96415771172769,96415771538707,363.011,365.938
1,473,96415775270253,96415775268769,96415780214151,4943.898,4945.382
1,474,96415780185559,96415780183969,96415780810691,625.132,626.722
1,475,96415785101236,96415785099169,96415785420196,318.96,321.027
1,476,96415789196924,96415789195169,96415790462567,1265.643,1267.398
1,477,96415794112140,96415794110369,96415794462242,350.102,351.873
1,478,96415799028896,96415799025569,96415800796337,1767.441,1770.768
1,479,96415803123105,96415803121569,96415804332096,1208.991,1210.527
1,480,96415808038291,96415808036769,96415808290790,252.499,254.021
1,481,96415812953547,96415812951969,96415813492875,539.328,540.906
1,482,96415817049295,96415817047969,96415818645680,1596.385,1597.711
1,483,96415821964811,96415821963169,96415823180413,1215.602,1217.244
1,484,96415826879798,96415826878369,96415827256181,376.383,377.812
1,485,96415831795274,96415831793569,96415832135706,340.432,342.137
1,486,96415835890782,96415835889569,96415837090573,1199.791,1201.004
1,487,96415840805948,96415840804769,96415841359997,554.049,555.228
1,488,96415845721024,96415845719969,96415846224301,503.277,504.332
1,489,96415849817013,96415849815969,96415851046704,1229.691,1230.735
1,490,96415854732569,96415854731169,96415855164063,431.494,432.894
1,491,96415859647335,96415859646369,96415860080999,433.664,434.63
1,492,96415863743493,96415863742369,96415864972475,1228.982,1230.106
1,493,96415868658560,96415868657569,96415869052103,393.543,394.534
1,494,96415873573756,96415873572769,96415874052102,478.346,479.333
1,495,96415877669804,96415877668769,96415878825443,1155.639,1156.674
1,496,96415882585070,96415882583969,96415883808492,1223.422,1224.523
1,497,96415887500237,96415887499169,96415887924821,424.584,425.652
1,498,96415892415543,96415892414369,96415892822566,407.023,408.197
1,499,96415896511451,96415896510369,96415897714552,1203.101,1204.183
1,500,96415901426577,96415901425569,96415901997707,571.13,572.138
1,501,96415906341853,96415906340769,96415906840641,498.788,499.872
1,502,96415910437862,96415910436769,96415911662603,1224.741,1225.834
1,503,96415915353058,96415915351969,96415915910646,557.588,558.677
1,504,96415920268214,96415920267169,96415920796982,528.768,529.813
1,505,96415924364562,96415924363169,96415925470800,1106.238,1107.631
1,506,96415929279349,96415929278369,96415929655022,375.673,376.653
1,507,96415934194535,96415934193569,96415934706632,512.097,513.063
1,508,96415938290453,96415938289569,96415939507734,1217.281,1218.165
1,509,96415943205779,96415943204769,96415944421590,1215.811,1216.821
1,510,96415948121065,96415948119969,96415948478827,357.762,358.858
1,511,96415953036262,96415953035169,96415953450466,414.204,415.297
1,512,96415957132270,96415957131169,96415958371102,1238.832,1239.933
1,513,96415962047396,96415962046369,96415962605444,558.048,559.075
1,514,96415966962972,96415966961569,96415967281603,318.631,320.034
1,515,96415971059001,96415971057569,96415972295682,1236.681,1238.113
1,516,96415975974017,96415975972769,96415976340209,366.192,367.44
1,517,96415980889243,96415980887969,96415981405950,516.707,517.981
1,518,96415984985191,96415984983969,96415986086549,1101.358,1102.58
1,519,96415989900237,96415989899169,96415990288720,388.483,389.551
1,520,96415994815414,96415994814369,96415995238827,423.413,424.458
1,521,96415998911472,96415998910369,96416000077101,1165.629,1166.732
1,522,96416003826708,96416003825569,96416005052530,1225.822,1226.961
1,523,96416008741904,96416008740769,96416009367655,625.751,626.886
1,524,96416013657070,96416013655969,96416014071514,414.444,415.545
1,525,96416017752959,96416017751969,96416018966750,1213.791,1214.781
1,526,96416022668295,96416022667169,96416023229783,561.488,562.614
1,527,96416027583421,96416027582369,96416027905792,322.371,323.423
1,528,96416031679339,96416031678369,96416032996884,1317.545,1318.515
1,529,96416036594556,96416036593569,96416037017829,423.273,424.26
1,530,96416041510172,96416041508769,96416041933766,423.594,424.997
1,531,96416045605970,96416045604769,96416046834851,1228.881,1230.082
1,532,96416050520986,96416050519969,96416050916459,395.473,396.49
1,533,96416055436142,96416055435169,96416055852996,416.854,417.827
1,534,96416059532151,96416059531169,96416060634518,1102.367,1103.349
1,535,96416064447417,96416064446369,96416065550523,1103.106,1104.154
1,536,96416069362662,96416069361569,96416070001075,638.413,639.506
1,537,96416074277768,96416074276769,96416074638671,360.903,361.902
1,538,96416078374128,96416078372769,96416079589279,1215.151,1216.51
1,539,96416083288963,96416083287969,96416083710568,421.605,422.599
1,540,96416088204129,96416088203169,96416088624814,420.685,421.645
1,541,96416092300268,96416092299169,96416093523779,1223.511,1224.61
1,542,96416097215454,96416097214369,96416097756323,540.869,541.954
1,543,96416102130950,96416102129569,96416102551285,420.335,421.716
1,544,96416106226608,96416106225569,96416107412608,1186.0,1187.039
1,545,96416111142224,96416111140769,96416111493816,351.592,353.047
1,546,96416116057260,96416116055969,96416116461854,404.594,405.885
1,547,96416120152959,96416120151969,96416121368121,1215.162,1216.152
1,548,96416125068185,96416125067169,96416126272116,1203.931,1204.947
1,549,96416129983611,96416129982369,96416130403956,420.345,421.587
1,550,96416134898747,96416134897569,96416135270781,372.034,373.212
1,551,96416138994566,96416138993569,96416140211287,1216.721,1217.718
1,552,96416143909792,96416143908769,96416144319336,409.544,410.567
1,553,96416148825048,96416148823969,96416149317574,492.526,493.605
1,554,96416152921066,96416152919969,96416154036384,1115.318,1116.415
1,555,96416157836442,96416157835169,96416158168014,331.572,332.845
1,556,96416162751349,96416162750369,96416163033448,282.099,283.079
1,557,96416166847377,96416166846369,96416168065449,1218.072,1219.08
1,558,96416171762463,96416171761569,96416172157256,394.793,395.687
1,559,96416176678179,96416176676769,96416176978450,300.271,301.681
1,560,96416180774358,96416180772769,96416181934087,1159.729,1161.318
1,561,96416185689104,96416185687969,96416186808331,1119.227,1120.362
1,562,96416190604210,96416190603169,96416191023244,419.034,420.075
1,563,96416195519366,96416195518369,96416195881639,362.273,363.27
1,564,96416199615385,96416199614369,96416200837856,1222.471,1223.487
1,565,96416204530541,96416204529569,96416205089670,559.129,560.101
1,566,96416209445697,96416209444769,96416209892942,447.245,448.173
1,567,96416213542455,96416213540769,96416214803308,1260.853,1262.539
1,568,96416218456961,96416218455969,96416219022690,565.729,566.721
1,569,96416223372188,96416223371169,96416223943227,571.039,572.058
1,570,96416227468106,96416227467169,96416228698517,1230.411,1231.348
1,571,96416232383592,96416232382369,96416232743044,359.452,360.675
1,572,96416237298628,96416237297569,96416237588428,289.8,290.859
1,573,96416241394617,96416241393569,96416242576006,1181.389,1182.437
1,574,96416246309913,96416246308769,96416247511843,1201.93,1203.074
1,575,96416251225549,96416251223969,96416251856960,631.411,632.991
1,576,96416256140195,96416256139169,96416256435925,295.73,296.756
1,577,96416260236343,96416260235169,96416261449734,1213.391,1214.565
1,578,96416265151780,96416265150369,96416265598374,446.594,448.005
1,579,96416270066546,96416270065569,96416270376916,310.37,311.347
1,580,96416274162594,96416274161569,96416275366825,1204.231,1205.256
1,581,96416279079040,96416279076769,96416279329408,250.368,252.639
1,582,96416283992986,96416283991969,96416284298867,305.881,306.898
1,583,96416288089175,96416288087969,96416289311116,1221.941,1223.147
1,584,96416293011741,96416293003169,96416293272900,261.159,269.731
1,585,96416297919407,96416297918369,96416298375212,455.805,456.843
1,586,96416302015645,96416302014369,96416303198765,1183.12,1184.396
1,587,96416306930642,96416306929569,96416308063060,1132.418,1133.491
1,588,96416311846438,96416311844769,96416312251621,405.183,406.852
1,589,96416316761174,96416316759969,96416317170117,408.943,410.148
1,590,96416320857232,96416320855969,96416322070483,1213.251,1214.514
1,591,96416325779708,96416325771169,96416326141081,361.373,369.912
1,592,96416330687435,96416330686369,96416331011935,324.5,325.566
1,593,96416334783483,96416334782369,96416336013744,1230.261,1231.375
1,594,96416339698769,96416339697569,96416340056441,357.672,358.872
1,595,96416344613855,96416344612769,96416345051429,437.574,438.66
1,596,96416348709844,96416348708769,96416349943925,1234.081,1235.156
1,597,96416353625050,96416353623969,96416353979812,354.762,355.843
1,598,96416358540266,96416358539169,96416358966580,426.314,427.411
1,599,96416362636134,96416362635169,96416363817784,1181.65,1182.615
1,600,96416367551411,96416367550369,96416368744960,1193.549,1194.591
1,601,96416372466507,96416372465569,96416372833318,366.811,367.749
1,602,96416377381742,96416377380769,96416377801767,420.025,420.998
1,603,96416381477721,96416381476769,96416382578908,1101.187,1102.139
1,604,96416386393187,96416386391969,96416386958896,565.709,566.927
1,605,96416391308774,96416391307169,96416391759248,450.474,452.079
1,606,96416395404252,96416395403169,96416396627892,1223.64,1224.723
1,607,96416400319587,96416400318369,96416400734951,415.364,416.582
1,608,96416405234553,96416405233569,96416405651717,417.164,418.148
1,609,96416409330533,96416409329569,96416410585715,1255.182,1256.146
1,610,96416414245738,96416414244769,96416414622361,376.623,377.592
1,611,96416419161014,96416419159969,96416419561388,400.374,401.419
1,612,96416423256993,96416423255969,96416424484785,1227.792,1228.816
1,613,96416428172248,96416428171169,96416429370729,1198.481,1199.56
1,614,96416433087495,96416433086369,96416433716867,629.372,630.498
1,615,96416438010731,96416438001569,96416438337883,327.152,336.314
1,616,96416442098769,96416442097569,96416443341962,1243.193,1244.393
1,617,96416447013775,96416447012769,96416447555273,541.498,542.504
1,618,96416451929291,96416451927969,96416452426199,496.908,498.23
1,619,96416456025240,96416456023969,96416457238021,1212.781,1214.052
1,620,96416460940226,96416460939169,96416461271277,331.051,332.108
1,621,96416465855412,96416465854369,96416466282367,426.955,427.998
1,622,96416469951720,96416469950369,96416471188032,1236.312,1237.663
1,623,96416474866627,96416474865569,96416475248599,381.972,383.03
1,624,96416479781783,96416479780769,96416480368453,586.67,587.684
1,625,96416483877751,96416483876769,96416485103393,1225.642,1226.624
1,626,96416488792977,96416488791969,96416490013399,1220.422,1221.43
1,627,96416493708233,96416493707169,96416494345055,636.822,637.886
1,628,96416498623420,96416498622369,96416498994312,370.892,371.943
1,629,96416502719438,96416502718369,96416503933399,1213.961,1215.03
1,630,96416507634634,96416507633569,96416508015837,381.203,382.268
1,631,96416512549740,96416512548769,96416512874422,324.682,325.653
1,632,96416516645719,96416516644769,96416517925093,1279.374,1280.324
1,633,96416521561465,96416521559969,96416521993489,432.024,433.52
1,634,96416526476131,96416526475169,96416526911776,435.645,436.607
1,635,96416530572149,96416530571169,96416531840553,1268.404,1269.384
1,636,96416535487476,96416535486369,96416535737224,249.748,250.855
1,637,96416540402682,96416540401569,96416540821226,418.544,419.657
1,638,96416544498690,96416544497569,96416545618709,1120.019,1121.14
1,639,96416549413656,96416549412769,96416550623407,1209.751,1210.638
1,640,96416554328992,96416554327969,96416554887872,558.88,559.903
1,641,96416559244179,96416559243169,96416559567129,322.95,323.96
1,642,96416563340337,96416563339169,96416564518587,1178.25,1179.418
1,643,96416568255373,96416568254369,96416568582774,327.401,328.405
1,644,96416573170749,96416573169569,96416573490570,319.821,321.001
1,645,96416577266528,96416577265569,96416578483518,1216.99,1217.949
1,646,96416582181804,96416582180769,96416582434153,252.349,253.384
1,647,96416587098100,96416587095969,96416587517664,419.564,421.695
1,648,96416591193528,96416591191969,96416592417260,1223.732,1225.291
1,649,96416596108754,96416596107169,96416596367233,258.479,260.064
1,650,96416601023531,96416601022369,96416601514847,491.316,492.478
1,651,96416605119359,96416605118369,96416606335470,1216.111,1217.101
1,652,96416610034625,96416610033569,96416611255716,1221.091,1222.147
1,653,96416614949711,96416614948769,96416615363756,414.045,414.987
1,654,96416619865747,96416619863969,96416620280992,415.245,417.023
1,655,96416623962066,96416623959969,96416625219739,1257.673,1259.77
1,656,96416628876792,96416628875169,96416629430260,553.468,555.091
1,657,96416633791768,96416633790369,96416634228372,436.604,438.003
1,658,96416637887746,96416637886369,96416639143058,1255.312,1256.689
1,659,96416642802703,96416642801569,96416643243578,440.875,442.009
1,660,96416647717599,96416647716769,96416648029269,311.67,312.5
1,661,96416651813687,96416651812769,96416652936655,1122.968,1123.886
1,662,96416656729313,96416656727969,96416657129436,400.123,401.467
1,663,96416661644220,96416661643169,96416662071323,427.103,428.154
1,664,96416665740358,96416665739169,96416666950319,1209.961,1211.15
1,665,96416670655694,96416670654369,96416671873105,1217.411,1218.736
1,666,96416675570730,96416675569569,96416676240692,669.962,671.123
1,667,96416680485936,96416680484769,96416680890850,404.914,406.081
1,668,96416684581905,96416684580769,96416685684482,1102.577,1103.713
1,669,96416689496891,96416689495969,96416689925495,428.604,429.526
1,670,96416694412247,96416694411169,96416694851081,438.834,439.912
1,671,96416698508225,96416698507169,96416699679204,1170.979,1172.035
1,672,96416703423242,96416703422369,96416703676419,253.177,254.05
1,673,96416708338467,96416708337569,96416708780933,442.466,443.364
1,674,96416712434636,96416712433569,96416713576964,1142.328,1143.395
1,675,96416717349712,96416717348769,96416717729184,379.472,380.415
1,676,96416722265008,96416722263969,96416722563438,298.43,299.469
1,677,96416726361417,96416726359969,96416727587018,1225.601,1227.049
1,678,96416731276443,96416731275169,96416732386890,1110.447,1111.721
1,679,96416736191608,96416736190369,96416736616213,424.605,425.844
1,680,96416741106554,96416741105569,96416741424825,318.271,319.256
1,681,96416745202644,96416745201569,96416746403723,1201.079,1202.154
1,682,96416750117979,96416750116769,96416750665958,547.979,549.189
1,683,96416755033055,96416755031969,96416755461869,428.814,429.9
1,684,96416759128933,96416759127969,96416760376446,1247.513,1248.477
1,685,96416764044199,96416764043169,96416764414623,370.424,371.454
1,686,96416768959426,96416768958369,96416769469773,510.347,511.404
1,687,96416773055695,96416773054369,96416774351968,1296.273,1297.599
1,688,96416777970600,96416777969569,96416778395435,424.835,425.866
1,689,96416782886026,96416782884769,96416783424485,538.459,539.716
1,690,96416786981805,96416786980769,96416788217617,1235.812,1236.848
1,691,96416791896931,96416791895969,96416793112943,1216.012,1216.974
1,692,96416796812317,96416796811169,96416797226541,414.224,415.372
1,693,96416801727323,96416801726369,96416802087756,360.433,361.387
1,694,96416805823691,96416805822369,96416807032573,1208.882,1210.204
1,695,96416810738838,96416810737569,96416810996836,257.998,259.267
1,696,96416815653794,96416815652769,96416815981965,328.171,329.196
1,697,96416819749702,96416819748769,96416821018316,1268.614,1269.547
1,698,96416824664968,96416824663969,96416825106833,441.865,442.864
1,699,96416829580185,96416829579169,96416829972888,392.703,393.719
1,700,96416833676203,96416833675169,96416834900244,1224.041,1225.075
1,701,96416838591539,96416838590369,96416838997803,406.264,407.434
1,702,96416843506515,96416843505569,96416844016733,510.218,511.164
1,703,96416847602404,96416847601569,96416848788104,1185.7,1186.535
1,704,96416852517770,96416852516769,96416853729871,1212.101,1213.102
1,705,96416857433086,96416857431969,96416857807689,374.603,375.72
1,706,96416862348492,96416862347169,96416862762756,414.264,415.587
1,707,96416866444240,96416866443169,96416867647901,1203.661,1204.732
1,708,96416871359507,96416871358369,96416871928125,568.618,569.756
1,709,96416876274763,96416876273569,96416876719717,444.954,446.148
1,710,96416880370631,96416880369569,96416881624403,1253.772,1254.834
1,711,96416885285937,96416885284769,96416885621688,335.751,336.919
1,712,96416890201013,96416890199969,96416890621977,420.964,422.008
1,713,96416894297122,96416894295969,96416895552334,1255.212,1256.365
1,714,96416899212128,96416899211169,96416899646392,434.264,435.223
1,715,96416904127614,96416904126369,96416904542318,414.704,415.949
1,716,96416909042550,96416909041569,96416909409343,366.793,367.774
1,717,96416913138539,96416913137569,96416914245006,1106.467,1107.437
1,718,96416918053705,96416918052769,96416918614924,561.219,562.155
1,719,96416922968971,96416922967969,96416923250681,281.71,282.712
1,720,96416927065009,96416927063969,96416928328942,1263.933,1264.973
1,721,96416931980155,96416931979169,96416932527023,546.868,547.854
1,722,96416936895582,96416936894369,96416937420800,525.218,526.431
1,723,96416940991500,96416940990369,96416942241922,1250.422,1251.553
1,724,96416945906676,96416945905569,96416946252168,345.492,346.599
1,725,96416950821682,96416950820769,96416951408812,587.13,588.043
1,726,96416954917781,96416954916769,96416956153113,1235.332,1236.344
1,727,96416959833137,96416959831969,96416960243600,410.463,411.631
1,728,96416964748143,96416964747169,96416965164867,416.724,417.698
1,729,96416969663719,96416969662369,96416970077782,414.063,415.413
1,730,96416973759387,96416973758369,96416974959238,1199.851,1200.869
1,731,96416978674574,96416978673569,96416979337166,662.592,663.597
1,732,96416983589850,96416983588769,96416984013904,424.054,425.135
1,733,96416987685718,96416987684769,96416988893038,1207.32,1208.269
1,734,96416992600994,96416992599969,96416993179364,578.37,579.395
1,735,96416997516491,96416997515169,96416997970086,453.595,454.917
1,736,96417001612329,96417001611169,96417002902122,1289.793,1290.953
1,737,96417006527555,96417006526369,96417006785884,258.329,259.515
1,738,96417011443071,96417011441569,96417011913037,469.966,471.468
1,739,96417015539190,96417015537569,96417016746690,1207.5,1209.121
1,740,96417020454176,96417020452769,96417020721004,266.828,268.235
1,741,96417025369022,96417025367969,96417025884179,515.157,516.21
1,742,96417030284198,96417030283169,96417030650260,366.062,367.091
1,743,96417034380206,96417034379169,96417035566376,1186.17,1187.207
1,744,96417039295392,96417039294369,96417039711867,416.475,417.498
1,745,96417044210478,96417044209569,96417044629483,419.005,419.914
1,746,96417048306567,96417048305569,96417049576709,1270.142,1271.14
1,747,96417053221843,96417053220769,96417053554014,332.171,333.245
1,748,96417058137228,96417058135969,96417058560293,423.065,424.324
1,749,96417062233368,96417062231969,96417063488640,1255.272,1256.671
1,750,96417067148543,96417067147169,96417067568648,420.105,421.479
1,751,96417072063489,96417072062369,96417072485784,422.295,423.415
1,752,96417076159608,96417076158369,96417077336358,1176.75,1177.989
1,753,96417081074835,96417081073569,96417081334213,259.378,260.644
1,754,96417085990160,96417085988769,96417086536829,546.669,548.06
1,755,96417090904946,96417090903969,96417091195886,290.94,291.917
1,756,96417095009165,96417094999969,96417096193735,1184.57,1193.766
1,757,96417099916180,96417099915169,96417100458940,542.76,543.771
1,758,96417104831337,96417104830369,96417105223640,392.303,393.271
1,759,96417108927265,96417108926369,96417110147207,1219.942,1220.838
1,760,96417113842621,96417113841569,96417114393000,550.379,551.431
1,761,96417118757797,96417118756769,96417119199552,441.755,442.783
1,762,96417122853696,96417122852769,96417124105498,1251.802,1252.729
1,763,96417127777692,96417127767969,96417128203707,426.015,435.738
1,764,96417132684128,96417132683169,96417133107573,423.445,424.404
1,765,96417136780396,96417136779169,96417137982577,1202.181,1203.408
1,766,96417141695423,96417141694369,96417142084416,388.993,390.047
1,767,96417146610629,96417146609569,96417147033154,422.525,423.585
1,768,96417151526105,96417151524769,96417151933168,407.063,408.399
1,769,96417155621993,96417155620769,96417156730751,1108.758,1109.982
1,770,96417160536989,96417160535969,96417161201332,664.343,665.363
1,771,96417165452126,96417165451169,96417165828939,376.813,377.77
1,772,96417169548324,96417169547169,96417170655822,1107.498,1108.653
1,773,96417174463420,96417174462369,96417174901875,438.455,439.506
1,774,96417179379066,96417179377569,96417179824691,445.625,447.122
1,775,96417183474525,96417183473569,96417184709447,1234.922,1235.878
1,776,96417188389781,96417188388769,96417188832306,442.525,443.537
1,777,96417193304927,96417193303969,96417193602627,297.7,298.658
1,778,96417197400955,96417197399969,96417198595116,1194.161,1195.147
1,779,96417202316581,96417202315169,96417202709385,392.804,394.216
1,780,96417207231448,96417207230369,96417207515907,284.459,285.538
1,781,96417212146834,96417212145569,96417212515756,368.922,370.187
1,782,96417216242702,96417216241569,96417217427432,1184.73,1185.863
1,783,96417221157948,96417221156769,96417221563002,405.054,406.233
1,784,96417226072954,96417226071969,96417226493448,420.494,421.479
1,785,96417230169073,96417230167969,96417231377124,1208.051,1209.155
1,786,96417235084459,96417235083169,96417235647168,562.709,563.999
1,787,96417239999365,96417239998369,96417240366468,367.103,368.099
1,788,96417244095493,96417244094369,96417245334005,1238.512,1239.636
1,789,96417249010780,96417249009569,96417249446104,435.324,436.535
1,790,96417253925706,96417253924769,96417254343900,418.194,419.131
1,791,96417258022094,96417258020769,96417259233795,1211.701,1213.026
1,792,96417262937010,96417262935969,96417263335873,398.863,399.904
1,793,96417267852036,96417267851169,96417268419565,567.529,568.396
1,794,96417272767653,96417272766369,96417273190366,422.713,423.997
1,795,96417276863601,96417276862369,96417277982569,1118.968,1120.2
1,796,96417281780797,96417281777569,96417282185801,405.004,408.232
1,797,96417286694023,96417286692769,96417286992443,298.42,299.674
1,798,96417290790132,96417290788769,96417291898019,1107.887,1109.25
1,799,96417295705078,96417295703969,96417296146673,441.595,442.704
1,800,96417300620224,96417300619169,96417300938095,317.871,318.926
1,801,96417304716162,96417304715169,96417305978955,1262.793,1263.786
1,802,96417309631409,96417309630369,96417310052152,420.743,421.783
1,803,96417314546625,96417314545569,96417314974799,428.174,429.23
1,804,96417318642613,96417318641569,96417319865185,1222.572,1223.616
1,805,96417323557709,96417323556769,96417323825338,267.629,268.569
1,806,96417328472915,96417328471969,96417328947701,474.786,475.732
1,807,96417333388202,96417333387169,96417333678521,290.319,291.352
1,808,96417337484240,96417337483169,96417338688650,1204.41,1205.481
1,809,96417342399356,96417342398369,96417342813989,414.633,415.62
1,810,96417347314602,96417347313569,96417347640403,325.801,326.834
1,811,96417351410971,96417351409569,96417352572769,1161.798,1163.2
1,812,96417356325827,96417356324769,96417356650217,324.39,325.448
1,813,96417361241163,96417361239969,96417361739939,498.776,499.97
1,814,96417365336961,96417365335969,96417366661966,1325.005,1325.997
1,815,96417370252217,96417370251169,96417370814236,562.019,563.067
1,816,96417375167433,96417375166369,96417375466263,298.83,299.894
1,817,96417379263402,96417379262369,96417380511783,1248.381,1249.414
1,818,96417384178718,96417384177569,96417384578191,399.473,400.622
1,819,96417389094333,96417389092769,96417389484607,390.274,391.838
1,820,96417394010760,96417394007969,96417394309760,299.0,301.791
1,821,96417398105038,96417398103969,96417399309009,1203.971,1205.04
1,822,96417403020604,96417403019169,96417403655746,635.142,636.577
1,823,96417407935780,96417407934369,96417408374465,438.685,440.096
1,824,96417412031579,96417412030369,96417413217429,1185.85,1187.06
1,825,96417416946735,96417416945569,96417417502454,555.719,556.885
1,826,96417421861941,96417421860769,96417422163631,301.69,302.862
1,827,96417425958269,96417425956769,96417427233582,1275.313,1276.813
1,828,96417430873085,96417430871969,96417431256629,383.544,384.66
1,829,96417435788211,96417435787169,96417436082961,294.75,295.792
1,830,96417439884550,96417439883169,96417441163044,1278.494,1279.875
1,831,96417444799496,96417444798369,96417445111287,311.791,312.918
1,832,96417449714642,96417449713569,96417450223600,508.958,510.031
1,833,96417454629968,96417454628769,96417454924438,294.47,295.669
1,834,96417458725827,96417458724769,96417459937048,1211.221,1212.279
1,835,96417463640913,96417463639969,96417464203102,562.189,563.133
1,836,96417468556189,96417468555169,96417468949552,393.363,394.383
1,837,96417472652517,96417472651169,96417473857139,1204.622,1205.97
1,838,96417477567644,96417477566369,96417478006919,439.275,440.55
1,839,96417482482640,96417482481569,96417482997697,515.057,516.128
1,840,96417486578598,96417486577569,96417487686076,1107.478,1108.507
1,841,96417491493974,96417491492769,96417491939330,445.356,446.561
1,842,96417496409240,96417496407969,96417496843986,434.746,436.017
1,843,96417500504889,96417500503969,96417501686289,1181.4,1182.32
1,844,96417505422485,96417505419169,96417505845090,422.605,425.921
1,845,96417510335851,96417510334369,96417510742715,406.864,408.346
1,846,96417515250687,96417515249569,96417515656641,405.954,407.072
1,847,96417519346616,96417519345569,96417520548266,1201.65,1202.697
1,848,96417524261882,96417524260769,96417524826151,564.269,565.382
1,849,96417529177028,96417529175969,96417529493059,316.031,317.09
1,850,96417533272996,96417533271969,96417534566520,1293.524,1294.551
1,851,96417538188332,96417538187169,96417538607696,419.364,420.527
1,852,96417543103429,96417543102369,96417543528013,424.584,425.644
1,853,96417547199507,96417547198369,96417548462590,1263.083,1264.221
1,854,96417552114603,96417552113569,96417552444464,329.861,330.895
1,855,96417557029929,96417557028769,96417557502125,472.196,473.356
1,856,96417561126308,96417561124769,96417562373170,1246.862,1248.401
2,0,96413567526422,96413567524769,96413567758580,232.158,233.811
2,1,96413569573411,96413569572769,96413570256154,682.743,683.385
2,2,96413572031024,96413572030369,96413572275222,244.198,244.853
2,3,96413574488607,96413574487969,96413574781097,292.49,293.128
2,4,96413576946120,96413576945569,96413577216519,270.399,270.95
2,5,96413578995089,96413578993569,96413579755645,760.556,762.076
2,6,96413581452833,96413581451169,96413581755012,302.179,303.843
2,7,96413583910735,96413583908769,96413584266857,356.122,358.088
2,8,96413585957455,96413585956769,96413586645278,687.823,688.509
2,9,96413588415258,96413588414369,96413588618924,203.666,204.555
2,10,96413590873231,96413590871969,96413591146330,273.099,274.361
2,11,96413592922050,96413592919969,96413593560971,638.921,641.002
2,12,96413595379923,96413595377569,96413595680093,300.17,302.524
2,13,96413597837776,96413597835169,96413598127836,290.06,292.667
2,14,96413599884005,96413599883169,96413600630661,746.656,747.492
2,15,96413602367630,96413602340769,96413602643848,276.218,303.079
2,16,96413604799071,96413604798369,96413605100422,301.351,302.053
2,17,96413607256664,96413607255969,96413607518963,262.299,262.994
2,18,96413609305704,96413609303969,96413609957966,652.262,653.997
2,19,96413611764817,96413611761569,96413612090418,325.601,328.849
2,20,96413614222080,96413614219169,96413614508640,286.56,289.471
2,21,96413616267869,96413616267169,96413616970623,702.754,703.454
2,22,96413618725892,96413618724769,96413619032682,306.79,307.913
2,23,96413621183165,96413621182369,96413621464814,281.649,282.445
2,24,96413623232185,96413623230369,96413623920208,688.023,689.839
2,25,96413625689787,96413625687969,96413626002988,313.201,315.019
2,26,96413628147280,96413628145569,96413628454371,307.091,308.802
2,27,96413630194420,96413630193569,96413630846992,652.572,653.423
2,28,96413632651883,96413632651169,96413632872180,220.297,221.011
2,29,96413635109935,96413635108769,96413635665055,555.12,556.286
2,30,96413637567179,96413637566369,96413638060675,493.496,494.306
2,31,96413639616478,96413639614369,96413640336883,720.405,722.514
2,32,96413642074412,96413642071969,96413642372331,297.919,300.362
2,33,96413644531964,96413644529569,96413644807933,275.969,278.364
2,34,96413646578573,96413646577569,96413647269326,690.753,691.757
2,35,96413649095338,96413649035169,96413649288895,193.557,253.726
2,36,96413651499189,96413651492769,96413651702317,203.128,209.548
2,37,96413653542949,96413653540769,96413654181600,638.651,640.831
2,38,96413656043983,96413655998369,96413656363864,319.881,365.495
2,39,96413658458595,96413658455969,96413658718204,259.609,262.235
2,40,96413660505254,96413660503969,96413661324112,818.858,820.143
2,41,96413663030889,96413662961569,96413663268287,237.398,306.718
2,42,96413665421220,96413665419169,96413665775742,354.522,356.573
2,43,96413667984267,96413667876769,96413668245995,261.728,369.226
2,44,96413669928213,96413669924769,96413670641627,713.414,716.858
2,45,96413672385556,96413672382369,96413672733947,348.391,351.578
2,46,96413674843439,96413674839969,96413675152109,308.67,312.14
2,47,96413676890237,96413676887969,96413677640444,750.207,752.475
2,48,96413679347831,96413679345569,96413679589989,242.158,244.42
2,49,96413681805244,96413681803169,96413682129655,324.411,326.486
2,50,96413683854224,96413683851169,96413684564267,710.043,713.098
2,51,96413686311656,96413686308769,96413686661779,350.123,353.01
2,52,96413688776409,96413688766369,96413689128002,351.593,361.633
2,53,96413690817068,96413690814369,96413691563093,746.025,748.724
2,54,96413693273972,96413693271969,96413693589293,315.321,317.324
2,55,96413695731674,96413695729569,96413695973163,241.489,243.594
2,56,96413698189258,96413698187168,96413698536869,347.611,349.701
2,57,96413700240977,96413700235169,96413701004012,763.035,768.843
2,58,96413702699120,96413702692769,96413703076503,377.383,383.734
2,59,96413705156143,96413705150369,96413705483514,327.371,333.145
2,60,96413707200862,96413707198369,96413707947658,746.796,749.289
2,61,96413709658785,96413709655969,96413709907054,248.269,251.085
2,62,96413712115828,96413712113569,96413712365197,249.369,251.628
2,63,96413714165158,96413714161569,96413714888362,723.204,726.793
2,64,96413716622750,96413716619169,96413717019844,397.094,400.675
2,65,96413719080884,96413719076769,96413719324012,243.128,247.243
2,66,96413721126943,96413721124769,96413721824557,697.614,699.788
2,67,96413723584166,96413723582369,96413723884776,300.61,302.407
2,68,96413726040879,96413726039969,96413726337829,296.95,297.86
2,69,96413728498362,96413728497569,96413728760651,262.289,263.082
2,70,96413730547621,96413730545569,96413731258295,710.674,712.726
2,71,96413733009344,96413733003169,96413733329485,320.141,326.316
2,72,96413735462687,96413735460769,96413735688995,226.308,228.226
2,73,96413737509476,96413737508769,96413738197149,687.673,688.38
2,74,96413739967690,96413739966369,96413740289631,321.941,323.262
2,75,96413742424842,96413742423969,96413742708872,284.03,284.903
2,76,96413744474282,96413744471969,96413745152085,677.803,680.116
2,77,96413746932145,96413746929569,96413747264936,332.791,335.367
2,78,96413749389758,96413749387169,96413749713459,323.701,326.29
2,79,96413751436227,96413751435169,96413752117620,681.393,682.451
2,80,96413753894181,96413753892769,96413754110547,216.366,217.778
2,81,96413756351323,96413756350369,96413756647613,296.29,297.244
2,82,96413758809017,96413758807969,96413759104707,295.69,296.738
2,83,96413760858056,96413760855969,96413761587350,729.294,731.381
2,84,96413763315798,96413763313569,96413763645500,329.702,331.931
2,85,96413767355735,96413765771169,96413768965300,1609.565,3194.131
2,86,96413767820971,96413767819169,96413769237319,1416.348,1418.15
2,87,96413771128982,96413770276769,96413771807396,678.414,1530.627
2,88,96413772735196,96413772734369,96413773140661,405.465,406.292
2,89,96413774785317,96413774782369,96413775585623,800.306,803.254
2,90,96413777242819,96413777239969,96413777628283,385.464,388.314
2,91,96413779700553,96413779697569,96413780132737,432.184,435.168
2,92,96413781746412,96413781745569,96413782466766,720.354,721.197
2,93,96413784203925,96413784203169,96413784445443,241.518,242.274
2,94,96413786661437,96413786660769,96413787003629,342.192,342.86
2,95,96413789119171,96413789118369,96413789454092,334.921,335.723
2,96,96413791169480,96413791166369,96413791916855,747.375,750.486
2,97,96413793627643,96413793623969,96413794001335,373.692,377.366
2,98,96413796085196,96413796081569,96413796451888,366.692,370.319
2,99,96413798130535,96413798129569,96413798881180,750.645,751.611
2,100,96413800587968,96413800587169,96413800946081,358.113,358.912
2,101,96413803045521,96413803044769,96413803394613,349.092,349.844
2,102,96413805096650,96413805092769,96413805838336,741.686,745.567
2,103,96413807553644,96413807550369,96413807922516,368.872,372.147
2,104,96413810017437,96413810007969,96413810395329,377.892,387.36
2,105,96413812057226,96413812055969,96413812809601,752.375,753.632
2,106,96413814514288,96413814513569,96413814875241,360.953,361.672
2,107,96413816971922,96413816971169,96413817303383,331.461,332.214
2,108,96413819429595,96413819428769,96413819738346,308.751,309.577
2,109,96413821480305,96413821476769,96413822375845,895.54,899.076
2,110,96413823938477,96413823934369,96413824302790,364.313,368.421
2,111,96413826395401,96413826391969,96413826695401,300.0,303.432
2,112,96413828440889,96413828439969,96413829278548,837.659,838.579
2,113,96413830898533,96413830897569,96413831369728,471.195,472.159
2,114,96413833356095,96413833355169,96413833665367,309.272,310.198
2,115,96413835406655,96413835403169,96413836243983,837.328,840.814
2,116,96413837864498,96413837860769,96413838250182,385.684,389.413
2,117,96413840322102,96413840318369,96413840673523,351.421,355.154
2,118,96413842367320,96413842366369,96413843072314,704.994,705.945
2,119,96413844824873,96413844823969,96413845080222,255.349,256.253
2,120,96413847282366,96413847281569,96413847631418,349.052,349.849
2,121,96413849740020,96413849739169,96413850052780,312.76,313.611
2,122,96413851790309,96413851787169,96413852545965,755.656,758.796
2,123,96413854248011,96413854244769,96413854597374,349.363,352.605
2,124,96413856706105,96413856702369,96413857025836,319.731,323.467
2,125,96413858751024,96413858750369,96413859485939,734.915,735.57
2,126,96413861208657,96413861207969,96413861576589,367.932,368.62
2,127,96413863666300,96413863665569,96413864018281,351.981,352.712
2,128,96413865716959,96413865713569,96413866444624,727.665,731.055
2,129,96413868175232,96413868171169,96413868566255,391.023,395.086
2,130,96413870631906,96413870628769,96413870957136,325.23,328.367
2,131,96413872677465,96413872676769,96413873396898,719.433,720.129
2,132,96413875135247,96413875134369,96413875451588,316.341,317.219
2,133,96413877593491,96413877591969,96413878064866,471.375,472.897
2,134,96413880050434,96413880049569,96413880399336,348.902,349.767
2,135,96413882101023,96413882097569,96413883280423,1179.4,1182.854
2,136,96413884558696,96413884555169,96413884919588,360.892,364.419
2,137,96413887016729,96413887012769,96413887427213,410.484,414.444
2,138,96413889062138,96413889060769,96413889800183,738.045,739.414
2,139,96413891519412,96413891518369,96413891878283,358.871,359.914
2,140,96413893977014,96413893975969,96413894335256,358.242,359.287
2,141,96413896028844,96413896023969,96413896704167,675.323,680.198
2,142,96413898485697,96413898481569,96413898855589,369.892,374.02
2,143,96413900944039,96413900939169,96413901311402,367.363,372.233
2,144,96413902988129,96413902987169,96413903672852,684.723,685.683
2,145,96413905445492,96413905444769,96413905652999,207.507,208.23
2,146,96413907903585,96413907902369,96413908113122,209.537,210.753
2,147,96413910360789,96413910359969,96413910631388,270.599,271.419
2,148,96413912409628,96413912407969,96413913087530,677.902,679.561
2,149,96413914867250,96413914865569,96413915178371,311.121,312.802
2,150,96413917325824,96413917323169,96413917587812,261.988,264.643
2,151,96413919372503,96413919371169,96413920069807,697.304,698.638
2,152,96413921829506,96413921828769,96413922142137,312.631,313.368
2,153,96413924287038,96413924286369,96413924478155,191.117,191.786
2,154,96413926336768,96413926334369,96413927049092,712.324,714.723
2,155,96413928793981,96413928791969,96413929107832,313.851,315.863
2,156,96413931251294,96413931249569,96413931569225,317.931,319.656
2,157,96413933298514,96413933297569,96413934007217,708.703,709.648
2,158,96413935756076,96413935755169,96413936022656,266.58,267.487
2,159,96413938213590,96413938212769,96413938428637,215.047,215.868
2,160,96413940671292,96413940670369,96413940974513,303.221,304.144
2,161,96413942720342,96413942718369,96413943474658,754.316,756.289
2,162,96413945177745,96413945175969,96413945491785,314.04,315.816
2,163,96413947635298,96413947633569,96413947839415,204.117,205.846
2,164,96413949682237,96413949681569,96413950364050,681.813,682.481
2,165,96413952139840,96413952139169,96413952459621,319.781,320.452
2,166,96413954597443,96413954596769,96413954808170,210.727,211.401
2,167,96413956646332,96413956644769,96413957368207,721.875,723.438
2,168,96413959104346,96413959102369,96413959451037,346.691,348.668
2,169,96413961562448,96413961559969,96413961863939,301.491,303.97
2,170,96413963608938,96413963607969,96413964282150,673.212,674.181
2,171,96413966066490,96413966065569,96413966282938,216.448,217.369
2,172,96413968524114,96413968523169,96413968728271,204.157,205.102
2,173,96413970981846,96413970980769,96413971252996,271.15,272.227
2,174,96413973031666,96413973028769,96413973669658,637.992,640.889
2,175,96413975488819,96413975486369,96413975810170,321.351,323.801
2,176,96413977946582,96413977943969,96413978204060,257.478,260.091
2,177,96413979992921,96413979991969,96413980637953,645.032,645.984
2,178,96413982450434,96413982449569,96413982780126,329.692,330.557
2,179,96413984907967,96413984907169,96413985121295,213.328,214.126
2,180,96413986957267,96413986955169,96413987628849,671.582,673.68
2,181,96413989416810,96413989412769,96413989706160,289.35,293.391
2,182,96413991872722,96413991870369,96413992223435,350.713,353.066
2,183,96413993919292,96413993918369,96413994561654,642.362,643.285
2,184,96413996574252,96413996375969,96413997426260,852.008,1050.291
2,185,96413998834588,96413998833569,96413999157679,323.091,324.11
2,186,96414001291971,96414001291169,96414001626582,334.611,335.413
2,187,96414003341820,96414003339169,96414004142877,801.057,803.708
2,188,96414005799333,96414005796769,96414006122375,323.042,325.606
2,189,96414008257357,96414008254369,96414008461374,204.017,207.005
2,190,96414010303726,96414010302369,96414011002029,698.303,699.66
2,191,96414012842992,96414012759969,96414013100990,257.998,341.021
2,192,96414015218822,96414015217569,96414015518742,299.92,301.173
2,193,96414017272271,96414017265569,96414018039957,767.686,774.388
2,194,96414019808467,96414019723169,96414020050595,242.128,327.426
2,195,96414022186337,96414022180769,96414022410244,223.907,229.475
2,196,96414024231326,96414024228769,96414024905619,674.293,676.85
2,197,96414026688159,96414026686369,96414026906507,218.348,220.138
2,198,96414029145553,96414029143969,96414029357120,211.567,213.151
2,199,96414031603525,96414031601569,96414031881385,277.86,279.816
2,200,96414033654305,96414033649569,96414034348818,694.513,699.249
2,201,96414036112148,96414036107169,96414036445589,333.441,338.42
2,202,96414038569320,96414038564769,96414038826649,257.329,261.88
2,203,96414040614720,96414040612769,96414041276762,662.042,663.993
2,204,96414043072323,96414043070369,96414043278400,206.077,208.031
2,205,96414045530186,96414045527969,96414045814305,284.119,286.336
2,206,96414047581046,96414047575969,96414048204146,623.1,628.177
2,207,96414050038429,96414050033569,96414050364420,325.991,330.851
2,208,96414052496151,96414052491169,96414052802272,306.121,311.103
2,209,96414054541190,96414054539169,96414055234424,693.234,695.255
2,210,96414056998704,96414056996769,96414057268433,269.729,271.664
2,211,96414060038827,96414059454369,96414060870595,831.768,1416.226
2,212,96414061913930,96414061911969,96414062346095,432.165,434.126
2,213,96414064022321,96414063959969,96414064859669,837.348,899.7
2,214,96414066421512,96414066417569,96414066749163,327.651,331.594
2,215,96414068879545,96414068875169,96414069081242,201.697,206.073
2,216,96414070925045,96414070923169,96414071575277,650.232,652.108
2,217,96414073382287,96414073380769,96414073585765,203.478,204.996
2,218,96414075840491,96414075838369,96414076301416,460.925,463.047
2,219,96414077890380,96414077886369,96414082618210,4727.83,4731.841
2,220,96414080348902,96414080343969,96414082935460,2586.558,2591.491
2,221,96414082806806,96414082801569,96414083448897,642.091,647.328
2,222,96414084851625,96414084849569,96414085588470,736.845,738.901
2,223,96414087309038,96414087307169,96414087533895,224.857,226.726
2,224,96414089766952,96414089764769,96414090126923,359.971,362.154
2,225,96414092224664,96414092222369,96414092547615,322.951,325.246
2,226,96414094275573,96414094270369,96414095119342,843.769,848.973
2,227,96414096732937,96414096727969,96414097071018,338.081,343.049
2,228,96414099191179,96414099185569,96414099417538,226.359,231.969
2,229,96414101235579,96414101233569,96414102102658,867.079,869.089
2,230,96414103693792,96414103691169,96414104049094,355.302,357.925
2,231,96414106166375,96414106148769,96414107088377,922.002,939.608
2,232,96414108202624,96414108196769,96414108863416,660.792,666.647
2,233,96414110660227,96414110654369,96414111380882,720.655,726.513
2,234,96414113117070,96414113111969,96414113450432,333.362,338.463
2,235,96414115161879,96414115159969,96414115847373,685.494,687.404
2,236,96414117619463,96414117617569,96414117850850,231.387,233.281
2,237,96414120077256,96414120075169,96414120378536,301.28,303.367
2,238,96414122535029,96414122532769,96414122827438,292.409,294.669
2,239,96414124586088,96414124580769,96414125395395,809.307,814.626
2,240,96414127043191,96414127038369,96414127376482,333.291,338.113
2,241,96414129501214,96414129495969,96414129797274,296.06,301.305
2,242,96414131546114,96414131543969,96414132251607,705.493,707.638
2,243,96414134010607,96414134001569,96414134315006,304.399,313.437
2,244,96414136461309,96414136459169,96414136659636,198.327,200.467
2,245,96414138512509,96414138507169,96414139143350,630.841,636.181
2,246,96414140969401,96414140964769,96414141282002,312.601,317.233
2,247,96414144081717,96414143422369,96414145102921,1021.204,1680.552
2,248,96414145472324,96414145470369,96414146187638,715.314,717.269
2,249,96414147930037,96414147927969,96414148149054,219.017,221.085
2,250,96414150387469,96414150385569,96414150596136,208.667,210.567
2,251,96414152845063,96414152843169,96414153070050,224.987,226.881
2,252,96414154896762,96414154891169,96414155590656,693.894,699.487
2,253,96414157354016,96414157348769,96414157676916,322.9,328.147
2,254,96414159811508,96414159806369,96414160016715,205.207,210.346
2,255,96414161856288,96414161854369,96414162575392,719.104,721.023
2,256,96414164314240,96414164311969,96414164625411,311.171,313.442
2,257,96414166773514,96414166769569,96414167043383,269.869,273.814
2,258,96414168822253,96414168817569,96414169449134,626.881,631.565
2,259,96414171280066,96414171275169,96414171489233,209.167,214.064
2,260,96414173738329,96414173732769,96414174058120,319.791,325.351
2,261,96414175782828,96414175780769,96414176489482,706.654,708.713
2,262,96414178240181,96414178238369,96414178496140,255.959,257.771
2,263,96414180698134,96414180695969,96414181010004,311.87,314.035
2,264,96414183155937,96414183153569,96414183439016,283.079,285.447
2,265,96414185207287,96414185201569,96414185856399,649.112,654.83
2,266,96414187664670,96414187659169,96414187975941,311.271,316.772
2,267,96414190122523,96414190116769,96414190402012,279.489,285.243
2,268,96414192166741,96414192164769,96414192863105,696.364,698.336
2,269,96414194624835,96414194622369,96414194836982,212.147,214.613
2,270,96414197081968,96414197079969,96414197271485,189.517,191.516
2,271,96414199133498,96414199127969,96414199782830,649.332,654.861
2,272,96414201590680,96414201585569,96414201929022,338.342,343.453
2,273,96414204048534,96414204043169,96414204355324,306.79,312.155
2,274,96414206093312,96414206091169,96414206797307,703.995,706.138
2,275,96414208550916,96414208548769,96414208789693,238.777,240.924
2,276,96414211016179,96414211006369,96414211221146,204.967,214.777
2,277,96414213466082,96414213463969,96414213733071,266.989,269.102
2,278,96414215516401,96414215511969,96414216202694,686.293,690.725
2,279,96414217974595,96414217969569,96414218291734,317.139,322.165
2,280,96414220432897,96414220427169,96414220704346,271.449,277.177
2,281,96414222476716,96414222475169,96414223381567,904.851,906.398
2,282,96414224934269,96414224932769,96414225155296,221.027,222.527
2,283,96414227392353,96414227390369,96414227666012,273.659,275.643
2,284,96414229442382,96414229438369,96414230083613,641.231,645.244
2,285,96414231901554,96414231895969,96414232222286,320.732,326.317
2,286,96414234451961,96414234353569,96414235293829,841.868,940.26
2,287,96414236403567,96414236401569,96414237132401,728.834,730.832
2,288,96414238860830,96414238859169,96414239143689,282.859,284.52
2,289,96414241318103,96414241316769,96414241535230,217.127,218.461
2,290,96414243776856,96414243774369,96414244261873,485.017,487.504
2,291,96414245826255,96414245822369,96414246602742,776.487,780.373
2,292,96414248283889,96414248279969,96414248527867,243.978,247.898
2,293,96414251024641,96414250737569,96414251549629,524.988,812.06
2,294,96414252788460,96414252785569,96414253489084,700.624,703.515
2,295,96414255245794,96414255243169,96414255501123,255.329,257.954
2,296,96414257703547,96414257700769,96414257945555,242.008,244.786
2,297,96414259752706,96414259748769,96414260482461,729.755,733.692
2,298,96414262210579,96414262206369,96414262476529,265.95,270.16
2,299,96414264667752,96414264663969,96414264984383,316.631,320.414
2,300,96414266714481,96414266711969,96414267454977,740.496,743.008
2,301,96414269170515,96414269169569,96414269429993,259.478,260.424
2,302,96414271628037,96414271627169,96414271936148,308.111,308.979
2,303,96414274085670,96414274084769,96414274362530,276.86,277.761
2,304,96414276134820,96414276132769,96414276829863,695.043,697.094
2,305,96414278592333,96414278590369,96414278903403,311.07,313.034
2,306,96414281050186,96414281047969,96414281351836,301.65,303.867
2,307,96414283096794,96414283095969,96414283780558,683.764,684.589
2,308,96414285554488,96414285553569,96414285888369,333.881,334.8
2,309,96414288015901,96414288011169,96414288299751,283.85,288.582
2,310,96414290061311,96414290059169,96414290736473,675.162,677.304
2,311,96414292518833,96414292516769,96414292855704,336.871,338.935
2,312,96414294976277,96414294974369,96414295292177,315.9,317.808
2,313,96414297023126,96414297022369,96414297729849,706.723,707.48
2,314,96414299480979,96414299479969,96414299735428,254.449,255.459
2,315,96414301938651,96414301937569,96414302246663,308.012,309.094
2,316,96414304396075,96414304395169,96414304668964,272.889,273.795
2,317,96414306445344,96414306443169,96414307174639,729.295,731.47
2,318,96414308902907,96414308900769,96414309210828,307.921,310.059
2,319,96414311360320,96414311358369,96414311637510,277.19,279.141
2,320,96414313407079,96414313406369,96414314062061,654.982,655.692
2,321,96414315865152,96414315863969,96414316175253,310.101,311.284
2,322,96414318322836,96414318321569,96414318603675,280.839,282.106
2,323,96414320371795,96414320369569,96414321062438,690.643,692.869
2,324,96414322828937,96414322827169,96414323052996,224.059,225.827
2,325,96414325286931,96414325284769,96414325571830,284.899,287.061
2,326,96414327333520,96414327332769,96414328063334,729.814,730.565
2,327,96414329791153,96414329790369,96414330021581,230.428,231.212
2,328,96414332904298,96414332247969,96414333558991,654.693,1311.022
2,329,96414334706769,96414334705569,96414335303929,597.16,598.36
2,330,96414336756479,96414336753569,96414337490233,733.754,736.664
2,331,96414339215691,96414339211169,96414339591804,376.113,380.635
2,332,96414341672695,96414341668769,96414341947674,274.979,278.905
2,333,96414343718923,96414343716769,96414344559782,840.859,843.013
2,334,96414346176707,96414346174369,96414346478817,302.11,304.448
2,335,96414348634179,96414348631969,96414348914949,280.77,282.98
2,336,96414350684089,96414350679969,96414351460395,776.306,780.426
2,337,96414353141952,96414353137569,96414353506775,364.823,369.206
2,338,96414355599636,96414355595169,96414355914326,314.69,319.157
2,339,96414357645384,96414357643169,96414358389119,743.735,745.95
2,340,96414360102728,96414360100769,96414360419258,316.53,318.489
2,341,96414362560370,96414362558369,96414362843800,283.43,285.431
2,342,96414365018754,96414365015969,96414365414767,396.013,398.798
2,343,96414367068213,96414367063969,96414367832788,764.575,768.819
2,344,96414369526155,96414369521569,96414369953040,426.885,431.471
2,345,96414371984359,96414371979169,96414372346142,361.783,366.973
2,346,96414374029138,96414374027169,96414374716501,687.363,689.332
2,347,96414376486441,96414376484769,96414376880404,393.963,395.635
2,348,96414378944484,96414378942369,96414379292116,347.632,349.747
2,349,96414380994073,96414380990369,96414381909505,915.432,919.136
2,350,96414383451946,96414383447969,96414383979404,527.458,531.435
2,351,96414385910100,96414385905569,96414386288912,378.812,383.343
2,352,96414387955749,96414387953569,96414388711634,755.885,758.065
2,353,96414390412891,96414390411169,96414390715342,302.451,304.173
2,354,96414392870475,96414392868769,96414393129874,259.399,261.105
2,355,96414395328378,96414395326369,96414395713031,384.653,386.662
2,356,96414397377407,96414397374369,96414398145633,768.226,771.264
2,357,96414399835510,96414399831969,96414400100760,265.25,268.791
2,358,96414402292243,96414402289569,96414402607844,315.601,318.275
2,359,96414404338332,96414404337569,96414405097158,758.826,759.589
2,360,96414406795906,96414406795169,96414407026913,231.007,231.744
2,361,96414409253538,96414409252769,96414409567389,313.851,314.62
2,362,96414411303957,96414411300769,96414412136736,832.779,835.967
2,363,96414413761481,96414413758369,96414414149923,388.442,391.554
2,364,96414416219334,96414416215969,96414416558845,339.511,342.876
2,365,96414418264663,96414418263969,96414419107862,843.199,843.893
2,366,96414420722286,96414420721569,96414420956254,233.968,234.685
2,367,96414423180009,96414423179169,96414423491379,311.37,312.21
2,368,96414425637512,96414425636769,96414425949193,311.681,312.424
2,369,96414427687382,96414427684769,96414428555070,867.688,870.301
2,370,96414430145194,96414430142369,96414430488566,343.372,346.197
2,371,96414432601638,96414432599969,96414432940079,338.441,340.11
2,372,96414434648707,96414434647969,96414435320249,671.542,672.28
2,373,96414437106540,96414437105569,96414437305286,198.746,199.717
2,374,96414439563902,96414439563169,96414439846072,282.17,282.903
2,375,96414441613002,96414441611169,96414442313886,700.884,702.717
2,376,96414444070885,96414444068769,96414444396066,325.181,327.297
2,377,96414446528369,96414446526369,96414447018404,490.035,492.035
2,378,96414448575308,96414448574369,96414449255520,680.212,681.151
2,379,96414451032740,96414451031969,96414451290619,257.879,258.65
2,380,96414453490743,96414453489569,96414453824865,334.122,335.296
2,381,96414455948207,96414455947169,96414456249666,301.459,302.497
2,382,96414457997106,96414457995169,96414458629497,632.391,634.328
2,383,96414460454568,96414460452769,96414460775560,320.992,322.791
2,384,96414462912612,96414462910369,96414463212582,299.97,302.213
2,385,96414464959191,96414464958369,96414465603412,644.221,645.043
2,386,96414467416804,96414467415969,96414467617111,200.307,201.142
2,387,96414469874427,96414469873569,96414470147086,272.659,273.517
2,388,96414471923886,96414471921569,96414472588659,664.773,667.09
2,389,96414474380889,96414474379169,96414474745602,364.713,366.433
2,390,96414476838433,96414476836769,96414477183584,345.151,346.815
2,391,96414478885662,96414478884769,96414479572665,687.003,687.896
2,392,96414481343124,96414481342369,96414481551361,208.237,208.992
2,393,96414483801398,96414483799969,96414484099278,297.88,299.309
2,394,96414486258301,96414486257569,96414486538880,280.579,281.311
2,395,96414488307090,96414488305569,96414489017284,710.194,711.715
2,396,96414490765483,96414490763169,96414491077103,311.62,313.934
2,397,96414493222296,96414493220769,96414493499836,277.54,279.067
2,398,96414495269495,96414495268769,96414495964009,694.514,695.24
2,399,96414497727059,96414497726369,96414498049289,322.23,322.92
2,400,96414500184731,96414500183969,96414500388478,203.747,204.509
2,401,96414502234270,96414502231969,96414502876953,642.683,644.984
2,402,96414504691074,96414504689569,96414504910591,219.517,221.022
2,403,96414507148917,96414507147169,96414507458678,309.761,311.509
2,404,96414509195866,96414509195169,96414509874979,679.113,679.81
2,405,96414511653439,96414511652769,96414511871777,218.338,219.008
2,406,96414514111142,96414514110369,96414514311949,200.807,201.58
2,407,96414516568665,96414516567969,96414516828214,259.549,260.245
2,408,96414518617855,96414518615969,96414519292137,674.282,676.168
2,409,96414521075187,96414521073569,96414521382668,307.481,309.099
2,410,96414523532901,96414523531169,96414523847361,314.46,316.192
2,411,96414525579930,96414525579169,96414526226762,646.832,647.593
2,412,96414528037493,96414528036769,96414528345653,308.16,308.884
2,413,96414530495236,96414530494369,96414530779296,284.06,284.927
2,414,96414532543875,96414532542369,96414533225798,681.923,683.429
2,415,96414535009988,96414534999969,96414535332249,322.261,332.28
2,416,96414537459351,96414537457569,96414537753591,294.24,296.022
2,417,96414539506361,96414539505569,96414540141532,635.171,635.963
2,418,96414541963833,96414541963169,96414542211141,247.308,247.972
2,419,96414544421517,96414544420769,96414544631124,209.607,210.355
2,420,96414546879119,96414546878369,96414547099247,220.128,220.878
2,421,96414548927949,96414548926369,96414549616832,688.883,690.463
2,422,96414551385892,96414551383969,96414551683752,297.86,299.783
2,423,96414553843155,96414553841569,96414554038731,195.576,197.162
2,424,96414555890774,96414555889569,96414556523786,633.012,634.217
2,425,96414558504952,96414558347169,96414559889779,1384.827,1542.61
2,426,96414560805560,96414560804769,96414561157432,351.872,352.663
2,427,96414562855709,96414562852769,96414563548753,693.044,695.984
2,428,96414565348584,96414565310369,96414565685105,336.521,374.736
2,429,96414567781286,96414567767969,96414568089756,308.47,321.787
2,430,96414569817475,96414569815969,96414570503828,686.353,687.859
2,431,96414572274918,96414572273569,96414572519416,244.498,245.847
2,432,96414574732301,96414574731168,96414574943438,211.137,212.27
2,433,96414577190434,96414577188769,96414577420181,229.747,231.412
2,434,96414579238883,96414579236769,96414579888845,649.962,652.076
2,435,96414581696146,96414581694369,96414582014637,318.491,320.268
2,436,96414585034819,96414584151968,96414585750563,715.744,1598.595
2,437,96414586200849,96414586199969,96414586919043,718.194,719.074
2,438,96414588658261,96414588657569,96414589019823,361.562,362.254
2,439,96414591115914,96414591115169,96414591327912,211.998,212.743
2,440,96414593165244,96414593163168,96414593841237,675.993,678.069
2,441,96414597024404,96414595620769,96414597973266,948.862,2352.497
2,442,96414598081790,96414598078369,96414598605157,523.367,526.788
2,443,96414600127420,96414600126369,96414600942087,814.667,815.718
2,444,96414602584782,96414602583968,96414602832360,247.578,248.392
2,445,96414605042315,96414605041569,96414605252663,210.348,211.094
2,446,96414607500008,96414607499169,96414607782598,282.59,283.429
2,447,96414609549477,96414609547169,96414610382536,833.059,835.367
2,448,96414612013241,96414612004768,96414612332491,319.25,327.723
2,449,96414614464254,96414614462369,96414614730803,266.549,268.434
2,450,96414616511043,96414616510369,96414617197916,686.873,687.547
2,451,96414618968805,96414618967969,96414619164382,195.577,196.413
2,452,96414621426269,96414621425568,96414621618166,191.897,192.598
2,453,96414623475148,96414623473569,96414624159321,684.173,685.752
2,454,96414625933222,96414625931169,96414626253532,320.31,322.363
2,455,96414628390554,96414628388769,96414628709475,318.921,320.706
2,456,96414630437524,96414630436768,96414631120367,682.843,683.599
2,457,96414632895146,96414632894369,96414633532618,637.472,638.249
2,458,96414635352650,96414635351969,96414635552146,199.496,200.177
2,459,96414637810332,96414637809569,96414638082542,272.21,272.973
2,460,96414639859671,96414639857569,96414640549045,689.374,691.476
2,461,96414642317465,96414642315169,96414642551283,233.818,236.114
2,462,96414644779708,96414644772769,96414645057918,278.21,285.149
2,463,96414646821677,96414646820769,96414647526841,705.164,706.072
2,464,96414649279380,96414649278369,96414649481177,201.797,202.808
2,465,96414651736703,96414651735969,96414651956180,219.477,220.211
2,466,96414653785842,96414653783969,96414654466026,680.184,682.057
2,467,96414656243616,96414656241569,96414656556656,313.04,315.087
2,468,96414658701088,96414658699169,96414659013859,312.771,314.69
2,469,96414660748087,96414660747169,96414661417020,668.933,669.851
2,470,96414663205821,96414663204769,96414663893154,687.333,688.385
2,471,96414665663364,96414665662369,96414665960153,296.789,297.784
2,472,96414668120947,96414668119969,96414668390746,269.799,270.777
2,473,96414670170336,96414670167969,96414671034505,864.169,866.536
2,474,96414672629310,96414672625569,96414673003192,373.882,377.623
2,475,96414675086652,96414675083169,96414675398373,311.721,315.204
2,476,96414677132332,96414677131169,96414677936048,803.716,804.879
2,477,96414679590084,96414679588769,96414679954007,363.923,365.238
2,478,96414682047768,96414682046369,96414682410230,362.462,363.861
2,479,96414684099317,96414684094369,96414684834092,734.775,739.723
2,480,96414686556570,96414686551969,96414686935382,378.812,383.413
2,481,96414689064945,96414689009569,96414689427937,362.992,418.368
2,482,96414691058982,96414691057569,96414691724965,665.983,667.396
2,483,96414693516585,96414693515169,96414694236430,719.845,721.261
2,484,96414695973789,96414695972769,96414696327241,353.452,354.472
2,485,96414698431321,96414698430369,96414698808294,376.973,377.925
2,486,96414700481990,96414700478369,96414701194235,712.245,715.866
2,487,96414702940154,96414702935969,96414703294916,354.762,358.947
2,488,96414705397526,96414705393569,96414705724148,326.622,330.579
2,489,96414707442466,96414707441569,96414708125089,682.623,683.52
2,490,96414709900509,96414709899169,96414710236620,336.111,337.451
2,491,96414712357522,96414712356769,96414712736205,378.683,379.436
2,492,96414714408051,96414714404769,96414715171637,763.586,766.868
2,493,96414716866054,96414716862369,96414717229697,363.643,367.328
2,494,96414719323167,96414719319969,96414719719801,396.634,399.832
2,495,96414721368706,96414721367969,96414722095971,727.265,728.002
2,496,96414723826290,96414723825569,96414724569724,743.434,744.155
2,497,96414726284193,96414726283169,96414726606403,322.21,323.234
2,498,96414728741896,96414728740769,96414729076497,334.601,335.728
2,499,96414730798485,96414730788769,96414731726277,927.792,937.508
2,500,96414733249718,96414733246369,96414733627361,377.643,380.992
2,501,96414735707891,96414735703969,96414736081893,374.002,377.924
2,502,96414737752671,96414737751969,96414738575808,823.137,823.839
2,503,96414740210253,96414740209569,96414740546895,336.642,337.326
2,504,96414742667936,96414742667169,96414742883274,215.338,216.105
2,505,96414744718566,96414744715169,96414745408089,689.523,692.92
2,506,96414747175868,96414747172769,96414747498110,322.242,325.341
2,507,96414749634142,96414749630369,96414749953243,319.101,322.874
2,508,96414751679871,96414751678369,96414752358764,678.893,680.395
2,509,96414754136994,96414754135969,96414754839337,702.343,703.368
2,510,96414756594296,96414756593569,96414756796844,202.548,203.275
2,511,96414759052170,96414759051169,96414759307719,255.549,256.55
2,512,96414761101199,96414761099169,96414761797923,696.724,698.754
2,513,96414763558473,96414763556769,96414763879843,321.37,323.074
2,514,96414766016735,96414766014369,96414766284665,267.93,270.296
2,515,96414768063215,96414768062369,96414768751268,688.053,688.899
2,516,96414770520887,96414770519969,96414770831978,311.091,312.009
2,517,96414772978291,96414772977569,96414773256930,278.639,279.361
2,518,96414775027280,96414775025569,96414775661212,633.932,635.643
2,519,96414777485053,96414777483169,96414777802453,317.4,319.284
2,520,96414779942376,96414779940769,96414780153073,210.697,212.304
2,521,96414781989775,96414781988769,96414782694750,704.975,705.981
2,522,96414784447218,96414784446369,96414785128921,681.703,682.552
2,523,96414786904951,96414786903969,96414787119668,214.717,215.699
2,524,96414789837800,96414789361569,96414790310577,472.777,949.008
2,525,96414791412484,96414791409569,96414792201150,788.666,791.581
2,526,96414793869257,96414793867169,96414794199028,329.771,331.859
2,527,96414796345420,96414796324769,96414796630050,284.63,305.281
2,528,96414798373589,96414798372769,96414799086043,712.454,713.274
2,529,96414800831102,96414800830369,96414801042259,211.157,211.89
2,530,96414803288695,96414803287969,96414803518403,229.708,230.434
2,531,96414805337985,96414805335969,96414806076040,738.055,740.071
2,532,96414807795537,96414807793569,96414808030415,234.878,236.846
2,533,96414810252990,96414810251169,96414810467608,214.618,216.439
2,534,96414812299929,96414812299169,96414813000754,700.825,701.585
2,535,96414814757813,96414814756769,96414815421325,663.512,664.556
2,536,96414817215155,96414817214369,96414817426473,211.318,212.104
2,537,96414819672789,96414819671969,96414819987259,314.47,315.29
2,538,96414821722108,96414821719969,96414822402001,679.893,682.032
2,539,96414824179681,96414824177569,96414824506352,326.671,328.783
2,540,96414826637104,96414826635169,96414826914884,277.78,279.715
2,541,96414828683903,96414828683169,96414829365796,681.893,682.627
2,542,96414831141766,96414831140769,96414831445707,303.941,304.938
2,543,96414833599120,96414833598369,96414833862858,263.738,264.489
2,544,96414835648409,96414835646369,96414836323552,675.143,677.183
2,545,96414838105631,96414838103969,96414838344600,238.969,240.631
2,546,96414840563365,96414840561569,96414840874355,310.99,312.786
2,547,96414842610344,96414842609569,96414843294317,683.973,684.748
2,548,96414845067907,96414845067169,96414845709989,642.082,642.82
2,549,96414847525640,96414847524769,96414847726467,200.827,201.698
2,550,96414849983173,96414849982369,96414850214091,230.918,231.722
2,551,96414852032332,96414852030369,96414852783048,750.716,752.679
2,552,96414854489576,96414854487969,96414854806806,317.23,318.837
2,553,96414856947538,96414856945569,96414857192127,244.589,246.558
2,554,96414858994347,96414858993569,96414859664860,670.513,671.291
2,555,96414861451931,96414861451169,96414861650318,198.387,199.149
2,556,96414863910014,96414863908769,96414864118411,208.397,209.642
2,557,96414865958993,96414865956769,96414866638316,679.323,681.547
2,558,96414868415946,96414868414369,96414868629163,213.217,214.794
2,559,96414870874219,96414870871969,96414871184490,310.271,312.521
2,560,96414872920728,96414872919969,96414873604301,683.573,684.332
2,561,96414875378232,96414875377569,96414876033363,655.131,655.794
2,562,96414877836034,96414877835169,96414878139335,303.301,304.166
2,563,96414880293438,96414880292769,96414880577887,284.449,285.118
2,564,96414882342637,96414882340769,96414883031450,688.813,690.681
2,565,96414884800070,96414884798369,96414885105110,305.04,306.741
2,566,96414887257543,96414887255969,96414887460919,203.376,204.95
2,567,96414889304712,96414889303969,96414889997625,692.913,693.656
2,568,96414891762295,96414891761569,96414892086156,323.861,324.587
2,569,96414894220189,96414894219169,96414894423315,203.126,204.146
2,570,96414896268998,96414896267169,96414896965160,696.162,697.991
2,571,96414900969476,96414898724769,96414902139616,1170.14,3414.847
2,572,96414901184644,96414901182369,96414902381164,1196.52,1198.795
2,573,96414903231393,96414903230369,96414904138244,906.851,907.875
2,574,96414905733188,96414905687969,96414906452751,719.563,764.782
2,575,96414908146399,96414908145569,96414908358326,211.927,212.757
2,576,96414910604012,96414910603169,96414910912832,308.82,309.663
2,577,96414912653221,96414912651169,96414913456469,803.248,805.3
2,578,96414915110555,96414915108769,96414915315661,205.106,206.892
2,579,96414917568227,96414917566369,96414917821146,252.919,254.777
2,580,96414919615086,96414919614369,96414920307800,692.714,693.431
2,581,96414922072709,96414922071969,96414922293907,221.198,221.938
2,582,96414924530253,96414924529569,96414924816922,286.669,287.353
2,583,96414926579092,96414926577569,96414927250535,671.443,672.966
2,584,96414929036865,96414929035169,96414929348975,312.11,313.806
2,585,96414931494578,96414931492769,96414931815408,320.83,322.639
2,586,96414933541897,96414933540769,96414934234401,692.504,693.632
2,587,96414935999271,96414935998369,96414936688804,689.533,690.435
2,588,96414938457003,96414938455969,96414938790814,333.811,334.845
2,589,96414940914376,96414940913569,96414941233507,319.131,319.938
2,590,96414942963726,96414942961569,96414943653179,689.453,691.61
2,591,96414945421338,96414945419169,96414945759440,338.102,340.271
2,592,96414947878701,96414947876769,96414948180342,301.641,303.573
2,593,96414949925791,96414949924769,96414950617604,691.813,692.835
2,594,96414952383404,96414952382369,96414952587131,203.727,204.762
2,595,96414954840876,96414954839969,96414955044414,203.538,204.445
2,596,96414956890387,96414956887969,96414957589910,699.523,701.941
2,597,96414959348089,96414959345569,96414959684130,336.041,338.561
2,598,96414961805493,96414961803169,96414962111423,305.93,308.254
2,599,96414963852141,96414963851169,96414964534014,681.873,682.845
2,600,96414966309735,96414966308769,96414967031259,721.524,722.49
2,601,96414968767417,96414968766369,96414968972124,204.707,205.755
2,602,96414971224861,96414971223969,96414971512270,287.409,288.301
2,603,96414973273660,96414973271969,96414973980454,706.794,708.485
2,604,96414975731722,96414975729569,96414976050403,318.681,320.834
2,605,96414978189096,96414978187169,96414978492577,303.481,305.408
2,606,96414980235955,96414980235169,96414980944049,708.094,708.88
2,607,96414982693438,96414982692769,96414982911425,217.987,218.656
2,608,96414985151351,96414985150369,96414985423130,271.779,272.761
2,609,96414987200381,96414987198369,96414987877923,677.542,679.554
2,610,96414989657613,96414989655969,96414989881261,223.648,225.292
2,611,96414992115367,96414992113569,96414992411717,296.35,298.148
2,612,96414994162386,96414994161569,96414994846989,684.603,685.42
2,613,96414996619928,96414996619169,96414997267881,647.953,648.712
2,614,96414999077502,96414999076769,96414999295320,217.818,218.551
2,615,96415001535315,96415001534369,96415001828615,293.3,294.246
2,616,96415003584214,96415003582369,96415004230836,646.622,648.467
2,617,96415006041917,96415006039969,96415006345928,304.011,305.959
2,618,96415008499860,96415008497569,96415008775350,275.49,277.781
2,619,96415010546539,96415010545569,96415011243593,697.054,698.024
2,620,96415013010942,96415013003169,96415014235104,1224.162,1231.935
2,621,96415015461735,96415015460769,96415015672522,210.787,211.753
2,622,96415017511234,96415017508769,96415018231749,720.515,722.98
2,623,96415019968448,96415019966369,96415020322490,354.042,356.121
2,624,96415022425771,96415022423969,96415022668319,242.548,244.35
2,625,96415024472640,96415024471969,96415025186684,714.044,714.715
2,626,96415026930233,96415026929569,96415027590526,660.293,660.957
2,627,96415029387916,96415029387169,96415029660805,272.889,273.636
2,628,96415031845640,96415031844769,96415032199852,354.212,355.083
2,629,96415033894749,96415033892769,96415034732737,837.988,839.968
2,630,96415036352791,96415036350369,96415036736385,383.594,386.016
2,631,96415038810365,96415038807969,96415039046993,236.628,239.024
2,632,96415040856744,96415040855969,96415041572218,715.474,716.249
2,633,96415043314457,96415043313569,96415043650109,335.652,336.54
2,634,96415045774050,96415045771169,96415046006788,232.738,235.619
2,635,96415047821529,96415047819169,96415048641857,820.328,822.688
2,636,96415050279112,96415050276769,96415050519440,240.328,242.671
2,637,96415052737546,96415052734369,96415052996484,258.938,262.115
2,638,96415054783095,96415054782369,96415055496559,713.464,714.19
2,639,96415057240677,96415057239969,96415057928311,687.634,688.342
2,640,96415059698421,96415059697569,96415059973460,275.039,275.891
2,641,96415062155974,96415062155169,96415062425913,269.939,270.744
2,642,96415064205913,96415064203169,96415064889536,683.623,686.367
2,643,96415066663096,96415066660769,96415066989957,326.861,329.188
2,644,96415069121319,96415069118369,96415069391218,269.899,272.849
2,645,96415071167078,96415071166369,96415071866852,699.774,700.483
2,646,96415073624812,96415073623969,96415073946742,321.93,322.773
2,647,96415076082334,96415076081569,96415076356213,273.879,274.644
2,648,96415078131213,96415078129569,96415078816357,685.144,686.788
2,649,96415080589137,96415080587169,96415080914027,324.89,326.858
2,650,96415083046430,96415083044769,96415083254517,208.087,209.748
2,651,96415085093519,96415085092769,96415085818263,724.744,725.494
2,652,96415087551082,96415087550369,96415088242375,691.293,692.006
2,653,96415090009905,96415090007969,96415090300855,290.95,292.886
2,654,96415092466258,96415092465569,96415092729717,263.459,264.148
2,655,96415094515508,96415094513569,96415095241072,725.564,727.503
2,656,96415096973190,96415096971169,96415097185417,212.227,214.248
2,657,96415099430474,96415099428769,96415099696422,265.948,267.653
2,658,96415101477472,96415101476769,96415102170006,692.534,693.237
2,659,96415103935136,96415103934369,96415104140673,205.537,206.304
2,660,96415106392668,96415106391969,96415106589485,196.817,197.516
2,661,96415108441728,96415108439969,96415109129481,687.753,689.512
2,662,96415110899141,96415110897569,96415111220312,321.171,322.743
2,663,96415113356844,96415113355169,96415113658004,301.16,302.835
2,664,96415115404023,96415115403169,96415116078406,674.383,675.237
2,665,96415117861566,96415117860769,96415118544300,682.734,683.531
2,666,96415120319119,96415120318369,96415120611429,292.31,293.06
2,667,96415122777212,96415122775969,96415123071512,294.3,295.543
2,668,96415125873057,96415124823969,96415126763247,890.19,1939.278
2,669,96415127283684,96415127281569,96415127640207,356.523,358.638
2,670,96415129741848,96415129739169,96415130016787,274.939,277.618
2,671,96415131788037,96415131787169,96415132433739,645.702,646.57
2,672,96415134245610,96415134244769,96415134555741,310.131,310.972
2,673,96415136703533,96415136702369,96415136993943,290.41,291.574
2,674,96415138752652,96415138750369,96415139428345,675.693,677.976
2,675,96415141209835,96415141207969,96415141538456,328.621,330.487
2,676,96415143667388,96415143665569,96415143888506,221.118,222.937
2,677,96415145714288,96415145713569,96415146432601,718.313,719.032
2,678,96415148172000,96415148171169,96415148870414,698.414,699.245
2,679,96415150629444,96415150628769,96415150840811,211.367,212.042
2,680,96415153087126,96415153086369,96415153358525,271.399,272.156
2,681,96415155136536,96415155134369,96415155920412,783.876,786.043
2,682,96415157593949,96415157591969,96415157816606,222.657,224.637
2,683,96415160051262,96415160049569,96415160319971,268.709,270.402
2,684,96415162098391,96415162097569,96415162795745,697.354,698.176
2,685,96415164555855,96415164555169,96415164782482,226.627,227.313
2,686,96415167013487,96415167012769,96415167217714,204.227,204.945
2,687,96415169062586,96415169060769,96415169695988,633.402,635.219
2,688,96415171520200,96415171518369,96415171844230,324.03,325.861
2,689,96415173977802,96415173975969,96415174284973,307.171,309.004
2,690,96415176024702,96415176023969,96415176705145,680.443,681.176
2,691,96415178482215,96415178481569,96415179165958,683.743,684.389
2,692,96415180939858,96415180939169,96415181141015,201.157,201.846
2,693,96415183397561,96415183396769,96415183661340,263.779,264.571
2,694,96415185446520,96415185444769,96415186082152,635.632,637.383
2,695,96415187904133,96415187902369,96415188224454,320.321,322.085
2,696,96415190361657,96415190359969,96415190598024,236.367,238.055
2,697,96415192408636,96415192407969,96415193047097,638.461,639.128
2,698,96415194866268,96415194865569,96415195077585,211.317,212.016
2,699,96415197323882,96415197323169,96415197523818,199.936,200.649
2,700,96415199372751,96415199371169,96415200055254,682.503,684.085
2,701,96415201830514,96415201828769,96415202060492,229.978,231.723
2,702,96415204288077,96415204286369,96415204499594,211.517,213.225
2,703,96415206335347,96415206334369,96415207079841,744.494,745.472
2,704,96415208792669,96415208791969,96415209458852,666.183,666.883
2,705,96415211250333,96415211249569,96415211450799,200.466,201.23
2,706,96415213707855,96415213707169,96415213994825,286.97,287.656
2,707,96415215756874,96415215755169,96415216512760,755.886,757.591
2,708,96415218214488,96415218212769,96415218522958,308.47,310.189
2,709,96415220671911,96415220670369,96415220939500,267.589,269.131
2,710,96415222719120,96415222718369,96415223410113,690.993,691.744
2,711,96415225176943,96415225175969,96415225386030,209.087,210.061
2,712,96415227634236,96415227633569,96415227912366,278.13,278.797
2,713,96415229683835,96415229681569,96415230358218,674.383,676.649
2,714,96415232141279,96415232139169,96415232442468,301.189,303.299
2,715,96415234598941,96415234596769,96415234925623,326.682,328.854
2,716,96415237056335,96415237054369,96415237339144,282.809,284.775
2,717,96415239103184,96415239102369,96415239829908,726.724,727.539
2,718,96415241560747,96415241559969,96415241882667,321.92,322.698
2,719,96415244018329,96415244017569,96415244282429,264.1,264.86
2,720,96415246067729,96415246065569,96415246744392,676.663,678.823
2,721,96415248524762,96415248523169,96415248853243,328.481,330.074
2,722,96415250982536,96415250980769,96415251259214,276.678,278.445
2,723,96415253029605,96415253028769,96415253736898,707.293,708.129
2,724,96415255487107,96415255486369,96415255800968,313.861,314.599
2,725,96415257944981,96415257943969,96415258230960,285.979,286.991
2,726,96415259993520,96415259991969,96415260639591,646.071,647.622
2,727,96415262451333,96415262449569,96415262781894,330.561,332.325
2,728,96415264908846,96415264907169,96415265217526,308.68,310.357
2,729,96415267366859,96415267364769,96415267666769,299.91,302.0
2,730,96415269413558,96415269412769,96415270091671,678.113,678.902
2,731,96415271871091,96415271870369,96415272083328,212.237,212.959
2,732,96415274329014,96415274327969,96415274591223,262.209,263.254
2,733,96415276377583,96415276375969,96415277178540,800.957,802.571
2,734,96415278835336,96415278833569,96415279134337,299.001,300.768
2,735,96415281292750,96415281291169,96415281560319,267.569,269.15
2,736,96415283959099,96415283339169,96415285057367,1098.268,1718.198
2,737,96415287225960,96415285796769,96415288140861,914.901,2344.092
2,738,96415288256205,96415288254369,96415288679229,423.024,424.86
2,739,96415290305684,96415290302369,96415291136472,830.788,834.103
2,740,96415292762928,96415292759969,96415292994565,231.637,234.596
2,741,96415295220200,96415295217569,96415295447848,227.648,230.279
2,742,96415297677423,96415297675169,96415297965063,287.64,289.894
2,743,96415299723852,96415299723169,96415300395125,671.273,671.956
2,744,96415302181576,96415302180769,96415302377192,195.616,196.423
2,745,96415304639138,96415304638369,96415304934568,295.43,296.199
2,746,96415306688047,96415306686369,96415307319749,631.702,633.38
2,747,96415309145871,96415309143969,96415309465092,319.221,321.123
2,748,96415311603433,96415311601569,96415311920474,317.041,318.905
2,749,96415313650253,96415313649569,96415314378578,728.325,729.009
2,750,96415316107996,96415316107169,96415316324013,216.017,216.844
2,751,96415318565659,96415318564769,96415318856869,291.21,292.1
2,752,96415320614358,96415320612769,96415321295551,681.193,682.782
2,753,96415323072012,96415323070369,96415323281189,209.177,210.82
2,754,96415325529594,96415325527969,96415325842255,312.661,314.286
2,755,96415327987298,96415327985569,96415328282228,294.93,296.659
2,756,96415330034257,96415330033569,96415330721670,687.413,688.101
2,757,96415332491950,96415332491169,96415332784010,292.06,292.841
2,758,96415334949483,96415334948769,96415335213841,264.358,265.072
2,759,96415336998262,96415336996769,96415337745108,746.846,748.339
2,760,96415339456085,96415339454369,96415339683893,227.808,229.524
2,761,96415341913548,96415341911969,96415342183558,270.01,271.589
2,762,96415343960838,96415343959969,96415344645981,685.143,686.012
2,763,96415346418450,96415346417569,96415346630768,212.318,213.199
2,764,96415348876114,96415348875169,96415349632869,756.755,757.7
2,765,96415351437270,96415350923169,96415352736284,1299.014,1813.115
2,766,96415353382715,96415353380769,96415353868152,485.437,487.383
2,767,96415355840759,96415355838369,96415356183161,342.402,344.792
2,768,96415358298232,96415358295969,96415358602782,304.55,306.813
2,769,96415360344681,96415360343969,96415361037745,693.064,693.776
2,770,96415362802234,96415362801569,96415363050873,248.639,249.304
2,771,96415365259897,96415365259169,96415365592438,332.541,333.269
2,772,96415367309776,96415367307169,96415368040441,730.665,733.272
2,773,96415369767430,96415369764769,96415370014538,247.108,249.769
2,774,96415372224662,96415372222369,96415372428970,204.308,206.601
2,775,96415374271072,96415374270369,96415375061219,790.147,790.85
2,776,96415376728785,96415376727969,96415376968853,240.068,240.884
2,777,96415379186498,96415379185569,96415379419776,233.278,234.207
2,778,96415381235337,96415381233569,96415381942471,707.134,708.902
2,779,96415383693300,96415383691169,96415383997611,304.311,306.442
2,780,96415386150983,96415386148769,96415386382991,232.008,234.222
2,781,96415388609227,96415388606369,96415388974229,365.002,367.86
2,782,96415390655246,96415390654369,96415391349139,693.893,694.77
2,783,96415393113058,96415393111969,96415393397298,284.24,285.329
2,784,96415395570451,96415395569569,96415395845781,275.33,276.212
2,785,96415397619671,96415397617569,96415398372186,752.515,754.617
2,786,96415400077654,96415400075169,96415400308392,230.738,233.223
2,787,96415402534887,96415402532769,96415402791466,256.579,258.697
2,788,96415404581716,96415404580769,96415405309021,727.305,728.252
2,789,96415407039159,96415407038369,96415407290468,251.309,252.099
2,790,96415409496762,96415409495969,96415409695499,198.737,199.53
2,791,96415411545762,96415411543969,96415412188993,643.231,645.024
2,792,96415414011325,96415414001569,96415414220802,209.477,219.233
2,793,96415416460958,96415416459169,96415416668814,207.856,209.645
2,794,96415418918941,96415418916769,96415419168479,249.538,251.71
2,795,96415420965580,96415420964769,96415421650993,685.413,686.224
2,796,96415423423082,96415423422369,96415423721483,298.401,299.114
2,797,96415425880716,96415425879969,96415426111864,231.148,231.895
2,798,96415427929795,96415427927969,96415428565867,636.072,637.898
2,799,96415430387158,96415430385569,96415430701179,314.021,315.61
2,800,96415432845031,96415432843169,96415433120280,275.249,277.111
2,801,96415434891890,96415434891169,96415435529892,638.002,638.723
2,802,96415437349523,96415437348769,96415437543920,194.397,195.151
2,803,96415439807087,96415439806369,96415440085226,278.139,278.857
2,804,96415441855956,96415441854369,96415442541509,685.553,687.14
2,805,96415444702602,96415444311969,96415445498379,795.777,1186.41
2,806,96415446777642,96415446769569,96415447099903,322.261,330.334
2,807,96415449229015,96415449227169,96415449458043,229.028,230.874
2,808,96415451275824,96415451275169,96415451968938,693.114,693.769
2,809,96415453733577,96415453732769,96415453953555,219.978,220.786
2,810,96415456191270,96415456190369,96415456427839,236.569,237.47
2,811,96415458239969,96415458238369,96415458954564,714.595,716.195
2,812,96415461201180,96415460695969,96415462057169,855.989,1361.2
2,813,96415464434529,96415463153569,96415465197745,763.216,2044.176
2,814,96415465202444,96415465201569,96415466082834,880.39,881.265
2,815,96415467659928,96415467659169,96415468041891,381.963,382.722
2,816,96415470117611,96415470116769,96415470337498,219.887,220.729
2,817,96415472166600,96415472164769,96415472924505,757.905,759.736
2,818,96415474624233,96415474622369,96415474894832,270.599,272.463
2,819,96415477082096,96415477079969,96415477288653,206.557,208.684
2,820,96415479539729,96415479537569,96415479798808,259.079,261.239
2,821,96415481586549,96415481585569,96415482262881,676.332,677.312
2,822,96415484044071,96415484043169,96415484281250,237.179,238.081
2,823,96415486501805,96415486500769,96415486807365,305.56,306.596
2,824,96415488550944,96415488548769,96415489241597,690.653,692.828
2,825,96415491010486,96415491006369,96415491331718,321.232,325.349
2,826,96415493465940,96415493463969,96415493723209,257.269,259.24
2,827,96415495512869,96415495511969,96415496228543,715.674,716.574
2,828,96415497970512,96415497969569,96415498188959,218.447,219.39
2,829,96415500427896,96415500427169,96415500654073,226.177,226.904
2,830,96415502476985,96415502475169,96415503158487,681.502,683.318
2,831,96415504934547,96415504932769,96415505208477,273.93,275.708
2,832,96415507391961,96415507390369,96415507690011,298.05,299.642
2,833,96415509849683,96415509847969,96415510087732,238.049,239.763
2,834,96415511896713,96415511895969,96415512589747,693.034,693.778
2,835,96415514354326,96415514353569,96415514656496,302.17,302.927
2,836,96415516811899,96415516811169,96415517097448,285.549,286.279
2,837,96415518860778,96415518859169,96415519543811,683.033,684.642
2,838,96415521318552,96415521316769,96415521618341,299.789,301.572
2,839,96415523777884,96415523774369,96415524067524,289.64,293.155
2,840,96415525823113,96415525822369,96415526514917,691.804,692.548
2,841,96415528281157,96415528279969,96415528486373,205.216,206.404
2,842,96415530739459,96415530737569,96415530943307,203.848,205.738
2,843,96415532787229,96415532785569,96415533424550,637.321,638.981
2,844,96415535244882,96415535243169,96415535504751,259.869,261.582
2,845,96415537702555,96415537700769,96415538005775,303.22,305.006
2,846,96415540160158,96415540158369,96415540402606,242.448,244.237
2,847,96415542207158,96415542206369,96415542944642,737.484,738.273
2,848,96415544664830,96415544663969,96415544902048,237.218,238.079
2,849,96415547122744,96415547121569,96415547392263,269.519,270.694
2,850,96415549171463,96415549169569,96415549818855,647.392,649.286
2,851,96415551629085,96415551627169,96415551943866,314.781,316.697
2,852,96415554086749,96415554084769,96415554755371,668.622,670.602
2,853,96415558052773,96415556132769,96415559187801,1135.028,3055.032
2,854,96415558591331,96415558590369,96415559490681,899.35,900.312
2,855,96415561048693,96415561047969,96415561362364,313.671,314.395
2,856,96415563099013,96415563095969,96415564015975,916.962,920.006
2,857,96415565557166,96415565553569,96415565844796,287.63,291.227
2,858,96415568014760,96415568011168,96415568601970,587.21,590.802
2,859,96415570471642,96415570468769,96415570816204,344.562,347.435
2,860,96415572517892,96415572516769,96415573227146,709.254,710.377
2,861,96415574975495,96415574974368,96415575192592,217.097,218.224
2,862,96415577433178,96415577431968,96415577728498,295.32,296.53
2,863,96415579483567,96415579479969,96415580291514,807.947,811.545
2,864,96415581941890,96415581937569,96415582280661,338.771,343.092
2,865,96415584397643,96415584395168,96415584685523,287.88,290.355
2,866,96415586444042,96415586443169,96415587129345,685.303,686.176
2,867,96415588901645,96415588900769,96415589111223,209.578,210.454
2,868,96415591359148,96415591358369,96415591659748,300.6,301.379
2,869,96415593408097,96415593406369,96415594080140,672.043,673.771
2,870,96415595865921,96415595863969,96415596112399,246.478,248.43
2,871,96415598323214,96415598321569,96415598635004,311.79,313.435
2,872,96415600780816,96415600779169,96415601051726,270.91,272.557
2,873,96415602828045,96415602827169,96415603547960,719.915,720.791
2,874,96415605285659,96415605284769,96415605591699,306.04,306.93
2,875,96415607743072,96415607742369,96415608039143,296.071,296.774
2,876,96415609792321,96415609790369,96415610462714,670.393,672.345
2,877,96415612249534,96415612247969,96415612554445,304.911,306.476
2,878,96415614707257,96415614705569,96415614998437,291.18,292.868
2,879,96415616754486,96415616753569,96415617421829,667.343,668.26
2,880,96415619212050,96415619211169,96415619428557,216.507,217.388
2,881,96415621716204,96415621668769,96415621926741,210.537,257.972
2,882,96415623718401,96415623716768,96415624406086,687.685,689.318
2,883,96415626176285,96415626174369,96415626434144,257.859,259.775
2,884,96415628633518,96415628631969,96415628949529,316.011,317.56
2,885,96415631091421,96415631089569,96415631364970,273.549,275.401
2,886,96415633138300,96415633137568,96415633833314,695.014,695.746
2,887,96415635595783,96415635595169,96415635805870,210.087,210.701
2,888,96415638053517,96415638052769,96415638353456,299.939,300.687
2,889,96415640102406,96415640100768,96415640847991,745.585,747.223
2,890,96415642560328,96415642558368,96415642969943,409.615,411.575
2,891,96415645017512,96415645015969,96415645311432,293.92,295.463
2,892,96415647064711,96415647063969,96415647750054,685.343,686.085
2,893,96415649522284,96415649521568,96415649846805,324.521,325.237
2,894,96415651979897,96415651979168,96415652173524,193.627,194.356
2,895,96415654029446,96415654027169,96415654716990,687.544,689.821
2,896,96415656486379,96415656484769,96415656734108,247.729,249.339
2,897,96415658944103,96415658942368,96415659256093,311.99,313.725
2,898,96415661401695,96415661399969,96415661666265,264.57,266.296
2,899,96415663448774,96415663447969,96415664162698,713.924,714.729
2,900,96415665906298,96415665905569,96415666124406,218.108,218.837
2,901,96415668364011,96415668363168,96415668627950,263.939,264.782
2,902,96415670413120,96415670411169,96415671127475,714.355,716.306
2,903,96415672870723,96415672868769,96415673108461,237.738,239.692
2,904,96415675328246,96415675326368,96415675604646,276.4,278.278
2,905,96415677468169,96415677374369,96415678689239,1221.07,1314.87
2,906,96415679832959,96415679831969,96415680057946,224.987,225.977
2,907,96415682290891,96415682289569,96415682498418,207.527,208.849
2,908,96415684351201,96415684337569,96415685087726,736.525,750.157
2,909,96415686858656,96415686795169,96415687098554,239.898,303.385
2,910,96415689255526,96415689252769,96415689496925,241.399,244.156
2,911,96415691713010,96415691710369,96415692055702,342.692,345.333
2,912,96415693759419,96415693758369,96415694438172,678.753,679.803
2,913,96415696217012,96415696215969,96415696548793,331.781,332.824
2,914,96415698674475,96415698673569,96415698924184,249.709,250.615
2,915,96415700724425,96415700721569,96415701367186,642.761,645.617
2,916,96415703181977,96415703179169,96415703513808,331.831,334.639
2,917,96415707334098,96415705636769,96415708238909,904.811,2602.14
2,918,96415707686090,96415707684769,96415708595011,908.921,910.242
2,919,96415710143433,96415710142369,96415710613799,470.366,471.43
2,920,96415712600806,96415712599969,96415712811733,210.927,211.764
2,921,96415714650545,96415714647969,96415715365519,714.974,717.55
2,922,96415719262821,96415717105569,96415721002320,1739.499,3896.751
2,923,96415719566251,96415719563169,96415721452925,1886.674,1889.756
2,924,96415722023714,96415722020769,96415722530812,507.098,510.043
2,925,96415724069703,96415724068769,96415724766597,696.894,697.828
2,926,96415726527557,96415726526369,96415726830366,302.809,303.997
2,927,96415730041145,96415728983969,96415731474923,1433.778,2490.954
2,928,96415731034779,96415731031969,96415732054333,1019.554,1022.364
2,929,96415733491812,96415733489569,96415733801732,309.92,312.163
2,930,96415735949485,96415735947169,96415736216124,266.639,268.955
2,931,96415737996264,96415737995169,96415738685087,688.823,689.918
2,932,96415740453778,96415740452769,96415740816269,362.491,363.5
2,933,96415745037272,96415742910369,96415746953237,1915.965,4042.868
2,934,96415745049232,96415744958369,96415747238686,2189.454,2280.317
2,935,96415747418273,96415747415969,96415747785184,366.911,369.215
2,936,96415749876265,96415749873569,96415750187456,311.191,313.887
2,937,96415752334399,96415752331169,96415752681280,346.881,350.111
2,938,96415754380618,96415754379169,96415755192495,811.877,813.326
2,939,96415756838591,96415756836769,96415757073889,235.298,237.12
2,940,96415759295443,96415759294369,96415759721608,426.165,427.239
2,941,96415761346033,96415761342369,96415763967171,2621.138,2624.802
2,942,96415763802456,96415763799969,96415764396977,594.521,597.008
2,943,96415766259659,96415766257569,96415766494677,235.018,237.108
2,944,96415768306678,96415768305569,96415769067765,761.087,762.196
2,945,96415770764321,96415770763169,96415771050421,286.1,287.252
2,946,96415773221854,96415773220769,96415773931028,709.174,710.259
2,947,96415775270964,96415775268769,96415776015999,745.035,747.23
2,948,96415778033927,96415777726369,96415779517497,1483.57,1791.128
2,949,96415780186259,96415780183969,96415780519241,332.982,335.272
2,950,96415782643993,96415782641569,96415782917082,273.089,275.513
2,951,96415784690912,96415784689569,96415785419756,728.844,730.187
2,952,96415787148005,96415787147169,96415787601250,453.245,454.081
2,953,96415789605928,96415789604769,96415789977181,371.253,372.412
2,954,96415791655557,96415791652769,96415793721978,2066.421,2069.209
2,955,96415794112850,96415794110369,96415794335378,222.528,225.009
2,956,96415796570314,96415796567969,96415796856833,286.519,288.864
2,957,96415799029757,96415798615969,96415799886185,856.428,1270.216
2,958,96415801074885,96415801073569,96415801383827,308.942,310.258
2,959,96415803532189,96415803531169,96415803818798,286.609,287.629
2,960,96415805581408,96415805579169,96415806300113,718.705,720.944
2,961,96415808039041,96415808036769,96415808294130,255.089,257.361
2,962,96415811027082,96415810494369,96415811868461,841.379,1374.092
2,963,96415812954247,96415812951969,96415813226717,272.47,274.748
2,964,96415815000806,96415814999969,96415815687939,687.133,687.97
2,965,96415817458570,96415817457569,96415818102301,643.731,644.732
2,966,96415819916212,96415819915169,96415820230393,314.181,315.224
2,967,96415821965801,96415821963169,96415822599553,633.752,636.384
2,968,96415824423505,96415824420769,96415824730505,307.0,309.736
2,969,96415826880418,96415826878369,96415827083535,203.117,205.166
2,970,96415828927177,96415828926369,96415829615120,687.943,688.751
2,971,96415831384850,96415831383969,96415831693601,308.751,309.632
2,972,96415833842363,96415833841569,96415834051260,208.897,209.691
2,973,96415835891492,96415835889569,96415836574255,682.763,684.686
2,974,96415838349496,96415838347169,96415838612824,263.328,265.655
2,975,96415840806748,96415840804769,96415841111639,304.891,306.87
2,976,96415843264382,96415843262369,96415843540231,275.849,277.862
2,977,96415845311111,96415845310369,96415845960633,649.522,650.264
2,978,96415847774054,96415847767969,96415848074524,300.47,306.555
2,979,96415850226267,96415850225569,96415850498286,272.019,272.717
2,980,96415852275246,96415852273569,96415852965009,689.763,691.44
2,981,96415854733169,96415854731169,96415855053650,320.481,322.481
2,982,96415857190373,96415857188769,96415857456161,265.788,267.392
2,983,96415859237552,96415859236769,96415859925865,688.313,689.096
2,984,96415861695094,96415861694369,96415861909802,214.708,215.433
2,985,96415864152698,96415864151969,96415864348915,196.217,196.946
2,986,96415866201787,96415866199969,96415866878680,676.893,678.711
2,987,96415868659230,96415868657569,96415868920318,261.088,262.749
2,988,96415871116823,96415871115169,96415871418493,301.67,303.324
2,989,96415873574246,96415873572769,96415873853365,279.119,280.596
2,990,96415875621515,96415875620769,96415876307178,685.663,686.409
2,991,96415878079219,96415878078369,96415878372939,293.72,294.57
2,992,96415880536991,96415880535969,96415880821871,284.88,285.902
2,993,96415882585750,96415882583969,96415883222922,637.172,638.953
2,994,96415885043544,96415885041569,96415885334543,290.999,292.974
2,995,96415887500896,96415887499169,96415887811397,310.501,312.228
2,996,96415889548166,96415889547169,96415890230369,682.203,683.2
2,997,96415892008689,96415892004769,96415892222896,214.207,218.127
2,998,96415894463122,96415894462369,96415894668759,205.637,206.39
2,999,96415896512731,96415896510369,96415897139302,626.571,628.933
2,1000,96415898969565,96415898967969,96415899213692,244.127,245.723
2,1001,96415901427437,96415901425569,96415901726867,299.43,301.298
2,1002,96415903884771,96415903883169,96415904157760,272.989,274.591
2,1003,96415905932010,96415905931169,96415906573001,640.991,641.832
2,1004,96415908389603,96415908388769,96415908674982,285.379,286.213
2,1005,96415910847065,96415910846369,96415911121595,274.53,275.226
2,1006,96415912896035,96415912894369,96415913527616,631.581,633.247
2,1007,96415915353598,96415915351969,96415915668769,315.171,316.8
2,1008,96415917811160,96415917809569,96415918080300,269.14,270.731
2,1009,96415919858280,96415919857569,96415920496642,638.362,639.073
2,1010,96415922315873,96415922315169,96415922622354,306.481,307.185
2,1011,96415924776197,96415924772769,96415924986184,209.987,213.415
2,1012,96415926822456,96415926820769,96415927509189,686.733,688.42
2,1013,96415929279989,96415929278369,96415929501846,221.857,223.477
2,1014,96415931737741,96415931735969,96415932052282,314.541,316.313
2,1015,96415934195225,96415934193569,96415934424383,229.158,230.814
2,1016,96415936242264,96415936241569,96415936881835,639.571,640.266
2,1017,96415938699906,96415938699169,96415938914154,214.248,214.985
2,1018,96415941157840,96415941156769,96415941427149,269.309,270.38
2,1019,96415943206419,96415943204769,96415943856861,650.442,652.092
2,1020,96415945664102,96415945662369,96415945885199,221.097,222.83
2,1021,96415948121605,96415948119969,96415948353783,232.178,233.814
2,1022,96415950168705,96415950167969,96415950863448,694.743,695.479
2,1023,96415952626367,96415952625569,96415952839115,212.748,213.546
2,1024,96415955083981,96415955083169,96415955357870,273.889,274.701
2,1025,96415957133010,96415957131169,96415957821823,688.813,690.654
2,1026,96415959590312,96415959588769,96415959862572,272.26,273.803
2,1027,96415962048076,96415962046369,96415962350717,302.641,304.348
2,1028,96415964505899,96415964503969,96415964780949,275.05,276.98
2,1029,96415966552688,96415966551969,96415967273982,721.294,722.013
2,1030,96415969010531,96415969009569,96415969324961,314.43,315.392
2,1031,96415971468014,96415971467169,96415971790806,322.792,323.637
2,1032,96415973517113,96415973515169,96415974153535,636.422,638.366
2,1033,96415975974697,96415975972769,96415976177143,202.446,204.374
2,1034,96415978432259,96415978430369,96415978625066,192.807,194.697
2,1035,96415980479169,96415980478369,96415981121911,642.742,643.542
2,1036,96415982936782,96415982935969,96415983135899,199.117,199.93
2,1037,96415985394455,96415985393569,96415985587441,192.986,193.872
2,1038,96415987443344,96415987441569,96415988125347,682.003,683.778
2,1039,96415989900887,96415989899169,96415990150455,249.568,251.286
2,1040,96415992358460,96415992356769,96415992676761,318.301,319.992
2,1041,96415994816154,96415994814369,96415995083203,267.049,268.834
2,1042,96415996863153,96415996862369,96415997535456,672.303,673.087
2,1043,96415999320645,96415999319969,96415999614075,293.43,294.106
2,1044,96416001778479,96416001777569,96416002057568,279.089,279.999
2,1045,96416003827238,96416003825569,96416004505151,677.913,679.582
2,1046,96416006285431,96416006283169,96416006497999,212.568,214.83
2,1047,96416008742544,96416008740769,96416009016403,273.859,275.634
2,1048,96416010789773,96416010788769,96416011470276,680.503,681.507
2,1049,96416013247106,96416013246369,96416013459043,211.937,212.674
2,1050,96416015704560,96416015703969,96416016010170,305.61,306.201
2,1051,96416017753649,96416017751969,96416018385570,631.921,633.601
2,1052,96416020210991,96416020209569,96416020419108,208.117,209.539
2,1053,96416022669095,96416022667169,96416022972914,303.819,305.745
2,1054,96416025126298,96416025124769,96416025410717,284.419,285.948
2,1055,96416027173707,96416027172769,96416027904412,730.705,731.643
2,1056,96416029631120,96416029630369,96416029936580,305.46,306.211
2,1057,96416032088773,96416032087969,96416032369013,280.24,281.044
2,1058,96416034137952,96416034135969,96416034782554,644.602,646.585
2,1059,96416036595146,96416036593569,96416036900686,305.54,307.117
2,1060,96416039052798,96416039051169,96416039319497,266.699,268.328
2,1061,96416041099937,96416041099169,96416041794411,694.474,695.242
2,1062,96416043557451,96416043556769,96416043878522,321.071,321.753
2,1063,96416046015164,96416046014369,96416046293413,278.249,279.044
2,1064,96416048063923,96416048062369,96416048738955,675.032,676.586
2,1065,96416050521596,96416050519969,96416050780845,259.249,260.876
2,1066,96416052979519,96416052977569,96416053418894,439.375,441.325
2,1067,96416055437112,96416055435169,96416055699521,262.409,264.352
2,1068,96416057483892,96416057483169,96416058162754,678.862,679.585
2,1069,96416059941524,96416059940769,96416060141121,199.597,200.352
2,1070,96416062399167,96416062398369,96416062624805,225.638,226.436
2,1071,96416064448067,96416064446369,96416065138770,690.703,692.401
2,1072,96416066905700,96416066903969,96416067222520,316.82,318.551
2,1073,96416069363193,96416069361569,96416069632041,268.848,270.472
2,1074,96416071410201,96416071409569,96416072101295,691.094,691.726
2,1075,96416073867895,96416073867169,96416074179045,311.15,311.876
2,1076,96416076325909,96416076324769,96416076607397,281.488,282.628
2,1077,96416078374928,96416078372769,96416079066961,692.033,694.192
2,1078,96416080832030,96416080830369,96416081040757,208.727,210.388
2,1079,96416083289634,96416083287969,96416083601674,312.04,313.705
2,1080,96416085747186,96416085745569,96416085985414,238.228,239.845
2,1081,96416087794296,96416087793569,96416088487590,693.294,694.021
2,1082,96416090251818,96416090251169,96416090543258,291.44,292.089
2,1083,96416092709762,96416092708769,96416093005052,295.29,296.283
2,1084,96416094758501,96416094756769,96416095392193,633.692,635.424
2,1085,96416097215944,96416097214369,96416097517344,301.4,302.975
2,1086,96416099674267,96416099671969,96416099949706,275.439,277.737
2,1087,96416101720666,96416101719969,96416102402680,682.014,682.711
2,1088,96416104178389,96416104177569,96416104490180,311.791,312.611
2,1089,96416106635823,96416106635169,96416106927813,291.99,292.644
2,1090,96416108685052,96416108683169,96416109341174,656.122,658.005
2,1091,96416111143064,96416111140769,96416111355772,212.708,215.003
2,1092,96416113600168,96416113598369,96416113913668,313.5,315.299
2,1093,96416116058100,96416116055969,96416116317000,258.9,261.031
2,1094,96416118104920,96416118103969,96416118791073,686.153,687.104
2,1095,96416120562263,96416120561569,96416120779171,216.908,217.602
2,1096,96416123019886,96416123019169,96416123301235,281.349,282.066
2,1097,96416125069015,96416125067169,96416125748458,679.443,681.289
2,1098,96416127526868,96416127524769,96416127835399,308.531,310.63
2,1099,96416129984151,96416129982369,96416130289052,304.901,306.683
2,1100,96416132031210,96416132030369,96416132702043,670.833,671.674
2,1101,96416134488754,96416134487969,96416134817735,328.981,329.766
2,1102,96416136946346,96416136945569,96416137156113,209.767,210.544
2,1103,96416138995146,96416138993569,96416139670028,674.882,676.459
2,1104,96416141452839,96416141451169,96416141709828,256.989,258.659
2,1105,96416143910472,96416143908769,96416144217182,306.71,308.413
2,1106,96416146368045,96416146366369,96416146595772,227.727,229.403
2,1107,96416148415045,96416148414369,96416149050076,635.031,635.707
2,1108,96416150872657,96416150871969,96416151166197,293.54,294.228
2,1109,96416153330311,96416153329569,96416153621370,291.059,291.801
2,1110,96416155379200,96416155377569,96416156018091,638.891,640.522
2,1111,96416157837042,96416157835169,96416158052060,215.018,216.891
2,1112,96416160294536,96416160292769,96416160592356,297.82,299.587
2,1113,96416162341615,96416162340769,96416163034858,693.243,694.089
2,1114,96416164799188,96416164798369,96416165097008,297.82,298.639
2,1115,96416167256631,96416167255969,96416167453528,196.897,197.559
2,1116,96416169305951,96416169303969,96416169986413,680.462,682.444
2,1117,96416171763363,96416171761569,96416172019172,255.809,257.603
2,1118,96416174221067,96416174219169,96416174525357,304.29,306.188
2,1119,96416176678919,96416176676769,96416176970059,291.14,293.29
2,1120,96416178725508,96416178724769,96416179405192,679.684,680.423
2,1121,96416181183092,96416181182369,96416181478742,295.65,296.373
2,1122,96416183640645,96416183639969,96416183917674,277.029,277.705
2,1123,96416185689654,96416185687969,96416186363337,673.683,675.368
2,1124,96416188147447,96416188145569,96416188446247,298.8,300.678
2,1125,96416190604780,96416190603169,96416190911630,306.85,308.461
2,1126,96416192651959,96416192651169,96416193343673,691.714,692.504
2,1127,96416195109523,96416195108769,96416195415223,305.7,306.454
2,1128,96416197567135,96416197566369,96416197868416,301.281,302.047
2,1129,96416199615984,96416199614369,96416200247896,631.912,633.527
2,1130,96416202073448,96416202071969,96416202285515,212.067,213.546
2,1131,96416204531391,96416204529569,96416204838451,307.06,308.882
2,1132,96416206989134,96416206987169,96416207252523,263.389,265.354
2,1133,96416209035913,96416209035169,96416209724837,688.924,689.668
2,1134,96416211493556,96416211492769,96416211711364,217.808,218.595
2,1135,96416213951390,96416213950369,96416214224709,273.319,274.34
2,1136,96416216000039,96416215998369,96416216637110,637.071,638.741
2,1137,96416218457461,96416218455969,96416218766702,309.241,310.733
2,1138,96416220915445,96416220913569,96416221186614,271.169,273.045
2,1139,96416222962314,96416222961569,96416223597335,635.021,635.766
2,1140,96416225420017,96416225419169,96416225728127,308.11,308.958
2,1141,96416227877540,96416227876769,96416228138829,261.289,262.06
2,1142,96416229926459,96416229924769,96416230563131,636.672,638.362
2,1143,96416232384502,96416232382369,96416232597179,212.677,214.81
2,1144,96416234841476,96416234839969,96416235138905,297.429,298.936
2,1145,96416237299448,96416237297569,96416237589418,289.97,291.849
2,1146,96416239346327,96416239345569,96416240044591,698.264,699.022
2,1147,96416241803800,96416241803169,96416242109270,305.47,306.101
2,1148,96416244261434,96416244260769,96416244558823,297.389,298.054
2,1149,96416246310543,96416246308769,96416247002757,692.214,693.988
2,1150,96416248777276,96416248766369,96416249082476,305.2,316.107
2,1151,96416251226579,96416251223969,96416251479748,253.169,255.779
2,1152,96416253272618,96416253271969,96416253945871,673.253,673.902
2,1153,96416255730261,96416255729569,96416255953049,222.788,223.48
2,1154,96416258188104,96416258187169,96416258392411,204.307,205.242
2,1155,96416260236983,96416260235169,96416260929437,692.454,694.268
2,1156,96416262694406,96416262692769,96416262954776,260.37,262.007
2,1157,96416265152560,96416265150369,96416265449389,296.829,299.02
2,1158,96416267609642,96416267607969,96416267878401,268.759,270.432
2,1159,96416269656691,96416269655969,96416270377946,721.255,721.977
2,1160,96416272114315,96416272113569,96416272329072,214.757,215.503
2,1161,96416274571828,96416274571169,96416274856238,284.41,285.069
2,1162,96416276620957,96416276619169,96416277288720,667.763,669.551
2,1163,96416279079630,96416279076769,96416279399641,320.011,322.872
2,1164,96416281536253,96416281534369,96416281762231,225.978,227.862
2,1165,96416283583162,96416283582369,96416284300317,717.155,717.948
2,1166,96416286040656,96416286039969,96416286248853,208.197,208.884
2,1167,96416288498268,96416288497569,96416288686945,188.677,189.376
2,1168,96416290547177,96416290545569,96416291230441,683.264,684.872
2,1169,96416293012421,96416293003169,96416293284491,272.07,281.322
2,1170,96416295462693,96416295460769,96416295784955,322.262,324.186
2,1171,96416297920167,96416297918369,96416298179456,259.289,261.087
2,1172,96416299967666,96416299966369,96416300603578,635.912,637.209
2,1173,96416302424759,96416302423969,96416302712909,288.15,288.94
2,1174,96416304882352,96416304881569,96416305155351,272.999,273.782
2,1175,96416306931672,96416306929569,96416307572943,641.271,643.374
2,1176,96416309388984,96416309387169,96416309699445,310.461,312.276
2,1177,96416311847178,96416311844769,96416312139398,292.22,294.629
2,1178,96416313893477,96416313892769,96416314573599,680.122,680.83
2,1179,96416316351060,96416316350369,96416316555527,204.467,205.158
2,1180,96416318808723,96416318807969,96416319010270,201.547,202.301
2,1181,96416320857922,96416320855969,96416321527254,669.332,671.285
2,1182,96416323315055,96416323313569,96416323561273,246.218,247.704
2,1183,96416325780348,96416325771169,96416325985465,205.117,214.296
2,1184,96416328230811,96416328228769,96416328455189,224.378,226.42
2,1185,96416330277430,96416330276769,96416331011845,734.415,735.076
2,1186,96416332735134,96416332734369,96416333038013,302.879,303.644
2,1187,96416335192716,96416335191969,96416335430725,238.009,238.756
2,1188,96416337241686,96416337239969,96416337929639,687.953,689.67
2,1189,96416339699339,96416339697569,96416339926706,227.367,229.137
2,1190,96416342156942,96416342155169,96416342381600,224.658,226.431
2,1191,96416344203991,96416344203169,96416344889474,685.483,686.305
2,1192,96416346661395,96416346660769,96416346981055,319.66,320.286
2,1193,96416349119497,96416349118369,96416349400177,280.68,281.808
2,1194,96416351167976,96416351166369,96416351845940,677.964,679.571
2,1195,96416353625690,96416353623969,96416353864667,238.977,240.698
2,1196,96416356083332,96416356081569,96416356304570,221.238,223.001
2,1197,96416358540856,96416358539169,96416358825595,284.739,286.426
2,1198,96416360588035,96416360587169,96416361275688,687.653,688.519
2,1199,96416363045548,96416363044769,96416363258445,212.897,213.676
2,1200,96416365503001,96416365502369,96416365741109,238.108,238.74
2,1201,96416367551950,96416367550369,96416368234063,682.113,683.694
2,1202,96416370011653,96416370007969,96416370323624,311.971,315.655
2,1203,96416372467087,96416372465569,96416372691674,224.587,226.105
2,1204,96416374514236,96416374513569,96416375186038,671.802,672.469
2,1205,96416376971868,96416376971169,96416377272599,300.731,301.43
2,1206,96416379429442,96416379428769,96416379635128,205.686,206.359
2,1207,96416381478641,96416381476769,96416382180955,702.314,704.186
2,1208,96416383935924,96416383934369,96416384143631,207.707,209.262
2,1209,96416386393787,96416386391969,96416386698677,304.89,306.708
2,1210,96416388851210,96416388849569,96416389116029,264.819,266.46
2,1211,96416390898399,96416390897569,96416391585892,687.493,688.323
2,1212,96416393355912,96416393355169,96416393550548,194.636,195.379
2,1213,96416395813585,96416395812769,96416396063233,249.648,250.464
2,1214,96416397862474,96416397860769,96416398540827,678.353,680.058
2,1215,96416400320138,96416400318369,96416400621098,300.96,302.729
2,1216,96416402778071,96416402775969,96416403048350,270.279,272.381
2,1217,96416404824660,96416404823969,96416405510173,685.513,686.204
2,1218,96416407282333,96416407281569,96416407593904,311.571,312.335
2,1219,96416409739906,96416409739169,96416410046806,306.9,307.637
2,1220,96416411788865,96416411787169,96416412458488,669.623,671.319
2,1221,96416414246459,96416414244769,96416414491387,244.928,246.618
2,1222,96416416704001,96416416702369,96416417018652,314.651,316.283
2,1223,96416419161594,96416419159969,96416419426193,264.599,266.224
2,1224,96416421208833,96416421207969,96416421896306,687.473,688.337
2,1225,96416423666287,96416423665569,96416423880503,214.216,214.934
2,1226,96416426123959,96416426123169,96416426373738,249.779,250.569
2,1227,96416428172798,96416428171169,96416428819191,646.393,648.022
2,1228,96416430630612,96416430628769,96416430980544,349.932,351.775
2,1229,96416433088125,96416433086369,96416433357294,269.169,270.925
2,1230,96416435135324,96416435134369,96416435819767,684.443,685.398
2,1231,96416437592747,96416437591969,96416437904927,312.18,312.958
2,1232,96416440050270,96416440049569,96416440323070,272.8,273.501
2,1233,96416442099860,96416442097569,96416442780083,680.223,682.514
2,1234,96416444556873,96416444555169,96416444784010,227.137,228.841
2,1235,96416447014675,96416447012769,96416447311156,296.481,298.387
2,1236,96416449472179,96416449470369,96416449695796,223.617,225.427
2,1237,96416451519238,96416451518369,96416452156820,637.582,638.451
2,1238,96416453976751,96416453975969,96416454193238,216.487,217.269
2,1239,96416456434314,96416456433569,96416456644651,210.337,211.082
2,1240,96416458483203,96416458481569,96416459121755,638.552,640.186
2,1241,96416460941246,96416460939169,96416461157694,216.448,218.525
2,1242,96416463398749,96416463396769,96416463663978,265.229,267.209
2,1243,96416465445559,96416465444769,96416466128482,682.923,683.713
2,1244,96416467903151,96416467902369,96416468200512,297.361,298.143
2,1245,96416470360665,96416470359969,96416470571572,210.907,211.603
2,1246,96416472409544,96416472407969,96416473053435,643.891,645.466
2,1247,96416474867357,96416474865569,96416475064713,197.356,199.144
2,1248,96416477324660,96416477323169,96416477624590,299.93,301.421
2,1249,96416479782413,96416479780769,96416480003500,221.087,222.731
2,1250,96416481829502,96416481828769,96416482524386,694.884,695.617
2,1251,96416484287106,96416484286369,96416484578095,290.989,291.726
2,1252,96416486744678,96416486743969,96416487015287,270.609,271.318
2,1253,96416488793617,96416488791969,96416489465900,672.283,673.931
2,1254,96416491251381,96416491249569,96416491542881,291.5,293.312
2,1255,96416493708853,96416493707169,96416493979443,270.59,272.274
2,1256,96416495755863,96416495755169,96416496431915,676.052,676.746
2,1257,96416498213466,96416498212769,96416498520157,306.691,307.388
2,1258,96416500671279,96416500670369,96416500954788,283.509,284.419
2,1259,96416502720148,96416502718369,96416503392461,672.313,674.092
2,1260,96416505177722,96416505175969,96416505386619,208.897,210.65
2,1261,96416507635264,96416507633569,96416507855082,219.818,221.513
2,1262,96416510092738,96416510091169,96416510318165,225.427,226.996
2,1263,96416512139917,96416512139169,96416512874652,734.735,735.483
2,1264,96416514597580,96416514596769,96416514908350,310.77,311.581
2,1265,96416517055103,96416517054369,96416517322741,267.638,268.372
2,1266,96416519104002,96416519102369,96416519785765,681.763,683.396
2,1267,96416521562015,96416521559969,96416521876926,314.911,316.957
2,1268,96416524019168,96416524017569,96416524285157,265.989,267.588
2,1269,96416526066338,96416526065569,96416526740950,674.612,675.381
2,1270,96416528523920,96416528523169,96416528839311,315.391,316.142
2,1271,96416530981474,96416530980769,96416531265393,283.919,284.624
2,1272,96416533030563,96416533028769,96416533705196,674.633,676.427
2,1273,96416535488125,96416535486369,96416535740544,252.419,254.175
2,1274,96416537945499,96416537943969,96416538240249,294.75,296.28
2,1275,96416540403262,96416540401569,96416540662270,259.008,260.701
2,1276,96416542450311,96416542449569,96416543126494,676.183,676.925
2,1277,96416544907884,96416544907169,96416545200513,292.629,293.344
2,1278,96416547365437,96416547364769,96416547555213,189.776,190.444
2,1279,96416549414286,96416549412769,96416550049188,634.902,636.419
2,1280,96416551871940,96416551870369,96416552181900,309.96,311.531
2,1281,96416554329552,96416554327969,96416554623132,293.58,295.163
2,1282,96416556376662,96416556375969,96416557055304,678.642,679.335
2,1283,96416558834355,96416558833569,96416559138625,304.27,305.056
2,1284,96416561291898,96416561291169,96416561502145,210.247,210.976
2,1285,96416563340957,96416563339169,96416564026660,685.703,687.491
2,1286,96416565798440,96416565796769,96416566057079,258.639,260.31
2,1287,96416568256143,96416568254369,96416568463840,207.697,209.471
2,1288,96416570713677,96416570711969,96416570947104,233.427,235.135
2,1289,96416572760685,96416572759969,96416573484510,723.825,724.541
2,1290,96416575218378,96416575217569,96416575433856,215.478,216.287
2,1291,96416577675901,96416577675169,96416577878118,202.217,202.949
2,1292,96416579725261,96416579723169,96416580405264,680.003,682.095
2,1293,96416582182864,96416582180769,96416582492324,309.46,311.555
2,1294,96416584640907,96416584638369,96416584915456,274.549,277.087
2,1295,96416586687435,96416586686369,96416587363659,676.224,677.29
2,1296,96416589144749,96416589143969,96416589451849,307.1,307.88
2,1297,96416591602452,96416591601569,96416591802459,200.007,200.89
2,1298,96416593651292,96416593649569,96416594311043,659.751,661.474
2,1299,96416596109484,96416596107169,96416596370053,260.569,262.884
2,1300,96416598566417,96416598564769,96416598781735,215.318,216.966
2,1301,96416601024181,96416601022369,96416601253159,228.978,230.79
2,1302,96416603071130,96416603070369,96416603764013,692.883,693.644
2,1303,96416605528682,96416605527969,96416605737339,208.657,209.37
2,1304,96416607986286,96416607985569,96416608249234,262.948,263.665
2,1305,96416610035225,96416610033569,96416610671927,636.702,638.358
2,1306,96416612492988,96416612491169,96416612803119,310.131,311.95
2,1307,96416614950291,96416614948769,96416615248561,298.27,299.792
2,1308,96416616997450,96416616996769,96416617679023,681.573,682.254
2,1309,96416619455093,96416619454369,96416619664780,209.687,210.411
2,1310,96416621913217,96416621911969,96416622198606,285.389,286.637
2,1311,96416623962846,96416623959969,96416624642068,679.222,682.099
2,1312,96416626419768,96416626417569,96416626679988,260.22,262.419
2,1313,96416628877422,96416628875169,96416629174222,296.8,299.053
2,1314,96416631334715,96416631332769,96416631601694,266.979,268.925
2,1315,96416633381444,96416633380769,96416634067367,685.923,686.598
2,1316,96416635839147,96416635838369,96416636058415,219.268,220.046
2,1317,96416638296650,96416638295969,96416638500267,203.617,204.298
2,1318,96416640345719,96416640343969,96416641027422,681.703,683.453
2,1319,96416642803343,96416642801569,96416643112203,308.86,310.634
2,1320,96416645260995,96416645259169,96416645515914,254.919,256.745
2,1321,96416647307884,96416647307169,96416648023019,715.135,715.85
2,1322,96416649765468,96416649764769,96416649985915,220.447,221.146
2,1323,96416652223101,96416652222369,96416652427408,204.307,205.039
2,1324,96416654272160,96416654270369,96416654956083,683.923,685.714
2,1325,96416656730083,96416656727969,96416656985842,255.759,257.873
2,1326,96416659187216,96416659185569,96416659391973,204.757,206.404
2,1327,96416661644869,96416661643169,96416661915089,270.22,271.92
2,1328,96416663691949,96416663691169,96416664371351,679.402,680.182
2,1329,96416666149581,96416666148769,96416666454752,305.171,305.983
2,1330,96416668607125,96416668606369,96416668807621,200.496,201.252
2,1331,96416670656314,96416670654369,96416671290296,633.982,635.927
2,1332,96416673113787,96416673111969,96416673424398,310.611,312.429
2,1333,96416675571430,96416675569569,96416675855330,283.9,285.761
2,1334,96416677618209,96416677617569,96416678306392,688.183,688.823
2,1335,96416680075812,96416680075169,96416680373722,297.91,298.553
2,1336,96416682533526,96416682532769,96416682841436,307.91,308.667
2,1337,96416684582585,96416684580769,96416685251167,668.582,670.398
2,1338,96416687039947,96416687038369,96416687289156,249.209,250.787
2,1339,96416689497411,96416689495969,96416689816132,318.721,320.163
2,1340,96416691955363,96416691953569,96416692212492,257.129,258.923
2,1341,96416694015253,96416694001569,96416694685696,670.443,684.127
2,1342,96416696459826,96416696459169,96416696784157,324.331,324.988
2,1343,96416698917509,96416698916769,96416699178207,260.698,261.438
2,1344,96416700966718,96416700964769,96416701641721,675.003,676.952
2,1345,96416703423862,96416703422369,96416703738801,314.939,316.432
2,1346,96416705881974,96416705879969,96416706110872,228.898,230.903
2,1347,96416707928913,96416707927969,96416708609417,680.504,681.448
2,1348,96416710386347,96416710385569,96416710595134,208.787,209.565
2,1349,96416712843859,96416712843169,96416713041186,197.327,198.017
2,1350,96416714892739,96416714891169,96416715561662,668.923,670.493
2,1351,96416717350312,96416717348769,96416717592990,242.678,244.221
2,1352,96416719808375,96416719806369,96416720104935,296.56,298.566
2,1353,96416722265858,96416722263969,96416722565368,299.51,301.399
2,1354,96416724312808,96416724311969,96416725007640,694.832,695.671
2,1355,96416726772910,96416726769569,96416726993697,220.787,224.128
2,1356,96416729227943,96416729227169,96416729431550,203.607,204.381
2,1357,96416731277093,96416731275169,96416731991447,714.354,716.278
2,1358,96416733735025,96416733732769,96416734054656,319.631,321.887
2,1359,96416736192409,96416736190369,96416736497648,305.239,307.279
2,1360,96416738239028,96416738238369,96416738919631,680.603,681.262
2,1361,96416740696731,96416740695969,96416741030232,333.501,334.263
2,1362,96416743154343,96416743153569,96416743355961,201.618,202.392
2,1363,96416745203484,96416745201569,96416745897506,694.022,695.937
2,1364,96416747660716,96416747659169,96416747918975,258.259,259.806
2,1365,96416750118649,96416750116769,96416750419749,301.1,302.98
2,1366,96416752575832,96416752574369,96416752819781,243.949,245.412
2,1367,96416754623052,96416754622369,96416755303354,680.302,680.985
2,1368,96416757080654,96416757079969,96416757279972,199.318,200.003
2,1369,96416759538318,96416759537569,96416759812107,273.789,274.538
2,1370,96416761587217,96416761585569,96416762271160,683.943,685.591
2,1371,96416764044849,96416764043169,96416764251627,206.778,208.458
2,1372,96416766502813,96416766500769,96416766716990,214.177,216.221
2,1373,96416768549452,96416768548769,96416769183304,633.852,634.535
2,1374,96416771009746,96416771006369,96416771331426,321.68,325.057
2,1375,96416773464728,96416773463969,96416773748558,283.83,284.589
2,1376,96416775513697,96416775511969,96416776209761,696.064,697.792
2,1377,96416777971310,96416777969569,96416778185288,213.978,215.719
2,1378,96416780428944,96416780427169,96416780734034,305.09,306.865
2,1379,96416782886956,96416782884769,96416783152666,265.71,267.897
2,1380,96416784933535,96416784932769,96416785611749,678.214,678.98
2,1381,96416787390989,96416787390369,96416787606466,215.477,216.097
2,1382,96416789848722,96416789847969,96416790127321,278.599,279.352
2,1383,96416791897661,96416791895969,96416792530343,632.682,634.374
2,1384,96416794355164,96416794353569,96416794662385,307.221,308.816
2,1385,96416796812927,96416796811169,96416797114158,301.231,302.989
2,1386,96416798860006,96416798859169,96416799542890,682.884,683.721
2,1387,96416801317610,96416801316769,96416801621630,304.02,304.861
2,1388,96416803775082,96416803774369,96416803975650,200.568,201.281
2,1389,96416805824461,96416805822369,96416806502665,678.204,680.296
2,1390,96416808281625,96416808279969,96416808535654,254.029,255.685
2,1391,96416810739678,96416810737569,96416811058488,318.81,320.919
2,1392,96416813196931,96416813195169,96416813467470,270.539,272.301
2,1393,96416815244010,96416815243169,96416815982385,738.375,739.216
2,1394,96416817701483,96416817700769,96416818014734,313.251,313.965
2,1395,96416820159217,96416820158369,96416820358933,199.716,200.564
2,1396,96416822208096,96416822206369,96416822895809,687.713,689.44
2,1397,96416824665498,96416824663969,96416824993060,327.562,329.091
2,1398,96416827123882,96416827121569,96416827395101,271.219,273.532
2,1399,96416829170471,96416829169569,96416829847594,677.123,678.025
2,1400,96416831627994,96416831627169,96416831858222,230.228,231.053
2,1401,96416834085537,96416834084769,96416834286034,200.497,201.265
2,1402,96416836134436,96416836132769,96416836819880,685.444,687.111
2,1403,96416838592109,96416838590369,96416838854988,262.879,264.619
2,1404,96416841049533,96416841047969,96416841350122,300.589,302.153
2,1405,96416843507085,96416843505569,96416843734483,227.398,228.914
2,1406,96416845554504,96416845553569,96416846231797,677.293,678.228
2,1407,96416848012028,96416848011169,96416848318408,306.38,307.239
2,1408,96416850469581,96416850468769,96416850744009,274.428,275.24
2,1409,96416852518360,96416852516769,96416853204443,686.083,687.674
2,1410,96416854976373,96416854974369,96416855283974,307.601,309.605
2,1411,96416857433666,96416857431969,96416857646273,212.607,214.304
2,1412,96416859480625,96416859479969,96416860158998,678.373,679.029
2,1413,96416861938289,96416861937569,96416862146926,208.637,209.357
2,1414,96416864395861,96416864395169,96416864665290,269.429,270.121
2,1415,96416866445000,96416866443169,96416867131344,686.344,688.175
2,1416,96416868902464,96416868900769,96416869166742,264.278,265.973
2,1417,96416871360107,96416871358369,96416871663867,303.76,305.498
2,1418,96416873817580,96416873815969,96416874040967,223.387,224.998
2,1419,96416875864919,96416875863969,96416876556952,692.033,692.983
2,1420,96416878322322,96416878321569,96416878548559,226.237,226.99
2,1421,96416880779984,96416880779169,96416881033353,253.369,254.184
2,1422,96416882829145,96416882827169,96416883472496,643.351,645.327
2,1423,96416885286597,96416885284769,96416885496254,209.657,211.485
2,1424,96416887744091,96416887742369,96416887971548,227.457,229.179
2,1425,96416889791090,96416889790369,96416890469923,678.833,679.554
2,1426,96416892248653,96416892247969,96416892553373,304.72,305.404
2,1427,96416894706275,96416894705569,96416894914823,208.548,209.254
2,1428,96416896755115,96416896753569,96416897429438,674.323,675.869
2,1429,96416899212668,96416899211169,96416899465107,252.439,253.938
2,1430,96416901670641,96416901668769,96416901892729,222.088,223.96
2,1431,96416904128504,96416904126369,96416904395563,267.059,269.194
2,1432,96416906175163,96416906174369,96416906862596,687.433,688.227
2,1433,96416908632636,96416908631969,96416908942157,309.521,310.188
2,1434,96416911090319,96416911089569,96416911355089,264.77,265.52
2,1435,96416913139299,96416913137569,96416913815551,676.252,677.982
2,1436,96416915596841,96416915595169,96416915916433,319.592,321.264
2,1437,96416918054245,96416918052769,96416918343435,289.19,290.666
2,1438,96416920101554,96416920100769,96416920737666,636.112,636.897
2,1439,96416922559117,96416922558369,96416922779554,220.437,221.185
2,1440,96416925016740,96416925015969,96416925311970,295.23,296.001
2,1441,96416927065739,96416927063969,96416927764313,698.574,700.344
2,1442,96416929523062,96416929521569,96416929784711,261.649,263.142
2,1443,96416931980805,96416931979169,96416932283446,302.641,304.277
2,1444,96416934438348,96416934436769,96416934723818,285.47,287.049
2,1445,96416936485477,96416936484769,96416937129219,643.742,644.45
2,1446,96416938943101,96416938942369,96416939160838,217.737,218.469
2,1447,96416941400633,96416941399969,96416941611310,210.677,211.341
2,1448,96416943449982,96416943447969,96416944125116,675.134,677.147
2,1449,96416945907196,96416945905569,96416946127864,220.668,222.295
2,1450,96416948364999,96416948363169,96416948649489,284.49,286.32
2,1451,96416950412018,96416950411169,96416951042740,630.722,631.571
2,1452,96416952869461,96416952868769,96416953180672,311.211,311.903
2,1453,96416955327084,96416955326369,96416955521141,194.057,194.772
2,1454,96416957376083,96416957374369,96416958005265,629.182,630.896
2,1455,96416959833717,96416959831969,96416960084235,250.518,252.266
2,1456,96416962291169,96416962289569,96416962591750,300.581,302.181
2,1457,96416964748883,96416964747169,96416965017082,268.199,269.913
2,1458,96416966796012,96416966795169,96416967426103,630.091,630.934
2,1459,96416969253455,96416969252769,96416969456992,203.537,204.223
2,1460,96416971711068,96416971710369,96416971907675,196.607,197.306
2,1461,96416973759997,96416973758369,96416974431870,671.873,673.501
2,1462,96416976217810,96416976215969,96416976547021,329.211,331.052
2,1463,96416978675104,96416978673569,96416978955723,280.619,282.154
2,1464,96416980722403,96416980721569,96416981420606,698.203,699.037
2,1465,96416983180065,96416983179169,96416983390702,210.637,211.533
2,1466,96416985637439,96416985636769,96416985841305,203.866,204.536
2,1467,96416987686438,96416987684769,96416988329129,642.691,644.36
2,1468,96416990144371,96416990142369,96416990404310,259.939,261.941
2,1469,96416992601824,96416992599969,96416992923755,321.931,323.786
2,1470,96416995059127,96416995057569,96416995283094,223.967,225.525
2,1471,96416997106386,96416997105569,96416997798630,692.244,693.061
2,1472,96416999563840,96416999563169,96416999878420,314.58,315.251
2,1473,96417002021382,96417002020769,96417002278851,257.469,258.082
2,1474,96417004078972,96417004068769,96417004750135,671.163,681.366
2,1475,96417006528395,96417006526369,96417006847456,319.061,321.087
2,1476,96417008986208,96417008983969,96417009261237,275.029,277.268
2,1477,96417011033107,96417011031969,96417011698189,665.082,666.22
2,1478,96417013490370,96417013489569,96417013698087,207.717,208.518
2,1479,96417015947853,96417015947169,96417016230412,282.559,283.243
2,1480,96417017997372,96417017995169,96417018664555,667.183,669.386
2,1481,96417020454756,96417020452769,96417021173589,718.833,720.82
2,1482,96417022911968,96417022910369,96417023219219,307.251,308.85
2,1483,96417025370002,96417025367969,96417025601770,231.768,233.801
2,1484,96417027416691,96417027415969,96417028096014,679.323,680.045
2,1485,96417029874324,96417029873569,96417030177064,302.74,303.495
2,1486,96417032332187,96417032331169,96417032525703,193.516,194.534
2,1487,96417034380866,96417034379169,96417035020168,639.302,640.999
2,1488,96417036838399,96417036836769,96417037137450,299.051,300.681
2,1489,96417039296003,96417039294369,96417039592222,296.219,297.853
2,1490,96417041343092,96417041342369,96417042026984,683.892,684.615
2,1491,96417043800594,96417043799969,96417044033982,233.388,234.013
2,1492,96417046258238,96417046257569,96417046457664,199.426,200.095
2,1493,96417048307147,96417048305569,96417048992260,685.113,686.691
2,1494,96417050764800,96417050763169,96417051409512,644.712,646.343
2,1495,96417053222533,96417053220769,96417053438440,215.907,217.671
2,1496,96417055680146,96417055678369,96417055926844,246.698,248.475
2,1497,96417057727065,96417057726369,96417058402478,675.413,676.109
2,1498,96417060184718,96417060183969,96417060479659,294.941,295.69
2,1499,96417062642261,96417062641569,96417062856968,214.707,215.399
2,1500,96417064691500,96417064689569,96417065326882,635.382,637.313
2,1501,96417067149094,96417067147169,96417067455964,306.87,308.795
2,1502,96417069606546,96417069604769,96417069836385,229.839,231.616
2,1503,96417071653596,96417071652769,96417072332178,678.582,679.409
2,1504,96417074111138,96417074110369,96417074322196,211.058,211.827
2,1505,96417076568702,96417076567969,96417076861612,292.91,293.643
2,1506,96417078617721,96417078615969,96417079299614,681.893,683.645
2,1507,96417081075405,96417081073569,96417081763268,687.863,689.699
2,1508,96417083532857,96417083531169,96417083740764,207.907,209.595
2,1509,96417085990990,96417085988769,96417086255059,264.069,266.29
2,1510,96417088037449,96417088036769,96417088675690,638.241,638.921
2,1511,96417090495173,96417090494369,96417090708539,213.366,214.17
2,1512,96417092952755,96417092951969,96417093148072,195.317,196.103
2,1513,96417095009845,96417094999969,96417095695128,685.283,695.159
2,1514,96417097459248,96417097457569,96417097762648,303.4,305.079
2,1515,96417099916770,96417099915169,96417100215351,298.581,300.182
2,1516,96417101964180,96417101963169,96417102635153,670.973,671.984
2,1517,96417104421563,96417104420769,96417104625630,204.067,204.861
2,1518,96417106879136,96417106878369,96417107081573,202.437,203.204
2,1519,96417108928075,96417108926369,96417109597788,669.713,671.419
2,1520,96417111385669,96417111383969,96417112071552,685.883,687.583
2,1521,96417113843201,96417113841569,96417114151912,308.711,310.343
2,1522,96417116300835,96417116299169,96417116568204,267.369,269.035
2,1523,96417118348254,96417118347169,96417119052107,703.853,704.938
2,1524,96417120805487,96417120804769,96417121002423,196.936,197.654
2,1525,96417123263210,96417123262369,96417123535019,271.809,272.65
2,1526,96417125312089,96417125310369,96417125982822,670.733,672.453
2,1527,96417127778372,96417127767969,96417128083023,304.651,315.054
2,1528,96417130227245,96417130225569,96417130504234,276.989,278.665
2,1529,96417132274255,96417132273569,96417132961688,687.433,688.119
2,1530,96417134731857,96417134731169,96417134951015,219.158,219.846
2,1531,96417137189621,96417137188769,96417137467489,277.868,278.72
2,1532,96417139238210,96417139236769,96417139916802,678.592,680.033
2,1533,96417141696082,96417141694369,96417142454188,758.106,759.819
2,1534,96417144154156,96417144151969,96417144465146,310.99,313.177
2,1535,96417146611399,96417146609569,96417146883048,271.649,273.479
2,1536,96417148658268,96417148657569,96417149339901,681.633,682.332
2,1537,96417151116011,96417151115169,96417151316618,200.607,201.449
2,1538,96417153573524,96417153572769,96417153849134,275.61,276.365
2,1539,96417155622503,96417155620769,96417156333117,710.614,712.348
2,1540,96417158080577,96417158078369,96417158394107,313.53,315.738
2,1541,96417160537539,96417160535969,96417160819359,281.82,283.39
2,1542,96417162584789,96417162583969,96417163268772,683.983,684.803
2,1543,96417165042252,96417165041569,96417165356872,314.62,315.303
2,1544,96417167499905,96417167499169,96417167695601,195.696,196.432
2,1545,96417169549004,96417169547169,96417170219337,670.333,672.168
2,1546,96417172011637,96417172004769,96417172687590,675.953,682.821
2,1547,96417174464030,96417174462369,96417174787242,323.212,324.873
2,1548,96417176921554,96417176919969,96417177154241,232.687,234.272
2,1549,96417178968703,96417178967969,96417179650015,681.312,682.046
2,1550,96417181426265,96417181425569,96417181724895,298.63,299.326
2,1551,96417183883909,96417183883169,96417184073745,189.836,190.576
2,1552,96417185933138,96417185931169,96417186574349,641.211,643.18
2,1553,96417188390341,96417188388769,96417188709291,318.95,320.522
2,1554,96417190848354,96417190846369,96417191143154,294.8,296.785
2,1555,96417192895063,96417192894369,96417193602737,707.674,708.368
2,1556,96417195352716,96417195351969,96417195663976,311.26,312.007
2,1557,96417197810290,96417197809569,96417198094419,284.129,284.85
2,1558,96417199859129,96417199857569,96417200489060,629.931,631.491
2,1559,96417202317111,96417202315169,96417203080627,763.516,765.458
2,1560,96417204777505,96417204772769,96417205079884,302.379,307.115
2,1561,96417207232108,96417207230369,96417207517007,284.899,286.638
2,1562,96417209279007,96417209278369,96417209959150,680.143,680.781
2,1563,96417211736669,96417211735969,96417212045361,308.692,309.392
2,1564,96417214194363,96417214193569,96417214456551,262.188,262.982
2,1565,96417216243262,96417216241569,96417216926295,683.033,684.726
2,1566,96417218701146,96417218699169,96417219010276,309.13,311.107
2,1567,96417221158628,96417221156769,96417221453388,294.76,296.619
2,1568,96417223205447,96417223204769,96417223903221,697.774,698.452
2,1569,96417225663090,96417225662369,96417225872738,209.648,210.369
2,1570,96417228120724,96417228119969,96417228316920,196.196,196.951
2,1571,96417230169863,96417230167969,96417230852556,682.693,684.587
2,1572,96417232627296,96417232625569,96417233309819,682.523,684.25
2,1573,96417235085119,96417235083169,96417235390789,305.67,307.62
2,1574,96417237542392,96417237540769,96417237761669,219.277,220.9
2,1575,96417239589411,96417239588769,96417240272364,682.953,683.595
2,1576,96417242047054,96417242046369,96417242247751,200.697,201.382
2,1577,96417244504707,96417244503969,96417244782467,277.76,278.498
2,1578,96417246553747,96417246551969,96417247232090,678.343,680.121
2,1579,96417249011740,96417249009569,96417249330700,318.96,321.131
2,1580,96417251469372,96417251467169,96417251731682,262.31,264.513
2,1581,96417253515971,96417253515169,96417254190884,674.913,675.715
2,1582,96417255973565,96417255972769,96417256185982,212.417,213.213
2,1583,96417258431528,96417258430369,96417258621094,189.566,190.725
2,1584,96417260480228,96417260478369,96417261169381,689.153,691.012
2,1585,96417262938080,96417262935969,96417263696816,758.736,760.847
2,1586,96417265395323,96417265393569,96417265701353,306.03,307.784
2,1587,96417267853056,96417267851169,96417268127665,274.609,276.496
2,1588,96417269899846,96417269899169,96417270579028,679.182,679.859
2,1589,96417272357508,96417272356769,96417272556166,198.658,199.397
2,1590,96417274815102,96417274814369,96417275005918,190.816,191.549
2,1591,96417276864171,96417276862369,96417277544193,680.022,681.824
2,1592,96417279321994,96417279319969,96417279632435,310.441,312.466
2,1593,96417281781547,96417281777569,96417282077087,295.54,299.518
2,1594,96417283826526,96417283825569,96417284516809,690.283,691.24
2,1595,96417286283909,96417286283169,96417286494326,210.417,211.157
2,1596,96417288741473,96417288740769,96417289037082,295.609,296.313
2,1597,96417290790802,96417290788769,96417291461755,670.953,672.986
2,1598,96417293248044,96417293246369,96417293937198,689.154,690.829
2,1599,96417295705748,96417295703969,96417296030968,325.22,326.999
2,1600,96417298163230,96417298161569,96417298423910,260.68,262.341
2,1601,96417300210450,96417300209569,96417300938115,727.665,728.546
2,1602,96417302667903,96417302667169,96417302870670,202.767,203.501
2,1603,96417305125566,96417305124769,96417305394765,269.199,269.996
2,1604,96417307174585,96417307172769,96417307855808,681.223,683.039
2,1605,96417309632028,96417309630369,96417309938699,306.671,308.33
2,1606,96417312089691,96417312087969,96417312322569,232.878,234.6
2,1607,96417314136740,96417314135969,96417314826403,689.663,690.434
2,1608,96417316594344,96417316593569,96417316813551,219.207,219.982
2,1609,96417319051926,96417319051169,96417319260194,208.268,209.025
2,1610,96417321100806,96417321099169,96417321786009,685.203,686.84
2,1611,96417323558339,96417323556769,96417324267363,709.024,710.594
2,1612,96417326016102,96417326014369,96417326323122,307.02,308.753
2,1613,96417328473835,96417328471969,96417328702212,228.377,230.243
2,1614,96417330520665,96417330519969,96417331189437,668.772,669.468
2,1615,96417332978367,96417332977569,96417333167164,188.797,189.595
2,1616,96417335435861,96417335435169,96417335632757,196.896,197.588
2,1617,96417337484850,96417337483169,96417338124411,639.561,641.242
2,1618,96417339942382,96417339940769,96417340247123,304.741,306.354
2,1619,96417342399926,96417342398369,96417342702146,302.22,303.777
2,1620,96417344447055,96417344446369,96417345133218,686.163,686.849
2,1621,96417346904638,96417346903969,96417347209058,304.42,305.089
2,1622,96417349362281,96417349361569,96417349555637,193.356,194.068
2,1623,96417351411521,96417351409569,96417352083693,672.172,674.124
2,1624,96417353868753,96417353867169,96417354504015,635.262,636.846
2,1625,96417356326427,96417356324769,96417356536344,209.917,211.575
2,1626,96417358784039,96417358782369,96417359055548,271.509,273.179
2,1627,96417360831119,96417360830369,96417361474791,643.672,644.422
2,1628,96417363288712,96417363287969,96417363489419,200.707,201.45
2,1629,96417365746195,96417365745569,96417365950002,203.807,204.433
2,1630,96417367795244,96417367793569,96417368444146,648.902,650.577
2,1631,96417370252767,96417370251169,96417370557437,304.67,306.268
2,1632,96417372710360,96417372708769,96417373016950,306.59,308.181
2,1633,96417374757659,96417374756769,96417375465513,707.854,708.744
2,1634,96417377215273,96417377214369,96417377518392,303.119,304.023
2,1635,96417379672665,96417379671969,96417379969425,296.76,297.456
2,1636,96417381721604,96417381719969,96417382402688,681.084,682.719
2,1637,96417384179358,96417384177569,96417384993705,814.347,816.136
2,1638,96417386636771,96417386635169,96417386950052,313.281,314.883
2,1639,96417389095014,96417389092769,96417389356573,261.559,263.804
2,1640,96417391141512,96417391140769,96417391833636,692.124,692.867
2,1641,96417393599226,96417393598369,96417393825413,226.187,227.044
2,1642,96417396056729,96417396055969,96417396317118,260.389,261.149
2,1643,96417398105639,96417398103969,96417398784001,678.362,680.032
2,1644,96417400563571,96417400561569,96417400877902,314.331,316.333
2,1645,96417403021205,96417403019169,96417403299504,278.299,280.335
2,1646,96417405068013,96417405067169,96417405755437,687.424,688.268
2,1647,96417407525607,96417407524769,96417407853778,328.171,329.009
2,1648,96417409983079,96417409982369,96417410182137,199.058,199.768
2,1649,96417412032249,96417412030369,96417412704401,672.152,674.032
2,1650,96417414489542,96417414487969,96417415170236,680.694,682.267
2,1651,96417416947555,96417416945569,96417417248995,301.44,303.426
2,1652,96417419404978,96417419403169,96417419628995,224.017,225.826
2,1653,96417421451847,96417421451169,96417422153321,701.474,702.152
2,1654,96417423909470,96417423908769,96417424200590,291.12,291.821
2,1655,96417426367144,96417426366369,96417426561160,194.016,194.791
2,1656,96417428416053,96417428414369,96417429100546,684.493,686.177
2,1657,96417430873625,96417430871969,96417431136545,262.92,264.576
2,1658,96417433331009,96417433329569,96417433554656,223.647,225.087
2,1659,96417435378368,96417435377569,96417436085692,707.324,708.123
2,1660,96417437836011,96417437835169,96417438054958,218.947,219.789
2,1661,96417440293464,96417440292769,96417440594314,300.85,301.545
2,1662,96417442342403,96417442340769,96417443046757,704.354,705.988
2,1663,96417444800116,96417444798369,96417445527681,727.565,729.312
2,1664,96417447257530,96417447255969,96417447557629,300.099,301.66
2,1665,96417449715382,96417449713569,96417449955751,240.369,242.182
2,1666,96417451762281,96417451761569,96417452399023,636.742,637.454
2,1667,96417454219865,96417454219169,96417454425542,205.677,206.373
2,1668,96417456677518,96417456676769,96417456954227,276.709,277.458
2,1669,96417458726467,96417458724769,96417459364138,637.671,639.369
2,1670,96417461184170,96417461182369,96417461489861,305.691,307.492
2,1671,96417463641563,96417463639969,96417463939814,298.251,299.845
2,1672,96417465688712,96417465687969,96417466361115,672.403,673.146
2,1673,96417468146256,96417468145569,96417468454316,308.06,308.747
2,1674,96417470603808,96417470603169,96417470899818,296.01,296.649
2,1675,96417472653177,96417472651169,96417473327620,674.443,676.451
2,1676,96417475110441,96417475108769,96417475740052,629.611,631.283
2,1677,96417477568253,96417477566369,96417477890335,322.082,323.966
2,1678,96417480025687,96417480023969,96417480294156,268.469,270.187
2,1679,96417482072726,96417482071969,96417482713988,641.262,642.019
2,1680,96417484530319,96417484529569,96417484841190,310.871,311.621
2,1681,96417486987882,96417486987169,96417487182589,194.707,195.42
2,1682,96417489037092,96417489035169,96417489713554,676.462,678.385
2,1683,96417491494494,96417491492769,96417491820826,326.332,328.057
2,1684,96417493952448,96417493950369,96417494250018,297.57,299.649
2,1685,96417495999067,96417495998369,96417496684690,685.623,686.321
2,1686,96417498456710,96417498455969,96417498674407,217.697,218.438
2,1687,96417500914263,96417500913569,96417501209683,295.42,296.114
2,1688,96417502963102,96417502961569,96417503641715,678.613,680.146
2,1689,96417505424126,96417505419169,96417506250053,825.927,830.884
2,1690,96417507878358,96417507876769,96417508191439,313.081,314.67
2,1691,96417510336661,96417510334369,96417510602550,265.889,268.181
2,1692,96417512383210,96417512382369,96417513065364,682.154,682.995
2,1693,96417514840704,96417514839969,96417515050261,209.557,210.292
2,1694,96417517298386,96417517297569,96417517566596,268.21,269.027
2,1695,96417519347206,96417519345569,96417519992238,645.032,646.669
2,1696,96417521805039,96417521803169,96417522126630,321.591,323.461
2,1697,96417524262402,96417524260769,96417524555532,293.13,294.763
2,1698,96417526309581,96417526308769,96417526999894,690.313,691.125
2,1699,96417528767365,96417528766369,96417529098886,331.521,332.517
2,1700,96417531224807,96417531223969,96417531419304,194.497,195.335
2,1701,96417533273576,96417533271969,96417533967970,694.394,696.001
2,1702,96417535731300,96417535729569,96417536418063,686.763,688.494
2,1703,96417538189002,96417538187169,96417538497713,308.711,310.544
2,1704,96417540646306,96417540644769,96417540922265,275.959,277.496
2,1705,96417542693524,96417542692769,96417543375148,681.624,682.379
2,1706,96417545151238,96417545150369,96417545453988,302.75,303.619
2,1707,96417547608710,96417547607969,96417547895951,287.241,287.982
2,1708,96417549657560,96417549655969,96417550324563,667.003,668.594
2,1709,96417552115163,96417552113569,96417552324140,208.977,210.571
2,1710,96417554572757,96417554571169,96417554889697,316.94,318.528
2,1711,96417556619945,96417556619169,96417557295119,675.174,675.95
2,1712,96417559077618,96417559076769,96417559286165,208.547,209.396
2,1713,96417561535171,96417561534369,96417561836242,301.071,301.873
2,1714,96417563584081,96417563582369,96417564266604,682.523,684.235
3,0,96413566297750,96413566295969,96413566506647,208.897,210.678
3,1,96413567321045,96413567319969,96413567762080,441.035,442.111
3,2,96413568549746,96413568548769,96413568791035,241.289,242.266
3,3,96413569778258,96413569777569,96413569964935,186.677,187.366
3,4,96413571010380,96413571006369,96413571252908,242.528,246.539
3,5,96413572031634,96413572030369,96413572432078,400.444,401.709
3,6,96413573262386,96413573259169,96413573480613,218.227,221.444
3,7,96413574489237,96413574487969,96413574672424,183.187,184.455
3,8,96413575512632,96413575511969,96413575996588,483.956,484.619
3,9,96413576741583,96413576740769,96413576975721,234.138,234.952
3,10,96413577970305,96413577969569,96413578167242,196.937,197.673
3,11,96413578995799,96413578993569,96413579491376,495.577,497.807
3,12,96413580223531,96413580222369,96413580430258,206.727,207.889
3,13,96413581453493,96413581451169,96413581657089,203.596,205.92
3,14,96413582475917,96413582475169,96413582896811,420.894,421.642
3,15,96413583705028,96413583703969,96413584004929,299.901,300.96
3,16,96413584933850,96413584932769,96413585235200,301.35,302.431
3,17,96413586162502,96413586161569,96413586344798,182.296,183.229
3,18,96413587188336,96413587185569,96413587575859,387.523,390.29
3,19,96413588415858,96413588414369,96413588634445,218.587,220.076
3,20,96413589646539,96413589643169,96413589903178,256.639,260.009
3,21,96413590668014,96413590667169,96413591045297,377.283,378.128
3,22,96413591896736,96413591895969,96413592094742,198.006,198.773
3,23,96413593125537,96413593124769,96413593326424,200.887,201.655
3,24,96413594150151,96413594148769,96413594529284,379.133,380.515
3,25,96413595380473,96413595377569,96413595572949,192.476,195.38
3,26,96413596607765,96413596606369,96413596905615,297.85,299.246
3,27,96413597631079,96413597630369,96413598138677,507.598,508.308
3,28,96413598859931,96413598859169,96413599197122,337.191,337.953
3,29,96413600089192,96413600087969,96413600334261,245.069,246.292
3,30,96413601317424,96413601316769,96413601572353,254.929,255.584
3,31,96413602368440,96413602340769,96413602797244,428.804,456.475
3,32,96413603571630,96413603569569,96413603848389,276.759,278.82
3,33,96413604799751,96413604798369,96413605001318,201.567,202.949
3,34,96413605823237,96413605822369,96413606214289,391.052,391.92
3,35,96413607051878,96413607051169,96413607267005,215.127,215.836
3,36,96413608280789,96413608279969,96413608472226,191.437,192.257
3,37,96413609306304,96413609303969,96413609709488,403.184,405.519
3,38,96413610534135,96413610532769,96413610745712,211.577,212.943
3,39,96413611765557,96413611761569,96413611987124,221.567,225.555
3,40,96413612786322,96413612785569,96413613183985,397.663,398.416
3,41,96413614015263,96413614014369,96413614232911,217.648,218.542
3,42,96413615243954,96413615243169,96413615472263,228.309,229.094
3,43,96413616473156,96413616471969,96413616668882,195.726,196.913
3,44,96413617498361,96413617495969,96413617914645,416.284,418.676
3,45,96413618726422,96413618724769,96413618928739,202.317,203.97
3,46,96413619956143,96413619953569,96413620170931,214.788,217.362
3,47,96413620978328,96413620977569,96413621364771,386.443,387.202
3,48,96413622207040,96413622206369,96413622403886,196.846,197.517
3,49,96413623436001,96413623435169,96413623639948,203.947,204.779
3,50,96413624460456,96413624459169,96413624848639,388.183,389.47
3,51,96413625690487,96413625687969,96413625902084,211.597,214.115
3,52,96413626918149,96413626916769,96413627115385,197.236,198.616
3,53,96413627941444,96413627940769,96413628350357,408.913,409.588
3,54,96413629170465,96413629169569,96413629417353,246.888,247.784
3,55,96413630399096,96413630398369,96413630595553,196.457,197.184
3,56,96413631627988,96413631627168,96413631882527,254.539,255.359
3,57,96413632652553,96413632651169,96413634597379,1944.826,1946.21
3,58,96413634188164,96413633879969,96413634662841,474.677,782.872
3,59,96413635110535,96413635108769,96413635415546,305.011,306.777
3,60,96413637071252,96413636132769,96413637386823,315.571,1254.054
3,61,96413637362562,96413637361569,96413637693473,330.911,331.904
3,62,96413638591113,96413638590369,96413638799080,207.967,208.711
3,63,96413639617368,96413639614369,96413640076294,458.926,461.925
3,64,96413640844499,96413640843169,96413641055506,211.007,212.337
3,65,96413642075072,96413642071969,96413642269858,194.786,197.889
3,66,96413643096816,96413643095969,96413643507739,410.923,411.77
3,67,96413644325567,96413644324769,96413644532414,206.847,207.645
3,68,96413645554418,96413645553569,96413645798317,243.899,244.748
3,69,96413646783091,96413646782369,96413646966367,183.276,183.998
3,70,96413647809155,96413647806369,96413648170317,361.162,363.948
3,71,96413649095908,96413649035169,96413649295946,200.038,260.777
3,72,96413650266648,96413650263969,96413650513126,246.478,249.157
3,73,96413651289502,96413651287969,96413651707126,417.624,419.157
3,74,96413652517514,96413652516769,96413652719731,202.217,202.962
3,75,96413653746546,96413653745569,96413653962093,215.547,216.524
3,76,96413654778211,96413654769569,96413655148733,370.522,379.164
3,77,96413656044803,96413655998369,96413656244060,199.257,245.691
3,78,96413657228574,96413657227169,96413657500193,271.619,273.024
3,79,96413658252268,96413658251169,96413658725634,473.366,474.465
3,80,96413659480969,96413659479969,96413659734578,253.609,254.609
3,81,96413660709571,96413660708769,96413660937428,227.857,228.659
3,82,96413661938313,96413661937569,96413662160830,222.517,223.261
3,83,96413663031669,96413662961569,96413663427683,396.014,466.114
3,84,96413664194599,96413664190369,96413664503169,308.57,312.8
3,85,96413665421930,96413665419169,96413665654838,232.908,235.669
3,86,96413666443974,96413666443169,96413666895690,451.716,452.521
3,87,96413667672587,96413667671969,96413667916725,244.138,244.756
3,88,96413668901548,96413668900769,96413669177377,275.829,276.608
3,89,96413669929053,96413669924769,96413670336276,407.223,411.507
3,90,96413671156324,96413671153569,96413671427803,271.479,274.234
3,91,96413672386376,96413672382369,96413672627234,240.858,244.865
3,92,96413673407430,96413673406369,96413673845055,437.625,438.686
3,93,96413674636012,96413674635169,96413674885250,249.238,250.081
3,94,96413675864733,96413675863969,96413676102941,238.208,238.972
3,95,96413677093865,96413677092769,96413677324063,230.198,231.294
3,96,96413678121000,96413678116769,96413678551154,430.154,434.385
3,97,96413679348461,96413679345569,96413679600880,252.419,255.311
3,98,96413680577942,96413680574369,96413680825270,247.328,250.901
3,99,96413681599217,96413681598369,96413682029872,430.655,431.503
3,100,96413682828639,96413682827169,96413683107668,279.029,280.499
3,101,96413684056750,96413684055969,96413684289718,232.968,233.749
3,102,96413685083475,96413685079969,96413685515619,432.144,435.65
3,103,96413686312406,96413686308769,96413686554635,242.229,245.866
3,104,96413687540508,96413687537569,96413687785856,245.348,248.287
3,105,96413688562433,96413688561569,96413689022388,459.955,460.819
3,106,96413689791824,96413689790369,96413690065043,273.219,274.674
3,107,96413691065587,96413691019169,96413691293084,227.497,273.915
3,108,96413692250447,96413692247969,96413692522066,271.619,274.097
3,109,96413693276062,96413693271969,96413693735648,459.586,463.679
3,110,96413694513013,96413694500769,96413694732451,219.438,231.682
3,111,96413695733474,96413695729569,96413695984563,251.089,254.994
3,112,96413696755319,96413696753569,96413697163893,408.574,410.324
3,113,96413697983781,96413697982369,96413698267680,283.899,285.311
3,114,96413699212812,96413699211169,96413699429310,216.498,218.141
3,115,96413700242657,96413700235169,96413700720613,477.956,485.444
3,116,96413701467378,96413701463969,96413701710797,243.419,246.828
3,117,96413702700740,96413702692769,96413702955559,254.819,262.79
3,118,96413703718855,96413703716769,96413704151999,433.144,435.23
3,119,96413704947506,96413704945569,96413705198134,250.628,252.565
3,120,96413706176237,96413706174369,96413706496628,320.391,322.259
3,121,96413707405000,96413707403169,96413707650588,245.588,247.419
3,122,96413708432953,96413708427169,96413708869989,437.036,442.82
3,123,96413709659735,96413709655969,96413709920274,260.539,264.305
3,124,96413710890007,96413710884769,96413711178516,288.509,293.747
3,125,96413711909521,96413711908769,96413712376167,466.646,467.398
3,126,96413713138423,96413713137569,96413713431383,292.96,293.814
3,127,96413714367274,96413714366369,96413714604173,236.899,237.804
3,128,96413715392989,96413715390369,96413715825173,432.184,434.804
3,129,96413716623481,96413716619169,96413716911080,287.599,291.911
3,130,96413717850633,96413717847969,96413718070619,219.986,222.65
3,131,96413718872797,96413718871969,96413719335153,462.356,463.184
3,132,96413720101718,96413720100769,96413720328986,227.268,228.217
3,133,96413721330209,96413721329569,96413721526476,196.267,196.907
3,134,96413722559262,96413722558369,96413722756168,196.906,197.799
3,135,96413723584746,96413723582369,96413724041652,456.906,459.283
3,136,96413724813978,96413724811169,96413725074256,260.278,263.087
3,137,96413726041539,96413726039969,96413726233965,192.426,193.996
3,138,96413727064693,96413727063969,96413727493628,428.935,429.659
3,139,96413728293665,96413728292769,96413728522953,229.288,230.184
3,140,96413729522287,96413729521569,96413729763894,241.607,242.325
3,141,96413730548381,96413730545569,96413730940494,392.113,394.925
3,142,96413731779383,96413731774369,96413731998041,218.658,223.672
3,143,96413733010124,96413733003169,96413733225332,215.208,222.163
3,144,96413734028039,96413734027169,96413734422892,394.853,395.723
3,145,96413735256670,96413735255969,96413735459707,203.037,203.738
3,146,96413736485422,96413736484769,96413736726930,241.508,242.161
3,147,96413737714254,96413737713569,96413737910890,196.636,197.321
3,148,96413738740579,96413738737569,96413739236185,495.606,498.616
3,149,96413739968460,96413739966369,96413740181347,212.887,214.978
3,150,96413741198221,96413741195169,96413741410378,212.157,215.209
3,151,96413742220125,96413742219169,96413742614109,393.984,394.94
3,152,96413743449328,96413743447969,96413743666164,216.836,218.195
3,153,96413744677659,96413744676769,96413744894177,216.518,217.408
3,154,96413745702603,96413745700769,96413746089046,386.443,388.277
3,155,96413746932905,96413746929569,96413747157942,225.037,228.373
3,156,96413748160426,96413748158369,96413748365594,205.168,207.225
3,157,96413749183321,96413749182369,96413749607185,423.864,424.816
3,158,96413750412113,96413750411169,96413750644801,232.688,233.632
3,159,96413751640824,96413751639969,96413751858012,217.188,218.043
3,160,96413752869805,96413752868769,96413753142694,272.889,273.925
3,161,96413753894911,96413753892769,96413754272562,377.651,379.793
3,162,96413755124352,96413755121569,96413755340629,216.277,219.06
3,163,96413756351993,96413756350369,96413756543660,191.667,193.291
3,164,96413757375338,96413757374369,96413757764991,389.653,390.622
3,165,96413758604090,96413758603169,96413758845478,241.388,242.309
3,166,96413759832951,96413759831969,96413760038658,205.707,206.689
3,167,96413760858886,96413760855969,96413761290960,432.074,434.991
3,168,96413762086537,96413762084769,96413762308645,222.108,223.876
3,169,96413763316628,96413763313569,96413763534746,218.118,221.177
3,170,96413764338494,96413764337569,96413764735667,397.173,398.098
3,171,96413767358605,96413765566369,96413767959226,600.621,2392.857
3,172,96413767367026,96413766795169,96413768119751,752.725,1324.582
3,173,96413768025357,96413768023969,96413768532615,507.258,508.646
3,174,96413769051462,96413769047969,96413769567040,515.578,519.071
3,175,96413771129793,96413770276769,96413771470514,340.721,1193.745
3,176,96413771509676,96413771505569,96413771869188,359.512,363.619
3,177,96413772530560,96413772529569,96413772951644,421.084,422.075
3,178,96413773759232,96413773758369,96413774062712,303.48,304.343
3,179,96413774987983,96413774987169,96413775307504,319.521,320.335
3,180,96413776012588,96413776011169,96413776466213,453.625,455.044
3,181,96413777243509,96413777239969,96413777512938,269.429,272.969
3,182,96413778470260,96413778468769,96413778692318,222.058,223.549
3,183,96413779493466,96413779492769,96413779970742,477.276,477.973
3,184,96413780722387,96413780721569,96413781079189,356.802,357.62
3,185,96413781951088,96413781950369,96413782178876,227.788,228.507
3,186,96413783180099,96413783179169,96413783444079,263.98,264.91
3,187,96413784204535,96413784203169,96413784620659,416.124,417.49
3,188,96413785436977,96413785431969,96413785738726,301.749,306.757
3,189,96413786662038,96413786660769,96413786889855,227.817,229.086
3,190,96413787685412,96413787684769,96413788149788,464.376,465.019
3,191,96413788914643,96413788913569,96413789176513,261.87,262.944
3,192,96413790143125,96413790142369,96413790416685,273.56,274.316
3,193,96413791170110,96413791166369,96413791604405,434.295,438.036
3,194,96413792396481,96413792395169,96413792629529,233.048,234.36
3,195,96413793628363,96413793623969,96413793898472,270.109,274.503
3,196,96413794648688,96413794647969,96413795101433,452.745,453.464
3,197,96413795877449,96413795876769,96413796161198,283.749,284.429
3,198,96413797106420,96413797105569,96413797444902,338.482,339.333
3,199,96413798335152,96413798334369,96413798560980,225.828,226.611
3,200,96413799362696,96413799358369,96413799829563,466.867,471.194
3,201,96413800588518,96413800587169,96413800831236,242.718,244.067
3,202,96413801819940,96413801815969,96413802069688,249.748,253.719
3,203,96413802840624,96413802839969,96413803285950,445.326,445.981
3,204,96413804069455,96413804068769,96413804331785,262.33,263.016
3,205,96413805298248,96413805297569,96413805540905,242.657,243.336
3,206,96413806323122,96413806321569,96413806751786,428.664,430.217
3,207,96413807554404,96413807550369,96413807811303,256.899,260.934
3,208,96413808780565,96413808779169,96413809030343,249.778,251.174
3,209,96413809803960,96413809803169,96413810281566,477.606,478.397
3,210,96413811032801,96413811031969,96413811315820,283.019,283.851
3,211,96413812261553,96413812260769,96413812478420,216.867,217.651
3,212,96413813490284,96413813489569,96413813835966,345.682,346.397
3,213,96413814514838,96413814513569,96413814979644,464.806,466.075
3,214,96413815746771,96413815742369,96413816009159,262.388,266.79
3,215,96413816972472,96413816971169,96413817190680,218.208,219.511
3,216,96413817995876,96413817995169,96413818422631,426.755,427.462
3,217,96413819224758,96413819223969,96413819464746,239.988,240.777
3,218,96413820453400,96413820452769,96413820687938,234.538,235.169
3,219,96413821481025,96413821476769,96413822054754,573.729,577.985
3,220,96413822707416,96413822705569,96413823008896,301.48,303.327
3,221,96413823939327,96413823934369,96413824188916,249.589,254.547
3,222,96413824959141,96413824958369,96413825382566,423.425,424.197
3,223,96413826187974,96413826187169,96413826427291,239.317,240.122
3,224,96413827416935,96413827415969,96413827674414,257.479,258.445
3,225,96413828645526,96413828644769,96413828923976,278.45,279.207
3,226,96413829673181,96413829668769,96413830140327,467.146,471.558
3,227,96413830899353,96413830897569,96413831147681,248.328,250.112
3,228,96413832130944,96413832126369,96413832415464,284.52,289.095
3,229,96413833151169,96413833150369,96413833571313,420.144,420.944
3,230,96413834380180,96413834379169,96413834627219,247.039,248.05
3,231,96413835608692,96413835607969,96413835898612,289.92,290.643
3,232,96413836633597,96413836631969,96413837076612,443.015,444.643
3,233,96413837865148,96413837860769,96413838135947,270.799,275.178
3,234,96413839091329,96413839089569,96413839327317,235.988,237.748
3,235,96413840114294,96413840113569,96413840576359,462.065,462.79
3,236,96413841343536,96413841342369,96413841674427,330.891,332.058
3,237,96413842571967,96413842571169,96413842792025,220.058,220.856
3,238,96413843800728,96413843799969,96413844039717,238.989,239.748
3,239,96413844825453,96413844823969,96413845257138,431.685,433.169
3,240,96413846056685,96413846052769,96413846363935,307.25,311.166
3,241,96413847282936,96413847281569,96413847518955,236.019,237.386
3,242,96413848306241,96413848305569,96413848726705,420.464,421.136
3,243,96413849535032,96413849534369,96413849789261,254.229,254.892
3,244,96413850764034,96413850763169,96413851000462,236.428,237.293
3,245,96413851791219,96413851787169,96413852249534,458.315,462.365
3,246,96413853017730,96413853015969,96413853278759,261.029,262.79
3,247,96413854248762,96413854244769,96413854494940,246.178,250.171
3,248,96413855269466,96413855268769,96413855717921,448.455,449.152
3,249,96413856498288,96413856497569,96413856745706,247.418,248.137
3,250,96413857727399,96413857726369,96413858013119,285.72,286.75
3,251,96413858955890,96413858955169,96413859188148,232.258,232.979
3,252,96413859983675,96413859979169,96413860524133,540.458,544.964
3,253,96413861209177,96413861207969,96413861459916,250.739,251.947
3,254,96413862440929,96413862436769,96413862700747,259.818,263.978
3,255,96413863461583,96413863460769,96413863914888,453.305,454.119
3,256,96413864690334,96413864689569,96413864958404,268.07,268.835
3,257,96413865919386,96413865918369,96413866165475,246.089,247.106
3,258,96413866943651,96413866942369,96413867371325,427.674,428.956
3,259,96413868175883,96413868171169,96413868451142,275.259,279.973
3,260,96413869401464,96413869399969,96413869627292,225.828,227.323
3,261,96413870424728,96413870423969,96413870849503,424.775,425.534
3,262,96413871653620,96413871652769,96413871941320,287.7,288.551
3,263,96413872882291,96413872881569,96413873104559,222.268,222.99
3,264,96413874111283,96413874110369,96413874404933,293.65,294.564
3,265,96413875135957,96413875134369,96413875604523,468.566,470.154
3,266,96413876368369,96413876363169,96413876628418,260.049,265.249
3,267,96413877594761,96413877591969,96413877839579,244.818,247.61
3,268,96413878617195,96413878615969,96413879081811,464.616,465.842
3,269,96413879845666,96413879844769,96413880124596,278.93,279.827
3,270,96413881833644,96413881073569,96413882386713,553.069,1313.144
3,271,96413882101763,96413882097569,96413882693853,592.09,596.284
3,272,96413883327965,96413883326369,96413883698417,370.452,372.048
3,273,96413884559286,96413884555169,96413884806114,246.828,250.945
3,274,96413885579980,96413885579169,96413886013906,433.926,434.737
3,275,96413886809002,96413886807969,96413887079982,270.98,272.013
3,276,96413888037524,96413888036769,96413888363264,325.74,326.495
3,277,96413889266435,96413889265569,96413889486533,220.098,220.964
3,278,96413890293520,96413890289569,96413890718854,425.334,429.285
3,279,96413891519892,96413891518369,96413891755459,235.567,237.09
3,280,96413892752493,96413892747169,96413893106435,353.942,359.266
3,281,96413893779728,96413893771169,96413894154811,375.083,383.642
3,282,96413895012760,96413894999969,96413895236107,223.347,236.138
3,283,96413896229871,96413896228769,96413896437828,207.957,209.059
3,284,96413897254605,96413897252769,96413897657748,403.143,404.979
3,285,96413898486627,96413898481569,96413898726105,239.478,244.536
3,286,96413899712558,96413899710369,96413899942866,230.308,232.497
3,287,96413900735492,96413900734369,96413901209479,473.987,475.11
3,288,96413901964165,96413901963169,96413902187452,223.287,224.283
3,289,96413903192816,96413903191969,96413903394702,201.886,202.733
3,290,96413904421677,96413904420769,96413904636835,215.158,216.066
3,291,96413905446142,96413905444769,96413905823564,377.422,378.795
3,292,96413906676054,96413906673569,96413906929932,253.878,256.363
3,293,96413907904215,96413907902369,96413908116942,212.727,214.573
3,294,96413908927210,96413908926369,96413909363414,436.204,437.045
3,295,96413910155951,96413910155169,96413910383528,227.577,228.359
3,296,96413911384733,96413911383969,96413911582289,197.556,198.32
3,297,96413912410538,96413912407969,96413912796290,385.752,388.321
3,298,96413913637999,96413913636769,96413913913178,275.179,276.409
3,299,96413914867930,96413914865569,96413915080438,212.508,214.869
3,300,96413915890745,96413915889569,96413916313159,422.414,423.59
3,301,96413917119207,96413917118369,96413917344364,225.157,225.995
3,302,96413918348458,96413918347169,96413918546774,198.316,199.605
3,303,96413919577199,96413919575969,96413919775907,198.708,199.938
3,304,96413920602714,96413920599969,96413921066170,463.456,466.201
3,305,96413921830196,96413921828769,96413922037063,206.867,208.294
3,306,96413923060327,96413923057569,96413923274995,214.668,217.426
3,307,96413924082662,96413924081569,96413924482465,399.803,400.896
3,308,96413925311263,96413925310369,96413925532001,220.738,221.632
3,309,96413926540105,96413926539169,96413926764593,224.488,225.424
3,310,96413927564490,96413927563169,96413927952403,387.913,389.234
3,311,96413928795241,96413928791969,96413929001248,206.007,209.279
3,312,96413930022162,96413930020769,96413930213429,191.267,192.66
3,313,96413931045727,96413931044769,96413931467681,421.954,422.912
3,314,96413932274599,96413932273569,96413932565119,290.52,291.55
3,315,96413933503760,96413933502369,96413933708157,204.397,205.788
3,316,96413934732492,96413934731169,96413934935868,203.376,204.699
3,317,96413935756596,96413935755169,96413936193891,437.295,438.722
3,318,96413936987217,96413936983969,96413937203965,216.748,219.996
3,319,96413938214270,96413938212769,96413938433526,219.256,220.757
3,320,96413939237444,96413939236769,96413939622587,385.143,385.818
3,321,96413940466305,96413940465569,96413940705654,239.349,240.085
3,322,96413941695027,96413941694369,96413941898124,203.097,203.755
3,323,96413942721022,96413942718369,96413943203638,482.616,485.269
3,324,96413943948413,96413943947169,96413944155940,207.527,208.771
3,325,96413945178505,96413945175969,96413945393582,215.077,217.613
3,326,96413946200679,96413946199969,96413946593213,392.534,393.244
3,327,96413947429431,96413947428769,96413947646968,217.537,218.199
3,328,96413948658182,96413948657569,96413948916442,258.26,258.873
3,329,96413949887144,96413949886369,96413950079080,191.936,192.711
3,330,96413950912878,96413950910369,96413951309272,396.394,398.903
3,331,96413952140400,96413952139169,96413952355597,215.197,216.428
3,332,96413953370332,96413953367969,96413953581039,210.707,213.07
3,333,96413954392666,96413954391969,96413954812280,419.614,420.311
3,334,96413955621487,96413955620769,96413955829334,207.847,208.565
3,335,96413956850330,96413956849569,96413957088577,238.247,239.008
3,336,96413957875014,96413957873569,96413958273668,398.654,400.099
3,337,96413959104956,96413959102369,96413959337134,232.178,234.765
3,338,96413960333437,96413960331169,96413960538074,204.637,206.905
3,339,96413961356111,96413961355169,96413961752695,396.584,397.526
3,340,96413962585304,96413962583969,96413962849292,263.988,265.323
3,341,96413963813695,96413963812769,96413964029512,215.817,216.743
3,342,96413965042486,96413965041569,96413965258304,215.818,216.735
3,343,96413966067490,96413966065569,96413966440963,373.473,375.394
3,344,96413967297692,96413967294369,96413967541461,243.769,247.092
3,345,96413968525164,96413968523169,96413968741301,216.137,218.132
3,346,96413969548428,96413969547169,96413969936731,388.303,389.562
3,347,96413970777010,96413970775969,96413970999668,222.658,223.699
3,348,96413972014792,96413972004769,96413972212389,197.597,207.62
3,349,96413973032466,96413973028769,96413973431059,398.593,402.29
3,350,96413974259728,96413974257569,96413974458174,198.446,200.605
3,351,96413975489919,96413975486369,96413975702436,212.517,216.067
3,352,96413976511443,96413976510369,96413976906097,394.654,395.728
3,353,96413977740096,96413977739169,96413977967543,227.447,228.374
3,354,96413978968967,96413978967969,96413979197725,228.758,229.756
3,355,96413980197798,96413980196769,96413980415736,217.938,218.967
3,356,96413981223883,96413981220769,96413981618436,394.553,397.667
3,357,96413982451054,96413982449569,96413982664381,213.327,214.812
3,358,96413983682116,96413983678369,96413983893004,210.888,214.635
3,359,96413984703271,96413984702369,96413985122935,419.664,420.566
3,360,96413985931862,96413985931169,96413986150560,218.698,219.391
3,361,96413987160753,96413987159969,96413987361020,200.267,201.051
3,362,96413988185429,96413988183969,96413988570531,385.102,386.562
3,363,96413989417840,96413989412769,96413989709810,291.97,297.041
3,364,96413990643211,96413990641569,96413990861669,218.458,220.1
3,365,96413991666216,96413991665569,96413992111171,444.955,445.602
3,366,96413992895118,96413992894369,96413993156996,261.878,262.627
3,367,96413994123959,96413994123169,96413994342886,218.927,219.717
3,368,96413995353180,96413995351969,96413995594359,241.179,242.39
3,369,96413996576922,96413996375969,96413997020556,443.634,644.587
3,370,96413997608336,96413997604769,96413997846905,238.569,242.136
3,371,96413998835218,96413998833569,96413999048216,212.998,214.647
3,372,96413999858353,96413999857569,96414000259077,400.724,401.508
3,373,96414001087174,96414001086369,96414001368904,281.73,282.535
3,374,96414002315975,96414002315169,96414002564045,248.07,248.876
3,375,96414003342700,96414003339169,96414003843737,501.037,504.568
3,376,96414004618663,96414004567969,96414004846762,228.099,278.793
3,377,96414005800054,96414005796769,96414006012661,212.607,215.892
3,378,96414006878969,96414006820769,96414007205491,326.522,384.722
3,379,96414008050959,96414008049569,96414008256047,205.088,206.478
3,380,96414009279561,96414009278369,96414009554041,274.48,275.672
3,381,96414010508293,96414010507169,96414010693069,184.776,185.9
3,382,96414011534387,96414011531169,96414011905430,371.043,374.261
3,383,96414012843601,96414012759969,96414013191093,347.492,431.124
3,384,96414013992811,96414013988769,96414014268049,275.238,279.28
3,385,96414015014155,96414015012769,96414015403778,389.623,391.009
3,386,96414016242946,96414016241569,96414016471494,228.548,229.925
3,387,96414017472858,96414017470369,96414017721166,248.308,250.797
3,388,96414018498882,96414018494369,96414018900546,401.664,406.177
3,389,96414019810957,96414019723169,96414020053655,242.698,330.486
3,390,96414020955466,96414020951969,96414021176173,220.707,224.204
3,391,96414021977870,96414021975969,96414022414435,436.565,438.466
3,392,96414023206851,96414023204769,96414023475831,268.98,271.062
3,393,96414024435634,96414024433569,96414024644901,209.267,211.332
3,394,96414025664275,96414025662369,96414025865191,200.916,202.822
3,395,96414026689769,96414026686369,96414027065452,375.683,379.083
3,396,96414027923061,96414027915169,96414028200321,277.26,285.152
3,397,96414029147233,96414029143969,96414029355110,207.877,211.141
3,398,96414030169567,96414030167969,96414030581071,411.504,413.102
3,399,96414031399019,96414031396769,96414031628866,229.847,232.097
3,400,96414032727414,96414032625569,96414032967021,239.607,341.452
3,401,96414033656135,96414033649569,96414034076789,420.654,427.22
3,402,96414034882107,96414034878369,96414035095663,213.556,217.294
3,403,96414036114268,96414036107169,96414036341396,227.128,234.227
3,404,96414037133232,96414037131169,96414037530326,397.094,399.157
3,405,96414038361934,96414038359969,96414038579621,217.687,219.652
3,406,96414039590696,96414039588769,96414039800223,209.527,211.454
3,407,96414040819497,96414040817569,96414041019653,200.156,202.084
3,408,96414041848352,96414041841569,96414042299587,451.235,458.018
3,409,96414043073843,96414043070369,96414043277811,203.968,207.442
3,410,96414044306284,96414044299169,96414044506262,199.978,207.093
3,411,96414045325050,96414045323169,96414045708512,383.462,385.343
3,412,96414046553791,96414046551969,96414046765278,211.487,213.309
3,413,96414047782702,96414047780769,96414047990369,207.667,209.6
3,414,96414048808087,96414048804769,96414049205540,397.453,400.771
3,415,96414050040168,96414050033569,96414050257626,217.458,224.057
3,416,96414051265920,96414051262369,96414051471287,205.367,208.918
3,417,96414052288075,96414052286369,96414052696919,408.844,410.55
3,418,96414053517136,96414053515169,96414053747464,230.328,232.295
3,419,96414054745608,96414054743969,96414054977416,231.808,233.447
3,420,96414055974639,96414055972769,96414056307610,332.971,334.841
3,421,96414057000294,96414056996769,96414057446949,446.655,450.18
3,422,96414058232075,96414058225569,96414058597748,365.673,372.179
3,423,96414060043807,96414059454369,96414060402838,359.031,948.469
3,424,96414060480502,96414060478369,96414061094272,613.77,615.903
3,425,96414061708873,96414061707169,96414062041034,332.161,333.865
3,426,96414062937984,96414062935969,96414063162953,224.969,226.984
3,427,96414064024101,96414063959969,96414064523429,499.328,563.46
3,428,96414065192041,96414065188769,96414065418729,226.688,229.96
3,429,96414066423553,96414066417569,96414066641519,217.966,223.95
3,430,96414067443607,96414067441569,96414067869151,425.544,427.582
3,431,96414068672508,96414068670369,96414068892886,220.378,222.517
3,432,96414069901090,96414069899168,96414070163779,262.689,264.611
3,433,96414071129691,96414071127969,96414071326778,197.087,198.809
3,434,96414072158156,96414072151969,96414072517909,359.753,365.94
3,435,96414073383767,96414073380769,96414073586925,203.158,206.156
3,436,96414074616039,96414074609568,96414074865877,249.838,256.309
3,437,96414075635434,96414075633569,96414076180412,544.978,546.843
3,438,96414076864185,96414076862369,96414081900755,5036.57,5038.386
3,439,96414078093026,96414078091169,96414081900755,3807.729,3809.586
3,440,96414079118661,96414079115168,96414081938377,2819.716,2823.209
3,441,96414080350823,96414080343969,96414082117933,1767.11,1773.964
3,442,96414081575685,96414081572769,96414082562008,986.323,989.239
3,443,96414082598699,96414082596769,96414083167848,569.149,571.079
3,444,96414083827540,96414083825568,96414084317487,489.947,491.919
3,445,96414085056072,96414085054369,96414085291640,235.568,237.271
3,446,96414086285034,96414086283169,96414086536282,251.248,253.113
3,447,96414087310538,96414087307169,96414087715032,404.494,407.863
3,448,96414088546920,96414088535968,96414088822790,275.87,286.822
3,449,96414089775431,96414089764769,96414090008679,233.248,243.91
3,450,96414090790616,96414090788769,96414091315864,525.248,527.095
3,451,96414092019587,96414092017569,96414092266236,246.649,248.667
3,452,96414093248539,96414093246368,96414093505758,257.219,259.39
3,453,96414094277514,96414094270369,96414094747910,470.396,477.541
3,454,96414095503026,96414095499169,96414095728363,225.337,229.194
3,455,96414096734837,96414096727969,96414096965115,230.278,237.146
3,456,96414097753841,96414097751968,96414098200197,446.356,448.229
3,457,96414098982702,96414098980769,96414099430148,447.446,449.379
3,458,96414100211675,96414100209569,96414100494694,283.019,285.125
3,459,96414101440226,96414101438369,96414101738276,298.05,299.907
3,460,96414102470051,96414102462369,96414102866934,396.883,404.565
3,461,96414103695662,96414103691169,96414103928900,233.238,237.731
3,462,96414105028777,96414104919969,96414105248555,219.778,328.586
3,463,96414106169596,96414105943969,96414106563569,393.973,619.6
3,464,96414107174830,96414107172769,96414107555343,380.513,382.574
3,465,96414108403631,96414108401569,96414108620859,217.228,219.29
3,466,96414110165881,96414109425569,96414110631747,465.866,1206.178
3,467,96414110662007,96414110654369,96414111002449,340.442,348.08
3,468,96414111887529,96414111883169,96414112192589,305.06,309.42
3,469,96414112909313,96414112907169,96414113342588,433.275,435.419
3,470,96414114156855,96414114135969,96414114552188,395.333,416.219
3,471,96414115366717,96414115364769,96414115590014,223.297,225.245
3,472,96414116595688,96414116593569,96414116842876,247.188,249.307
3,473,96414117621053,96414117617569,96414118027096,406.043,409.527
3,474,96414118853824,96414118846369,96414119067302,213.478,220.933
3,475,96414120078905,96414120075169,96414120265991,187.086,190.822
3,476,96414121101251,96414121099169,96414121531385,430.134,432.216
3,477,96414122330002,96414122327969,96414122562930,232.928,234.961
3,478,96414123558563,96414123556769,96414123790861,232.298,234.092
3,479,96414124587898,96414124580769,96414125072365,484.467,491.596
3,480,96414125812749,96414125809569,96414126036697,223.948,227.128
3,481,96414127044751,96414127038369,96414127259378,214.627,221.009
3,482,96414128064516,96414128062369,96414128487690,423.174,425.321
3,483,96414129292937,96414129291169,96414129686380,393.443,395.211
3,484,96414130521859,96414130519969,96414130813659,291.8,293.69
3,485,96414131750600,96414131748769,96414131958357,207.757,209.588
3,486,96414132779815,96414132772769,96414133144907,365.092,372.138
3,487,96414134012527,96414134001569,96414134208993,196.466,207.424
3,488,96414135237178,96414135230369,96414135515267,278.089,284.898
3,489,96414136256623,96414136254369,96414136658336,401.713,403.967
3,490,96414137485464,96414137483169,96414137686380,200.916,203.211
3,491,96414138714045,96414138711969,96414138903582,189.537,191.613
3,492,96414139739800,96414139735969,96414140117703,377.903,381.734
3,493,96414140971091,96414140964769,96414141175259,204.168,210.49
3,494,96414142197643,96414142193569,96414142400320,202.677,206.751
3,495,96414144088077,96414143217569,96414144477350,389.273,1259.781
3,496,96414144448399,96414144446369,96414145007208,558.809,560.839
3,497,96414145677270,96414145675169,96414145940040,262.77,264.871
3,498,96414146905702,96414146903969,96414147105669,199.967,201.7
3,499,96414147931697,96414147927969,96414148309010,377.313,381.041
3,500,96414149165409,96414149156769,96414149425147,259.738,268.378
3,501,96414150389370,96414150385569,96414150594657,205.287,209.088
3,502,96414151411425,96414151409569,96414151833228,421.803,423.659
3,503,96414152640366,96414152638369,96414152856593,216.227,218.224
3,504,96414153869027,96414153867169,96414154065794,196.767,198.625
3,505,96414154898512,96414154891169,96414155282096,383.584,390.927
3,506,96414156124043,96414156119969,96414156328291,204.248,208.322
3,507,96414157355676,96414157348769,96414157572673,216.997,223.904
3,508,96414158374490,96414158372769,96414158797945,423.455,425.176
3,509,96414159603521,96414159601569,96414160013976,410.455,412.407
3,510,96414160832102,96414160830369,96414161053510,221.408,223.141
3,511,96414162061005,96414162059169,96414162246371,185.366,187.202
3,512,96414163090150,96414163083169,96414163489223,399.073,406.054
3,513,96414164315791,96414164311969,96414164522017,206.226,210.048
3,514,96414165548252,96414165540769,96414165765220,216.968,224.451
3,515,96414166566607,96414166564769,96414166953110,386.503,388.341
3,516,96414167795768,96414167793569,96414168001095,205.327,207.526
3,517,96414169024210,96414169022369,96414169215786,191.576,193.417
3,518,96414170049934,96414170046369,96414170430337,380.403,383.968
3,519,96414171282216,96414171275169,96414171512414,230.198,237.245
3,520,96414172507718,96414172503969,96414172714405,206.687,210.436
3,521,96414173529862,96414173527969,96414173954797,424.935,426.828
3,522,96414174758763,96414174756769,96414175171457,412.694,414.688
3,523,96414175987595,96414175985569,96414176185802,198.207,200.233
3,524,96414177216157,96414177214369,96414177468985,252.828,254.616
3,525,96414178241871,96414178238369,96414178654795,412.924,416.426
3,526,96414179474063,96414179467169,96414179713301,239.238,246.132
3,527,96414180699634,96414180695969,96414180902972,203.338,207.003
3,528,96414181722028,96414181719969,96414182108422,386.394,388.453
3,529,96414182950571,96414182948769,96414183184389,233.818,235.62
3,530,96414184179452,96414184177569,96414184385519,206.067,207.95
3,531,96414185209057,96414185201569,96414185630251,421.194,428.682
3,532,96414186433998,96414186430369,96414186639666,205.668,209.297
3,533,96414187666399,96414187659169,96414187868637,202.238,209.468
3,534,96414188685184,96414188683169,96414189093678,408.494,410.509
3,535,96414189913996,96414189911969,96414190310709,396.713,398.74
3,536,96414191142457,96414191140769,96414191349755,207.298,208.986
3,537,96414192371369,96414192369569,96414192563526,192.157,193.957
3,538,96414193401074,96414193393569,96414193758635,357.561,365.066
3,539,96414194626755,96414194622369,96414194841883,215.128,219.514
3,540,96414195858146,96414195851169,96414196094775,236.629,243.606
3,541,96414196877101,96414196875169,96414197272145,395.044,396.976
3,542,96414198105703,96414198103969,96414198315900,210.197,211.931
3,543,96414199334644,96414199332769,96414199535310,200.666,202.541
3,544,96414200360849,96414200356769,96414200738052,377.203,381.283
3,545,96414201592270,96414201585569,96414201814808,222.538,229.239
3,546,96414202817822,96414202814369,96414203031859,214.037,217.49
3,547,96414203840487,96414203838369,96414204254910,414.423,416.541
3,548,96414205068978,96414205067169,96414205477482,408.504,410.313
3,549,96414206297979,96414206295969,96414206498876,200.897,202.907
3,550,96414207526751,96414207524769,96414207715868,189.117,191.099
3,551,96414208552386,96414208548769,96414208950539,398.153,401.77
3,552,96414209784947,96414209777569,96414210048536,263.589,270.967
3,553,96414211018269,96414211006369,96414211225026,206.757,218.657
3,554,96414212032433,96414212030369,96414212460318,427.885,429.949
3,555,96414213261225,96414213259169,96414213468512,207.287,209.343
3,556,96414214489886,96414214487969,96414214682603,192.717,194.634
3,557,96414215517941,96414215511969,96414215912344,394.403,400.375
3,558,96414216744512,96414216740769,96414216965340,220.828,224.571
3,559,96414217976184,96414217969569,96414218176641,200.457,207.072
3,560,96414218995279,96414218993569,96414219420292,425.013,426.723
3,561,96414220224400,96414220222369,96414220606793,382.393,384.424
3,562,96414221465872,96414221451169,96414221706680,240.808,255.511
3,563,96414222681993,96414222679969,96414222957333,275.34,277.364
3,564,96414223709638,96414223703969,96414224181014,471.376,477.045
3,565,96414224935589,96414224932769,96414225159897,224.308,227.128
3,566,96414226168191,96414226161569,96414226381298,213.107,219.729
3,567,96414227187425,96414227185569,96414227570628,383.203,385.059
3,568,96414228416537,96414228414369,96414228614173,197.636,199.804
3,569,96414229645098,96414229643169,96414229853796,208.698,210.627
3,570,96414230670693,96414230667169,96414231051326,380.633,384.157
3,571,96414231903755,96414231895969,96414232114422,210.667,218.453
3,572,96414233128577,96414233124769,96414233331743,203.166,206.974
3,573,96414234454231,96414234148769,96414234822364,368.133,673.595
3,574,96414235379122,96414235377569,96414235816057,436.935,438.488
3,575,96414236607623,96414236606369,96414236841551,233.928,235.182
3,576,96414237836666,96414237835169,96414238229359,392.693,394.19
3,577,96414238861590,96414238859169,96414239338886,477.296,479.717
3,578,96414240091422,96414240087969,96414240328600,237.178,240.631
3,579,96414241318863,96414241316769,96414241548320,229.457,231.551
3,580,96414242341897,96414242340769,96414242860715,518.818,519.946
3,581,96414243570579,96414243569569,96414244042225,471.646,472.656
3,582,96414244799331,96414244798369,96414245040658,241.327,242.289
3,583,96414245827085,96414245822369,96414246296581,469.496,474.212
3,584,96414247054977,96414247051169,96414247363548,308.571,312.379
3,585,96414248285138,96414248279969,96414248578118,292.98,298.149
3,586,96414250034648,96414249303969,96414250545345,510.697,1241.376
3,587,96414251025761,96414250532769,96414251364902,339.141,832.133
3,588,96414251762496,96414251761569,96414252240823,478.327,479.254
3,589,96414252991258,96414252990369,96414253226615,235.357,236.246
3,590,96414254020133,96414254014369,96414254421875,401.742,407.506
3,591,96414255246734,96414255243169,96414255512332,265.598,269.163
3,592,96414256476735,96414256471969,96414256780286,303.551,308.317
3,593,96414257496939,96414257495969,96414257956335,459.396,460.366
3,594,96414258725732,96414258724769,96414258969409,243.677,244.64
3,595,96414259954513,96414259953569,96414260197471,242.958,243.902
3,596,96414260981117,96414260977569,96414261419902,438.785,442.333
3,597,96414262211419,96414262206369,96414262487698,276.279,281.329
3,598,96414263438061,96414263435169,96414263664398,226.337,229.229
3,599,96414264460235,96414264459169,96414264885289,425.054,426.12
3,600,96414265689247,96414265687969,96414266114101,424.854,426.132
3,601,96414266917828,96414266916769,96414267113165,195.337,196.396
3,602,96414268146580,96414268145569,96414268419979,273.399,274.41
3,603,96414269171225,96414269169569,96414269583428,412.203,413.859
3,604,96414270401186,96414270398369,96414270641844,240.658,243.475
3,605,96414271628717,96414271627169,96414271832765,204.048,205.596
3,606,96414272651912,96414272651169,96414273062326,410.414,411.157
3,607,96414273880664,96414273879969,96414274109571,228.907,229.602
3,608,96414275109535,96414275108769,96414275307272,197.737,198.503
3,609,96414276135470,96414276132769,96414276515723,380.253,382.954
3,610,96414277362741,96414277361569,96414277566658,203.917,205.089
3,611,96414278593133,96414278590369,96414278793640,200.507,203.271
3,612,96414279615347,96414279614369,96414280005410,390.063,391.041
3,613,96414280844029,96414280843169,96414281254782,410.753,411.613
3,614,96414282072590,96414282071969,96414282265967,193.377,193.998
3,615,96414283301882,96414283300769,96414283504139,202.257,203.37
3,616,96414284328237,96414284324769,96414284801073,472.836,476.304
3,617,96414285555298,96414285553569,96414285779965,224.667,226.396
3,618,96414286785089,96414286782369,96414286987167,202.078,204.798
3,619,96414287807404,96414287806369,96414288202107,394.703,395.738
3,620,96414289036486,96414289035169,96414289245143,208.657,209.974
3,621,96414290265007,96414290263969,96414290487004,221.997,223.035
3,622,96414291289622,96414291287969,96414291678485,388.863,390.516
3,623,96414292519543,96414292516769,96414292737281,217.738,220.512
3,624,96414293747175,96414293745569,96414293941941,194.766,196.372
3,625,96414294779910,96414294769569,96414295192434,412.524,422.865
3,626,96414295999371,96414295998369,96414296383274,383.903,384.905
3,627,96414297227922,96414297227169,96414297444880,216.958,217.711
3,628,96414298456704,96414298455969,96414298705273,248.569,249.304
3,629,96414299481599,96414299479969,96414299927223,445.624,447.254
3,630,96414300711580,96414300708769,96414300934137,222.557,225.368
3,631,96414301939361,96414301937569,96414302144428,205.067,206.859
3,632,96414302962536,96414302961569,96414303348479,385.943,386.91
3,633,96414304191378,96414304190369,96414304419006,227.628,228.637
3,634,96414305420169,96414305419169,96414305622676,202.507,203.507
3,635,96414306446144,96414306443169,96414306906530,460.386,463.361
3,636,96414307673615,96414307671969,96414307940505,266.89,268.536
3,637,96414308903867,96414308900769,96414309104624,200.757,203.855
3,638,96414309925762,96414309924769,96414310323765,398.003,398.996
3,639,96414311154523,96414311153569,96414311542166,387.643,388.597
3,640,96414312383344,96414312382369,96414312646284,262.94,263.915
3,641,96414313611857,96414313611169,96414313829663,217.806,218.494
3,642,96414314637461,96414314635169,96414315022364,384.903,387.195
3,643,96414315865882,96414315863969,96414316065959,200.077,201.99
3,644,96414317096034,96414317092769,96414317331382,235.348,238.613
3,645,96414318117998,96414318116769,96414318506022,388.024,389.253
3,646,96414319346510,96414319345569,96414319556427,209.917,210.858
3,647,96414320575562,96414320574369,96414320801169,225.607,226.8
3,648,96414321600386,96414321598369,96414321999750,399.364,401.381
3,649,96414322829878,96414322827169,96414323063576,233.698,236.407
3,650,96414324057350,96414324055969,96414324315458,258.108,259.489
3,651,96414325080804,96414325079969,96414325585441,504.637,505.472
3,652,96414326309505,96414326308769,96414326715069,405.564,406.3
3,653,96414327538407,96414327537569,96414327794575,256.168,257.006
3,654,96414328767029,96414328766369,96414329045237,278.208,278.868
3,655,96414329791693,96414329790369,96414330229728,438.035,439.359
3,656,96414331360216,96414331019169,96414331675837,315.621,656.668
3,657,96414332906979,96414332247969,96414333327343,420.364,1079.374
3,658,96414333272740,96414333271969,96414333940753,668.013,668.784
3,659,96414334637607,96414334500769,96414334934797,297.19,434.028
3,660,96414335730324,96414335729569,96414336079675,349.351,350.106
3,661,96414336757129,96414336753569,96414337207733,450.604,454.164
3,662,96414337984520,96414337982369,96414338267030,282.51,284.661
3,663,96414339216451,96414339211169,96414339478621,262.17,267.452
3,664,96414340235926,96414340235169,96414340700591,464.665,465.422
3,665,96414341464688,96414341463969,96414341959224,494.536,495.255
3,666,96414342693429,96414342692769,96414343096443,403.014,403.674
3,667,96414343922421,96414343921569,96414344218000,295.579,296.431
3,668,96414344950525,96414344945569,96414345449213,498.688,503.644
3,669,96414346177337,96414346174369,96414346482747,305.41,308.378
3,670,96414347408298,96414347403169,96414347672467,264.169,269.298
3,671,96414348427923,96414348427169,96414348927929,500.006,500.76
3,672,96414349656795,96414349655969,96414349931343,274.548,275.374
3,673,96414350885576,96414350884769,96414351219787,334.211,335.018
3,674,96414351911671,96414351908769,96414352365056,453.385,456.287
3,675,96414353142762,96414353137569,96414353400781,258.019,263.212
3,676,96414354369213,96414354366369,96414354622392,253.179,256.023
3,677,96414355391139,96414355390369,96414355917755,526.616,527.386
3,678,96414356619850,96414356619169,96414357053594,433.744,434.425
3,679,96414357848641,96414357847969,96414358113381,264.74,265.412
3,680,96414359077562,96414359076769,96414359445935,368.373,369.166
3,681,96414360103397,96414360100769,96414360592854,489.457,492.085
3,682,96414361334939,96414361329569,96414361608459,273.52,278.89
3,683,96414362560990,96414362558369,96414362853120,292.13,294.751
3,684,96414363583095,96414363582369,96414364114533,531.438,532.164
3,685,96414364811867,96414364811169,96414365168648,356.781,357.479
3,686,96414366040748,96414366039969,96414366290387,249.639,250.418
3,687,96414367069263,96414367063969,96414367676164,606.901,612.195
3,688,96414368295824,96414368292769,96414368640906,345.082,348.137
3,689,96414369526806,96414369521569,96414369833197,306.391,311.628
3,690,96414370546371,96414370545569,96414371000566,454.195,454.997
3,691,96414371775602,96414371774369,96414372239738,464.136,465.369
3,692,96414373011354,96414373003169,96414373346595,335.241,343.426
3,693,96414374232724,96414374231969,96414374463632,230.908,231.663
3,694,96414375260969,96414375255969,96414375752086,491.117,496.117
3,695,96414376487141,96414376484769,96414376754660,267.519,269.891
3,696,96414377718273,96414377713569,96414378026733,308.46,313.164
3,697,96414378738327,96414378737569,96414379184042,445.715,446.473
3,698,96414379967109,96414379966369,96414380272719,305.61,306.35
3,699,96414381196080,96414381195169,96414381519651,323.571,324.482
3,700,96414382222205,96414382219169,96414382690530,468.325,471.361
3,701,96414383453117,96414383447969,96414383719435,266.318,271.466
3,702,96414384679428,96414384676769,96414384938237,258.809,261.468
3,703,96414385701393,96414385700769,96414386186468,485.075,485.699
3,704,96414386930624,96414386929569,96414387394600,463.976,465.031
3,705,96414388159165,96414388158369,96414388427884,268.719,269.515
3,706,96414389388037,96414389387169,96414389723588,335.551,336.419
3,707,96414390413451,96414390411169,96414390892618,479.167,481.449
3,708,96414391645004,96414391639969,96414391942203,297.199,302.234
3,709,96414392871185,96414392868769,96414393139524,268.339,270.755
3,710,96414393893519,96414393892769,96414394360215,466.696,467.446
3,711,96414395122450,96414395121569,96414395421051,298.601,299.482
3,712,96414396351053,96414396350369,96414396608581,257.528,258.212
3,713,96414397378507,96414397374369,96414397862554,484.047,488.185
3,714,96414398604508,96414398603169,96414398850526,246.018,247.357
3,715,96414399836160,96414399831969,96414400159081,322.921,327.112
3,716,96414401062172,96414401060769,96414401299979,237.807,239.21
3,717,96414402085566,96414402084769,96414402515840,430.274,431.071
3,718,96414403314298,96414403313569,96414403569786,255.488,256.217
3,719,96414404543139,96414404542369,96414404790108,246.969,247.739
3,720,96414405570014,96414405566369,96414406011369,441.355,445.0
3,721,96414406796466,96414406795169,96414407041324,244.858,246.155
3,722,96414408028057,96414408023969,96414408269785,241.728,245.816
3,723,96414409048901,96414409047969,96414409476776,427.875,428.807
3,724,96414410277473,96414410276769,96414410535182,257.709,258.413
3,725,96414411506255,96414411505569,96414411867107,360.852,361.538
3,726,96414412530869,96414412529569,96414412977474,446.605,447.905
3,727,96414413762121,96414413758369,96414414037020,274.899,278.651
3,728,96414414988382,96414414987169,96414415301892,313.51,314.723
3,729,96414416220464,96414416215969,96414416448892,228.428,232.923
3,730,96414417240699,96414417239969,96414417670433,429.734,430.464
3,731,96414418469510,96414418468769,96414418712268,242.758,243.499
3,732,96414419698351,96414419697569,96414420003592,305.241,306.023
3,733,96414420722896,96414420721569,96414421134980,412.084,413.411
3,734,96414421954158,96414421950369,96414422189505,235.347,239.136
3,735,96414423180729,96414423179169,96414423382526,201.797,203.357
3,736,96414424203914,96414424203169,96414424682780,478.866,479.611
3,737,96414425432715,96414425431969,96414425692404,259.689,260.435
3,738,96414426661557,96414426660769,96414426872824,211.267,212.055
3,739,96414427688082,96414427684769,96414428222289,534.207,537.52
3,740,96414428914823,96414428913569,96414429153581,238.758,240.012
3,741,96414430145984,96414430142369,96414430369642,223.658,227.273
3,742,96414431372786,96414431371169,96414431576513,203.727,205.344
3,743,96414432395841,96414432395169,96414432826795,430.954,431.626
3,744,96414433624702,96414433623969,96414433916332,291.63,292.363
3,745,96414434853463,96414434852769,96414435067521,214.058,214.752
3,746,96414435879188,96414435876769,96414436274551,395.363,397.782
3,747,96414437107130,96414437105569,96414437328117,220.987,222.548
3,748,96414438336831,96414438334369,96414438578069,241.238,243.7
3,749,96414439359076,96414439358369,96414439741459,382.383,383.09
3,750,96414440587947,96414440587169,96414440798744,210.797,211.575
3,751,96414441816679,96414441815969,96414442056587,239.908,240.618
3,752,96414442841194,96414442839969,96414443248517,407.323,408.548
3,753,96414444071555,96414444068769,96414444287353,215.798,218.584
3,754,96414445883036,96414445297569,96414446398284,515.248,1100.715
3,755,96414446529029,96414446526369,96414446910671,381.642,384.302
3,756,96414447553073,96414447550369,96414448058120,505.047,507.751
3,757,96414448779934,96414448779169,96414448994612,214.678,215.443
3,758,96414450008765,96414450007969,96414450249674,240.909,241.705
3,759,96414451033230,96414451031969,96414451466615,433.385,434.646
3,760,96414452263342,96414452260769,96414452477929,214.587,217.16
3,761,96414453491213,96414453489569,96414453704831,213.618,215.262
3,762,96414454514448,96414454513569,96414454922342,407.894,408.773
3,763,96414455743359,96414455742369,96414456004268,260.909,261.899
3,764,96414456971911,96414456971169,96414457192438,220.527,221.269
3,765,96414457998676,96414457995169,96414458397580,398.904,402.411
3,766,96414459225317,96414459223969,96414459424234,198.917,200.265
3,767,96414460455199,96414460452769,96414460668416,213.217,215.647
3,768,96414461682911,96414461681569,96414461874226,191.315,192.657
3,769,96414462706265,96414462705569,96414463124789,418.524,419.22
3,770,96414463935156,96414463934369,96414464178654,243.498,244.285
3,771,96414465164138,96414465163169,96414465357494,193.356,194.325
3,772,96414466189942,96414466187169,96414466600237,410.295,413.068
3,773,96414467417334,96414467415969,96414467618781,201.447,202.812
3,774,96414468647676,96414468644769,96414468881754,234.078,236.985
3,775,96414469669440,96414469668769,96414470049373,379.933,380.604
3,776,96414470898381,96414470897569,96414471105868,207.487,208.299
3,777,96414472127414,96414472126369,96414472324160,196.746,197.791
3,778,96414473151808,96414473150369,96414473531961,380.153,381.592
3,779,96414474381930,96414474379169,96414474629038,247.108,249.869
3,780,96414475609191,96414475607969,96414475825218,216.027,217.249
3,781,96414476839673,96414476836769,96414477071600,231.927,234.831
3,782,96414477861537,96414477860769,96414478281502,419.965,420.733
3,783,96414479090339,96414479089569,96414479293345,203.006,203.776
3,784,96414480319130,96414480318369,96414480584600,265.47,266.231
3,785,96414481343694,96414481342369,96414481741388,397.694,399.019
3,786,96414482574177,96414482571169,96414482785453,211.276,214.284
3,787,96414483802268,96414483799969,96414483992655,190.387,192.686
3,788,96414484825792,96414484823969,96414485286338,460.546,462.369
3,789,96414486053664,96414486052769,96414486296722,243.058,243.953
3,790,96414487282636,96414487281569,96414487486092,203.456,204.523
3,791,96414488307870,96414488305569,96414488749886,442.016,444.317
3,792,96414489535872,96414489534369,96414489747799,211.927,213.43
3,793,96414490766293,96414490763169,96414490973930,207.637,210.761
3,794,96414491993385,96414491991969,96414492198492,205.107,206.523
3,795,96414493016750,96414493015969,96414493401152,384.402,385.183
3,796,96414494245551,96414494244769,96414494543351,297.8,298.582
3,797,96414495474262,96414495473569,96414495669169,194.907,195.6
3,798,96414496499857,96414496497569,96414496904641,404.784,407.072
3,799,96414497727759,96414497726369,96414497940845,213.086,214.476
3,800,96414498957790,96414498955169,96414499236590,278.8,281.421
3,801,96414499979855,96414499979169,96414500392038,412.183,412.869
3,802,96414501208676,96414501207969,96414501410773,202.097,202.804
3,803,96414502437498,96414502436769,96414502634594,197.096,197.825
3,804,96414503462303,96414503460769,96414503864405,402.102,403.636
3,805,96414504691654,96414504689569,96414504912761,221.107,223.192
3,806,96414505919655,96414505918369,96414506138763,219.108,220.394
3,807,96414507149746,96414507147169,96414507364284,214.538,217.115
3,808,96414508171902,96414508171169,96414508588476,416.574,417.307
3,809,96414509400803,96414509399969,96414509601219,200.416,201.25
3,810,96414510629404,96414510628769,96414510839791,210.387,211.022
3,811,96414511654129,96414511652769,96414512038852,384.723,386.083
3,812,96414512883821,96414512881569,96414513115488,231.667,233.919
3,813,96414514111782,96414514110369,96414514309428,197.646,199.059
3,814,96414515135217,96414515134369,96414515552321,417.104,417.952
3,815,96414516363938,96414516363169,96414516568575,204.637,205.406
3,816,96414517592600,96414517591969,96414517793087,200.487,201.118
3,817,96414518618435,96414518615969,96414519036789,418.354,420.82
3,818,96414519846326,96414519844769,96414520058273,211.947,213.504
3,819,96414521076117,96414521073569,96414521279724,203.607,206.155
3,820,96414522303580,96414522302369,96414522507026,203.446,204.657
3,821,96414523327214,96414523326369,96414523745248,418.034,418.879
3,822,96414524555915,96414524555169,96414524806114,250.199,250.945
3,823,96414525784716,96414525783969,96414525977373,192.657,193.404
3,824,96414526811011,96414526807969,96414527283028,472.017,475.059
3,825,96414528038113,96414528036769,96414528243180,205.067,206.411
3,826,96414529268225,96414529265569,96414529474651,206.426,209.082
3,827,96414530290329,96414530289569,96414530675372,385.043,385.803
3,828,96414531519050,96414531518369,96414531739728,220.678,221.359
3,829,96414532747832,96414532747169,96414532952879,205.047,205.71
3,830,96414533778286,96414533771169,96414534177790,399.504,406.621
3,831,96414535010748,96414534999969,96414535226506,215.758,226.537
3,832,96414536230259,96414536228769,96414536442207,211.948,213.438
3,833,96414537460061,96414537457569,96414537658588,198.527,201.019
3,834,96414538482696,96414538481569,96414538912380,429.684,430.811
3,835,96414539711107,96414539710369,96414539929944,218.837,219.575
3,836,96414540939849,96414540939169,96414541179867,240.018,240.698
3,837,96414541964503,96414541963169,96414542367827,403.324,404.658
3,838,96414543195405,96414543191969,96414543393742,198.337,201.773
3,839,96414544422157,96414544420769,96414544636804,214.647,216.035
3,840,96414545445451,96414545444769,96414545886016,440.565,441.247
3,841,96414546674242,96414546673569,96414546881659,207.417,208.09
3,842,96414547903105,96414547902369,96414548143732,240.627,241.363
3,843,96414548928899,96414548926369,96414549353603,424.704,427.234
3,844,96414550156460,96414550155169,96414550370598,214.138,215.429
3,845,96414551386572,96414551383969,96414551582109,195.537,198.14
3,846,96414552614223,96414552612769,96414552828670,214.447,215.901
3,847,96414553637608,96414553636769,96414554079212,441.604,442.443
3,848,96414554866340,96414554865569,96414555132268,265.928,266.699
3,849,96414556095271,96414556094369,96414556299347,204.076,204.978
3,850,96414558503862,96414557118369,96414559095333,591.471,1976.964
3,851,96414558511893,96414558347169,96414559228026,716.133,880.857
3,852,96414559578769,96414559575969,96414559888219,309.45,312.25
3,853,96414560600973,96414560599969,96414561049118,448.145,449.149
3,854,96414561829785,96414561828769,96414562052033,222.248,223.264
3,855,96414563058906,96414563057569,96414563297264,238.358,239.695
3,856,96414564085721,96414564081569,96414564476885,391.164,395.316
3,857,96414565349844,96414565310369,96414565571461,221.617,261.092
3,858,96414566541204,96414566539168,96414566755281,214.077,216.113
3,859,96414567782036,96414567767969,96414567991623,209.587,223.654
3,860,96414568792801,96414568791969,96414569168853,376.052,376.884
3,861,96414570022282,96414570020768,96414570226099,203.817,205.331
3,862,96414571250873,96414571249568,96414571456330,205.457,206.762
3,863,96414572275898,96414572273569,96414572687241,411.343,413.672
3,864,96414573505609,96414573502369,96414573782619,277.01,280.25
3,865,96414574733061,96414574731168,96414574946869,213.808,215.701
3,866,96414575756216,96414575755169,96414576176510,420.294,421.341
3,867,96414576985147,96414576983969,96414577187134,201.987,203.165
3,868,96414578213968,96414578212769,96414578409455,195.487,196.686
3,869,96414579239743,96414579236769,96414579641677,401.934,404.908
3,870,96414580467245,96414580465569,96414580675152,207.907,209.583
3,871,96414581696676,96414581694369,96414581917044,220.368,222.675
3,872,96414582924697,96414582923169,96414583177286,252.589,254.117
3,873,96414583948133,96414583947169,96414585340649,1392.516,1393.48
3,874,96414585177034,96414585175969,96414585643240,466.206,467.271
3,875,96414586405695,96414586404769,96414586659074,253.379,254.305
3,876,96414587431400,96414587428769,96414587906056,474.656,477.287
3,877,96414588659041,96414588657569,96414588893239,234.198,235.67
3,878,96414589888983,96414589886369,96414590105090,216.107,218.721
3,879,96414590911318,96414590910369,96414591330342,419.024,419.973
3,880,96414592139879,96414592139169,96414592358197,218.318,219.028
3,881,96414593368880,96414593367969,96414593596939,228.059,228.97
3,882,96414594441657,96414594391968,96414594822290,380.633,430.322
3,883,96414597024994,96414595620769,96414597396607,371.613,1775.838
3,884,96414597035094,96414596849569,96414597533831,498.737,684.262
3,885,96414598082600,96414598078369,96414598378670,296.07,300.301
3,886,96414599103364,96414599102368,96414599504898,401.534,402.53
3,887,96414600425069,96414600331169,96414600635596,210.527,304.427
3,888,96414601560747,96414601559969,96414601825346,264.599,265.377
3,889,96414602585492,96414602583968,96414602991566,406.074,407.598
3,890,96414603815983,96414603812768,96414604020721,204.738,207.953
3,891,96414605042875,96414605041569,96414605251142,208.267,209.573
3,892,96414606066300,96414606065569,96414606449543,383.243,383.974
3,893,96414607295071,96414607294368,96414607529349,234.278,234.981
3,894,96414608523882,96414608523168,96414608706589,182.707,183.421
3,895,96414609550167,96414609547169,96414610070306,520.139,523.137
3,896,96414610778999,96414610775969,96414610993046,214.047,217.077
3,897,96414612014211,96414612004768,96414612225458,211.247,220.69
3,898,96414613234872,96414613233569,96414613449029,214.157,215.46
3,899,96414614258346,96414614257569,96414614646980,388.634,389.411
3,900,96414615487078,96414615486369,96414615716036,228.958,229.667
3,901,96414616715810,96414616715168,96414616923287,207.477,208.119
3,902,96414617741984,96414617739169,96414618151468,409.484,412.299
3,903,96414618969506,96414618967969,96414619172523,203.017,204.554
3,904,96414620199048,96414620196768,96414620447806,248.758,251.038
3,905,96414621221512,96414621220769,96414621621746,400.234,400.977
3,906,96414622450423,96414622449569,96414622652390,201.967,202.821
3,907,96414623679025,96414623678369,96414623897682,218.657,219.313
3,908,96414624703759,96414624702369,96414625089833,386.074,387.464
3,909,96414625934252,96414625931169,96414626145969,211.717,214.8
3,910,96414627161393,96414627159969,96414627366459,205.066,206.49
3,911,96414628391184,96414628388769,96414628608602,217.418,219.833
3,912,96414629413498,96414629412769,96414629797542,384.044,384.773
3,913,96414630642351,96414630641569,96414630858737,216.386,217.168
3,914,96414631871062,96414631870369,96414632073558,202.496,203.189
3,915,96414632895776,96414632894369,96414633262869,367.093,368.5
3,916,96414634125678,96414634123169,96414634395147,269.469,271.978
3,917,96414635353280,96414635351969,96414635557107,203.827,205.138
3,918,96414636376704,96414636375969,96414636766467,389.763,390.498
3,919,96414637605486,96414637604769,96414637828143,222.657,223.374
3,920,96414638834197,96414638833569,96414639041794,207.597,208.225
3,921,96414639860332,96414639857569,96414640294817,434.485,437.248
3,922,96414641087974,96414641086369,96414641293711,205.737,207.342
3,923,96414642318065,96414642315169,96414642554343,236.278,239.174
3,924,96414643545676,96414643543969,96414643735613,189.937,191.644
3,925,96414644568731,96414644567969,96414644965284,396.553,397.315
3,926,96414645797483,96414645796769,96414645998269,200.786,201.5
3,927,96414647026184,96414647025569,96414647227431,201.247,201.862
3,928,96414648052609,96414648049569,96414648525884,473.275,476.315
3,929,96414649280020,96414649278369,96414649487127,207.107,208.758
3,930,96414650509872,96414650507169,96414650722259,212.387,215.09
3,931,96414651531947,96414651531169,96414651960251,428.304,429.082
3,932,96414652760738,96414652759969,96414652977795,217.057,217.826
3,933,96414653989479,96414653988769,96414654203697,214.218,214.928
3,934,96414655014734,96414655012769,96414655401817,387.083,389.048
3,935,96414656244236,96414656241569,96414656449073,204.837,207.504
3,936,96414657471977,96414657470369,96414657669614,197.637,199.245
3,937,96414658701868,96414658699169,96414658914846,212.978,215.677
3,938,96414659724063,96414659723169,96414660116917,392.854,393.748
3,939,96414660952675,96414660951969,96414661161402,208.727,209.433
3,940,96414662181606,96414662180769,96414662422844,241.238,242.075
3,941,96414663206481,96414663204769,96414663585574,379.093,380.805
3,942,96414664436092,96414664433569,96414664642379,206.287,208.81
3,943,96414665664074,96414665662369,96414665856890,192.816,194.521
3,944,96414666687169,96414666686369,96414667127894,440.725,441.525
3,945,96414667915960,96414667915169,96414668133368,217.408,218.199
3,946,96414669144921,96414669143969,96414669351398,206.477,207.429
3,947,96414670170986,96414670167969,96414670676833,505.847,508.864
3,948,96414671398458,96414671396769,96414671662447,263.989,265.678
3,949,96414672630590,96414672625569,96414672889698,259.108,264.129
3,950,96414673856241,96414673854369,96414674072348,216.107,217.979
3,951,96414674879315,96414674878369,96414675301619,422.304,423.25
3,952,96414676408607,96414676107169,96414676787630,379.023,680.461
3,953,96414677337099,96414677335969,96414677643008,305.909,307.039
3,954,96414678364883,96414678359969,96414678820548,455.665,460.579
3,955,96414679590904,96414679588769,96414679837062,246.158,248.293
3,956,96414680821676,96414680817569,96414681113767,292.091,296.198
3,957,96414681842461,96414681841569,96414682310966,468.505,469.397
3,958,96414683113754,96414683070369,96414683350372,236.618,280.003
3,959,96414684300093,96414684299169,96414684558313,258.22,259.144
3,960,96414685324898,96414685323169,96414685792064,467.166,468.895
3,961,96414686557270,96414686551969,96414686820749,263.479,268.78
3,962,96414687782852,96414687780769,96414688036240,253.388,255.471
3,963,96414689066105,96414689009569,96414689326794,260.689,317.225
3,964,96414690034697,96414690033569,96414690441321,406.624,407.752
3,965,96414691263569,96414691262369,96414691489677,226.108,227.308
3,966,96414692492611,96414692491169,96414692743539,250.928,252.37
3,967,96414693517385,96414693515169,96414693946419,429.034,431.25
3,968,96414694749367,96414694743969,96414695029437,280.07,285.468
3,969,96414695974299,96414695972769,96414696214916,240.617,242.147
3,970,96414696997463,96414696996769,96414697460249,462.786,463.48
3,971,96414698226374,96414698225569,96414698530854,304.48,305.285
3,972,96414699455066,96414699454369,96414699676924,221.858,222.555
3,973,96414700482840,96414700478369,96414700912866,430.026,434.497
3,974,96414701708573,96414701707169,96414701963950,255.377,256.781
3,975,96414702940854,96414702935969,96414703188362,247.508,252.393
3,976,96414704166645,96414704164769,96414704410184,243.539,245.415
3,977,96414705189509,96414705188769,96414705619875,430.366,431.106
3,978,96414706418372,96414706417569,96414706694830,276.458,277.261
3,979,96414707647153,96414707646369,96414707872390,225.237,226.021
3,980,96414708674888,96414708670369,96414709114613,439.725,444.244
3,981,96414709901079,96414709899169,96414710122327,221.248,223.158
3,982,96414711132440,96414711127969,96414711365948,233.508,237.979
3,983,96414712152905,96414712151969,96414712561919,409.014,409.95
3,984,96414713381507,96414713380769,96414713655896,274.389,275.127
3,985,96414714610248,96414714609569,96414714886937,276.689,277.368
3,986,96414715634842,96414715633569,96414716073037,438.195,439.468
3,987,96414716867254,96414716862369,96414717116423,249.169,254.054
3,988,96414718092606,96414718091169,96414718340984,248.378,249.815
3,989,96414719324097,96414719319969,96414719583797,259.7,263.828
3,990,96414720344832,96414720343969,96414720757086,412.254,413.117
3,991,96414721573464,96414721572769,96414721805401,231.937,232.632
3,992,96414722802935,96414722801569,96414723041653,238.718,240.084
3,993,96414723826900,96414723825569,96414724225453,398.553,399.884
3,994,96414725058561,96414725054369,96414725277559,218.998,223.19
3,995,96414726284892,96414726283169,96414726499100,214.208,215.931
3,996,96414727307908,96414727307169,96414727731681,423.773,424.512
3,997,96414728537109,96414728535969,96414728800617,263.508,264.648
3,998,96414729765540,96414729764769,96414730004969,239.429,240.2
3,999,96414730799725,96414730788769,96414731486028,686.303,697.259
3,1000,96414732019037,96414732017569,96414732331817,312.78,314.248
3,1001,96414733250678,96414733246369,96414733510007,259.329,263.638
3,1002,96414734476549,96414734475169,96414734707307,230.758,232.138
3,1003,96414735499924,96414735499169,96414735974461,474.537,475.292
3,1004,96414736728816,96414736727969,96414737003695,274.879,275.726
3,1005,96414737957467,96414737956769,96414738224376,266.909,267.607
3,1006,96414738985242,96414738980769,96414739472278,487.036,491.509
3,1007,96414740210863,96414740209569,96414740440031,229.168,230.462
3,1008,96414741442805,96414741438369,96414741723635,280.83,285.266
3,1009,96414742463130,96414742462369,96414742888083,424.953,425.714
3,1010,96414743691851,96414743691169,96414743920599,228.748,229.43
3,1011,96414744920942,96414744919969,96414745133300,212.358,213.331
3,1012,96414745945447,96414745943969,96414746327660,382.213,383.691
3,1013,96414747176648,96414747172769,96414747387246,210.598,214.477
3,1014,96414748402930,96414748401569,96414748599756,196.826,198.187
3,1015,96414749634962,96414749630369,96414749850509,215.547,220.14
3,1016,96414750655176,96414750654369,96414751043160,387.984,388.791
3,1017,96414751884727,96414751883169,96414752091285,206.558,208.116
3,1018,96414753112780,96414753111969,96414753327177,214.397,215.208
3,1019,96414754137664,96414754135969,96414754518997,381.333,383.028
3,1020,96414755367385,96414755364769,96414755619894,252.509,255.125
3,1021,96414756594887,96414756593569,96414756799644,204.757,206.075
3,1022,96414757618332,96414757617569,96414758031196,412.864,413.627
3,1023,96414758847093,96414758846369,96414759055730,208.637,209.361
3,1024,96414760075765,96414760075169,96414760291512,215.747,216.343
3,1025,96414761101919,96414761099169,96414761522273,420.354,423.104
3,1026,96414762329291,96414762327969,96414762532628,203.337,204.659
3,1027,96414763559143,96414763556769,96414763780330,221.187,223.561
3,1028,96414764786974,96414764785569,96414764999451,212.477,213.882
3,1029,96414765810428,96414765809569,96414766189861,379.433,380.292
3,1030,96414767039140,96414767038369,96414767271037,231.897,232.668
3,1031,96414768267882,96414768267169,96414768458608,190.726,191.439
3,1032,96414769293916,96414769291169,96414769701820,407.904,410.651
3,1033,96414770521488,96414770519969,96414770716024,194.536,196.055
3,1034,96414771751189,96414771748769,96414771966306,215.117,217.537
3,1035,96414772773904,96414772772769,96414773157327,383.423,384.558
3,1036,96414774010055,96414774001569,96414774226753,216.698,225.184
3,1037,96414775231057,96414775230369,96414775433363,202.306,202.994
3,1038,96414776255771,96414776254369,96414776651895,396.124,397.526
3,1039,96414777485793,96414777483169,96414777687370,201.577,204.201
3,1040,96414778713575,96414778711969,96414778942933,229.358,230.964
3,1041,96414779943316,96414779940769,96414780157614,214.298,216.845
3,1042,96414780965550,96414780964769,96414781341973,376.423,377.204
3,1043,96414782194532,96414782193569,96414782399519,204.987,205.95
3,1044,96414783423084,96414783422369,96414783727844,304.76,305.475
3,1045,96414784447839,96414784446369,96414784844822,396.983,398.453
3,1046,96414785677860,96414785675169,96414785901157,223.297,225.988
3,1047,96414786905571,96414786903969,96414787126439,220.868,222.47
3,1048,96414787928606,96414787927969,96414788380891,452.285,452.922
3,1049,96414789838520,96414789156769,96414790122990,284.47,966.221
3,1050,96414790386579,96414790385569,96414790671678,285.099,286.109
3,1051,96414791413234,96414791409569,96414791899770,486.536,490.201
3,1052,96414792639815,96414792638369,96414792857582,217.767,219.213
3,1053,96414793869897,96414793867169,96414794075484,205.587,208.315
3,1054,96414795097848,96414795095969,96414795298185,200.337,202.216
3,1055,96414796120943,96414796119969,96414796520676,399.733,400.707
3,1056,96414797350794,96414797348769,96414797616344,265.55,267.575
3,1057,96414798578256,96414798577569,96414798799713,221.457,222.144
3,1058,96414799604611,96414799601569,96414799977663,373.052,376.094
3,1059,96414800831682,96414800830369,96414801042399,210.717,212.03
3,1060,96414802062393,96414802059169,96414802315932,253.539,256.763
3,1061,96414803084008,96414803083169,96414803523822,439.814,440.653
3,1062,96414804312750,96414804311969,96414804534107,221.357,222.138
3,1063,96414805541491,96414805540769,96414805787349,245.858,246.58
3,1064,96414806566076,96414806564769,96414806956039,389.963,391.27
3,1065,96414807796277,96414807793569,96414808036456,240.179,242.887
3,1066,96414809023879,96414809022369,96414809230546,206.667,208.177
3,1067,96414810253750,96414810251169,96414810474287,220.537,223.118
3,1068,96414811275895,96414811275169,96414811687288,411.393,412.119
3,1069,96414812504686,96414812503969,96414812705933,201.247,201.964
3,1070,96414813733888,96414813732769,96414813958196,224.308,225.427
3,1071,96414814758583,96414814756769,96414815133546,374.963,376.777
3,1072,96414815988104,96414815985569,96414816240473,252.369,254.904
3,1073,96414817215865,96414817214369,96414817432043,216.178,217.674
3,1074,96414818239060,96414818238369,96414818663514,424.454,425.145
3,1075,96414819467962,96414819467169,96414819710180,242.218,243.011
3,1076,96414820696803,96414820695969,96414820904370,207.567,208.401
3,1077,96414821722828,96414821719969,96414822112551,389.723,392.582
3,1078,96414822950289,96414822948769,96414823163747,213.458,214.978
3,1079,96414824180452,96414824177569,96414824405839,225.387,228.27
3,1080,96414825407833,96414825406369,96414825621900,214.067,215.531
3,1081,96414826431097,96414826430369,96414826820261,389.164,389.892
3,1082,96414827659888,96414827659169,96414827874216,214.328,215.047
3,1083,96414828888681,96414828887969,96414829085317,196.636,197.348
3,1084,96414829915155,96414829911969,96414830291818,376.663,379.849
3,1085,96414831142296,96414831140769,96414831339373,197.077,198.604
3,1086,96414832372188,96414832369569,96414832568385,196.197,198.816
3,1087,96414833394392,96414833393569,96414833764535,370.143,370.966
3,1088,96414834623084,96414834622369,96414834828891,205.807,206.522
3,1089,96414835852005,96414835851169,96414836048873,196.868,197.704
3,1090,96414836876590,96414836875169,96414837263974,387.384,388.805
3,1091,96414838106301,96414838103969,96414838349980,243.679,246.011
3,1092,96414839334064,96414839332769,96414839547380,213.316,214.611
3,1093,96414840564335,96414840561569,96414840767972,203.637,206.403
3,1094,96414841586389,96414841585569,96414841963742,377.353,378.173
3,1095,96414842814991,96414842814369,96414843012278,197.287,197.909
3,1096,96414844044103,96414844043169,96414844276481,232.378,233.312
3,1097,96414845068597,96414845067169,96414845445310,376.713,378.141
3,1098,96414846299019,96414846295969,96414846504595,205.576,208.626
3,1099,96414847526240,96414847524769,96414847730477,204.237,205.708
3,1100,96414848549524,96414848548769,96414849003860,454.336,455.091
3,1101,96414849778316,96414849777569,96414849978793,200.477,201.224
3,1102,96414851009588,96414851006369,96414851222765,213.177,216.396
3,1103,96414852033222,96414852030369,96414852506168,472.946,475.799
3,1104,96414853260754,96414853259169,96414853508233,247.479,249.064
3,1105,96414854490366,96414854487969,96414854693512,203.146,205.543
3,1106,96414855718077,96414855716769,96414855929164,211.087,212.395
3,1107,96414856741622,96414856740769,96414857194626,453.004,453.857
3,1108,96414857970243,96414857969569,96414858205901,235.658,236.332
3,1109,96414859199145,96414859198369,96414859389522,190.377,191.153
3,1110,96414860225100,96414860222369,96414860597132,372.032,374.763
3,1111,96414861452751,96414861451169,96414861659068,206.317,207.899
3,1112,96414862682542,96414862679969,96414862960312,277.77,280.343
3,1113,96414863704626,96414863703969,96414864115501,410.875,411.532
3,1114,96414864933529,96414864932769,96414865148375,214.846,215.606
3,1115,96414866162610,96414866161569,96414866375917,213.307,214.348
3,1116,96414867187235,96414867185569,96414867585458,398.223,399.889
3,1117,96414868416926,96414868414369,96414868633664,216.738,219.295
3,1118,96414869644588,96414869643169,96414869856804,212.216,213.635
3,1119,96414870874939,96414870871969,96414871086247,211.308,214.278
3,1120,96414871896894,96414871895969,96414872305887,408.993,409.918
3,1121,96414873125455,96414873124769,96414873344483,219.028,219.714
3,1122,96414874354277,96414874353569,96414874578844,224.567,225.275
3,1123,96414875378772,96414875377569,96414875766774,388.002,389.205
3,1124,96414876609153,96414876606369,96414876830970,221.817,224.601
3,1125,96414877836614,96414877835169,96414878028951,192.337,193.782
3,1126,96414878859889,96414878859169,96414879266413,406.524,407.244
3,1127,96414880088761,96414880087969,96414880324248,235.487,236.279
3,1128,96414881317522,96414881316769,96414881511789,194.267,195.02
3,1129,96414882343687,96414882340769,96414882724740,381.053,383.971
3,1130,96414883570958,96414883569569,96414883791406,220.448,221.837
3,1131,96414884801020,96414884798369,96414885005407,204.387,207.038
3,1132,96414886028521,96414886027169,96414886232178,203.657,205.009
3,1133,96414887052086,96414887051169,96414887460169,408.083,409.0
3,1134,96414888280757,96414888279969,96414888488004,207.247,208.035
3,1135,96414889509509,96414889508769,96414889694325,184.816,185.556
3,1136,96414890535564,96414890532769,96414890995970,460.406,463.201
3,1137,96414891762905,96414891761569,96414891979833,216.928,218.264
3,1138,96414892993056,96414892990369,96414893189203,196.147,198.834
3,1139,96414894015251,96414894014369,96414894424055,408.804,409.686
3,1140,96414895244803,96414895243169,96414895478030,233.227,234.861
3,1141,96414896472834,96414896471969,96414896698212,225.378,226.243
3,1142,96414897497519,96414897495969,96414897904973,407.454,409.004
3,1143,96414900970306,96414898724769,96414901576347,606.041,2851.578
3,1144,96414900989757,96414899953569,96414901682030,692.273,1728.461
3,1145,96414901185314,96414901182369,96414901946939,761.625,764.57
3,1146,96414902637642,96414902206369,96414903186061,548.419,979.692
3,1147,96414903436179,96414903435169,96414903737110,300.931,301.941
3,1148,96414904664702,96414904663969,96414904944260,279.558,280.291
3,1149,96414905736097,96414905687969,96414906264565,528.468,576.596
3,1150,96414906920277,96414906916769,96414907131225,210.948,214.456
3,1151,96414908147269,96414908145569,96414908360296,213.027,214.727
3,1152,96414909170373,96414909169569,96414909617609,447.236,448.04
3,1153,96414910399075,96414910398369,96414910640733,241.658,242.364
3,1154,96414911628207,96414911627169,96414911836334,208.127,209.165
3,1155,96414912653941,96414912651169,96414913152758,498.817,501.589
3,1156,96414913881542,96414913879969,96414914096990,215.448,217.021
3,1157,96414915111334,96414915108769,96414915315121,203.787,206.352
3,1158,96414916339336,96414916337569,96414916561243,221.907,223.674
3,1159,96414917362500,96414917361569,96414917829836,467.336,468.267
3,1160,96414918591122,96414918590369,96414918811850,220.728,221.481
3,1161,96414919819964,96414919819169,96414920018470,198.506,199.301
3,1162,96414920845548,96414920843169,96414921277793,432.245,434.624
3,1163,96414922073220,96414922071969,96414922298387,225.167,226.418
3,1164,96414923303291,96414923300769,96414923542619,239.328,241.85
3,1165,96414924325465,96414924324769,96414924709409,383.944,384.64
3,1166,96414925554277,96414925553569,96414925761744,207.467,208.175
3,1167,96414926806310,96414926782369,96414927006696,200.386,224.327
3,1168,96414927807843,96414927806369,96414928200216,392.373,393.847
3,1169,96414929037555,96414929035169,96414929242881,205.326,207.712
3,1170,96414930265367,96414930263969,96414930478093,212.726,214.124
3,1171,96414931495168,96414931492769,96414931698745,203.577,205.976
3,1172,96414932517703,96414932516769,96414933227446,709.743,710.677
3,1173,96414933746484,96414933745569,96414933968892,222.408,223.323
3,1174,96414934975545,96414934974369,96414935221384,245.839,247.015
3,1175,96414936000031,96414935998369,96414936375383,375.352,377.014
3,1176,96414937230052,96414937227169,96414937490830,260.778,263.661
3,1177,96414938457783,96414938455969,96414938673211,215.428,217.242
3,1178,96414939480917,96414939479969,96414939913273,432.356,433.304
3,1179,96414940709720,96414940708769,96414940978249,268.529,269.48
3,1180,96414941938521,96414941937569,96414942153888,215.367,216.319
3,1181,96414942964476,96414942961569,96414943388740,424.264,427.171
3,1182,96414944192327,96414944190369,96414944421905,229.578,231.536
3,1183,96414945422098,96414945419169,96414945645886,223.788,226.717
3,1184,96414946649610,96414946647969,96414946877348,227.738,229.379
3,1185,96414947672965,96414947671969,96414948080238,407.273,408.269
3,1186,96414948902136,96414948900769,96414949184846,282.71,284.077
3,1187,96414950130517,96414950129569,96414950329404,198.887,199.835
3,1188,96414951156562,96414951153569,96414951642069,485.507,488.5
3,1189,96414952384214,96414952382369,96414952608581,224.367,226.212
3,1190,96414953614085,96414953611169,96414953839203,225.118,228.034
3,1191,96414954636130,96414954635169,96414955058134,422.004,422.965
3,1192,96414955864762,96414955863969,96414956123460,258.698,259.491
3,1193,96414957093953,96414957092769,96414957336291,242.338,243.522
3,1194,96414958118558,96414958116769,96414958528871,410.313,412.102
3,1195,96414959348859,96414959345569,96414959564647,215.788,219.078
3,1196,96414960576080,96414960574369,96414960799298,223.218,224.929
3,1197,96414961806223,96414961803169,96414961995779,189.556,192.61
3,1198,96414962828077,96414962827169,96414963218300,390.223,391.131
3,1199,96414964057378,96414964055969,96414964281996,224.618,226.027
3,1200,96414965285699,96414965284769,96414965557779,272.08,273.01
3,1201,96414966310524,96414966308769,96414966695387,384.863,386.618
3,1202,96414967540896,96414967537569,96414967759313,218.417,221.744
3,1203,96414968774808,96414968766369,96414968985035,210.227,218.666
3,1204,96414969791352,96414969790369,96414970255198,463.846,464.829
3,1205,96414971020163,96414971019169,96414971258662,238.499,239.493
3,1206,96414972249005,96414972247969,96414972447032,198.027,199.063
3,1207,96414973274440,96414973271969,96414973705934,431.494,433.965
3,1208,96414974502191,96414974500769,96414974708608,206.417,207.839
3,1209,96414975732483,96414975729569,96414975946370,213.887,216.801
3,1210,96414976959855,96414976958369,96414977172792,212.937,214.423
3,1211,96414977983089,96414977982369,96414978394763,411.674,412.394
3,1212,96414979211880,96414979211169,96414979472500,260.62,261.331
3,1213,96414980440722,96414980439969,96414980632998,192.276,193.029
3,1214,96414981466546,96414981463969,96414981887761,421.215,423.792
3,1215,96414982694008,96414982692769,96414982922526,228.518,229.757
3,1216,96414983924520,96414983921569,96414984147857,223.337,226.288
3,1217,96414984946294,96414984945569,96414985324847,378.553,379.278
3,1218,96414986175215,96414986174369,96414986391263,216.048,216.894
3,1219,96414987403948,96414987403169,96414987623644,219.696,220.475
3,1220,96414988428642,96414988427169,96414988820725,392.083,393.556
3,1221,96414989658333,96414989655969,96414989924102,265.769,268.133
3,1222,96414990886125,96414990884769,96414991102572,216.447,217.803
3,1223,96414992115987,96414992113569,96414992303593,187.606,190.024
3,1224,96414993138361,96414993137569,96414993540485,402.124,402.916
3,1225,96414994367073,96414994366369,96414994564200,197.127,197.831
3,1226,96414995595934,96414995595169,96414995830622,234.688,235.453
3,1227,96414996620798,96414996619169,96414996996591,375.793,377.422
3,1228,96414997851361,96414997847969,96414998114489,263.128,266.52
3,1229,96414999078072,96414999076769,96414999299659,221.587,222.89
3,1230,96415000101636,96415000100769,96415000526871,425.235,426.102
3,1231,96415001330558,96415001329569,96415001568106,237.548,238.537
3,1232,96415002559060,96415002558369,96415002750436,191.376,192.067
3,1233,96415003585024,96415003582369,96415003973467,388.443,391.098
3,1234,96415004812606,96415004811169,96415005029253,216.647,218.084
3,1235,96415006042697,96415006039969,96415006239714,197.017,199.745
3,1236,96415007270139,96415007268769,96415007484356,214.217,215.587
3,1237,96415008293594,96415008292769,96415008669376,375.782,376.607
3,1238,96415009522265,96415009521569,96415009728412,206.147,206.843
3,1239,96415010751096,96415010750369,96415010967174,216.078,216.805
3,1240,96415012960341,96415011774369,96415013484279,523.938,1709.91
3,1241,96415013011602,96415013003169,96415013642104,630.502,638.935
3,1242,96415014235484,96415014231969,96415014567335,331.851,335.366
3,1243,96415015256658,96415015255969,96415015670512,413.854,414.543
3,1244,96415016485450,96415016484769,96415016692268,206.818,207.499
3,1245,96415017714682,96415017713569,96415017957000,242.318,243.431
3,1246,96415018738796,96415018737569,96415019160911,422.115,423.342
3,1247,96415019969178,96415019966369,96415020204936,235.758,238.567
3,1248,96415021196739,96415021195169,96415021411437,214.698,216.268
3,1249,96415022426401,96415022423969,96415022671899,245.498,247.93
3,1250,96415023448866,96415023447969,96415023836818,387.952,388.849
3,1251,96415024677597,96415024676769,96415024897345,219.748,220.576
3,1252,96415025906328,96415025905569,96415026126146,219.818,220.577
3,1253,96415026930873,96415026929569,96415027312876,382.003,383.307
3,1254,96415028161085,96415028158369,96415028448455,287.37,290.086
3,1255,96415029388546,96415029387169,96415029672745,284.199,285.576
3,1256,96415030412181,96415030411169,96415030848685,436.504,437.516
3,1257,96415031640722,96415031639969,96415031913801,273.079,273.832
3,1258,96415032869994,96415032868769,96415033097962,227.968,229.193
3,1259,96415033895379,96415033892769,96415034430226,534.847,537.457
3,1260,96415035123060,96415035121569,96415035397029,273.969,275.46
3,1261,96415036353461,96415036350369,96415036593730,240.269,243.361
3,1262,96415037580503,96415037579169,96415037815621,235.118,236.452
3,1263,96415038604228,96415038603169,96415039059343,455.115,456.174
3,1264,96415039832739,96415039831969,96415040081197,248.458,249.228
3,1265,96415041061630,96415041060769,96415041299239,237.609,238.47
3,1266,96415042088655,96415042084769,96415042517970,429.315,433.201
3,1267,96415043314987,96415043313569,96415043544665,229.678,231.096
3,1268,96415044546269,96415044542369,96415044790246,243.977,247.877
3,1269,96415045567093,96415045566369,96415046018849,451.756,452.48
3,1270,96415046796014,96415046795169,96415047032162,236.148,236.993
3,1271,96415048024656,96415048023969,96415048311326,286.67,287.357
3,1272,96415049049741,96415049047969,96415049478875,429.134,430.906
3,1273,96415050279932,96415050276769,96415050529201,249.269,252.432
3,1274,96415051507203,96415051505569,96415051734071,226.868,228.502
3,1275,96415052738145,96415052734369,96415053017915,279.77,283.546
3,1276,96415053759120,96415053758369,96415054198515,439.395,440.146
3,1277,96415054988121,96415054987169,96415055218699,230.578,231.53
3,1278,96415056216813,96415056215969,96415056447540,230.727,231.571
3,1279,96415057241217,96415057239969,96415057646461,405.244,406.492
3,1280,96415058471990,96415058468769,96415058831621,359.631,362.852
3,1281,96415059698931,96415059697569,96415059977810,278.879,280.241
3,1282,96415060722385,96415060721569,96415061154589,432.204,433.02
3,1283,96415061951216,96415061950369,96415062154874,203.658,204.505
3,1284,96415063179939,96415063179169,96415063382665,202.726,203.496
3,1285,96415064206973,96415064203169,96415064597186,390.213,394.017
3,1286,96415065433504,96415065431969,96415065657432,223.928,225.463
3,1287,96415066663906,96415066660769,96415066882014,218.108,221.245
3,1288,96415067891008,96415067889569,96415068077094,186.086,187.525
3,1289,96415068914332,96415068913569,96415069296524,382.192,382.955
3,1290,96415070143424,96415070142369,96415070375872,232.448,233.503
3,1291,96415071372015,96415071371169,96415071559371,187.356,188.202
3,1292,96415072397999,96415072395169,96415072855095,457.096,459.926
3,1293,96415073625452,96415073623969,96415073838338,212.886,214.369
3,1294,96415074855353,96415074852769,96415075055789,200.436,203.02
3,1295,96415075877537,96415075876769,96415076260411,382.874,383.642
3,1296,96415077106459,96415077105569,96415077327087,220.628,221.518
3,1297,96415078335061,96415078334369,96415078559268,224.207,224.899
3,1298,96415079359635,96415079358369,96415079745268,385.633,386.899
3,1299,96415080589977,96415080587169,96415080806734,216.757,219.565
3,1300,96415081817168,96415081815969,96415082010235,193.067,194.266
3,1301,96415083047409,96415083044769,96415083297389,249.98,252.62
3,1302,96415084069615,96415084068769,96415084448867,379.252,380.098
3,1303,96415085298296,96415085297569,96415085499472,201.176,201.903
3,1304,96415086527217,96415086526369,96415086743225,216.008,216.856
3,1305,96415087551672,96415087550369,96415087931225,379.553,380.856
3,1306,96415088781714,96415088779169,96415088984170,202.456,205.001
3,1307,96415090010425,96415090007969,96415090195311,184.886,187.342
3,1308,96415091032770,96415091031969,96415091483584,450.814,451.615
3,1309,96415092261481,96415092260769,96415092483399,221.918,222.63
3,1310,96415093490323,96415093489569,96415093681769,191.446,192.2
3,1311,96415094516268,96415094513569,96415094981033,464.765,467.464
3,1312,96415095743699,96415095742369,96415095963026,219.327,220.657
3,1313,96415096973990,96415096971169,96415097187138,213.148,215.969
3,1314,96415098201342,96415098199969,96415098400088,198.746,200.119
3,1315,96415099224647,96415099223969,96415099603000,378.353,379.031
3,1316,96415100453498,96415100452769,96415100669676,216.178,216.907
3,1317,96415101682229,96415101681569,96415101880506,198.277,198.937
3,1318,96415102708164,96415102705569,96415103115488,407.324,409.919
3,1319,96415103935776,96415103934369,96415104147952,212.176,213.583
3,1320,96415105165667,96415105163169,96415105407945,242.278,244.776
3,1321,96415106188002,96415106187169,96415106587015,399.013,399.846
3,1322,96415107416743,96415107415969,96415107624250,207.507,208.281
3,1323,96415108645885,96415108644769,96415108872563,226.678,227.794
3,1324,96415109669950,96415109668769,96415110073233,403.283,404.464
3,1325,96415110899861,96415110897569,96415111113038,213.177,215.469
3,1326,96415112127692,96415112126369,96415112323169,195.477,196.8
3,1327,96415113357444,96415113355169,96415113557581,200.137,202.412
3,1328,96415114379889,96415114379169,96415114801112,421.223,421.943
3,1329,96415115608680,96415115607969,96415115828327,219.647,220.358
3,1330,96415116837491,96415116836769,96415117036639,199.148,199.87
3,1331,96415117862386,96415117860769,96415118244969,382.583,384.2
3,1332,96415119092127,96415119089569,96415119338356,246.229,248.787
3,1333,96415120319779,96415120318369,96415120509906,190.127,191.537
3,1334,96415121343354,96415121342369,96415121752847,409.493,410.478
3,1335,96415122571875,96415122571169,96415122818513,246.638,247.344
3,1336,96415123800987,96415123799969,96415124007954,206.967,207.985
3,1337,96415125876567,96415124823969,96415126356383,479.816,1532.414
3,1338,96415126054443,96415126052769,96415126613972,559.529,561.203
3,1339,96415127284345,96415127281569,96415127521203,236.858,239.634
3,1340,96415128511846,96415128510369,96415128724163,212.317,213.794
3,1341,96415129550381,96415129534369,96415129929324,378.943,394.955
3,1342,96415130763842,96415130763169,96415130981449,217.607,218.28
3,1343,96415131992694,96415131991969,96415132179800,187.106,187.831
3,1344,96415133032279,96415133015969,96415133430832,398.553,414.863
3,1345,96415134246360,96415134244769,96415134447477,201.117,202.708
3,1346,96415135476492,96415135473569,96415135688169,211.677,214.6
3,1347,96415136498736,96415136497569,96415136890119,391.383,392.55
3,1348,96415137727027,96415137726369,96415137930245,203.218,203.876
3,1349,96415138956100,96415138955169,96415139178257,222.157,223.088
3,1350,96415139980754,96415139979169,96415140381667,400.913,402.498
3,1351,96415141210505,96415141207969,96415141432093,221.588,224.124
3,1352,96415142438327,96415142436769,96415142643623,205.296,206.854
3,1353,96415143668128,96415143665569,96415143891676,223.548,226.107
3,1354,96415144690283,96415144689569,96415145081866,391.583,392.297
3,1355,96415145919135,96415145918369,96415146137991,218.856,219.622
3,1356,96415147147986,96415147147169,96415147428446,280.46,281.277
3,1357,96415148172570,96415148171169,96415148543583,371.013,372.414
3,1358,96415149402532,96415149399969,96415149615629,213.097,215.66
3,1359,96415150630074,96415150628769,96415150845341,215.267,216.572
3,1360,96415151653508,96415151652769,96415152097894,444.386,445.125
3,1361,96415152882250,96415152881569,96415153095167,212.917,213.598
3,1362,96415154111101,96415154110369,96415154306308,195.207,195.939
3,1363,96415155137436,96415155134369,96415155634563,497.127,500.194
3,1364,96415156364418,96415156363169,96415156570314,205.896,207.145
3,1365,96415157594899,96415157591969,96415157820586,225.687,228.617
3,1366,96415158822090,96415158820769,96415159023848,201.758,203.079
3,1367,96415159845456,96415159844769,96415160223018,377.562,378.249
3,1368,96415161074227,96415161073569,96415161279944,205.717,206.375
3,1369,96415162303088,96415162302369,96415162486644,183.556,184.275
3,1370,96415163328883,96415163326369,96415163726376,397.493,400.007
3,1371,96415164556554,96415164555169,96415164786662,230.108,231.493
3,1372,96415165786506,96415165783969,96415166032954,246.448,248.985
3,1373,96415166808710,96415166807969,96415167217954,409.244,409.985
3,1374,96415168037512,96415168036769,96415168245139,207.627,208.37
3,1375,96415169266233,96415169265569,96415169463560,197.327,197.991
3,1376,96415170290959,96415170289569,96415170688252,397.293,398.683
3,1377,96415171520830,96415171518369,96415171724216,203.386,205.847
3,1378,96415172748561,96415172747169,96415172949757,201.196,202.588
3,1379,96415173978522,96415173975969,96415174191590,213.068,215.621
3,1380,96415175000608,96415174999969,96415175402461,401.853,402.492
3,1381,96415176229519,96415176228769,96415176437086,207.567,208.317
3,1382,96415177458270,96415177457569,96415177652977,194.707,195.408
3,1383,96415178482765,96415178481569,96415178868668,385.903,387.099
3,1384,96415179712746,96415179710369,96415179985795,273.049,275.426
3,1385,96415180940408,96415180939169,96415181143225,202.817,204.056
3,1386,96415181964013,96415181963169,96415182383747,419.734,420.578
3,1387,96415183192664,96415183191969,96415183394041,201.377,202.072
3,1388,96415184421595,96415184420769,96415184624693,203.098,203.924
3,1389,96415185447180,96415185444769,96415185840524,393.344,395.755
3,1390,96415186674962,96415186673569,96415186909400,234.438,235.831
3,1391,96415187904823,96415187902369,96415188115761,210.938,213.392
3,1392,96415189132704,96415189131169,96415189314611,181.907,183.442
3,1393,96415190156139,96415190155169,96415190600284,444.145,445.115
3,1394,96415191384741,96415191383969,96415191590658,205.917,206.689
3,1395,96415192613462,96415192612769,96415192821669,208.207,208.9
3,1396,96415193639147,96415193636769,96415194107283,468.136,470.514
3,1397,96415194866768,96415194865569,96415195076255,209.487,210.686
3,1398,96415196096550,96415196094369,96415196302837,206.287,208.468
3,1399,96415197119265,96415197118369,96415197523119,403.854,404.75
3,1400,96415198347826,96415198347169,96415198552683,204.857,205.514
3,1401,96415199576707,96415199575969,96415199802936,226.229,226.967
3,1402,96415200601582,96415200599969,96415201000456,398.874,400.487
3,1403,96415201831174,96415201828769,96415202102233,271.059,273.464
3,1404,96415203059136,96415203057569,96415203259902,200.766,202.333
3,1405,96415204288757,96415204286369,96415204502434,213.677,216.065
3,1406,96415205311301,96415205310369,96415205722486,411.185,412.117
3,1407,96415206539963,96415206539169,96415206740370,200.407,201.201
3,1408,96415207774225,96415207767969,96415208016813,242.588,248.844
3,1409,96415208793309,96415208791969,96415209164952,371.643,372.983
3,1410,96415210023541,96415210020769,96415210219318,195.777,198.549
3,1411,96415211250933,96415211249569,96415211451229,200.296,201.66
3,1412,96415212274327,96415212273569,96415212724632,450.305,451.063
3,1413,96415213503068,96415213502369,96415213728406,225.338,226.037
3,1414,96415214731810,96415214731169,96415214946087,214.277,214.918
3,1415,96415215757614,96415215755169,96415216246201,488.587,491.032
3,1416,96415216985446,96415216983969,96415217202563,217.117,218.594
3,1417,96415218215198,96415218212769,96415218417474,202.276,204.705
3,1418,96415219442869,96415219441569,96415219623816,180.947,182.247
3,1419,96415220466303,96415220465569,96415220844746,378.443,379.177
3,1420,96415221695016,96415221694369,96415221964485,269.469,270.116
3,1421,96415222923837,96415222923169,96415223123094,199.257,199.925
3,1422,96415223950092,96415223947169,96415224352535,402.443,405.366
3,1423,96415225177583,96415225175969,96415225382140,204.557,206.171
3,1424,96415226407185,96415226404769,96415226649303,242.118,244.534
3,1425,96415227429489,96415227428769,96415227814132,384.643,385.363
3,1426,96415228658211,96415228657569,96415228882718,224.507,225.149
3,1427,96415229887112,96415229886369,96415230080479,193.367,194.11
3,1428,96415230911746,96415230910369,96415231324961,413.215,414.592
3,1429,96415232141989,96415232139169,96415232343025,201.036,203.856
3,1430,96415233369370,96415233367969,96415233577587,208.217,209.618
3,1431,96415234599461,96415234596769,96415234821379,221.918,224.61
3,1432,96415235621496,96415235620769,96415235997498,376.002,376.729
3,1433,96415236850288,96415236849569,96415237052444,202.156,202.875
3,1434,96415238079179,96415238078369,96415238294947,215.768,216.578
3,1435,96415239103794,96415239102369,96415239471906,368.112,369.537
3,1436,96415240333615,96415240331169,96415240583233,249.618,252.064
3,1437,96415241561327,96415241559969,96415241764834,203.507,204.865
3,1438,96415242584812,96415242583969,96415242991645,406.833,407.676
3,1439,96415243813523,96415243812769,96415244009830,196.307,197.061
3,1440,96415245042324,96415245041569,96415245238811,196.487,197.242
3,1441,96415246068349,96415246065569,96415246487313,418.964,421.744
3,1442,96415247295731,96415247294369,96415247506568,210.837,212.199
3,1443,96415248525522,96415248523169,96415248738039,212.517,214.87
3,1444,96415249753173,96415249751969,96415249971171,217.998,219.202
3,1445,96415250776688,96415250775969,96415251170172,393.484,394.203
3,1446,96415252014600,96415252004769,96415252220637,206.037,215.868
3,1447,96415253234221,96415253233569,96415253434358,200.137,200.789
3,1448,96415254259986,96415254257569,96415254714071,454.085,456.502
3,1449,96415255487867,96415255486369,96415255688554,200.687,202.185
3,1450,96415256717289,96415256715169,96415256932846,215.557,217.677
3,1451,96415257739914,96415257739169,96415258131817,391.903,392.648
3,1452,96415258968855,96415258967969,96415259173872,205.017,205.903
3,1453,96415260197606,96415260196769,96415260415854,218.248,219.085
3,1454,96415261222071,96415261220769,96415261613875,391.804,393.106
3,1455,96415262452113,96415262449569,96415262663749,211.636,214.18
3,1456,96415263679704,96415263678369,96415263895052,215.348,216.683
3,1457,96415264909626,96415264907169,96415265114522,204.896,207.353
3,1458,96415265931930,96415265931169,96415266332384,400.454,401.215
3,1459,96415267160832,96415267159969,96415267362719,201.887,202.75
3,1460,96415268389453,96415268388769,96415268592120,202.667,203.351
3,1461,96415269414338,96415269412769,96415269799441,385.103,386.672
3,1462,96415270643969,96415270641569,96415270858777,214.808,217.208
3,1463,96415271871991,96415271870369,96415272087298,215.307,216.929
3,1464,96415272895106,96415272894369,96415273342370,447.264,448.001
3,1465,96415274123967,96415274123169,96415274341705,217.738,218.536
3,1466,96415275352728,96415275351969,96415275543475,190.747,191.506
3,1467,96415276378233,96415276375969,96415276871730,493.497,495.761
3,1468,96415277606095,96415277604769,96415277829062,222.967,224.293
3,1469,96415278836077,96415278833569,96415279035843,199.766,202.274
3,1470,96415280063618,96415280062369,96415280278765,215.147,216.396
3,1471,96415281087132,96415281086369,96415281463245,376.113,376.876
3,1472,96415283952779,96415282315169,96415284454876,502.097,2139.707
3,1473,96415283963840,96415283543969,96415284547239,583.399,1003.27
3,1474,96415284570910,96415284567969,96415285117779,546.869,549.81
3,1475,96415287226570,96415285796769,96415287736318,509.748,1939.549
3,1476,96415287237361,96415287025569,96415287783028,545.667,757.459
3,1477,96415288050548,96415288049569,96415288561895,511.347,512.326
3,1478,96415290022754,96415289278369,96415290359426,336.672,1081.057
3,1479,96415290508301,96415290507169,96415290802711,294.41,295.542
3,1480,96415291532445,96415291531169,96415291937199,404.754,406.03
3,1481,96415292763538,96415292759969,96415293182272,418.734,422.303
3,1482,96415293990139,96415293988769,96415294205456,215.317,216.687
3,1483,96415295220890,96415295217569,96415295449898,229.008,232.329
3,1484,96415296242294,96415296241569,96415296649219,406.925,407.65
3,1485,96415297471007,96415297470369,96415297686513,215.506,216.144
3,1486,96415298699928,96415298699169,96415298924445,224.517,225.276
3,1487,96415299724402,96415299723169,96415300094005,369.603,370.836
3,1488,96415300954824,96415300951969,96415301151941,197.117,199.972
3,1489,96415302182136,96415302180769,96415302377762,195.626,196.993
3,1490,96415303205620,96415303204769,96415303610033,404.413,405.264
3,1491,96415304434242,96415304433569,96415304651319,217.077,217.75
3,1492,96415305663113,96415305662369,96415305866980,203.867,204.611
3,1493,96415306688657,96415306686369,96415307079861,391.204,393.492
3,1494,96415307916650,96415307915169,96415308299572,382.922,384.403
3,1495,96415309146631,96415309143969,96415309361008,214.377,217.039
3,1496,96415310374142,96415310372769,96415310568259,194.117,195.49
3,1497,96415311397487,96415311396769,96415311817001,419.514,420.232
3,1498,96415312626249,96415312625569,96415312827685,201.436,202.116
3,1499,96415313855090,96415313854369,96415314055886,200.796,201.517
3,1500,96415314881235,96415314878369,96415315270718,389.483,392.349
3,1501,96415316108566,96415316107169,96415316326114,217.548,218.945
3,1502,96415317338427,96415317335969,96415317541595,203.168,205.626
3,1503,96415318360733,96415318359969,96415318749575,388.842,389.606
3,1504,96415319589544,96415319588769,96415319806441,216.897,217.672
3,1505,96415320818285,96415320817569,96415321038853,220.568,221.284
3,1506,96415321843010,96415321841569,96415322233393,390.383,391.824
3,1507,96415323072652,96415323070369,96415323536297,463.645,465.928
3,1508,96415324300863,96415324299169,96415324497449,196.586,198.28
3,1509,96415325530294,96415325527969,96415325741412,211.118,213.443
3,1510,96415326552759,96415326551969,96415326976023,423.264,424.054
3,1511,96415327781721,96415327780769,96415327985198,203.477,204.429
3,1512,96415329010622,96415329009569,96415329251730,241.108,242.161
3,1513,96415330034857,96415330033569,96415330405649,370.792,372.08
3,1514,96415331264988,96415331262369,96415331478106,213.118,215.737
3,1515,96415332492539,96415332491169,96415332672406,179.867,181.237
3,1516,96415333515885,96415333515169,96415333973340,457.455,458.171
3,1517,96415334744756,96415334743969,96415334948403,203.647,204.434
3,1518,96415335973487,96415335972769,96415336165324,191.837,192.555
3,1519,96415336998922,96415336996769,96415337480998,482.076,484.229
3,1520,96415338227184,96415338225569,96415338595846,368.662,370.277
3,1521,96415339456565,96415339454369,96415339691694,235.129,237.325
3,1522,96415340684527,96415340683169,96415340900254,215.727,217.085
3,1523,96415341707861,96415341707169,96415342086614,378.753,379.445
3,1524,96415342936823,96415342935969,96415343180111,243.288,244.142
3,1525,96415344165495,96415344164769,96415344349130,183.635,184.361
3,1526,96415345191509,96415345188769,96415345559421,367.912,370.652
3,1527,96415346418990,96415346417569,96415346633488,214.498,215.919
3,1528,96415348345065,96415347646369,96415348878924,533.859,1232.555
3,1529,96415348671767,96415348670369,96415349230826,559.059,560.457
3,1530,96415351436440,96415349899169,96415352051981,615.541,2152.812
3,1531,96415351443720,96415351127969,96415352150034,706.314,1022.065
3,1532,96415352153544,96415352151969,96415352639221,485.677,487.252
3,1533,96415353383195,96415353380769,96415353873812,490.617,493.043
3,1534,96415354611168,96415354609569,96415354855135,243.967,245.566
3,1535,96415355841709,96415355838369,96415356077527,235.818,239.158
3,1536,96415356863143,96415356862369,96415357261357,398.214,398.988
3,1537,96415358092374,96415358091169,96415358308442,216.068,217.273
3,1538,96415359321127,96415359319969,96415359561064,239.937,241.095
3,1539,96415360345201,96415360343969,96415360734184,388.983,390.215
3,1540,96415361575943,96415361572769,96415361827501,251.558,254.732
3,1541,96415362802894,96415362801569,96415363059003,256.109,257.434
3,1542,96415363826329,96415363825569,96415364227322,400.993,401.753
3,1543,96415365055200,96415365054369,96415365299738,244.538,245.369
3,1544,96415366284032,96415366283169,96415366487518,203.486,204.349
3,1545,96415367310456,96415367307169,96415367741651,431.195,434.482
3,1546,96415368537427,96415368535969,96415368915910,378.483,379.941
3,1547,96415369778180,96415369764769,96415370020998,242.818,256.229
3,1548,96415370995071,96415370993569,96415371214019,218.948,220.45
3,1549,96415372018305,96415372017569,96415372430929,412.624,413.36
3,1550,96415373247257,96415373246369,96415373466114,218.857,219.745
3,1551,96415374475979,96415374475169,96415374707407,231.428,232.238
3,1552,96415375502254,96415375499169,96415375993280,491.026,494.111
3,1553,96415376729345,96415376727969,96415376978853,249.508,250.884
3,1554,96415377959776,96415377956769,96415378195274,235.498,238.505
3,1555,96415378981821,96415378980769,96415379425566,443.745,444.797
3,1556,96415380210363,96415380209569,96415380428989,218.626,219.42
3,1557,96415381439074,96415381438369,96415381678742,239.668,240.373
3,1558,96415382463748,96415382462369,96415382868122,404.374,405.753
3,1559,96415383694070,96415383691169,96415384216047,521.977,524.878
3,1560,96415384921722,96415384919969,96415385138079,216.357,218.11
3,1561,96415386151783,96415386148769,96415386401092,249.309,252.323
3,1562,96415387173898,96415387172769,96415387597912,424.014,425.143
3,1563,96415388402319,96415388401569,96415388613256,210.937,211.687
3,1564,96415389631161,96415389630369,96415389833028,201.867,202.659
3,1565,96415390655816,96415390654369,96415391042538,386.722,388.169
3,1566,96415391885717,96415391883169,96415392098864,213.147,215.695
3,1567,96415393113708,96415393111969,96415393299175,185.467,187.206
3,1568,96415394137003,96415394135969,96415394595029,458.026,459.06
3,1569,96415395365535,96415395364769,96415395589912,224.377,225.143
3,1570,96415396594306,96415396593569,96415396798253,203.947,204.684
3,1571,96415397620351,96415397617569,96415398109168,488.817,491.599
3,1572,96415398848272,96415398846369,96415399222015,373.743,375.646
3,1573,96415400078644,96415400075169,96415400312861,234.217,237.692
3,1574,96415401306045,96415401303969,96415401503552,197.507,199.583
3,1575,96415402328940,96415402327969,96415402796266,467.326,468.297
3,1576,96415403557851,96415403556769,96415403812640,254.789,255.871
3,1577,96415404786533,96415404785569,96415404984719,198.186,199.15
3,1578,96415405812458,96415405809569,96415406236332,423.874,426.763
3,1579,96415407039939,96415407038369,96415407295548,255.609,257.179
3,1580,96415408269480,96415408267169,96415408516830,247.35,249.661
3,1581,96415409292275,96415409291169,96415409694829,402.554,403.66
3,1582,96415410520667,96415410519969,96415410736094,215.427,216.125
3,1583,96415411749688,96415411748769,96415411953215,203.527,204.446
3,1584,96415412776923,96415412772769,96415413166556,389.633,393.787
3,1585,96415414012235,96415414001569,96415414403168,390.933,401.599
3,1586,96415415231656,96415415230369,96415415429092,197.436,198.723
3,1587,96415416461648,96415416459169,96415416706296,244.648,247.127
3,1588,96415417483912,96415417483169,96415417905256,421.344,422.087
3,1589,96415418712613,96415418711969,96415418918941,206.328,206.972
3,1590,96415419941465,96415419940769,96415420139602,198.137,198.833
3,1591,96415420966200,96415420964769,96415421344953,378.753,380.184
3,1592,96415422196261,96415422193569,96415422436050,239.789,242.481
3,1593,96415423423642,96415423422369,96415423615839,192.197,193.47
3,1594,96415424447087,96415424446369,96415424861352,414.265,414.983
3,1595,96415425675959,96415425675169,96415425892296,216.337,217.127
3,1596,96415426904800,96415426903969,96415427108377,203.577,204.408
3,1597,96415427930495,96415427927969,96415428350019,419.524,422.05
3,1598,96415429158256,96415429156769,96415429518299,360.043,361.53
3,1599,96415430387869,96415430385569,96415430592535,204.666,206.966
3,1600,96415431615770,96415431614369,96415431836247,220.477,221.878
3,1601,96415432639114,96415432638369,96415433025028,385.914,386.659
3,1602,96415433867945,96415433867169,96415434078353,210.408,211.184
3,1603,96415435096688,96415435095969,96415435291634,194.946,195.665
3,1604,96415436122602,96415436119969,96415436504324,381.722,384.355
3,1605,96415437350003,96415437348769,96415437552300,202.297,203.531
3,1606,96415438579895,96415438577569,96415438783302,203.407,205.733
3,1607,96415439602259,96415439601569,96415439979252,376.993,377.683
3,1608,96415440831121,96415440830369,96415441046418,215.297,216.049
3,1609,96415442059953,96415442059169,96415442295511,235.558,236.342
3,1610,96415443084457,96415443083169,96415443485741,401.284,402.572
3,1611,96415444705642,96415444311969,96415445192338,486.696,880.369
3,1612,96415445541961,96415445540769,96415445949064,407.103,408.295
3,1613,96415446778373,96415446769569,96415446988660,210.287,219.091
3,1614,96415447794216,96415447793569,96415448211840,417.624,418.271
3,1615,96415449023068,96415449022369,96415449220285,197.217,197.916
3,1616,96415450251980,96415450251169,96415450484578,232.598,233.409
3,1617,96415451276424,96415451275169,96415451656027,379.603,380.858
3,1618,96415452506296,96415452503969,96415452712593,206.297,208.624
3,1619,96415453734117,96415453732769,96415453955955,221.838,223.186
3,1620,96415454757571,96415454756769,96415455204127,446.556,447.358
3,1621,96415455986194,96415455985569,96415456195791,209.597,210.222
3,1622,96415457215145,96415457214369,96415457407912,192.767,193.543
3,1623,96415458240809,96415458238369,96415458671434,430.625,433.065
3,1624,96415459468761,96415459467169,96415461654725,2185.964,2187.556
3,1625,96415461206399,96415460695969,96415461725378,518.979,1029.409
3,1626,96415462025377,96415461924769,96415462387200,361.823,462.431
3,1627,96415462949519,96415462948769,96415464879624,1930.105,1930.855
3,1628,96415464447169,96415464177569,96415464939556,492.387,761.987
3,1629,96415465407022,96415465406369,96415465692711,285.689,286.342
3,1630,96415466432947,96415466430369,96415466856300,423.353,425.931
3,1631,96415467660478,96415467659169,96415467886925,226.447,227.756
3,1632,96415468890829,96415468887969,96415469117387,226.558,229.418
3,1633,96415469912654,96415469911969,96415470342809,430.155,430.84
3,1634,96415471141476,96415471140769,96415471360483,219.007,219.714
3,1635,96415472370387,96415472369569,96415472613555,243.168,243.986
3,1636,96415473395302,96415473393569,96415473836597,441.295,443.028
3,1637,96415474624883,96415474622369,96415475074849,449.966,452.48
3,1638,96415475853085,96415475851169,96415476055882,202.797,204.713
3,1639,96415477083086,96415477079969,96415477324724,241.638,244.755
3,1640,96415478105121,96415478103969,96415478491604,386.483,387.635
3,1641,96415479333702,96415479332769,96415479541739,208.037,208.97
3,1642,96415480562764,96415480561569,96415480793102,230.338,231.533
3,1643,96415481587269,96415481585569,96415481958981,371.712,373.412
3,1644,96415482840331,96415482814369,96415483089019,248.688,274.65
3,1645,96415484044861,96415484043169,96415484285890,241.029,242.721
3,1646,96415485068106,96415485067169,96415485491860,423.754,424.691
3,1647,96415486297068,96415486295969,96415486532505,235.437,236.536
3,1648,96415487525679,96415487524769,96415487727076,201.397,202.307
3,1649,96415488551834,96415488548769,96415488985008,433.174,436.239
3,1650,96415489780295,96415489777569,96415490154678,374.383,377.109
3,1651,96415491011227,96415491006369,96415491221934,210.707,215.565
3,1652,96415492236469,96415492235169,96415492423805,187.336,188.636
3,1653,96415493259983,96415493259169,96415493631935,371.952,372.766
3,1654,96415494488644,96415494487969,96415494693212,204.568,205.243
3,1655,96415495717747,96415495716769,96415495922833,205.086,206.064
3,1656,96415496743991,96415496740769,96415497216507,472.516,475.738
3,1657,96415497971192,96415497969569,96415498194220,223.028,224.651
3,1658,96415499201544,96415499198369,96415499395901,194.357,197.532
3,1659,96415500223128,96415500222369,96415500660053,436.925,437.684
3,1660,96415501451900,96415501451169,96415501660217,208.317,209.048
3,1661,96415502680691,96415502679969,96415502894599,213.908,214.63
3,1662,96415503705186,96415503703969,96415504113449,408.263,409.48
3,1663,96415504935127,96415504932769,96415505364852,429.725,432.083
3,1664,96415506162959,96415506161569,96415506363156,200.197,201.587
3,1665,96415507392591,96415507390369,96415507583057,190.466,192.688
3,1666,96415508415045,96415508414369,96415508832459,417.414,418.09
3,1667,96415509643856,96415509643169,96415509848083,204.227,204.914
3,1668,96415510872589,96415510871969,96415511124057,251.468,252.088
3,1669,96415511897443,96415511895969,96415512286036,388.593,390.067
3,1670,96415513127785,96415513124769,96415513328371,200.586,203.602
3,1671,96415514354866,96415514353569,96415514551573,196.707,198.004
3,1672,96415515378250,96415515377569,96415515838066,459.816,460.497
3,1673,96415516607152,96415516606369,96415516828259,221.107,221.89
3,1674,96415517836154,96415517835169,96415518041590,205.436,206.421
3,1675,96415518861408,96415518859169,96415519296903,435.495,437.734
3,1676,96415520089289,96415520087969,96415520446432,357.143,358.463
3,1677,96415521319341,96415521316769,96415521512778,193.437,196.009
3,1678,96415522546863,96415522545569,96415522741470,194.607,195.901
3,1679,96415523570287,96415523569569,96415523961710,391.423,392.141
3,1680,96415524799069,96415524798369,96415525012456,213.387,214.087
3,1681,96415526027941,96415526027169,96415526222337,194.396,195.168
3,1682,96415527053526,96415527051169,96415527452898,399.372,401.729
3,1683,96415528281657,96415528279969,96415528497994,216.337,218.025
3,1684,96415529511158,96415529508769,96415529749196,238.038,240.427
3,1685,96415530533502,96415530532769,96415530950356,416.854,417.587
3,1686,96415531762295,96415531761569,96415531987482,225.187,225.913
3,1687,96415532991036,96415532990369,96415533186773,195.737,196.404
3,1688,96415534015830,96415534014369,96415534416414,400.584,402.045
3,1689,96415535245522,96415535243169,96415535684767,439.245,441.598
3,1690,96415536473343,96415536471969,96415536685010,211.667,213.041
3,1691,96415537703265,96415537700769,96415537902001,198.736,201.232
3,1692,96415538725490,96415538724769,96415539092872,367.382,368.103
3,1693,96415539954381,96415539953569,96415540163088,208.707,209.519
3,1694,96415541183232,96415541182369,96415541370759,187.527,188.39
3,1695,96415542207678,96415542206369,96415542603171,395.493,396.802
3,1696,96415543437809,96415543435169,96415543658706,220.897,223.537
3,1697,96415544665520,96415544663969,96415544904379,238.859,240.41
3,1698,96415545688705,96415545687969,96415546101179,412.474,413.21
3,1699,96415546917517,96415546916769,96415547130143,212.626,213.374
3,1700,96415548146548,96415548145569,96415548346804,200.256,201.235
3,1701,96415549172243,96415549169569,96415549566516,394.273,396.947
3,1702,96415550399624,96415550398369,96415550763837,364.213,365.468
3,1703,96415551629785,96415551627169,96415551835893,206.108,208.724
3,1704,96415552857357,96415552855969,96415553063104,205.747,207.135
3,1705,96415554031167,96415553879969,96415554494763,463.596,614.794
3,1706,96415555109593,96415555108769,96415555387773,278.18,279.004
3,1707,96415558060833,96415556337569,96415558641272,580.439,2303.703
3,1708,96415558068143,96415557361569,96415558797428,729.285,1435.859
3,1709,96415558591941,96415558590369,96415559189801,597.86,599.432
3,1710,96415559821902,96415559819169,96415560163414,341.512,344.245
3,1711,96415560843927,96415560843169,96415561242210,398.283,399.041
3,1712,96415562072599,96415562071969,96415562333497,260.898,261.528
3,1713,96415563301950,96415563300769,96415563615881,313.931,315.112
3,1714,96415564326465,96415564324769,96415564757129,430.664,432.36
3,1715,96415565558026,96415565553569,96415566275691,717.665,722.122
3,1716,96415567542863,96415566782369,96415567992299,449.436,1209.93
3,1717,96415568015650,96415568011168,96415568347601,331.951,336.433
3,1718,96415569632514,96415569035169,96415569993046,360.532,957.877
3,1719,96415570265175,96415570263968,96415570536324,271.149,272.356
3,1720,96415571493647,96415571492769,96415571786636,292.989,293.867
3,1721,96415572518671,96415572516769,96415572958366,439.695,441.597
3,1722,96415573749644,96415573745569,96415574002062,252.418,256.493
3,1723,96415574976315,96415574974368,96415575197242,220.927,222.874
3,1724,96415575999539,96415575998369,96415576472626,473.087,474.257
3,1725,96415577228540,96415577227169,96415577480389,251.849,253.22
3,1726,96415578457192,96415578455969,96415578651678,194.486,195.709
3,1727,96415579484227,96415579479969,96415579989965,505.738,509.996
3,1728,96415580710868,96415580708769,96415581077921,367.053,369.152
3,1729,96415581942590,96415581937569,96415582166568,223.978,228.999
3,1730,96415583169032,96415583166369,96415583377979,208.947,211.61
3,1731,96415584191376,96415584190369,96415584586179,394.803,395.81
3,1732,96415585419917,96415585419169,96415585670396,250.479,251.227
3,1733,96415586648849,96415586647969,96415586852926,204.077,204.957
3,1734,96415587674393,96415587671968,96415588079797,405.404,407.829
3,1735,96415588902356,96415588900769,96415589115573,213.217,214.804
3,1736,96415590132407,96415590129569,96415590391406,258.999,261.837
3,1737,96415591154251,96415591153569,96415591562636,408.385,409.067
3,1738,96415592383112,96415592382368,96415592588910,205.798,206.542
3,1739,96415593611805,96415593611169,96415593836412,224.607,225.243
3,1740,96415594840786,96415594839969,96415595025032,184.246,185.063
3,1741,96415595866581,96415595863969,96415596282034,415.453,418.065
3,1742,96415597094602,96415597092768,96415597288759,194.157,195.991
3,1743,96415598323744,96415598321569,96415598535701,211.957,214.132
3,1744,96415599346328,96415599345568,96415599728322,381.994,382.754
3,1745,96415600575360,96415600574369,96415600799767,224.407,225.398
3,1746,96415601803921,96415601803168,96415602020079,216.158,216.911
3,1747,96415602828685,96415602827169,96415603215189,386.504,388.02
3,1748,96415604058138,96415604055968,96415604305196,247.058,249.228
3,1749,96415605286239,96415605284769,96415605491936,205.697,207.167
3,1750,96415606309513,96415606308769,96415606711897,402.384,403.128
3,1751,96415607538305,96415607537569,96415607792333,254.028,254.764
3,1752,96415608767167,96415608766368,96415608977584,210.417,211.216
3,1753,96415609995848,96415609995169,96415610185065,189.217,189.896
3,1754,96415611021563,96415611019169,96415611383035,361.472,363.866
3,1755,96415612250144,96415612247969,96415612450271,200.127,202.302
3,1756,96415613478446,96415613476768,96415613667173,188.727,190.405
3,1757,96415614501711,96415614500769,96415614899014,397.303,398.245
3,1758,96415615730622,96415615729569,96415615952989,222.367,223.42
3,1759,96415616959273,96415616958369,96415617151550,192.277,193.181
3,1760,96415617985218,96415617982369,96415618435994,450.776,453.625
3,1761,96415619212620,96415619211169,96415619432127,219.507,220.958
3,1762,96415620442611,96415620439969,96415620657769,215.158,217.8
3,1763,96415621464676,96415621463969,96415621929622,464.946,465.653
3,1764,96415622693567,96415622692769,96415622915425,221.858,222.656
3,1765,96415623922239,96415623921569,96415624151547,229.308,229.978
3,1766,96415625151340,96415625150368,96415625348207,196.867,197.839
3,1767,96415626176915,96415626174369,96415626701093,524.178,526.724
3,1768,96415627404566,96415627403169,96415627605604,201.038,202.435
3,1769,96415628634238,96415628631969,96415628847725,213.487,215.756
3,1770,96415629656803,96415629655969,96415630076627,419.824,420.658
3,1771,96415630885644,96415630884769,96415631080831,195.187,196.062
3,1772,96415632114665,96415632113569,96415632361954,247.289,248.385
3,1773,96415633138850,96415633137568,96415633516453,377.603,378.885
3,1774,96415634368642,96415634366369,96415634570919,202.277,204.55
3,1775,96415635596343,96415635595169,96415635812101,215.758,216.932
3,1776,96415636619988,96415636619169,96415637068013,448.025,448.844
3,1777,96415637848769,96415637847968,96415638102288,253.519,254.32
3,1778,96415639077461,96415639076769,96415639279878,202.417,203.109
3,1779,96415640306393,96415640305569,96415640578292,271.899,272.723
3,1780,96415641330847,96415641329569,96415641692810,361.963,363.241
3,1781,96415642560898,96415642558368,96415642755405,194.507,197.037
3,1782,96415643788581,96415643787169,96415644003247,214.666,216.078
3,1783,96415644812135,96415644811168,96415645231079,418.944,419.911
3,1784,96415646041356,96415646039969,96415646261623,220.267,221.654
3,1785,96415647269608,96415647268768,96415647465314,195.706,196.546
3,1786,96415648295652,96415648292769,96415648705407,409.755,412.638
3,1787,96415649522874,96415649521568,96415649729621,206.747,208.053
3,1788,96415650753166,96415650750369,96415650982353,229.187,231.984
3,1789,96415651775100,96415651774369,96415652174224,399.124,399.855
3,1790,96415653016082,96415653003169,96415653211218,195.136,208.049
3,1791,96415654232753,96415654231968,96415654456741,223.988,224.773
3,1792,96415655461615,96415655460769,96415655675632,214.017,214.863
3,1793,96415656487189,96415656484769,96415656916503,429.314,431.734
3,1794,96415657714890,96415657713569,96415657929948,215.058,216.379
3,1795,96415658944793,96415658942368,96415659159209,214.416,216.841
3,1796,96415659967167,96415659966369,96415660335499,368.332,369.13
3,1797,96415661196028,96415661195169,96415661396775,200.747,201.606
3,1798,96415662424830,96415662423969,96415662637637,212.807,213.668
3,1799,96415663449424,96415663447969,96415663836318,386.894,388.349
3,1800,96415664679127,96415664676769,96415664930625,251.498,253.856
3,1801,96415665907108,96415665905569,96415666127275,220.167,221.706
3,1802,96415666930662,96415666929569,96415667338146,407.484,408.577
3,1803,96415668159213,96415668158369,96415668387891,228.678,229.522
3,1804,96415669388106,96415669387169,96415669594123,206.017,206.954
3,1805,96415670616697,96415670615969,96415670854725,238.028,238.756
3,1806,96415671641272,96415671639969,96415672003734,362.462,363.765
3,1807,96415672871253,96415672868769,96415673114152,242.899,245.383
3,1808,96415674098875,96415674097569,96415674314842,215.967,217.273
3,1809,96415675122379,96415675121569,96415675504602,382.223,383.033
3,1810,96415677467319,96415676350369,96415677957115,489.796,1606.746
3,1811,96415677580072,96415677579169,96415678264716,684.644,685.547
3,1812,96415678606077,96415678603168,96415679097984,491.907,494.816
3,1813,96415679833989,96415679831969,96415680063346,229.357,231.377
3,1814,96415681064300,96415681060769,96415681303358,239.058,242.589
3,1815,96415682086114,96415682084769,96415682497268,411.154,412.499
3,1816,96415683314366,96415683313568,96415683532523,218.157,218.955
3,1817,96415684543378,96415684542369,96415684785846,242.468,243.477
3,1818,96415685779730,96415685771169,96415685992606,212.876,221.437
3,1819,96415686859376,96415686795169,96415687497607,638.231,702.438
3,1820,96415688025515,96415688023968,96415688254483,228.968,230.515
3,1821,96415689256256,96415689252769,96415689502415,246.159,249.646
3,1822,96415690277752,96415690276768,96415690690855,413.103,414.087
3,1823,96415691506503,96415691505569,96415691726430,219.927,220.861
3,1824,96415692735414,96415692734368,96415692968492,233.078,234.124
3,1825,96415693760139,96415693758369,96415694161433,401.294,403.064
3,1826,96415694991110,96415694987168,96415695237869,246.759,250.701
3,1827,96415696217682,96415696215969,96415696420559,202.877,204.59
3,1828,96415697240807,96415697239969,96415697674081,433.274,434.112
3,1829,96415698470008,96415698468769,96415698668175,198.167,199.406
3,1830,96415699700139,96415699697568,96415700071863,371.724,374.295
3,1831,96415700927301,96415700926369,96415701107987,180.686,181.618
3,1832,96415701952156,96415701950369,96415702313728,361.572,363.359
3,1833,96415703182747,96415703179169,96415703393004,210.257,213.835
3,1834,96415704409339,96415704407968,96415704624996,215.657,217.028
3,1835,96415705432924,96415705431969,96415707829094,2396.17,2397.125
3,1836,96415707349648,96415706660769,96415707910157,560.509,1249.388
3,1837,96415707890606,96415707889569,96415708272840,382.234,383.271
3,1838,96415708917031,96415708913569,96415709439149,522.118,525.58
3,1839,96415710143933,96415710142369,96415710410712,266.779,268.343
3,1840,96415711374565,96415711371169,96415711647354,272.789,276.185
3,1841,96415712395829,96415712395169,96415712816223,420.394,421.054
3,1842,96415713624810,96415713623969,96415713858018,233.208,234.049
3,1843,96415714853572,96415714852769,96415715095300,241.728,242.531
3,1844,96415716082534,96415716081569,96415716267250,184.716,185.681
3,1845,96415719271301,96415717105569,96415720049907,778.606,2944.338
3,1846,96415719281832,96415718334369,96415720195932,914.1,1861.563
3,1847,96415719567211,96415719563169,96415720511573,944.362,948.404
3,1848,96415720588076,96415720587169,96415721253638,665.562,666.469
3,1849,96415721817047,96415721815969,96415722354145,537.098,538.176
3,1850,96415723045489,96415723044769,96415723383240,337.751,338.471
3,1851,96415724070343,96415724068769,96415724455977,385.634,387.208
3,1852,96415725300544,96415725297569,96415725554273,253.729,256.704
3,1853,96415726528427,96415726526369,96415726714783,186.356,188.414
3,1854,96415727551381,96415727550369,96415730602274,3050.893,3051.905
3,1855,96415730046256,96415728779169,96415730702037,655.781,1922.868
3,1856,96415730052185,96415730007969,96415730862913,810.728,854.944
3,1857,96415731237846,96415731236769,96415731610778,372.932,374.009
3,1858,96415732262950,96415732260769,96415732674784,411.834,414.015
3,1859,96415733492482,96415733489569,96415733692519,200.037,202.95
3,1860,96415734720203,96415734718369,96415734920100,199.897,201.731
3,1861,96415735743488,96415735742369,96415736132321,388.833,389.952
3,1862,96415736972110,96415736971169,96415737186397,214.287,215.228
3,1863,96415738201111,96415738199969,96415738400128,199.017,200.159
3,1864,96415739227175,96415739223969,96415739638339,411.164,414.37
3,1865,96415740454447,96415740452769,96415740685494,231.047,232.725
3,1866,96415741684419,96415741681569,96415741904036,219.617,222.467
3,1867,96415745044232,96415742705569,96415745914012,869.78,3208.443
3,1868,96415745052493,96415743934369,96415746033246,980.753,2098.877
3,1869,96415745164116,96415745163169,96415746351687,1187.571,1188.518
3,1870,96415746393208,96415746391969,96415746718379,325.171,326.41
3,1871,96415747418833,96415747415969,96415748079474,660.641,663.505
3,1872,96415748647214,96415748644769,96415748860121,212.907,215.352
3,1873,96415749877225,96415749873569,96415750083562,206.337,209.993
3,1874,96415750898990,96415750897569,96415751316025,417.035,418.456
3,1875,96415752127682,96415752126369,96415752346679,218.997,220.31
3,1876,96415753356423,96415753355169,96415753575501,219.078,220.332
3,1877,96415754381668,96415754379169,96415754766441,384.773,387.272
3,1878,96415755612729,96415755607969,96415755878739,266.01,270.77
3,1879,96415756839441,96415756836769,96415757087569,248.128,250.8
3,1880,96415757903227,96415757860769,96415758365303,462.076,504.534
3,1881,96415759090237,96415759089569,96415759543353,453.116,453.784
3,1882,96415760319488,96415760318369,96415760564597,245.109,246.228
3,1883,96415763028710,96415761547169,96415763583919,555.209,2036.75
3,1884,96415763038611,96415762571169,96415763614960,576.349,1043.791
3,1885,96415763803056,96415763799969,96415764200319,397.263,400.35
3,1886,96415765030487,96415765028769,96415765288626,258.139,259.857
3,1887,96415766053813,96415766052769,96415766501207,447.394,448.438
3,1888,96415767282884,96415767281569,96415767501071,218.187,219.502
3,1889,96415768511365,96415768510369,96415768718062,206.697,207.693
3,1890,96415770033836,96415769534369,96415770288135,254.299,753.766
3,1891,96415770764961,96415770763169,96415771057041,292.08,293.872
3,1892,96415771995923,96415771991969,96415772244522,248.599,252.553
3,1893,96415773031738,96415773015969,96415773504484,472.746,488.515
3,1894,96415774245849,96415774244769,96415774468437,222.588,223.668
3,1895,96415775474590,96415775473569,96415775711788,237.198,238.219
3,1896,96415778033007,96415776702369,96415778609067,576.06,1906.698
3,1897,96415778037627,96415777726369,96415778761031,723.404,1034.662
3,1898,96415778957018,96415778955169,96415779344472,387.454,389.303
3,1899,96415780186869,96415780183969,96415780412898,226.029,228.929
3,1900,96415781209004,96415781207969,96415781617898,408.894,409.929
3,1901,96415782437876,96415782436769,96415782639063,201.187,202.294
3,1902,96415783666697,96415783665569,96415783882915,216.218,217.346
3,1903,96415784691692,96415784689569,96415785061974,370.282,372.405
3,1904,96415786032167,96415785918369,96415786276325,244.158,357.956
3,1905,96415787148645,96415787147169,96415787390933,242.288,243.764
3,1906,96415788172260,96415788171169,96415789296428,1124.168,1125.259
3,1907,96415789400981,96415789399969,96415789677401,276.42,277.432
3,1908,96415790629602,96415790628769,96415790847990,218.388,219.221
3,1909,96415793025714,96415791857569,96415793366916,341.202,1509.347
3,1910,96415793033284,96415792881569,96415793627084,593.8,745.515
3,1911,96415794113551,96415794110369,96415794337938,224.387,227.569
3,1912,96415795340742,96415795339169,96415795546998,206.256,207.829
3,1913,96415796364096,96415796363169,96415796750150,386.054,386.981
3,1914,96415797593058,96415797591969,96415797833426,240.368,241.457
3,1915,96415799034617,96415798820769,96415799511713,477.096,690.944
3,1916,96415799847874,96415799844769,96415800377232,529.358,532.463
3,1917,96415801075545,96415801073569,96415801277373,201.828,203.804
3,1918,96415802305188,96415802302369,96415802512945,207.757,210.576
3,1919,96415803327372,96415803326369,96415803712985,385.613,386.616
3,1920,96415805019179,96415804555169,96415805378871,359.692,823.702
3,1921,96415805784804,96415805783969,96415806041383,256.579,257.414
3,1922,96415807014387,96415807012769,96415807198253,183.866,185.484
3,1923,96415808039551,96415808036769,96415808447465,407.914,410.696
3,1924,96415809267063,96415809265569,96415809500341,233.278,234.772
3,1925,96415811030442,96415810494369,96415811435895,405.453,941.526
3,1926,96415811519568,96415811518369,96415812042856,523.288,524.487
3,1927,96415812748231,96415812747169,96415812974998,226.767,227.829
3,1928,96415813976752,96415813975969,96415814196120,219.368,220.151
3,1929,96415815007897,96415814999969,96415815381179,373.282,381.21
3,1930,96415817020735,96415816228769,96415817479280,458.545,1250.511
3,1931,96415817459270,96415817457569,96415817818761,359.491,361.192
3,1932,96415818482434,96415818481569,96415818935409,452.975,453.84
3,1933,96415819711606,96415819710369,96415819982035,270.429,271.666
3,1934,96415820940187,96415820939169,96415821142944,202.757,203.775
3,1935,96415822168839,96415822167969,96415822377856,209.017,209.887
3,1936,96415823193454,96415823191969,96415823559895,366.441,367.926
3,1937,96415824424465,96415824420769,96415824628552,204.087,207.783
3,1938,96415825650916,96415825649569,96415825846533,195.617,196.964
3,1939,96415826674260,96415826673569,96415827082165,407.905,408.596
3,1940,96415827903133,96415827902369,96415828153751,250.618,251.382
3,1941,96415829131924,96415829131169,96415829331440,199.516,200.271
3,1942,96415830158099,96415830155169,96415830544902,386.803,389.733
3,1943,96415831385450,96415831383969,96415831587677,202.227,203.708
3,1944,96415832615472,96415832612769,96415832899851,284.379,287.082
3,1945,96415833637456,96415833636769,96415834049030,411.574,412.261
3,1946,96415834866218,96415834865569,96415835073305,207.087,207.736
3,1947,96415836095589,96415836094369,96415836298167,202.578,203.798
3,1948,96415837323831,96415837323169,96415837513288,189.457,190.119
3,1949,96415838350436,96415838347169,96415838766810,416.374,419.641
3,1950,96415839577327,96415839575969,96415839792695,215.368,216.726
3,1951,96415840807368,96415840804769,96415841013935,206.567,209.166
3,1952,96415841829893,96415841828769,96415842201876,371.983,373.107
3,1953,96415843058315,96415843057569,96415843265942,207.627,208.373
3,1954,96415844287026,96415844286369,96415844502344,215.318,215.975
3,1955,96415845311631,96415845310369,96415845688744,377.113,378.375
3,1956,96415846541842,96415846539169,96415846740359,198.517,201.19
3,1957,96415847774594,96415847767969,96415847970721,196.127,202.752
3,1958,96415848792719,96415848791969,96415849198572,405.853,406.603
3,1959,96415850021540,96415850020769,96415850251868,230.328,231.099
3,1960,96415851250451,96415851249569,96415851444928,194.477,195.359
3,1961,96415852479033,96415852478369,96415852681780,202.747,203.411
3,1962,96415853503738,96415853502369,96415853878240,374.502,375.871
3,1963,96415854733839,96415854731169,96415854951307,217.468,220.138
3,1964,96415855961350,96415855959969,96415856173708,212.358,213.739
3,1965,96415856984765,96415856983969,96415857359117,374.352,375.148
3,1966,96415858213697,96415858212769,96415858414834,201.137,202.065
3,1967,96415859442288,96415859441569,96415859629825,187.537,188.256
3,1968,96415860468353,96415860465569,96415860960299,491.946,494.73
3,1969,96415861695684,96415861694369,96415861922582,226.898,228.213
3,1970,96415862925676,96415862923169,96415863127753,202.077,204.584
3,1971,96415863947851,96415863947169,96415864348595,400.744,401.426
3,1972,96415865176802,96415865175969,96415865376868,200.066,200.899
3,1973,96415866405693,96415866404769,96415866627311,221.618,222.542
3,1974,96415867634226,96415867633569,96415867841563,207.337,207.994
3,1975,96415868659730,96415868657569,96415869231099,571.369,573.53
3,1976,96415869887701,96415869886369,96415870085068,197.367,198.699
3,1977,96415871117533,96415871115169,96415871315280,197.747,200.111
3,1978,96415872140017,96415872139169,96415872548101,408.084,408.932
3,1979,96415873368939,96415873367969,96415873577866,208.927,209.897
3,1980,96415874597491,96415874596769,96415874847789,250.298,251.02
3,1981,96415875622085,96415875620769,96415876019749,397.664,398.98
3,1982,96415876852027,96415876849569,96415877054554,202.527,204.985
3,1983,96415878079799,96415878078369,96415878271064,191.265,192.695
3,1984,96415879103293,96415879102369,96415879550758,447.465,448.389
3,1985,96415880331944,96415880331169,96415880537731,205.787,206.562
3,1986,96415881560626,96415881559969,96415881758343,197.717,198.374
3,1987,96415882789508,96415882788769,96415882976944,187.436,188.175
3,1988,96415883814132,96415883812769,96415884202015,387.883,389.246
3,1989,96415885044144,96415885041569,96415885239781,195.637,198.212
3,1990,96415886271585,96415886270369,96415886470642,199.057,200.273
3,1991,96415887294969,96415887294369,96415887706254,411.285,411.885
3,1992,96415888524082,96415888523169,96415888782210,258.128,259.041
3,1993,96415889752723,96415889751969,96415889969070,216.347,217.101
3,1994,96415890778757,96415890775969,96415891180911,402.154,404.942
3,1995,96415892009419,96415892004769,96415892226867,217.448,222.098
3,1996,96415893236110,96415893233569,96415893502740,266.63,269.171
3,1997,96415894258355,96415894257569,96415894665859,407.504,408.29
3,1998,96415895487066,96415895486369,96415895685673,198.607,199.304
3,1999,96415896715908,96415896715169,96415896916835,200.927,201.666
3,2000,96415897944720,96415897943969,96415898130136,185.416,186.167
3,2001,96415898970305,96415898967969,96415899388099,417.794,420.13
3,2002,96415900198076,96415900196769,96415900395352,197.276,198.583
3,2003,96415901428157,96415901425569,96415901630184,202.027,204.615
3,2004,96415902450332,96415902449569,96415902838395,388.063,388.826
3,2005,96415903679074,96415903678369,96415903906491,227.417,228.122
3,2006,96415904908015,96415904907169,96415905116752,208.737,209.583
3,2007,96415905932570,96415905931169,96415906310792,378.222,379.623
3,2008,96415907162121,96415907159969,96415907402329,240.208,242.36
3,2009,96415908390123,96415908388769,96415908577729,187.606,188.96
3,2010,96415909413458,96415909412769,96415909825581,412.123,412.812
3,2011,96415910642269,96415910641569,96415910847325,205.056,205.756
3,2012,96415911871150,96415911870369,96415912086758,215.608,216.389
3,2013,96415913099992,96415913099169,96415913287619,187.627,188.45
3,2014,96415914124587,96415914123169,96415914487288,362.701,364.119
3,2015,96415915354508,96415915351969,96415915566345,211.837,214.376
3,2016,96415916582199,96415916580769,96415916784736,202.537,203.967
3,2017,96415917605534,96415917604769,96415917983907,378.373,379.138
3,2018,96415918834426,96415918833569,96415919052213,217.787,218.644
3,2019,96415920063107,96415920062369,96415920268974,205.867,206.605
3,2020,96415921089042,96415921086369,96415921521836,432.794,435.467
3,2021,96415922316363,96415922315169,96415922518811,202.448,203.642
3,2022,96415923546434,96415923543969,96415923751022,204.588,207.053
3,2023,96415924568650,96415924567969,96415924990313,421.663,422.344
3,2024,96415925797651,96415925796769,96415926006188,208.537,209.419
3,2025,96415927026332,96415927025569,96415927264021,237.689,238.452
3,2026,96415928254993,96415928254369,96415928455691,200.698,201.322
3,2027,96415929280568,96415929278369,96415929737454,456.886,459.085
3,2028,96415930508580,96415930507169,96415930709377,200.797,202.208
3,2029,96415931738312,96415931735969,96415931950829,212.517,214.86
3,2030,96415932760636,96415932759969,96415933163540,402.904,403.571
3,2031,96415933989518,96415933988769,96415934192575,203.057,203.806
3,2032,96415935218339,96415935217569,96415935419426,201.087,201.857
3,2033,96415936242804,96415936241569,96415936621177,378.373,379.608
3,2034,96415937472755,96415937470369,96415937715304,242.549,244.935
3,2035,96415938700826,96415938699169,96415938916784,215.958,217.615
3,2036,96415939723852,96415939723169,96415940171976,448.124,448.807
3,2037,96415940952763,96415940951969,96415941178191,225.428,226.222
3,2038,96415942181554,96415942180769,96415942368331,186.777,187.562
3,2039,96415943410296,96415943409569,96415943617733,207.437,208.164
3,2040,96415944435131,96415944433569,96415944804153,369.022,370.584
3,2041,96415945664722,96415945662369,96415945889570,224.848,227.201
3,2042,96415946892544,96415946891169,96415947077860,185.316,186.691
3,2043,96415947915998,96415947915169,96415948356443,440.445,441.274
3,2044,96415949144750,96415949143969,96415949404999,260.249,261.03
3,2045,96415950373492,96415950372769,96415950571498,198.006,198.729
3,2046,96415951399016,96415951396769,96415951807160,408.144,410.391
3,2047,96415952627047,96415952625569,96415952844285,217.238,218.716
3,2048,96415953856879,96415953854369,96415954096037,239.158,241.668
3,2049,96415954879144,96415954878369,96415955260246,381.102,381.877
3,2050,96415956107845,96415956107169,96415956325972,218.127,218.803
3,2051,96415957337127,96415957335969,96415957552994,215.867,217.025
3,2052,96415958565518,96415958564769,96415958779365,213.847,214.596
3,2053,96415959591312,96415959588769,96415960054128,462.816,465.359
3,2054,96415960818875,96415960817569,96415961022321,203.446,204.752
3,2055,96415962048936,96415962046369,96415962255083,206.147,208.714
3,2056,96415963071180,96415963070369,96415963450603,379.423,380.234
3,2057,96415964299902,96415964299169,96415964509129,209.227,209.96
3,2058,96415965528714,96415965527969,96415965751581,222.867,223.612
3,2059,96415966553378,96415966551969,96415966938431,385.053,386.462
3,2060,96415967783370,96415967780769,96415968026768,243.398,245.999
3,2061,96415969011211,96415969009569,96415969221718,210.507,212.149
3,2062,96415970034376,96415970033569,96415970443280,408.904,409.711
3,2063,96415971263378,96415971262369,96415971534667,271.289,272.298
3,2064,96415972491979,96415972491169,96415972692496,200.517,201.327
3,2065,96415973721080,96415973719969,96415973920607,199.527,200.638
3,2066,96415974745295,96415974743969,96415975109867,364.572,365.898
3,2067,96415975975457,96415975972769,96415976175343,199.886,202.574
3,2068,96415977203428,96415977201569,96415977391274,187.846,189.705
3,2069,96415978226253,96415978225569,96415978624686,398.433,399.117
3,2070,96415979455044,96415979454369,96415979650801,195.757,196.432
3,2071,96415980683976,96415980683169,96415980900273,216.297,217.104
3,2072,96415981709951,96415981707169,96415982109364,399.413,402.195
3,2073,96415982937512,96415982935969,96415983144699,207.187,208.73
3,2074,96415984167293,96415984164769,96415984373350,206.057,208.581
3,2075,96415985189608,96415985188769,96415985587601,397.993,398.832
3,2076,96415986418370,96415986417569,96415986623216,204.846,205.647
3,2077,96415987647141,96415987646369,96415987857308,210.167,210.939
3,2078,96415988875912,96415988875169,96415989063038,187.126,187.869
3,2079,96415989901687,96415989899169,96415990431995,530.308,532.826
3,2080,96415991129359,96415991127969,96415991330625,201.266,202.656
3,2081,96415992359370,96415992356769,96415992571338,211.968,214.569
3,2082,96415993381575,96415993380769,96415993787129,405.554,406.36
3,2083,96415994610476,96415994609569,96415994818573,208.097,209.004
3,2084,96415995839118,96415995838369,96415996093727,254.609,255.358
3,2085,96415996863743,96415996862369,96415997239695,375.952,377.326
3,2086,96415998093924,96415998091169,96415998296931,203.007,205.762
3,2087,96415999321265,96415999319969,96415999513752,192.487,193.783
3,2088,96416000344650,96416000343969,96416000805155,460.505,461.186
3,2089,96416001573522,96416001572769,96416001805800,232.278,233.031
3,2090,96416002802213,96416002801569,96416003005790,203.577,204.221
3,2091,96416004031074,96416004030369,96416004249472,218.398,219.103
3,2092,96416005056019,96416005054369,96416005414121,358.102,359.752
3,2093,96416006286161,96416006283169,96416006536510,250.349,253.341
3,2094,96416007513302,96416007511969,96416007716059,202.757,204.09
3,2095,96416008537037,96416008535969,96416008920280,383.243,384.311
3,2096,96416009765458,96416009764769,96416009993766,228.308,228.997
3,2097,96416010994360,96416010993569,96416011182367,188.007,188.798
3,2098,96416012019805,96416012017569,96416012393608,373.803,376.039
3,2099,96416013247626,96416013246369,96416013464254,216.628,217.885
3,2100,96416014477568,96416014475169,96416014743047,265.479,267.878
3,2101,96416015499872,96416015499169,96416015894986,395.114,395.817
3,2102,96416016728674,96416016727969,96416016955302,226.628,227.333
3,2103,96416017957495,96416017956769,96416018151832,194.337,195.063
3,2104,96416019186327,96416019185569,96416019417404,231.077,231.835
3,2105,96416020211641,96416020209569,96416020597525,385.884,387.956
3,2106,96416021439973,96416021438369,96416021645790,205.817,207.421
3,2107,96416022669785,96416022667169,96416022871721,201.936,204.552
3,2108,96416023691899,96416023691169,96416024059362,367.463,368.193
3,2109,96416024920750,96416024919969,96416025118558,197.808,198.589
3,2110,96416026149713,96416026148769,96416026351389,201.676,202.62
3,2111,96416027174337,96416027172769,96416027547230,372.893,374.461
3,2112,96416028404509,96416028401569,96416028646026,241.517,244.457
3,2113,96416029631690,96416029630369,96416029836807,205.117,206.438
3,2114,96416030655134,96416030654369,96416031062878,407.744,408.509
3,2115,96416031883956,96416031883169,96416032109064,225.108,225.895
3,2116,96416033112858,96416033111969,96416033351346,238.488,239.377
3,2117,96416034341559,96416034340769,96416034543316,201.757,202.547
3,2118,96416035366173,96416035364769,96416035729486,363.313,364.717
3,2119,96416036595906,96416036593569,96416036798022,202.116,204.453
3,2120,96416037823747,96416037822369,96416038026953,203.206,204.584
3,2121,96416038847021,96416038846369,96416039223454,376.433,377.085
3,2122,96416040076323,96416040075169,96416040318601,242.278,243.432
3,2123,96416041304655,96416041303969,96416041495201,190.546,191.232
3,2124,96416042330599,96416042327969,96416042794794,464.195,466.825
3,2125,96416043558041,96416043556769,96416043756698,198.657,199.929
3,2126,96416044788142,96416044785569,96416044998269,210.127,212.7
3,2127,96416045810336,96416045809569,96416046197650,387.314,388.081
3,2128,96416047039129,96416047038369,96416047247106,207.977,208.737
3,2129,96416048267930,96416048267169,96416048488717,220.787,221.548
3,2130,96416049496651,96416049495969,96416049683757,187.106,187.788
3,2131,96416050522446,96416050519969,96416051107235,584.789,587.266
3,2132,96416051750038,96416051748769,96416051963434,213.396,214.665
3,2133,96416052980399,96416052977569,96416053305420,325.021,327.851
3,2134,96416054013574,96416054001569,96416054410168,396.594,408.599
3,2135,96416055231175,96416055230369,96416055436002,204.827,205.633
3,2136,96416056459867,96416056459169,96416056739686,279.819,280.517
3,2137,96416057484442,96416057483169,96416057878845,394.403,395.676
3,2138,96416058714583,96416058711969,96416058931431,216.848,219.462
3,2139,96416059942084,96416059940769,96416060141261,199.177,200.492
3,2140,96416060965739,96416060964769,96416061416484,450.745,451.715
3,2141,96416062194321,96416062193569,96416062401118,206.797,207.549
3,2142,96416063423022,96416063422369,96416063618389,195.367,196.02
3,2143,96416064651973,96416064651169,96416064883181,231.208,232.012
3,2144,96416065676468,96416065675169,96416066050130,373.662,374.961
3,2145,96416066906320,96416066903969,96416067111087,204.767,207.118
3,2146,96416068134041,96416068132769,96416068324858,190.817,192.089
3,2147,96416069157636,96416069156769,96416069536159,378.523,379.39
3,2148,96416070386237,96416070385569,96416070630936,244.699,245.367
3,2149,96416071615099,96416071614369,96416071819216,204.117,204.847
3,2150,96416072640414,96416072638369,96416073030467,390.053,392.098
3,2151,96416073868475,96416073867169,96416074072872,204.397,205.703
3,2152,96416075098476,96416075095969,96416075330234,231.758,234.265
3,2153,96416076120751,96416076119969,96416076507604,386.853,387.635
3,2154,96416077349873,96416077348769,96416077552800,202.927,204.031
3,2155,96416078578404,96416078577569,96416078821902,243.498,244.333
3,2156,96416079807075,96416079806369,96416079993542,186.467,187.173
3,2157,96416080832790,96416080830369,96416081219224,386.434,388.855
3,2158,96416082060422,96416082059169,96416082272769,212.347,213.6
3,2159,96416083290324,96416083287969,96416083502941,212.617,214.972
3,2160,96416084312708,96416084311969,96416084712492,399.784,400.523
3,2161,96416085541399,96416085540769,96416085743247,201.848,202.478
3,2162,96416086776451,96416086769569,96416086973208,196.757,203.639
3,2163,96416087795376,96416087793569,96416088179078,383.702,385.509
3,2164,96416089024867,96416089022369,96416089271846,246.979,249.477
3,2165,96416090252758,96416090251169,96416090445465,192.707,194.296
3,2166,96416091276073,96416091275169,96416091678917,402.844,403.748
3,2167,96416092504665,96416092503969,96416092741082,236.417,237.113
3,2168,96416093733496,96416093732769,96416093944334,210.838,211.565
3,2169,96416094962488,96416094961569,96416095151714,189.226,190.145
3,2170,96416095986922,96416095985569,96416096354785,367.863,369.216
3,2171,96416097216605,96416097214369,96416097412310,195.705,197.941
3,2172,96416098444626,96416098443169,96416098649962,205.336,206.793
3,2173,96416099468000,96416099467169,96416099853404,385.404,386.235
3,2174,96416100696701,96416100695969,96416100912189,215.488,216.22
3,2175,96416101925534,96416101924769,96416102132581,207.047,207.812
3,2176,96416102951738,96416102948769,96416103332880,381.142,384.111
3,2177,96416104178919,96416104177569,96416104382606,203.687,205.037
3,2178,96416105408921,96416105406369,96416105606138,197.217,199.769
3,2179,96416106431055,96416106430369,96416106825858,394.803,395.489
3,2180,96416107659917,96416107659169,96416107887375,227.458,228.206
3,2181,96416108888769,96416108887969,96416109089175,200.406,201.206
3,2182,96416110117600,96416110116769,96416110306556,188.956,189.787
3,2183,96416111143865,96416111140769,96416111624521,480.656,483.752
3,2184,96416112370767,96416112369569,96416112587113,216.346,217.544
3,2185,96416113600928,96416113598369,96416113815884,214.956,217.515
3,2186,96416114623042,96416114622369,96416114997155,374.113,374.786
3,2187,96416115851964,96416115851169,96416116050001,198.037,198.832
3,2188,96416117080836,96416117079969,96416117296482,215.646,216.513
3,2189,96416118105520,96416118103969,96416118482913,377.393,378.944
3,2190,96416119335552,96416119332769,96416119536088,200.536,203.319
3,2191,96416120562823,96416120561569,96416120783821,220.998,222.252
3,2192,96416121586357,96416121585569,96416122038553,452.196,452.984
3,2193,96416122815160,96416122814369,96416123040067,224.907,225.698
3,2194,96416124043871,96416124043169,96416124239058,195.187,195.889
3,2195,96416125272762,96416125271969,96416125479489,206.727,207.52
3,2196,96416126297327,96416126295969,96416126659049,361.722,363.08
3,2197,96416127527788,96416127524769,96416127720765,192.977,195.996
3,2198,96416128755040,96416128753569,96416128958507,203.467,204.938
3,2199,96416129778355,96416129777569,96416130203179,424.824,425.61
3,2200,96416131009936,96416131006369,96416131229954,220.018,223.585
3,2201,96416132235877,96416132235169,96416132437985,202.108,202.816
3,2202,96416133261393,96416133259169,96416133657846,396.453,398.677
3,2203,96416134489404,96416134487969,96416134704661,215.257,216.692
3,2204,96416135719235,96416135716769,96416135969614,250.379,252.845
3,2205,96416136741510,96416136740769,96416137160224,418.714,419.455
3,2206,96416137970512,96416137969569,96416138191789,221.277,222.22
3,2207,96416139199153,96416139198369,96416139395169,196.016,196.8
3,2208,96416140427904,96416140427169,96416140624671,196.767,197.502
3,2209,96416141453589,96416141451169,96416141885304,431.715,434.135
3,2210,96416142681430,96416142679969,96416142900958,219.528,220.989
3,2211,96416143911122,96416143908769,96416144123120,211.998,214.351
3,2212,96416144933577,96416144932769,96416145336241,402.664,403.472
3,2213,96416146162408,96416146161569,96416146366795,204.387,205.226
3,2214,96416147391019,96416147390369,96416147585126,194.107,194.757
3,2215,96416148415585,96416148414369,96416148806648,391.063,392.279
3,2216,96416149645666,96416149643169,96416149926485,280.819,283.316
3,2217,96416150873267,96416150871969,96416151063244,189.977,191.275
3,2218,96416151896722,96416151895969,96416152297275,400.553,401.306
3,2219,96416153125534,96416153124769,96416153352182,226.648,227.413
3,2220,96416154354305,96416154353569,96416154548902,194.597,195.333
3,2221,96416155583016,96416155582369,96416155800464,217.448,218.095
3,2222,96416156607691,96416156606369,96416156970234,362.543,363.865
3,2223,96416157837792,96416157835169,96416158090731,252.939,255.562
3,2224,96416159065504,96416159063969,96416159267571,202.067,203.602
3,2225,96416160088719,96416160087969,96416160497492,408.773,409.523
3,2226,96416161317420,96416161316769,96416161525547,208.127,208.778
3,2227,96416162546301,96416162545569,96416162725888,179.587,180.319
3,2228,96416163572606,96416163569569,96416164027622,455.016,458.053
3,2229,96416164799728,96416164798369,96416164987235,187.507,188.866
3,2230,96416166029410,96416166027169,96416166261468,232.058,234.299
3,2231,96416167051844,96416167051169,96416167451318,399.474,400.149
3,2232,96416168280705,96416168279969,96416168481283,200.578,201.314
3,2233,96416169509477,96416169508769,96416169710514,201.037,201.745
3,2234,96416170738249,96416170737569,96416170948116,209.867,210.547
3,2235,96416171763903,96416171761569,96416172332883,568.98,571.314
3,2236,96416172991755,96416172990369,96416173194422,202.667,204.053
3,2237,96416174221817,96416174219169,96416174425953,204.136,206.784
3,2238,96416175243811,96416175243169,96416175657465,413.654,414.296
3,2239,96416176472662,96416176471969,96416176675789,203.127,203.82
3,2240,96416177701554,96416177700769,96416177986574,285.02,285.805
3,2241,96416178726328,96416178724769,96416179095671,369.343,370.902
3,2242,96416179956781,96416179953569,96416180162237,205.456,208.668
3,2243,96416181183772,96416181182369,96416181379759,195.987,197.39
3,2244,96416182207276,96416182206369,96416182649591,442.315,443.222
3,2245,96416183435837,96416183435169,96416183636385,200.548,201.216
3,2246,96416184664700,96416184663969,96416184869926,205.226,205.957
3,2247,96416185893521,96416185892769,96416186098248,204.727,205.479
3,2248,96416186918345,96416186916769,96416187279698,361.353,362.929
3,2249,96416188148307,96416188145569,96416188343024,194.717,197.455
3,2250,96416189375639,96416189374369,96416189579686,204.047,205.317
3,2251,96416190399033,96416190398369,96416190818158,419.125,419.789
3,2252,96416191627875,96416191627169,96416191850862,222.987,223.693
3,2253,96416192856616,96416192855969,96416193047872,191.256,191.903
3,2254,96416193882370,96416193879969,96416194262894,380.524,382.925
3,2255,96416195110303,96416195108769,96416195307939,197.636,199.17
3,2256,96416196339974,96416196337569,96416196540120,200.146,202.551
3,2257,96416197362308,96416197361569,96416197762902,400.594,401.333
3,2258,96416198591190,96416198590369,96416198813058,221.868,222.689
3,2259,96416199819952,96416199819169,96416200035278,215.326,216.109
3,2260,96416201048733,96416201047969,96416201274240,225.507,226.271
3,2261,96416202074108,96416202071969,96416202492682,418.574,420.713
3,2262,96416203302149,96416203300769,96416203518877,216.728,218.108
3,2263,96416204532081,96416204529569,96416204728017,195.936,198.448
3,2264,96416205554366,96416205553569,96416205941618,387.252,388.049
3,2265,96416206783187,96416206782369,96416206998484,215.297,216.115
3,2266,96416208011988,96416208011169,96416208211905,199.917,200.736
3,2267,96416209036473,96416209035169,96416209422586,386.113,387.417
3,2268,96416210266225,96416210263969,96416210482912,216.687,218.943
3,2269,96416211494246,96416211492769,96416211715473,221.227,222.704
3,2270,96416212517401,96416212516769,96416212930124,412.723,413.355
3,2271,96416213746462,96416213745569,96416213978480,232.018,232.911
3,2272,96416214975234,96416214974369,96416215183991,208.757,209.622
3,2273,96416216203895,96416216203169,96416216398182,194.287,195.013
3,2274,96416217228560,96416217227169,96416217595223,366.663,368.054
3,2275,96416218458081,96416218455969,96416218663548,205.467,207.579
3,2276,96416219686133,96416219684769,96416219899650,213.517,214.881
3,2277,96416220709448,96416220708769,96416221092000,382.552,383.231
3,2278,96416221938289,96416221937569,96416222135426,197.137,197.857
3,2279,96416223167200,96416223166369,96416223383408,216.208,217.039
3,2280,96416224192835,96416224190369,96416224650190,457.355,459.821
3,2281,96416225420997,96416225419169,96416225621903,200.906,202.734
3,2282,96416226650138,96416226647969,96416226864946,214.808,216.977
3,2283,96416227672703,96416227671969,96416228049866,377.163,377.897
3,2284,96416228901514,96416228900769,96416229117632,216.118,216.863
3,2285,96416230130306,96416230129569,96416230347273,216.967,217.704
3,2286,96416231359057,96416231358369,96416231551864,192.807,193.495
3,2287,96416232385632,96416232382369,96416232890559,504.927,508.19
3,2288,96416233612503,96416233611169,96416233837652,225.149,226.483
3,2289,96416234842486,96416234839969,96416235038242,195.756,198.273
3,2290,96416235864800,96416235863969,96416236284514,419.714,420.545
3,2291,96416237093461,96416237092769,96416237296968,203.507,204.199
3,2292,96416238322232,96416238321569,96416238551840,229.608,230.271
3,2293,96416239346987,96416239345569,96416239739221,392.234,393.652
3,2294,96416240576719,96416240574369,96416240795686,218.967,221.317
3,2295,96416241804440,96416241803169,96416242006517,202.077,203.348
3,2296,96416242827935,96416242827169,96416243274460,446.525,447.291
3,2297,96416244056646,96416244055969,96416244302275,245.629,246.306
3,2298,96416245285478,96416245284769,96416245478954,193.476,194.185
3,2299,96416246514550,96416246513569,96416246720396,205.846,206.827
3,2300,96416247538914,96416247537569,96416247907386,368.472,369.817
3,2301,96416248777976,96416248766369,96416248978933,200.957,212.564
3,2302,96416249996808,96416249995169,96416250210164,213.356,214.995
3,2303,96416251019802,96416251019169,96416251388354,368.552,369.185
3,2304,96416252248653,96416252247969,96416252526683,278.03,278.714
3,2305,96416253477535,96416253476769,96416253674432,196.897,197.663
3,2306,96416254503149,96416254500769,96416254892373,389.224,391.604
3,2307,96416255730811,96416255729569,96416255956929,226.118,227.36
3,2308,96416256961203,96416256958369,96416257223711,262.508,265.342
3,2309,96416257983027,96416257982369,96416258392052,409.025,409.683
3,2310,96416259211848,96416259211169,96416259416256,204.408,205.087
3,2311,96416260440621,96416260439969,96416260662078,221.457,222.109
3,2312,96416261669532,96416261668769,96416261877269,207.737,208.5
3,2313,96416262694977,96416262692769,96416263131991,437.014,439.222
3,2314,96416263922918,96416263921569,96416264143596,220.678,222.027
3,2315,96416265153040,96416265150369,96416265350776,197.736,200.407
3,2316,96416266175084,96416266174369,96416266582908,407.824,408.539
3,2317,96416267403996,96416267403169,96416267609522,205.526,206.353
3,2318,96416268632687,96416268631969,96416268835134,202.447,203.165
3,2319,96416269657541,96416269655969,96416270037754,380.213,381.785
3,2320,96416270887184,96416270884769,96416271153512,266.328,268.743
3,2321,96416272114995,96416272113569,96416272330793,215.798,217.224
3,2322,96416273138409,96416273137569,96416273543063,404.654,405.494
3,2323,96416274367091,96416274366369,96416274599249,232.158,232.88
3,2324,96416275595963,96416275595169,96416275812200,216.237,217.031
3,2325,96416276824804,96416276823969,96416277046821,222.017,222.852
3,2326,96416277849589,96416277847969,96416278219371,369.782,371.402
3,2327,96416279080400,96416279076769,96416279296708,216.308,219.939
3,2328,96416280306912,96416280305569,96416280493358,186.446,187.789
3,2329,96416281330267,96416281329569,96416281764531,434.264,434.962
3,2330,96416282559108,96416282558369,96416282785075,225.967,226.706
3,2331,96416283787899,96416283787169,96416283984826,196.927,197.657
3,2332,96416284813574,96416284811169,96416285250328,436.754,439.159
3,2333,96416286041346,96416286039969,96416286254562,213.216,214.593
3,2334,96416287271057,96416287268769,96416287472024,200.967,203.255
3,2335,96416288293532,96416288292769,96416288691295,397.763,398.526
3,2336,96416289522303,96416289521569,96416289729240,206.937,207.671
3,2337,96416290751185,96416290750369,96416290973672,222.487,223.303
3,2338,96416291979926,96416291979169,96416292172003,192.077,192.834
3,2339,96416293013252,96416293003169,96416293444126,430.874,440.957
3,2340,96416294233532,96416294231969,96416294428179,194.647,196.21
3,2341,96416295463423,96416295460769,96416295678091,214.668,217.322
3,2342,96416296485919,96416296484769,96416296905743,419.824,420.974
3,2343,96416297714280,96416297713569,96416297930128,215.848,216.559
3,2344,96416298943261,96416298942369,96416299233771,290.51,291.402
3,2345,96416299968176,96416299966369,96416300349459,381.283,383.09
3,2346,96416301198067,96416301195169,96416301413455,215.388,218.286
3,2347,96416302425429,96416302423969,96416302616396,190.967,192.427
3,2348,96416303448784,96416303447969,96416303882548,433.764,434.579
3,2349,96416304677605,96416304676769,96416304906983,229.378,230.214
3,2350,96416305906377,96416305905569,96416306114304,207.927,208.735
3,2351,96416307135068,96416307134369,96416307330025,194.957,195.656
3,2352,96416308159923,96416308158369,96416308524725,364.802,366.356
3,2353,96416309389644,96416309387169,96416309591142,201.498,203.973
3,2354,96416310617306,96416310615969,96416310815363,198.057,199.394
3,2355,96416311640671,96416311639969,96416312041584,400.913,401.615
3,2356,96416312869442,96416312868769,96416313156222,286.78,287.453
3,2357,96416314098284,96416314097569,96416314298971,200.687,201.402
3,2358,96416315124548,96416315121569,96416315506901,382.353,385.332
3,2359,96416316351640,96416316350369,96416316563907,212.267,213.538
3,2360,96416317581442,96416317579169,96416317835310,253.868,256.141
3,2361,96416318604006,96416318603169,96416319010100,406.094,406.931
3,2362,96416319832757,96416319831969,96416320028764,196.007,196.795
3,2363,96416321061499,96416321060769,96416321277846,216.347,217.077
3,2364,96416322290271,96416322289569,96416322482687,192.416,193.118
3,2365,96416323316115,96416323313569,96416323737380,421.265,423.811
3,2366,96416324543887,96416324542369,96416324757674,213.787,215.305
3,2367,96416325780978,96416325771169,96416326023726,242.748,252.557
3,2368,96416326796053,96416326795169,96416327173396,377.343,378.227
3,2369,96416328024744,96416328023969,96416328216981,192.237,193.012
3,2370,96416329253526,96416329252769,96416329453873,200.347,201.104
3,2371,96416330278100,96416330276769,96416330664574,386.474,387.805
3,2372,96416331508712,96416331505569,96416331722179,213.467,216.61
3,2373,96416332735854,96416332734369,96416332932710,196.856,198.341
3,2374,96416333759338,96416333758369,96416334162552,403.214,404.183
3,2375,96416334987869,96416334987169,96416335194456,206.587,207.287
3,2376,96416336216662,96416336215969,96416336412808,196.146,196.839
3,2377,96416337445593,96416337444769,96416337665330,219.737,220.561
3,2378,96416338470147,96416338468769,96416338847810,377.663,379.041
3,2379,96416339700069,96416339697569,96416339930187,230.118,232.618
3,2380,96416340927750,96416340926369,96416341134758,207.008,208.389
3,2381,96416341951045,96416341950369,96416342385970,434.925,435.601
3,2382,96416343179917,96416343179169,96416343416485,236.568,237.316
3,2383,96416344408698,96416344407969,96416344596744,188.046,188.775
3,2384,96416345434473,96416345431969,96416345854547,420.074,422.578
3,2385,96416346662204,96416346660769,96416346877151,214.947,216.382
3,2386,96416347891826,96416347889569,96416348105733,213.907,216.164
3,2387,96416348914350,96416348913569,96416349309604,395.254,396.035
3,2388,96416350143402,96416350142369,96416350369629,226.227,227.26
3,2389,96416351371883,96416351371169,96416351588561,216.678,217.392
3,2390,96416352600835,96416352599969,96416352797061,196.226,197.092
3,2391,96416353626190,96416353623969,96416354109776,483.586,485.807
3,2392,96416354854171,96416354852769,96416355055238,201.067,202.469
3,2393,96416356084412,96416356081569,96416356307550,223.138,225.981
3,2394,96416357106308,96416357105569,96416357482670,376.362,377.101
3,2395,96416358335069,96416358334369,96416358542646,207.577,208.277
3,2396,96416359563880,96416359563169,96416359780578,216.698,217.409
3,2397,96416360588995,96416360587169,96416360979508,390.513,392.339
3,2398,96416361818206,96416361815969,96416362016693,198.487,200.724
3,2399,96416363046558,96416363044769,96416363260995,214.437,216.226
3,2400,96416364069643,96416364068769,96416364518997,449.354,450.228
3,2401,96416365298374,96416365297569,96416365523861,225.487,226.292
3,2402,96416366527085,96416366526369,96416366731173,204.088,204.804
3,2403,96416367756247,96416367755169,96416367955694,199.447,200.525
3,2404,96416368780822,96416368779169,96416369147804,366.982,368.635
3,2405,96416370012673,96416370007969,96416370221210,208.537,213.241
3,2406,96416371238084,96416371236769,96416371431671,193.587,194.902
3,2407,96416372261439,96416372260769,96416372695774,434.335,435.005
3,2408,96416373490321,96416373489569,96416373758780,268.459,269.211
3,2409,96416374719092,96416374718369,96416374919000,199.908,200.631
3,2410,96416375744557,96416375742369,96416376140440,395.883,398.071
3,2411,96416376972458,96416376971169,96416377167895,195.437,196.726
3,2412,96416378202881,96416378199969,96416378445718,242.837,245.749
3,2413,96416379224705,96416379223969,96416379632868,408.163,408.899
3,2414,96416380453536,96416380452769,96416380668254,214.718,215.485
3,2415,96416381682177,96416381681569,96416381927896,245.719,246.327
3,2416,96416382910999,96416382910369,96416383103496,192.497,193.127
3,2417,96416383936874,96416383934369,96416384320236,383.362,385.867
3,2418,96416385164535,96416385163169,96416385367192,202.657,204.023
3,2419,96416386394307,96416386391969,96416386599204,204.897,207.235
3,2420,96416387416671,96416387415969,96416387838475,421.804,422.506
3,2421,96416388645523,96416388644769,96416388861450,215.927,216.681
3,2422,96416389874394,96416389873569,96416390079871,205.477,206.302
3,2423,96416390898949,96416390897569,96416391281082,382.133,383.513
3,2424,96416392128790,96416392126369,96416392377699,248.909,251.33
3,2425,96416393356533,96416393355169,96416393552509,195.976,197.34
3,2426,96416394379867,96416394379169,96416394798031,418.164,418.862
3,2427,96416395608728,96416395607969,96416395847107,238.379,239.138
3,2428,96416396837450,96416396836769,96416397056647,219.197,219.878
3,2429,96416398066332,96416398065569,96416398255308,188.976,189.739
3,2430,96416399091176,96416399089569,96416399454548,363.372,364.979
3,2431,96416400320978,96416400318369,96416400524174,203.196,205.805
3,2432,96416401548549,96416401547169,96416401741536,192.987,194.367
3,2433,96416402571823,96416402571169,96416402951396,379.573,380.227
3,2434,96416403800705,96416403799969,96416404021373,220.668,221.404
3,2435,96416405029577,96416405028769,96416405228484,198.907,199.715
3,2436,96416406055431,96416406052769,96416406438095,382.664,385.326
3,2437,96416407282923,96416407281569,96416407485730,202.807,204.161
3,2438,96416408513075,96416408510369,96416408704110,191.035,193.741
3,2439,96416409535149,96416409534369,96416409945343,410.194,410.974
3,2440,96416410764000,96416410763169,96416410982368,218.368,219.199
3,2441,96416411992642,96416411991969,96416412207079,214.437,215.11
3,2442,96416413221494,96416413220769,96416413419330,197.836,198.561
3,2443,96416414247059,96416414244769,96416414756045,508.986,511.276
3,2444,96416415475080,96416415473569,96416415690437,215.357,216.868
3,2445,96416416704691,96416416702369,96416416919489,214.798,217.12
3,2446,96416417727045,96416417726369,96416418141060,414.015,414.691
3,2447,96416418955938,96416418955169,96416419151894,195.956,196.725
3,2448,96416420184759,96416420183969,96416420398536,213.777,214.567
3,2449,96416421209463,96416421207969,96416421592807,383.344,384.838
3,2450,96416422439105,96416422436769,96416422635142,196.037,198.373
3,2451,96416423667007,96416423665569,96416423885634,218.627,220.065
3,2452,96416424690301,96416424689569,96416425138256,447.955,448.687
3,2453,96416425919033,96416425918369,96416426148850,229.817,230.481
3,2454,96416427148064,96416427147169,96416427349771,201.707,202.602
3,2455,96416428376696,96416428375969,96416428579523,202.827,203.554
3,2456,96416429401311,96416429399969,96416429779044,377.733,379.075
3,2457,96416430631582,96416430628769,96416430853979,222.397,225.21
3,2458,96416431859003,96416431857569,96416432048990,189.987,191.421
3,2459,96416432882258,96416432881569,96416433259830,377.572,378.261
3,2460,96416434111120,96416434110369,96416434355938,244.818,245.569
3,2461,96416435339881,96416435339169,96416435532248,192.367,193.079
3,2462,96416436365636,96416436363169,96416436745119,379.483,381.95
3,2463,96416437593277,96416437591969,96416437805844,212.567,213.875
3,2464,96416438823699,96416438820769,96416439101858,278.159,281.089
3,2465,96416439845444,96416439844769,96416440229176,383.732,384.407
3,2466,96416441074225,96416441073569,96416441280502,206.277,206.933
3,2467,96416442303186,96416442302369,96416442507254,204.068,204.885
3,2468,96416443531878,96416443531169,96416443721645,189.767,190.476
3,2469,96416444557883,96416444555169,96416444959646,401.763,404.477
3,2470,96416445785404,96416445783969,96416445973791,188.387,189.822
3,2471,96416447015505,96416447012769,96416447215473,199.968,202.704
3,2472,96416448037620,96416448036769,96416448437453,399.833,400.684
3,2473,96416449266232,96416449265569,96416449470089,203.857,204.52
3,2474,96416450495083,96416450494369,96416450697180,202.097,202.811
3,2475,96416451519778,96416451518369,96416451921632,401.854,403.263
3,2476,96416452749899,96416452747169,96416453004788,254.889,257.619
3,2477,96416453977281,96416453975969,96416454198118,220.837,222.149
3,2478,96416455000736,96416454999969,96416455412659,411.923,412.69
3,2479,96416456229427,96416456228769,96416456445425,215.998,216.656
3,2480,96416457458338,96416457457569,96416457661926,203.588,204.357
3,2481,96416458687131,96416458686369,96416458902817,215.686,216.448
3,2482,96416459711735,96416459710369,96416460079297,367.562,368.928
3,2483,96416460942246,96416460939169,96416461161013,218.767,221.844
3,2484,96416462169298,96416462167969,96416462374794,205.496,206.825
3,2485,96416463192702,96416463191969,96416463573995,381.293,382.026
3,2486,96416464421494,96416464420769,96416464622971,201.477,202.202
3,2487,96416465650316,96416465649569,96416465865803,215.487,216.234
3,2488,96416466676010,96416466673569,96416467075754,399.744,402.185
3,2489,96416467903791,96416467902369,96416468099918,196.127,197.549
3,2490,96416469133904,96416469131169,96416469339870,205.966,208.701
3,2491,96416470156018,96416470155169,96416470568282,412.264,413.113
3,2492,96416471384909,96416471383969,96416471580666,195.757,196.697
3,2493,96416472613480,96416472612769,96416472832688,219.208,219.919
3,2494,96416473842323,96416473841569,96416474029459,187.136,187.89
3,2495,96416474868087,96416474865569,96416475392575,524.488,527.006
3,2496,96416476095729,96416476094369,96416476297635,201.906,203.266
3,2497,96416477325430,96416477323169,96416477523257,197.827,200.088
3,2498,96416478348004,96416478347169,96416478723137,375.133,375.968
3,2499,96416479576646,96416479575969,96416479794003,217.357,218.034
3,2500,96416480805468,96416480804769,96416481081837,276.369,277.068
3,2501,96416481830112,96416481828769,96416482213766,383.654,384.997
3,2502,96416483060154,96416483057569,96416483253660,193.506,196.091
3,2503,96416484287656,96416484286369,96416484475842,188.186,189.473
3,2504,96416485311160,96416485310369,96416485765555,454.395,455.186
3,2505,96416486539871,96416486539169,96416486922075,382.204,382.906
3,2506,96416487776863,96416487767969,96416487978510,201.647,210.541
3,2507,96416488997525,96416488996769,96416489196981,199.456,200.212
3,2508,96416490022149,96416490020769,96416490389121,366.972,368.352
3,2509,96416491252121,96416491249569,96416491438757,186.636,189.188
3,2510,96416492479662,96416492478369,96416492667078,187.416,188.709
3,2511,96416493503096,96416493502369,96416493885000,381.904,382.631
3,2512,96416494731869,96416494731169,96416495054149,322.28,322.98
3,2513,96416495960640,96416495959969,96416496159596,198.956,199.627
3,2514,96416496986655,96416496983969,96416497365038,378.383,381.069
3,2515,96416498214296,96416498212769,96416498421473,207.177,208.704
3,2516,96416499443927,96416499441569,96416499660755,216.828,219.186
3,2517,96416500466222,96416500465569,96416500858915,392.693,393.346
3,2518,96416501695114,96416501694369,96416502073657,378.543,379.288
3,2519,96416502924195,96416502923169,96416503132252,208.057,209.083
3,2520,96416504152727,96416504151969,96416504338243,185.516,186.274
3,2521,96416505178751,96416505175969,96416505573845,395.094,397.876
3,2522,96416506406193,96416506404769,96416506607999,201.806,203.23
3,2523,96416507636024,96416507633569,96416507859722,223.698,226.153
3,2524,96416508658249,96416508657569,96416509059952,401.703,402.383
3,2525,96416509887121,96416509886369,96416510100577,213.456,214.208
3,2526,96416511116042,96416511115169,96416511312318,196.276,197.149
3,2527,96416512140577,96416512139169,96416512516399,375.822,377.23
3,2528,96416513370818,96416513367969,96416513609667,238.849,241.698
3,2529,96416514598169,96416514596769,96416514808456,210.287,211.687
3,2530,96416515621505,96416515620769,96416516041869,420.364,421.1
3,2531,96416516850306,96416516849569,96416517230849,380.543,381.28
3,2532,96416518079257,96416518078369,96416518294675,215.418,216.306
3,2533,96416519307858,96416519307169,96416519532007,224.149,224.838
3,2534,96416520332694,96416520331169,96416520700446,367.752,369.277
3,2535,96416521563075,96416521559969,96416521766042,202.967,206.073
3,2536,96416522790196,96416522788769,96416523003574,213.378,214.805
3,2537,96416523813531,96416523812769,96416524191954,378.423,379.185
3,2538,96416525042293,96416525041569,96416525232949,190.656,191.38
3,2539,96416526271064,96416526270369,96416526468260,197.196,197.891
3,2540,96416527297159,96416527294369,96416527743603,446.444,449.234
3,2541,96416528524480,96416528523169,96416528717987,193.507,194.818
3,2542,96416529754371,96416529751969,96416529967539,213.168,215.57
3,2543,96416530776627,96416530775969,96416531166330,389.703,390.361
3,2544,96416532007718,96416532004769,96416532389471,381.753,384.702
3,2545,96416533234299,96416533233569,96416533461827,227.528,228.258
3,2546,96416534463081,96416534462369,96416534650108,187.027,187.739
3,2547,96416535489085,96416535486369,96416535905930,416.845,419.561
3,2548,96416536716447,96416536715169,96416536921614,205.167,206.445
3,2549,96416537946259,96416537943969,96416538141956,195.697,197.987
3,2550,96416538968693,96416538967969,96416539386757,418.064,418.788
3,2551,96416540197655,96416540196769,96416540401522,203.867,204.753
3,2552,96416541426297,96416541425569,96416541697746,271.449,272.177
3,2553,96416542450921,96416542449569,96416542846324,395.403,396.755
3,2554,96416543681052,96416543678369,96416543894910,213.858,216.541
3,2555,96416544908474,96416544907169,96416545101250,192.776,194.081
3,2556,96416545931909,96416545931169,96416546378824,446.915,447.655
3,2557,96416547160790,96416547159969,96416547552493,391.703,392.524
3,2558,96416548389492,96416548388769,96416548591778,202.286,203.009
3,2559,96416549618223,96416549617569,96416549824561,206.338,206.992
3,2560,96416550643167,96416550641569,96416551015571,372.404,374.002
3,2561,96416551872740,96416551870369,96416552076206,203.466,205.837
3,2562,96416553100821,96416553099169,96416553301557,200.736,202.388
3,2563,96416554124185,96416554123169,96416554530739,406.554,407.57
3,2564,96416555352657,96416555351969,96416555602026,249.369,250.057
3,2565,96416556581589,96416556580769,96416556787836,206.247,207.067
3,2566,96416557607213,96416557604769,96416558000737,393.524,395.968
3,2567,96416558834995,96416558833569,96416559033662,198.667,200.093
3,2568,96416560064986,96416560062369,96416560312885,247.899,250.516
3,2569,96416561087261,96416561086369,96416561506485,419.224,420.116
3,2570,96416562315932,96416562315169,96416562698856,382.924,383.687
3,2571,96416563544824,96416563543969,96416563767171,222.347,223.202
3,2572,96416564776795,96416564772769,96416564966722,189.927,193.953
3,2573,96416565799420,96416565796769,96416566217464,418.044,420.695
3,2574,96416567027082,96416567025569,96416567230268,203.186,204.699
3,2575,96416568256863,96416568254369,96416568498331,241.468,243.962
3,2576,96416569279117,96416569278369,96416569662181,383.064,383.812
3,2577,96416570507909,96416570507169,96416570724736,216.827,217.567
3,2578,96416571737001,96416571735969,96416571934307,197.306,198.338
3,2579,96416572761776,96416572759969,96416573141459,379.683,381.49
3,2580,96416573992347,96416573988769,96416574235995,243.648,247.226
3,2581,96416575219038,96416575217569,96416575435886,216.848,218.317
3,2582,96416576242303,96416576241569,96416576659097,416.794,417.528
3,2583,96416577471075,96416577470369,96416577878568,407.493,408.199
3,2584,96416578699866,96416578699169,96416578906653,206.787,207.484
3,2585,96416579928737,96416579927969,96416580158895,230.158,230.926
3,2586,96416580953402,96416580951969,96416581321425,368.023,369.456
3,2587,96416582183994,96416582180769,96416582391801,207.807,211.032
3,2588,96416583411675,96416583409569,96416583595261,183.586,185.692
3,2589,96416584434560,96416584433569,96416584819593,385.033,386.024
3,2590,96416585663921,96416585662369,96416585888639,224.718,226.27
3,2591,96416586892363,96416586891169,96416587085859,193.496,194.69
3,2592,96416587918748,96416587915169,96416588366672,447.924,451.503
3,2593,96416589145259,96416589143969,96416589346755,201.496,202.786
3,2594,96416590375410,96416590372769,96416590589428,214.018,216.659
3,2595,96416591397755,96416591396769,96416591808839,411.084,412.07
3,2596,96416592626257,96416592625569,96416593055341,429.084,429.772
3,2597,96416593855218,96416593854369,96416594052555,197.337,198.186
3,2598,96416595083979,96416595083169,96416595286237,202.258,203.068
3,2599,96416596110104,96416596107169,96416596535439,425.335,428.27
3,2600,96416597337226,96416597335969,96416597532982,195.756,197.013
3,2601,96416598567127,96416598564769,96416598831996,264.869,267.227
3,2602,96416599589472,96416599588769,96416599992506,403.034,403.737
3,2603,96416600818283,96416600817569,96416601019421,201.138,201.852
3,2604,96416602047095,96416602046369,96416602312574,265.479,266.205
3,2605,96416603071780,96416603070369,96416603460233,388.453,389.864
3,2606,96416604301461,96416604299169,96416604503668,202.207,204.499
3,2607,96416605529372,96416605527969,96416605741350,211.978,213.381
3,2608,96416606552627,96416606551969,96416606986382,433.755,434.413
3,2609,96416607781589,96416607780769,96416608152751,371.162,371.982
3,2610,96416609010390,96416609009569,96416609206947,196.557,197.378
3,2611,96416610239192,96416610238369,96416610430728,191.536,192.359
3,2612,96416611263616,96416611262369,96416611641269,377.653,378.9
3,2613,96416612493558,96416612491169,96416612691165,197.607,199.996
3,2614,96416613721250,96416613719969,96416613936637,215.387,216.668
3,2615,96416614744654,96416614743969,96416615156468,411.814,412.499
3,2616,96416615973755,96416615972769,96416616222165,248.41,249.396
3,2617,96416617202528,96416617201569,96416617406844,204.316,205.275
3,2618,96416618228432,96416618225569,96416618632495,404.063,406.926
3,2619,96416619455653,96416619454369,96416619670781,215.128,216.412
3,2620,96416620686615,96416620683169,96416620966255,279.64,283.086
3,2621,96416621708519,96416621707169,96416622098443,389.924,391.274
3,2622,96416622937221,96416622935969,96416623320154,382.933,384.185
3,2623,96416624166123,96416624164769,96416624396050,229.927,231.281
3,2624,96416625394924,96416625393569,96416625588671,193.747,195.102
3,2625,96416626420819,96416626417569,96416626875485,454.666,457.916
3,2626,96416627647741,96416627646369,96416627868708,220.967,222.339
3,2627,96416628878152,96416628875169,96416629076418,198.266,201.249
3,2628,96416629899946,96416629899169,96416630272489,372.543,373.32
3,2629,96416631128767,96416631127969,96416631330365,201.598,202.396
3,2630,96416632357530,96416632356769,96416632575447,217.917,218.678
3,2631,96416633381994,96416633380769,96416633761917,379.923,381.148
3,2632,96416634612036,96416634609569,96416634859994,247.958,250.425
3,2633,96416635839907,96416635838369,96416636062205,222.298,223.836
3,2634,96416636863171,96416636862369,96416637273886,410.715,411.517
3,2635,96416638092004,96416638091169,96416638497967,405.963,406.798
3,2636,96416639320705,96416639319969,96416639524081,203.376,204.112
3,2637,96416640549676,96416640548769,96416640762503,212.827,213.734
3,2638,96416641574241,96416641572769,96416641959594,385.353,386.825
3,2639,96416642804173,96416642801569,96416643010780,206.607,209.211
3,2640,96416644031784,96416644030369,96416644248832,217.048,218.463
3,2641,96416645055119,96416645054369,96416645423261,368.142,368.892
3,2642,96416646283950,96416646283169,96416646510747,226.797,227.578
3,2643,96416647512672,96416647511969,96416647715239,202.567,203.27
3,2644,96416648538577,96416648535969,96416648981041,442.464,445.072
3,2645,96416649766058,96416649764769,96416649988375,222.317,223.606
3,2646,96416650996219,96416650993569,96416651200316,204.097,206.747
3,2647,96416652018384,96416652017569,96416652428058,409.674,410.489
3,2648,96416653247086,96416653246369,96416653676120,429.034,429.751
3,2649,96416654475817,96416654475169,96416654678534,202.717,203.365
3,2650,96416655704738,96416655703969,96416655905576,200.838,201.607
3,2651,96416656731253,96416656727969,96416657306983,575.73,579.014
3,2652,96416657958155,96416657956769,96416658164722,206.567,207.953
3,2653,96416659187966,96416659185569,96416659390633,202.667,205.064
3,2654,96416660210281,96416660209569,96416660590104,379.823,380.535
3,2655,96416661439152,96416661438369,96416661647059,207.907,208.69
3,2656,96416662667934,96416662667169,96416662883961,216.027,216.792
3,2657,96416663692599,96416663691169,96416664078021,385.422,386.852
3,2658,96416664922860,96416664919969,96416665133527,210.667,213.558
3,2659,96416666150171,96416666148769,96416666350429,200.258,201.66
3,2660,96416667173466,96416667172769,96416667619671,446.205,446.902
3,2661,96416668402238,96416668401569,96416668805481,403.243,403.912
3,2662,96416669631089,96416669630369,96416669834656,203.567,204.287
3,2663,96416670859980,96416670859169,96416671060068,200.088,200.899
3,2664,96416671884515,96416671883169,96416672275789,391.274,392.62
3,2665,96416673114457,96416673111969,96416673313804,199.347,201.835
3,2666,96416674342098,96416674340769,96416674540985,198.887,200.216
3,2667,96416675365883,96416675364769,96416675748316,382.433,383.547
3,2668,96416676594294,96416676593569,96416676862143,267.849,268.574
3,2669,96416677823026,96416677822369,96416678014312,191.286,191.943
3,2670,96416678848821,96416678846369,96416679232153,383.332,385.784
3,2671,96416680076392,96416680075169,96416680271189,194.797,196.02
3,2672,96416681306474,96416681303969,96416681573402,266.928,269.433
3,2673,96416682328798,96416682327969,96416682730522,401.724,402.553
3,2674,96416683557510,96416683556769,96416683979864,422.354,423.095
3,2675,96416684786341,96416684785569,96416684986458,200.117,200.889
3,2676,96416686015343,96416686014369,96416686215240,199.897,200.871
3,2677,96416687040607,96416687038369,96416687467802,427.195,429.433
3,2678,96416688268569,96416688267169,96416688458375,189.806,191.206
3,2679,96416689498071,96416689495969,96416689702237,204.166,206.268
3,2680,96416690520685,96416690519969,96416690901168,380.483,381.199
3,2681,96416691749466,96416691748769,96416691965324,215.858,216.555
3,2682,96416692978309,96416692977569,96416693181215,202.906,203.646
3,2683,96416694015923,96416694001569,96416694384455,368.532,382.886
3,2684,96416695232744,96416695230369,96416695488493,255.749,258.124
3,2685,96416696460386,96416696459169,96416696674613,214.227,215.444
3,2686,96416697483800,96416697483169,96416697906165,422.365,422.996
3,2687,96416698712702,96416698711969,96416699086275,373.573,374.306
3,2688,96416699941514,96416699940769,96416700144150,202.636,203.381
3,2689,96416701170345,96416701169569,96416701364032,193.687,194.463
3,2690,96416702195179,96416702193569,96416702559832,364.653,366.263
3,2691,96416703424551,96416703422369,96416703633369,208.818,211.0
3,2692,96416704652503,96416704651169,96416704869299,216.796,218.13
3,2693,96416705675797,96416705675169,96416706114362,438.565,439.193
3,2694,96416706904629,96416706903969,96416707131666,227.037,227.697
3,2695,96416708133491,96416708132769,96416708332757,199.266,199.988
3,2696,96416709159365,96416709156769,96416709600329,440.964,443.56
3,2697,96416710387077,96416710385569,96416710608664,221.587,223.095
3,2698,96416711617008,96416711614369,96416711817275,200.267,202.906
3,2699,96416712639112,96416712638369,96416713038446,399.334,400.077
3,2700,96416713867915,96416713867169,96416714318469,450.554,451.3
3,2701,96416715096756,96416715095969,96416715309773,213.017,213.804
3,2702,96416716325627,96416716324769,96416716523534,197.907,198.765
3,2703,96416717351182,96416717348769,96416717870129,518.947,521.36
3,2704,96416718578744,96416718577569,96416718795570,216.826,218.001
3,2705,96416719809135,96416719806369,96416720005561,196.426,199.192
3,2706,96416720831069,96416720830369,96416721238173,407.104,407.804
3,2707,96416722059841,96416722059169,96416722260208,200.367,201.039
3,2708,96416723288802,96416723287969,96416723543701,254.899,255.732
3,2709,96416724313388,96416724311969,96416724698030,384.642,386.061
3,2710,96416725543389,96416725540769,96416725765546,222.157,224.777
3,2711,96416726773800,96416726769569,96416726995857,222.057,226.288
3,2712,96416727794385,96416727793569,96416728307102,512.717,513.533
3,2713,96416729023127,96416729022369,96416729431040,407.913,408.671
3,2714,96416730251918,96416730251169,96416730454565,202.647,203.396
3,2715,96416731480639,96416731479969,96416731713907,233.268,233.938
3,2716,96416732505184,96416732503969,96416732880496,375.312,376.527
3,2717,96416733735595,96416733732769,96416733950003,214.408,217.234
3,2718,96416734962937,96416734961569,96416735168814,205.877,207.245
3,2719,96416735986262,96416735985569,96416736405196,418.934,419.627
3,2720,96416737215093,96416737214369,96416737428420,213.327,214.051
3,2721,96416738443964,96416738443169,96416738637111,193.147,193.942
3,2722,96416739469889,96416739467169,96416739854982,385.093,387.813
3,2723,96416740697311,96416740695969,96416740919928,222.617,223.959
3,2724,96416741927712,96416741924769,96416742176291,248.579,251.522
3,2725,96416742949587,96416742948769,96416743355411,405.824,406.642
3,2726,96416744178409,96416744177569,96416744554562,376.153,376.993
3,2727,96416745407040,96416745406369,96416745634678,227.638,228.309
3,2728,96416746635871,96416746635169,96416746829738,193.867,194.569
3,2729,96416747661416,96416747659169,96416748099651,438.235,440.482
3,2730,96416748889377,96416748887969,96416749082144,192.767,194.175
3,2731,96416750119580,96416750116769,96416750318326,198.746,201.557
3,2732,96416751141574,96416751140769,96416751559998,418.424,419.229
3,2733,96416752370285,96416752369569,96416752585783,215.498,216.214
3,2734,96416753599066,96416753598369,96416753814144,215.078,215.775
3,2735,96416754623562,96416754622369,96416755015435,391.873,393.066
3,2736,96416755853333,96416755851169,96416756081301,227.968,230.132
3,2737,96416757081334,96416757079969,96416757295582,214.248,215.613
3,2738,96416758104839,96416758103969,96416758511953,407.114,407.984
3,2739,96416759333460,96416759332769,96416759709254,375.794,376.485
3,2740,96416760562512,96416760561569,96416760764669,202.157,203.1
3,2741,96416761791144,96416761790369,96416761987991,196.847,197.622
3,2742,96416762815748,96416762814369,96416763191231,375.483,376.862
3,2743,96416764045530,96416764043169,96416764249267,203.737,206.098
3,2744,96416765273332,96416765271969,96416765478058,204.726,206.089
3,2745,96416766296726,96416766295969,96416766721641,424.915,425.672
3,2746,96416767525557,96416767524769,96416767752955,227.398,228.186
3,2747,96416768754319,96416768753569,96416768956316,201.997,202.747
3,2748,96416769779923,96416769777569,96416770183457,403.534,405.888
3,2749,96416771010436,96416771006369,96416771223692,213.256,217.323
3,2750,96416772237227,96416772235169,96416772456165,218.938,220.996
3,2751,96416773259821,96416773259169,96416773647635,387.814,388.466
3,2752,96416774488652,96416774487969,96416774911057,422.405,423.088
3,2753,96416775717985,96416775716769,96416775957072,239.087,240.303
3,2754,96416776946376,96416776945569,96416777142413,196.037,196.844
3,2755,96416777971880,96416777969569,96416778480568,508.688,510.999
3,2756,96416779199792,96416779198369,96416779412809,213.017,214.44
3,2757,96416780430114,96416780427169,96416780633471,203.357,206.302
3,2758,96416781451868,96416781451169,96416781871112,419.244,419.943
3,2759,96416782680690,96416782679969,96416782901478,220.788,221.509
3,2760,96416783909821,96416783908769,96416784150489,240.668,241.72
3,2761,96416784934105,96416784932769,96416785318529,384.424,385.76
3,2762,96416786164488,96416786161569,96416786376415,211.927,214.846
3,2763,96416787391509,96416787390369,96416787608997,217.488,218.628
3,2764,96416788621390,96416788619169,96416788879159,257.769,259.99
3,2765,96416789643845,96416789643169,96416790034018,390.173,390.849
3,2766,96416790872847,96416790871969,96416791072783,199.936,200.814
3,2767,96416792101938,96416792100769,96416792319296,217.358,218.527
3,2768,96416793126173,96416793124769,96416793500645,374.472,375.876
3,2769,96416794355694,96416794353569,96416794556481,200.787,202.912
3,2770,96416795583816,96416795582369,96416795766702,182.886,184.333
3,2771,96416796607041,96416796606369,96416797015144,408.103,408.775
3,2772,96416797835822,96416797835169,96416798050049,214.227,214.88
3,2773,96416799064743,96416799063969,96416799272030,207.287,208.061
3,2774,96416800090558,96416800087969,96416800515982,425.424,428.013
3,2775,96416801318170,96416801316769,96416801517836,199.666,201.067
3,2776,96416802548081,96416802545569,96416802799840,251.759,254.271
3,2777,96416803775762,96416803774369,96416803975700,199.938,201.331
3,2778,96416804799217,96416804798369,96416805199050,399.833,400.681
3,2779,96416806028029,96416806027169,96416806257977,229.948,230.808
3,2780,96416807256740,96416807255969,96416807451817,195.077,195.848
3,2781,96416808282285,96416808279969,96416808718970,436.685,439.001
3,2782,96416809510026,96416809508769,96416809705563,195.537,196.794
3,2783,96416810740578,96416810737569,96416810957215,216.637,219.646
3,2784,96416811762283,96416811761569,96416812135675,373.392,374.106
3,2785,96416812991034,96416812990369,96416813211132,220.098,220.763
3,2786,96416814219985,96416814219169,96416814447453,227.468,228.284
3,2787,96416815244580,96416815243169,96416815631213,386.633,388.044
3,2788,96416816474152,96416816471969,96416816717770,243.618,245.801
3,2789,96416817701933,96416817700769,96416817918291,216.358,217.522
3,2790,96416818932225,96416818929569,96416819113081,180.856,183.512
3,2791,96416819954329,96416819953569,96416820357843,403.514,404.274
3,2792,96416821183231,96416821182369,96416821397598,214.367,215.229
3,2793,96416822411902,96416822411169,96416822632699,220.797,221.53
3,2794,96416823436627,96416823435169,96416823814800,378.173,379.631
3,2795,96416824666098,96416824663969,96416824886306,220.208,222.337
3,2796,96416825894300,96416825892769,96416826111007,216.707,218.238
3,2797,96416826931665,96416826916769,96416827297688,366.023,380.919
3,2798,96416828146416,96416828145569,96416828366424,220.008,220.855
3,2799,96416829375367,96416829374369,96416829576525,201.158,202.156
3,2800,96416830400602,96416830398369,96416830855938,455.336,457.569
3,2801,96416831628614,96416831627169,96416831860592,231.978,233.423
3,2802,96416832858386,96416832855969,96416833061502,203.116,205.533
3,2803,96416834086117,96416834084769,96416834286954,200.837,202.185
3,2804,96416835109631,96416835108769,96416835489744,380.113,380.975
3,2805,96416836338273,96416836337569,96416836558930,220.657,221.361
3,2806,96416837567185,96416837566369,96416837761392,194.207,195.023
3,2807,96416838592759,96416838590369,96416839136448,543.689,546.079
3,2808,96416839820490,96416839819169,96416840021828,201.338,202.659
3,2809,96416841050313,96416841047969,96416841250699,200.386,202.73
3,2810,96416842072627,96416842071969,96416842480180,407.553,408.211
3,2811,96416843301488,96416843300769,96416843495595,194.107,194.826
3,2812,96416844530640,96416844529569,96416844737317,206.677,207.748
3,2813,96416845555044,96416845553569,96416845957958,402.914,404.389
3,2814,96416846784487,96416846782369,96416847002373,217.886,220.004
3,2815,96416848012558,96416848011169,96416848214234,201.676,203.065
3,2816,96416849242319,96416849239969,96416849489797,247.478,249.828
3,2817,96416850264743,96416850263969,96416850650337,385.594,386.368
3,2818,96416851493516,96416851492769,96416851687031,193.515,194.262
3,2819,96416852722337,96416852721569,96416852935344,213.007,213.775
3,2820,96416853746881,96416853745569,96416854125754,378.873,380.185
3,2821,96416854977073,96416854974369,96416855179230,202.157,204.861
3,2822,96416856204395,96416856203169,96416856400941,196.546,197.772
3,2823,96416857227939,96416857227169,96416857650353,422.414,423.184
3,2824,96416858456611,96416858455969,96416858751881,295.27,295.912
3,2825,96416859685422,96416859684769,96416859892799,207.377,208.03
3,2826,96416860711066,96416860708769,96416861094740,383.674,385.971
3,2827,96416861938859,96416861937569,96416862151285,212.426,213.716
3,2828,96416863169380,96416863166369,96416863411588,242.208,245.219
3,2829,96416864396461,96416864395169,96416864576368,179.907,181.199
3,2830,96416865419866,96416865419169,96416865804589,384.723,385.42
3,2831,96416866648668,96416866647969,96416866892296,243.628,244.327
3,2832,96416867877609,96416867876769,96416868078245,200.636,201.476
3,2833,96416868903304,96416868900769,96416869336188,432.884,435.419
3,2834,96416870130925,96416870129569,96416870344622,213.697,215.053
3,2835,96416871360746,96416871358369,96416871559213,198.467,200.844
3,2836,96416872383032,96416872382369,96416872805465,422.433,423.096
3,2837,96416873611863,96416873611169,96416873827140,215.277,215.971
3,2838,96416874840884,96416874839969,96416875090862,249.978,250.893
3,2839,96416875865449,96416875863969,96416876261492,396.043,397.523
3,2840,96416877095081,96416877092769,96416877308867,213.786,216.098
3,2841,96416878322882,96416878321569,96416878551310,228.428,229.741
3,2842,96416879552853,96416879550369,96416879786541,233.688,236.172
3,2843,96416880575098,96416880574369,96416880941591,366.493,367.222
3,2844,96416881803960,96416881803169,96416882020837,216.877,217.668
3,2845,96416883032771,96416883031969,96416883233618,200.847,201.649
3,2846,96416884057366,96416884055969,96416884429438,372.072,373.469
3,2847,96416885287197,96416885284769,96416885499644,212.447,214.875
3,2848,96416886514879,96416886513569,96416886716906,202.027,203.337
3,2849,96416887538334,96416887537569,96416887974058,435.724,436.489
3,2850,96416888767115,96416888766369,96416889020814,253.699,254.445
3,2851,96416889995936,96416889995169,96416890198014,202.078,202.845
3,2852,96416891022021,96416891019169,96416891478206,456.185,459.037
3,2853,96416892249573,96416892247969,96416892456100,206.527,208.131
3,2854,96416893479344,96416893476769,96416893681721,202.377,204.952
3,2855,96416894707056,96416894705569,96416894910712,203.656,205.143
3,2856,96416895730420,96416895729569,96416896106043,375.623,376.474
3,2857,96416896959142,96416896958369,96416897179369,220.227,221.0
3,2858,96416898188214,96416898187169,96416898382710,194.496,195.541
3,2859,96416899213468,96416899211169,96416899797318,583.85,586.149
3,2860,96416900441239,96416900439969,96416900645436,204.197,205.467
3,2861,96416901671241,96416901668769,96416901894709,223.468,225.94
3,2862,96416902693446,96416902692769,96416903069309,375.863,376.54
3,2863,96416903922297,96416903921569,96416904137935,215.638,216.366
3,2864,96416905151188,96416905150369,96416905401697,250.509,251.328
3,2865,96416906176173,96416906174369,96416906571476,395.303,397.107
3,2866,96416907405664,96416907403169,96416907619562,213.898,216.393
3,2867,96416908633366,96416908631969,96416908838653,205.287,206.684
3,2868,96416909862958,96416909860769,96416910103116,240.158,242.347
3,2869,96416910885452,96416910884769,96416911261335,375.883,376.566
3,2870,96416912114414,96416912113569,96416912321051,206.637,207.482
3,2871,96416913343476,96416913342369,96416913532472,188.996,190.103
3,2872,96416914367830,96416914366369,96416914738272,370.442,371.903
3,2873,96416915597792,96416915595169,96416915812679,214.887,217.51
3,2874,96416916825243,96416916823969,96416917021430,196.187,197.461
3,2875,96416917848718,96416917847969,96416918246782,398.064,398.813
3,2876,96416919077559,96416919076769,96416919328428,250.869,251.659
3,2877,96416920306261,96416920305569,96416920489827,183.566,184.258
3,2878,96416921331885,96416921329569,96416921753130,421.245,423.561
3,2879,96416922559827,96416922558369,96416922784615,224.788,226.246
3,2880,96416923790219,96416923787169,96416924055848,265.629,268.679
3,2881,96416925017310,96416925015969,96416925208316,191.006,192.347
3,2882,96416926040734,96416926039969,96416926411527,370.793,371.558
3,2883,96416927269587,96416927268769,96416927508514,238.927,239.745
3,2884,96416928498418,96416928497569,96416928701194,202.776,203.625
3,2885,96416929523653,96416929521569,96416929974787,451.134,453.218
3,2886,96416930751684,96416930750369,96416930965801,214.117,215.432
3,2887,96416931981495,96416931979169,96416932185283,203.788,206.114
3,2888,96416933010420,96416933003169,96416933421524,411.104,418.355
3,2889,96416934232722,96416934231969,96416934434398,201.676,202.429
3,2890,96416935461543,96416935460769,96416935662200,200.657,201.431
3,2891,96416936486027,96416936484769,96416936878890,392.863,394.121
3,2892,96416937716009,96416937713569,96416937970167,254.158,256.598
3,2893,96416938943651,96416938942369,96416939164328,220.677,221.959
3,2894,96416940173842,96416940171169,96416940372049,198.207,200.88
3,2895,96416941195987,96416941195169,96416941616251,420.264,421.082
3,2896,96416942424718,96416942423969,96416942626765,202.047,202.796
3,2897,96416943653510,96416943652769,96416943855557,202.047,202.788
3,2898,96416944678055,96416944676769,96416945059058,381.003,382.289
3,2899,96416945907846,96416945905569,96416946131613,223.767,226.044
3,2900,96416947135767,96416947134369,96416947339205,203.438,204.836
3,2901,96416948159503,96416948158369,96416948549585,390.082,391.216
3,2902,96416949387894,96416949387169,96416949618162,230.268,230.993
3,2903,96416950616775,96416950615969,96416950832753,215.978,216.784
3,2904,96416951642190,96416951639969,96416952132337,490.147,492.368
3,2905,96416952870061,96416952868769,96416953073759,203.698,204.99
3,2906,96416954100093,96416954097569,96416954311450,211.357,213.881
3,2907,96416955327704,96416955326369,96416955521261,193.557,194.892
3,2908,96416956350999,96416956350369,96416956813255,462.256,462.886
3,2909,96416957579810,96416957579169,96416957765807,185.997,186.638
3,2910,96416958808682,96416958807969,96416958998309,189.627,190.34
3,2911,96416959834467,96416959831969,96416960330133,495.666,498.164
3,2912,96416961062318,96416961060769,96416961268265,205.947,207.496
3,2913,96416962291749,96416962289569,96416962489136,197.387,199.567
3,2914,96416963314245,96416963313569,96416963690517,376.272,376.948
3,2915,96416964543326,96416964542369,96416964745152,201.826,202.783
3,2916,96416965773327,96416965771169,96416965970414,197.087,199.245
3,2917,96416966796612,96416966795169,96416967187685,391.073,392.516
3,2918,96416968026533,96416968023969,96416968247131,220.598,223.162
3,2919,96416969253965,96416969252769,96416969455352,201.387,202.583
3,2920,96416970483867,96416970481569,96416970721765,237.898,240.196
3,2921,96416971506311,96416971505569,96416971907505,401.194,401.936
3,2922,96416972735152,96416972734369,96416972952880,217.728,218.511
3,2923,96416973963944,96416973963169,96416974156151,192.207,192.982
3,2924,96416974988709,96416974987169,96416975357161,368.452,369.992
3,2925,96416976218520,96416976215969,96416976437988,219.468,222.019
3,2926,96416977446251,96416977444769,96416977661719,215.468,216.95
3,2927,96416978469636,96416978468769,96416978861910,392.274,393.141
3,2928,96416979698398,96416979697569,96416980548747,850.349,851.178
3,2929,96416980927189,96416980926369,96416981160147,232.958,233.778
3,2930,96416981952584,96416981950369,96416982363578,410.994,413.209
3,2931,96416983180625,96416983179169,96416983388982,208.357,209.813
3,2932,96416984410228,96416984407969,96416984683707,273.479,275.738
3,2933,96416985638009,96416985636769,96416985853996,215.987,217.227
3,2934,96416986661393,96416986660769,96416987075407,414.014,414.638
3,2935,96416987890304,96416987889569,96416988105922,215.618,216.353
3,2936,96416989119157,96416989118369,96416989314273,195.116,195.904
3,2937,96416990145061,96416990142369,96416990594446,449.385,452.077
3,2938,96416991372453,96416991371169,96416991593031,220.578,221.862
3,2939,96416992602504,96416992599969,96416992824072,221.568,224.103
3,2940,96416993624798,96416993623969,96416994027842,403.044,403.873
3,2941,96416994853650,96416994852769,96416995054847,201.197,202.078
3,2942,96416996082482,96416996081569,96416996276949,194.467,195.38
3,2943,96416997107006,96416997105569,96416997493160,386.154,387.591
3,2944,96416998337028,96416998334369,96416998588046,251.018,253.677
3,2945,96416999564340,96416999563169,96416999765186,200.846,202.017
3,2946,96417000795291,96417000791969,96417000996448,201.157,204.479
3,2947,96417001816775,96417001815969,96417002185988,369.213,370.019
3,2948,96417003045477,96417003044769,96417003250254,204.777,205.485
3,2949,96417004274309,96417004273569,96417004495796,221.487,222.227
3,2950,96417005298903,96417005297569,96417005665025,366.122,367.456
3,2951,96417006529095,96417006526369,96417006733931,204.836,207.562
3,2952,96417007756546,96417007755169,96417007957413,200.867,202.244
3,2953,96417008779950,96417008779169,96417009165564,385.614,386.395
3,2954,96417010009533,96417010007969,96417010238480,228.947,230.511
3,2955,96417011237534,96417011236769,96417011452521,214.987,215.752
3,2956,96417012263099,96417012260769,96417012712604,449.505,451.835
3,2957,96417013490940,96417013489569,96417013701517,210.577,211.948
3,2958,96417014721012,96417014718369,96417014957699,236.687,239.33
3,2959,96417015948493,96417015947169,96417016133839,185.346,186.67
3,2960,96417016972158,96417016971169,96417017344120,371.962,372.951
3,2961,96417018200879,96417018199969,96417018398526,197.647,198.557
3,2962,96417019429501,96417019428769,96417019627187,197.686,198.418
3,2963,96417020455336,96417020452769,96417020895611,440.275,442.842
3,2964,96417021682827,96417021681569,96417021912895,230.068,231.326
3,2965,96417022912738,96417022910369,96417023117885,205.147,207.516
3,2966,96417023935213,96417023934369,96417024311955,376.742,377.586
3,2967,96417025164055,96417025163169,96417025371812,207.757,208.643
3,2968,96417026392766,96417026391969,96417026599153,206.387,207.184
3,2969,96417027417651,96417027415969,96417027809024,391.373,393.055
3,2970,96417028647412,96417028644769,96417028862369,214.957,217.6
3,2971,96417029875224,96417029873569,96417030078981,203.757,205.412
3,2972,96417031104665,96417031102369,96417031342863,238.198,240.494
3,2973,96417032127120,96417032126369,96417032525643,398.523,399.274
3,2974,96417033356211,96417033355169,96417033557899,201.688,202.73
3,2975,96417034584753,96417034583969,96417034780409,195.656,196.44
3,2976,96417035609338,96417035607969,96417035979840,370.502,371.871
3,2977,96417036839099,96417036836769,96417037035566,196.467,198.797
3,2978,96417038069210,96417038065569,96417038250886,181.676,185.317
3,2979,96417039090495,96417039089569,96417039501259,410.764,411.69
3,2980,96417040319167,96417040318369,96417040531434,212.267,213.065
3,2981,96417041547938,96417041547169,96417041742425,194.487,195.256
3,2982,96417042573553,96417042571169,96417042958116,384.563,386.947
3,2983,96417043801194,96417043799969,96417044037122,235.928,237.153
3,2984,96417045031756,96417045028769,96417045287864,256.108,259.095
3,2985,96417046258798,96417046257569,96417046455515,196.717,197.946
3,2986,96417047282292,96417047281569,96417047700296,418.004,418.727
3,2987,96417048511163,96417048510369,96417048730971,219.808,220.602
3,2988,96417049739916,96417049739169,96417049946662,206.746,207.493
3,2989,96417050765430,96417050763169,96417051154743,389.313,391.574
3,2990,96417051993461,96417051991969,96417052185608,192.147,193.639
3,2991,96417053223733,96417053220769,96417053441710,217.977,220.941
3,2992,96417054245867,96417054244769,96417054651731,405.864,406.962
3,2993,96417055474249,96417055473569,96417055690076,215.827,216.507
3,2994,96417056703270,96417056702369,96417056923367,220.097,220.998
3,2995,96417057727615,96417057726369,96417058120568,392.953,394.199
3,2996,96417058957736,96417058955169,96417059202165,244.429,246.996
3,2997,96417060185289,96417060183969,96417060381074,195.785,197.105
3,2998,96417061415200,96417061412769,96417061627387,212.187,214.618
3,2999,96417062437464,96417062436769,96417062860499,423.035,423.73
3,3000,96417063666315,96417063665569,96417063871922,205.607,206.353
3,3001,96417064895218,96417064894369,96417065085603,190.385,191.234
3,3002,96417065919712,96417065918369,96417066293455,373.743,375.086
3,3003,96417067149674,96417067147169,96417067347970,198.296,200.801
3,3004,96417068377325,96417068375969,96417068572012,194.687,196.043
3,3005,96417069400659,96417069399969,96417069840874,440.215,440.905
3,3006,96417070629531,96417070628769,96417070882710,253.179,253.941
3,3007,96417071858243,96417071857569,96417072050839,192.596,193.27
3,3008,96417072883887,96417072881569,96417073281951,398.064,400.382
3,3009,96417074111768,96417074110369,96417074329366,217.598,218.997
3,3010,96417075341501,96417075339169,96417075541037,199.536,201.868
3,3011,96417076569362,96417076567969,96417076758018,188.656,190.049
3,3012,96417077592726,96417077591969,96417077969509,376.783,377.54
3,3013,96417078823298,96417078820769,96417079056076,232.778,235.307
3,3014,96417080050430,96417080049569,96417080238406,187.976,188.837
3,3015,96417081076105,96417081073569,96417081493449,417.344,419.88
3,3016,96417082303616,96417082302369,96417082497703,194.087,195.334
3,3017,96417083533597,96417083531169,96417083738274,204.677,207.105
3,3018,96417084556001,96417084555169,96417084942465,386.464,387.296
3,3019,96417085784894,96417085783969,96417086002380,217.486,218.411
3,3020,96417087013735,96417087012769,96417087264353,250.618,251.584
3,3021,96417088038129,96417088036769,96417088419053,380.924,382.284
3,3022,96417089267901,96417089265569,96417089472827,204.926,207.258
3,3023,96417090495823,96417090494369,96417090713560,217.737,219.191
3,3024,96417091725284,96417091723169,96417091975903,250.619,252.734
3,3025,96417092747959,96417092747169,96417093147592,399.633,400.423
3,3026,96417093976610,96417093975969,96417094171347,194.737,195.378
3,3027,96417095205512,96417095204769,96417095446060,240.548,241.291
3,3028,96417096230017,96417096228769,96417096612969,382.952,384.2
3,3029,96417097459858,96417097457569,96417097659574,199.716,202.005
3,3030,96417098687769,96417098686369,96417098901957,214.188,215.588
3,3031,96417099711384,96417099710369,96417100118748,407.364,408.379
3,3032,96417100939866,96417100939169,96417101180503,240.637,241.334
3,3033,96417102168777,96417102167969,96417102361664,192.887,193.695
3,3034,96417103194412,96417103191969,96417103613086,418.674,421.117
3,3035,96417104422103,96417104420769,96417104627990,205.887,207.221
3,3036,96417105651904,96417105649569,96417105904263,252.359,254.694
3,3037,96417106879716,96417106878369,96417107081863,202.147,203.494
3,3038,96417107903181,96417107902369,96417108312614,409.433,410.245
3,3039,96417109131992,96417109131169,96417109358470,226.478,227.301
3,3040,96417110360743,96417110359969,96417110552730,191.987,192.761
3,3041,96417111386398,96417111383969,96417111783032,396.634,399.063
3,3042,96417112614680,96417112612769,96417112822047,207.367,209.278
3,3043,96417113843971,96417113841569,96417114047168,203.197,205.599
3,3044,96417114866416,96417114865569,96417115277310,410.894,411.741
3,3045,96417116095238,96417116094369,96417116312815,217.577,218.446
3,3046,96417117324259,96417117323169,96417117519325,195.066,196.156
3,3047,96417118348824,96417118347169,96417118734716,385.892,387.547
3,3048,96417119578235,96417119575969,96417119832234,253.999,256.265
3,3049,96417120806016,96417120804769,96417121001613,195.597,196.844
3,3050,96417122036379,96417122033569,96417122236705,200.326,203.136
3,3051,96417123058403,96417123057569,96417123442786,384.383,385.217
3,3052,96417124287184,96417124286369,96417124491081,203.897,204.712
3,3053,96417125516016,96417125515169,96417125729943,213.927,214.774
3,3054,96417126540501,96417126539169,96417126919763,379.262,380.594
3,3055,96417127779052,96417127767969,96417127983720,204.668,215.751
3,3056,96417128997973,96417128996769,96417129189110,191.137,192.341
3,3057,96417130021598,96417130020769,96417130409592,387.994,388.823
3,3058,96417131250450,96417131249569,96417131468677,218.227,219.108
3,3059,96417132479061,96417132478369,96417132667178,188.117,188.809
3,3060,96417133505236,96417133502369,96417133984822,479.586,482.453
3,3061,96417134732447,96417134731169,96417134955824,223.377,224.655
3,3062,96417135962509,96417135959969,96417136165516,203.007,205.547
3,3063,96417137190201,96417137188769,96417137370566,180.365,181.797
3,3064,96417138213505,96417138212769,96417138591758,378.253,378.989
3,3065,96417139442387,96417139441569,96417139645643,203.256,204.074
3,3066,96417140671108,96417140670369,96417140878726,207.618,208.357
3,3067,96417141696892,96417141694369,96417142172659,475.767,478.29
3,3068,96417142924445,96417142923169,96417143126411,201.966,203.242
3,3069,96417144154806,96417144151969,96417144366483,211.677,214.514
3,3070,96417145176710,96417145175969,96417145557143,380.433,381.174
3,3071,96417146405481,96417146404769,96417146621319,215.838,216.55
3,3072,96417147634324,96417147633569,96417147884772,250.448,251.203
3,3073,96417148658848,96417148657569,96417149040961,382.113,383.392
3,3074,96417149888760,96417149886369,96417150131197,242.437,244.828
3,3075,96417151116621,96417151115169,96417151320308,203.687,205.139
3,3076,96417152346583,96417152343969,96417152589771,243.188,245.802
3,3077,96417153368817,96417153367969,96417153750101,381.284,382.132
3,3078,96417154597619,96417154596769,96417154806776,209.157,210.007
3,3079,96417155826350,96417155825569,96417156088089,261.739,262.52
3,3080,96417156850944,96417156849569,96417157221368,370.424,371.799
3,3081,96417158081177,96417158078369,96417158291554,210.377,213.185
3,3082,96417159308498,96417159307169,96417159498404,189.906,191.235
3,3083,96417160331852,96417160331169,96417160716576,384.724,385.407
3,3084,96417161560684,96417161559969,96417161839563,278.879,279.594
3,3085,96417162789376,96417162788769,96417162984582,195.206,195.813
3,3086,96417163815181,96417163812769,96417164220834,405.653,408.065
3,3087,96417165043142,96417165041569,96417165250179,207.037,208.61
3,3088,96417166272833,96417166270369,96417166528002,255.169,257.633
3,3089,96417167500475,96417167499169,96417167696151,195.676,196.982
3,3090,96417168524460,96417168523169,96417168915673,391.213,392.504
3,3091,96417169752781,96417169751969,96417169955367,202.586,203.398
3,3092,96417170981562,96417170980769,96417171172099,190.537,191.33
3,3093,96417172012477,96417172004769,96417172381040,368.563,376.271
3,3094,96417173235009,96417173233569,96417173433275,198.266,199.706
3,3095,96417174464800,96417174462369,96417174680758,215.958,218.389
3,3096,96417175487135,96417175486369,96417175884758,397.623,398.389
3,3097,96417176715916,96417176715169,96417176940324,224.408,225.155
3,3098,96417177944738,96417177943969,96417178136415,191.677,192.446
3,3099,96417178969403,96417178967969,96417179355905,386.502,387.936
3,3100,96417180199454,96417180196769,96417180423431,223.977,226.662
3,3101,96417181427045,96417181425569,96417181627363,200.318,201.794
3,3102,96417182656657,96417182654369,96417182862974,206.317,208.605
3,3103,96417183679202,96417183678369,96417184071905,392.703,393.536
3,3104,96417184907873,96417184907169,96417185108899,201.026,201.73
3,3105,96417186137084,96417186135969,96417186333111,196.027,197.142
3,3106,96417187161439,96417187159969,96417187534302,372.863,374.333
3,3107,96417188391141,96417188388769,96417188606668,215.527,217.899
3,3108,96417189618942,96417189617569,96417189815369,196.427,197.8
3,3109,96417190642287,96417190641569,96417191046571,404.284,405.002
3,3110,96417191871208,96417191870369,96417192076246,205.038,205.877
3,3111,96417193099980,96417193099169,96417193294916,194.936,195.747
3,3112,96417194125525,96417194123169,96417194532698,407.173,409.529
3,3113,96417195353356,96417195351969,96417195556213,202.857,204.244
3,3114,96417196583627,96417196580769,96417196844187,260.56,263.418
3,3115,96417197810780,96417197809569,96417197995826,185.046,186.257
3,3116,96417198834234,96417198833569,96417199257739,423.505,424.17
3,3117,96417200063145,96417200062369,96417200262243,199.098,199.874
3,3118,96417201291887,96417201291169,96417201477313,185.426,186.144
3,3119,96417202317701,96417202315169,96417202803038,485.337,487.869
3,3120,96417203545283,96417203543969,96417203747940,202.657,203.971
3,3121,96417204778205,96417204772769,96417204977281,199.076,204.512
3,3122,96417205797519,96417205796769,96417206185673,388.154,388.904
3,3123,96417207026340,96417207025569,96417207232198,205.858,206.629
3,3124,96417208255203,96417208254369,96417208551183,295.98,296.814
3,3125,96417209279597,96417209278369,96417209663139,383.542,384.77
3,3126,96417210509848,96417210507169,96417210710095,200.247,202.926
3,3127,96417211737250,96417211735969,96417211948367,211.117,212.398
3,3128,96417212967592,96417212964769,96417213217220,249.628,252.451
3,3129,96417213989466,96417213988769,96417214362469,373.003,373.7
3,3130,96417215218377,96417215217569,96417215424624,206.247,207.055
3,3131,96417216447139,96417216446369,96417216666077,218.938,219.708
3,3132,96417217471733,96417217470369,96417217850886,379.153,380.517
3,3133,96417218701736,96417218699169,96417218908463,206.727,209.294
3,3134,96417219929337,96417219927969,96417220142964,213.627,214.995
3,3135,96417220952831,96417220951969,96417221362655,409.824,410.686
3,3136,96417222181592,96417222180769,96417222398730,217.138,217.961
3,3137,96417223410615,96417223409569,96417223602720,192.105,193.151
3,3138,96417224435769,96417224433569,96417224839992,404.223,406.423
3,3139,96417225663691,96417225662369,96417225895448,231.757,233.079
3,3140,96417226893672,96417226891169,96417227156651,262.979,265.482
3,3141,96417228121294,96417228119969,96417228315650,194.356,195.681
3,3142,96417229144799,96417229143969,96417229516471,371.672,372.502
3,3143,96417230373480,96417230372769,96417230599047,225.567,226.278
3,3144,96417231602271,96417231601569,96417231796608,194.337,195.039
3,3145,96417232628076,96417232625569,96417233026819,398.743,401.25
3,3146,96417233855758,96417233854369,96417234069524,213.766,215.155
3,3147,96417235085839,96417235083169,96417235297586,211.747,214.417
3,3148,96417236107983,96417236107169,96417236483776,375.793,376.607
3,3149,96417237336885,96417237335969,96417237542561,205.676,206.592
3,3150,96417238565467,96417238564769,96417238759543,194.076,194.774
3,3151,96417239590012,96417239588769,96417239976164,386.152,387.395
3,3152,96417240819703,96417240817569,96417241061590,241.887,244.021
3,3153,96417242047644,96417242046369,96417242250782,203.138,204.413
3,3154,96417243277726,96417243275169,96417243479673,201.947,204.504
3,3155,96417244299871,96417244299169,96417244681743,381.872,382.574
3,3156,96417245528892,96417245527969,96417245725649,196.757,197.68
3,3157,96417246757463,96417246756769,96417246955110,197.647,198.341
3,3158,96417247782008,96417247780769,96417248158420,376.412,377.651
3,3159,96417249012360,96417249009569,96417249227387,215.027,217.818
3,3160,96417250239821,96417250238369,96417250442798,202.977,204.429
3,3161,96417251263286,96417251262369,96417251643199,379.913,380.83
3,3162,96417252491877,96417252491169,96417252713185,221.308,222.016
3,3163,96417253720789,96417253719969,96417253924656,203.867,204.687
3,3164,96417254746734,96417254743969,96417255153517,406.783,409.548
3,3165,96417255974125,96417255972769,96417256189653,215.528,216.884
3,3166,96417257203966,96417257201569,96417257405614,201.648,204.045
3,3167,96417258432218,96417258430369,96417258630335,198.117,199.966
3,3168,96417259455303,96417259454369,96417259838725,383.422,384.356
3,3169,96417260683904,96417260683169,96417260915042,231.138,231.873
3,3170,96417261912775,96417261911969,96417262102332,189.557,190.363
3,3171,96417262938740,96417262935969,96417263421496,482.756,485.527
3,3172,96417264166132,96417264164769,96417264352098,185.966,187.329
3,3173,96417265396063,96417265393569,96417265602240,206.177,208.671
3,3174,96417266418258,96417266417569,96417266802551,384.293,384.982
3,3175,96417267647169,96417267646369,96417267880297,233.128,233.928
3,3176,96417268876111,96417268875169,96417269133559,257.448,258.39
3,3177,96417269900426,96417269899169,96417270283668,383.242,384.499
3,3178,96417271130647,96417271127969,96417271331694,201.047,203.725
3,3179,96417272357988,96417272356769,96417272561925,203.937,205.156
3,3180,96417273587990,96417273585569,96417273845109,257.119,259.54
3,3181,96417274610455,96417274609569,96417275004578,394.123,395.009
3,3182,96417275839166,96417275838369,96417276046043,206.877,207.674
3,3183,96417277067868,96417277067169,96417277288176,220.308,221.007
3,3184,96417278092512,96417278091169,96417278468605,376.093,377.436
3,3185,96417279322753,96417279319969,96417279535151,212.398,215.182
3,3186,96417280550326,96417280548769,96417280734302,183.976,185.533
3,3187,96417281573450,96417281572769,96417281985534,412.084,412.765
3,3188,96417282802331,96417282801569,96417283019609,217.278,218.04
3,3189,96417284031224,96417284030369,96417284225359,194.135,194.99
3,3190,96417285057158,96417285054369,96417285443121,385.963,388.752
3,3191,96417286284439,96417286283169,96417286499547,215.108,216.378
3,3192,96417287514591,96417287511969,96417287783710,269.119,271.741
3,3193,96417288742022,96417288740769,96417288939239,197.217,198.47
3,3194,96417289765807,96417289764769,96417290142820,377.013,378.051
3,3195,96417290994269,96417290993569,96417291218586,224.317,225.017
3,3196,96417292223160,96417292222369,96417292421307,198.147,198.938
3,3197,96417293248814,96417293246369,96417293664308,415.494,417.939
3,3198,96417294476507,96417294475169,96417294694983,218.476,219.814
3,3199,96417295706408,96417295703969,96417295926345,219.937,222.376
3,3200,96417296728652,96417296727969,96417297138186,409.534,410.217
3,3201,96417297957594,96417297956769,96417298154251,196.657,197.482
3,3202,96417299186366,96417299185569,96417299410173,223.807,224.604
3,3203,96417300211350,96417300209569,96417300596573,385.223,387.004
3,3204,96417301441142,96417301438369,96417301708500,267.358,270.131
3,3205,96417302668613,96417302667169,96417302876540,207.927,209.371
3,3206,96417303898294,96417303895969,96417304124973,226.679,229.004
3,3207,96417304920619,96417304919969,96417305298772,378.153,378.803
3,3208,96417306149961,96417306148769,96417306380819,230.858,232.05
3,3209,96417307378352,96417307377569,96417307591529,213.177,213.96
3,3210,96417308402817,96417308401569,96417308784800,381.983,383.231
3,3211,96417309632948,96417309630369,96417309844875,211.927,214.506
3,3212,96417310860450,96417310859169,96417311044776,184.326,185.607
3,3213,96417311883944,96417311883169,96417312324029,440.085,440.86
3,3214,96417313112836,96417313111969,96417313318583,205.747,206.614
3,3215,96417314341587,96417314340769,96417314537104,195.517,196.335
3,3216,96417315367242,96417315364769,96417315821258,454.016,456.489
3,3217,96417316594904,96417316593569,96417316816091,221.187,222.522
3,3218,96417317824865,96417317822369,96417318013161,188.296,190.792
3,3219,96417319052506,96417319051169,96417319265284,212.778,214.115
3,3220,96417320075902,96417320075169,96417320527026,451.124,451.857
3,3221,96417321304733,96417321303969,96417321528930,224.197,224.961
3,3222,96417322533554,96417322532769,96417322723061,189.507,190.292
3,3223,96417323558999,96417323556769,96417323990014,431.015,433.245
3,3224,96417324787110,96417324785569,96417324988517,201.407,202.948
3,3225,96417326016722,96417326014369,96417326222279,205.557,207.91
3,3226,96417327039187,96417327038369,96417327457381,418.194,419.012
3,3227,96417328267988,96417328267169,96417328475805,207.817,208.636
3,3228,96417329496679,96417329495969,96417329743238,246.559,247.269
3,3229,96417330521465,96417330519969,96417330924088,402.623,404.119
3,3230,96417331751756,96417331748769,96417331977334,225.578,228.565
3,3231,96417332978927,96417332977569,96417333171354,192.427,193.785
3,3232,96417334208598,96417334206369,96417334425426,216.828,219.057
3,3233,96417335231124,96417335230369,96417335635267,404.143,404.898
3,3234,96417336459985,96417336459169,96417336661462,201.477,202.293
3,3235,96417337688636,96417337687969,96417337889234,200.598,201.265
3,3236,96417338713391,96417338711969,96417339100635,387.244,388.666
3,3237,96417339943112,96417339940769,96417340144560,201.448,203.791
3,3238,96417341170924,96417341169569,96417341360591,189.667,191.022
3,3239,96417342194409,96417342193569,96417342602722,408.313,409.153
3,3240,96417343423050,96417343422369,96417343680829,257.779,258.46
3,3241,96417344651971,96417344651169,96417344868369,216.398,217.2
3,3242,96417345677696,96417345675169,96417346064240,386.544,389.071
3,3243,96417346905278,96417346903969,96417347101734,196.456,197.765
3,3244,96417348135450,96417348132769,96417348377957,242.507,245.188
3,3245,96417349362891,96417349361569,96417349559378,196.487,197.809
3,3246,96417350386375,96417350385569,96417350763178,376.803,377.609
3,3247,96417351615097,96417351614369,96417351840255,225.158,225.886
3,3248,96417352843979,96417352843169,96417353029655,185.676,186.486
3,3249,96417353869563,96417353867169,96417354244616,375.053,377.447
3,3250,96417355097304,96417355095969,96417355310362,213.058,214.393
3,3251,96417356327267,96417356324769,96417356540163,212.896,215.394
3,3252,96417357349611,96417357348769,96417357731574,381.963,382.805
3,3253,96417358578262,96417358577569,96417358794400,216.138,216.831
3,3254,96417359807144,96417359806369,96417360038751,231.607,232.382
3,3255,96417360831748,96417360830369,96417361218422,386.674,388.053
3,3256,96417362061280,96417362059169,96417362279217,217.937,220.048
3,3257,96417363289322,96417363287969,96417363492668,203.346,204.699
3,3258,96417364519693,96417364516769,96417364717590,197.897,200.821
3,3259,96417365541467,96417365540769,96417365949042,407.575,408.273
3,3260,96417366776859,96417366769569,96417366989236,212.377,219.667
3,3261,96417367999021,96417367998369,96417368225558,226.537,227.189
3,3262,96417369023625,96417369022369,96417369399708,376.083,377.339
3,3263,96417370253397,96417370251169,96417370454954,201.557,203.785
3,3264,96417371481369,96417371479969,96417371687936,206.567,207.967
3,3265,96417372504783,96417372503969,96417372920917,416.134,416.948
3,3266,96417373733505,96417373732769,96417373969933,236.428,237.164
3,3267,96417374962406,96417374961569,96417375168924,206.518,207.355
3,3268,96417375987820,96417375985569,96417376433266,445.446,447.697
3,3269,96417377215813,96417377214369,96417377418489,202.676,204.12
3,3270,96417378445834,96417378443169,96417378635850,190.016,192.681
3,3271,96417379673205,96417379671969,96417379870542,197.337,198.573
3,3272,96417380696740,96417380695969,96417381120664,423.924,424.695
3,3273,96417381925522,96417381924769,96417382156900,231.378,232.131
3,3274,96417383154353,96417383153569,96417383356990,202.637,203.421
3,3275,96417384180048,96417384177569,96417384662284,482.236,484.715
3,3276,96417385407559,96417385406369,96417385598825,191.266,192.456
3,3277,96417386637451,96417386635169,96417386851418,213.967,216.249
3,3278,96417387659925,96417387659169,96417388034318,374.393,375.149
3,3279,96417388888777,96417388887969,96417389093833,205.056,205.864
3,3280,96417390117798,96417390116769,96417390350346,232.548,233.577
3,3281,96417391142093,96417391140769,96417391530086,387.993,389.317
3,3282,96417392372215,96417392369569,96417392566591,194.376,197.022
3,3283,96417393599896,96417393598369,96417393828744,228.848,230.375
3,3284,96417394829907,96417394827169,96417395085166,255.259,257.997
3,3285,96417395851962,96417395851169,96417396222665,370.703,371.496
3,3286,96417397080914,96417397079969,96417397296581,215.667,216.612
3,3287,96417398309425,96417398308769,96417398504662,195.237,195.893
3,3288,96417399334100,96417399332769,96417399709722,375.622,376.953
3,3289,96417400564311,96417400561569,96417400765268,200.957,203.699
3,3290,96417401791643,96417401790369,96417401988239,196.596,197.87
3,3291,96417402815178,96417402814369,96417403200470,385.292,386.101
3,3292,96417404043889,96417404043169,96417404297718,253.829,254.549
3,3293,96417405272840,96417405271969,96417405475838,202.998,203.869
3,3294,96417406298765,96417406295969,96417406686268,387.503,390.299
3,3295,96417407526147,96417407524769,96417407740573,214.426,215.804
3,3296,96417408756318,96417408753569,96417409013777,257.459,260.208
3,3297,96417409983729,96417409982369,96417410182627,198.898,200.258
3,3298,96417411011244,96417411006369,96417411384117,372.873,377.748
3,3299,96417412235926,96417412235169,96417412444783,208.857,209.614
3,3300,96417413464827,96417413463969,96417413652424,187.597,188.455
3,3301,96417414490732,96417414487969,96417414871305,380.573,383.336
3,3302,96417415718093,96417415716769,96417415927240,209.147,210.471
3,3303,96417416948356,96417416945569,96417417154792,206.436,209.223
3,3304,96417417970300,96417417969569,96417418391634,421.334,422.065
3,3305,96417419199291,96417419198369,96417419401998,202.707,203.629
3,3306,96417420427852,96417420427169,96417420623039,195.187,195.87
3,3307,96417421452427,96417421451169,96417421850280,397.853,399.111
3,3308,96417422682319,96417422679969,96417422906137,223.818,226.168
3,3309,96417423910030,96417423908769,96417424102677,192.647,193.908
3,3310,96417425140412,96417425137569,96417425337009,196.597,199.44
3,3311,96417426162406,96417426161569,96417426560360,397.954,398.791
3,3312,96417427391068,96417427390369,96417427582005,190.937,191.636
3,3313,96417428619910,96417428619169,96417428849007,229.097,229.838
3,3314,96417429644524,96417429643169,96417430028047,383.523,384.878
3,3315,96417430874216,96417430871969,96417431141215,266.999,269.246
3,3316,96417432102108,96417432100769,96417432301774,199.666,201.005
3,3317,96417433125472,96417433124769,96417433556676,431.204,431.907
3,3318,96417434354313,96417434353569,96417434569961,215.648,216.392
3,3319,96417435583125,96417435582369,96417435785262,202.137,202.893
3,3320,96417436608539,96417436606369,96417437013123,404.584,406.754
3,3321,96417437836781,96417437835169,96417438057638,220.857,222.469
3,3322,96417439066483,96417439063969,96417439268249,201.766,204.28
3,3323,96417440294104,96417440292769,96417440493731,199.627,200.962
3,3324,96417441317798,96417441316769,96417441744623,426.825,427.854
3,3325,96417442546231,96417442545569,96417442746137,199.906,200.568
3,3326,96417443775062,96417443774369,96417443990469,215.407,216.1
3,3327,96417444800736,96417444798369,96417445269663,468.927,471.294
3,3328,96417446028508,96417446027169,96417446226675,198.167,199.506
3,3329,96417447258150,96417447255969,96417447456096,197.946,200.127
3,3330,96417448280574,96417448279969,96417448689028,408.454,409.059
3,3331,96417449509566,96417449508769,96417449714802,205.236,206.033
3,3332,96417450738367,96417450737569,96417450959785,221.418,222.216
3,3333,96417451762841,96417451761569,96417452151455,388.614,389.886
3,3334,96417452992844,96417452990369,96417453198600,205.756,208.231
3,3335,96417454220475,96417454219169,96417454433772,213.297,214.603
3,3336,96417455450196,96417455447969,96417455721775,271.579,273.806
3,3337,96417456472691,96417456471969,96417456858574,385.883,386.605
3,3338,96417457701523,96417457700769,96417457921450,219.927,220.681
3,3339,96417458930324,96417458929569,96417459122681,192.357,193.112
3,3340,96417459955229,96417459953569,96417460325211,369.982,371.642
3,3341,96417461185160,96417461182369,96417461384177,199.017,201.808
3,3342,96417462412482,96417462411169,96417462600578,188.096,189.409
3,3343,96417463435886,96417463435169,96417463843620,407.734,408.451
3,3344,96417464664658,96417464663969,96417464928876,264.218,264.907
3,3345,96417465893469,96417465892769,96417466092416,198.947,199.647
3,3346,96417466919254,96417466916769,96417467323288,404.034,406.519
3,3347,96417468146856,96417468145569,96417468344782,197.926,199.213
3,3348,96417469377207,96417469374369,96417469617995,240.788,243.626
3,3349,96417470604398,96417470603169,96417470797935,193.537,194.766
3,3350,96417471627943,96417471627169,96417472003745,375.802,376.576
3,3351,96417472856675,96417472855969,96417473047671,190.996,191.702
3,3352,96417474085476,96417474084769,96417474271202,185.726,186.433
3,3353,96417475111121,96417475108769,96417475515635,404.514,406.866
3,3354,96417476338782,96417476337569,96417476553070,214.288,215.501
3,3355,96417477568963,96417477566369,96417477789381,220.418,223.012
3,3356,96417478591369,96417478590369,96417479003702,412.333,413.333
3,3357,96417479819810,96417479819169,96417480038467,218.657,219.298
3,3358,96417481048761,96417481047969,96417481279089,230.328,231.12
3,3359,96417482073256,96417482071969,96417482457729,384.473,385.76
3,3360,96417483303248,96417483300769,96417483545976,242.728,245.207
3,3361,96417484530889,96417484529569,96417484726865,195.976,197.296
3,3362,96417485761351,96417485758369,96417485974458,213.107,216.089
3,3363,96417486783105,96417486782369,96417487182499,399.394,400.13
3,3364,96417488011937,96417488011169,96417488216314,204.377,205.145
3,3365,96417489240698,96417489239969,96417489453586,212.888,213.617
3,3366,96417490265163,96417490263969,96417490643996,378.833,380.027
3,3367,96417491495254,96417491492769,96417491708342,213.088,215.573
3,3368,96417492722915,96417492721569,96417492931113,208.198,209.544
3,3369,96417493746621,96417493745569,96417494151084,404.463,405.515
3,3370,96417494975012,96417494974369,96417495205040,230.028,230.671
3,3371,96417496203913,96417496203169,96417496408510,204.597,205.341
3,3372,96417497229718,96417497227169,96417497672463,442.745,445.294
3,3373,96417498457230,96417498455969,96417498679427,222.197,223.458
3,3374,96417499687162,96417499684769,96417499897059,209.897,212.29
3,3375,96417500914903,96417500913569,96417501108509,193.606,194.94
3,3376,96417501938367,96417501937569,96417502319740,381.373,382.171
3,3377,96417503167199,96417503166369,96417503383906,216.707,217.537
3,3378,96417504395911,96417504395169,96417504587187,191.276,192.018
3,3379,96417505425986,96417505419169,96417505931092,505.106,511.923
3,3380,96417506649316,96417506647969,96417506862144,212.828,214.175
3,3381,96417507879198,96417507876769,96417508086686,207.488,209.917
3,3382,96417508901633,96417508900769,96417509313217,411.584,412.448
3,3383,96417510141354,96417510129569,96417510338281,196.927,208.712
3,3384,96417511359076,96417511358369,96417511613134,254.058,254.765
3,3385,96417512383800,96417512382369,96417512786854,403.054,404.485
3,3386,96417513613641,96417513611169,96417513835730,222.089,224.561
3,3387,96417514841254,96417514839969,96417515048571,207.317,208.602
3,3388,96417516071175,96417516068769,96417516307503,236.328,238.734
3,3389,96417517093649,96417517092769,96417517473082,379.433,380.313
3,3390,96417518322302,96417518321569,96417518526358,204.056,204.789
3,3391,96417519551093,96417519550369,96417519767959,216.866,217.59
3,3392,96417520575697,96417520574369,96417520949940,374.243,375.571
3,3393,96417521805619,96417521803169,96417522021706,216.087,218.537
3,3394,96417523033430,96417523031969,96417523226637,193.207,194.668
3,3395,96417524056715,96417524055969,96417524450058,393.343,394.089
3,3396,96417525285467,96417525284769,96417525539615,254.148,254.846
3,3397,96417526514278,96417526513569,96417526707865,193.587,194.296
3,3398,96417527539652,96417527537569,96417527939476,399.824,401.907
3,3399,96417528768084,96417528766369,96417528985381,217.297,219.012
3,3400,96417529997506,96417529995169,96417530260514,263.008,265.345
3,3401,96417531225437,96417531223969,96417531416844,191.407,192.875
3,3402,96417532248702,96417532247969,96417532629965,381.263,381.996
3,3403,96417533477583,96417533476769,96417533710421,232.838,233.652
3,3404,96417534706305,96417534705569,96417534911312,205.007,205.743
3,3405,96417535732020,96417535729569,96417536136843,404.823,407.274
3,3406,96417536959691,96417536958369,96417537154858,195.167,196.489
3,3407,96417538189652,96417538187169,96417538396929,207.277,209.76
3,3408,96417539212008,96417539211169,96417539609081,397.073,397.912
3,3409,96417540440669,96417540439969,96417540643565,202.896,203.596
3,3410,96417541669450,96417541668769,96417541887908,218.458,219.139
3,3411,96417542693995,96417542692769,96417543086818,392.823,394.049
3,3412,96417543924756,96417543921569,96417544196205,271.449,274.636
3,3413,96417545151928,96417545150369,96417545351904,199.976,201.535
3,3414,96417546381819,96417546379169,96417546584566,202.747,205.397
3,3415,96417547404044,96417547403169,96417547797767,393.723,394.598
3,3416,96417548632695,96417548631969,96417548837563,204.868,205.594
3,3417,96417549861437,96417549860769,96417550077734,216.297,216.965
3,3418,96417550886142,96417550884769,96417551256644,370.502,371.875
3,3419,96417552115933,96417552113569,96417552332951,217.018,219.382
3,3420,96417553343684,96417553342369,96417553530451,186.767,188.082
3,3421,96417554367070,96417554366369,96417554789053,421.983,422.684
3,3422,96417555595901,96417555595169,96417555822388,226.487,227.219
3,3423,96417556824672,96417556823969,96417557033419,208.747,209.45
3,3424,96417557850567,96417557847969,96417558256841,406.274,408.872
3,3425,96417559078248,96417559076769,96417559284646,206.398,207.877
3,3426,96417560307780,96417560305569,96417560511997,204.217,206.428
3,3427,96417561535731,96417561534369,96417561724848,189.117,190.479
3,3428,96417562559356,96417562558369,96417562954469,395.113,396.1
3,3429,96417563787827,96417563787169,96417563983704,195.877,196.535
3,3430,96417565016749,96417565015969,96417565218166,201.417,202.197
