chain,seq,length,t_first_ns,t_last_ns,t_decode_ns,lat_first_us,lat_last_us,decoded,correct,t_last_nominal_ns,lat_last_nominal_us
0,0,300,96413565887666,96413569983215,96413570265984,4378.318,282.769,1,1,96413569982369,283.615
0,1,300,96413570802453,96413574079133,96413575298165,4495.712,1219.032,1,1,96413574078369,1219.796
0,2,300,96413574898291,96413578994179,96413579259389,4361.098,265.210,1,1,96413578993569,265.820
0,3,300,96413579813377,96413583909595,96413584415722,4602.345,506.127,1,1,96413583908769,506.953
0,4,300,96413584728773,96413588824832,96413589093511,4364.738,268.679,1,1,96413588823969,269.542
0,5,300,96413588824832,96413592920730,96413594029958,5205.126,1109.228,1,1,96413592919969,1109.989
0,6,300,96413593739858,96413597836576,96413598251390,4511.532,414.814,1,1,96413597835169,416.221
0,7,300,96413598655504,96413602751172,96413603259509,4604.005,508.337,1,1,96413602750369,509.140
0,8,300,96413603570180,96413606847141,96413607978399,4408.219,1131.258,1,1,96413606846369,1132.030
0,9,300,96413607666238,96413611763527,96413612032316,4366.078,268.789,1,1,96413611761569,270.747
0,10,300,96413612582255,96413616677463,96413616989413,4407.158,311.950,1,1,96413616676769,312.644
0,11,300,96413617496771,96413620775211,96413622033304,4536.533,1258.093,1,1,96413620772769,1260.535
0,12,300,96413621592709,96413625688717,96413625932756,4340.047,244.039,1,1,96413625687969,244.787
0,13,300,96413626507905,96413630603884,96413630957616,4449.711,353.732,1,1,96413630603169,354.447
0,14,300,96413631423042,96413634700192,96413635991525,4568.483,1291.333,1,1,96413634699169,1292.356
0,15,300,96413635519220,96413639615288,96413639902437,4383.217,287.149,1,1,96413639614369,288.068
0,16,300,96413640434356,96413644530524,96413644810924,4376.568,280.400,1,1,96413644529569,281.355
0,17,300,96413645349682,96413649445610,96413649715160,4365.478,269.550,1,1,96413649444769,270.391
0,18,300,96413649445610,96413653541849,96413654641536,5195.926,1099.687,1,1,96413653540769,1100.767
0,19,300,96413654360827,96413658456835,96413658745634,4384.807,288.799,1,1,96413658455969,289.665
0,20,300,96413659276323,96413663372071,96413663885669,4609.346,513.598,1,1,96413663371169,514.500
0,21,300,96413664191199,96413667468259,96413668717942,4526.743,1249.683,1,1,96413667467169,1250.773
0,22,300,96413668287737,96413672383306,96413672672815,4385.078,289.509,1,1,96413672382369,290.446
0,23,300,96413673266625,96413677298432,96413677659584,4392.959,361.152,1,1,96413677297569,362.015
0,24,300,96413678117650,96413681394170,96413682676923,4559.273,1282.753,1,1,96413681393569,1283.354
0,25,300,96413682213518,96413686309566,96413686604996,4391.478,295.430,1,1,96413686308769,296.227
0,26,300,96413687128854,96413691225223,96413691707688,4578.834,482.465,1,1,96413691223969,483.719
0,27,300,96413692068070,96413695322401,96413696477100,4409.030,1154.699,1,1,96413695319969,1157.131
0,28,300,96413696141489,96413700237357,96413700536627,4395.138,299.270,1,1,96413700235169,301.458
0,29,300,96413701056855,96413705152323,96413705638789,4581.934,486.466,1,1,96413705150369,488.420
0,30,300,96413705971761,96413710066659,96413710408831,4437.070,342.172,1,1,96413710065569,343.262
0,31,300,96413710066659,96413714162578,96413715315427,5248.768,1152.849,1,1,96413714161569,1153.858
0,32,300,96413714981846,96413719077974,96413719472247,4490.401,394.273,1,1,96413719076769,395.478
0,33,300,96413719896882,96413723992670,96413724492096,4595.214,499.426,1,1,96413723991969,500.127
0,34,300,96413724812137,96413728088888,96413729223466,4411.329,1134.578,1,1,96413728087969,1135.497
0,35,300,96413728907976,96413733008184,96413733261943,4353.967,253.759,1,1,96413733003169,258.774
0,36,300,96413733823221,96413737919631,96413738217371,4394.150,297.740,1,1,96413737918369,299.002
0,37,300,96413738738618,96413742015369,96413743262001,4523.383,1246.632,1,1,96413742014369,1247.632
0,38,300,96413742834617,96413746930545,96413747206734,4372.117,276.189,1,1,96413746929569,277.165
0,39,300,96413747749702,96413751845951,96413752135511,4385.809,289.560,1,1,96413751844769,290.742
0,40,300,96413752665038,96413755941710,96413757122309,4457.271,1180.599,1,1,96413755940769,1181.540
0,41,300,96413756760977,96413760856946,96413761120234,4359.257,263.288,1,1,96413760855969,264.265
0,42,300,96413761676053,96413767347715,96413769466407,7790.354,2118.692,1,1,96413765771169,3695.238
0,43,300,96413767353876,96413771127232,96413772313073,4959.197,1185.841,1,1,96413770686369,1626.704
0,44,300,96413771127232,96413774783377,96413776046879,4919.647,1263.502,1,1,96413774782369,1264.510
0,45,300,96413775602663,96413779698673,96413780376145,4773.482,677.472,1,1,96413779697569,678.576
0,46,300,96413780517890,96413784613738,96413785025652,4507.762,411.914,1,1,96413784612769,412.883
0,47,300,96413785432836,96413788709536,96413789973610,4540.774,1264.074,1,1,96413788708769,1264.841
0,48,300,96413789528984,96413793624682,96413793934854,4405.870,310.172,1,1,96413793623969,310.885
0,49,300,96413794443780,96413798539839,96413799016855,4573.075,477.016,1,1,96413798539169,477.686
0,50,300,96413799359077,96413802635837,96413803974893,4615.816,1339.056,1,1,96413802635169,1339.724
0,51,300,96413803455565,96413807551373,96413807855074,4399.509,303.701,1,1,96413807550369,304.705
0,52,300,96413808370331,96413812466459,96413812797011,4426.680,330.552,1,1,96413812465569,331.442
0,53,300,96413813285417,96413816562238,96413817852712,4567.295,1290.474,1,1,96413816561569,1291.143
0,54,300,96413817381406,96413821477674,96413821790925,4409.519,313.251,1,1,96413821476769,314.156
0,55,300,96413822296842,96413826392800,96413826827165,4530.323,434.365,1,1,96413826391969,435.196
0,56,300,96413827212228,96413831308366,96413831717581,4505.353,409.215,1,1,96413831307168,410.413
0,57,300,96413831308366,96413835403975,96413836695859,5387.493,1291.884,1,1,96413835403169,1292.690
0,58,300,96413836223382,96413840319251,96413840615261,4391.879,296.010,1,1,96413840318369,296.892
0,59,300,96413841138469,96413845234427,96413845720624,4582.155,486.197,1,1,96413845233569,487.055
0,60,300,96413846053655,96413849330445,96413850428263,4374.608,1097.818,1,1,96413849329569,1098.694
0,61,300,96413850149643,96413854245471,96413854533192,4383.549,287.721,1,1,96413854244769,288.423
0,62,300,96413855065209,96413859160858,96413859618023,4552.814,457.165,1,1,96413859159969,458.054
0,63,300,96413859979975,96413863256786,96413864513399,4533.424,1256.613,1,1,96413863255969,1257.430
0,64,300,96413864076024,96413868172022,96413868493893,4417.869,321.871,1,1,96413868171169,322.724
0,65,300,96413868991040,96413873087488,96413873421349,4430.309,333.861,1,1,96413873086369,334.980
0,66,300,96413873906276,96413877183227,96413878407288,4501.012,1224.061,1,1,96413877182369,1224.919
0,67,300,96413878015035,96413882098423,96413883848912,5833.877,1750.489,1,1,96413882097569,1751.343
0,68,300,96413882917621,96413887013649,96413887550747,4633.126,537.098,1,1,96413887012769,537.978
0,69,300,96413887832937,96413891928645,96413892308838,4475.901,380.193,1,1,96413891927969,380.869
0,70,300,96413891928645,96413896024983,96413897077479,5148.834,1052.496,1,1,96413896023969,1053.510
0,71,300,96413896844471,96413900940200,96413901247420,4402.949,307.220,1,1,96413900939169,308.251
0,72,300,96413901759317,96413905855076,96413906210798,4451.481,355.722,1,1,96413905854369,356.429
0,73,300,96413906674194,96413909951174,96413911096253,4422.059,1145.079,1,1,96413909950369,1145.884
0,74,300,96413910773962,96413914866310,96413915113058,4339.096,246.748,1,1,96413914865569,247.489
0,75,300,96413915685708,96413919782286,96413920079976,4394.268,297.690,1,1,96413919780769,299.207
0,76,300,96413920600734,96413923877685,96413925006073,4405.339,1128.388,1,1,96413923876769,1129.304
0,77,300,96413924696643,96413928792821,96413929043440,4346.797,250.619,1,1,96413928791969,251.471
0,78,300,96413929611909,96413933708577,96413934020117,4408.208,311.540,1,1,96413933707169,312.948
0,79,300,96413934527615,96413937803975,96413938910323,4382.708,1106.348,1,1,96413937803169,1107.154
0,80,300,96413938623123,96413942719042,96413943007091,4383.968,288.049,1,1,96413942718369,288.722
0,81,300,96413943538529,96413947634358,96413948015141,4476.612,380.783,1,1,96413947633569,381.572
0,82,300,96413948453496,96413952549504,96413953000159,4546.663,450.655,1,1,96413952548769,451.390
0,83,300,96413952549504,96413956645402,96413957691767,5142.263,1046.365,1,1,96413956644769,1046.998
0,84,300,96413957464670,96413961560958,96413961797776,4333.106,236.818,1,1,96413961559969,237.807
0,85,300,96413962380376,96413966476195,96413966802165,4421.789,325.970,1,1,96413966475169,326.996
0,86,300,96413967295543,96413970572093,96413971601288,4305.745,1029.195,1,1,96413970571169,1030.119
0,87,300,96413971391591,96413975487559,96413975739968,4348.377,252.409,1,1,96413975486369,253.599
0,88,300,96413976306917,96413980402745,96413980745167,4438.250,342.422,1,1,96413980401569,343.598
0,89,300,96413981221733,96413984498334,96413985591960,4370.227,1093.626,1,1,96413984497569,1094.391
0,90,300,96413985317632,96413989414620,96413989696929,4379.297,282.309,1,1,96413989412769,284.160
0,91,300,96413990233678,96413994328976,96413994743640,4509.962,414.664,1,1,96413994327969,415.671
0,92,300,96413995148574,96413998424924,96413999641385,4492.811,1216.461,1,1,96413998423969,1217.416
0,93,300,96413999244062,96414003340151,96414003585929,4341.867,245.778,1,1,96414003339169,246.760
0,94,300,96414004159238,96414008255877,96414008574157,4414.919,318.280,1,1,96414008254369,319.788
0,95,300,96414009075015,96414013170753,96414013504064,4429.049,333.311,1,1,96414013169569,334.495
0,96,300,96414013170753,96414017267761,96414018389539,5218.786,1121.778,1,1,96414017265569,1123.970
0,97,300,96414018087129,96414022182807,96414022402785,4315.656,219.978,1,1,96414022180769,222.016
0,98,300,96414023012115,96414027097624,96414027446295,4434.180,348.671,1,1,96414027095969,350.326
0,99,300,96414027917141,96414031193382,96414032387832,4470.691,1194.450,1,1,96414031191969,1195.863
0,100,300,96414032012720,96414036108748,96414036378517,4365.797,269.769,1,1,96414036107169,271.348
0,101,300,96414036928286,96414041023844,96414041376355,4448.069,352.511,1,1,96414041022369,353.986
0,102,300,96414041843422,96414045120352,96414046312753,4469.331,1192.401,1,1,96414045118369,1194.384
0,103,300,96414045939310,96414050035179,96414050296857,4357.547,261.678,1,1,96414050033569,263.288
0,104,300,96414050854277,96414054950775,96414055353519,4499.242,402.744,1,1,96414054948769,404.750
0,105,300,96414055775742,96414060028086,96414061187555,5411.813,1159.469,1,1,96414059044769,2142.786
0,106,300,96414060035597,96414064019861,96414064271410,4235.813,251.549,1,1,96414063959969,311.441
0,107,300,96414064780657,96414068876466,96414069254978,4474.321,378.512,1,1,96414068875169,379.809
0,108,300,96414069696233,96414073792012,96414074088292,4392.059,296.280,1,1,96414073790369,297.923
0,109,300,96414073792012,96414077887480,96414083812000,10019.988,5924.520,1,1,96414077886369,5925.631
0,110,300,96414078706797,96414082803506,96414084040187,5333.390,1236.681,1,1,96414082801569,1238.618
0,111,300,96414083622673,96414087718692,96414088044343,4421.670,325.651,1,1,96414087716769,327.574
0,112,300,96414088539670,96414091814871,96414092979700,4440.030,1164.829,1,1,96414091812769,1166.931
0,113,300,96414092633608,96414096729657,96414097197003,4563.395,467.346,1,1,96414096727969,469.034
0,114,300,96414097548954,96414101644763,96414102226032,4677.078,581.269,1,1,96414101643169,582.863
0,115,300,96414102464290,96414106153775,96414107340615,4876.325,1186.840,1,1,96414105739169,1601.446
0,116,300,96414106559948,96414110656578,96414111534577,4974.629,877.999,1,1,96414110654369,880.208
0,117,300,96414111475634,96414115571263,96414116041429,4565.795,470.166,1,1,96414115569569,471.860
0,118,300,96414116390551,96414119666992,96414120862672,4472.121,1195.680,1,1,96414119665569,1197.103
0,119,300,96414120486319,96414124582638,96414124819346,4333.027,236.708,1,1,96414124580769,238.577
0,120,300,96414125401655,96414129497783,96414129913628,4511.973,415.845,1,1,96414129495969,417.659
0,121,300,96414130316561,96414134445481,96414134722681,4406.120,277.200,1,1,96414134411169,311.512
0,122,300,96414134445481,96414138508989,96414139614226,5168.745,1105.237,1,1,96414138507169,1107.057
0,123,300,96414139327946,96414144072876,96414145360180,6032.234,1287.304,1,1,96414143422369,1937.811
0,124,300,96414144243092,96414148339510,96414148702373,4459.281,362.863,1,1,96414148337569,364.804
0,125,300,96414149159298,96414152435439,96414153552967,4393.669,1117.528,1,1,96414152433569,1119.398
0,126,300,96414153254267,96414157350295,96414157608633,4354.366,258.338,1,1,96414157348769,259.864
0,127,300,96414158169483,96414162266371,96414162568802,4399.319,302.431,1,1,96414162263969,304.833
0,128,300,96414163085249,96414166362040,96414167528960,4443.711,1166.920,1,1,96414166359969,1168.991
0,129,300,96414167181177,96414171276735,96414171642988,4461.811,366.253,1,1,96414171275169,367.819
0,130,300,96414172096213,96414176192332,96414176498032,4401.819,305.700,1,1,96414176190369,307.663
0,131,300,96414177011520,96414180288630,96414181549793,4538.273,1261.163,1,1,96414180286369,1263.424
0,132,300,96414181107678,96414185203316,96414185453705,4346.027,250.389,1,1,96414185201569,252.136
0,133,300,96414186022564,96414190118802,96414190373231,4350.667,254.429,1,1,96414190116769,256.462
0,134,300,96414190937900,96414195033609,96414195344420,4406.520,310.811,1,1,96414195031969,312.451
0,135,300,96414195033609,96414199130047,96414200234934,5201.325,1104.887,1,1,96414199127969,1106.965
0,136,300,96414199949035,96414204045013,96414204287411,4338.376,242.398,1,1,96414204043169,244.242
0,137,300,96414204864131,96414208959789,96414209299381,4435.250,339.592,1,1,96414208958369,341.012
0,138,300,96414209779477,96414213056198,96414214137095,4357.618,1080.897,1,1,96414213054369,1082.726
0,139,300,96414213875535,96414217971324,96414218218172,4342.637,246.848,1,1,96414217969569,248.603
0,140,300,96414218790112,96414222886030,96414223509191,4719.079,623.161,1,1,96414222884769,624.422
0,141,300,96414223705408,96414226982278,96414228196669,4491.261,1214.391,1,1,96414226980769,1215.900
0,142,300,96414227801346,96414231897734,96414232157493,4356.147,259.759,1,1,96414231895969,261.524
0,143,300,96414232716822,96414236812681,96414237278296,4561.474,465.615,1,1,96414236811169,467.127
0,144,300,96414237631608,96414240908339,96414242078579,4446.971,1170.240,1,1,96414240907169,1171.410
0,145,300,96414241727717,96414245823565,96414246099215,4371.498,275.650,1,1,96414245822369,276.846
0,146,300,96414246642573,96414251021731,96414251879200,5236.627,857.469,1,1,96414250737569,1141.631
0,147,300,96414251557699,96414255653727,96414256027050,4469.351,373.323,1,1,96414255652769,374.281
0,148,300,96414255653727,96414259749726,96414260932175,5278.448,1182.449,1,1,96414259748769,1183.406
0,149,300,96414260569084,96414264664892,96414264945002,4375.918,280.110,1,1,96414264663969,281.033
0,150,300,96414265484350,96414269580248,96414269894529,4410.179,314.281,1,1,96414269579169,315.360
0,151,300,96414270399246,96414273675836,96414274787314,4388.068,1111.478,1,1,96414273675169,1112.145
0,152,300,96414274495134,96414278591053,96414278841071,4345.937,250.018,1,1,96414278590369,250.702
0,153,300,96414279410221,96414283506209,96414283900812,4490.591,394.603,1,1,96414283505569,395.243
0,154,300,96414284326147,96414287602457,96414288802988,4476.841,1200.531,1,1,96414287601569,1201.419
0,155,300,96414288421745,96414292517643,96414292780682,4358.937,263.039,1,1,96414292516769,263.913
0,156,300,96414293336881,96414297432750,96414297759411,4422.530,326.661,1,1,96414297431969,327.442
0,157,300,96414298251897,96414301529028,96414302762200,4510.303,1233.172,1,1,96414301527969,1234.231
0,158,300,96414302348066,96414306444024,96414306712793,4364.727,268.769,1,1,96414306443169,269.624
0,159,300,96414307263282,96414311359170,96414311758783,4495.501,399.613,1,1,96414311358369,400.414
0,160,300,96414312178518,96414316274366,96414316623938,4445.420,349.572,1,1,96414316273569,350.369
0,161,300,96414316274366,96414320370415,96414321479142,5204.776,1108.727,1,1,96414320369569,1109.573
0,162,300,96414321189663,96414325285811,96414325705185,4515.522,419.374,1,1,96414325284769,420.416
0,163,300,96414326104809,96414330201407,96414330639202,4534.393,437.795,1,1,96414330199969,439.233
0,164,300,96414331356956,96414334634356,96414335656491,4299.535,1022.135,1,1,96414334295969,1360.522
0,165,300,96414335116383,96414339213101,96414339533212,4416.829,320.111,1,1,96414339211169,322.043
0,166,300,96414340032479,96414344128358,96414344753519,4721.040,625.161,1,1,96414344126369,627.150
0,167,300,96414344947536,96414348224286,96414349576471,4628.935,1352.185,1,1,96414348222369,1354.102
0,168,300,96414349043334,96414353139662,96414353451602,4408.268,311.940,1,1,96414353137569,314.033
0,169,300,96414353958590,96414358054918,96414358523944,4565.354,469.026,1,1,96414358052769,471.175
0,170,300,96414358873906,96414362151037,96414363451661,4577.755,1300.624,1,1,96414362148769,1302.892
0,171,300,96414362969785,96414367066043,96414367403514,4433.729,337.471,1,1,96414367063969,339.545
0,172,300,96414367884791,96414371981329,96414372630821,4746.030,649.492,1,1,96414371979169,651.652
0,173,300,96414372800477,96414376896505,96414377365541,4565.064,469.036,1,1,96414376894369,471.172
0,174,300,96414376896505,96414380991924,96414382341859,5445.354,1349.935,1,1,96414380990369,1351.490
0,175,300,96414381811441,96414385907700,96414386245021,4433.580,337.321,1,1,96414385905569,339.452
0,176,300,96414386726658,96414390822886,96414391361224,4634.566,538.338,1,1,96414390820769,540.455
0,177,300,96414391642173,96414394919064,96414396130185,4488.012,1211.121,1,1,96414394916769,1213.416
0,178,300,96414395737842,96414399834040,96414400239904,4502.062,405.864,1,1,96414399831969,407.935
0,179,300,96414400653428,96414404749247,96414405251264,4597.836,502.017,1,1,96414404747169,504.095
0,180,300,96414405568283,96414408845195,96414410127548,4559.265,1282.353,1,1,96414408843169,1284.379
0,181,300,96414409664213,96414413760421,96414414081802,4417.589,321.381,1,1,96414413758369,323.433
0,182,300,96414414579959,96414418675637,96414419240686,4660.727,565.049,1,1,96414418673569,567.117
0,183,300,96414419494614,96414422776395,96414423996097,4501.483,1219.702,1,1,96414422769569,1226.528
0,184,300,96414423590743,96414427686422,96414428002232,4411.489,315.810,1,1,96414427684769,317.463
0,185,300,96414428505749,96414432600798,96414432865576,4359.827,264.778,1,1,96414432599969,265.607
0,186,300,96414433419845,96414437515863,96414437803503,4383.658,287.640,1,1,96414437515169,288.334
0,187,300,96414437515863,96414441611872,96414442703949,5188.086,1092.077,1,1,96414441611169,1092.780
0,188,300,96414442431029,96414446527228,96414447443369,5012.340,916.141,1,1,96414446526369,917.000
0,189,300,96414447550063,96414451442374,96414451860458,4310.395,418.084,1,1,96414451441569,418.889
0,190,300,96414452261562,96414455538493,96414456759584,4498.022,1221.091,1,1,96414455537569,1222.015
0,191,300,96414456357440,96414460453598,96414460697407,4339.967,243.809,1,1,96414460452769,244.638
0,192,300,96414461272816,96414465368685,96414465710686,4437.870,342.001,1,1,96414465367969,342.717
0,193,300,96414466187932,96414469464823,96414470607572,4419.640,1142.749,1,1,96414469463969,1143.603
0,194,300,96414470284201,96414474379949,96414474678880,4394.679,298.931,1,1,96414474379169,299.711
0,195,300,96414475199047,96414479295135,96414479570685,4371.638,275.550,1,1,96414479294369,276.316
0,196,300,96414480114313,96414483391164,96414484541323,4427.010,1150.159,1,1,96414483390369,1150.954
0,197,300,96414484210381,96414488306150,96414488562758,4352.377,256.608,1,1,96414488305569,257.189
0,198,300,96414489125978,96414493221376,96414493611759,4485.781,390.383,1,1,96414493220769,390.990
0,199,300,96414494040574,96414498136622,96414498460934,4420.360,324.312,1,1,96414498135969,324.965
0,200,300,96414498136622,96414502233070,96414503327918,5191.296,1094.848,1,1,96414502231969,1095.949
0,201,300,96414503051858,96414507147877,96414507399966,4348.108,252.089,1,1,96414507147169,252.797
0,202,300,96414507967194,96414512063293,96414512384803,4417.609,321.510,1,1,96414512062369,322.434
0,203,300,96414512882241,96414516159221,96414517254829,4372.588,1095.608,1,1,96414516158369,1096.460
0,204,300,96414516978229,96414521074287,96414521312716,4334.487,238.429,1,1,96414521073569,239.147
0,205,300,96414521893645,96414525989513,96414526333645,4440.000,344.132,1,1,96414525988769,344.876
0,206,300,96414526808721,96414530085532,96414531293113,4484.392,1207.581,1,1,96414530084769,1208.344
0,207,300,96414530904740,96414535009159,96414535267157,4362.417,257.998,1,1,96414534999969,267.188
0,208,300,96414535819876,96414539916164,96414540249115,4429.239,332.951,1,1,96414539915169,333.946
0,209,300,96414540735452,96414544012072,96414545109300,4373.848,1097.228,1,1,96414544011169,1098.131
0,210,300,96414544831170,96414548927089,96414549180038,4348.868,252.949,1,1,96414548926369,253.669
0,211,300,96414549746216,96414553842225,96414554222088,4475.872,379.863,1,1,96414553841569,380.519
0,212,300,96414554661543,96414558758301,96414560294603,5633.060,1536.302,1,1,96414558756769,1537.834
0,213,300,96414558758301,96414562854099,96414563965477,5207.176,1111.378,1,1,96414562852769,1112.708
0,214,300,96414563673337,96414567779296,96414568025254,4351.917,245.958,1,1,96414567767969,257.285
0,215,300,96414568588363,96414572684372,96414572960300,4371.937,275.928,1,1,96414572683169,277.131
0,216,300,96414573503209,96414576782830,96414577862246,4359.037,1079.416,1,1,96414576779169,1083.077
0,217,300,96414577599598,96414581695116,96414581953575,4353.977,258.459,1,1,96414581694369,259.206
0,218,300,96414582514264,96414586610522,96414587038597,4524.333,428.075,1,1,96414586609569,429.028
0,219,300,96414587429670,96414590706531,96414591820578,4390.908,1114.047,1,1,96414590705569,1115.009
0,220,300,96414591525568,96414597023094,96414598216895,6691.327,1193.801,1,1,96414595620769,2596.126
0,221,300,96414597025795,96414600536943,96414600910685,3884.890,373.742,1,1,96414600535969,374.716
0,222,300,96414601356061,96414604632991,96414605728778,4372.717,1095.787,1,1,96414604631969,1096.809
0,223,300,96414605452209,96414609548227,96414609813087,4360.878,264.860,1,1,96414609547169,265.918
0,224,300,96414610367175,96414614463114,96414614852197,4485.022,389.083,1,1,96414614462369,389.828
0,225,300,96414615282252,96414619378380,96414619665899,4383.647,287.519,1,1,96414619377569,288.330
0,226,300,96414619378380,96414623474218,96414624557104,5178.724,1082.886,1,1,96414623473569,1083.535
0,227,300,96414624293416,96414628389744,96414628649493,4356.077,259.749,1,1,96414628388769,260.724
0,228,300,96414629208922,96414633304941,96414633637502,4428.580,332.561,1,1,96414633303969,333.533
0,229,300,96414634123948,96414637400629,96414638529247,4405.299,1128.618,1,1,96414637399969,1129.278
0,230,300,96414638219987,96414642316345,96414642542142,4322.155,225.797,1,1,96414642315169,226.973
0,231,300,96414643135413,96414647231171,96414647535192,4399.779,304.021,1,1,96414647230369,304.823
0,232,300,96414648050699,96414651327020,96414652419186,4368.487,1092.166,1,1,96414651326369,1092.817
0,233,300,96414652146467,96414656242366,96414656481983,4335.516,239.617,1,1,96414656241569,240.414
0,234,300,96414657061674,96414661157702,96414661430851,4369.177,273.149,1,1,96414661156769,274.082
0,235,300,96414661976960,96414665253650,96414666432850,4455.890,1179.200,1,1,96414665252769,1180.081
0,236,300,96414666072658,96414670169036,96414670463286,4390.628,294.250,1,1,96414670167969,295.317
0,237,300,96414670988044,96414675084353,96414675531487,4543.443,447.134,1,1,96414675083169,448.318
0,238,300,96414676403927,96414680000009,96414680404572,4000.645,404.563,1,1,96414679998369,406.203
0,239,300,96414680000009,96414684095667,96414685195034,5195.025,1099.367,1,1,96414684094369,1100.665
0,240,300,96414684924014,96414689061575,96414689360125,4436.111,298.550,1,1,96414689009569,350.556
0,241,300,96414689830001,96414693926099,96414694402125,4572.124,476.026,1,1,96414693924769,477.356
0,242,300,96414694745176,96414698021678,96414699116294,4371.118,1094.616,1,1,96414698020769,1095.525
0,243,300,96414698840936,96414702936944,96414703227223,4386.287,290.279,1,1,96414702935969,291.254
0,244,300,96414703756041,96414707852080,96414708310805,4554.764,458.725,1,1,96414707851169,459.636
0,245,300,96414708671497,96414711948138,96414713232551,4561.054,1284.413,1,1,96414711947169,1285.382
0,246,300,96414712767096,96414716863285,96414717154554,4387.458,291.269,1,1,96414716862369,292.185
0,247,300,96414717682351,96414721778421,96414722206685,4524.334,428.264,1,1,96414721777569,429.116
0,248,300,96414722597618,96414725874379,96414727231064,4633.446,1356.685,1,1,96414725873569,1357.495
0,249,300,96414726693586,96414730795705,96414731227979,4534.393,432.274,1,1,96414730788769,439.210
0,250,300,96414731608912,96414735704871,96414736016442,4407.530,311.571,1,1,96414735703969,312.473
0,251,300,96414736523908,96414740619887,96414741054132,4530.224,434.245,1,1,96414740619169,434.963
0,252,300,96414740619887,96414744716246,96414745838033,5218.146,1121.787,1,1,96414744715169,1122.864
0,253,300,96414745535333,96414749631392,96414749884090,4348.757,252.698,1,1,96414749630369,253.721
0,254,300,96414750450279,96414754546267,96414754859208,4408.929,312.941,1,1,96414754545569,313.639
0,255,300,96414755365655,96414758642397,96414759737603,4371.948,1095.206,1,1,96414758641569,1096.034
0,256,300,96414759461584,96414763557703,96414763823441,4361.857,265.738,1,1,96414763556769,266.672
0,257,300,96414764376780,96414768472658,96414768766208,4389.428,293.550,1,1,96414768471969,294.239
0,258,300,96414769291926,96414772568717,96414773754887,4462.961,1186.170,1,1,96414772567969,1186.918
0,259,300,96414773388034,96414777483993,96414777717170,4329.136,233.177,1,1,96414777483169,234.001
0,260,300,96414778303180,96414782399189,96414782692069,4388.889,292.880,1,1,96414782398369,293.700
0,261,300,96414783218257,96414786495398,96414787605985,4387.728,1110.587,1,1,96414786494369,1111.616
0,262,300,96414787314415,96414791410833,96414791710084,4395.669,299.251,1,1,96414791409569,300.515
0,263,300,96414792229581,96414796344230,96414796939860,4710.279,595.630,1,1,96414796324769,615.091
0,264,300,96414797144977,96414801240826,96414801514655,4369.678,273.829,1,1,96414801239969,274.686
0,265,300,96414801240826,96414805336694,96414806455692,5214.866,1118.998,1,1,96414805335969,1119.723
0,266,300,96414806155872,96414810251920,96414810472698,4316.826,220.778,1,1,96414810251169,221.529
0,267,300,96414811071138,96414815167356,96414815519768,4448.630,352.412,1,1,96414815166369,353.399
0,268,300,96414815986264,96414819263285,96414820394004,4407.740,1130.719,1,1,96414819262369,1131.635
0,269,300,96414820082502,96414824178351,96414824437119,4354.617,258.768,1,1,96414824177569,259.550
0,270,300,96414824997609,96414829093527,96414829370937,4373.328,277.410,1,1,96414829092769,278.168
0,271,300,96414829913145,96414833190015,96414834366455,4453.310,1176.440,1,1,96414833188769,1177.686
0,272,300,96414834010673,96414838104791,96414838346960,4336.287,242.169,1,1,96414838103969,242.991
0,273,300,96414838923889,96414843020158,96414843292517,4368.628,272.359,1,1,96414843019169,273.348
0,274,300,96414843839355,96414847116096,96414848208263,4368.908,1092.167,1,1,96414847115169,1093.094
0,275,300,96414847935374,96414852031102,96414852273051,4337.677,241.949,1,1,96414852030369,242.682
0,276,300,96414852850420,96414856946378,96414857182876,4332.456,236.498,1,1,96414856945569,237.307
0,277,300,96414857765466,96414861861434,96414862138504,4373.038,277.070,1,1,96414861860769,277.735
0,278,300,96414861861434,96414865957793,96414867062260,5200.826,1104.467,1,1,96414865956769,1105.491
0,279,300,96414866776881,96414870872669,96414871120287,4343.406,247.618,1,1,96414870871969,248.318
0,280,300,96414871692217,96414875788025,96414876132607,4440.390,344.582,1,1,96414875787169,345.438
0,281,300,96414876607093,96414879884223,96414881059013,4451.920,1174.790,1,1,96414879883169,1175.844
0,282,300,96414880703551,96414884799180,96414885037118,4333.567,237.938,1,1,96414884798369,238.749
0,283,300,96414885618577,96414889714336,96414890109739,4491.162,395.403,1,1,96414889713569,396.170
0,284,300,96414890533584,96414893810354,96414894970684,4437.100,1160.330,1,1,96414893809569,1161.115
0,285,300,96414894629562,96414900968266,96414902462157,7832.595,1493.891,1,1,96414898724769,3737.388
0,286,300,96414900971856,96414903640946,96414904091382,3119.526,450.436,1,1,96414903639969,451.413
0,287,300,96414904460024,96414907736695,96414908831971,4371.947,1095.276,1,1,96414907735969,1096.002
0,288,300,96414908556103,96414912651921,96414912908360,4352.257,256.439,1,1,96414912651169,257.191
0,289,300,96414913471219,96414917567027,96414917945600,4474.381,378.573,1,1,96414917566369,379.231
0,290,300,96414918386405,96414922482303,96414922752212,4365.807,269.909,1,1,96414922481569,270.643
0,291,300,96414922482303,96414926578222,96414927673958,5191.655,1095.736,1,1,96414926577569,1096.389
0,292,300,96414927397720,96414931493578,96414931731735,4334.015,238.157,1,1,96414931492769,238.966
0,293,300,96414932312816,96414936409014,96414936718124,4405.308,309.110,1,1,96414936407969,310.155
0,294,300,96414937228122,96414940504892,96414941623090,4394.968,1118.198,1,1,96414940503969,1119.121
0,295,300,96414941324040,96414945420089,96414945675897,4351.857,255.808,1,1,96414945419169,256.728
0,296,300,96414946239446,96414950335545,96414950632964,4393.518,297.419,1,1,96414950334369,298.595
0,297,300,96414951154773,96414954431203,96414955576841,4422.068,1145.638,1,1,96414954430369,1146.472
0,298,300,96414955250521,96414959346469,96414959911648,4661.127,565.179,1,1,96414959345569,566.079
0,299,300,96414960165787,96414964261695,96414964641528,4475.741,379.833,1,1,96414964260769,380.759
0,300,300,96414965081353,96414968357894,96414969495082,4413.729,1137.188,1,1,96414968356769,1138.313
0,301,300,96414969177042,96414973272770,96414973530759,4353.717,257.989,1,1,96414973271969,258.790
0,302,300,96414974092078,96414978188006,96414978449305,4357.227,261.299,1,1,96414978187169,262.136
0,303,300,96414979010754,96414983103062,96414983372711,4361.957,269.649,1,1,96414983102369,270.342
0,304,300,96414983103062,96414987199231,96414988298808,5195.746,1099.577,1,1,96414987198369,1100.439
0,305,300,96414988018428,96414992114377,96414992347785,4329.357,233.408,1,1,96414992113569,234.216
0,306,300,96414992933565,96414997029673,96414997371965,4438.400,342.292,1,1,96414997028769,343.196
0,307,300,96414997849041,96415001125551,96415002235678,4386.637,1110.127,1,1,96415001124769,1110.909
0,308,300,96415001944929,96415006040797,96415006275245,4330.316,234.448,1,1,96415006039969,235.276
0,309,300,96415006859925,96415010956184,96415011357766,4497.841,401.582,1,1,96415010955169,402.597
0,310,300,96415012951871,96415015052092,96415016158839,3206.968,1106.747,1,1,96415015051169,1107.670
0,311,300,96415015871050,96415019967228,96415020234517,4363.467,267.289,1,1,96415019966369,268.148
0,312,300,96415020786526,96415024882354,96415025304438,4517.912,422.084,1,1,96415024881569,422.869
0,313,300,96415025701492,96415028978763,96415030293547,4592.055,1314.784,1,1,96415028977569,1315.978
0,314,300,96415029797880,96415033893659,96415034200239,4402.359,306.580,1,1,96415033892769,307.470
0,315,300,96415034713107,96415038809285,96415039259909,4546.802,450.624,1,1,96415038807969,451.940
0,316,300,96415039628423,96415043725041,96415044253639,4625.216,528.598,1,1,96415043723169,530.470
0,317,300,96415043725041,96415047820369,96415049042510,5317.469,1222.141,1,1,96415047819169,1223.341
0,318,300,96415048639457,96415052736436,96415053123228,4483.771,386.792,1,1,96415052734369,388.859
0,319,300,96415053555272,96415057651132,96415058041574,4486.302,390.442,1,1,96415057649569,392.005
0,320,300,96415058470299,96415061746680,96415062881068,4410.769,1134.388,1,1,96415061745569,1135.499
0,321,300,96415062566268,96415066662206,96415066911964,4345.696,249.758,1,1,96415066660769,251.195
0,322,300,96415067481723,96415071577772,96415071875712,4393.989,297.940,1,1,96415071575969,299.743
0,323,300,96415072396039,96415075672701,96415076937323,4541.284,1264.622,1,1,96415075671969,1265.354
0,324,300,96415076491858,96415080587927,96415080850315,4358.457,262.388,1,1,96415080587169,263.146
0,325,300,96415081407134,96415085503162,96415085809963,4402.829,306.801,1,1,96415085502369,307.594
0,326,300,96415086322460,96415089599161,96415090705049,4382.589,1105.888,1,1,96415089598369,1106.680
0,327,300,96415090418318,96415094514298,96415094787527,4369.209,273.229,1,1,96415094513569,273.958
0,328,300,96415095333525,96415099429393,96415099821236,4487.711,391.843,1,1,96415099428769,392.467
0,329,300,96415100248721,96415104344949,96415104617799,4369.078,272.850,1,1,96415104343969,273.830
0,330,300,96415104344949,96415108440797,96415109527544,5182.595,1086.747,1,1,96415108439969,1087.575
0,331,300,96415109260065,96415113355874,96415113585932,4325.867,230.058,1,1,96415113355169,230.763
0,332,300,96415114175171,96415118271220,96415118578460,4403.289,307.240,1,1,96415118270369,308.091
0,333,300,96415119090248,96415122367288,96415123471146,4380.898,1103.858,1,1,96415122366369,1104.777
0,334,300,96415123186626,96415127282534,96415127858304,4671.678,575.770,1,1,96415127281569,576.735
0,335,300,96415128101942,96415132197890,96415132540622,4438.680,342.732,1,1,96415132196769,343.853
0,336,300,96415133030329,96415136293869,96415137416697,4386.368,1122.828,1,1,96415136292769,1123.928
0,337,300,96415137112747,96415141208845,96415141464124,4351.377,255.279,1,1,96415141207969,256.155
0,338,300,96415142028013,96415146123861,96415146552376,4524.363,428.515,1,1,96415146123169,429.207
0,339,300,96415146943459,96415150219779,96415151313967,4370.508,1094.188,1,1,96415150219169,1094.798
0,340,300,96415151039297,96415155135456,96415155389144,4349.847,253.688,1,1,96415155134369,254.775
0,341,300,96415155954623,96415160050332,96415160434285,4479.662,383.953,1,1,96415160049569,384.716
0,342,300,96415160869600,96415164965528,96415165243288,4373.688,277.760,1,1,96415164964769,278.519
0,343,300,96415164965528,96415169061596,96415170161834,5196.306,1100.238,1,1,96415169060769,1101.065
0,344,300,96415169880644,96415173976812,96415174224932,4344.288,248.120,1,1,96415173975969,248.963
0,345,300,96415174795960,96415178891869,96415179270762,4474.802,378.893,1,1,96415178891169,379.593
0,346,300,96415179711136,96415182987847,96415184082345,4371.209,1094.498,1,1,96415182987169,1095.176
0,347,300,96415183807145,96415187903103,96415188149031,4341.886,245.928,1,1,96415187902369,246.662
0,348,300,96415188722241,96415192818349,96415193146481,4424.240,328.132,1,1,96415192817569,328.912
0,349,300,96415193637487,96415196914418,96415198014875,4377.388,1100.457,1,1,96415196913569,1101.306
0,350,300,96415197733435,96415201829494,96415202084003,4350.568,254.509,1,1,96415201828769,255.234
0,351,300,96415202648642,96415206744770,96415207049020,4400.378,304.250,1,1,96415206743969,305.051
0,352,300,96415207563938,96415210840668,96415211944566,4380.628,1103.898,1,1,96415210839969,1104.597
0,353,300,96415211659846,96415215755944,96415216014463,4354.617,258.519,1,1,96415215755169,259.294
0,354,300,96415216575022,96415220671111,96415221054863,4479.841,383.752,1,1,96415220670369,384.494
0,355,300,96415221490319,96415225586337,96415225867496,4377.177,281.159,1,1,96415225585569,281.927
0,356,300,96415225586337,96415229682375,96415230748931,5162.594,1066.556,1,1,96415229681569,1067.362
0,357,300,96415230501413,96415234597581,96415234852310,4350.897,254.729,1,1,96415234596769,255.541
0,358,300,96415235416799,96415239513217,96415239840439,4423.640,327.222,1,1,96415239511969,328.470
0,359,300,96415240331915,96415243608796,96415244688112,4356.197,1079.316,1,1,96415243607969,1080.143
0,360,300,96415244427914,96415248523842,96415248779141,4351.227,255.299,1,1,96415248523169,255.972
0,361,300,96415249343180,96415253439058,96415253724658,4381.478,285.600,1,1,96415253438369,286.289
0,362,300,96415254258316,96415257535077,96415258753437,4495.121,1218.360,1,1,96415257534369,1219.068
0,363,300,96415258354244,96415262450413,96415262699681,4345.437,249.268,1,1,96415262449569,250.112
0,364,300,96415263269451,96415267365499,96415267679270,4409.819,313.771,1,1,96415267364769,314.501
0,365,300,96415268184647,96415271461407,96415272554914,4370.267,1093.507,1,1,96415271460769,1094.145
0,366,300,96415272280705,96415276376723,96415276624322,4343.617,247.599,1,1,96415276375969,248.353
0,367,300,96415277195941,96415281291870,96415281678632,4482.691,386.762,1,1,96415281291169,387.463
0,368,300,96415282111317,96415287224640,96415288589916,6478.599,1365.276,1,1,96415286206369,2383.547
0,369,300,96415287224640,96415290303504,96415291498044,4273.404,1194.540,1,1,96415290302369,1195.675
0,370,300,96415291122842,96415295218580,96415295562862,4440.020,344.282,1,1,96415295217569,345.293
0,371,300,96415296037668,96415300133756,96415300494168,4456.500,360.412,1,1,96415300132769,361.399
0,372,300,96415300952684,96415304229575,96415305383464,4430.780,1153.889,1,1,96415304228769,1154.695
0,373,300,96415305048693,96415309144991,96415309395589,4346.896,250.598,1,1,96415309143969,251.620
0,374,300,96415309964009,96415314059857,96415314373247,4409.238,313.390,1,1,96415314059169,314.078
0,375,300,96415314879305,96415318156055,96415319388617,4509.312,1232.562,1,1,96415318155169,1233.448
0,376,300,96415318975073,96415323071092,96415323313150,4338.077,242.058,1,1,96415323070369,242.781
0,377,300,96415323890249,96415327986298,96415328277217,4386.968,290.919,1,1,96415327985569,291.648
0,378,300,96415328805466,96415332082316,96415333249905,4444.439,1167.589,1,1,96415332081569,1168.336
0,379,300,96415332901504,96415336997472,96415337236370,4334.866,238.898,1,1,96415336996769,239.601
0,380,300,96415337816770,96415341912708,96415342301791,4485.021,389.083,1,1,96415341911969,389.822
0,381,300,96415342731916,96415348332035,96415349705251,6973.335,1373.216,1,1,96415346827169,2878.082
0,382,300,96415348332035,96415351430910,96415353129208,4797.173,1698.298,1,1,96415350923169,2206.039
0,383,300,96415351743401,96415355839299,96415356115618,4372.217,276.319,1,1,96415355838369,277.249
0,384,300,96415356658296,96415360754645,96415361231612,4573.316,476.967,1,1,96415360753569,478.043
0,385,300,96415361573772,96415364850394,96415365990202,4416.430,1139.808,1,1,96415364849569,1140.633
0,386,300,96415365669720,96415369765860,96415370001718,4331.998,235.858,1,1,96415369764769,236.949
0,387,300,96415370584957,96415374681246,96415375315977,4731.020,634.731,1,1,96415374679969,636.008
0,388,300,96415375500493,96415378780954,96415379953494,4453.001,1172.540,1,1,96415378775969,1177.525
0,389,300,96415379595921,96415383692220,96415383971199,4375.278,278.979,1,1,96415383691169,280.030
0,390,300,96415384511247,96415388608317,96415388932257,4421.010,323.940,1,1,96415388606369,325.888
0,391,300,96415389427203,96415392703075,96415393893455,4466.252,1190.380,1,1,96415392702369,1191.086
0,392,300,96415393522342,96415397618481,96415397868789,4346.447,250.308,1,1,96415397617569,251.220
0,393,300,96415398437678,96415402533637,96415402757835,4320.157,224.198,1,1,96415402532769,225.066
0,394,300,96415403352834,96415407448693,96415407728892,4376.058,280.199,1,1,96415407447969,280.923
0,395,300,96415407448693,96415411544702,96415412639999,5191.306,1095.297,1,1,96415411543969,1096.030
0,396,300,96415412363979,96415416459987,96415416786448,4422.469,326.461,1,1,96415416459169,327.279
0,397,300,96415417279045,96415421375023,96415421672894,4393.849,297.871,1,1,96415421374369,298.525
0,398,300,96415422194291,96415425471213,96415426561018,4366.727,1089.805,1,1,96415425470369,1090.649
0,399,300,96415426290269,96415430386348,96415430619396,4329.127,233.048,1,1,96415430385569,233.827
0,400,300,96415431205466,96415435301454,96415435636546,4431.080,335.092,1,1,96415435300769,335.777
0,401,300,96415436120942,96415439397442,96415440582683,4461.741,1185.241,1,1,96415439396769,1185.914
0,402,300,96415440216640,96415444697852,96415445847631,5630.991,1149.779,1,1,96415444311969,1535.662
0,403,300,96415445131966,96415449228035,96415449569186,4437.220,341.151,1,1,96415449227169,342.017
0,404,300,96415450047162,96415453323803,96415454414870,4367.708,1091.067,1,1,96415453323169,1091.701
0,405,300,96415454143071,96415458238999,96415458476348,4333.277,237.349,1,1,96415458238369,237.979
0,406,300,96415459058507,96415464433359,96415465575458,6516.951,1142.099,1,1,96415463153569,2421.889
0,407,300,96415464436639,96415468069821,96415468488245,4051.606,418.424,1,1,96415468068769,419.476
0,408,300,96415468069821,96415472165500,96415473370571,5300.750,1205.071,1,1,96415472164769,1205.802
0,409,300,96415472984818,96415477080586,96415477410667,4425.849,330.081,1,1,96415477079969,330.698
0,410,300,96415477899924,96415481996042,96415482446238,4546.314,450.196,1,1,96415481995169,451.069
0,411,300,96415482838041,96415486092050,96415487294291,4456.250,1202.241,1,1,96415486091169,1203.122
0,412,300,96415486911388,96415491009446,96415491252185,4340.797,242.739,1,1,96415491006369,245.816
0,413,300,96415491826344,96415495922993,96415496232683,4406.339,309.690,1,1,96415495921569,311.114
0,414,300,96415496742101,96415500018261,96415501151790,4409.689,1133.529,1,1,96415500017569,1134.221
0,415,300,96415500837419,96415504933557,96415505175326,4337.907,241.769,1,1,96415504932769,242.557
0,416,300,96415505752715,96415509848693,96415510201186,4448.471,352.493,1,1,96415509847969,353.217
0,417,300,96415510667891,96415513945152,96415515122772,4454.881,1177.620,1,1,96415513943969,1178.803
0,418,300,96415514764300,96415518859918,96415519111037,4346.737,251.119,1,1,96415518859169,251.868
0,419,300,96415519679096,96415523776874,96415524181858,4502.762,404.984,1,1,96415523774369,407.489
0,420,300,96415524594482,96415528690250,96415528957860,4363.378,267.610,1,1,96415528689569,268.291
0,421,300,96415528690250,96415532786379,96415533886156,5195.906,1099.777,1,1,96415532785569,1100.587
0,422,300,96415533605467,96415537701525,96415537937683,4332.216,236.158,1,1,96415537700769,236.914
0,423,300,96415538520743,96415542616701,96415542939202,4418.459,322.501,1,1,96415542615969,323.233
0,424,300,96415543435899,96415546712699,96415547819696,4383.797,1106.997,1,1,96415546711969,1107.727
0,425,300,96415547532007,96415551627856,96415551869734,4337.727,241.878,1,1,96415551627169,242.565
0,426,300,96415552447073,96415558051203,96415559678238,7231.165,1627.035,1,1,96415556542369,3135.869
0,427,300,96415558054542,96415560639300,96415561876832,3822.290,1237.532,1,1,96415560638369,1238.463
0,428,300,96415561458798,96415565555406,96415565836426,4377.628,281.020,1,1,96415565553569,282.857
0,429,300,96415566374674,96415570470092,96415570936318,4561.644,466.226,1,1,96415570468769,467.549
0,430,300,96415571289260,96415574566061,96415575749431,4460.171,1183.370,1,1,96415574564769,1184.662
0,431,300,96415575385648,96415579482387,96415579735256,4349.608,252.869,1,1,96415579479969,255.287
0,432,300,96415580301905,96415584396093,96415584613781,4311.876,217.688,1,1,96415584395168,218.613
0,433,300,96415585215191,96415589311209,96415589588448,4373.257,277.239,1,1,96415589310369,278.079
0,434,300,96415589311209,96415593407128,96415594537296,5226.087,1130.168,1,1,96415593406369,1130.927
0,435,300,96415594226255,96415598322284,96415598566772,4340.517,244.488,1,1,96415598321569,245.203
0,436,300,96415599141442,96415603237630,96415603551360,4409.918,313.730,1,1,96415603236768,314.592
0,437,300,96415604056638,96415607333408,96415608415655,4359.017,1082.247,1,1,96415607332769,1082.886
0,438,300,96415608152696,96415612248674,96415612478022,4325.326,229.348,1,1,96415612247969,230.053
0,439,300,96415613067832,96415617163961,96415617533113,4465.281,369.152,1,1,96415617163169,369.944
0,440,300,96415617983108,96415621259869,96415622368656,4385.548,1108.787,1,1,96415621259168,1109.488
0,441,300,96415622079277,96415626175235,96415626423973,4344.696,248.738,1,1,96415626174369,249.604
0,442,300,96415626994493,96415631090331,96415631354350,4359.857,264.019,1,1,96415631089569,264.781
0,443,300,96415631909539,96415635186400,96415636287857,4378.318,1101.457,1,1,96415635185569,1102.288
0,444,300,96415636010247,96415640101516,96415640356055,4345.808,254.539,1,1,96415640100768,255.287
0,445,300,96415640920844,96415645016652,96415645272391,4351.547,255.739,1,1,96415645015969,256.422
0,446,300,96415645836050,96415649931888,96415650310151,4474.101,378.263,1,1,96415649931169,378.982
0,447,300,96415649931888,96415654028096,96415655227127,5295.239,1199.031,1,1,96415654027169,1199.958
0,448,300,96415654847104,96415658943213,96415659194171,4347.067,250.958,1,1,96415658942368,251.803
0,449,300,96415659762350,96415663858319,96415664165219,4402.869,306.900,1,1,96415663857569,307.650
0,450,300,96415664677446,96415667954257,96415669052244,4374.798,1097.987,1,1,96415667953569,1098.675
0,451,300,96415668779915,96415672869553,96415673088891,4308.976,219.338,1,1,96415672868769,220.122
0,452,300,96415673688700,96415677793649,96415678869876,5181.176,1076.227,1,1,96415677783968,1085.908
0,453,300,96415678604066,96415681880928,96415683072988,4468.922,1192.060,1,1,96415681879969,1193.019
0,454,300,96415682700136,96415686856916,96415687220548,4520.412,363.632,1,1,96415686795169,425.379
0,455,300,96415687615382,96415691711320,96415692179706,4564.324,468.386,1,1,96415691710369,469.337
0,456,300,96415692530607,96415695807478,96415697080282,4549.675,1272.804,1,1,96415695806368,1273.914
0,457,300,96415696626836,96415700722875,96415701821111,5194.275,1098.236,1,1,96415700721569,1099.542
0,458,300,96415701541822,96415707332338,96415708728835,7187.013,1396.497,1,1,96415705636769,3092.066
0,459,300,96415707336548,96415711016092,96415711555350,4218.802,539.258,1,1,96415710551969,1003.381
0,460,300,96415711016092,96415714648935,96415715751683,4735.591,1102.748,1,1,96415714647969,1103.714
0,461,300,96415715468582,96415719564321,96415721983413,6514.831,2419.092,1,1,96415719563169,2420.244
0,462,300,96415720383808,96415724479477,96415724792388,4408.580,312.911,1,1,96415724478369,314.019
0,463,300,96415725298615,96415730030744,96415731901888,6603.273,1871.144,1,1,96415728574369,3327.519
0,464,300,96415730036435,96415733490522,96415733730890,3694.455,240.368,1,1,96415733489569,241.321
0,465,300,96415734309739,96415738405747,96415738804401,4494.662,398.654,1,1,96415738404769,399.632
0,466,300,96415739224985,96415745026911,96415747662450,8437.465,2635.539,1,1,96415742500769,5161.681
0,467,300,96415745031562,96415747416852,96415748082385,3050.823,665.533,1,1,96415747415969,666.416
0,468,300,96415748236250,96415752332408,96415752638238,4401.988,305.830,1,1,96415752331169,307.069
0,469,300,96415753151546,96415756428647,96415757561225,4409.679,1132.578,1,1,96415756427169,1134.056
0,470,300,96415757248244,96415761343993,96415764659625,7411.381,3315.632,1,1,96415761342369,3317.256
0,471,300,96415763026320,96415766258499,96415766617792,3591.472,359.293,1,1,96415766257569,360.223
0,472,300,96415767078067,96415771174975,96415771531178,4453.111,356.203,1,1,96415771172769,358.409
0,473,300,96415771174975,96415775269693,96415779762496,8587.521,4492.803,1,1,96415775268769,4493.727
0,474,300,96415778020927,96415780184759,96415780809821,2788.894,625.062,1,1,96415780183969,625.852
0,475,300,96415781022568,96415785100266,96415785413217,4390.649,312.951,1,1,96415785099169,314.048
0,476,300,96415786029317,96415789196354,96415790325152,4295.835,1128.798,1,1,96415789195169,1129.983
0,477,300,96415790015492,96415794111390,96415794567476,4551.984,456.086,1,1,96415794110369,457.107
0,478,300,96415794930688,96415799028086,96415800290049,5359.361,1261.963,1,1,96415799025569,1264.480
0,479,300,96415799845714,96415803122515,96415804318075,4472.361,1195.560,1,1,96415803121569,1196.506
0,480,300,96415803941732,96415808037731,96415808289040,4347.308,251.309,1,1,96415808036769,252.271
0,481,300,96415809012464,96415812952887,96415813337781,4325.317,384.894,1,1,96415812951969,385.812
0,482,300,96415813778526,96415817048855,96415818467553,4689.027,1418.698,1,1,96415817047969,1419.584
0,483,300,96415817868123,96415821964231,96415823060789,5192.666,1096.558,1,1,96415821963169,1097.620
0,484,300,96415822783329,96415826879278,96415827106626,4323.297,227.348,1,1,96415826878369,228.257
0,485,300,96415827698305,96415831794504,96415832128575,4430.270,334.071,1,1,96415831793569,335.006
0,486,300,96415831794504,96415835890272,96415836983879,5189.375,1093.607,1,1,96415835889569,1094.310
0,487,300,96415836709890,96415840805508,96415841057227,4347.337,251.719,1,1,96415840804769,252.458
0,488,300,96415841624686,96415845720744,96415846058486,4433.800,337.742,1,1,96415845719969,338.517
0,489,300,96415846539882,96415849816723,96415850925171,4385.289,1108.448,1,1,96415849815969,1109.202
0,490,300,96415850635861,96415854732189,96415854978397,4342.536,246.208,1,1,96415854731169,247.228
0,491,300,96415855551377,96415859647095,96415859946235,4394.858,299.140,1,1,96415859646369,299.866
0,492,300,96415860466593,96415863743183,96415864834900,4368.307,1091.717,1,1,96415863742369,1092.531
0,493,300,96415864562421,96415868658290,96415868907928,4345.507,249.638,1,1,96415868657569,250.359
0,494,300,96415869477458,96415873573446,96415873856305,4378.847,282.859,1,1,96415873572769,283.536
0,495,300,96415874392694,96415877669524,96415878813872,4421.178,1144.348,1,1,96415877668769,1145.103
0,496,300,96415878488732,96415882584740,96415883681708,5192.976,1096.968,1,1,96415882583969,1097.739
0,497,300,96415883404058,96415887499927,96415887750555,4346.497,250.628,1,1,96415887499169,251.386
0,498,300,96415888319164,96415892415063,96415892680592,4361.428,265.529,1,1,96415892414369,266.223
0,499,300,96415892415063,96415896511101,96415897596548,5181.485,1085.447,1,1,96415896510369,1086.179
0,500,300,96415897330339,96415901426287,96415901666586,4336.247,240.299,1,1,96415901425569,241.017
0,501,300,96415902245525,96415906341423,96415906671325,4425.800,329.902,1,1,96415906340769,330.556
0,502,300,96415907160641,96415910437552,96415911538189,4377.548,1100.637,1,1,96415910436769,1101.420
0,503,300,96415911256820,96415915352768,96415915596786,4339.966,244.018,1,1,96415915351969,244.817
0,504,300,96415916172106,96415920267934,96415920607156,4435.050,339.222,1,1,96415920267169,339.987
0,505,300,96415921087422,96415924364272,96415925459649,4372.227,1095.377,1,1,96415924363169,1096.480
0,506,300,96415925183370,96415929279079,96415929507947,4324.577,228.868,1,1,96415929278369,229.578
0,507,300,96415930098296,96415934194235,96415934534087,4435.791,339.852,1,1,96415934193569,340.518
0,508,300,96415935013563,96415938290223,96415939381000,4367.437,1090.777,1,1,96415938289569,1091.431
0,509,300,96415939109511,96415943205459,96415944303546,5194.035,1098.087,1,1,96415943204769,1098.777
0,510,300,96415944024667,96415948120725,96415948338913,4314.246,218.188,1,1,96415948119969,218.944
0,511,300,96415948939883,96415953035932,96415953313450,4373.567,277.518,1,1,96415953035169,278.281
0,512,300,96415953035932,96415957131990,96415958253827,5217.895,1121.837,1,1,96415957131169,1122.658
0,513,300,96415957951188,96415962047036,96415962277524,4326.336,230.488,1,1,96415962046369,231.155
0,514,300,96415962866384,96415966962572,96415967277803,4411.419,315.231,1,1,96415966961569,316.234
0,515,300,96415967781540,96415971058351,96415972169997,4388.457,1111.646,1,1,96415971057569,1112.428
0,516,300,96415971877458,96415975973707,96415976307938,4430.480,334.231,1,1,96415975972769,335.169
0,517,300,96415976792945,96415980888993,96415981238194,4445.249,349.201,1,1,96415980887969,350.225
0,518,300,96415981707880,96415984984691,96415986083789,4375.909,1099.098,1,1,96415984983969,1099.820
0,519,300,96415985803849,96415989899927,96415990141825,4337.976,241.898,1,1,96415989899169,242.656
0,520,300,96415990719185,96415994815154,96415995096093,4376.908,280.939,1,1,96415994814369,281.724
0,521,300,96415995634312,96415998911132,96416000043140,4408.828,1132.008,1,1,96415998910369,1132.771
0,522,300,96415999730390,96416003826248,96416004930805,5200.415,1104.557,1,1,96416003825569,1105.236
0,523,300,96416004645415,96416008741644,96416009122847,4477.432,381.203,1,1,96416008740769,382.078
0,524,300,96416009560761,96416013656721,96416013938840,4378.079,282.119,1,1,96416013655969,282.871
0,525,300,96416013656721,96416017752639,96416018855096,5198.375,1102.457,1,1,96416017751969,1103.127
0,526,300,96416018571866,96416022668035,96416022907883,4336.017,239.848,1,1,96416022667169,240.714
0,527,300,96416023487142,96416027583041,96416027901412,4414.270,318.371,1,1,96416027582369,319.043
0,528,300,96416028402488,96416031679100,96416032839618,4437.130,1160.518,1,1,96416031678369,1161.249
0,529,300,96416032498366,96416036594206,96416036829723,4331.357,235.517,1,1,96416036593569,236.154
0,530,300,96416037413483,96416041509842,96416041802481,4388.998,292.639,1,1,96416041508769,293.712
0,531,300,96416042328899,96416045605600,96416046800890,4471.991,1195.290,1,1,96416045604769,1196.121
0,532,300,96416046424817,96416050520646,96416050764144,4339.327,243.498,1,1,96416050519969,244.175
0,533,300,96416051339933,96416055435892,96416055705461,4365.528,269.569,1,1,96416055435169,270.292
0,534,300,96416056255059,96416059531901,96416060632277,4377.218,1100.376,1,1,96416059531169,1101.108
0,535,300,96416060351408,96416064447127,96416065537003,5185.595,1089.876,1,1,96416064446369,1090.634
0,536,300,96416065266374,96416069362322,96416069747216,4480.842,384.894,1,1,96416069361569,385.647
0,537,300,96416070181440,96416074277478,96416074605540,4424.100,328.062,1,1,96416074276769,328.771
0,538,300,96416074277478,96416078373637,96416079470754,5193.276,1097.117,1,1,96416078372769,1097.985
0,539,300,96416079192735,96416083288703,96416083538472,4345.737,249.769,1,1,96416083287969,250.503
0,540,300,96416084107871,96416088203879,96416088494679,4386.808,290.800,1,1,96416088203169,291.510
0,541,300,96416089023177,96416092299858,96416093399245,4376.068,1099.387,1,1,96416092299169,1100.076
0,542,300,96416093119175,96416097215174,96416097456662,4337.487,241.488,1,1,96416097214369,242.293
0,543,300,96416098034301,96416102130460,96416102418780,4384.479,288.320,1,1,96416102129569,289.211
0,544,300,96416102949528,96416106226228,96416107381648,4432.120,1155.420,1,1,96416106225569,1156.079
0,545,300,96416107045516,96416111141814,96416111350441,4304.925,208.627,1,1,96416111140769,209.672
0,546,300,96416111960942,96416116056780,96416116323930,4362.988,267.150,1,1,96416116055969,267.961
0,547,300,96416116875988,96416120152639,96416121250456,4374.468,1097.817,1,1,96416120151969,1098.487
0,548,300,96416120971977,96416125067895,96416126164703,5192.726,1096.808,1,1,96416125067169,1097.534
0,549,300,96416125887233,96416129983331,96416130252780,4365.547,269.449,1,1,96416129982369,270.411
0,550,300,96416130802909,96416134898467,96416135240279,4437.370,341.812,1,1,96416134897569,342.710
0,551,300,96416134898467,96416138994296,96416140089903,5191.436,1095.607,1,1,96416138993569,1096.334
0,552,300,96416139813573,96416143909482,96416144155060,4341.487,245.578,1,1,96416143908769,246.291
0,553,300,96416144728770,96416148824738,96416149154669,4425.899,329.931,1,1,96416148823969,330.700
0,554,300,96416149644006,96416152920776,96416154032074,4388.068,1111.298,1,1,96416152919969,1112.105
0,555,300,96416153739884,96416157836082,96416158082741,4342.857,246.659,1,1,96416157835169,247.572
0,556,300,96416158655030,96416162751079,96416163026758,4371.728,275.679,1,1,96416162750369,276.389
0,557,300,96416163570537,96416166847037,96416167939984,4369.447,1092.947,1,1,96416166846369,1093.615
0,558,300,96416167666265,96416171762233,96416172012872,4346.607,250.639,1,1,96416171761569,251.303
0,559,300,96416172581501,96416176677479,96416176972979,4391.478,295.500,1,1,96416176676769,296.210
0,560,300,96416177496667,96416180773588,96416182049461,4552.794,1275.873,1,1,96416180772769,1276.692
0,561,300,96416181592816,96416185688734,96416186801982,5209.166,1113.248,1,1,96416185687969,1114.013
0,562,300,96416186507922,96416190603940,96416190861649,4353.727,257.709,1,1,96416190603169,258.480
0,563,300,96416191423248,96416195519096,96416195847937,4424.689,328.841,1,1,96416195518369,329.568
0,564,300,96416195519096,96416199615095,96416200721892,5202.796,1106.797,1,1,96416199614369,1107.523
0,565,300,96416200434292,96416204530241,96416204762519,4328.227,232.278,1,1,96416204529569,232.950
0,566,300,96416205349419,96416209445397,96416209746997,4397.578,301.600,1,1,96416209444769,302.228
0,567,300,96416210264695,96416213542095,96416214622872,4358.177,1080.777,1,1,96416213540769,1082.103
0,568,300,96416214360753,96416218456681,96416218698420,4337.667,241.739,1,1,96416218455969,242.451
0,569,300,96416219275869,96416223371838,96416223782842,4506.973,411.004,1,1,96416223371169,411.673
0,570,300,96416224191095,96416227467826,96416228575653,4384.558,1107.827,1,1,96416227467169,1108.484
0,571,300,96416228287094,96416232383192,96416232598490,4311.396,215.298,1,1,96416232382369,216.121
0,572,300,96416233202280,96416237298288,96416237581188,4378.908,282.900,1,1,96416237297569,283.619
0,573,300,96416238117486,96416241394337,96416242566197,4448.711,1171.860,1,1,96416241393569,1172.628
0,574,300,96416242213504,96416246309523,96416247398070,5184.566,1088.547,1,1,96416246308769,1089.301
0,575,300,96416247128661,96416251225109,96416251592151,4463.490,367.042,1,1,96416251223969,368.182
0,576,300,96416252043907,96416256139885,96416256429224,4385.317,289.339,1,1,96416256139169,290.055
0,577,300,96416256139885,96416260235873,96416261330700,5190.815,1094.827,1,1,96416260235169,1095.531
0,578,300,96416261055121,96416265151510,96416265590425,4535.304,438.915,1,1,96416265150369,440.056
0,579,300,96416265970707,96416270066256,96416270371816,4401.109,305.560,1,1,96416270065569,306.247
0,580,300,96416270885614,96416274162324,96416275241841,4356.227,1079.517,1,1,96416274161569,1080.272
0,581,300,96416274981472,96416279078510,96416279324678,4343.206,246.168,1,1,96416279076769,247.909
0,582,300,96416279896728,96416283992716,96416284289896,4393.168,297.180,1,1,96416283991969,297.927
0,583,300,96416284811934,96416288088915,96416289181072,4369.138,1092.157,1,1,96416288087969,1093.103
0,584,300,96416288907983,96416293011521,96416293260950,4352.967,249.429,1,1,96416293003169,257.781
0,585,300,96416293823149,96416297919157,96416298189636,4366.487,270.479,1,1,96416297918369,271.267
0,586,300,96416298738325,96416302015225,96416303192075,4453.750,1176.850,1,1,96416302014369,1177.706
0,587,300,96416302834463,96416306930312,96416308019459,5184.996,1089.147,1,1,96416306929569,1089.890
0,588,300,96416307749579,96416311845498,96416312109456,4359.877,263.958,1,1,96416311844769,264.687
0,589,300,96416312664646,96416316760844,96416317041654,4377.008,280.810,1,1,96416316759969,281.685
0,590,300,96416316760844,96416320856762,96416321950569,5189.725,1093.807,1,1,96416320855969,1094.600
0,591,300,96416321675900,96416325779318,96416326106110,4430.210,326.792,1,1,96416325771169,334.941
0,592,300,96416326591136,96416330687135,96416331004975,4413.839,317.840,1,1,96416330686369,318.606
0,593,300,96416331506422,96416334783213,96416335891630,4385.208,1108.417,1,1,96416334782369,1109.261
0,594,300,96416335602491,96416339698379,96416340037960,4435.469,339.581,1,1,96416339697569,340.391
0,595,300,96416340518137,96416344613495,96416344908405,4390.268,294.910,1,1,96416344612769,295.636
0,596,300,96416345432722,96416348709554,96416349908314,4475.592,1198.760,1,1,96416348708769,1199.545
0,597,300,96416349528652,96416353624790,96416353884158,4355.506,259.368,1,1,96416353623969,260.189
0,598,300,96416354443837,96416358539976,96416358825605,4381.768,285.629,1,1,96416358539169,286.436
0,599,300,96416359359083,96416362635834,96416363802794,4443.711,1166.960,1,1,96416362635169,1167.625
0,600,300,96416363455151,96416367551171,96416368628416,5173.265,1077.245,1,1,96416367550369,1078.047
0,601,300,96416368370307,96416372466237,96416372688144,4317.837,221.907,1,1,96416372465569,222.575
0,602,300,96416373285494,96416377381422,96416377655862,4370.368,274.440,1,1,96416377380769,275.093
0,603,300,96416377381422,96416381477431,96416382571448,5190.026,1094.017,1,1,96416381476769,1094.679
0,604,300,96416382296668,96416386392836,96416386642285,4345.617,249.449,1,1,96416386391969,250.316
0,605,300,96416387211914,96416391308263,96416391611593,4399.679,303.330,1,1,96416391307169,304.424
0,606,300,96416392127190,96416395403932,96416396504638,4377.448,1100.706,1,1,96416395403169,1101.469
0,607,300,96416396223139,96416400319317,96416400567336,4344.197,248.019,1,1,96416400318369,248.967
0,608,300,96416401138725,96416405234273,96416405522663,4383.938,288.390,1,1,96416405233569,289.094
0,609,300,96416406053561,96416409330273,96416410546343,4492.782,1216.070,1,1,96416409329569,1216.774
0,610,300,96416410149549,96416414245458,96416414483416,4333.867,237.958,1,1,96416414244769,238.647
0,611,300,96416415064716,96416419160724,96416419427043,4362.327,266.319,1,1,96416419159969,267.074
0,612,300,96416419980022,96416423256683,96416424353670,4373.648,1096.987,1,1,96416423255969,1097.701
0,613,300,96416424075840,96416428171928,96416429249235,5173.395,1077.307,1,1,96416428171169,1078.066
0,614,300,96416428991196,96416433087135,96416433473578,4482.382,386.443,1,1,96416433086369,387.209
0,615,300,96416433906302,96416438010421,96416438331172,4424.870,320.751,1,1,96416438001569,329.603
0,616,300,96416438010421,96416442098429,96416443171896,5161.475,1073.467,1,1,96416442097569,1074.327
0,617,300,96416442917617,96416447013515,96416447248303,4330.686,234.788,1,1,96416447012769,235.534
0,618,300,96416447832763,96416451928961,96416452263333,4430.570,334.372,1,1,96416451927969,335.364
0,619,300,96416452748259,96416456024810,96416457119018,4370.759,1094.208,1,1,96416456023969,1095.049
0,620,300,96416456843938,96416460939846,96416461185474,4341.536,245.628,1,1,96416460939169,246.305
0,621,300,96416461759194,96416465855152,96416466147992,4388.798,292.840,1,1,96416465854369,293.623
0,622,300,96416466674400,96416469951360,96416471049548,4375.148,1098.188,1,1,96416469950369,1099.179
0,623,300,96416470776679,96416474866337,96416475091385,4314.706,225.048,1,1,96416474865569,225.816
0,624,300,96416475685505,96416479781523,96416480184247,4498.742,402.724,1,1,96416479780769,403.478
0,625,300,96416480600611,96416483877481,96416484984239,4383.628,1106.758,1,1,96416483876769,1107.470
0,626,300,96416484696819,96416488792687,96416489898315,5201.496,1105.628,1,1,96416488791969,1106.346
0,627,300,96416489611845,96416493707954,96416494095587,4483.742,387.633,1,1,96416493707169,388.418
0,628,300,96416494527131,96416498623040,96416498978652,4451.521,355.612,1,1,96416498622369,356.283
0,629,300,96416498623040,96416502719118,96416503817906,5194.866,1098.788,1,1,96416502718369,1099.537
0,630,300,96416503538226,96416507634364,96416507980146,4441.920,345.782,1,1,96416507633569,346.577
0,631,300,96416508453502,96416512549480,96416512868811,4415.309,319.331,1,1,96416512548769,320.042
0,632,300,96416513368668,96416516645489,96416517886910,4518.242,1241.421,1,1,96416516644769,1242.141
0,633,300,96416517464647,96416521561095,96416521810453,4345.806,249.358,1,1,96416521559969,250.484
0,634,300,96416522380083,96416526475831,96416526758301,4378.218,282.470,1,1,96416526475169,283.132
0,635,300,96416527295159,96416530571909,96416531801762,4506.603,1229.853,1,1,96416530571169,1230.593
0,636,300,96416531391007,96416535487096,96416535723773,4332.766,236.677,1,1,96416535486369,237.404
0,637,300,96416536306263,96416540402402,96416540673521,4367.258,271.119,1,1,96416540401569,271.952
0,638,300,96416541221480,96416544498400,96416545615358,4393.878,1116.958,1,1,96416544497569,1117.789
0,639,300,96416545317458,96416549413426,96416550510293,5192.835,1096.867,1,1,96416549412769,1097.524
0,640,300,96416550233244,96416554328742,96416554569531,4336.287,240.789,1,1,96416554327969,241.562
0,641,300,96416555147870,96416559243889,96416559560559,4412.689,316.670,1,1,96416559243169,317.390
0,642,300,96416559243889,96416563340077,96416564414184,5170.295,1074.107,1,1,96416563339169,1075.015
0,643,300,96416564159275,96416568255053,96416568495442,4336.167,240.389,1,1,96416568254369,241.073
0,644,300,96416569074151,96416573170439,96416573485940,4411.789,315.501,1,1,96416573169569,316.371
0,645,300,96416573989797,96416577266298,96416578359014,4369.217,1092.716,1,1,96416577265569,1093.445
0,646,300,96416578085665,96416582181474,96416582430492,4344.827,249.018,1,1,96416582180769,249.723
0,647,300,96416583012692,96416587097540,96416587377690,4364.998,280.150,1,1,96416587095969,281.721
0,648,300,96416587916608,96416591192928,96416592286455,4369.847,1093.527,1,1,96416591191969,1094.486
0,649,300,96416592014776,96416596108194,96416596362533,4347.757,254.339,1,1,96416596107169,255.364
0,650,300,96416596927162,96416601023131,96416601358562,4431.400,335.431,1,1,96416601022369,336.193
0,651,300,96416601842268,96416605119019,96416606208606,4366.338,1089.587,1,1,96416605118369,1090.237
0,652,300,96416605938747,96416610034335,96416611133743,5194.996,1099.408,1,1,96416610033569,1100.174
0,653,300,96416610853543,96416614949491,96416615181979,4328.436,232.488,1,1,96416614948769,233.210
0,654,300,96416615777269,96416619865017,96416620142006,4364.737,276.989,1,1,96416619863969,278.037
0,655,300,96416619865017,96416623961356,96416625048293,5183.276,1086.937,1,1,96416623959969,1088.324
0,656,300,96416624780574,96416628876272,96416629117109,4336.535,240.837,1,1,96416628875169,241.940
0,657,300,96416629695390,96416633791288,96416634096379,4400.989,305.091,1,1,96416633790369,306.010
0,658,300,96416634610276,96416637887196,96416638975313,4365.037,1088.117,1,1,96416637886369,1088.944
0,659,300,96416638706434,96416642802323,96416643236657,4530.223,434.334,1,1,96416642801569,435.088
0,660,300,96416643621401,96416647717359,96416648024529,4403.128,307.170,1,1,96416647716769,307.760
0,661,300,96416648536607,96416651813437,96416652920484,4383.877,1107.047,1,1,96416651812769,1107.715
0,662,300,96416652632675,96416656729063,96416656982751,4350.076,253.688,1,1,96416656727969,254.782
0,663,300,96416657547881,96416661643990,96416661923498,4375.617,279.508,1,1,96416661643169,280.329
0,664,300,96416662463126,96416665739888,96416666917558,4454.432,1177.670,1,1,96416665739169,1178.389
0,665,300,96416666559176,96416670655114,96416671747921,5188.745,1092.807,1,1,96416670654369,1093.552
0,666,300,96416671474762,96416675570450,96416675969483,4494.721,399.033,1,1,96416675569569,399.914
0,667,300,96416676389687,96416680485616,96416680753825,4364.138,268.209,1,1,96416680484769,269.056
0,668,300,96416681304853,96416684581635,96416685683542,4378.689,1101.907,1,1,96416684580769,1102.773
0,669,300,96416685400622,96416689496671,96416689750699,4350.077,254.028,1,1,96416689495969,254.730
0,670,300,96416690315828,96416694411957,96416694706126,4390.298,294.169,1,1,96416694411169,294.957
0,671,300,96416695231074,96416698507975,96416699647704,4416.630,1139.729,1,1,96416698507169,1140.535
0,672,300,96416699327142,96416703423022,96416703673520,4346.378,250.498,1,1,96416703422369,251.151
0,673,300,96416704242498,96416708338227,96416708625887,4383.389,287.660,1,1,96416708337569,288.318
0,674,300,96416709157555,96416712434296,96416713563674,4406.119,1129.378,1,1,96416712433569,1130.105
0,675,300,96416713253443,96416717349441,96416717581819,4328.376,232.378,1,1,96416717348769,233.050
0,676,300,96416718168719,96416722264677,96416722563958,4395.239,299.281,1,1,96416722263969,299.989
0,677,300,96416723083975,96416726361097,96416727463904,4379.929,1102.807,1,1,96416726359969,1103.935
0,678,300,96416727180444,96416731275973,96416732381940,5201.496,1105.967,1,1,96416731275169,1106.771
0,679,300,96416732095200,96416736191178,96416736442657,4347.457,251.479,1,1,96416736190369,252.288
0,680,300,96416737010396,96416741106274,96416741416835,4406.439,310.561,1,1,96416741105569,311.266
0,681,300,96416741925982,96416745202353,96416746289210,4363.228,1086.857,1,1,96416745201569,1087.641
0,682,300,96416746021460,96416750117679,96416750363067,4341.607,245.388,1,1,96416750116769,246.298
0,683,300,96416750936677,96416755032795,96416755327765,4391.088,294.970,1,1,96416755031969,295.796
0,684,300,96416755851843,96416759128653,96416760337315,4485.472,1208.662,1,1,96416759127969,1209.346
0,685,300,96416759948411,96416764043869,96416764381751,4433.340,337.882,1,1,96416764043169,338.582
0,686,300,96416764863067,96416768959136,96416769298087,4435.020,338.951,1,1,96416768958369,339.718
0,687,300,96416769778443,96416773055354,96416774271756,4493.313,1216.402,1,1,96416773054369,1217.387
0,688,300,96416773874472,96416777970330,96416778196848,4322.376,226.518,1,1,96416777969569,227.279
0,689,300,96416778789518,96416782885716,96416783258749,4469.231,373.033,1,1,96416782884769,373.980
0,690,300,96416783704694,96416786981565,96416788084922,4380.228,1103.357,1,1,96416786980769,1104.153
0,691,300,96416787800742,96416791896681,96416792999748,5199.006,1103.067,1,1,96416791895969,1103.779
0,692,300,96416792716329,96416796811907,96416797055625,4339.296,243.718,1,1,96416796811169,244.456
0,693,300,96416797631135,96416801727023,96416802056384,4425.249,329.361,1,1,96416801726369,330.015
0,694,300,96416802546321,96416805823301,96416806925339,4379.018,1102.038,1,1,96416805822369,1102.970
0,695,300,96416806642449,96416810738478,96416810990907,4348.458,252.429,1,1,96416810737569,253.338
0,696,300,96416811557516,96416815653514,96416815973555,4416.039,320.041,1,1,96416815652769,320.786
0,697,300,96416816472632,96416819749442,96416820839889,4367.257,1090.447,1,1,96416819748769,1091.120
0,698,300,96416820568710,96416824664688,96416824919967,4351.257,255.279,1,1,96416824663969,255.998
0,699,300,96416825483956,96416829579925,96416829964587,4480.631,384.662,1,1,96416829579169,385.418
0,700,300,96416830399112,96416833675933,96416834763640,4364.528,1087.707,1,1,96416833675169,1088.471
0,701,300,96416834495131,96416838591229,96416838851418,4356.287,260.189,1,1,96416838590369,261.049
0,702,300,96416839410397,96416843506285,96416843850097,4439.700,343.812,1,1,96416843505569,344.528
0,703,300,96416844325443,96416847602164,96416848764353,4438.910,1162.189,1,1,96416847601569,1162.784
0,704,300,96416848421561,96416852517520,96416853617897,5196.336,1100.377,1,1,96416852516769,1101.128
0,705,300,96416853336678,96416857432806,96416857652293,4315.615,219.487,1,1,96416857431969,220.324
0,706,300,96416858251954,96416862348152,96416862622771,4370.817,274.619,1,1,96416862347169,275.602
0,707,300,96416863167350,96416866443900,96416867531987,4364.637,1088.087,1,1,96416866443169,1088.818
0,708,300,96416867263118,96416871359167,96416871598064,4334.946,238.897,1,1,96416871358369,239.695
0,709,300,96416872178364,96416876274303,96416876580503,4402.139,306.200,1,1,96416876273569,306.934
0,710,300,96416877093511,96416880370231,96416881497899,4404.388,1127.668,1,1,96416880369569,1128.330
0,711,300,96416881189659,96416885285617,96416885618598,4428.939,332.981,1,1,96416885284769,333.829
0,712,300,96416886104815,96416890200673,96416890487393,4382.578,286.720,1,1,96416890199969,287.424
0,713,300,96416891020021,96416894296832,96416895377898,4357.877,1081.066,1,1,96416894295969,1081.929
0,714,300,96416895115920,96416899211908,96416899601411,4485.491,389.503,1,1,96416899211169,390.242
0,715,300,96416900031096,96416904127234,96416904400923,4369.827,273.689,1,1,96416904126369,274.554
0,716,300,96416904946262,96416909042270,96416909403602,4457.340,361.332,1,1,96416909041569,362.033
0,717,300,96416909042270,96416913138259,96416914241956,5199.686,1103.697,1,1,96416913137569,1104.387
0,718,300,96416913957696,96416918053445,96416918465018,4507.322,411.573,1,1,96416918052769,412.249
0,719,300,96416918872733,96416922968721,96416923241410,4368.677,272.689,1,1,96416922967969,273.441
0,720,300,96416923788029,96416927064749,96416928163857,4375.828,1099.108,1,1,96416927063969,1099.888
0,721,300,96416927883867,96416931979915,96416932220803,4336.936,240.888,1,1,96416931979169,241.634
0,722,300,96416932799103,96416936895272,96416937243233,4444.130,347.961,1,1,96416936894369,348.864
0,723,300,96416937714290,96416940991140,96416942200211,4485.921,1209.071,1,1,96416940990369,1209.842
0,724,300,96416941810448,96416945906356,96416946242007,4431.559,335.651,1,1,96416945905569,336.438
0,725,300,96416946725854,96416950821432,96416951235076,4509.222,413.644,1,1,96416950820769,414.307
0,726,300,96416951640670,96416954917421,96416956022938,4382.268,1105.517,1,1,96416954916769,1106.169
0,727,300,96416955736619,96416959832817,96416960091915,4355.296,259.098,1,1,96416959831969,259.946
0,728,300,96416960651805,96416964747863,96416965028893,4377.088,281.030,1,1,96416964747169,281.724
0,729,300,96416965567111,96416969663449,96416969945569,4378.458,282.120,1,1,96416969662369,283.200
0,730,300,96416969663449,96416973759118,96416974927267,5263.818,1168.149,1,1,96416973758369,1168.898
0,731,300,96416974578215,96416978674324,96416979070777,4492.562,396.453,1,1,96416978673569,397.208
0,732,300,96416979493662,96416983589510,96416983880649,4386.987,291.139,1,1,96416983588769,291.880
0,733,300,96416984408707,96416987685478,96416988763755,4355.048,1078.277,1,1,96416987684769,1078.986
0,734,300,96416988504646,96416992600714,96416992866543,4361.897,265.829,1,1,96416992599969,266.574
0,735,300,96416993419911,96416997516171,96416997830980,4411.069,314.809,1,1,96416997515169,315.811
0,736,300,96416998335457,96417001611949,96417002716106,4380.649,1104.157,1,1,96417001611169,1104.937
0,737,300,96417002431217,96417006527115,96417006783493,4352.276,256.378,1,1,96417006526369,257.124
0,738,300,96417007346312,96417011442291,96417011724621,4378.309,282.330,1,1,96417011441569,283.052
0,739,300,96417012261528,96417015538700,96417016714399,4452.871,1175.699,1,1,96417015537569,1176.830
0,740,300,96417016357817,96417020453636,96417020710714,4352.897,257.078,1,1,96417020452769,257.945
0,741,300,96417021272713,96417025368752,96417025706463,4433.750,337.711,1,1,96417025367969,338.494
0,742,300,96417026187879,96417030283867,96417030644730,4456.851,360.863,1,1,96417030283169,361.561
0,743,300,96417030283867,96417034379896,96417035470263,5186.396,1090.367,1,1,96417034379169,1091.094
0,744,300,96417035199223,96417039295042,96417039544951,4345.728,249.909,1,1,96417039294369,250.582
0,745,300,96417040114279,96417044210228,96417044494638,4380.359,284.410,1,1,96417044209569,285.069
0,746,300,96417045029726,96417048306337,96417049395443,4365.717,1089.106,1,1,96417048305569,1089.874
0,747,300,96417049125544,96417053221492,96417053468351,4342.807,246.859,1,1,96417053220769,247.582
0,748,300,96417054040730,96417058136748,96417058434779,4394.049,298.031,1,1,96417058135969,298.810
0,749,300,96417058955956,96417062232788,96417063318494,4362.538,1085.706,1,1,96417062231969,1086.525
0,750,300,96417063051855,96417067148273,96417067388241,4336.386,239.968,1,1,96417067147169,241.072
0,751,300,96417067967431,96417072063089,96417072348909,4381.478,285.820,1,1,96417072062369,286.540
0,752,300,96417072882297,96417076159298,96417077330107,4447.810,1170.809,1,1,96417076158369,1171.738
0,753,300,96417076978205,96417081074464,96417081315352,4337.147,240.888,1,1,96417081073569,241.783
0,754,300,96417081893641,96417085989760,96417086364543,4470.902,374.783,1,1,96417085988769,375.774
0,755,300,96417086808778,96417090904706,96417091189546,4380.768,284.840,1,1,96417090903969,285.577
0,756,300,96417090904706,96417095000684,96417096162384,5257.678,1161.700,1,1,96417094999969,1162.415
0,757,300,96417095819892,96417099915950,96417100154129,4334.237,238.179,1,1,96417099915169,238.960
0,758,300,96417100735108,96417104831107,96417105089765,4354.657,258.658,1,1,96417104830369,259.396
0,759,300,96417105650255,96417108927035,96417110023923,4373.668,1096.888,1,1,96417108926369,1097.554
0,760,300,96417109746313,96417113842341,96417114088139,4341.826,245.798,1,1,96417113841569,246.570
0,761,300,96417114661479,96417118757427,96417119067979,4406.500,310.552,1,1,96417118756769,311.210
0,762,300,96417119576665,96417122853456,96417124047697,4471.032,1194.241,1,1,96417122852769,1194.928
0,763,300,96417123672814,96417127777332,96417128010830,4338.016,233.498,1,1,96417127767969,242.861
0,764,300,96417128587860,96417132683838,96417132973648,4385.788,289.810,1,1,96417132683169,290.479
0,765,300,96417133503686,96417136780146,96417137951266,4447.580,1171.120,1,1,96417136779169,1172.097
0,766,300,96417137599454,96417141695183,96417141933801,4334.347,238.618,1,1,96417141694369,239.432
0,767,300,96417142514260,96417146610309,96417146894828,4380.568,284.519,1,1,96417146609569,285.259
0,768,300,96417147429827,96417151525845,96417151802165,4372.338,276.320,1,1,96417151524769,277.396
0,769,300,96417151525845,96417155621653,96417156726360,5200.515,1104.707,1,1,96417155620769,1105.591
0,770,300,96417156440861,96417160536709,96417160931033,4490.172,394.324,1,1,96417160535969,395.064
0,771,300,96417161355917,96417165451846,96417165795627,4439.710,343.781,1,1,96417165451169,344.458
0,772,300,96417166271233,96417169548074,96417170653811,4382.578,1105.737,1,1,96417169547169,1106.642
0,773,300,96417170367152,96417174463110,96417174719169,4352.017,256.059,1,1,96417174462369,256.800
0,774,300,96417175282198,96417179378726,96417179677516,4395.318,298.790,1,1,96417179377569,299.947
0,775,300,96417180197644,96417183474175,96417184586592,4388.948,1112.417,1,1,96417183473569,1113.023
0,776,300,96417184293402,96417188389531,96417188638459,4345.057,248.928,1,1,96417188388769,249.690
0,777,300,96417189208839,96417193304677,96417193598457,4389.618,293.780,1,1,96417193303969,294.488
0,778,300,96417194123925,96417197400645,96417198561405,4437.480,1160.760,1,1,96417197399969,1161.436
0,779,300,96417198219903,96417202316351,96417202555760,4335.857,239.409,1,1,96417202315169,240.591
0,780,300,96417203135119,96417207231148,96417207502787,4367.668,271.639,1,1,96417207230369,272.418
0,781,300,96417208050255,96417212146504,96417212507626,4457.371,361.122,1,1,96417212145569,362.057
0,782,300,96417212146504,96417216242382,96417217394261,5247.757,1151.879,1,1,96417216241569,1152.692
0,783,300,96417217061660,96417221157588,96417221388206,4326.546,230.618,1,1,96417221156769,231.437
0,784,300,96417221977076,96417226072684,96417226349403,4372.327,276.719,1,1,96417226071969,277.434
0,785,300,96417226891842,96417230168663,96417231260510,4368.668,1091.847,1,1,96417230167969,1092.541
0,786,300,96417230987831,96417235084189,96417235328147,4340.316,243.958,1,1,96417235083169,244.978
0,787,300,96417235903167,96417239999085,96417240218973,4315.806,219.888,1,1,96417239998369,220.604
0,788,300,96417240818213,96417244095193,96417245295754,4477.541,1200.561,1,1,96417244094369,1201.385
0,789,300,96417244914391,96417249010480,96417249261798,4347.407,251.318,1,1,96417249009569,252.229
0,790,300,96417249829448,96417253925476,96417254204345,4374.897,278.869,1,1,96417253924769,279.576
0,791,300,96417254744814,96417258021814,96417259106110,4361.296,1084.296,1,1,96417258020769,1085.341
0,792,300,96417258840892,96417262936760,96417263181209,4340.317,244.449,1,1,96417262935969,245.240
0,793,300,96417263756028,96417267851787,96417268237989,4481.961,386.202,1,1,96417267851169,386.820
0,794,300,96417268670954,96417272767353,96417273052022,4381.068,284.669,1,1,96417272766369,285.653
0,795,300,96417272767353,96417276863201,96417277976899,5209.546,1113.698,1,1,96417276862369,1114.530
0,796,300,96417277682369,96417281780287,96417282025485,4343.116,245.198,1,1,96417281777569,247.916
0,797,300,96417282597705,96417286693513,96417286975763,4378.058,282.250,1,1,96417286692769,282.994
0,798,300,96417287512801,96417290789632,96417291892249,4379.448,1102.617,1,1,96417290788769,1103.480
0,799,300,96417291608840,96417295704738,96417295962817,4353.977,258.079,1,1,96417295703969,258.848
0,800,300,96417296523896,96417300619964,96417300934854,4410.958,314.890,1,1,96417300619169,315.685
0,801,300,96417301439121,96417304715872,96417305938284,4499.163,1222.412,1,1,96417304715169,1223.115
0,802,300,96417305535130,96417309631109,96417309875177,4340.047,244.068,1,1,96417309630369,244.808
0,803,300,96417310450436,96417314546385,96417314834504,4384.068,288.119,1,1,96417314545569,288.935
0,804,300,96417315365552,96417318642353,96417319738050,4372.498,1095.697,1,1,96417318641569,1096.481
0,805,300,96417319461531,96417323557439,96417323810587,4349.056,253.148,1,1,96417323556769,253.818
0,806,300,96417324376657,96417328472685,96417328896839,4520.182,424.154,1,1,96417328471969,424.870
0,807,300,96417329291912,96417333387952,96417333671111,4379.199,283.159,1,1,96417333387169,283.942
0,808,300,96417333387952,96417337483920,96417338574997,5187.045,1091.077,1,1,96417337483169,1091.828
0,809,300,96417338303108,96417342399136,96417342641913,4338.805,242.777,1,1,96417342398369,243.544
0,810,300,96417343218433,96417347314261,96417347633263,4414.830,319.002,1,1,96417347313569,319.694
0,811,300,96417348133609,96417351410381,96417352540399,4406.790,1130.018,1,1,96417351409569,1130.830
0,812,300,96417352229577,96417356325577,96417356562994,4333.417,237.417,1,1,96417356324769,238.225
0,813,300,96417357144644,96417361240723,96417361581284,4436.640,340.561,1,1,96417361239969,341.315
0,814,300,96417362059840,96417365336661,96417366515101,4455.261,1178.440,1,1,96417365335969,1179.132
0,815,300,96417366155948,96417370251957,96417370490855,4334.907,238.898,1,1,96417370251169,239.686
0,816,300,96417371071154,96417375167123,96417375459033,4387.879,291.910,1,1,96417375166369,292.664
0,817,300,96417375986280,96417379263122,96417380472792,4486.512,1209.670,1,1,96417379262369,1210.423
0,818,300,96417380082379,96417384178458,96417384421326,4338.947,242.868,1,1,96417384177569,243.757
0,819,300,96417384997415,96417389094063,96417389350422,4353.007,256.359,1,1,96417389092769,257.653
0,820,300,96417389912751,96417394010420,96417394297920,4385.169,287.500,1,1,96417394007969,289.951
0,821,300,96417394010420,96417398104768,96417399195866,5185.446,1091.098,1,1,96417398103969,1091.897
0,822,300,96417398923916,96417403019994,96417403410037,4486.121,390.043,1,1,96417403019169,390.868
0,823,300,96417403839112,96417407935450,96417408335174,4496.062,399.724,1,1,96417407934369,400.805
0,824,300,96417408754658,96417412031299,96417413101015,4346.357,1069.716,1,1,96417412030369,1070.646
0,825,300,96417412850356,96417416946275,96417417191533,4341.177,245.258,1,1,96417416945569,245.964
0,826,300,96417417765623,96417421861561,96417422158332,4392.709,296.771,1,1,96417421860769,297.563
0,827,300,96417422680709,96417425957879,96417427081137,4400.428,1123.258,1,1,96417425956769,1124.368
0,828,300,96417426777087,96417430872745,96417431126914,4349.827,254.169,1,1,96417430871969,254.945
0,829,300,96417431691873,96417435787922,96417436078502,4386.629,290.580,1,1,96417435787169,291.333
0,830,300,96417436607179,96417439884200,96417441155143,4547.964,1270.943,1,1,96417439883169,1271.974
0,831,300,96417440703188,96417444799216,96417445076466,4373.278,277.250,1,1,96417444798369,278.097
0,832,300,96417445618264,96417449714422,96417450062345,4444.081,347.923,1,1,96417449713569,348.776
0,833,300,96417450533430,96417454629718,96417454918259,4384.829,288.541,1,1,96417454628769,289.490
0,834,300,96417454629718,96417458725457,96417459821814,5192.096,1096.357,1,1,96417458724769,1097.045
0,835,300,96417459544875,96417463640673,96417463883451,4338.576,242.778,1,1,96417463639969,243.482
0,836,300,96417464459901,96417468555929,96417468916542,4456.641,360.613,1,1,96417468555169,361.373
0,837,300,96417469375207,96417472651937,96417473731724,4356.517,1079.787,1,1,96417472651169,1080.555
0,838,300,96417473471145,96417477567394,96417477825882,4354.737,258.488,1,1,96417477566369,259.513
0,839,300,96417478386261,96417482482340,96417482827301,4441.040,344.961,1,1,96417482481569,345.732
0,840,300,96417483301438,96417486578278,96417487682615,4381.177,1104.337,1,1,96417486577569,1105.046
0,841,300,96417487397546,96417491493484,96417491753403,4355.857,259.919,1,1,96417491492769,260.634
0,842,300,96417492312792,96417496408940,96417496698401,4385.609,289.461,1,1,96417496407969,290.432
0,843,300,96417497228088,96417500504639,96417501653448,4425.360,1148.809,1,1,96417500503969,1149.479
0,844,300,96417501323907,96417505421255,96417505685934,4362.027,264.679,1,1,96417505419169,266.765
0,845,300,96417506239083,96417510335511,96417510604650,4365.567,269.139,1,1,96417510334369,270.281
0,846,300,96417511154489,96417515250377,96417515520516,4366.027,270.139,1,1,96417515249569,270.947
0,847,300,96417515250377,96417519346346,96417520429662,5179.285,1083.316,1,1,96417519345569,1084.093
0,848,300,96417520165613,96417524261512,96417524670985,4505.372,409.473,1,1,96417524260769,410.216
0,849,300,96417525080830,96417529176728,96417529580912,4500.082,404.184,1,1,96417529175969,404.943
0,850,300,96417529995906,96417533272756,96417534417245,4421.339,1144.489,1,1,96417533271969,1145.276
0,851,300,96417534091854,96417538188062,96417538433591,4341.737,245.529,1,1,96417538187169,246.422
0,852,300,96417539011000,96417543103129,96417543396289,4385.289,293.160,1,1,96417543102369,293.920
0,853,300,96417543922716,96417547199147,96417548421529,4498.813,1222.382,1,1,96417547198369,1223.160
0,854,300,96417548018285,96417552114333,96417552430874,4412.589,316.541,1,1,96417552113569,317.305
0,855,300,96417552933481,96417557029499,96417557312699,4379.218,283.200,1,1,96417557028769,283.930
0,856,300,96417557848747,96417561125918,96417562333809,4485.062,1207.891,1,1,96417561124769,1209.040
1,0,300,96413565888946,96413569983795,96413570402509,4513.563,418.714,1,1,96413569982369,420.140
1,1,300,96413570802953,96413574079573,96413575342486,4539.533,1262.913,1,1,96413574078369,1264.117
1,2,300,96413574898831,96413578994619,96413579403784,4504.953,409.165,1,1,96413578993569,410.215
1,3,300,96413579813647,96413583909965,96413584424263,4610.616,514.298,1,1,96413583908769,515.494
1,4,300,96413584729233,96413588825432,96413589217305,4488.072,391.873,1,1,96413588823969,393.336
1,5,300,96413588825432,96413592921160,96413594158972,5333.540,1237.812,1,1,96413592919969,1239.003
1,6,300,96413593740308,96413597837116,96413598260821,4520.513,423.705,1,1,96413597835169,425.652
1,7,300,96413598656064,96413602751662,96413603394104,4738.040,642.442,1,1,96413602750369,643.735
1,8,300,96413603570580,96413606847501,96413608011690,4441.110,1164.189,1,1,96413606846369,1165.321
1,9,300,96413607666618,96413611764057,96413612201752,4535.134,437.695,1,1,96413611761569,440.183
1,10,300,96413612582705,96413616677943,96413617124638,4541.933,446.695,1,1,96413616676769,447.869
1,11,300,96413617497021,96413620775701,96413622057115,4560.094,1281.414,1,1,96413620772769,1284.346
1,12,300,96413621593049,96413625689177,96413626117202,4524.153,428.025,1,1,96413625687969,429.233
1,13,300,96413626508195,96413630604124,96413631194883,4686.688,590.759,1,1,96413630603169,591.714
1,14,300,96413631423481,96413634700602,96413636006697,4583.216,1306.095,1,1,96413634699169,1307.528
1,15,300,96413635519620,96413639615788,96413639907848,4388.228,292.060,1,1,96413639614369,293.479
1,16,300,96413640434886,96413644531334,96413644953628,4518.742,422.294,1,1,96413644529569,424.059
1,17,300,96413645350472,96413649446060,96413649860625,4510.153,414.565,1,1,96413649444769,415.856
1,18,300,96413649446060,96413653542369,96413654645876,5199.816,1103.507,1,1,96413653540769,1105.107
1,19,300,96413654361357,96413658457335,96413658944172,4582.815,486.837,1,1,96413658455969,488.203
1,20,300,96413659276863,96413663372431,96413664037223,4760.360,664.792,1,1,96413663371169,666.054
1,21,300,96413664191709,96413667468839,96413668879557,4687.848,1410.718,1,1,96413667467169,1412.388
1,22,300,96413668288227,96413672383726,96413672678916,4390.689,295.190,1,1,96413672382369,296.547
1,23,300,96413673267205,96413677298752,96413677817919,4550.714,519.167,1,1,96413677297569,520.350
1,24,300,96413678118200,96413681394690,96413682854369,4736.169,1459.679,1,1,96413681393569,1460.800
1,25,300,96413682213818,96413686309966,96413686611336,4397.518,301.370,1,1,96413686308769,302.567
1,26,300,96413687129114,96413691225772,96413691910856,4781.742,685.084,1,1,96413691223969,686.887
1,27,300,96413692070891,96413695324651,96413696615294,4544.403,1290.643,1,1,96413695319969,1295.325
1,28,300,96413696143639,96413700239087,96413700547217,4403.578,308.130,1,1,96413700235169,312.048
1,29,300,96413701058995,96413705153963,96413705836206,4777.211,682.243,1,1,96413705150369,685.837
1,30,300,96413705973351,96413710067799,96413710550715,4577.364,482.916,1,1,96413710065569,485.146
1,31,300,96413710067799,96413714163288,96413715553934,5486.135,1390.646,1,1,96413714161569,1392.365
1,32,300,96413714982546,96413719078424,96413719511358,4528.812,432.934,1,1,96413719076769,434.589
1,33,300,96413719897562,96413723993040,96413724631372,4733.810,638.332,1,1,96413723991969,639.403
1,34,300,96413724812477,96413728089258,96413729375042,4562.565,1285.784,1,1,96413728087969,1287.073
1,35,300,96413728908456,96413733008784,96413733582004,4673.548,573.220,1,1,96413733003169,578.835
1,36,300,96413733824022,96413737919981,96413738353145,4529.123,433.164,1,1,96413737918369,434.776
1,37,300,96413738739158,96413742015859,96413743353434,4614.276,1337.575,1,1,96413742014369,1339.065
1,38,300,96413742835197,96413746931365,96413747209484,4374.287,278.119,1,1,96413746929569,279.915
1,39,300,96413747750403,96413751846601,96413752324398,4573.995,477.797,1,1,96413751844769,479.629
1,40,300,96413752665398,96413755942250,96413757281575,4616.177,1339.325,1,1,96413755940769,1340.806
1,41,300,96413756761547,96413760857386,96413761121564,4360.017,264.178,1,1,96413760855969,265.595
1,42,300,96413761676423,96413767348625,96413770089598,8413.175,2740.973,1,1,96413765771169,4318.429
1,43,300,96413767354915,96413771128032,96413772707506,5352.591,1579.474,1,1,96413770686369,2021.137
1,44,300,96413771128032,96413774784647,96413776094771,4966.739,1310.124,1,1,96413774782369,1312.402
1,45,300,96413775603943,96413779699903,96413780420036,4816.093,720.133,1,1,96413779697569,722.467
1,46,300,96413780519260,96413784615689,96413785212328,4693.068,596.639,1,1,96413784612769,599.559
1,47,300,96413785435396,96413788711247,96413790026591,4591.195,1315.344,1,1,96413788708769,1317.822
1,48,300,96413789531175,96413793626983,96413794120360,4589.185,493.377,1,1,96413793623969,496.391
1,49,300,96413794445580,96413798542040,96413799211992,4766.412,669.952,1,1,96413798539169,672.823
1,50,300,96413799360756,96413802637738,96413804047846,4687.090,1410.108,1,1,96413802635169,1412.677
1,51,300,96413803457356,96413807553044,96413808180235,4722.879,627.191,1,1,96413807550369,629.866
1,52,300,96413808372491,96413812468570,96413813026999,4654.508,558.429,1,1,96413812465569,561.430
1,53,300,96413813287257,96413816564219,96413818035888,4748.631,1471.669,1,1,96413816561569,1474.319
1,54,300,96413817383205,96413821479555,96413821956220,4573.015,476.665,1,1,96413821476769,479.451
1,55,300,96413822298692,96413826394450,96413827036402,4737.710,641.952,1,1,96413826391969,644.433
1,56,300,96413827214348,96413831311026,96413831784022,4569.674,472.996,1,1,96413831307168,476.854
1,57,300,96413831311026,96413835405855,96413836579864,5268.838,1174.009,1,1,96413835403169,1176.695
1,58,300,96413836225112,96413840321321,96413840968183,4743.071,646.862,1,1,96413840318369,649.814
1,59,300,96413841140148,96413845236227,96413845919140,4778.992,682.913,1,1,96413845233569,685.571
1,60,300,96413846055155,96413849332435,96413850566897,4511.742,1234.462,1,1,96413849329569,1237.328
1,61,300,96413850151383,96413854247131,96413854884133,4732.750,637.002,1,1,96413854244769,639.364
1,62,300,96413855067509,96413859163227,96413859811439,4743.930,648.212,1,1,96413859159969,651.470
1,63,300,96413859981825,96413863259066,96413864686925,4705.100,1427.859,1,1,96413863255969,1430.956
1,64,300,96413864078284,96413868174512,96413868835974,4757.690,661.462,1,1,96413868171169,664.805
1,65,300,96413868992890,96413873090108,96413873689258,4696.368,599.150,1,1,96413873086369,602.889
1,66,300,96413873908226,96413877185656,96413878578104,4669.878,1392.448,1,1,96413877182369,1395.735
1,67,300,96413878017705,96413882100253,96413884263316,6245.611,2163.063,1,1,96413882097569,2165.747
1,68,300,96413882919690,96413887016029,96413887827877,4908.187,811.848,1,1,96413887012769,815.108
1,69,300,96413887834737,96413891930475,96413892366150,4531.413,435.675,1,1,96413891927969,438.181
1,70,300,96413891930475,96413896027773,96413897111790,5181.315,1084.017,1,1,96413896023969,1087.821
1,71,300,96413896846411,96413900943069,96413901426416,4580.005,483.347,1,1,96413900939169,487.247
1,72,300,96413901762007,96413905856786,96413906352003,4589.996,495.217,1,1,96413905854369,497.634
1,73,300,96413906674814,96413909951474,96413911244258,4569.444,1292.784,1,1,96413909950369,1293.889
1,74,300,96413910774362,96413914866700,96413915453520,4679.158,586.820,1,1,96413914865569,587.951
1,75,300,96413915686108,96413919783146,96413920225881,4539.773,442.735,1,1,96413919780769,445.112
1,76,300,96413920601464,96413923878345,96413925175709,4574.245,1297.364,1,1,96413923876769,1298.940
1,77,300,96413924697113,96413928793401,96413929356080,4658.967,562.679,1,1,96413928791969,564.111
1,78,300,96413929612469,96413933709197,96413934157763,4545.294,448.566,1,1,96413933707169,450.594
1,79,300,96413934528435,96413937804475,96413939089359,4560.924,1284.884,1,1,96413937803169,1286.190
1,80,300,96413938623913,96413942719712,96413943035153,4411.240,315.441,1,1,96413942718369,316.784
1,81,300,96413943539239,96413947634768,96413948269879,4730.640,635.111,1,1,96413947633569,636.310
1,82,300,96413948454026,96413952549804,96413952888125,4434.099,338.321,1,1,96413952548769,339.356
1,83,300,96413952549804,96413956645652,96413957887904,5338.100,1242.252,1,1,96413956644769,1243.135
1,84,300,96413957465020,96413961561578,96413962116277,4651.257,554.699,1,1,96413961559969,556.308
1,85,300,96413962380836,96413966476955,96413966806746,4425.910,329.791,1,1,96413966475169,331.577
1,86,300,96413967296172,96413970572923,96413971808345,4512.173,1235.422,1,1,96413970571169,1237.176
1,87,300,96413971392351,96413975488169,96413975926204,4533.853,438.035,1,1,96413975486369,439.835
1,88,300,96413976307707,96413980403535,96413980996525,4688.818,592.990,1,1,96413980401569,594.956
1,89,300,96413981222233,96413984498844,96413985717924,4495.691,1219.080,1,1,96413984497569,1220.355
1,90,300,96413985318281,96413989415460,96413989672548,4354.267,257.088,1,1,96413989412769,259.779
1,91,300,96413990234458,96413994329686,96413994893765,4659.307,564.079,1,1,96413994327969,565.796
1,92,300,96413995149204,96413998425634,96413999690767,4541.563,1265.133,1,1,96413998423969,1266.798
1,93,300,96413999244562,96414003341080,96414003737194,4492.632,396.114,1,1,96414003339169,398.025
1,94,300,96414004159878,96414008256477,96414008718273,4558.395,461.796,1,1,96414008254369,463.904
1,95,300,96414009075874,96414013171503,96414013538055,4462.181,366.552,1,1,96414013169569,368.486
1,96,300,96414013171503,96414017270131,96414018495942,5324.439,1225.811,1,1,96414017265569,1230.373
1,97,300,96414018088549,96414022184407,96414022544649,4456.100,360.242,1,1,96414022180769,363.880
1,98,300,96414023013786,96414027099453,96414027584329,4570.543,484.876,1,1,96414027095969,488.360
1,99,300,96414027919151,96414031194902,96414032390602,4471.451,1195.700,1,1,96414031191969,1198.633
1,100,300,96414032014170,96414036110288,96414036559843,4545.673,449.555,1,1,96414036107169,452.674
1,101,300,96414036930066,96414041025774,96414041529801,4599.735,504.027,1,1,96414041022369,507.432
1,102,300,96414041845012,96414045121592,96414046365894,4520.882,1244.302,1,1,96414045118369,1247.525
1,103,300,96414045940690,96414050036589,96414050478074,4537.384,441.485,1,1,96414050033569,444.505
1,104,300,96414050855427,96414054952325,96414055537495,4682.068,585.170,1,1,96414054948769,588.726
1,105,300,96414055777302,96414060029506,96414061788765,6011.463,1759.259,1,1,96414059044769,2743.996
1,106,300,96414060036867,96414064020802,96414064428445,4391.578,407.643,1,1,96414063959969,468.476
1,107,300,96414064781697,96414068878065,96414069504187,4722.490,626.122,1,1,96414068875169,629.018
1,108,300,96414069697843,96414073793212,96414074209196,4511.353,415.984,1,1,96414073790369,418.827
1,109,300,96414073793212,96414077888660,96414084299357,10506.145,6410.697,1,1,96414077886369,6412.988
1,110,300,96414078708298,96414082805156,96414084539744,5831.446,1734.588,1,1,96414082801569,1738.175
1,111,300,96414083623644,96414087720062,96414088215199,4591.555,495.137,1,1,96414087716769,498.430
1,112,300,96414088541900,96414091817961,96414093136846,4594.946,1318.885,1,1,96414091812769,1324.077
1,113,300,96414092635309,96414096731027,96414097203102,4567.793,472.075,1,1,96414096727969,475.133
1,114,300,96414097550395,96414101645963,96414102421019,4870.624,775.056,1,1,96414101643169,777.850
1,115,300,96414102465961,96414106155545,96414107363046,4897.085,1207.501,1,1,96414105739169,1623.877
1,116,300,96414106561489,96414110658047,96414112089756,5528.267,1431.709,1,1,96414110654369,1435.387
1,117,300,96414111477395,96414115572824,96414116230375,4752.980,657.551,1,1,96414115569569,660.806
1,118,300,96414116391781,96414119668832,96414120875432,4483.651,1206.600,1,1,96414119665569,1209.863
1,119,300,96414120488040,96414124584168,96414124969901,4481.861,385.733,1,1,96414124580769,389.132
1,120,300,96414125402875,96414129499344,96414130214858,4811.983,715.514,1,1,96414129495969,718.889
1,121,300,96414130318111,96414134447021,96414134733931,4415.820,286.910,1,1,96414134411169,322.762
1,122,300,96414134447021,96414138510419,96414139618136,5171.115,1107.717,1,1,96414138507169,1110.967
1,123,300,96414139329446,96414144074427,96414145751483,6422.037,1677.056,1,1,96414143422369,2329.114
1,124,300,96414144244812,96414148341060,96414148707193,4462.381,366.133,1,1,96414148337569,369.624
1,125,300,96414149161058,96414152436770,96414153709122,4548.064,1272.352,1,1,96414152433569,1275.553
1,126,300,96414153255486,96414157352026,96414157612994,4357.508,260.968,1,1,96414157348769,264.225
1,127,300,96414158171343,96414162267851,96414162573721,4402.378,305.870,1,1,96414162263969,309.752
1,128,300,96414163086619,96414166363450,96414167545380,4458.761,1181.930,1,1,96414166359969,1185.411
1,129,300,96414167182607,96414171278245,96414171645168,4462.561,366.923,1,1,96414171275169,369.999
1,130,300,96414172097923,96414176193932,96414176505273,4407.350,311.341,1,1,96414176190369,314.904
1,131,300,96414177013279,96414180290201,96414181567444,4554.165,1277.243,1,1,96414180286369,1281.075
1,132,300,96414181109348,96414185205297,96414185461465,4352.117,256.168,1,1,96414185201569,259.896
1,133,300,96414186024174,96414190120512,96414190382402,4358.228,261.890,1,1,96414190116769,265.633
1,134,300,96414190939220,96414195035308,96414195500534,4561.314,465.226,1,1,96414195031969,468.565
1,135,300,96414195035308,96414199131727,96414200240505,5205.197,1108.778,1,1,96414199127969,1112.536
1,136,300,96414199950745,96414204046563,96414204470058,4519.313,423.495,1,1,96414204043169,426.889
1,137,300,96414204865781,96414208961159,96414209432226,4566.445,471.067,1,1,96414208958369,473.857
1,138,300,96414209781077,96414213057967,96414214301000,4519.923,1243.033,1,1,96414213054369,1246.631
1,139,300,96414213877215,96414217972634,96414218584344,4707.129,611.710,1,1,96414217969569,614.775
1,140,300,96414218791542,96414222887190,96414223670776,4879.234,783.586,1,1,96414222884769,786.007
1,141,300,96414223706658,96414226983668,96414228235470,4528.812,1251.802,1,1,96414226980769,1254.701
1,142,300,96414227802606,96414231899204,96414232161564,4358.958,262.360,1,1,96414231895969,265.595
1,143,300,96414232718162,96414236813411,96414237477823,4759.661,664.412,1,1,96414236811169,666.654
1,144,300,96414237632408,96414240909019,96414242087169,4454.761,1178.150,1,1,96414240907169,1180.000
1,145,300,96414241728367,96414245824325,96414246112985,4384.618,288.660,1,1,96414245822369,290.616
1,146,300,96414246643243,96414251022211,96414252246552,5603.309,1224.341,1,1,96414250737569,1508.983
1,147,300,96414251558259,96414255654167,96414256034930,4476.671,380.763,1,1,96414255652769,382.161
1,148,300,96414255654167,96414259750246,96414261186124,5531.957,1435.878,1,1,96414259748769,1437.355
1,149,300,96414260569824,96414264665322,96414264949291,4379.467,283.969,1,1,96414264663969,285.322
1,150,300,96414265484890,96414269580588,96414270018563,4533.673,437.975,1,1,96414269579169,439.394
1,151,300,96414270399676,96414273676246,96414274912718,4513.042,1236.472,1,1,96414273675169,1237.549
1,152,300,96414274495474,96414278591733,96414279166992,4671.518,575.259,1,1,96414278590369,576.623
1,153,300,96414279410501,96414283506429,96414283946174,4535.673,439.745,1,1,96414283505569,440.605
1,154,300,96414284326617,96414287602867,96414288869020,4542.403,1266.153,1,1,96414287601569,1267.451
1,155,300,96414288422125,96414292518083,96414292790292,4368.167,272.209,1,1,96414292516769,273.523
1,156,300,96414293337331,96414297433119,96414297918265,4580.934,485.146,1,1,96414297431969,486.296
1,157,300,96414298252177,96414301529468,96414302863363,4611.186,1333.895,1,1,96414301527969,1335.394
1,158,300,96414302348496,96414306444494,96414306718703,4370.207,274.209,1,1,96414306443169,275.534
1,159,300,96414307263862,96414311359640,96414312023232,4759.370,663.592,1,1,96414311358369,664.863
1,160,300,96414312179028,96414316274776,96414316660289,4481.261,385.513,1,1,96414316273569,386.720
1,161,300,96414316274776,96414320371025,96414321594716,5319.940,1223.691,1,1,96414320369569,1225.147
1,162,300,96414321190053,96414325286211,96414325747046,4556.993,460.835,1,1,96414325284769,462.277
1,163,300,96414326105739,96414330201747,96414330829658,4723.919,627.911,1,1,96414330199969,629.689
1,164,300,96414331357346,96414334634726,96414335841228,4483.882,1206.502,1,1,96414334295969,1545.259
1,165,300,96414335116753,96414339213841,96414339711579,4594.826,497.738,1,1,96414339211169,500.410
1,166,300,96414340032999,96414344128878,96414344940015,4907.016,811.137,1,1,96414344126369,813.646
1,167,300,96414344947936,96414348224626,96414349637353,4689.417,1412.727,1,1,96414348222369,1414.984
1,168,300,96414349043724,96414353140062,96414353798665,4754.941,658.603,1,1,96414353137569,661.096
1,169,300,96414353958980,96414358055268,96414358720931,4761.951,665.663,1,1,96414358052769,668.162
1,170,300,96414358874376,96414362151387,96414363505432,4631.056,1354.045,1,1,96414362148769,1356.663
1,171,300,96414362970175,96414367066373,96414367414634,4444.459,348.261,1,1,96414367063969,350.665
1,172,300,96414367885161,96414371981699,96414372672242,4787.081,690.543,1,1,96414371979169,693.073
1,173,300,96414372800857,96414376896965,96414377417512,4616.655,520.547,1,1,96414376894369,523.143
1,174,300,96414376896965,96414380992284,96414382430612,5533.647,1438.328,1,1,96414380990369,1440.243
1,175,300,96414381811941,96414385908080,96414386411877,4599.936,503.797,1,1,96414385905569,506.308
1,176,300,96414386727078,96414390823306,96414391501628,4774.550,678.322,1,1,96414390820769,680.859
1,177,300,96414391642534,96414394919494,96414396165966,4523.432,1246.472,1,1,96414394916769,1249.197
1,178,300,96414395738232,96414399834420,96414400282705,4544.473,448.285,1,1,96414399831969,450.736
1,179,300,96414400653758,96414404749607,96414405400098,4746.340,650.491,1,1,96414404747169,652.929
1,180,300,96414405568683,96414408845565,96414410225091,4656.408,1379.526,1,1,96414408843169,1381.922
1,181,300,96414409664603,96414413760761,96414414272188,4607.585,511.427,1,1,96414413758369,513.819
1,182,300,96414414580379,96414418675997,96414419370780,4790.401,694.783,1,1,96414418673569,697.211
1,183,300,96414419495044,96414422776915,96414424043288,4548.244,1266.373,1,1,96414422769569,1273.719
1,184,300,96414423591113,96414427686852,96414428033123,4442.010,346.271,1,1,96414427684769,348.354
1,185,300,96414428506169,96414432601038,96414433047903,4541.734,446.865,1,1,96414432599969,447.934
1,186,300,96414433420275,96414437516263,96414437935568,4515.293,419.305,1,1,96414437515169,420.399
1,187,300,96414437516263,96414441612302,96414442817573,5301.310,1205.271,1,1,96414441611169,1206.404
1,188,300,96414442431409,96414446527768,96414447657887,5226.478,1130.119,1,1,96414446526369,1131.518
1,189,300,96414447550673,96414451442854,96414452032095,4481.422,589.241,1,1,96414451441569,590.526
1,190,300,96414452262062,96414455539083,96414456761564,4499.502,1222.481,1,1,96414455537569,1223.995
1,191,300,96414456358010,96414460454028,96414460702697,4344.687,248.669,1,1,96414460452769,249.928
1,192,300,96414461273176,96414465369065,96414465892602,4619.426,523.537,1,1,96414465367969,524.633
1,193,300,96414466188572,96414469465233,96414470617632,4429.060,1152.399,1,1,96414469463969,1153.663
1,194,300,96414470284731,96414474380229,96414475003530,4718.799,623.301,1,1,96414474379169,624.361
1,195,300,96414475199307,96414479295395,96414479704980,4505.673,409.585,1,1,96414479294369,410.611
1,196,300,96414480114803,96414483391504,96414484542173,4427.370,1150.669,1,1,96414483390369,1151.804
1,197,300,96414484210781,96414488306490,96414488566019,4355.238,259.529,1,1,96414488305569,260.450
1,198,300,96414489126268,96414493221796,96414493865968,4739.700,644.172,1,1,96414493220769,645.199
1,199,300,96414494040914,96414498136942,96414498470123,4429.209,333.181,1,1,96414498135969,334.154
1,200,300,96414498136942,96414502233410,96414503438212,5301.270,1204.802,1,1,96414502231969,1206.243
1,201,300,96414503052158,96414507148187,96414507706386,4654.228,558.199,1,1,96414507147169,559.217
1,202,300,96414507967504,96414512063603,96414512392184,4424.680,328.581,1,1,96414512062369,329.815
1,203,300,96414512882521,96414516159641,96414517283729,4401.208,1124.088,1,1,96414516158369,1125.360
1,204,300,96414516978609,96414521074617,96414521624586,4645.977,549.969,1,1,96414521073569,551.017
1,205,300,96414521893895,96414525989753,96414526571024,4677.129,581.271,1,1,96414525988769,582.255
1,206,300,96414526808951,96414530085842,96414531379506,4570.555,1293.664,1,1,96414530084769,1294.737
1,207,300,96414530905050,96414535009459,96414535580628,4675.578,571.169,1,1,96414534999969,580.659
1,208,300,96414535820416,96414539916444,96414540505744,4685.328,589.300,1,1,96414539915169,590.575
1,209,300,96414540735752,96414544012312,96414545114290,4378.538,1101.978,1,1,96414544011169,1103.121
1,210,300,96414544831430,96414548927339,96414549183937,4352.507,256.598,1,1,96414548926369,257.568
1,211,300,96414549746506,96414553842535,96414554222918,4476.412,380.383,1,1,96414553841569,381.349
1,212,300,96414554661833,96414558759021,96414560685236,6023.403,1926.215,1,1,96414558756769,1928.467
1,213,300,96414558759021,96414562854789,96414564085681,5326.660,1230.892,1,1,96414562852769,1232.912
1,214,300,96414563673997,96414567780226,96414568343975,4669.978,563.749,1,1,96414567767969,576.006
1,215,300,96414568589003,96414572685082,96414573143027,4554.024,457.945,1,1,96414572683169,459.858
1,216,300,96414573503859,96414576783480,96414577985180,4481.321,1201.700,1,1,96414576779169,1206.011
1,217,300,96414577600248,96414581695516,96414582267856,4667.608,572.340,1,1,96414581694369,573.487
1,218,300,96414582514714,96414586611082,96414587210293,4695.579,599.211,1,1,96414586609569,600.724
1,219,300,96414587430020,96414590707191,96414591826338,4396.318,1119.147,1,1,96414590705569,1120.769
1,220,300,96414591525918,96414597023604,96414598599098,7073.180,1575.494,1,1,96414595620769,2978.329
1,221,300,96414597026075,96414600537463,96414601092841,4066.766,555.378,1,1,96414600535969,556.872
1,222,300,96414601356941,96414604633511,96414605867923,4510.982,1234.412,1,1,96414604631969,1235.954
1,223,300,96414605452829,96414609548827,96414609964512,4511.683,415.685,1,1,96414609547169,417.343
1,224,300,96414610367635,96414614463664,96414615098985,4731.350,635.321,1,1,96414614462369,636.616
1,225,300,96414615282692,96414619378660,96414619670280,4387.588,291.620,1,1,96414619377569,292.711
1,226,300,96414619378660,96414623474468,96414624671999,5293.339,1197.531,1,1,96414623473569,1198.430
1,227,300,96414624293706,96414628389964,96414628828439,4534.733,438.475,1,1,96414628388769,439.670
1,228,300,96414629209302,96414633305241,96414633815307,4606.005,510.066,1,1,96414633303969,511.338
1,229,300,96414634124478,96414637400929,96414638681042,4556.564,1280.113,1,1,96414637399969,1281.073
1,230,300,96414638220397,96414642316765,96414642687477,4467.080,370.712,1,1,96414642315169,372.308
1,231,300,96414643135913,96414647231651,96414647538772,4402.859,307.121,1,1,96414647230369,308.403
1,232,300,96414648051189,96414651327420,96414652551421,4500.232,1224.001,1,1,96414651326369,1225.052
1,233,300,96414652146787,96414656242736,96414656672290,4525.503,429.554,1,1,96414656241569,430.721
1,234,300,96414657061974,96414661158052,96414661620908,4558.934,462.856,1,1,96414661156769,464.139
1,235,300,96414661977270,96414665254040,96414666440571,4463.301,1186.531,1,1,96414665252769,1187.802
1,236,300,96414666072908,96414670169536,96414670677823,4604.915,508.287,1,1,96414670167969,509.854
1,237,300,96414670988954,96414675085502,96414675683553,4694.599,598.051,1,1,96414675083169,600.384
1,238,300,96414676404907,96414680021029,96414680459194,4054.287,438.165,1,1,96414679998369,460.825
1,239,300,96414680021029,96414684098187,96414685408711,5387.682,1310.524,1,1,96414684094369,1314.342
1,240,300,96414684926495,96414689063745,96414689636894,4710.399,573.149,1,1,96414689009569,627.325
1,241,300,96414689832591,96414693928469,96414694585111,4752.520,656.642,1,1,96414693924769,660.342
1,242,300,96414694747717,96414698023758,96414699247769,4500.052,1224.011,1,1,96414698020769,1227.000
1,243,300,96414698842586,96414702939284,96414703563365,4720.779,624.081,1,1,96414702935969,627.396
1,244,300,96414703757912,96414707854390,96414708496201,4738.289,641.811,1,1,96414707851169,645.032
1,245,300,96414708673288,96414711950138,96414713406988,4733.700,1456.850,1,1,96414711947169,1459.819
1,246,300,96414712773706,96414716865295,96414717499456,4725.750,634.161,1,1,96414716862369,637.087
1,247,300,96414717684722,96414721780481,96414722420992,4736.270,640.511,1,1,96414721777569,643.423
1,248,300,96414722599899,96414725876109,96414727284937,4685.038,1408.828,1,1,96414725873569,1411.368
1,249,300,96414726695417,96414730797665,96414731434456,4739.039,636.791,1,1,96414730788769,645.687
1,250,300,96414731610673,96414735706901,96414736188077,4577.404,481.176,1,1,96414735703969,484.108
1,251,300,96414736525929,96414740621448,96414741141275,4615.346,519.827,1,1,96414740619169,522.106
1,252,300,96414740621448,96414744717886,96414745842853,5221.405,1124.967,1,1,96414744715169,1127.684
1,253,300,96414745537344,96414749633212,96414750208682,4671.338,575.470,1,1,96414749630369,578.313
1,254,300,96414750451729,96414754546667,96414755002804,4551.075,456.137,1,1,96414754545569,457.235
1,255,300,96414755366105,96414758642787,96414759878698,4512.593,1235.911,1,1,96414758641569,1237.129
1,256,300,96414759461943,96414763557963,96414763991277,4529.334,433.314,1,1,96414763556769,434.508
1,257,300,96414764377040,96414768472948,96414768911473,4534.433,438.525,1,1,96414768471969,439.504
1,258,300,96414769292336,96414772569057,96414773792578,4500.242,1223.521,1,1,96414772567969,1224.609
1,259,300,96414773388334,96414777484302,96414777915978,4527.644,431.676,1,1,96414777483169,432.809
1,260,300,96414778303710,96414782399639,96414782695490,4391.780,295.851,1,1,96414782398369,297.121
1,261,300,96414783218617,96414786495838,96414787742899,4524.282,1247.061,1,1,96414786494369,1248.530
1,262,300,96414787315045,96414791411644,96414791717334,4402.289,305.690,1,1,96414791409569,307.765
1,263,300,96414792230311,96414796344770,96414796973801,4743.490,629.031,1,1,96414796324769,649.032
1,264,300,96414797145527,96414801241236,96414801656590,4511.063,415.354,1,1,96414801239969,416.621
1,265,300,96414801241236,96414805337144,96414806625808,5384.572,1288.664,1,1,96414805335969,1289.839
1,266,300,96414806156232,96414810252250,96414810666704,4510.472,414.454,1,1,96414810251169,415.535
1,267,300,96414811071498,96414815167826,96414815699425,4627.927,531.599,1,1,96414815166369,533.056
1,268,300,96414815986534,96414819263675,96414820546288,4559.754,1282.613,1,1,96414819262369,1283.919
1,269,300,96414820082882,96414824178851,96414824619816,4536.934,440.965,1,1,96414824177569,442.247
1,270,300,96414824997889,96414829093837,96414829504321,4506.432,410.484,1,1,96414829092769,411.552
1,271,300,96414829913435,96414833190285,96414834371336,4457.901,1181.051,1,1,96414833188769,1182.567
1,272,300,96414834011113,96414838105141,96414838494185,4483.072,389.044,1,1,96414838103969,390.216
1,273,300,96414838924229,96414843020488,96414843428082,4503.853,407.594,1,1,96414843019169,408.913
1,274,300,96414843839735,96414847116616,96414848340547,4500.812,1223.931,1,1,96414847115169,1225.378
1,275,300,96414847936164,96414852031462,96414852418536,4482.372,387.074,1,1,96414852030369,388.167
1,276,300,96414852850660,96414856946778,96414857326001,4475.341,379.223,1,1,96414856945569,380.432
1,277,300,96414857765966,96414861861804,96414862277069,4511.103,415.265,1,1,96414861860769,416.300
1,278,300,96414861861804,96414865958253,96414867066631,5204.827,1108.378,1,1,96414865956769,1109.862
1,279,300,96414866777191,96414870873199,96414871296324,4519.133,423.125,1,1,96414870871969,424.355
1,280,300,96414871692547,96414875788305,96414876287932,4595.385,499.627,1,1,96414875787169,500.763
1,281,300,96414876607453,96414879884503,96414881112255,4504.802,1227.752,1,1,96414879883169,1229.086
1,282,300,96414880703781,96414884799460,96414885365399,4661.618,565.939,1,1,96414884798369,567.030
1,283,300,96414885618817,96414889714606,96414890118340,4499.523,403.734,1,1,96414889713569,404.771
1,284,300,96414890533834,96414893810594,96414895019175,4485.341,1208.581,1,1,96414893809569,1209.606
1,285,300,96414894629832,96414900968566,96414903145330,8515.498,2176.764,1,1,96414898724769,4420.561
1,286,300,96414900972846,96414903641726,96414904374031,3401.185,732.305,1,1,96414903639969,734.062
1,287,300,96414904460384,96414907737215,96414908958776,4498.392,1221.561,1,1,96414907735969,1222.807
1,288,300,96414908556613,96414912652581,96414913061894,4505.281,409.313,1,1,96414912651169,410.725
1,289,300,96414913471869,96414917567507,96414918231009,4759.140,663.502,1,1,96414917566369,664.640
1,290,300,96414918386945,96414922482753,96414922893527,4506.582,410.774,1,1,96414922481569,411.958
1,291,300,96414922482753,96414926578492,96414927676229,5193.476,1097.737,1,1,96414926577569,1098.660
1,292,300,96414927398070,96414931493988,96414932077758,4679.688,583.770,1,1,96414931492769,584.989
1,293,300,96414932313296,96414936409484,96414936914601,4601.305,505.117,1,1,96414936407969,506.632
1,294,300,96414937228522,96414940505332,96414941744724,4516.202,1239.392,1,1,96414940503969,1240.755
1,295,300,96414941324440,96414945420448,96414946025709,4701.269,605.261,1,1,96414945419169,606.540
1,296,300,96414946239946,96414950335935,96414950783649,4543.703,447.714,1,1,96414950334369,449.280
1,297,300,96414951155103,96414954431563,96414955730157,4575.054,1298.594,1,1,96414954430369,1299.788
1,298,300,96414955250981,96414959347289,96414959944410,4693.429,597.121,1,1,96414959345569,598.841
1,299,300,96414960166487,96414964262335,96414964823145,4656.658,560.810,1,1,96414964260769,562.376
1,300,300,96414965082003,96414968358684,96414969682838,4600.835,1324.154,1,1,96414968356769,1326.069
1,301,300,96414969177892,96414973273050,96414973532838,4354.946,259.788,1,1,96414973271969,260.869
1,302,300,96414974092598,96414978188546,96414978592610,4500.012,404.064,1,1,96414978187169,405.441
1,303,300,96414979011364,96414983103442,96414983504605,4493.241,401.163,1,1,96414983102369,402.236
1,304,300,96414983103442,96414987199541,96414988304608,5201.166,1105.067,1,1,96414987198369,1106.239
1,305,300,96414988018928,96414992114737,96414992669175,4650.247,554.438,1,1,96414992113569,555.606
1,306,300,96414992933925,96414997030133,96414997533640,4599.715,503.507,1,1,96414997028769,504.871
1,307,300,96414997849531,96415001126021,96415002361953,4512.422,1235.932,1,1,96415001124769,1237.184
1,308,300,96415001945559,96415006041287,96415006593126,4647.567,551.839,1,1,96415006039969,553.157
1,309,300,96415006860305,96415010956534,96415011517442,4657.137,560.908,1,1,96415010955169,562.273
1,310,300,96415012952411,96415015052762,96415016288094,3335.683,1235.332,1,1,96415015051169,1236.925
1,311,300,96415015871570,96415019967738,96415020238687,4367.117,270.949,1,1,96415019966369,272.318
1,312,300,96415020787206,96415024882764,96415025309148,4521.942,426.384,1,1,96415024881569,427.579
1,313,300,96415025701892,96415028979323,96415030339369,4637.477,1360.046,1,1,96415028977569,1361.800
1,314,300,96415029798290,96415033894129,96415034229830,4431.540,335.701,1,1,96415033892769,337.061
1,315,300,96415034713647,96415038809685,96415039264320,4550.673,454.635,1,1,96415038807969,456.351
1,316,300,96415039628773,96415043725431,96415044131075,4502.302,405.644,1,1,96415043723169,407.906
1,317,300,96415043725431,96415047820839,96415049084862,5359.431,1264.023,1,1,96415047819169,1265.693
1,318,300,96415048639877,96415052736786,96415053163069,4523.192,426.283,1,1,96415052734369,428.700
1,319,300,96415053555703,96415057651552,96415058219101,4663.398,567.549,1,1,96415057649569,569.532
1,320,300,96415058470639,96415061746940,96415062892078,4421.439,1145.138,1,1,96415061745569,1146.509
1,321,300,96415062566698,96415066662566,96415067237085,4670.387,574.519,1,1,96415066660769,576.316
1,322,300,96415067482144,96415071578122,96415072010187,4528.043,432.065,1,1,96415071575969,434.218
1,323,300,96415072396319,96415075673081,96415077023446,4627.127,1350.365,1,1,96415075671969,1351.477
1,324,300,96415076492128,96415080588317,96415080856435,4364.307,268.118,1,1,96415080587169,269.266
1,325,300,96415081407404,96415085503462,96415085817523,4410.119,314.061,1,1,96415085502369,315.154
1,326,300,96415086322810,96415089599441,96415090721869,4399.059,1122.428,1,1,96415089598369,1123.500
1,327,300,96415090418618,96415094514698,96415094792756,4374.138,278.058,1,1,96415094513569,279.187
1,328,300,96415095333855,96415099429873,96415100069175,4735.320,639.302,1,1,96415099428769,640.406
1,329,300,96415100248981,96415104345199,96415104750353,4501.372,405.154,1,1,96415104343969,406.384
1,330,300,96415104345199,96415108441027,96415109647789,5302.590,1206.762,1,1,96415108439969,1207.820
1,331,300,96415109260545,96415113356144,96415113924673,4664.128,568.529,1,1,96415113355169,569.504
1,332,300,96415114175491,96415118271500,96415118706275,4530.784,434.775,1,1,96415118270369,435.906
1,333,300,96415119090828,96415122367798,96415123483196,4392.368,1115.398,1,1,96415122366369,1116.827
1,334,300,96415123187366,96415127283054,96415127861525,4674.159,578.471,1,1,96415127281569,579.956
1,335,300,96415128102782,96415132198440,96415132708568,4605.786,510.128,1,1,96415132196769,511.799
1,336,300,96415133031009,96415136294720,96415137419807,4388.798,1125.087,1,1,96415136292769,1127.038
1,337,300,96415137113367,96415141209275,96415141467114,4353.747,257.839,1,1,96415141207969,259.145
1,338,300,96415142028373,96415146124441,96415146737172,4708.799,612.731,1,1,96415146123169,614.003
1,339,300,96415146944059,96415150220429,96415151319477,4375.418,1099.048,1,1,96415150219169,1100.308
1,340,300,96415151039617,96415155135786,96415155536989,4497.372,401.203,1,1,96415155134369,402.620
1,341,300,96415155955033,96415160050672,96415160666383,4711.350,615.711,1,1,96415160049569,616.814
1,342,300,96415160869920,96415164965968,96415165374112,4504.192,408.144,1,1,96415164964769,409.343
1,343,300,96415164965968,96415169061946,96415170166603,5200.635,1104.657,1,1,96415169060769,1105.834
1,344,300,96415169880944,96415173977082,96415174395106,4514.162,418.024,1,1,96415173975969,419.137
1,345,300,96415174796410,96415178892159,96415179280142,4483.732,387.983,1,1,96415178891169,388.973
1,346,300,96415179711496,96415182988157,96415184240739,4529.243,1252.582,1,1,96415182987169,1253.570
1,347,300,96415183807405,96415187903523,96415188478523,4671.118,575.000,1,1,96415187902369,576.154
1,348,300,96415188722511,96415192818669,96415193377039,4654.528,558.370,1,1,96415192817569,559.470
1,349,300,96415193637747,96415196914688,96415198139749,4502.002,1225.061,1,1,96415196913569,1226.180
1,350,300,96415197733915,96415201829854,96415202177716,4443.801,347.862,1,1,96415201828769,348.947
1,351,300,96415202648952,96415206745230,96415207062521,4413.569,317.291,1,1,96415206743969,318.552
1,352,300,96415207564218,96415210841088,96415212066470,4502.252,1225.382,1,1,96415210839969,1226.501
1,353,300,96415211660356,96415215756324,96415216158798,4498.442,402.474,1,1,96415215755169,403.629
1,354,300,96415216575252,96415220671371,96415221302143,4726.891,630.772,1,1,96415220670369,631.774
1,355,300,96415221490619,96415225586627,96415226002881,4512.262,416.254,1,1,96415225585569,417.312
1,356,300,96415225586627,96415229682675,96415230879386,5292.759,1196.711,1,1,96415229681569,1197.817
1,357,300,96415230501663,96415234598291,96415235035346,4533.683,437.055,1,1,96415234596769,438.577
1,358,300,96415235417159,96415239513757,96415239845839,4428.680,332.082,1,1,96415239511969,333.870
1,359,300,96415240332365,96415243609376,96415244822427,4490.062,1213.051,1,1,96415243607969,1214.458
1,360,300,96415244428314,96415248524192,96415248983728,4555.414,459.536,1,1,96415248523169,460.559
1,361,300,96415249343480,96415253439468,96415253737138,4393.658,297.670,1,1,96415253438369,298.769
1,362,300,96415254258706,96415257535466,96415258801889,4543.183,1266.423,1,1,96415257534369,1267.520
1,363,300,96415258354534,96415262450693,96415262697711,4343.177,247.018,1,1,96415262449569,248.142
1,364,300,96415263269791,96415267365769,96415267686900,4417.109,321.131,1,1,96415267364769,322.131
1,365,300,96415268184937,96415271461667,96415272689309,4504.372,1227.642,1,1,96415271460769,1228.540
1,366,300,96415272281085,96415276376993,96415276781937,4500.852,404.944,1,1,96415276375969,405.968
1,367,300,96415277196361,96415281292200,96415281933431,4737.070,641.231,1,1,96415281291169,642.262
1,368,300,96415282111597,96415287225120,96415289201037,7089.440,1975.917,1,1,96415286206369,2994.668
1,369,300,96415287225120,96415290304364,96415291568957,4343.837,1264.593,1,1,96415290302369,1266.588
1,370,300,96415291123532,96415295219100,96415295596233,4472.701,377.133,1,1,96415295217569,378.664
1,371,300,96415296038458,96415300134606,96415300501739,4463.281,367.133,1,1,96415300132769,368.970
1,372,300,96415300953154,96415304229945,96415305542249,4589.095,1312.304,1,1,96415304228769,1313.480
1,373,300,96415305048943,96415309145291,96415309580245,4531.302,434.954,1,1,96415309143969,436.276
1,374,300,96415309964409,96415314060157,96415314378218,4413.809,318.061,1,1,96415314059169,319.049
1,375,300,96415314879595,96415318156465,96415319428789,4549.194,1272.324,1,1,96415318155169,1273.620
1,376,300,96415318975543,96415323071432,96415323395162,4419.619,323.730,1,1,96415323070369,324.793
1,377,300,96415323890599,96415327986578,96415328280788,4390.189,294.210,1,1,96415327985569,295.219
1,378,300,96415328805876,96415332082616,96415333271586,4465.710,1188.970,1,1,96415332081569,1190.017
1,379,300,96415332901794,96415336997762,96415337388006,4486.212,390.244,1,1,96415336996769,391.237
1,380,300,96415337817080,96415341913008,96415342537990,4720.910,624.982,1,1,96415341911969,626.021
1,381,300,96415342732306,96415348332485,96415349956040,7223.734,1623.555,1,1,96415346827169,3128.871
1,382,300,96415348332485,96415351432130,96415353519220,5186.735,2087.090,1,1,96415350923169,2596.051
1,383,300,96415351743811,96415355840179,96415356442899,4699.088,602.720,1,1,96415355838369,604.530
1,384,300,96415356658896,96415360754965,96415361274832,4615.936,519.867,1,1,96415360753569,521.263
1,385,300,96415361574442,96415364850824,96415366111135,4536.693,1260.311,1,1,96415364849569,1261.566
1,386,300,96415365670291,96415369766490,96415370207375,4537.084,440.885,1,1,96415369764769,442.606
1,387,300,96415370585408,96415374681676,96415375353198,4767.790,671.522,1,1,96415374679969,673.229
1,388,300,96415375500933,96415378781354,96415379999935,4499.002,1218.581,1,1,96415378775969,1223.966
1,389,300,96415379596211,96415383692640,96415384128565,4532.354,435.925,1,1,96415383691169,437.396
1,390,300,96415384511767,96415388608647,96415389074052,4562.285,465.405,1,1,96415388606369,467.683
1,391,300,96415389427643,96415392703485,96415393897885,4470.242,1194.400,1,1,96415392702369,1195.516
1,392,300,96415393522662,96415397618941,96415398016134,4493.472,397.193,1,1,96415397617569,398.565
1,393,300,96415398438118,96415402534037,96415402907439,4469.321,373.402,1,1,96415402532769,374.670
1,394,300,96415403353434,96415407449263,96415407885748,4532.314,436.485,1,1,96415407447969,437.779
1,395,300,96415407449263,96415411544992,96415412645598,5196.335,1100.606,1,1,96415411543969,1101.629
1,396,300,96415412364279,96415416460327,96415416792519,4428.240,332.192,1,1,96415416459169,333.350
1,397,300,96415417279315,96415421375573,96415421809888,4530.573,434.315,1,1,96415421374369,435.519
1,398,300,96415422194641,96415425471553,96415426679853,4485.212,1208.300,1,1,96415425470369,1209.484
1,399,300,96415426290549,96415430386618,96415430962597,4672.048,575.979,1,1,96415430385569,577.028
1,400,300,96415431205756,96415435301714,96415435807112,4601.356,505.398,1,1,96415435300769,506.343
1,401,300,96415436121212,96415439397742,96415440632854,4511.642,1235.112,1,1,96415439396769,1236.085
1,402,300,96415440217000,96415444698482,96415446335957,6118.957,1637.475,1,1,96415444311969,2023.988
1,403,300,96415445132296,96415449228325,96415449736422,4604.126,508.097,1,1,96415449227169,509.253
1,404,300,96415450047552,96415453324194,96415454541305,4493.753,1217.111,1,1,96415453323169,1218.136
1,405,300,96415454143361,96415458239269,96415458487468,4344.107,248.199,1,1,96415458238369,249.099
1,406,300,96415459058757,96415464433819,96415465843337,6784.580,1409.518,1,1,96415463153569,2689.768
1,407,300,96415464437199,96415468070211,96415468525937,4088.738,455.726,1,1,96415468068769,457.168
1,408,300,96415468070211,96415472165930,96415473408592,5338.381,1242.662,1,1,96415472164769,1243.823
1,409,300,96415472985398,96415477081086,96415477413197,4427.799,332.111,1,1,96415477079969,333.228
1,410,300,96415477900294,96415481996552,96415482486909,4586.615,490.357,1,1,96415481995169,491.740
1,411,300,96415482838451,96415486092590,96415487355133,4516.682,1262.543,1,1,96415486091169,1263.964
1,412,300,96415486912218,96415491009796,96415491434661,4522.443,424.865,1,1,96415491006369,428.292
1,413,300,96415491826734,96415495923393,96415496370998,4544.264,447.605,1,1,96415495921569,449.429
1,414,300,96415496742491,96415500018731,96415501197841,4455.350,1179.110,1,1,96415500017569,1180.272
1,415,300,96415500837779,96415504933877,96415505188846,4351.067,254.969,1,1,96415504932769,256.077
1,416,300,96415505753275,96415509848923,96415510370882,4617.607,521.959,1,1,96415509847969,522.913
1,417,300,96415510668551,96415513945512,96415515132392,4463.841,1186.880,1,1,96415513943969,1188.423
1,418,300,96415514764560,96415518860268,96415519113987,4349.427,253.719,1,1,96415518859169,254.818
1,419,300,96415519679396,96415523777164,96415524421906,4742.510,644.742,1,1,96415523774369,647.537
1,420,300,96415524594852,96415528690570,96415529136205,4541.353,445.635,1,1,96415528689569,446.636
1,421,300,96415528690570,96415532786619,96415533999040,5308.470,1212.421,1,1,96415532785569,1213.471
1,422,300,96415533605726,96415537701825,96415538275054,4669.328,573.229,1,1,96415537700769,574.285
1,423,300,96415538521213,96415542617171,96415542943982,4422.769,326.811,1,1,96415542615969,328.013
1,424,300,96415543436219,96415546713069,96415547940891,4504.672,1227.822,1,1,96415546711969,1228.922
1,425,300,96415547532307,96415551628465,96415552209025,4676.718,580.560,1,1,96415551627169,581.856
1,426,300,96415552447543,96415558052013,96415560109912,7662.369,2057.899,1,1,96415556542369,3567.543
1,427,300,96415558054982,96415560640070,96415561922004,3867.022,1281.934,1,1,96415560638369,1283.635
1,428,300,96415561459278,96415565556276,96415565990201,4530.923,433.925,1,1,96415565553569,436.632
1,429,300,96415566375514,96415570470882,96415571120504,4744.990,649.622,1,1,96415570468769,651.735
1,430,300,96415571290430,96415574567041,96415575756551,4466.121,1189.510,1,1,96415574564769,1191.782
1,431,300,96415575386388,96415579482917,96415579896241,4509.853,413.324,1,1,96415579479969,416.272
1,432,300,96415580302615,96415584397033,96415584812287,4509.672,415.254,1,1,96415584395168,417.119
1,433,300,96415585215671,96415589311719,96415589721813,4506.142,410.094,1,1,96415589310369,411.444
1,434,300,96415589311719,96415593407518,96415594690241,5378.522,1282.723,1,1,96415593406369,1283.872
1,435,300,96415594226715,96415598322694,96415598898233,4671.518,575.539,1,1,96415598321569,576.664
1,436,300,96415599141782,96415603237940,96415603554121,4412.339,316.181,1,1,96415603236768,317.353
1,437,300,96415604056908,96415607333758,96415608573110,4516.202,1239.352,1,1,96415607332769,1240.341
1,438,300,96415608153026,96415612248974,96415612817473,4664.447,568.499,1,1,96415612247969,569.504
1,439,300,96415613068252,96415617164301,96415617544033,4475.781,379.732,1,1,96415617163169,380.864
1,440,300,96415617983528,96415621260259,96415622494321,4510.793,1234.062,1,1,96415621259168,1235.153
1,441,300,96415622079747,96415626175505,96415626563439,4483.692,387.934,1,1,96415626174369,389.070
1,442,300,96415626994983,96415631090871,96415631490284,4495.301,399.413,1,1,96415631089569,400.715
1,443,300,96415631909919,96415635186740,96415636421522,4511.603,1234.782,1,1,96415635185569,1235.953
1,444,300,96415636010567,96415640101836,96415640387575,4377.008,285.739,1,1,96415640100768,286.807
1,445,300,96415640921114,96415645016972,96415645422956,4501.842,405.984,1,1,96415645015969,406.987
1,446,300,96415645836430,96415649932268,96415650317781,4481.351,385.513,1,1,96415649931169,386.612
1,447,300,96415649932268,96415654028606,96415655294049,5361.781,1265.443,1,1,96415654027169,1266.880
1,448,300,96415654847534,96415658943453,96415659513261,4665.727,569.808,1,1,96415658942368,570.893
1,449,300,96415659762700,96415663858709,96415664292183,4529.483,433.474,1,1,96415663857569,434.614
1,450,300,96415664677747,96415667954577,96415669173098,4495.351,1218.521,1,1,96415667953569,1219.529
1,451,300,96415668780215,96415672869983,96415673302388,4522.173,432.405,1,1,96415672868769,433.619
1,452,300,96415673689151,96415677794209,96415679492927,5803.776,1698.718,1,1,96415677783968,1708.959
1,453,300,96415678604607,96415681881808,96415683104549,4499.942,1222.741,1,1,96415681879969,1224.580
1,454,300,96415682700896,96415686857556,96415687264560,4563.664,407.004,1,1,96415686795169,469.391
1,455,300,96415687615862,96415691712320,96415692189386,4573.524,477.066,1,1,96415691710369,479.017
1,456,300,96415692531447,96415695808818,96415697118773,4587.326,1309.955,1,1,96415695806368,1312.405
1,457,300,96415696627426,96415700723535,96415701935066,5307.640,1211.531,1,1,96415700721569,1213.497
1,458,300,96415701542352,96415707333168,96415709306785,7764.433,1973.617,1,1,96415705636769,3670.016
1,459,300,96415707337228,96415711016732,96415711589921,4252.693,573.189,1,1,96415710551969,1037.952
1,460,300,96415711016732,96415714649685,96415715890137,4873.405,1240.452,1,1,96415714647969,1242.168
1,461,300,96415715469423,96415719565211,96415722824702,7355.279,3259.491,1,1,96415719563169,3261.533
1,462,300,96415720384619,96415724480038,96415724931582,4546.963,451.544,1,1,96415724478369,453.213
1,463,300,96415725299115,96415730032494,96415732482357,7183.242,2449.863,1,1,96415728574369,3907.988
1,464,300,96415730037315,96415733491072,96415734054000,4016.685,562.928,1,1,96415733489569,564.431
1,465,300,96415734310479,96415738406368,96415738814272,4503.793,407.904,1,1,96415738404769,409.503
1,466,300,96415739225565,96415745027942,96415748260361,9034.796,3232.419,1,1,96415742500769,5759.592
1,467,300,96415745032672,96415747417593,96415748624603,3591.931,1207.010,1,1,96415747415969,1208.634
1,468,300,96415748236910,96415752333289,96415752801055,4564.145,467.766,1,1,96415752331169,469.886
1,469,300,96415753152336,96415756429887,96415757694160,4541.824,1264.273,1,1,96415756427169,1266.991
1,470,300,96415757249024,96415761344833,96415765046289,7797.265,3701.456,1,1,96415761342369,3703.920
1,471,300,96415763026920,96415766258999,96415766903421,3876.501,644.422,1,1,96415766257569,645.852
1,472,300,96415767078627,96415771175696,96415771538707,4460.080,363.011,1,1,96415771172769,365.938
1,473,300,96415771175696,96415775270253,96415780214151,9038.455,4943.898,1,1,96415775268769,4945.382
1,474,300,96415778021437,96415780185559,96415780810691,2789.254,625.132,1,1,96415780183969,626.722
1,475,300,96415781023288,96415785101236,96415785420196,4396.908,318.960,1,1,96415785099169,321.027
1,476,300,96415786030057,96415789196924,96415790462567,4432.510,1265.643,1,1,96415789195169,1267.398
1,477,300,96415790016112,96415794112140,96415794462242,4446.130,350.102,1,1,96415794110369,351.873
1,478,300,96415794931318,96415799028896,96415800796337,5865.019,1767.441,1,1,96415799025569,1770.768
1,479,300,96415799846414,96415803123105,96415804332096,4485.682,1208.991,1,1,96415803121569,1210.527
1,480,300,96415803942342,96415808038291,96415808290790,4348.448,252.499,1,1,96415808036769,254.021
1,481,300,96415809013044,96415812953547,96415813492875,4479.831,539.328,1,1,96415812951969,540.906
1,482,300,96415813779165,96415817049295,96415818645680,4866.515,1596.385,1,1,96415817047969,1597.711
1,483,300,96415817868693,96415821964811,96415823180413,5311.720,1215.602,1,1,96415821963169,1217.244
1,484,300,96415822783869,96415826879798,96415827256181,4472.312,376.383,1,1,96415826878369,377.812
1,485,300,96415827698745,96415831795274,96415832135706,4436.961,340.432,1,1,96415831793569,342.137
1,486,300,96415831795274,96415835890782,96415837090573,5295.299,1199.791,1,1,96415835889569,1201.004
1,487,300,96415836710210,96415840805948,96415841359997,4649.787,554.049,1,1,96415840804769,555.228
1,488,300,96415841625106,96415845721024,96415846224301,4599.195,503.277,1,1,96415845719969,504.332
1,489,300,96415846540432,96415849817013,96415851046704,4506.272,1229.691,1,1,96415849815969,1230.735
1,490,300,96415850636101,96415854732569,96415855164063,4527.962,431.494,1,1,96415854731169,432.894
1,491,300,96415855551657,96415859647335,96415860080999,4529.342,433.664,1,1,96415859646369,434.630
1,492,300,96415860466863,96415863743493,96415864972475,4505.612,1228.982,1,1,96415863742369,1230.106
1,493,300,96415864562841,96415868658560,96415869052103,4489.262,393.543,1,1,96415868657569,394.534
1,494,300,96415869477868,96415873573756,96415874052102,4574.234,478.346,1,1,96415873572769,479.333
1,495,300,96415874392964,96415877669804,96415878825443,4432.479,1155.639,1,1,96415877668769,1156.674
1,496,300,96415878489032,96415882585070,96415883808492,5319.460,1223.422,1,1,96415882583969,1224.523
1,497,300,96415883404388,96415887500237,96415887924821,4520.433,424.584,1,1,96415887499169,425.652
1,498,300,96415888319504,96415892415543,96415892822566,4503.062,407.023,1,1,96415892414369,408.197
1,499,300,96415892415543,96415896511451,96415897714552,5299.009,1203.101,1,1,96415896510369,1204.183
1,500,300,96415897330699,96415901426577,96415901997707,4667.008,571.130,1,1,96415901425569,572.138
1,501,300,96415902245775,96415906341853,96415906840641,4594.866,498.788,1,1,96415906340769,499.872
1,502,300,96415907160891,96415910437862,96415911662603,4501.712,1224.741,1,1,96415910436769,1225.834
1,503,300,96415911257050,96415915353058,96415915910646,4653.596,557.588,1,1,96415915351969,558.677
1,504,300,96415916172436,96415920268214,96415920796982,4624.546,528.768,1,1,96415920267169,529.813
1,505,300,96415921087732,96415924364562,96415925470800,4383.068,1106.238,1,1,96415924363169,1107.631
1,506,300,96415925183680,96415929279349,96415929655022,4471.342,375.673,1,1,96415929278369,376.653
1,507,300,96415930098726,96415934194535,96415934706632,4607.906,512.097,1,1,96415934193569,513.063
1,508,300,96415935013883,96415938290453,96415939507734,4493.851,1217.281,1,1,96415938289569,1218.165
1,509,300,96415939109821,96415943205779,96415944421590,5311.769,1215.811,1,1,96415943204769,1216.821
1,510,300,96415944024957,96415948121065,96415948478827,4453.870,357.762,1,1,96415948119969,358.858
1,511,300,96415948940253,96415953036262,96415953450466,4510.213,414.204,1,1,96415953035169,415.297
1,512,300,96415953036262,96415957132270,96415958371102,5334.840,1238.832,1,1,96415957131169,1239.933
1,513,300,96415957951608,96415962047396,96415962605444,4653.836,558.048,1,1,96415962046369,559.075
1,514,300,96415962866714,96415966962972,96415967281603,4414.889,318.631,1,1,96415966961569,320.034
1,515,300,96415967782010,96415971059001,96415972295682,4513.672,1236.681,1,1,96415971057569,1238.113
1,516,300,96415971877878,96415975974017,96415976340209,4462.331,366.192,1,1,96415975972769,367.440
1,517,300,96415976793215,96415980889243,96415981405950,4612.735,516.707,1,1,96415980887969,517.981
1,518,300,96415981708131,96415984985191,96415986086549,4378.418,1101.358,1,1,96415984983969,1102.580
1,519,300,96415985804149,96415989900237,96415990288720,4484.571,388.483,1,1,96415989899169,389.551
1,520,300,96415990719705,96415994815414,96415995238827,4519.122,423.413,1,1,96415994814369,424.458
1,521,300,96415995634631,96415998911472,96416000077101,4442.470,1165.629,1,1,96415998910369,1166.732
1,522,300,96415999730650,96416003826708,96416005052530,5321.880,1225.822,1,1,96416003825569,1226.961
1,523,300,96416004645836,96416008741904,96416009367655,4721.819,625.751,1,1,96416008740769,626.886
1,524,300,96416009561012,96416013657070,96416014071514,4510.502,414.444,1,1,96416013655969,415.545
1,525,300,96416013657070,96416017752959,96416018966750,5309.680,1213.791,1,1,96416017751969,1214.781
1,526,300,96416018572157,96416022668295,96416023229783,4657.626,561.488,1,1,96416022667169,562.614
1,527,300,96416023487602,96416027583421,96416027905792,4418.190,322.371,1,1,96416027582369,323.423
1,528,300,96416028402808,96416031679339,96416032996884,4594.076,1317.545,1,1,96416031678369,1318.515
1,529,300,96416032498737,96416036594556,96416037017829,4519.092,423.273,1,1,96416036593569,424.260
1,530,300,96416037413863,96416041510172,96416041933766,4519.903,423.594,1,1,96416041508769,424.997
1,531,300,96416042329149,96416045605970,96416046834851,4505.702,1228.881,1,1,96416045604769,1230.082
1,532,300,96416046425047,96416050520986,96416050916459,4491.412,395.473,1,1,96416050519969,396.490
1,533,300,96416051340253,96416055436142,96416055852996,4512.743,416.854,1,1,96416055435169,417.827
1,534,300,96416056255279,96416059532151,96416060634518,4379.239,1102.367,1,1,96416059531169,1103.349
1,535,300,96416060351709,96416064447417,96416065550523,5198.814,1103.106,1,1,96416064446369,1104.154
1,536,300,96416065266634,96416069362662,96416070001075,4734.441,638.413,1,1,96416069361569,639.506
1,537,300,96416070181780,96416074277768,96416074638671,4456.891,360.903,1,1,96416074276769,361.902
1,538,300,96416074277768,96416078374128,96416079589279,5311.511,1215.151,1,1,96416078372769,1216.510
1,539,300,96416079193045,96416083288963,96416083710568,4517.523,421.605,1,1,96416083287969,422.599
1,540,300,96416084108201,96416088204129,96416088624814,4516.613,420.685,1,1,96416088203169,421.645
1,541,300,96416089023607,96416092300268,96416093523779,4500.172,1223.511,1,1,96416092299169,1224.610
1,542,300,96416093119515,96416097215454,96416097756323,4636.808,540.869,1,1,96416097214369,541.954
1,543,300,96416098034721,96416102130950,96416102551285,4516.564,420.335,1,1,96416102129569,421.716
1,544,300,96416102950008,96416106226608,96416107412608,4462.600,1186.000,1,1,96416106225569,1187.039
1,545,300,96416107045876,96416111142224,96416111493816,4447.940,351.592,1,1,96416111140769,353.047
1,546,300,96416111961262,96416116057260,96416116461854,4500.592,404.594,1,1,96416116055969,405.885
1,547,300,96416116876288,96416120152959,96416121368121,4491.833,1215.162,1,1,96416120151969,1216.152
1,548,300,96416120972277,96416125068185,96416126272116,5299.839,1203.931,1,1,96416125067169,1204.947
1,549,300,96416125887573,96416129983611,96416130403956,4516.383,420.345,1,1,96416129982369,421.587
1,550,300,96416130803189,96416134898747,96416135270781,4467.592,372.034,1,1,96416134897569,373.212
1,551,300,96416134898747,96416138994566,96416140211287,5312.540,1216.721,1,1,96416138993569,1217.718
1,552,300,96416139813863,96416143909792,96416144319336,4505.473,409.544,1,1,96416143908769,410.567
1,553,300,96416144729070,96416148825048,96416149317574,4588.504,492.526,1,1,96416148823969,493.605
1,554,300,96416149644296,96416152921066,96416154036384,4392.088,1115.318,1,1,96416152919969,1116.415
1,555,300,96416153740164,96416157836442,96416158168014,4427.850,331.572,1,1,96416157835169,332.845
1,556,300,96416158655350,96416162751349,96416163033448,4378.098,282.099,1,1,96416162750369,283.079
1,557,300,96416163570926,96416166847377,96416168065449,4494.523,1218.072,1,1,96416166846369,1219.080
1,558,300,96416167666785,96416171762463,96416172157256,4490.471,394.793,1,1,96416171761569,395.687
1,559,300,96416172581751,96416176678179,96416176978450,4396.699,300.271,1,1,96416176676769,301.681
1,560,300,96416177496927,96416180774358,96416181934087,4437.160,1159.729,1,1,96416180772769,1161.318
1,561,300,96416181593145,96416185689104,96416186808331,5215.186,1119.227,1,1,96416185687969,1120.362
1,562,300,96416186508192,96416190604210,96416191023244,4515.052,419.034,1,1,96416190603169,420.075
1,563,300,96416191423598,96416195519366,96416195881639,4458.041,362.273,1,1,96416195518369,363.270
1,564,300,96416195519366,96416199615385,96416200837856,5318.490,1222.471,1,1,96416199614369,1223.487
1,565,300,96416200434652,96416204530541,96416205089670,4655.018,559.129,1,1,96416204529569,560.101
1,566,300,96416205349699,96416209445697,96416209892942,4543.243,447.245,1,1,96416209444769,448.173
1,567,300,96416210264975,96416213542455,96416214803308,4538.333,1260.853,1,1,96416213540769,1262.539
1,568,300,96416214361133,96416218456961,96416219022690,4661.557,565.729,1,1,96416218455969,566.721
1,569,300,96416219276119,96416223372188,96416223943227,4667.108,571.039,1,1,96416223371169,572.058
1,570,300,96416224191425,96416227468106,96416228698517,4507.092,1230.411,1,1,96416227467169,1231.348
1,571,300,96416228287354,96416232383592,96416232743044,4455.690,359.452,1,1,96416232382369,360.675
1,572,300,96416233202700,96416237298628,96416237588428,4385.728,289.800,1,1,96416237297569,290.859
1,573,300,96416238117786,96416241394617,96416242576006,4458.220,1181.389,1,1,96416241393569,1182.437
1,574,300,96416242214124,96416246309913,96416247511843,5297.719,1201.930,1,1,96416246308769,1203.074
1,575,300,96416247129101,96416251225549,96416251856960,4727.859,631.411,1,1,96416251223969,632.991
1,576,300,96416252044157,96416256140195,96416256435925,4391.768,295.730,1,1,96416256139169,296.756
1,577,300,96416256140195,96416260236343,96416261449734,5309.539,1213.391,1,1,96416260235169,1214.565
1,578,300,96416261055371,96416265151780,96416265598374,4543.003,446.594,1,1,96416265150369,448.005
1,579,300,96416265971187,96416270066546,96416270376916,4405.729,310.370,1,1,96416270065569,311.347
1,580,300,96416270885894,96416274162594,96416275366825,4480.931,1204.231,1,1,96416274161569,1205.256
1,581,300,96416274981842,96416279079040,96416279329408,4347.566,250.368,1,1,96416279076769,252.639
1,582,300,96416279897018,96416283992986,96416284298867,4401.849,305.881,1,1,96416283991969,306.898
1,583,300,96416284812204,96416288089175,96416289311116,4498.912,1221.941,1,1,96416288087969,1223.147
1,584,300,96416288908303,96416293011741,96416293272900,4364.597,261.159,1,1,96416293003169,269.731
1,585,300,96416293823429,96416297919407,96416298375212,4551.783,455.805,1,1,96416297918369,456.843
1,586,300,96416298738775,96416302015645,96416303198765,4459.990,1183.120,1,1,96416302014369,1184.396
1,587,300,96416302834843,96416306930642,96416308063060,5228.217,1132.418,1,1,96416306929569,1133.491
1,588,300,96416307749919,96416311846438,96416312251621,4501.702,405.183,1,1,96416311844769,406.852
1,589,300,96416312665296,96416316761174,96416317170117,4504.821,408.943,1,1,96416316759969,410.148
1,590,300,96416316761174,96416320857232,96416322070483,5309.309,1213.251,1,1,96416320855969,1214.514
1,591,300,96416321676150,96416325779708,96416326141081,4464.931,361.373,1,1,96416325771169,369.912
1,592,300,96416326591516,96416330687435,96416331011935,4420.419,324.500,1,1,96416330686369,325.566
1,593,300,96416331506972,96416334783483,96416336013744,4506.772,1230.261,1,1,96416334782369,1231.375
1,594,300,96416335602791,96416339698769,96416340056441,4453.650,357.672,1,1,96416339697569,358.872
1,595,300,96416340518607,96416344613855,96416345051429,4532.822,437.574,1,1,96416344612769,438.660
1,596,300,96416345433122,96416348709844,96416349943925,4510.803,1234.081,1,1,96416348708769,1235.156
1,597,300,96416349528922,96416353625050,96416353979812,4450.890,354.762,1,1,96416353623969,355.843
1,598,300,96416354444087,96416358540266,96416358966580,4522.493,426.314,1,1,96416358539169,427.411
1,599,300,96416359359343,96416362636134,96416363817784,4458.441,1181.650,1,1,96416362635169,1182.615
1,600,300,96416363455402,96416367551411,96416368744960,5289.558,1193.549,1,1,96416367550369,1194.591
1,601,300,96416368370537,96416372466507,96416372833318,4462.781,366.811,1,1,96416372465569,367.749
1,602,300,96416373285744,96416377381742,96416377801767,4516.023,420.025,1,1,96416377380769,420.998
1,603,300,96416377381742,96416381477721,96416382578908,5197.166,1101.187,1,1,96416381476769,1102.139
1,604,300,96416382296958,96416386393187,96416386958896,4661.938,565.709,1,1,96416386391969,566.927
1,605,300,96416387212174,96416391308774,96416391759248,4547.074,450.474,1,1,96416391307169,452.079
1,606,300,96416392127490,96416395404252,96416396627892,4500.402,1223.640,1,1,96416395403169,1224.723
1,607,300,96416396223399,96416400319587,96416400734951,4511.552,415.364,1,1,96416400318369,416.582
1,608,300,96416401139045,96416405234553,96416405651717,4512.672,417.164,1,1,96416405233569,418.148
1,609,300,96416406053791,96416409330533,96416410585715,4531.924,1255.182,1,1,96416409329569,1256.146
1,610,300,96416410149909,96416414245738,96416414622361,4472.452,376.623,1,1,96416414244769,377.592
1,611,300,96416415064986,96416419161014,96416419561388,4496.402,400.374,1,1,96416419159969,401.419
1,612,300,96416419980302,96416423256993,96416424484785,4504.483,1227.792,1,1,96416423255969,1228.816
1,613,300,96416424076190,96416428172248,96416429370729,5294.539,1198.481,1,1,96416428171169,1199.560
1,614,300,96416428991456,96416433087495,96416433716867,4725.411,629.372,1,1,96416433086369,630.498
1,615,300,96416433906732,96416438010731,96416438337883,4431.151,327.152,1,1,96416438001569,336.314
1,616,300,96416438010731,96416442098769,96416443341962,5331.231,1243.193,1,1,96416442097569,1244.393
1,617,300,96416442917997,96416447013775,96416447555273,4637.276,541.498,1,1,96416447012769,542.504
1,618,300,96416447833323,96416451929291,96416452426199,4592.876,496.908,1,1,96416451927969,498.230
1,619,300,96416452748499,96416456025240,96416457238021,4489.522,1212.781,1,1,96416456023969,1214.052
1,620,300,96416456844298,96416460940226,96416461271277,4426.979,331.051,1,1,96416460939169,332.108
1,621,300,96416461759424,96416465855412,96416466282367,4522.943,426.955,1,1,96416465854369,427.998
1,622,300,96416466674650,96416469951720,96416471188032,4513.382,1236.312,1,1,96416469950369,1237.663
1,623,300,96416470776979,96416474866627,96416475248599,4471.620,381.972,1,1,96416474865569,383.030
1,624,300,96416475685734,96416479781783,96416480368453,4682.719,586.670,1,1,96416479780769,587.684
1,625,300,96416480600861,96416483877751,96416485103393,4502.532,1225.642,1,1,96416483876769,1226.624
1,626,300,96416484697049,96416488792977,96416490013399,5316.350,1220.422,1,1,96416488791969,1221.430
1,627,300,96416489612125,96416493708233,96416494345055,4732.930,636.822,1,1,96416493707169,637.886
1,628,300,96416494527391,96416498623420,96416498994312,4466.921,370.892,1,1,96416498622369,371.943
1,629,300,96416498623420,96416502719438,96416503933399,5309.979,1213.961,1,1,96416502718369,1215.030
1,630,300,96416503538486,96416507634634,96416508015837,4477.351,381.203,1,1,96416507633569,382.268
1,631,300,96416508453922,96416512549740,96416512874422,4420.500,324.682,1,1,96416512548769,325.653
1,632,300,96416513368978,96416516645719,96416517925093,4556.115,1279.374,1,1,96416516644769,1280.324
1,633,300,96416517464917,96416521561465,96416521993489,4528.572,432.024,1,1,96416521559969,433.520
1,634,300,96416522380483,96416526476131,96416526911776,4531.293,435.645,1,1,96416526475169,436.607
1,635,300,96416527295419,96416530572149,96416531840553,4545.134,1268.404,1,1,96416530571169,1269.384
1,636,300,96416531391297,96416535487476,96416535737224,4345.927,249.748,1,1,96416535486369,250.855
1,637,300,96416536306573,96416540402682,96416540821226,4514.653,418.544,1,1,96416540401569,419.657
1,638,300,96416541221720,96416544498690,96416545618709,4396.989,1120.019,1,1,96416544497569,1121.140
1,639,300,96416545317728,96416549413656,96416550623407,5305.679,1209.751,1,1,96416549412769,1210.638
1,640,300,96416550233534,96416554328992,96416554887872,4654.338,558.880,1,1,96416554327969,559.903
1,641,300,96416555148140,96416559244179,96416559567129,4418.989,322.950,1,1,96416559243169,323.960
1,642,300,96416559244179,96416563340337,96416564518587,5274.408,1178.250,1,1,96416563339169,1179.418
1,643,300,96416564159665,96416568255373,96416568582774,4423.109,327.401,1,1,96416568254369,328.405
1,644,300,96416569074451,96416573170749,96416573490570,4416.119,319.821,1,1,96416573169569,321.001
1,645,300,96416573990417,96416577266528,96416578483518,4493.101,1216.990,1,1,96416577265569,1217.949
1,646,300,96416578085975,96416582181804,96416582434153,4348.178,252.349,1,1,96416582180769,253.384
1,647,300,96416583013202,96416587098100,96416587517664,4504.462,419.564,1,1,96416587095969,421.695
1,648,300,96416587917268,96416591193528,96416592417260,4499.992,1223.732,1,1,96416591191969,1225.291
1,649,300,96416592015446,96416596108754,96416596367233,4351.787,258.479,1,1,96416596107169,260.064
1,650,300,96416596927482,96416601023531,96416601514847,4587.365,491.316,1,1,96416601022369,492.478
1,651,300,96416601842528,96416605119359,96416606335470,4492.942,1216.111,1,1,96416605118369,1217.101
1,652,300,96416605939037,96416610034625,96416611255716,5316.679,1221.091,1,1,96416610033569,1222.147
1,653,300,96416610853813,96416614949711,96416615363756,4509.943,414.045,1,1,96416614948769,414.987
1,654,300,96416615777669,96416619865747,96416620280992,4503.323,415.245,1,1,96416619863969,417.023
1,655,300,96416619865747,96416623962066,96416625219739,5353.992,1257.673,1,1,96416623959969,1259.770
1,656,300,96416624781274,96416628876792,96416629430260,4648.986,553.468,1,1,96416628875169,555.091
1,657,300,96416629695870,96416633791768,96416634228372,4532.502,436.604,1,1,96416633790369,438.003
1,658,300,96416634610706,96416637887746,96416639143058,4532.352,1255.312,1,1,96416637886369,1256.689
1,659,300,96416638707004,96416642802703,96416643243578,4536.574,440.875,1,1,96416642801569,442.009
1,660,300,96416643621751,96416647717599,96416648029269,4407.518,311.670,1,1,96416647716769,312.500
1,661,300,96416648537047,96416651813687,96416652936655,4399.608,1122.968,1,1,96416651812769,1123.886
1,662,300,96416652633045,96416656729313,96416657129436,4496.391,400.123,1,1,96416656727969,401.467
1,663,300,96416657548231,96416661644220,96416662071323,4523.092,427.103,1,1,96416661643169,428.154
1,664,300,96416662463366,96416665740358,96416666950319,4486.953,1209.961,1,1,96416665739169,1211.150
1,665,300,96416666559586,96416670655694,96416671873105,5313.519,1217.411,1,1,96416670654369,1218.736
1,666,300,96416671475022,96416675570730,96416676240692,4765.670,669.962,1,1,96416675569569,671.123
1,667,300,96416676389977,96416680485936,96416680890850,4500.873,404.914,1,1,96416680484769,406.081
1,668,300,96416681305173,96416684581905,96416685684482,4379.309,1102.577,1,1,96416684580769,1103.713
1,669,300,96416685400983,96416689496891,96416689925495,4524.512,428.604,1,1,96416689495969,429.526
1,670,300,96416690316088,96416694412247,96416694851081,4534.993,438.834,1,1,96416694411169,439.912
1,671,300,96416695231384,96416698508225,96416699679204,4447.820,1170.979,1,1,96416698507169,1172.035
1,672,300,96416699327463,96416703423242,96416703676419,4348.956,253.177,1,1,96416703422369,254.050
1,673,300,96416704242818,96416708338467,96416708780933,4538.115,442.466,1,1,96416708337569,443.364
1,674,300,96416709157815,96416712434636,96416713576964,4419.149,1142.328,1,1,96416712433569,1143.395
1,675,300,96416713253723,96416717349712,96416717729184,4475.461,379.472,1,1,96416717348769,380.415
1,676,300,96416718169149,96416722265008,96416722563438,4394.289,298.430,1,1,96416722263969,299.469
1,677,300,96416723084355,96416726361417,96416727587018,4502.663,1225.601,1,1,96416726359969,1227.049
1,678,300,96416727181044,96416731276443,96416732386890,5205.846,1110.447,1,1,96416731275169,1111.721
1,679,300,96416732095670,96416736191608,96416736616213,4520.543,424.605,1,1,96416736190369,425.844
1,680,300,96416737010746,96416741106554,96416741424825,4414.079,318.271,1,1,96416741105569,319.256
1,681,300,96416741926282,96416745202644,96416746403723,4477.441,1201.079,1,1,96416745201569,1202.154
1,682,300,96416746021760,96416750117979,96416750665958,4644.198,547.979,1,1,96416750116769,549.189
1,683,300,96416750937007,96416755033055,96416755461869,4524.862,428.814,1,1,96416755031969,429.900
1,684,300,96416755852123,96416759128933,96416760376446,4524.323,1247.513,1,1,96416759127969,1248.477
1,685,300,96416759948821,96416764044199,96416764414623,4465.802,370.424,1,1,96416764043169,371.454
1,686,300,96416764863327,96416768959426,96416769469773,4606.446,510.347,1,1,96416768958369,511.404
1,687,300,96416769778703,96416773055695,96416774351968,4573.265,1296.273,1,1,96416773054369,1297.599
1,688,300,96416773874742,96416777970600,96416778395435,4520.693,424.835,1,1,96416777969569,425.866
1,689,300,96416778789848,96416782886026,96416783424485,4634.637,538.459,1,1,96416782884769,539.716
1,690,300,96416783705144,96416786981805,96416788217617,4512.473,1235.812,1,1,96416786980769,1236.848
1,691,300,96416787801112,96416791896931,96416793112943,5311.831,1216.012,1,1,96416791895969,1216.974
1,692,300,96416792716569,96416796812317,96416797226541,4509.972,414.224,1,1,96416796811169,415.372
1,693,300,96416797631485,96416801727323,96416802087756,4456.271,360.433,1,1,96416801726369,361.387
1,694,300,96416802546611,96416805823691,96416807032573,4485.962,1208.882,1,1,96416805822369,1210.204
1,695,300,96416806642709,96416810738838,96416810996836,4354.127,257.998,1,1,96416810737569,259.267
1,696,300,96416811557776,96416815653794,96416815981965,4424.189,328.171,1,1,96416815652769,329.196
1,697,300,96416816472882,96416819749702,96416821018316,4545.434,1268.614,1,1,96416819748769,1269.547
1,698,300,96416820569000,96416824664968,96416825106833,4537.833,441.865,1,1,96416824663969,442.864
1,699,300,96416825484246,96416829580185,96416829972888,4488.642,392.703,1,1,96416829579169,393.719
1,700,300,96416830399482,96416833676203,96416834900244,4500.762,1224.041,1,1,96416833675169,1225.075
1,701,300,96416834495401,96416838591539,96416838997803,4502.402,406.264,1,1,96416838590369,407.434
1,702,300,96416839410807,96416843506515,96416844016733,4605.926,510.218,1,1,96416843505569,511.164
1,703,300,96416844325703,96416847602404,96416848788104,4462.401,1185.700,1,1,96416847601569,1186.535
1,704,300,96416848421821,96416852517770,96416853729871,5308.050,1212.101,1,1,96416852516769,1213.102
1,705,300,96416853336958,96416857433086,96416857807689,4470.731,374.603,1,1,96416857431969,375.720
1,706,300,96416858252504,96416862348492,96416862762756,4510.252,414.264,1,1,96416862347169,415.587
1,707,300,96416863167770,96416866444240,96416867647901,4480.131,1203.661,1,1,96416866443169,1204.732
1,708,300,96416867263418,96416871359507,96416871928125,4664.707,568.618,1,1,96416871358369,569.756
1,709,300,96416872178644,96416876274763,96416876719717,4541.073,444.954,1,1,96416876273569,446.148
1,710,300,96416877093841,96416880370631,96416881624403,4530.562,1253.772,1,1,96416880369569,1254.834
1,711,300,96416881190019,96416885285937,96416885621688,4431.669,335.751,1,1,96416885284769,336.919
1,712,300,96416886105165,96416890201013,96416890621977,4516.812,420.964,1,1,96416890199969,422.008
1,713,300,96416891020321,96416894297122,96416895552334,4532.013,1255.212,1,1,96416894295969,1256.365
1,714,300,96416895116340,96416899212128,96416899646392,4530.052,434.264,1,1,96416899211169,435.223
1,715,300,96416900031336,96416904127614,96416904542318,4510.982,414.704,1,1,96416904126369,415.949
1,716,300,96416904946562,96416909042550,96416909409343,4462.781,366.793,1,1,96416909041569,367.774
1,717,300,96416909042550,96416913138539,96416914245006,5202.456,1106.467,1,1,96416913137569,1107.437
1,718,300,96416913957946,96416918053705,96416918614924,4656.978,561.219,1,1,96416918052769,562.155
1,719,300,96416918873063,96416922968971,96416923250681,4377.618,281.710,1,1,96416922967969,282.712
1,720,300,96416923788789,96416927065009,96416928328942,4540.153,1263.933,1,1,96416927063969,1264.973
1,721,300,96416927884337,96416931980155,96416932527023,4642.686,546.868,1,1,96416931979169,547.854
1,722,300,96416932799413,96416936895582,96416937420800,4621.387,525.218,1,1,96416936894369,526.431
1,723,300,96416937714520,96416940991500,96416942241922,4527.402,1250.422,1,1,96416940990369,1251.553
1,724,300,96416941810848,96416945906676,96416946252168,4441.320,345.492,1,1,96416945905569,346.599
1,725,300,96416946726124,96416950821682,96416951408812,4682.688,587.130,1,1,96416950820769,588.043
1,726,300,96416951640960,96416954917781,96416956153113,4512.153,1235.332,1,1,96416954916769,1236.344
1,727,300,96416955736909,96416959833137,96416960243600,4506.691,410.463,1,1,96416959831969,411.631
1,728,300,96416960652025,96416964748143,96416965164867,4512.842,416.724,1,1,96416964747169,417.698
1,729,300,96416965567351,96416969663719,96416970077782,4510.431,414.063,1,1,96416969662369,415.413
1,730,300,96416969663719,96416973759387,96416974959238,5295.519,1199.851,1,1,96416973758369,1200.869
1,731,300,96416974578515,96416978674574,96416979337166,4758.651,662.592,1,1,96416978673569,663.597
1,732,300,96416979493902,96416983589850,96416984013904,4520.002,424.054,1,1,96416983588769,425.135
1,733,300,96416984408957,96416987685718,96416988893038,4484.081,1207.320,1,1,96416987684769,1208.269
1,734,300,96416988504936,96416992600994,96416993179364,4674.428,578.370,1,1,96416992599969,579.395
1,735,300,96416993420642,96416997516491,96416997970086,4549.444,453.595,1,1,96416997515169,454.917
1,736,300,96416998335848,96417001612329,96417002902122,4566.274,1289.793,1,1,96417001611169,1290.953
1,737,300,96417002431547,96417006527555,96417006785884,4354.337,258.329,1,1,96417006526369,259.515
1,738,300,96417007346792,96417011443071,96417011913037,4566.245,469.966,1,1,96417011441569,471.468
1,739,300,96417012261788,96417015539190,96417016746690,4484.902,1207.500,1,1,96417015537569,1209.121
1,740,300,96417016358097,96417020454176,96417020721004,4362.907,266.828,1,1,96417020452769,268.235
1,741,300,96417021273073,96417025369022,96417025884179,4611.106,515.157,1,1,96417025367969,516.210
1,742,300,96417026188239,96417030284198,96417030650260,4462.021,366.062,1,1,96417030283169,367.091
1,743,300,96417030284198,96417034380206,96417035566376,5282.178,1186.170,1,1,96417034379169,1187.207
1,744,300,96417035199503,96417039295392,96417039711867,4512.364,416.475,1,1,96417039294369,417.498
1,745,300,96417040114569,96417044210478,96417044629483,4514.914,419.005,1,1,96417044209569,419.914
1,746,300,96417045030156,96417048306567,96417049576709,4546.553,1270.142,1,1,96417048305569,1271.140
1,747,300,96417049125814,96417053221843,96417053554014,4428.200,332.171,1,1,96417053220769,333.245
1,748,300,96417054041060,96417058137228,96417058560293,4519.233,423.065,1,1,96417058135969,424.324
1,749,300,96417058956496,96417062233368,96417063488640,4532.144,1255.272,1,1,96417062231969,1256.671
1,750,300,96417063052245,96417067148543,96417067568648,4516.403,420.105,1,1,96417067147169,421.479
1,751,300,96417067967821,96417072063489,96417072485784,4517.963,422.295,1,1,96417072062369,423.415
1,752,300,96417072882717,96417076159608,96417077336358,4453.641,1176.750,1,1,96417076158369,1177.989
1,753,300,96417076978475,96417081074835,96417081334213,4355.738,259.378,1,1,96417081073569,260.644
1,754,300,96417081893941,96417085990160,96417086536829,4642.888,546.669,1,1,96417085988769,548.060
1,755,300,96417086809018,96417090904946,96417091195886,4386.868,290.940,1,1,96417090903969,291.917
1,756,300,96417090904946,96417095009165,96417096193735,5288.789,1184.570,1,1,96417094999969,1193.766
1,757,300,96417095820152,96417099916180,96417100458940,4638.788,542.760,1,1,96417099915169,543.771
1,758,300,96417100735338,96417104831337,96417105223640,4488.302,392.303,1,1,96417104830369,393.271
1,759,300,96417105650505,96417108927265,96417110147207,4496.702,1219.942,1,1,96417108926369,1220.838
1,760,300,96417109746553,96417113842621,96417114393000,4646.447,550.379,1,1,96417113841569,551.431
1,761,300,96417114661809,96417118757797,96417119199552,4537.743,441.755,1,1,96417118756769,442.783
1,762,300,96417119576935,96417122853696,96417124105498,4528.563,1251.802,1,1,96417122852769,1252.729
1,763,300,96417123673044,96417127777692,96417128203707,4530.663,426.015,1,1,96417127767969,435.738
1,764,300,96417128588190,96417132684128,96417133107573,4519.383,423.445,1,1,96417132683169,424.404
1,765,300,96417133504076,96417136780396,96417137982577,4478.501,1202.181,1,1,96417136779169,1203.408
1,766,300,96417137599814,96417141695423,96417142084416,4484.602,388.993,1,1,96417141694369,390.047
1,767,300,96417142514600,96417146610629,96417147033154,4518.554,422.525,1,1,96417146609569,423.585
1,768,300,96417147430047,96417151526105,96417151933168,4503.121,407.063,1,1,96417151524769,408.399
1,769,300,96417151526105,96417155621993,96417156730751,5204.646,1108.758,1,1,96417155620769,1109.982
1,770,300,96417156441131,96417160536989,96417161201332,4760.201,664.343,1,1,96417160535969,665.363
1,771,300,96417161356207,96417165452126,96417165828939,4472.732,376.813,1,1,96417165451169,377.770
1,772,300,96417166271603,96417169548324,96417170655822,4384.219,1107.498,1,1,96417169547169,1108.653
1,773,300,96417170367532,96417174463420,96417174901875,4534.343,438.455,1,1,96417174462369,439.506
1,774,300,96417175282468,96417179379066,96417179824691,4542.223,445.625,1,1,96417179377569,447.122
1,775,300,96417180197954,96417183474525,96417184709447,4511.493,1234.922,1,1,96417183473569,1235.878
1,776,300,96417184293652,96417188389781,96417188832306,4538.654,442.525,1,1,96417188388769,443.537
1,777,300,96417189209089,96417193304927,96417193602627,4393.538,297.700,1,1,96417193303969,298.658
1,778,300,96417194124195,96417197400955,96417198595116,4470.921,1194.161,1,1,96417197399969,1195.147
1,779,300,96417198220193,96417202316581,96417202709385,4489.192,392.804,1,1,96417202315169,394.216
1,780,300,96417203135829,96417207231448,96417207515907,4380.078,284.459,1,1,96417207230369,285.538
1,781,300,96417208050585,96417212146834,96417212515756,4465.171,368.922,1,1,96417212145569,370.187
1,782,300,96417212146834,96417216242702,96417217427432,5280.598,1184.730,1,1,96417216241569,1185.863
1,783,300,96417217062050,96417221157948,96417221563002,4500.952,405.054,1,1,96417221156769,406.233
1,784,300,96417221977306,96417226072954,96417226493448,4516.142,420.494,1,1,96417226071969,421.479
1,785,300,96417226892092,96417230169073,96417231377124,4485.032,1208.051,1,1,96417230167969,1209.155
1,786,300,96417230988061,96417235084459,96417235647168,4659.107,562.709,1,1,96417235083169,563.999
1,787,300,96417235903387,96417239999365,96417240366468,4463.081,367.103,1,1,96417239998369,368.099
1,788,300,96417240818463,96417244095493,96417245334005,4515.542,1238.512,1,1,96417244094369,1239.636
1,789,300,96417244914651,96417249010780,96417249446104,4531.453,435.324,1,1,96417249009569,436.535
1,790,300,96417249829717,96417253925706,96417254343900,4514.183,418.194,1,1,96417253924769,419.131
1,791,300,96417254745064,96417258022094,96417259233795,4488.731,1211.701,1,1,96417258020769,1213.026
1,792,300,96417258841212,96417262937010,96417263335873,4494.661,398.863,1,1,96417262935969,399.904
1,793,300,96417263756338,96417267852036,96417268419565,4663.227,567.529,1,1,96417267851169,568.396
1,794,300,96417268671764,96417272767653,96417273190366,4518.602,422.713,1,1,96417272766369,423.997
1,795,300,96417272767653,96417276863601,96417277982569,5214.916,1118.968,1,1,96417276862369,1120.200
1,796,300,96417277682839,96417281780797,96417282185801,4502.962,405.004,1,1,96417281777569,408.232
1,797,300,96417282598125,96417286694023,96417286992443,4394.318,298.420,1,1,96417286692769,299.674
1,798,300,96417287513101,96417290790132,96417291898019,4384.918,1107.887,1,1,96417290788769,1109.250
1,799,300,96417291609190,96417295705078,96417296146673,4537.483,441.595,1,1,96417295703969,442.704
1,800,300,96417296524226,96417300620224,96417300938095,4413.869,317.871,1,1,96417300619169,318.926
1,801,300,96417301439432,96417304716162,96417305978955,4539.523,1262.793,1,1,96417304715169,1263.786
1,802,300,96417305535410,96417309631409,96417310052152,4516.742,420.743,1,1,96417309630369,421.783
1,803,300,96417310450696,96417314546625,96417314974799,4524.103,428.174,1,1,96417314545569,429.230
1,804,300,96417315365822,96417318642613,96417319865185,4499.363,1222.572,1,1,96417318641569,1223.616
1,805,300,96417319461791,96417323557709,96417323825338,4363.547,267.629,1,1,96417323556769,268.569
1,806,300,96417324376917,96417328472915,96417328947701,4570.784,474.786,1,1,96417328471969,475.732
1,807,300,96417329292172,96417333388202,96417333678521,4386.349,290.319,1,1,96417333387169,291.352
1,808,300,96417333388202,96417337484240,96417338688650,5300.448,1204.410,1,1,96417337483169,1205.481
1,809,300,96417338303458,96417342399356,96417342813989,4510.531,414.633,1,1,96417342398369,415.620
1,810,300,96417343218693,96417347314602,96417347640403,4421.710,325.801,1,1,96417347313569,326.834
1,811,300,96417348133959,96417351410971,96417352572769,4438.810,1161.798,1,1,96417351409569,1163.200
1,812,300,96417352230158,96417356325827,96417356650217,4420.059,324.390,1,1,96417356324769,325.448
1,813,300,96417357144874,96417361241163,96417361739939,4595.065,498.776,1,1,96417361239969,499.970
1,814,300,96417362060110,96417365336961,96417366661966,4601.856,1325.005,1,1,96417365335969,1325.997
1,815,300,96417366156218,96417370252217,96417370814236,4658.018,562.019,1,1,96417370251169,563.067
1,816,300,96417371071444,96417375167433,96417375466263,4394.819,298.830,1,1,96417375166369,299.894
1,817,300,96417375986520,96417379263402,96417380511783,4525.263,1248.381,1,1,96417379262369,1249.414
1,818,300,96417380082749,96417384178718,96417384578191,4495.442,399.473,1,1,96417384177569,400.622
1,819,300,96417384997685,96417389094333,96417389484607,4486.922,390.274,1,1,96417389092769,391.838
1,820,300,96417389913041,96417394010760,96417394309760,4396.719,299.000,1,1,96417394007969,301.791
1,821,300,96417394010760,96417398105038,96417399309009,5298.249,1203.971,1,1,96417398103969,1205.040
1,822,300,96417398924136,96417403020604,96417403655746,4731.610,635.142,1,1,96417403019169,636.577
1,823,300,96417403839772,96417407935780,96417408374465,4534.693,438.685,1,1,96417407934369,440.096
1,824,300,96417408754978,96417412031579,96417413217429,4462.451,1185.850,1,1,96417412030369,1187.060
1,825,300,96417412850726,96417416946735,96417417502454,4651.728,555.719,1,1,96417416945569,556.885
1,826,300,96417417765972,96417421861941,96417422163631,4397.659,301.690,1,1,96417421860769,302.862
1,827,300,96417422680959,96417425958269,96417427233582,4552.623,1275.313,1,1,96417425956769,1276.813
1,828,300,96417426777587,96417430873085,96417431256629,4479.042,383.544,1,1,96417430871969,384.660
1,829,300,96417431692143,96417435788211,96417436082961,4390.818,294.750,1,1,96417435787169,295.792
1,830,300,96417436607429,96417439884550,96417441163044,4555.615,1278.494,1,1,96417439883169,1279.875
1,831,300,96417440703438,96417444799496,96417445111287,4407.849,311.791,1,1,96417444798369,312.918
1,832,300,96417445618664,96417449714642,96417450223600,4604.936,508.958,1,1,96417449713569,510.031
1,833,300,96417450533670,96417454629968,96417454924438,4390.768,294.470,1,1,96417454628769,295.669
1,834,300,96417454629968,96417458725827,96417459937048,5307.080,1211.221,1,1,96417458724769,1212.279
1,835,300,96417459545205,96417463640913,96417464203102,4657.897,562.189,1,1,96417463639969,563.133
1,836,300,96417464460161,96417468556189,96417468949552,4489.391,393.363,1,1,96417468555169,394.383
1,837,300,96417469375447,96417472652517,96417473857139,4481.692,1204.622,1,1,96417472651169,1205.970
1,838,300,96417473471395,96417477567644,96417478006919,4535.524,439.275,1,1,96417477566369,440.550
1,839,300,96417478386661,96417482482640,96417482997697,4611.036,515.057,1,1,96417482481569,516.128
1,840,300,96417483301748,96417486578598,96417487686076,4384.328,1107.478,1,1,96417486577569,1108.507
1,841,300,96417487397876,96417491493974,96417491939330,4541.454,445.356,1,1,96417491492769,446.561
1,842,300,96417492313212,96417496409240,96417496843986,4530.774,434.746,1,1,96417496407969,436.017
1,843,300,96417497228368,96417500504889,96417501686289,4457.921,1181.400,1,1,96417500503969,1182.320
1,844,300,96417501324187,96417505422485,96417505845090,4520.903,422.605,1,1,96417505419169,425.921
1,845,300,96417506239373,96417510335851,96417510742715,4503.342,406.864,1,1,96417510334369,408.346
1,846,300,96417511154869,96417515250687,96417515656641,4501.772,405.954,1,1,96417515249569,407.072
1,847,300,96417515250687,96417519346616,96417520548266,5297.579,1201.650,1,1,96417519345569,1202.697
1,848,300,96417520165893,96417524261882,96417524826151,4660.258,564.269,1,1,96417524260769,565.382
1,849,300,96417525081240,96417529177028,96417529493059,4411.819,316.031,1,1,96417529175969,317.090
1,850,300,96417529996216,96417533272996,96417534566520,4570.304,1293.524,1,1,96417533271969,1294.551
1,851,300,96417534092204,96417538188332,96417538607696,4515.492,419.364,1,1,96417538187169,420.527
1,852,300,96417539011320,96417543103429,96417543528013,4516.693,424.584,1,1,96417543102369,425.644
1,853,300,96417543923176,96417547199507,96417548462590,4539.414,1263.083,1,1,96417547198369,1264.221
1,854,300,96417548018585,96417552114603,96417552444464,4425.879,329.861,1,1,96417552113569,330.895
1,855,300,96417552933861,96417557029929,96417557502125,4568.264,472.196,1,1,96417557028769,473.356
1,856,300,96417557849077,96417561126308,96417562373170,4524.093,1246.862,1,1,96417561124769,1248.401
2,0,300,96413565478973,96413567526422,96413567758580,2279.607,232.158,1,1,96413567524769,233.811
2,1,300,96413567935316,96413569573411,96413570256154,2320.838,682.743,1,1,96413569572769,683.385
2,2,300,96413569984395,96413572031024,96413572275222,2290.827,244.198,1,1,96413572030369,244.853
2,3,300,96413572441668,96413574488607,96413574781097,2339.429,292.490,1,1,96413574487969,293.128
2,4,300,96413574899351,96413576946120,96413577216519,2317.168,270.399,1,1,96413576945569,270.950
2,5,300,96413576946120,96413578995089,96413579755645,2809.525,760.556,1,1,96413578993569,762.076
2,6,300,96413579403704,96413581452833,96413581755012,2351.308,302.179,1,1,96413581451169,303.843
2,7,300,96413581861706,96413583910735,96413584266857,2405.151,356.122,1,1,96413583908769,358.088
2,8,300,96413584319169,96413585957455,96413586645278,2326.109,687.823,1,1,96413585956769,688.509
2,9,300,96413586368069,96413588415258,96413588618924,2250.855,203.666,1,1,96413588414369,204.555
2,10,300,96413588826442,96413590873231,96413591146330,2319.888,273.099,1,1,96413590871969,274.361
2,11,300,96413591284425,96413592922050,96413593560971,2276.546,638.921,1,1,96413592919969,641.002
2,12,300,96413593330223,96413595379923,96413595680093,2349.870,300.170,1,1,96413595377569,302.524
2,13,300,96413595787897,96413597837776,96413598127836,2339.939,290.060,1,1,96413597835169,292.667
2,14,300,96413598245720,96413599884005,96413600630661,2384.941,746.656,1,1,96413599883169,747.492
2,15,300,96413600295060,96413602367630,96413602643848,2348.788,276.218,1,1,96413602340769,303.079
2,16,300,96413602752372,96413604799071,96413605100422,2348.050,301.351,1,1,96413604798369,302.053
2,17,300,96413605209615,96413607256664,96413607518963,2309.348,262.299,1,1,96413607255969,262.994
2,18,300,96413607256664,96413609305704,96413609957966,2701.302,652.262,1,1,96413609303969,653.997
2,19,300,96413609714338,96413611764817,96413612090418,2376.080,325.601,1,1,96413611761569,328.849
2,20,300,96413612172060,96413614222080,96413614508640,2336.580,286.560,1,1,96413614219169,289.471
2,21,300,96413614629604,96413616267869,96413616970623,2341.019,702.754,1,1,96413616267169,703.454
2,22,300,96413616678553,96413618725892,96413619032682,2354.129,306.790,1,1,96413618724769,307.913
2,23,300,96413619136135,96413621183165,96413621464814,2328.679,281.649,1,1,96413621182369,282.445
2,24,300,96413621593629,96413623232185,96413623920208,2326.579,688.023,1,1,96413623230369,689.839
2,25,300,96413623640688,96413625689787,96413626002988,2362.300,313.201,1,1,96413625687969,315.019
2,26,300,96413626098361,96413628147280,96413628454371,2356.010,307.091,1,1,96413628145569,308.802
2,27,300,96413628555914,96413630194420,96413630846992,2291.078,652.572,1,1,96413630193569,653.423
2,28,300,96413630604614,96413632651883,96413632872180,2267.566,220.297,1,1,96413632651169,221.011
2,29,300,96413634175684,96413635109935,96413635665055,1489.371,555.120,1,1,96413635108769,556.286
2,30,300,96413635520220,96413637567179,96413638060675,2540.455,493.496,1,1,96413637566369,494.306
2,31,300,96413637567179,96413639616478,96413640336883,2769.704,720.405,1,1,96413639614369,722.514
2,32,300,96413640024682,96413642074412,96413642372331,2347.649,297.919,1,1,96413642071969,300.362
2,33,300,96413642482375,96413644531964,96413644807933,2325.558,275.969,1,1,96413644529569,278.364
2,34,300,96413644940198,96413646578573,96413647269326,2329.128,690.753,1,1,96413646577569,691.757
2,35,300,96413646989357,96413649095338,96413649288895,2299.538,193.557,1,1,96413649035169,253.726
2,36,300,96413649446710,96413651499189,96413651702317,2255.607,203.128,1,1,96413651492769,209.548
2,37,300,96413651904593,96413653542949,96413654181600,2277.007,638.651,1,1,96413653540769,640.831
2,38,300,96413653951242,96413656043983,96413656363864,2412.622,319.881,1,1,96413655998369,365.495
2,39,300,96413656408826,96413658458595,96413658718204,2309.378,259.609,1,1,96413658455969,262.235
2,40,300,96413658866818,96413660505254,96413661324112,2457.294,818.858,1,1,96413660503969,820.143
2,41,300,96413660982000,96413663030889,96413663268287,2286.287,237.398,1,1,96413662961569,306.718
2,42,300,96413663374321,96413665421220,96413665775742,2401.421,354.522,1,1,96413665419169,356.573
2,43,300,96413665831894,96413667984267,96413668245995,2414.101,261.728,1,1,96413667876769,369.226
2,44,300,96413667984267,96413669928213,96413670641627,2657.360,713.414,1,1,96413669924769,716.858
2,45,300,96413670336586,96413672385556,96413672733947,2397.361,348.391,1,1,96413672382369,351.578
2,46,300,96413672793779,96413674843439,96413675152109,2358.330,308.670,1,1,96413674839969,312.140
2,47,300,96413675251963,96413676890237,96413677640444,2388.481,750.207,1,1,96413676887969,752.475
2,48,300,96413677301002,96413679347831,96413679589989,2288.987,242.158,1,1,96413679345569,244.420
2,49,300,96413679757774,96413681805244,96413682129655,2371.881,324.411,1,1,96413681803169,326.486
2,50,300,96413682215728,96413683854224,96413684564267,2348.539,710.043,1,1,96413683851169,713.098
2,51,300,96413684262767,96413686311656,96413686661779,2399.012,350.123,1,1,96413686308769,353.010
2,52,300,96413686720370,96413688776409,96413689128002,2407.632,351.593,1,1,96413688766369,361.633
2,53,300,96413689178173,96413690817068,96413691563093,2384.920,746.025,1,1,96413690814369,748.724
2,54,300,96413691227802,96413693273972,96413693589293,2361.491,315.321,1,1,96413693271969,317.324
2,55,300,96413693687816,96413695731674,96413695973163,2285.347,241.489,1,1,96413695729569,243.594
2,56,300,96413696145578,96413698189258,96413698536869,2391.291,347.611,1,1,96413698187168,349.701
2,57,300,96413698189258,96413700240977,96413701004012,2814.754,763.035,1,1,96413700235169,768.843
2,58,300,96413700647080,96413702699120,96413703076503,2429.423,377.383,1,1,96413702692769,383.734
2,59,300,96413703104684,96413705156143,96413705483514,2378.830,327.371,1,1,96413705150369,333.145
2,60,300,96413705562247,96413707200862,96413707947658,2385.411,746.796,1,1,96413707198369,749.289
2,61,300,96413707613437,96413709658785,96413709907054,2293.617,248.269,1,1,96413709655969,251.085
2,62,300,96413710069989,96413712115828,96413712365197,2295.208,249.369,1,1,96413712113569,251.628
2,63,300,96413712527262,96413714165158,96413714888362,2361.100,723.204,1,1,96413714161569,726.793
2,64,300,96413714573131,96413716622750,96413717019844,2446.713,397.094,1,1,96413716619169,400.675
2,65,300,96413717031585,96413719080884,96413719324012,2292.427,243.128,1,1,96413719076769,247.243
2,66,300,96413719487987,96413721126943,96413721824557,2336.570,697.614,1,1,96413721124769,699.788
2,67,300,96413721537396,96413723584166,96413723884776,2347.380,300.610,1,1,96413723582369,302.407
2,68,300,96413723993700,96413726040879,96413726337829,2344.129,296.950,1,1,96413726039969,297.860
2,69,300,96413726451333,96413728498362,96413728760651,2309.318,262.289,1,1,96413728497569,263.082
2,70,300,96413728498362,96413730547621,96413731258295,2759.933,710.674,1,1,96413730545569,712.726
2,71,300,96413730955895,96413733009344,96413733329485,2373.590,320.141,1,1,96413733003169,326.316
2,72,300,96413733413438,96413735462687,96413735688995,2275.557,226.308,1,1,96413735460769,228.226
2,73,300,96413735870992,96413737509476,96413738197149,2326.157,687.673,1,1,96413737508769,688.380
2,74,300,96413737920581,96413739967690,96413740289631,2369.050,321.941,1,1,96413739966369,323.262
2,75,300,96413740377973,96413742424842,96413742708872,2330.899,284.030,1,1,96413742423969,284.903
2,76,300,96413742835917,96413744474282,96413745152085,2316.168,677.803,1,1,96413744471969,680.116
2,77,300,96413744882446,96413746932145,96413747264936,2382.490,332.791,1,1,96413746929569,335.367
2,78,300,96413747340209,96413749389758,96413749713459,2373.250,323.701,1,1,96413749387169,326.290
2,79,300,96413749797851,96413751436227,96413752117620,2319.769,681.393,1,1,96413751435169,682.451
2,80,300,96413751847361,96413753894181,96413754110547,2263.186,216.366,1,1,96413753892769,217.778
2,81,300,96413754304814,96413756351323,96413756647613,2342.799,296.290,1,1,96413756350369,297.244
2,82,300,96413756762328,96413758809017,96413759104707,2342.379,295.690,1,1,96413758807969,296.738
2,83,300,96413758809017,96413760858056,96413761587350,2778.333,729.294,1,1,96413760855969,731.381
2,84,300,96413761266609,96413763315798,96413763645500,2378.891,329.702,1,1,96413763313569,331.931
2,85,300,96413763724152,96413767355735,96413768965300,5241.148,1609.565,1,1,96413765771169,3194.131
2,86,300,96413767357505,96413767820971,96413769237319,1879.814,1416.348,1,1,96413767819169,1418.150
2,87,300,96413768232435,96413771128982,96413771807396,3574.961,678.414,1,1,96413770276769,1530.627
2,88,300,96413771130733,96413772735196,96413773140661,2009.928,405.465,1,1,96413772734369,406.292
2,89,300,96413773147771,96413774785317,96413775585623,2437.852,800.306,1,1,96413774782369,803.254
2,90,300,96413775192780,96413777242819,96413777628283,2435.503,385.464,1,1,96413777239969,388.314
2,91,300,96413777650273,96413779700553,96413780132737,2482.464,432.184,1,1,96413779697569,435.168
2,92,300,96413780107886,96413781746412,96413782466766,2358.880,720.354,1,1,96413781745569,721.197
2,93,300,96413782157845,96413784203925,96413784445443,2287.598,241.518,1,1,96413784203169,242.274
2,94,300,96413784616329,96413786661437,96413787003629,2387.300,342.192,1,1,96413786660769,342.860
2,95,300,96413787073941,96413789119171,96413789454092,2380.151,334.921,1,1,96413789118369,335.723
2,96,300,96413789119171,96413791169480,96413791916855,2797.684,747.375,1,1,96413791166369,750.486
2,97,300,96413791576753,96413793627643,96413794001335,2424.582,373.692,1,1,96413793623969,377.366
2,98,300,96413794034357,96413796085196,96413796451888,2417.531,366.692,1,1,96413796081569,370.319
2,99,300,96413796491899,96413798130535,96413798881180,2389.281,750.645,1,1,96413798129569,751.611
2,100,300,96413798542920,96413800587968,96413800946081,2403.161,358.113,1,1,96413800587169,358.912
2,101,300,96413801000132,96413803045521,96413803394613,2394.481,349.092,1,1,96413803044769,349.844
2,102,300,96413803458076,96413805096650,96413805838336,2380.260,741.686,1,1,96413805092769,745.567
2,103,300,96413805503124,96413807553644,96413807922516,2419.392,368.872,1,1,96413807550369,372.147
2,104,300,96413807960838,96413810017437,96413810395329,2434.491,377.892,1,1,96413810007969,387.360
2,105,300,96413810418420,96413812057226,96413812809601,2391.181,752.375,1,1,96413812055969,753.632
2,106,300,96413812469310,96413814514288,96413814875241,2405.931,360.953,1,1,96413814513569,361.672
2,107,300,96413814926283,96413816971922,96413817303383,2377.100,331.461,1,1,96413816971169,332.214
2,108,300,96413817383765,96413819429595,96413819738346,2354.581,308.751,1,1,96413819428769,309.577
2,109,300,96413819429595,96413821480305,96413822375845,2946.250,895.540,1,1,96413821476769,899.076
2,110,300,96413821887168,96413823938477,96413824302790,2415.622,364.313,1,1,96413823934369,368.421
2,111,300,96413824345031,96413826395401,96413826695401,2350.370,300.000,1,1,96413826391969,303.432
2,112,300,96413826802564,96413828440889,96413829278548,2475.984,837.659,1,1,96413828439969,838.579
2,113,300,96413828853033,96413830898533,96413831369728,2516.695,471.195,1,1,96413830897569,472.159
2,114,300,96413831312267,96413833356095,96413833665367,2353.100,309.272,1,1,96413833355169,310.198
2,115,300,96413833775299,96413835406655,96413836243983,2468.684,837.328,1,1,96413835403169,840.814
2,116,300,96413835813759,96413837864498,96413838250182,2436.423,385.684,1,1,96413837860769,389.413
2,117,300,96413838271302,96413840322102,96413840673523,2402.221,351.421,1,1,96413840318369,355.154
2,118,300,96413840728835,96413842367320,96413843072314,2343.479,704.994,1,1,96413842366369,705.945
2,119,300,96413842780294,96413844824873,96413845080222,2299.928,255.349,1,1,96413844823969,256.253
2,120,300,96413845237107,96413847282366,96413847631418,2394.311,349.052,1,1,96413847281569,349.849
2,121,300,96413847694630,96413849740020,96413850052780,2358.150,312.760,1,1,96413849739169,313.611
2,122,300,96413849740020,96413851790309,96413852545965,2805.945,755.656,1,1,96413851787169,758.796
2,123,300,96413852197632,96413854248011,96413854597374,2399.742,349.363,1,1,96413854244769,352.605
2,124,300,96413854655116,96413856706105,96413857025836,2370.720,319.731,1,1,96413856702369,323.467
2,125,300,96413857112818,96413858751024,96413859485939,2373.121,734.915,1,1,96413858750369,735.570
2,126,300,96413859164007,96413861208657,96413861576589,2412.582,367.932,1,1,96413861207969,368.620
2,127,300,96413861620691,96413863666300,96413864018281,2397.590,351.981,1,1,96413863665569,352.712
2,128,300,96413864078904,96413865716959,96413866444624,2365.720,727.665,1,1,96413865713569,731.055
2,129,300,96413866124093,96413868175232,96413868566255,2442.162,391.023,1,1,96413868171169,395.086
2,130,300,96413868581476,96413870631906,96413870957136,2375.660,325.230,1,1,96413870628769,328.367
2,131,300,96413871039179,96413872677465,96413873396898,2357.719,719.433,1,1,96413872676769,720.129
2,132,300,96413873090958,96413875135247,96413875451588,2360.630,316.341,1,1,96413875134369,317.219
2,133,300,96413875547762,96413877593491,96413878064866,2517.104,471.375,1,1,96413877591969,472.897
2,134,300,96413878018505,96413880050434,96413880399336,2380.831,348.902,1,1,96413880049569,349.767
2,135,300,96413880050434,96413882101023,96413883280423,3229.989,1179.400,1,1,96413882097569,1182.854
2,136,300,96413882507977,96413884558696,96413884919588,2411.611,360.892,1,1,96413884555169,364.419
2,137,300,96413884965770,96413887016729,96413887427213,2461.443,410.484,1,1,96413887012769,414.444
2,138,300,96413887423133,96413889062138,96413889800183,2377.050,738.045,1,1,96413889060769,739.414
2,139,300,96413889473772,96413891519412,96413891878283,2404.511,358.871,1,1,96413891518369,359.914
2,140,300,96413891931145,96413893977014,96413894335256,2404.111,358.242,1,1,96413893975969,359.287
2,141,300,96413894390208,96413896028844,96413896704167,2313.959,675.323,1,1,96413896023969,680.198
2,142,300,96413896434738,96413898485697,96413898855589,2420.851,369.892,1,1,96413898481569,374.020
2,143,300,96413898892340,96413900944039,96413901311402,2419.062,367.363,1,1,96413900939169,372.233
2,144,300,96413901350084,96413902988129,96413903672852,2322.768,684.723,1,1,96413902987169,685.683
2,145,300,96413903399593,96413905445492,96413905652999,2253.406,207.507,1,1,96413905444769,208.230
2,146,300,96413905857806,96413907903585,96413908113122,2255.316,209.537,1,1,96413907902369,210.753
2,147,300,96413908313689,96413910360789,96413910631388,2317.699,270.599,1,1,96413910359969,271.419
2,148,300,96413910360789,96413912409628,96413913087530,2726.741,677.902,1,1,96413912407969,679.561
2,149,300,96413912818291,96413914867250,96413915178371,2360.080,311.121,1,1,96413914865569,312.802
2,150,300,96413915275865,96413917325824,96413917587812,2311.947,261.988,1,1,96413917323169,264.643
2,151,300,96413917733477,96413919372503,96413920069807,2336.330,697.304,1,1,96413919371169,698.638
2,152,300,96413919784466,96413921829506,96413922142137,2357.671,312.631,1,1,96413921828769,313.368
2,153,300,96413922240320,96413924287038,96413924478155,2237.835,191.117,1,1,96413924286369,191.786
2,154,300,96413924697683,96413926336768,96413927049092,2351.409,712.324,1,1,96413926334369,714.723
2,155,300,96413926744652,96413928793981,96413929107832,2363.180,313.851,1,1,96413928791969,315.863
2,156,300,96413929202334,96413931251294,96413931569225,2366.891,317.931,1,1,96413931249569,319.656
2,157,300,96413932164725,96413933298514,96413934007217,1842.492,708.703,1,1,96413933297569,709.648
2,158,300,96413933710627,96413935756076,96413936022656,2312.029,266.580,1,1,96413935755169,267.487
2,159,300,96413936166921,96413938213590,96413938428637,2261.716,215.047,1,1,96413938212769,215.868
2,160,300,96413938624733,96413940671292,96413940974513,2349.780,303.221,1,1,96413940670369,304.144
2,161,300,96413940671292,96413942720342,96413943474658,2803.366,754.316,1,1,96413942718369,756.289
2,162,300,96413943128665,96413945177745,96413945491785,2363.120,314.040,1,1,96413945175969,315.816
2,163,300,96413945586309,96413947635298,96413947839415,2253.106,204.117,1,1,96413947633569,205.846
2,164,300,96413948043901,96413949682237,96413950364050,2320.149,681.813,1,1,96413949681569,682.481
2,165,300,96413950092830,96413952139840,96413952459621,2366.791,319.781,1,1,96413952139169,320.452
2,166,300,96413952550374,96413954597443,96413954808170,2257.796,210.727,1,1,96413954596769,211.401
2,167,300,96413955010997,96413956646332,96413957368207,2357.210,721.875,1,1,96413956644769,723.438
2,168,300,96413957055076,96413959104346,96413959451037,2395.961,346.691,1,1,96413959102369,348.668
2,169,300,96413959512639,96413961562448,96413961863939,2351.300,301.491,1,1,96413961559969,303.970
2,170,300,96413961970712,96413963608938,96413964282150,2311.438,673.212,1,1,96413963607969,674.181
2,171,300,96413964020022,96413966066490,96413966282938,2262.916,216.448,1,1,96413966065569,217.369
2,172,300,96413966477755,96413968524114,96413968728271,2250.516,204.157,1,1,96413968523169,205.102
2,173,300,96413968936668,96413970981846,96413971252996,2316.328,271.150,1,1,96413970980769,272.227
2,174,300,96413970981846,96413973031666,96413973669658,2687.812,637.992,1,1,96413973028769,640.889
2,175,300,96413973439280,96413975488819,96413975810170,2370.890,321.351,1,1,96413975486369,323.801
2,176,300,96413975897713,96413977946582,96413978204060,2306.347,257.478,1,1,96413977943969,260.091
2,177,300,96413978354726,96413979992921,96413980637953,2283.227,645.032,1,1,96413979991969,645.984
2,178,300,96413980404365,96413982450434,96413982780126,2375.761,329.692,1,1,96413982449569,330.557
2,179,300,96413982861468,96413984907967,96413985121295,2259.827,213.328,1,1,96413984907169,214.126
2,180,300,96413985318851,96413986957267,96413987628849,2309.998,671.582,1,1,96413986955169,673.680
2,181,300,96413987365481,96413989416810,96413989706160,2340.679,289.350,1,1,96413989412769,293.391
2,182,300,96413989823873,96413991872722,96413992223435,2399.562,350.713,1,1,96413991870369,353.066
2,183,300,96413992280807,96413993919292,96413994561654,2280.847,642.362,1,1,96413993918369,643.285
2,184,300,96413994330386,96413996574252,96413997426260,3095.874,852.008,1,1,96413996375969,1050.291
2,185,300,96413996796409,96413998834588,96413999157679,2361.270,323.091,1,1,96413998833569,324.110
2,186,300,96413999245222,96414001291971,96414001626582,2381.360,334.611,1,1,96414001291169,335.413
2,187,300,96414001291971,96414003341820,96414004142877,2850.906,801.057,1,1,96414003339169,803.708
2,188,300,96414003749464,96414005799333,96414006122375,2372.911,323.042,1,1,96414005796769,325.606
2,189,300,96414006207708,96414008257357,96414008461374,2253.666,204.017,1,1,96414008254369,207.005
2,190,300,96414008665110,96414010303726,96414011002029,2336.919,698.303,1,1,96414010302369,699.660
2,191,300,96414010715009,96414012842992,96414013100990,2385.981,257.998,1,1,96414012759969,341.021
2,192,300,96414013172533,96414015218822,96414015518742,2346.209,299.920,1,1,96414015217569,301.173
2,193,300,96414015630045,96414017272271,96414018039957,2409.912,767.686,1,1,96414017265569,774.388
2,194,300,96414017677455,96414019808467,96414020050595,2373.140,242.128,1,1,96414019723169,327.426
2,195,300,96414020134938,96414022186337,96414022410244,2275.306,223.907,1,1,96414022180769,229.475
2,196,300,96414022592331,96414024231326,96414024905619,2313.288,674.293,1,1,96414024228769,676.850
2,197,300,96414024643671,96414026688159,96414026906507,2262.836,218.348,1,1,96414026686369,220.138
2,198,300,96414027101023,96414029145553,96414029357120,2256.097,211.567,1,1,96414029143969,213.151
2,199,300,96414029559407,96414031603525,96414031881385,2321.978,277.860,1,1,96414031601569,279.816
2,200,300,96414031603525,96414033654305,96414034348818,2745.293,694.513,1,1,96414033649569,699.249
2,201,300,96414034060879,96414036112148,96414036445589,2384.710,333.441,1,1,96414036107169,338.420
2,202,300,96414036518761,96414038569320,96414038826649,2307.888,257.329,1,1,96414038564769,261.880
2,203,300,96414038976165,96414040614720,96414041276762,2300.597,662.042,1,1,96414040612769,663.993
2,204,300,96414041027774,96414043072323,96414043278400,2250.626,206.077,1,1,96414043070369,208.031
2,205,300,96414043485617,96414045530186,96414045814305,2328.688,284.119,1,1,96414045527969,286.336
2,206,300,96414045942470,96414047581046,96414048204146,2261.676,623.100,1,1,96414047575969,628.177
2,207,300,96414047987510,96414050038429,96414050364420,2376.910,325.991,1,1,96414050033569,330.851
2,208,300,96414050445262,96414052496151,96414052802272,2357.010,306.121,1,1,96414052491169,311.103
2,209,300,96414052902706,96414054541190,96414055234424,2331.718,693.234,1,1,96414054539169,695.255
2,210,300,96414054954015,96414056998704,96414057268433,2314.418,269.729,1,1,96414056996769,271.664
2,211,300,96414058115532,96414060038827,96414060870595,2755.063,831.768,1,1,96414059454369,1416.226
2,212,300,96414060042057,96414061913930,96414062346095,2304.038,432.165,1,1,96414061911969,434.126
2,213,300,96414061913930,96414064022321,96414064859669,2945.739,837.348,1,1,96414063959969,899.700
2,214,300,96414064371683,96414066421512,96414066749163,2377.480,327.651,1,1,96414066417569,331.594
2,215,300,96414066828756,96414068879545,96414069081242,2252.486,201.697,1,1,96414068875169,206.073
2,216,300,96414069286599,96414070925045,96414071575277,2288.678,650.232,1,1,96414070923169,652.108
2,217,300,96414071336798,96414073382287,96414073585765,2248.967,203.478,1,1,96414073380769,204.996
2,218,300,96414073795102,96414075840491,96414076301416,2506.314,460.925,1,1,96414075838369,463.047
2,219,300,96414076253124,96414077890380,96414082618210,6365.086,4727.830,1,1,96414077886369,4731.841
2,220,300,96414078297733,96414080348902,96414082935460,4637.727,2586.558,1,1,96414080343969,2591.491
2,221,300,96414080755487,96414082806806,96414083448897,2693.410,642.091,1,1,96414082801569,647.328
2,222,300,96414083213060,96414084851625,96414085588470,2375.410,736.845,1,1,96414084849569,738.901
2,223,300,96414085264049,96414087309038,96414087533895,2269.846,224.857,1,1,96414087307169,226.726
2,224,300,96414087721632,96414089766952,96414090126923,2405.291,359.971,1,1,96414089764769,362.154
2,225,300,96414090179005,96414092224664,96414092547615,2368.610,322.951,1,1,96414092222369,325.246
2,226,300,96414092224664,96414094275573,96414095119342,2894.678,843.769,1,1,96414094270369,848.973
2,227,300,96414094682158,96414096732937,96414097071018,2388.860,338.081,1,1,96414096727969,343.049
2,228,300,96414097139600,96414099191179,96414099417538,2277.938,226.359,1,1,96414099185569,231.969
2,229,300,96414099597334,96414101235579,96414102102658,2505.324,867.079,1,1,96414101233569,869.089
2,230,300,96414101647933,96414103693792,96414104049094,2401.161,355.302,1,1,96414103691169,357.925
2,231,300,96414104106086,96414106166375,96414107088377,2982.291,922.002,1,1,96414106148769,939.608
2,232,300,96414106563439,96414108202624,96414108863416,2299.977,660.792,1,1,96414108196769,666.647
2,233,300,96414108608418,96414110660227,96414111380882,2772.464,720.655,1,1,96414110654369,726.513
2,234,300,96414111066201,96414113117070,96414113450432,2384.231,333.362,1,1,96414113111969,338.463
2,235,300,96414113523614,96414115161879,96414115847373,2323.759,685.494,1,1,96414115159969,687.404
2,236,300,96414115574514,96414117619463,96414117850850,2276.336,231.387,1,1,96414117617569,233.281
2,237,300,96414118032396,96414120077256,96414120378536,2346.140,301.280,1,1,96414120075169,303.367
2,238,300,96414120490250,96414122535029,96414122827438,2337.188,292.409,1,1,96414122532769,294.669
2,239,300,96414122535029,96414124586088,96414125395395,2860.366,809.307,1,1,96414124580769,814.626
2,240,300,96414124992152,96414127043191,96414127376482,2384.330,333.291,1,1,96414127038369,338.113
2,241,300,96414127449754,96414129501214,96414129797274,2347.520,296.060,1,1,96414129495969,301.305
2,242,300,96414129907898,96414131546114,96414132251607,2343.709,705.493,1,1,96414131543969,707.638
2,243,300,96414131958517,96414134010607,96414134315006,2356.489,304.399,1,1,96414134001569,313.437
2,244,300,96414134449031,96414136461309,96414136659636,2210.605,198.327,1,1,96414136459169,200.467
2,245,300,96414136873803,96414138512509,96414139143350,2269.547,630.841,1,1,96414138507169,636.181
2,246,300,96414138918282,96414140969401,96414141282002,2363.720,312.601,1,1,96414140964769,317.233
2,247,300,96414141376135,96414144081717,96414145102921,3726.786,1021.204,1,1,96414143422369,1680.552
2,248,300,96414144085987,96414145472324,96414146187638,2101.651,715.314,1,1,96414145470369,717.269
2,249,300,96414145884898,96414147930037,96414148149054,2264.156,219.017,1,1,96414147927969,221.085
2,250,300,96414148342891,96414150387469,96414150596136,2253.245,208.667,1,1,96414150385569,210.567
2,251,300,96414150800464,96414152845063,96414153070050,2269.586,224.987,1,1,96414152843169,226.881
2,252,300,96414152845063,96414154896762,96414155590656,2745.593,693.894,1,1,96414154891169,699.487
2,253,300,96414155302916,96414157354016,96414157676916,2374.000,322.900,1,1,96414157348769,328.147
2,254,300,96414157760259,96414159811508,96414160016715,2256.456,205.207,1,1,96414159806369,210.346
2,255,300,96414160218112,96414161856288,96414162575392,2357.280,719.104,1,1,96414161854369,721.023
2,256,300,96414162269672,96414164314240,96414164625411,2355.739,311.171,1,1,96414164311969,313.442
2,257,300,96414164726954,96414166773514,96414167043383,2316.429,269.869,1,1,96414166769569,273.814
2,258,300,96414167184488,96414168822253,96414169449134,2264.646,626.881,1,1,96414168817569,631.565
2,259,300,96414169229456,96414171280066,96414171489233,2259.777,209.167,1,1,96414171275169,214.064
2,260,300,96414171687130,96414173738329,96414174058120,2370.990,319.791,1,1,96414173732769,325.351
2,261,300,96414174144492,96414175782828,96414176489482,2344.990,706.654,1,1,96414175780769,708.713
2,262,300,96414176195912,96414178240181,96414178496140,2300.228,255.959,1,1,96414178238369,257.771
2,263,300,96414178653495,96414180698134,96414181010004,2356.509,311.870,1,1,96414180695969,314.035
2,264,300,96414181111079,96414183155937,96414183439016,2327.937,283.079,1,1,96414183153569,285.447
2,265,300,96414183155937,96414185207287,96414185856399,2700.462,649.112,1,1,96414185201569,654.830
2,266,300,96414185613271,96414187664670,96414187975941,2362.670,311.271,1,1,96414187659169,316.772
2,267,300,96414188070933,96414190122523,96414190402012,2331.079,279.489,1,1,96414190116769,285.243
2,268,300,96414190528587,96414192166741,96414192863105,2334.518,696.364,1,1,96414192164769,698.336
2,269,300,96414192579896,96414194624835,96414194836982,2257.086,212.147,1,1,96414194622369,214.613
2,270,300,96414195037349,96414197081968,96414197271485,2234.136,189.517,1,1,96414197079969,191.516
2,271,300,96414197494812,96414199133498,96414199782830,2288.018,649.332,1,1,96414199127969,654.861
2,272,300,96414199539521,96414201590680,96414201929022,2389.501,338.342,1,1,96414201585569,343.453
2,273,300,96414201997474,96414204048534,96414204355324,2357.850,306.790,1,1,96414204043169,312.155
2,274,300,96414204454897,96414206093312,96414206797307,2342.410,703.995,1,1,96414206091169,706.138
2,275,300,96414206505556,96414208550916,96414208789693,2284.137,238.777,1,1,96414208548769,240.924
2,276,300,96414208963499,96414211016179,96414211221146,2257.647,204.967,1,1,96414211006369,214.777
2,277,300,96414211421013,96414213466082,96414213733071,2312.058,266.989,1,1,96414213463969,269.102
2,278,300,96414213466082,96414215516401,96414216202694,2736.612,686.293,1,1,96414215511969,690.725
2,279,300,96414215923605,96414217974595,96414218291734,2368.129,317.139,1,1,96414217969569,322.165
2,280,300,96414218380908,96414220432897,96414220704346,2323.438,271.449,1,1,96414220427169,277.177
2,281,300,96414220839201,96414222476716,96414223381567,2542.366,904.851,1,1,96414222475169,906.398
2,282,300,96414222888660,96414224934269,96414225155296,2266.636,221.027,1,1,96414224932769,222.527
2,283,300,96414225346593,96414227392353,96414227666012,2319.419,273.659,1,1,96414227390369,275.643
2,284,300,96414227804116,96414229442382,96414230083613,2279.497,641.231,1,1,96414229438369,645.244
2,285,300,96414229849805,96414231901554,96414232222286,2372.481,320.732,1,1,96414231895969,326.317
2,286,300,96414232307749,96414234451961,96414235293829,2986.080,841.868,1,1,96414234353569,940.260
2,287,300,96414234765181,96414236403567,96414237132401,2367.220,728.834,1,1,96414236401569,730.832
2,288,300,96414236815180,96414238860830,96414239143689,2328.509,282.859,1,1,96414238859169,284.520
2,289,300,96414239272874,96414241318103,96414241535230,2262.356,217.127,1,1,96414241316769,218.461
2,290,300,96414241730757,96414243776856,96414244261873,2531.116,485.017,1,1,96414243774369,487.504
2,291,300,96414243776856,96414245826255,96414246602742,2825.886,776.487,1,1,96414245822369,780.373
2,292,300,96414246234679,96414248283889,96414248527867,2293.188,243.978,1,1,96414248279969,247.898
2,293,300,96414248692182,96414251024641,96414251549629,2857.447,524.988,1,1,96414250737569,812.060
2,294,300,96414251475016,96414252788460,96414253489084,2014.068,700.624,1,1,96414252785569,703.515
2,295,300,96414253199155,96414255245794,96414255501123,2301.968,255.329,1,1,96414255243169,257.954
2,296,300,96414255656817,96414257703547,96414257945555,2288.738,242.008,1,1,96414257700769,244.786
2,297,300,96414258114451,96414259752706,96414260482461,2368.010,729.755,1,1,96414259748769,733.692
2,298,300,96414260160940,96414262210579,96414262476529,2315.589,265.950,1,1,96414262206369,270.160
2,299,300,96414262618443,96414264667752,96414264984383,2365.940,316.631,1,1,96414264663969,320.414
2,300,300,96414265076026,96414266714481,96414267454977,2378.951,740.496,1,1,96414266711969,743.008
2,301,300,96414267125445,96414269170515,96414269429993,2304.548,259.478,1,1,96414269169569,260.424
2,302,300,96414269581428,96414271628037,96414271936148,2354.720,308.111,1,1,96414271627169,308.979
2,303,300,96414272039152,96414274085670,96414274362530,2323.378,276.860,1,1,96414274084769,277.761
2,304,300,96414274085670,96414276134820,96414276829863,2744.193,695.043,1,1,96414276132769,697.094
2,305,300,96414276543123,96414278592333,96414278903403,2360.280,311.070,1,1,96414278590369,313.034
2,306,300,96414279000736,96414281050186,96414281351836,2351.100,301.650,1,1,96414281047969,303.867
2,307,300,96414281458400,96414283096794,96414283780558,2322.158,683.764,1,1,96414283095969,684.589
2,308,300,96414283507029,96414285554488,96414285888369,2381.340,333.881,1,1,96414285553569,334.800
2,309,300,96414285965441,96414288015901,96414288299751,2334.310,283.850,1,1,96414288011169,288.582
2,310,300,96414288422885,96414290061311,96414290736473,2313.588,675.162,1,1,96414290059169,677.304
2,311,300,96414290469724,96414292518833,96414292855704,2385.980,336.871,1,1,96414292516769,338.935
2,312,300,96414292927237,96414294976277,96414295292177,2364.940,315.900,1,1,96414294974369,317.808
2,313,300,96414295384810,96414297023126,96414297729849,2345.039,706.723,1,1,96414297022369,707.480
2,314,300,96414297433739,96414299480979,96414299735428,2301.689,254.449,1,1,96414299479969,255.459
2,315,300,96414299891702,96414301938651,96414302246663,2354.961,308.012,1,1,96414301937569,309.094
2,316,300,96414302349326,96414304396075,96414304668964,2319.638,272.889,1,1,96414304395169,273.795
2,317,300,96414304396075,96414306445344,96414307174639,2778.564,729.295,1,1,96414306443169,731.470
2,318,300,96414306853897,96414308902907,96414309210828,2356.931,307.921,1,1,96414308900769,310.059
2,319,300,96414309311401,96414311360320,96414311637510,2326.109,277.190,1,1,96414311358369,279.141
2,320,300,96414311779734,96414313407079,96414314062061,2282.327,654.982,1,1,96414313406369,655.692
2,321,300,96414313817673,96414315865152,96414316175253,2357.580,310.101,1,1,96414315863969,311.284
2,322,300,96414316275546,96414318322836,96414318603675,2328.129,280.839,1,1,96414318321569,282.106
2,323,300,96414318733309,96414320371795,96414321062438,2329.129,690.643,1,1,96414320369569,692.869
2,324,300,96414320780228,96414322828937,96414323052996,2272.768,224.059,1,1,96414322827169,225.827
2,325,300,96414323237512,96414325286931,96414325571830,2334.318,284.899,1,1,96414325284769,287.061
2,326,300,96414325695144,96414327333520,96414328063334,2368.190,729.814,1,1,96414327332769,730.565
2,327,300,96414327744523,96414329791153,96414330021581,2277.058,230.428,1,1,96414329790369,231.212
2,328,300,96414330202357,96414332904298,96414333558991,3356.634,654.693,1,1,96414332247969,1311.022
2,329,300,96414332906148,96414334706769,96414335303929,2397.781,597.160,1,1,96414334705569,598.360
2,330,300,96414334706769,96414336756479,96414337490233,2783.464,733.754,1,1,96414336753569,736.664
2,331,300,96414337164532,96414339215691,96414339591804,2427.272,376.113,1,1,96414339211169,380.635
2,332,300,96414339622955,96414341672695,96414341947674,2324.719,274.979,1,1,96414341668769,278.905
2,333,300,96414342080279,96414343718923,96414344559782,2479.503,840.859,1,1,96414343716769,843.013
2,334,300,96414344130658,96414346176707,96414346478817,2348.159,302.110,1,1,96414346174369,304.448
2,335,300,96414346588480,96414348634179,96414348914949,2326.469,280.770,1,1,96414348631969,282.980
2,336,300,96414349045764,96414350684089,96414351460395,2414.631,776.306,1,1,96414350679969,780.426
2,337,300,96414351091593,96414353141952,96414353506775,2415.182,364.823,1,1,96414353137569,369.206
2,338,300,96414353549306,96414355599636,96414355914326,2365.020,314.690,1,1,96414355595169,319.157
2,339,300,96414356011309,96414357645384,96414358389119,2377.810,743.735,1,1,96414357643169,745.950
2,340,300,96414358057328,96414360102728,96414360419258,2361.930,316.530,1,1,96414360100769,318.489
2,341,300,96414360514841,96414362560370,96414362843800,2328.959,283.430,1,1,96414362558369,285.431
2,342,300,96414362972184,96414365018754,96414365414767,2442.583,396.013,1,1,96414365015969,398.798
2,343,300,96414365018754,96414367068213,96414367832788,2814.034,764.575,1,1,96414367063969,768.819
2,344,300,96414367475866,96414369526155,96414369953040,2477.174,426.885,1,1,96414369521569,431.471
2,345,300,96414369933450,96414371984359,96414372346142,2412.692,361.783,1,1,96414371979169,366.973
2,346,300,96414372391012,96414374029138,96414374716501,2325.489,687.363,1,1,96414374027169,689.332
2,347,300,96414374440682,96414376486441,96414376880404,2439.722,393.963,1,1,96414376484769,395.635
2,348,300,96414376899075,96414378944484,96414379292116,2393.041,347.632,1,1,96414378942369,349.747
2,349,300,96414379355988,96414380994073,96414381909505,2553.517,915.432,1,1,96414380990369,919.136
2,350,300,96414381402267,96414383451946,96414383979404,2577.137,527.458,1,1,96414383447969,531.435
2,351,300,96414383859681,96414385910100,96414386288912,2429.231,378.812,1,1,96414385905569,383.343
2,352,300,96414386317293,96414387955749,96414388711634,2394.341,755.885,1,1,96414387953569,758.065
2,353,300,96414388367442,96414390412891,96414390715342,2347.900,302.451,1,1,96414390411169,304.173
2,354,300,96414390825196,96414392870475,96414393129874,2304.678,259.399,1,1,96414392868769,261.105
2,355,300,96414393282288,96414395328378,96414395713031,2430.743,384.653,1,1,96414395326369,386.662
2,356,300,96414395328378,96414397377407,96414398145633,2817.255,768.226,1,1,96414397374369,771.264
2,357,300,96414397784751,96414399835510,96414400100760,2316.009,265.250,1,1,96414399831969,268.791
2,358,300,96414400242354,96414402292243,96414402607844,2365.490,315.601,1,1,96414402289569,318.275
2,359,300,96414402699897,96414404338332,96414405097158,2397.261,758.826,1,1,96414404337569,759.589
2,360,300,96414404750207,96414406795906,96414407026913,2276.706,231.007,1,1,96414406795169,231.744
2,361,300,96414407207849,96414409253538,96414409567389,2359.540,313.851,1,1,96414409252769,314.620
2,362,300,96414409665193,96414411303957,96414412136736,2471.543,832.779,1,1,96414411300769,835.967
2,363,300,96414411711161,96414413761481,96414414149923,2438.762,388.442,1,1,96414413758369,391.554
2,364,300,96414414168795,96414416219334,96414416558845,2390.050,339.511,1,1,96414416215969,342.876
2,365,300,96414416626327,96414418264663,96414419107862,2481.535,843.199,1,1,96414418263969,843.893
2,366,300,96414418676737,96414420722286,96414420956254,2279.517,233.968,1,1,96414420721569,234.685
2,367,300,96414421133820,96414423180009,96414423491379,2357.559,311.370,1,1,96414423179169,312.210
2,368,300,96414423591833,96414425637512,96414425949193,2357.360,311.681,1,1,96414425636769,312.424
2,369,300,96414425637512,96414427687382,96414428555070,2917.558,867.688,1,1,96414427684769,870.301
2,370,300,96414428095225,96414430145194,96414430488566,2393.341,343.372,1,1,96414430142369,346.197
2,371,300,96414430552758,96414432601638,96414432940079,2387.321,338.441,1,1,96414432599969,340.110
2,372,300,96414433010361,96414434648707,96414435320249,2309.888,671.542,1,1,96414434647969,672.280
2,373,300,96414435059121,96414437106540,96414437305286,2246.165,198.746,1,1,96414437105569,199.717
2,374,300,96414437516833,96414439563902,96414439846072,2329.239,282.170,1,1,96414439563169,282.903
2,375,300,96414439974447,96414441613002,96414442313886,2339.439,700.884,1,1,96414441611169,702.717
2,376,300,96414442021526,96414444070885,96414444396066,2374.540,325.181,1,1,96414444068769,327.297
2,377,300,96414445873386,96414446528369,96414447018404,1145.018,490.035,1,1,96414446526369,492.035
2,378,300,96414446937002,96414448575308,96414449255520,2318.518,680.212,1,1,96414448574369,681.151
2,379,300,96414448985811,96414451032740,96414451290619,2304.808,257.879,1,1,96414451031969,258.650
2,380,300,96414451443534,96414453490743,96414453824865,2381.331,334.122,1,1,96414453489569,335.296
2,381,300,96414453901477,96414455948207,96414456249666,2348.189,301.459,1,1,96414455947169,302.497
2,382,300,96414455948207,96414457997106,96414458629497,2681.290,632.391,1,1,96414457995169,634.328
2,383,300,96414458405469,96414460454568,96414460775560,2370.091,320.992,1,1,96414460452769,322.791
2,384,300,96414460863123,96414462912612,96414463212582,2349.459,299.970,1,1,96414462910369,302.213
2,385,300,96414463320785,96414464959191,96414465603412,2282.627,644.221,1,1,96414464958369,645.043
2,386,300,96414465369704,96414467416804,96414467617111,2247.407,200.307,1,1,96414467415969,201.142
2,387,300,96414467827738,96414469874427,96414470147086,2319.348,272.659,1,1,96414469873569,273.517
2,388,300,96414470285281,96414471923886,96414472588659,2303.378,664.773,1,1,96414471921569,667.090
2,389,300,96414472331830,96414474380889,96414474745602,2413.772,364.713,1,1,96414474379169,366.433
2,390,300,96414474789513,96414476838433,96414477183584,2394.071,345.151,1,1,96414476836769,346.815
2,391,300,96414477247096,96414478885662,96414479572665,2325.569,687.003,1,1,96414478884769,687.896
2,392,300,96414479296315,96414481343124,96414481551361,2255.046,208.237,1,1,96414481342369,208.992
2,393,300,96414481753899,96414483801398,96414484099278,2345.379,297.880,1,1,96414483799969,299.309
2,394,300,96414484211351,96414486258301,96414486538880,2327.529,280.579,1,1,96414486257569,281.311
2,395,300,96414486258301,96414488307090,96414489017284,2758.983,710.194,1,1,96414488305569,711.715
2,396,300,96414488715934,96414490765483,96414491077103,2361.169,311.620,1,1,96414490763169,313.934
2,397,300,96414491173547,96414493222296,96414493499836,2326.289,277.540,1,1,96414493220769,279.067
2,398,300,96414493631000,96414495269495,96414495964009,2333.009,694.514,1,1,96414495268769,695.240
2,399,300,96414495680339,96414497727059,96414498049289,2368.950,322.230,1,1,96414497726369,322.920
2,400,300,96414498137502,96414500184731,96414500388478,2250.976,203.747,1,1,96414500183969,204.509
2,401,300,96414500595376,96414502234270,96414502876953,2281.577,642.683,1,1,96414502231969,644.984
2,402,300,96414502642355,96414504691074,96414504910591,2268.236,219.517,1,1,96414504689569,221.022
2,403,300,96414505099897,96414507148917,96414507458678,2358.781,309.761,1,1,96414507147169,311.509
2,404,300,96414507557721,96414509195866,96414509874979,2317.258,679.113,1,1,96414509195169,679.810
2,405,300,96414509606410,96414511653439,96414511871777,2265.367,218.338,1,1,96414511652769,219.008
2,406,300,96414512064303,96414514111142,96414514311949,2247.646,200.807,1,1,96414514110369,201.580
2,407,300,96414514521516,96414516568665,96414516828214,2306.698,259.549,1,1,96414516567969,260.245
2,408,300,96414516568665,96414518617855,96414519292137,2723.472,674.282,1,1,96414518615969,676.168
2,409,300,96414519026338,96414521075187,96414521382668,2356.330,307.481,1,1,96414521073569,309.099
2,410,300,96414521483912,96414523532901,96414523847361,2363.449,314.460,1,1,96414523531169,316.192
2,411,300,96414523941524,96414525579930,96414526226762,2285.238,646.832,1,1,96414525579169,647.593
2,412,300,96414525990493,96414528037493,96414528345653,2355.160,308.160,1,1,96414528036769,308.884
2,413,300,96414528448117,96414530495236,96414530779296,2331.179,284.060,1,1,96414530494369,284.927
2,414,300,96414530905650,96414532543875,96414533225798,2320.148,681.923,1,1,96414532542369,683.429
2,415,300,96414532952789,96414535009988,96414535332249,2379.460,322.261,1,1,96414534999969,332.280
2,416,300,96414535410252,96414537459351,96414537753591,2343.339,294.240,1,1,96414537457569,296.022
2,417,300,96414537867975,96414539506361,96414540141532,2273.557,635.171,1,1,96414539505569,635.963
2,418,300,96414539917244,96414541963833,96414542211141,2293.897,247.308,1,1,96414541963169,247.972
2,419,300,96414542374558,96414544421517,96414544631124,2256.566,209.607,1,1,96414544420769,210.355
2,420,300,96414544832310,96414546879119,96414547099247,2266.937,220.128,1,1,96414546878369,220.878
2,421,300,96414546879119,96414548927949,96414549616832,2737.713,688.883,1,1,96414548926369,690.463
2,422,300,96414549336823,96414551385892,96414551683752,2346.929,297.860,1,1,96414551383969,299.783
2,423,300,96414551794286,96414553843155,96414554038731,2244.445,195.576,1,1,96414553841569,197.162
2,424,300,96414554252019,96414555890774,96414556523786,2271.767,633.012,1,1,96414555889569,634.217
2,425,300,96414556303108,96414558504952,96414559889779,3586.671,1384.827,1,1,96414558347169,1542.610
2,426,300,96414558759821,96414560805560,96414561157432,2397.611,351.872,1,1,96414560804769,352.663
2,427,300,96414561216484,96414562855709,96414563548753,2332.269,693.044,1,1,96414562852769,695.984
2,428,300,96414563263684,96414565348584,96414565685105,2421.421,336.521,1,1,96414565310369,374.736
2,429,300,96414565721206,96414567781286,96414568089756,2368.550,308.470,1,1,96414567767969,321.787
2,430,300,96414568178530,96414569817475,96414570503828,2325.298,686.353,1,1,96414569815969,687.859
2,431,300,96414570227769,96414572274918,96414572519416,2291.647,244.498,1,1,96414572273569,245.847
2,432,300,96414572686102,96414574732301,96414574943438,2257.336,211.137,1,1,96414574731168,212.270
2,433,300,96414575143455,96414577190434,96414577420181,2276.726,229.747,1,1,96414577188769,231.412
2,434,300,96414577190434,96414579238883,96414579888845,2698.411,649.962,1,1,96414579236769,652.076
2,435,300,96414579647167,96414581696146,96414582014637,2367.470,318.491,1,1,96414581694369,320.268
2,436,300,96414582104750,96414585034819,96414585750563,3645.813,715.744,1,1,96414584151968,1598.595
2,437,300,96414585037809,96414586200849,96414586919043,1881.234,718.194,1,1,96414586199969,719.074
2,438,300,96414586611712,96414588658261,96414589019823,2408.111,361.562,1,1,96414588657569,362.254
2,439,300,96414589069015,96414591115914,96414591327912,2258.897,211.998,1,1,96414591115169,212.743
2,440,300,96414591526468,96414593165244,96414593841237,2314.769,675.993,1,1,96414593163168,678.069
2,441,300,96414593573458,96414597024404,96414597973266,4399.808,948.862,1,1,96414595620769,2352.497
2,442,300,96414597027005,96414598081790,96414598605157,1578.152,523.367,1,1,96414598078369,526.788
2,443,300,96414598489384,96414600127420,96414600942087,2452.703,814.667,1,1,96414600126369,815.718
2,444,300,96414600538213,96414602584782,96414602832360,2294.147,247.578,1,1,96414602583968,248.392
2,445,300,96414602995727,96414605042315,96414605252663,2256.936,210.348,1,1,96414605041569,211.094
2,446,300,96414605453419,96414607500008,96414607782598,2329.179,282.590,1,1,96414607499169,283.429
2,447,300,96414607500008,96414609549477,96414610382536,2882.528,833.059,1,1,96414609547169,835.367
2,448,300,96414609957501,96414612013241,96414612332491,2374.990,319.250,1,1,96414612004768,327.723
2,449,300,96414612415155,96414614464254,96414614730803,2315.648,266.549,1,1,96414614462369,268.434
2,450,300,96414614872667,96414616511043,96414617197916,2325.249,686.873,1,1,96414616510369,687.547
2,451,300,96414616922547,96414618968805,96414619164382,2241.835,195.577,1,1,96414618967969,196.413
2,452,300,96414619379260,96414621426269,96414621618166,2238.906,191.897,1,1,96414621425568,192.598
2,453,300,96414621837062,96414623475148,96414624159321,2322.259,684.173,1,1,96414623473569,685.752
2,454,300,96414623883982,96414625933222,96414626253532,2369.550,320.310,1,1,96414625931169,322.363
2,455,300,96414626341485,96414628390554,96414628709475,2367.990,318.921,1,1,96414628388769,320.706
2,456,300,96414628799088,96414630437524,96414631120367,2321.279,682.843,1,1,96414630436768,683.599
2,457,300,96414630847927,96414632895146,96414633532618,2684.691,637.472,1,1,96414632894369,638.249
2,458,300,96414633306060,96414635352650,96414635552146,2246.086,199.496,1,1,96414635351969,200.177
2,459,300,96414635763553,96414637810332,96414638082542,2318.989,272.210,1,1,96414637809569,272.973
2,460,300,96414637810332,96414639859671,96414640549045,2738.713,689.374,1,1,96414639857569,691.476
2,461,300,96414640268076,96414642317465,96414642551283,2283.207,233.818,1,1,96414642315169,236.114
2,462,300,96414642725808,96414644779708,96414645057918,2332.110,278.210,1,1,96414644772769,285.149
2,463,300,96414645183332,96414646821677,96414647526841,2343.509,705.164,1,1,96414646820769,706.072
2,464,300,96414647232521,96414649279380,96414649481177,2248.656,201.797,1,1,96414649278369,202.808
2,465,300,96414649690094,96414651736703,96414651956180,2266.086,219.477,1,1,96414651735969,220.211
2,466,300,96414652147577,96414653785842,96414654466026,2318.449,680.184,1,1,96414653783969,682.057
2,467,300,96414654194527,96414656243616,96414656556656,2362.129,313.040,1,1,96414656241569,315.087
2,468,300,96414656651929,96414658701088,96414659013859,2361.930,312.771,1,1,96414658699169,314.690
2,469,300,96414659110173,96414660748087,96414661417020,2306.847,668.933,1,1,96414660747169,669.851
2,470,300,96414661158832,96414663205821,96414663893154,2734.322,687.333,1,1,96414663204769,688.385
2,471,300,96414663616544,96414665663364,96414665960153,2343.609,296.789,1,1,96414665662369,297.784
2,472,300,96414666073658,96414668120947,96414668390746,2317.088,269.799,1,1,96414668119969,270.777
2,473,300,96414668120947,96414670170336,96414671034505,2913.558,864.169,1,1,96414670167969,866.536
2,474,300,96414670578490,96414672629310,96414673003192,2424.702,373.882,1,1,96414672625569,377.623
2,475,300,96414673036433,96414675086652,96414675398373,2361.940,311.721,1,1,96414675083169,315.204
2,476,300,96414675494376,96414677132332,96414677936048,2441.672,803.716,1,1,96414677131169,804.879
2,477,300,96414677545285,96414679590084,96414679954007,2408.722,363.923,1,1,96414679588769,365.238
2,478,300,96414680022430,96414682047768,96414682410230,2387.800,362.462,1,1,96414682046369,363.861
2,479,300,96414682459951,96414684099317,96414684834092,2374.141,734.775,1,1,96414684094369,739.723
2,480,300,96414684505110,96414686556570,96414686935382,2430.272,378.812,1,1,96414686551969,383.413
2,481,300,96414686962884,96414689064945,96414689427937,2465.053,362.992,1,1,96414689009569,418.368
2,482,300,96414689420067,96414691058982,96414691724965,2304.898,665.983,1,1,96414691057569,667.396
2,483,300,96414691471156,96414693516585,96414694236430,2765.274,719.845,1,1,96414693515169,721.261
2,484,300,96414693929369,96414695973789,96414696327241,2397.872,353.452,1,1,96414695972769,354.472
2,485,300,96414696385872,96414698431321,96414698808294,2422.422,376.973,1,1,96414698430369,377.925
2,486,300,96414698431321,96414700481990,96414701194235,2762.914,712.245,1,1,96414700478369,715.866
2,487,300,96414700888895,96414702940154,96414703294916,2406.021,354.762,1,1,96414702935969,358.947
2,488,300,96414703346597,96414705397526,96414705724148,2377.551,326.622,1,1,96414705393569,330.579
2,489,300,96414705804101,96414707442466,96414708125089,2320.988,682.623,1,1,96414707441569,683.520
2,490,300,96414707855260,96414709900509,96414710236620,2381.360,336.111,1,1,96414709899169,337.451
2,491,300,96414710311703,96414712357522,96414712736205,2424.502,378.683,1,1,96414712356769,379.436
2,492,300,96414712774846,96414714408051,96414715171637,2396.791,763.586,1,1,96414714404769,766.868
2,493,300,96414714815315,96414716866054,96414717229697,2414.382,363.643,1,1,96414716862369,367.328
2,494,300,96414717272878,96414719323167,96414719719801,2446.923,396.634,1,1,96414719319969,399.832
2,495,300,96414719730332,96414721368706,96414722095971,2365.639,727.265,1,1,96414721367969,728.002
2,496,300,96414721781251,96414723826290,96414724569724,2788.473,743.434,1,1,96414723825569,744.155
2,497,300,96414724238263,96414726284193,96414726606403,2368.140,322.210,1,1,96414726283169,323.234
2,498,300,96414726696267,96414728741896,96414729076497,2380.230,334.601,1,1,96414728740769,335.728
2,499,300,96414728741896,96414730798485,96414731726277,2984.381,927.792,1,1,96414730788769,937.508
2,500,300,96414731203828,96414733249718,96414733627361,2423.533,377.643,1,1,96414733246369,380.992
2,501,300,96414733656682,96414735707891,96414736081893,2425.211,374.002,1,1,96414735703969,377.924
2,502,300,96414736114375,96414737752671,96414738575808,2461.433,823.137,1,1,96414737751969,823.839
2,503,300,96414738164954,96414740210253,96414740546895,2381.941,336.642,1,1,96414740209569,337.326
2,504,300,96414740621998,96414742667936,96414742883274,2261.276,215.338,1,1,96414742667169,216.105
2,505,300,96414743080830,96414744718566,96414745408089,2327.259,689.523,1,1,96414744715169,692.920
2,506,300,96414745125599,96414747175868,96414747498110,2372.511,322.242,1,1,96414747172769,325.341
2,507,300,96414747583142,96414749634142,96414749953243,2370.101,319.101,1,1,96414749630369,322.874
2,508,300,96414750040746,96414751679871,96414752358764,2318.018,678.893,1,1,96414751678369,680.395
2,509,300,96414752090205,96414754136994,96414754839337,2749.132,702.343,1,1,96414754135969,703.368
2,510,300,96414754547268,96414756594296,96414756796844,2249.576,202.548,1,1,96414756593569,203.275
2,511,300,96414757011832,96414759052170,96414759307719,2295.887,255.549,1,1,96414759051169,256.550
2,512,300,96414759052170,96414761101199,96414761797923,2745.753,696.724,1,1,96414761099169,698.754
2,513,300,96414761509523,96414763558473,96414763879843,2370.320,321.370,1,1,96414763556769,323.074
2,514,300,96414763967286,96414766016735,96414766284665,2317.379,267.930,1,1,96414766014369,270.296
2,515,300,96414766424699,96414768063215,96414768751268,2326.569,688.053,1,1,96414768062369,688.899
2,516,300,96414768473559,96414770520887,96414770831978,2358.419,311.091,1,1,96414770519969,312.009
2,517,300,96414770931442,96414772978291,96414773256930,2325.488,278.639,1,1,96414772977569,279.361
2,518,300,96414773389164,96414775027280,96414775661212,2272.048,633.932,1,1,96414775025569,635.643
2,519,300,96414775435823,96414777485053,96414777802453,2366.630,317.400,1,1,96414777483169,319.284
2,520,300,96414777894147,96414779942376,96414780153073,2258.926,210.697,1,1,96414779940769,212.304
2,521,300,96414780351310,96414781989775,96414782694750,2343.440,704.975,1,1,96414781988769,705.981
2,522,300,96414782400330,96414784447218,96414785128921,2728.591,681.703,1,1,96414784446369,682.552
2,523,300,96414784858082,96414786904951,96414787119668,2261.586,214.717,1,1,96414786903969,215.699
2,524,300,96414787315595,96414789837800,96414790310577,2994.982,472.777,1,1,96414789361569,949.008
2,525,300,96414789837800,96414791412484,96414792201150,2363.350,788.666,1,1,96414791409569,791.581
2,526,300,96414791820708,96414793869257,96414794199028,2378.320,329.771,1,1,96414793867169,331.859
2,527,300,96414794334352,96414796345420,96414796630050,2295.698,284.630,1,1,96414796324769,305.281
2,528,300,96414796735364,96414798373589,96414799086043,2350.679,712.454,1,1,96414798372769,713.274
2,529,300,96414798784433,96414800831102,96414801042259,2257.826,211.157,1,1,96414800830369,211.890
2,530,300,96414801241825,96414803288695,96414803518403,2276.578,229.708,1,1,96414803287969,230.434
2,531,300,96414803699569,96414805337985,96414806076040,2376.471,738.055,1,1,96414805335969,740.071
2,532,300,96414805746348,96414807795537,96414808030415,2284.067,234.878,1,1,96414807793569,236.846
2,533,300,96414808203921,96414810252990,96414810467608,2263.687,214.618,1,1,96414810251169,216.439
2,534,300,96414810661584,96414812299929,96414813000754,2339.170,700.825,1,1,96414812299169,701.585
2,535,300,96414812721984,96414814757813,96414815421325,2699.341,663.512,1,1,96414814756769,664.556
2,536,300,96414815168436,96414817215155,96414817426473,2258.037,211.318,1,1,96414817214369,212.104
2,537,300,96414817625970,96414819672789,96414819987259,2361.289,314.470,1,1,96414819671969,315.290
2,538,300,96414819672789,96414821722108,96414822402001,2729.212,679.893,1,1,96414821719969,682.032
2,539,300,96414822130422,96414824179681,96414824506352,2375.930,326.671,1,1,96414824177569,328.783
2,540,300,96414824587835,96414826637104,96414826914884,2327.049,277.780,1,1,96414826635169,279.715
2,541,300,96414827045648,96414828683903,96414829365796,2320.148,681.893,1,1,96414828683169,682.627
2,542,300,96414829094467,96414831141766,96414831445707,2351.240,303.941,1,1,96414831140769,304.938
2,543,300,96414831552470,96414833599120,96414833862858,2310.388,263.738,1,1,96414833598369,264.489
2,544,300,96414834011883,96414835648409,96414836323552,2311.669,675.143,1,1,96414835646369,677.183
2,545,300,96414836056832,96414838105631,96414838344600,2287.768,238.969,1,1,96414838103969,240.631
2,546,300,96414838514526,96414840563365,96414840874355,2359.829,310.990,1,1,96414840561569,312.786
2,547,300,96414840971888,96414842610344,96414843294317,2322.429,683.973,1,1,96414842609569,684.748
2,548,300,96414843021408,96414845067907,96414845709989,2688.581,642.082,1,1,96414845067169,642.820
2,549,300,96414845478711,96414847525640,96414847726467,2247.756,200.827,1,1,96414847524769,201.698
2,550,300,96414847937264,96414849983173,96414850214091,2276.827,230.918,1,1,96414849982369,231.722
2,551,300,96414849983173,96414852032332,96414852783048,2799.875,750.716,1,1,96414852030369,752.679
2,552,300,96414852440897,96414854489576,96414854806806,2365.909,317.230,1,1,96414854487969,318.837
2,553,300,96414854898319,96414856947538,96414857192127,2293.808,244.589,1,1,96414856945569,246.558
2,554,300,96414857356203,96414858994347,96414859664860,2308.657,670.513,1,1,96414858993569,671.291
2,555,300,96414859404732,96414861451931,96414861650318,2245.586,198.387,1,1,96414861451169,199.149
2,556,300,96414861862424,96414863910014,96414864118411,2255.987,208.397,1,1,96414863908769,209.642
2,557,300,96414864320178,96414865958993,96414866638316,2318.138,679.323,1,1,96414865956769,681.547
2,558,300,96414866367357,96414868415946,96414868629163,2261.806,213.217,1,1,96414868414369,214.794
2,559,300,96414868824840,96414870874219,96414871184490,2359.650,310.271,1,1,96414870871969,312.521
2,560,300,96414871282233,96414872920728,96414873604301,2322.068,683.573,1,1,96414872919969,684.332
2,561,300,96414873331562,96414875378232,96414876033363,2701.801,655.131,1,1,96414875377569,655.794
2,562,300,96414875789145,96414877836034,96414878139335,2350.190,303.301,1,1,96414877835169,304.166
2,563,300,96414878246959,96414880293438,96414880577887,2330.928,284.449,1,1,96414880292769,285.118
2,564,300,96414880293438,96414882342637,96414883031450,2738.012,688.813,1,1,96414882340769,690.681
2,565,300,96414882751160,96414884800070,96414885105110,2353.950,305.040,1,1,96414884798369,306.741
2,566,300,96414885208844,96414887257543,96414887460919,2252.075,203.376,1,1,96414887255969,204.950
2,567,300,96414887666287,96414889304712,96414889997625,2331.338,692.913,1,1,96414889303969,693.656
2,568,300,96414889715236,96414891762295,96414892086156,2370.920,323.861,1,1,96414891761569,324.587
2,569,300,96414892173309,96414894220189,96414894423315,2250.006,203.126,1,1,96414894219169,204.146
2,570,300,96414894630742,96414896268998,96414896965160,2334.418,696.162,1,1,96414896267169,697.991
2,571,300,96414896677551,96414900969476,96414902139616,5462.065,1170.140,1,1,96414898724769,3414.847
2,572,300,96414900973917,96414901184644,96414902381164,1407.247,1196.520,1,1,96414901182369,1198.795
2,573,300,96414902632403,96414903231393,96414904138244,1505.841,906.851,1,1,96414903230369,907.875
2,574,300,96414903642346,96414905733188,96414906452751,2810.405,719.563,1,1,96414905687969,764.782
2,575,300,96414906099990,96414908146399,96414908358326,2258.336,211.927,1,1,96414908145569,212.757
2,576,300,96414908557243,96414910604012,96414910912832,2355.589,308.820,1,1,96414910603169,309.663
2,577,300,96414910604012,96414912653221,96414913456469,2852.457,803.248,1,1,96414912651169,805.300
2,578,300,96414913061524,96414915110555,96414915315661,2254.137,205.106,1,1,96414915108769,206.892
2,579,300,96414915519378,96414917568227,96414917821146,2301.768,252.919,1,1,96414917566369,254.777
2,580,300,96414917976871,96414919615086,96414920307800,2330.929,692.714,1,1,96414919614369,693.431
2,581,300,96414920025711,96414922072709,96414922293907,2268.196,221.198,1,1,96414922071969,221.938
2,582,300,96414922483263,96414924530253,96414924816922,2333.659,286.669,1,1,96414924529569,287.353
2,583,300,96414924940966,96414926579092,96414927250535,2309.569,671.443,1,1,96414926577569,672.966
2,584,300,96414926988246,96414929036865,96414929348975,2360.729,312.110,1,1,96414929035169,313.806
2,585,300,96414929445519,96414931494578,96414931815408,2369.889,320.830,1,1,96414931492769,322.639
2,586,300,96414931903241,96414933541897,96414934234401,2331.160,692.504,1,1,96414933540769,693.632
2,587,300,96414933952521,96414935999271,96414936688804,2736.283,689.533,1,1,96414935998369,690.435
2,588,300,96414936410734,96414938457003,96414938790814,2380.080,333.811,1,1,96414938455969,334.845
2,589,300,96414938867987,96414940914376,96414941233507,2365.520,319.131,1,1,96414940913569,319.938
2,590,300,96414940914376,96414942963726,96414943653179,2738.803,689.453,1,1,96414942961569,691.610
2,591,300,96414943372149,96414945421338,96414945759440,2387.291,338.102,1,1,96414945419169,340.271
2,592,300,96414945829872,96414947878701,96414948180342,2350.470,301.641,1,1,96414947876769,303.573
2,593,300,96414948287366,96414949925791,96414950617604,2330.238,691.813,1,1,96414949924769,692.835
2,594,300,96414950336635,96414952383404,96414952587131,2250.496,203.727,1,1,96414952382369,204.762
2,595,300,96414952794678,96414954840876,96414955044414,2249.736,203.538,1,1,96414954839969,204.445
2,596,300,96414955252411,96414956890387,96414957589910,2337.499,699.523,1,1,96414956887969,701.941
2,597,300,96414957298500,96414959348089,96414959684130,2385.630,336.041,1,1,96414959345569,338.561
2,598,300,96414959756313,96414961805493,96414962111423,2355.110,305.930,1,1,96414961803169,308.254
2,599,300,96414962214056,96414963852141,96414964534014,2319.958,681.873,1,1,96414963851169,682.845
2,600,300,96414964263105,96414966309735,96414967031259,2768.154,721.524,1,1,96414966308769,722.490
2,601,300,96414966721118,96414968767417,96414968972124,2251.006,204.707,1,1,96414968766369,205.755
2,602,300,96414969178561,96414971224861,96414971512270,2333.709,287.409,1,1,96414971223969,288.301
2,603,300,96414971224861,96414973273660,96414973980454,2755.593,706.794,1,1,96414973271969,708.485
2,604,300,96414973682513,96414975731722,96414976050403,2367.890,318.681,1,1,96414975729569,320.834
2,605,300,96414976139937,96414978189096,96414978492577,2352.640,303.481,1,1,96414978187169,305.408
2,606,300,96414978597639,96414980235955,96414980944049,2346.410,708.094,1,1,96414980235169,708.880
2,607,300,96414980646549,96414982693438,96414982911425,2264.876,217.987,1,1,96414982692769,218.656
2,608,300,96414983104152,96414985151351,96414985423130,2318.978,271.779,1,1,96414985150369,272.761
2,609,300,96414985561765,96414987200381,96414987877923,2316.158,677.542,1,1,96414987198369,679.554
2,610,300,96414987608654,96414989657613,96414989881261,2272.607,223.648,1,1,96414989655969,225.292
2,611,300,96414990066458,96414992115367,96414992411717,2345.259,296.350,1,1,96414992113569,298.148
2,612,300,96414992523980,96414994162386,96414994846989,2323.009,684.603,1,1,96414994161569,685.420
2,613,300,96414994573039,96414996619928,96414997267881,2694.842,647.953,1,1,96414996619169,648.712
2,614,300,96414997030773,96414999077502,96414999295320,2264.547,217.818,1,1,96414999076769,218.551
2,615,300,96414999487965,96415001535315,96415001828615,2340.650,293.300,1,1,96415001534369,294.246
2,616,300,96415001535315,96415003584214,96415004230836,2695.521,646.622,1,1,96415003582369,648.467
2,617,300,96415003992788,96415006041917,96415006345928,2353.140,304.011,1,1,96415006039969,305.959
2,618,300,96415006450291,96415008499860,96415008775350,2325.059,275.490,1,1,96415008497569,277.781
2,619,300,96415008907874,96415010546539,96415011243593,2335.719,697.054,1,1,96415010545569,698.024
2,620,300,96415010957184,96415013010942,96415014235104,3277.920,1224.162,1,1,96415013003169,1231.935
2,621,300,96415013414796,96415015461735,96415015672522,2257.726,210.787,1,1,96415015460769,211.753
2,622,300,96415015872110,96415017511234,96415018231749,2359.639,720.515,1,1,96415017508769,722.980
2,623,300,96415017919299,96415019968448,96415020322490,2403.191,354.042,1,1,96415019966369,356.121
2,624,300,96415020376682,96415022425771,96415022668319,2291.637,242.548,1,1,96415022423969,244.350
2,625,300,96415022834315,96415024472640,96415025186684,2352.369,714.044,1,1,96415024471969,714.715
2,626,300,96415024883304,96415026930233,96415027590526,2707.222,660.293,1,1,96415026929569,660.957
2,627,300,96415027341377,96415029387916,96415029660805,2319.428,272.889,1,1,96415029387169,273.636
2,628,300,96415029799090,96415031845640,96415032199852,2400.762,354.212,1,1,96415031844769,355.083
2,629,300,96415031845640,96415033894749,96415034732737,2887.097,837.988,1,1,96415033892769,839.968
2,630,300,96415034303202,96415036352791,96415036736385,2433.183,383.594,1,1,96415036350369,386.016
2,631,300,96415036760836,96415038810365,96415039046993,2286.157,236.628,1,1,96415038807969,239.024
2,632,300,96415039218578,96415040856744,96415041572218,2353.640,715.474,1,1,96415040855969,716.249
2,633,300,96415041268707,96415043314457,96415043650109,2381.402,335.652,1,1,96415043313569,336.540
2,634,300,96415043725991,96415045774050,96415046006788,2280.797,232.738,1,1,96415045771169,235.619
2,635,300,96415046183794,96415047821529,96415048641857,2458.063,820.328,1,1,96415047819169,822.688
2,636,300,96415048229433,96415050279112,96415050519440,2290.007,240.328,1,1,96415050276769,242.671
2,637,300,96415050687126,96415052737546,96415052996484,2309.358,258.938,1,1,96415052734369,262.115
2,638,300,96415053145169,96415054783095,96415055496559,2351.390,713.464,1,1,96415054782369,714.190
2,639,300,96415055194658,96415057240677,96415057928311,2733.653,687.634,1,1,96415057239969,688.342
2,640,300,96415057652362,96415059698421,96415059973460,2321.098,275.039,1,1,96415059697569,275.891
2,641,300,96415060109574,96415062155974,96415062425913,2316.339,269.939,1,1,96415062155169,270.744
2,642,300,96415062155974,96415064205913,96415064889536,2733.562,683.623,1,1,96415064203169,686.367
2,643,300,96415064613547,96415066663096,96415066989957,2376.410,326.861,1,1,96415066660769,329.188
2,644,300,96415067071130,96415069121319,96415069391218,2320.088,269.899,1,1,96415069118369,272.849
2,645,300,96415069528922,96415071167078,96415071866852,2337.930,699.774,1,1,96415071166369,700.483
2,646,300,96415071578762,96415073624812,96415073946742,2367.980,321.930,1,1,96415073623969,322.773
2,647,300,96415074036145,96415076082334,96415076356213,2320.068,273.879,1,1,96415076081569,274.644
2,648,300,96415076492838,96415078131213,96415078816357,2323.519,685.144,1,1,96415078129569,686.788
2,649,300,96415078539927,96415080589137,96415080914027,2374.100,324.890,1,1,96415080587169,326.858
2,650,300,96415080997550,96415083046430,96415083254517,2256.967,208.087,1,1,96415083044769,209.748
2,651,300,96415083455103,96415085093519,96415085818263,2363.160,724.744,1,1,96415085092769,725.494
2,652,300,96415085504303,96415087551082,96415088242375,2738.072,691.293,1,1,96415087550369,692.006
2,653,300,96415087961686,96415090009905,96415090300855,2339.169,290.950,1,1,96415090007969,292.886
2,654,300,96415090419238,96415092466258,96415092729717,2310.479,263.459,1,1,96415092465569,264.148
2,655,300,96415092466258,96415094515508,96415095241072,2774.814,725.564,1,1,96415094513569,727.503
2,656,300,96415094923811,96415096973190,96415097185417,2261.606,212.227,1,1,96415096971169,214.248
2,657,300,96415097381484,96415099430474,96415099696422,2314.938,265.948,1,1,96415099428769,267.653
2,658,300,96415099839117,96415101477472,96415102170006,2330.889,692.534,1,1,96415101476769,693.237
2,659,300,96415101888506,96415103935136,96415104140673,2252.167,205.537,1,1,96415103934369,206.304
2,660,300,96415104345769,96415106392668,96415106589485,2243.716,196.817,1,1,96415106391969,197.516
2,661,300,96415106803443,96415108441728,96415109129481,2326.038,687.753,1,1,96415108439969,689.512
2,662,300,96415108850672,96415110899141,96415111220312,2369.640,321.171,1,1,96415110897569,322.743
2,663,300,96415111308104,96415113356844,96415113658004,2349.900,301.160,1,1,96415113355169,302.835
2,664,300,96415113765488,96415115404023,96415116078406,2312.918,674.383,1,1,96415115403169,675.237
2,665,300,96415115814687,96415117861566,96415118544300,2729.613,682.734,1,1,96415117860769,683.531
2,666,300,96415118272320,96415120319119,96415120611429,2339.109,292.310,1,1,96415120318369,293.060
2,667,300,96415120729643,96415122777212,96415123071512,2341.869,294.300,1,1,96415122775969,295.543
2,668,300,96415123188156,96415125873057,96415126763247,3575.091,890.190,1,1,96415124823969,1939.278
2,669,300,96415125875647,96415127283684,96415127640207,1764.560,356.523,1,1,96415127281569,358.638
2,670,300,96415127691979,96415129741848,96415130016787,2324.808,274.939,1,1,96415129739169,277.618
2,671,300,96415130149771,96415131788037,96415132433739,2283.968,645.702,1,1,96415131787169,646.570
2,672,300,96415132199100,96415134245610,96415134555741,2356.641,310.131,1,1,96415134244769,310.972
2,673,300,96415134656194,96415136703533,96415136993943,2337.749,290.410,1,1,96415136702369,291.574
2,674,300,96415137113957,96415138752652,96415139428345,2314.388,675.693,1,1,96415138750369,677.976
2,675,300,96415139160786,96415141209835,96415141538456,2377.670,328.621,1,1,96415141207969,330.487
2,676,300,96415141618309,96415143667388,96415143888506,2270.197,221.118,1,1,96415143665569,222.937
2,677,300,96415144075902,96415145714288,96415146432601,2356.699,718.313,1,1,96415145713569,719.032
2,678,300,96415146125291,96415148172000,96415148870414,2745.123,698.414,1,1,96415148171169,699.245
2,679,300,96415148582815,96415150629444,96415150840811,2257.996,211.367,1,1,96415150628769,212.042
2,680,300,96415151040587,96415153087126,96415153358525,2317.938,271.399,1,1,96415153086369,272.156
2,681,300,96415153498271,96415155136536,96415155920412,2422.141,783.876,1,1,96415155134369,786.043
2,682,300,96415155544640,96415157593949,96415157816606,2271.966,222.657,1,1,96415157591969,224.637
2,683,300,96415158008643,96415160051262,96415160319971,2311.328,268.709,1,1,96415160049569,270.402
2,684,300,96415160459936,96415162098391,96415162795745,2335.809,697.354,1,1,96415162097569,698.176
2,685,300,96415162509765,96415164555855,96415164782482,2272.717,226.627,1,1,96415164555169,227.313
2,686,300,96415164966808,96415167013487,96415167217714,2250.906,204.227,1,1,96415167012769,204.945
2,687,300,96415167424191,96415169062586,96415169695988,2271.797,633.402,1,1,96415169060769,635.219
2,688,300,96415169471161,96415171520200,96415171844230,2373.069,324.030,1,1,96415171518369,325.861
2,689,300,96415171928743,96415173977802,96415174284973,2356.230,307.171,1,1,96415173975969,309.004
2,690,300,96415174386527,96415176024702,96415176705145,2318.618,680.443,1,1,96415176023969,681.176
2,691,300,96415176435296,96415178482215,96415179165958,2730.662,683.743,1,1,96415178481569,684.389
2,692,300,96415178892839,96415180939858,96415181141015,2248.176,201.157,1,1,96415180939169,201.846
2,693,300,96415181350392,96415183397561,96415183661340,2310.948,263.779,1,1,96415183396769,264.571
2,694,300,96415183808035,96415185446520,96415186082152,2274.117,635.632,1,1,96415185444769,637.383
2,695,300,96415185855114,96415187904133,96415188224454,2369.340,320.321,1,1,96415187902369,322.085
2,696,300,96415188312988,96415190361657,96415190598024,2285.036,236.367,1,1,96415190359969,238.055
2,697,300,96415190777911,96415192408636,96415193047097,2269.186,638.461,1,1,96415192407969,639.128
2,698,300,96415192819239,96415194866268,96415195077585,2258.346,211.317,1,1,96415194865569,212.016
2,699,300,96415195276833,96415197323882,96415197523818,2246.985,199.936,1,1,96415197323169,200.649
2,700,300,96415197734505,96415199372751,96415200055254,2320.749,682.503,1,1,96415199371169,684.085
2,701,300,96415199781585,96415201830514,96415202060492,2278.907,229.978,1,1,96415201828769,231.723
2,702,300,96415202239098,96415204288077,96415204499594,2260.496,211.517,1,1,96415204286369,213.225
2,703,300,96415204696711,96415206335347,96415207079841,2383.130,744.494,1,1,96415206334369,745.472
2,704,300,96415206745890,96415208792669,96415209458852,2712.962,666.183,1,1,96415208791969,666.883
2,705,300,96415209203344,96415211250333,96415211450799,2247.455,200.466,1,1,96415211249569,201.230
2,706,300,96415211660996,96415213707855,96415213994825,2333.829,286.970,1,1,96415213707169,287.656
2,707,300,96415214119210,96415215756874,96415216512760,2393.550,755.886,1,1,96415215755169,757.591
2,708,300,96415216165579,96415218214488,96415218522958,2357.379,308.470,1,1,96415218212769,310.189
2,709,300,96415218623061,96415220671911,96415220939500,2316.439,267.589,1,1,96415220670369,269.131
2,710,300,96415221080674,96415222719120,96415223410113,2329.439,690.993,1,1,96415222718369,691.744
2,711,300,96415223130174,96415225176943,96415225386030,2255.856,209.087,1,1,96415225175969,210.061
2,712,300,96415225587137,96415227634236,96415227912366,2325.229,278.130,1,1,96415227633569,278.797
2,713,300,96415228044839,96415229683835,96415230358218,2313.379,674.383,1,1,96415229681569,676.649
2,714,300,96415230091920,96415232141279,96415232442468,2350.548,301.189,1,1,96415232139169,303.299
2,715,300,96415232549502,96415234598941,96415234925623,2376.121,326.682,1,1,96415234596769,328.854
2,716,300,96415235013845,96415237056335,96415237339144,2325.299,282.809,1,1,96415237054369,284.775
2,717,300,96415237056335,96415239103184,96415239829908,2773.573,726.724,1,1,96415239102369,727.539
2,718,300,96415239514477,96415241560747,96415241882667,2368.190,321.920,1,1,96415241559969,322.698
2,719,300,96415241972051,96415244018329,96415244282429,2310.378,264.100,1,1,96415244017569,264.860
2,720,300,96415244429074,96415246067729,96415246744392,2315.318,676.663,1,1,96415246065569,678.823
2,721,300,96415246475923,96415248524762,96415248853243,2377.320,328.481,1,1,96415248523169,330.074
2,722,300,96415248933525,96415250982536,96415251259214,2325.689,276.678,1,1,96415250980769,278.445
2,723,300,96415251391109,96415253029605,96415253736898,2345.789,707.293,1,1,96415253028769,708.129
2,724,300,96415253440088,96415255487107,96415255800968,2360.880,313.861,1,1,96415255486369,314.599
2,725,300,96415255897691,96415257944981,96415258230960,2333.269,285.979,1,1,96415257943969,286.991
2,726,300,96415258355054,96415259993520,96415260639591,2284.537,646.071,1,1,96415259991969,647.622
2,727,300,96415260402194,96415262451333,96415262781894,2379.700,330.561,1,1,96415262449569,332.325
2,728,300,96415262859906,96415264908846,96415265217526,2357.620,308.680,1,1,96415264907169,310.357
2,729,300,96415265317600,96415267366859,96415267666769,2349.169,299.910,1,1,96415267364769,302.000
2,730,300,96415267366859,96415269413558,96415270091671,2724.812,678.113,1,1,96415269412769,678.902
2,731,300,96415269824152,96415271871091,96415272083328,2259.176,212.237,1,1,96415271870369,212.959
2,732,300,96415272281775,96415274329014,96415274591223,2309.448,262.209,1,1,96415274327969,263.254
2,733,300,96415274738978,96415276377583,96415277178540,2439.562,800.957,1,1,96415276375969,802.571
2,734,300,96415276786317,96415278835336,96415279134337,2348.020,299.001,1,1,96415278833569,300.768
2,735,300,96415279243890,96415281292750,96415281560319,2316.429,267.569,1,1,96415281291169,269.150
2,736,300,96415281701603,96415283959099,96415285057367,3355.764,1098.268,1,1,96415283339169,1718.198
2,737,300,96415283960840,96415287225960,96415288140861,4180.021,914.901,1,1,96415285796769,2344.092
2,738,300,96415287228980,96415288256205,96415288679229,1450.249,423.024,1,1,96415288254369,424.860
2,739,300,96415288666248,96415290305684,96415291136472,2470.224,830.788,1,1,96415290302369,834.103
2,740,300,96415290712957,96415292762928,96415292994565,2281.608,231.637,1,1,96415292759969,234.596
2,741,300,96415293170431,96415295220200,96415295447848,2277.417,227.648,1,1,96415295217569,230.279
2,742,300,96415295627924,96415297677423,96415297965063,2337.139,287.640,1,1,96415297675169,289.894
2,743,300,96415297677423,96415299723852,96415300395125,2717.702,671.273,1,1,96415299723169,671.956
2,744,300,96415300135386,96415302181576,96415302377192,2241.806,195.616,1,1,96415302180769,196.423
2,745,300,96415302592639,96415304639138,96415304934568,2341.929,295.430,1,1,96415304638369,296.199
2,746,300,96415305049853,96415306688047,96415307319749,2269.896,631.702,1,1,96415306686369,633.380
2,747,300,96415307096812,96415309145871,96415309465092,2368.280,319.221,1,1,96415309143969,321.123
2,748,300,96415309554354,96415311603433,96415311920474,2366.120,317.041,1,1,96415311601569,318.905
2,749,300,96415312011978,96415313650253,96415314378578,2366.600,728.325,1,1,96415313649569,729.009
2,750,300,96415314060717,96415316107996,96415316324013,2263.296,216.017,1,1,96415316107169,216.844
2,751,300,96415316518910,96415318565659,96415318856869,2337.959,291.210,1,1,96415318564769,292.100
2,752,300,96415318976213,96415320614358,96415321295551,2319.338,681.193,1,1,96415320612769,682.782
2,753,300,96415321023102,96415323072012,96415323281189,2258.087,209.177,1,1,96415323070369,210.820
2,754,300,96415323480715,96415325529594,96415325842255,2361.540,312.661,1,1,96415325527969,314.286
2,755,300,96415325938249,96415327987298,96415328282228,2343.979,294.930,1,1,96415327985569,296.659
2,756,300,96415327987298,96415330034257,96415330721670,2734.372,687.413,1,1,96415330033569,688.101
2,757,300,96415330444770,96415332491950,96415332784010,2339.240,292.060,1,1,96415332491169,292.841
2,758,300,96415332902434,96415334949483,96415335213841,2311.407,264.358,1,1,96415334948769,265.072
2,759,300,96415335360276,96415336998262,96415337745108,2384.832,746.846,1,1,96415336996769,748.339
2,760,300,96415337407096,96415339456085,96415339683893,2276.797,227.808,1,1,96415339454369,229.524
2,761,300,96415339864699,96415341913548,96415342183558,2318.859,270.010,1,1,96415341911969,271.589
2,762,300,96415342322582,96415343960838,96415344645981,2323.399,685.143,1,1,96415343959969,686.012
2,763,300,96415344371221,96415346418450,96415346630768,2259.547,212.318,1,1,96415346417569,213.199
2,764,300,96415348333285,96415348876114,96415349632869,1299.584,756.755,1,1,96415348875169,757.700
2,765,300,96415349287317,96415351437270,96415352736284,3448.967,1299.014,1,1,96415350923169,1813.115
2,766,300,96415351439010,96415353382715,96415353868152,2429.142,485.437,1,1,96415353380769,487.383
2,767,300,96415353791640,96415355840759,96415356183161,2391.521,342.402,1,1,96415355838369,344.792
2,768,300,96415356248683,96415358298232,96415358602782,2354.099,304.550,1,1,96415358295969,306.813
2,769,300,96415358298232,96415360344681,96415361037745,2739.513,693.064,1,1,96415360343969,693.776
2,770,300,96415360755655,96415362802234,96415363050873,2295.218,248.639,1,1,96415362801569,249.304
2,771,300,96415363213188,96415365259897,96415365592438,2379.250,332.541,1,1,96415365259169,333.269
2,772,300,96415365671291,96415367309776,96415368040441,2369.150,730.665,1,1,96415367307169,733.272
2,773,300,96415367717741,96415369767430,96415370014538,2296.797,247.108,1,1,96415369764769,249.769
2,774,300,96415370175393,96415372224662,96415372428970,2253.577,204.308,1,1,96415372222369,206.601
2,775,300,96415372632817,96415374271072,96415375061219,2428.402,790.147,1,1,96415374270369,790.850
2,776,300,96415374682176,96415376728785,96415376968853,2286.677,240.068,1,1,96415376727969,240.884
2,777,300,96415377140178,96415379186498,96415379419776,2279.598,233.278,1,1,96415379185569,234.207
2,778,300,96415379596852,96415381235337,96415381942471,2345.619,707.134,1,1,96415381233569,708.902
2,779,300,96415381643810,96415383693300,96415383997611,2353.801,304.311,1,1,96415383691169,306.442
2,780,300,96415384101964,96415386150983,96415386382991,2281.027,232.008,1,1,96415386148769,234.222
2,781,300,96415386559497,96415388609227,96415388974229,2414.732,365.002,1,1,96415388606369,367.860
2,782,300,96415388609227,96415390655246,96415391349139,2739.912,693.893,1,1,96415390654369,694.770
2,783,300,96415391066469,96415393113058,96415393397298,2330.829,284.240,1,1,96415393111969,285.329
2,784,300,96415393523533,96415395570451,96415395845781,2322.248,275.330,1,1,96415395569569,276.212
2,785,300,96415395980925,96415397619671,96415398372186,2391.261,752.515,1,1,96415397617569,754.617
2,786,300,96415398027905,96415400077654,96415400308392,2280.487,230.738,1,1,96415400075169,233.223
2,787,300,96415400485907,96415402534887,96415402791466,2305.559,256.579,1,1,96415402532769,258.697
2,788,300,96415402943491,96415404581716,96415405309021,2365.530,727.305,1,1,96415404580769,728.252
2,789,300,96415404992920,96415407039159,96415407290468,2297.548,251.309,1,1,96415407038369,252.099
2,790,300,96415407449873,96415409496762,96415409695499,2245.626,198.737,1,1,96415409495969,199.530
2,791,300,96415409907806,96415411545762,96415412188993,2281.187,643.231,1,1,96415411543969,645.024
2,792,300,96415411954775,96415414011325,96415414220802,2266.027,209.477,1,1,96415414001569,219.233
2,793,300,96415414411858,96415416460958,96415416668814,2256.956,207.856,1,1,96415416459169,209.645
2,794,300,96415416869441,96415418918941,96415419168479,2299.038,249.538,1,1,96415418916769,251.710
2,795,300,96415418918941,96415420965580,96415421650993,2732.052,685.413,1,1,96415420964769,686.224
2,796,300,96415421376414,96415423423082,96415423721483,2345.069,298.401,1,1,96415423422369,299.114
2,797,300,96415423833737,96415425880716,96415426111864,2278.127,231.148,1,1,96415425879969,231.895
2,798,300,96415426291229,96415427929795,96415428565867,2274.638,636.072,1,1,96415427927969,637.898
2,799,300,96415428338209,96415430387158,96415430701179,2362.970,314.021,1,1,96415430385569,315.610
2,800,300,96415430795812,96415432845031,96415433120280,2324.468,275.249,1,1,96415432843169,277.111
2,801,300,96415433253485,96415434891890,96415435529892,2276.407,638.002,1,1,96415434891169,638.723
2,802,300,96415435302374,96415437349523,96415437543920,2241.546,194.397,1,1,96415437348769,195.151
2,803,300,96415437760507,96415439807087,96415440085226,2324.719,278.139,1,1,96415439806369,278.857
2,804,300,96415440217760,96415441855956,96415442541509,2323.749,685.553,1,1,96415441854369,687.140
2,805,300,96415442264709,96415444702602,96415445498379,3233.670,795.777,1,1,96415444311969,1186.410
2,806,300,96415444722223,96415446777642,96415447099903,2377.680,322.261,1,1,96415446769569,330.334
2,807,300,96415447179955,96415449229015,96415449458043,2278.088,229.028,1,1,96415449227169,230.874
2,808,300,96415449229015,96415451275824,96415451968938,2739.923,693.114,1,1,96415451275169,693.769
2,809,300,96415451686338,96415453733577,96415453953555,2267.217,219.978,1,1,96415453732769,220.786
2,810,300,96415454144001,96415456191270,96415456427839,2283.838,236.569,1,1,96415456190369,237.470
2,811,300,96415456601484,96415458239969,96415458954564,2353.080,714.595,1,1,96415458238369,716.195
2,812,300,96415458648624,96415461201180,96415462057169,3408.545,855.989,1,1,96415460695969,1361.200
2,813,300,96415461203489,96415464434529,96415465197745,3994.256,763.216,1,1,96415463153569,2044.176
2,814,300,96415464437849,96415465202444,96415466082834,1644.985,880.390,1,1,96415465201569,881.265
2,815,300,96415465612739,96415467659928,96415468041891,2429.152,381.963,1,1,96415467659169,382.722
2,816,300,96415468070801,96415470117611,96415470337498,2266.697,219.887,1,1,96415470116769,220.729
2,817,300,96415470528195,96415472166600,96415472924505,2396.310,757.905,1,1,96415472164769,759.736
2,818,300,96415472575204,96415474624233,96415474894832,2319.628,270.599,1,1,96415474622369,272.463
2,819,300,96415475032897,96415477082096,96415477288653,2255.756,206.557,1,1,96415477079969,208.684
2,820,300,96415477490260,96415479539729,96415479798808,2308.548,259.079,1,1,96415479537569,261.239
2,821,300,96415479539729,96415481586549,96415482262881,2723.152,676.332,1,1,96415481585569,677.312
2,822,300,96415481997232,96415484044071,96415484281250,2284.018,237.179,1,1,96415484043169,238.081
2,823,300,96415484455326,96415486501805,96415486807365,2352.039,305.560,1,1,96415486500769,306.596
2,824,300,96415486912898,96415488550944,96415489241597,2328.699,690.653,1,1,96415488548769,692.828
2,825,300,96415488959327,96415491010486,96415491331718,2372.391,321.232,1,1,96415491006369,325.349
2,826,300,96415491452052,96415493465940,96415493723209,2271.157,257.269,1,1,96415493463969,259.240
2,827,300,96415493896425,96415495512869,96415496228543,2332.118,715.674,1,1,96415495511969,716.574
2,828,300,96415495924183,96415497970512,96415498188959,2264.776,218.447,1,1,96415497969569,219.390
2,829,300,96415498381386,96415500427896,96415500654073,2272.687,226.177,1,1,96415500427169,226.904
2,830,300,96415500838419,96415502476985,96415503158487,2320.068,681.502,1,1,96415502475169,683.318
2,831,300,96415502885568,96415504934547,96415505208477,2322.909,273.930,1,1,96415504932769,275.708
2,832,300,96415505343032,96415507391961,96415507690011,2346.979,298.050,1,1,96415507390369,299.642
2,833,300,96415507800684,96415509849683,96415510087732,2287.048,238.049,1,1,96415509847969,239.763
2,834,300,96415509849683,96415511896713,96415512589747,2740.064,693.034,1,1,96415511895969,693.778
2,835,300,96415512307367,96415514354326,96415514656496,2349.129,302.170,1,1,96415514353569,302.927
2,836,300,96415514765210,96415516811899,96415517097448,2332.238,285.549,1,1,96415516811169,286.279
2,837,300,96415517222443,96415518860778,96415519543811,2321.368,683.033,1,1,96415518859169,684.642
2,838,300,96415519269562,96415521318552,96415521618341,2348.779,299.789,1,1,96415521316769,301.572
2,839,300,96415521727055,96415523777884,96415524067524,2340.469,289.640,1,1,96415523774369,293.155
2,840,300,96415524184779,96415525823113,96415526514917,2330.138,691.804,1,1,96415525822369,692.548
2,841,300,96415526233608,96415528281157,96415528486373,2252.765,205.216,1,1,96415528279969,206.404
2,842,300,96415528691180,96415530739459,96415530943307,2252.127,203.848,1,1,96415530737569,205.738
2,843,300,96415531149144,96415532787229,96415533424550,2275.406,637.321,1,1,96415532785569,638.981
2,844,300,96415533196073,96415535244882,96415535504751,2308.678,259.869,1,1,96415535243169,261.582
2,845,300,96415535653526,96415537702555,96415538005775,2352.249,303.220,1,1,96415537700769,305.006
2,846,300,96415538111269,96415540160158,96415540402606,2291.337,242.448,1,1,96415540158369,244.237
2,847,300,96415540160158,96415542207158,96415542944642,2784.484,737.484,1,1,96415542206369,738.273
2,848,300,96415542617921,96415544664830,96415544902048,2284.127,237.218,1,1,96415544663969,238.079
2,849,300,96415545075585,96415547122744,96415547392263,2316.678,269.519,1,1,96415547121569,270.694
2,850,300,96415547532857,96415549171463,96415549818855,2285.998,647.392,1,1,96415549169569,649.286
2,851,300,96415549579976,96415551629085,96415551943866,2363.890,314.781,1,1,96415551627169,316.697
2,852,300,96415552037489,96415554086749,96415554755371,2717.882,668.622,1,1,96415554084769,670.602
2,853,300,96415554495293,96415558052773,96415559187801,4692.508,1135.028,1,1,96415556132769,3055.032
2,854,300,96415558057052,96415558591331,96415559490681,1433.629,899.350,1,1,96415558590369,900.312
2,855,300,96415559011455,96415561048693,96415561362364,2350.909,313.671,1,1,96415561047969,314.395
2,856,300,96415561459888,96415563099013,96415564015975,2556.087,916.962,1,1,96415563095969,920.006
2,857,300,96415563506377,96415565557166,96415565844796,2338.419,287.630,1,1,96415565553569,291.227
2,858,300,96415566021292,96415568014760,96415568601970,2580.678,587.210,1,1,96415568011168,590.802
2,859,300,96415568421533,96415570471642,96415570816204,2394.671,344.562,1,1,96415570468769,347.435
2,860,300,96415570471642,96415572517892,96415573227146,2755.504,709.254,1,1,96415572516769,710.377
2,861,300,96415572928576,96415574975495,96415575192592,2264.016,217.097,1,1,96415574974368,218.224
2,862,300,96415575387218,96415577433178,96415577728498,2341.280,295.320,1,1,96415577431968,296.530
2,863,300,96415577845132,96415579483567,96415580291514,2446.382,807.947,1,1,96415579479969,811.545
2,864,300,96415579890870,96415581941890,96415582280661,2389.791,338.771,1,1,96415581937569,343.092
2,865,300,96415582348234,96415584397643,96415584685523,2337.289,287.880,1,1,96415584395168,290.355
2,866,300,96415584805846,96415586444042,96415587129345,2323.499,685.303,1,1,96415586443169,686.176
2,867,300,96415586855167,96415588901645,96415589111223,2256.056,209.578,1,1,96415588900769,210.454
2,868,300,96415589312339,96415591359148,96415591659748,2347.409,300.600,1,1,96415591358369,301.379
2,869,300,96415591777382,96415593408097,96415594080140,2302.758,672.043,1,1,96415593406369,673.771
2,870,300,96415593816671,96415595865921,96415596112399,2295.728,246.478,1,1,96415595863969,248.430
2,871,300,96415596274425,96415598323214,96415598635004,2360.579,311.790,1,1,96415598321569,313.435
2,872,300,96415598732017,96415600780816,96415601051726,2319.709,270.910,1,1,96415600779169,272.557
2,873,300,96415600780816,96415602828045,96415603547960,2767.144,719.915,1,1,96415602827169,720.791
2,874,300,96415603238550,96415605285659,96415605591699,2353.149,306.040,1,1,96415605284769,306.930
2,875,300,96415605695952,96415607743072,96415608039143,2343.191,296.071,1,1,96415607742369,296.774
2,876,300,96415608153656,96415609792321,96415610462714,2309.058,670.393,1,1,96415609790369,672.345
2,877,300,96415610200845,96415612249534,96415612554445,2353.600,304.911,1,1,96415612247969,306.476
2,878,300,96415612658228,96415614707257,96415614998437,2340.209,291.180,1,1,96415614705569,292.868
2,879,300,96415615115981,96415616754486,96415617421829,2305.848,667.343,1,1,96415616753569,668.260
2,880,300,96415617164851,96415619212050,96415619428557,2263.706,216.507,1,1,96415619211169,217.388
2,881,300,96415619622443,96415621716204,96415621926741,2304.298,210.537,1,1,96415621668769,257.972
2,882,300,96415622080507,96415623718401,96415624406086,2325.579,687.685,1,1,96415623716768,689.318
2,883,300,96415624127226,96415626176285,96415626434144,2306.918,257.859,1,1,96415626174369,259.775
2,884,300,96415626584689,96415628633518,96415628949529,2364.840,316.011,1,1,96415628631969,317.560
2,885,300,96415629042292,96415631091421,96415631364970,2322.678,273.549,1,1,96415631089569,275.401
2,886,300,96415631091421,96415633138300,96415633833314,2741.893,695.014,1,1,96415633137568,695.746
2,887,300,96415633549194,96415635595783,96415635805870,2256.676,210.087,1,1,96415635595169,210.701
2,888,300,96415636011267,96415638053517,96415638353456,2342.189,299.939,1,1,96415638052769,300.687
2,889,300,96415638464070,96415640102406,96415640847991,2383.921,745.585,1,1,96415640100768,747.223
2,890,300,96415640511199,96415642560328,96415642969943,2458.744,409.615,1,1,96415642558368,411.575
2,891,300,96415642968853,96415645017512,96415645311432,2342.579,293.920,1,1,96415645015969,295.463
2,892,300,96415645426325,96415647064711,96415647750054,2323.729,685.343,1,1,96415647063969,686.085
2,893,300,96415647475384,96415649522284,96415649846805,2371.421,324.521,1,1,96415649521568,325.237
2,894,300,96415649932888,96415651979897,96415652173524,2240.636,193.627,1,1,96415651979168,194.356
2,895,300,96415652390771,96415654029446,96415654716990,2326.219,687.544,1,1,96415654027169,689.821
2,896,300,96415654437580,96415656486379,96415656734108,2296.528,247.729,1,1,96415656484769,249.339
2,897,300,96415656895093,96415658944103,96415659256093,2361.000,311.990,1,1,96415658942368,313.725
2,898,300,96415659352726,96415661401695,96415661666265,2313.539,264.570,1,1,96415661399969,266.296
2,899,300,96415661401695,96415663448774,96415664162698,2761.003,713.924,1,1,96415663447969,714.729
2,900,300,96415663859269,96415665906298,96415666124406,2265.137,218.108,1,1,96415665905569,218.837
2,901,300,96415666316831,96415668364011,96415668627950,2311.119,263.939,1,1,96415668363168,264.782
2,902,300,96415668780965,96415670413120,96415671127475,2346.510,714.355,1,1,96415670411169,716.306
2,903,300,96415670821524,96415672870723,96415673108461,2286.937,237.738,1,1,96415672868769,239.692
2,904,300,96415673279157,96415675328246,96415675604646,2325.489,276.400,1,1,96415675326368,278.278
2,905,300,96415675736710,96415677468169,96415678689239,2952.529,1221.070,1,1,96415677374369,1314.870
2,906,300,96415677795019,96415679832959,96415680057946,2262.927,224.987,1,1,96415679831969,225.977
2,907,300,96415680244422,96415682290891,96415682498418,2253.996,207.527,1,1,96415682289569,208.849
2,908,300,96415682701736,96415684351201,96415685087726,2385.990,736.525,1,1,96415684337569,750.157
2,909,300,96415684748435,96415686858656,96415687098554,2350.119,239.898,1,1,96415686795169,303.385
2,910,300,96415687206287,96415689255526,96415689496925,2290.638,241.399,1,1,96415689252769,244.156
2,911,300,96415689663291,96415691713010,96415692055702,2392.411,342.692,1,1,96415691710369,345.333
2,912,300,96415691713010,96415693759419,96415694438172,2725.162,678.753,1,1,96415693758369,679.803
2,913,300,96415694171223,96415696217012,96415696548793,2377.570,331.781,1,1,96415696215969,332.824
2,914,300,96415696628106,96415698674475,96415698924184,2296.078,249.709,1,1,96415698673569,250.615
2,915,300,96415699085609,96415700724425,96415701367186,2281.577,642.761,1,1,96415700721569,645.617
2,916,300,96415701131918,96415703181977,96415703513808,2381.890,331.831,1,1,96415703179169,334.639
2,917,300,96415703589522,96415707334098,96415708238909,4649.387,904.811,1,1,96415705636769,2602.140
2,918,300,96415707338298,96415707686090,96415708595011,1256.713,908.921,1,1,96415707684769,910.242
2,919,300,96415708097033,96415710143433,96415710613799,2516.766,470.366,1,1,96415710142369,471.430
2,920,300,96415711017542,96415712600806,96415712811733,1794.191,210.927,1,1,96415712599969,211.764
2,921,300,96415713011920,96415714650545,96415715365519,2353.599,714.974,1,1,96415714647969,717.550
2,922,300,96415715058929,96415719262821,96415721002320,5943.391,1739.499,1,1,96415717105569,3896.751
2,923,300,96415719267011,96415719566251,96415721452925,2185.914,1886.674,1,1,96415719563169,1889.756
2,924,300,96415719973965,96415722023714,96415722530812,2556.847,507.098,1,1,96415722020769,510.043
2,925,300,96415722023714,96415724069703,96415724766597,2742.883,696.894,1,1,96415724068769,697.828
2,926,300,96415724480698,96415726527557,96415726830366,2349.668,302.809,1,1,96415726526369,303.997
2,927,300,96415726938600,96415730041145,96415731474923,4536.323,1433.778,1,1,96415728983969,2490.954
2,928,300,96415730043495,96415731034779,96415732054333,2010.838,1019.554,1,1,96415731031969,1022.364
2,929,300,96415731442762,96415733491812,96415733801732,2358.970,309.920,1,1,96415733489569,312.163
2,930,300,96415733900226,96415735949485,96415736216124,2315.898,266.639,1,1,96415735947169,268.955
2,931,300,96415736357638,96415737996264,96415738685087,2327.449,688.823,1,1,96415737995169,689.918
2,932,300,96415738407028,96415740453778,96415740816269,2409.241,362.491,1,1,96415740452769,363.500
2,933,300,96415740864421,96415745037272,96415746953237,6088.816,1915.965,1,1,96415742910369,4042.868
2,934,300,96415745040962,96415745049232,96415747238686,2197.724,2189.454,1,1,96415744958369,2280.317
2,935,300,96415745369103,96415747418273,96415747785184,2416.081,366.911,1,1,96415747415969,369.215
2,936,300,96415747826596,96415749876265,96415750187456,2360.860,311.191,1,1,96415749873569,313.887
2,937,300,96415750284819,96415752334399,96415752681280,2396.461,346.881,1,1,96415752331169,350.111
2,938,300,96415752334399,96415754380618,96415755192495,2858.096,811.877,1,1,96415754379169,813.326
2,939,300,96415754791272,96415756838591,96415757073889,2282.617,235.298,1,1,96415756836769,237.120
2,940,300,96415757249975,96415759295443,96415759721608,2471.633,426.165,1,1,96415759294369,427.239
2,941,300,96415759707428,96415761346033,96415763967171,4259.743,2621.138,1,1,96415761342369,2624.802
2,942,300,96415763027770,96415763802456,96415764396977,1369.207,594.521,1,1,96415763799969,597.008
2,943,300,96415764210760,96415766259659,96415766494677,2283.917,235.018,1,1,96415766257569,237.108
2,944,300,96415766668203,96415768306678,96415769067765,2399.562,761.087,1,1,96415768305569,762.196
2,945,300,96415768718942,96415770764321,96415771050421,2331.479,286.100,1,1,96415770763169,287.252
2,946,300,96415771176416,96415773221854,96415773931028,2754.612,709.174,1,1,96415773220769,710.259
2,947,300,96415773633888,96415775270964,96415776015999,2382.111,745.035,1,1,96415775268769,747.230
2,948,300,96415775679358,96415778033927,96415779517497,3838.139,1483.570,1,1,96415777726369,1791.128
2,949,300,96415778136780,96415780186259,96415780519241,2382.461,332.982,1,1,96415780183969,335.272
2,950,300,96415780594584,96415782643993,96415782917082,2322.498,273.089,1,1,96415782641569,275.513
2,951,300,96415782643993,96415784690912,96415785419756,2775.763,728.844,1,1,96415784689569,730.187
2,952,300,96415785102135,96415787148005,96415787601250,2499.115,453.245,1,1,96415787147169,454.081
2,953,300,96415787558899,96415789605928,96415789977181,2418.282,371.253,1,1,96415789604769,372.412
2,954,300,96415790016842,96415791655557,96415793721978,3705.136,2066.421,1,1,96415791652769,2069.209
2,955,300,96415793024434,96415794112850,96415794335378,1310.944,222.528,1,1,96415794110369,225.009
2,956,300,96415794520725,96415796570314,96415796856833,2336.108,286.519,1,1,96415796567969,288.864
2,957,300,96415796978677,96415799029757,96415799886185,2907.508,856.428,1,1,96415798615969,1270.216
2,958,300,96415799031407,96415801074885,96415801383827,2352.420,308.942,1,1,96415801073569,310.258
2,959,300,96415801485320,96415803532189,96415803818798,2333.478,286.609,1,1,96415803531169,287.629
2,960,300,96415803943012,96415805581408,96415806300113,2357.101,718.705,1,1,96415805579169,720.944
2,961,300,96415805989662,96415808039041,96415808294130,2304.468,255.089,1,1,96415808036769,257.361
2,962,300,96415808447255,96415811027082,96415811868461,3421.206,841.379,1,1,96415810494369,1374.092
2,963,300,96415811028362,96415812954247,96415813226717,2198.355,272.470,1,1,96415812951969,274.748
2,964,300,96415812954247,96415815000806,96415815687939,2733.692,687.133,1,1,96415814999969,687.970
2,965,300,96415815411720,96415817458570,96415818102301,2690.581,643.731,1,1,96415817457569,644.732
2,966,300,96415817869293,96415819916212,96415820230393,2361.100,314.181,1,1,96415819915169,315.224
2,967,300,96415820327107,96415821965801,96415822599553,2272.446,633.752,1,1,96415821963169,636.384
2,968,300,96415822373706,96415824423505,96415824730505,2356.799,307.000,1,1,96415824420769,309.736
2,969,300,96415824831248,96415826880418,96415827083535,2252.287,203.117,1,1,96415826878369,205.166
2,970,300,96415827288672,96415828927177,96415829615120,2326.448,687.943,1,1,96415828926369,688.751
2,971,300,96415829338061,96415831384850,96415831693601,2355.540,308.751,1,1,96415831383969,309.632
2,972,300,96415831796084,96415833842363,96415834051260,2255.176,208.897,1,1,96415833841569,209.691
2,973,300,96415834253107,96415835891492,96415836574255,2321.148,682.763,1,1,96415835889569,684.686
2,974,300,96415836300027,96415838349496,96415838612824,2312.797,263.328,1,1,96415838347169,265.655
2,975,300,96415838757529,96415840806748,96415841111639,2354.110,304.891,1,1,96415840804769,306.870
2,976,300,96415841215233,96415843264382,96415843540231,2324.998,275.849,1,1,96415843262369,277.862
2,977,300,96415843264382,96415845311111,96415845960633,2696.251,649.522,1,1,96415845310369,650.264
2,978,300,96415845722074,96415847774054,96415848074524,2352.450,300.470,1,1,96415847767969,306.555
2,979,300,96415848179438,96415850226267,96415850498286,2318.848,272.019,1,1,96415850225569,272.717
2,980,300,96415850636871,96415852275246,96415852965009,2328.138,689.763,1,1,96415852273569,691.440
2,981,300,96415852683830,96415854733169,96415855053650,2369.820,320.481,1,1,96415854731169,322.481
2,982,300,96415855141493,96415857190373,96415857456161,2314.668,265.788,1,1,96415857188769,267.392
2,983,300,96415857599076,96415859237552,96415859925865,2326.789,688.313,1,1,96415859236769,689.096
2,984,300,96415859647865,96415861695094,96415861909802,2261.937,214.708,1,1,96415861694369,215.433
2,985,300,96415862105879,96415864152698,96415864348915,2243.036,196.217,1,1,96415864151969,196.946
2,986,300,96415864563571,96415866201787,96415866878680,2315.109,676.893,1,1,96415866199969,678.711
2,987,300,96415866610361,96415868659230,96415868920318,2309.957,261.088,1,1,96415868657569,262.749
2,988,300,96415869067944,96415871116823,96415871418493,2350.549,301.670,1,1,96415871115169,303.324
2,989,300,96415871525417,96415873574246,96415873853365,2327.948,279.119,1,1,96415873572769,280.596
2,990,300,96415873574246,96415875621515,96415876307178,2732.932,685.663,1,1,96415875620769,686.409
2,991,300,96415876032139,96415878079219,96415878372939,2340.800,293.720,1,1,96415878078369,294.570
2,992,300,96415878489782,96415880536991,96415880821871,2332.089,284.880,1,1,96415880535969,285.902
2,993,300,96415880947276,96415882585750,96415883222922,2275.646,637.172,1,1,96415882583969,638.953
2,994,300,96415882994254,96415885043544,96415885334543,2340.289,290.999,1,1,96415885041569,292.974
2,995,300,96415885451927,96415887500896,96415887811397,2359.470,310.501,1,1,96415887499169,312.228
2,996,300,96415887909590,96415889548166,96415890230369,2320.779,682.203,1,1,96415889547169,683.200
2,997,300,96415889958570,96415892008689,96415892222896,2264.326,214.207,1,1,96415892004769,218.127
2,998,300,96415892416183,96415894463122,96415894668759,2252.576,205.637,1,1,96415894462369,206.390
2,999,300,96415894873625,96415896512731,96415897139302,2265.677,626.571,1,1,96415896510369,628.933
2,1000,300,96415896920724,96415898969565,96415899213692,2292.968,244.127,1,1,96415898967969,245.723
2,1001,300,96415899378378,96415901427437,96415901726867,2348.489,299.430,1,1,96415901425569,301.298
2,1002,300,96415901835921,96415903884771,96415904157760,2321.839,272.989,1,1,96415903883169,274.591
2,1003,300,96415903884771,96415905932010,96415906573001,2688.230,640.991,1,1,96415905931169,641.832
2,1004,300,96415906342393,96415908389603,96415908674982,2332.589,285.379,1,1,96415908388769,286.213
2,1005,300,96415908799986,96415910847065,96415911121595,2321.609,274.530,1,1,96415910846369,275.226
2,1006,300,96415911257600,96415912896035,96415913527616,2270.016,631.581,1,1,96415912894369,633.247
2,1007,300,96415913304799,96415915353598,96415915668769,2363.970,315.171,1,1,96415915351969,316.800
2,1008,300,96415915762271,96415917811160,96415918080300,2318.029,269.140,1,1,96415917809569,270.731
2,1009,300,96415918220335,96415919858280,96415920496642,2276.307,638.362,1,1,96415919857569,639.073
2,1010,300,96415920268774,96415922315873,96415922622354,2353.580,306.481,1,1,96415922315169,307.185
2,1011,300,96415922726697,96415924776197,96415924986184,2259.487,209.987,1,1,96415924772769,213.415
2,1012,300,96415925184240,96415926822456,96415927509189,2324.949,686.733,1,1,96415926820769,688.420
2,1013,300,96415927231159,96415929279989,96415929501846,2270.687,221.857,1,1,96415929278369,223.477
2,1014,300,96415929688712,96415931737741,96415932052282,2363.570,314.541,1,1,96415931735969,316.313
2,1015,300,96415932146366,96415934195225,96415934424383,2278.017,229.158,1,1,96415934193569,230.814
2,1016,300,96415934195225,96415936242264,96415936881835,2686.610,639.571,1,1,96415936241569,640.266
2,1017,300,96415936652617,96415938699906,96415938914154,2261.537,214.248,1,1,96415938699169,214.985
2,1018,300,96415939110471,96415941157840,96415941427149,2316.678,269.309,1,1,96415941156769,270.380
2,1019,300,96415941567863,96415943206419,96415943856861,2288.998,650.442,1,1,96415943204769,652.092
2,1020,300,96415943615093,96415945664102,96415945885199,2270.106,221.097,1,1,96415945662369,222.830
2,1021,300,96415946072866,96415948121605,96415948353783,2280.917,232.178,1,1,96415948119969,233.814
2,1022,300,96415948530229,96415950168705,96415950863448,2333.219,694.743,1,1,96415950167969,695.479
2,1023,300,96415950579458,96415952626367,96415952839115,2259.657,212.748,1,1,96415952625569,213.546
2,1024,300,96415953036812,96415955083981,96415955357870,2321.058,273.889,1,1,96415955083169,274.701
2,1025,300,96415955494364,96415957133010,96415957821823,2327.459,688.813,1,1,96415957131169,690.654
2,1026,300,96415957541533,96415959590312,96415959862572,2321.039,272.260,1,1,96415959588769,273.803
2,1027,300,96415959999127,96415962048076,96415962350717,2351.590,302.641,1,1,96415962046369,304.348
2,1028,300,96415962456710,96415964505899,96415964780949,2324.239,275.050,1,1,96415964503969,276.980
2,1029,300,96415964505899,96415966552688,96415967273982,2768.083,721.294,1,1,96415966551969,722.013
2,1030,300,96415966963792,96415969010531,96415969324961,2361.169,314.430,1,1,96415969009569,315.392
2,1031,300,96415969421055,96415971468014,96415971790806,2369.751,322.792,1,1,96415971467169,323.637
2,1032,300,96415971878928,96415973517113,96415974153535,2274.607,636.422,1,1,96415973515169,638.366
2,1033,300,96415973925528,96415975974697,96415976177143,2251.615,202.446,1,1,96415975972769,204.374
2,1034,300,96415976383200,96415978432259,96415978625066,2241.866,192.807,1,1,96415978430369,194.697
2,1035,300,96415978840774,96415980479169,96415981121911,2281.137,642.742,1,1,96415980478369,643.542
2,1036,300,96415980890223,96415982936782,96415983135899,2245.676,199.117,1,1,96415982935969,199.930
2,1037,300,96415983347176,96415985394455,96415985587441,2240.265,192.986,1,1,96415985393569,193.872
2,1038,300,96415985805179,96415987443344,96415988125347,2320.168,682.003,1,1,96415987441569,683.778
2,1039,300,96415987851988,96415989900887,96415990150455,2298.467,249.568,1,1,96415989899169,251.286
2,1040,300,96415990309471,96415992358460,96415992676761,2367.290,318.301,1,1,96415992356769,319.992
2,1041,300,96415992767034,96415994816154,96415995083203,2316.169,267.049,1,1,96415994814369,268.834
2,1042,300,96415994816154,96415996863153,96415997535456,2719.302,672.303,1,1,96415996862369,673.087
2,1043,300,96415997273596,96415999320645,96415999614075,2340.479,293.430,1,1,96415999319969,294.106
2,1044,300,96415999731260,96416001778479,96416002057568,2326.308,279.089,1,1,96416001777569,279.999
2,1045,300,96416002189042,96416003827238,96416004505151,2316.109,677.913,1,1,96416003825569,679.582
2,1046,300,96416004235952,96416006285431,96416006497999,2262.047,212.568,1,1,96416006283169,214.830
2,1047,300,96416006693495,96416008742544,96416009016403,2322.908,273.859,1,1,96416008740769,275.634
2,1048,300,96416009151638,96416010789773,96416011470276,2318.638,680.503,1,1,96416010788769,681.507
2,1049,300,96416011200587,96416013247106,96416013459043,2258.456,211.937,1,1,96416013246369,212.674
2,1050,300,96416013657630,96416015704560,96416016010170,2352.540,305.610,1,1,96416015703969,306.201
2,1051,300,96416016115473,96416017753649,96416018385570,2270.097,631.921,1,1,96416017751969,633.601
2,1052,300,96416018162272,96416020210991,96416020419108,2256.836,208.117,1,1,96416020209569,209.539
2,1053,300,96416020619866,96416022669095,96416022972914,2353.048,303.819,1,1,96416022667169,305.745
2,1054,300,96416023077708,96416025126298,96416025410717,2333.009,284.419,1,1,96416025124769,285.948
2,1055,300,96416025126298,96416027173707,96416027904412,2778.114,730.705,1,1,96416027172769,731.643
2,1056,300,96416027584121,96416029631120,96416029936580,2352.459,305.460,1,1,96416029630369,306.211
2,1057,300,96416030041524,96416032088773,96416032369013,2327.489,280.240,1,1,96416032087969,281.044
2,1058,300,96416032499537,96416034137952,96416034782554,2283.017,644.602,1,1,96416034135969,646.585
2,1059,300,96416034546307,96416036595146,96416036900686,2354.379,305.540,1,1,96416036593569,307.117
2,1060,300,96416037009879,96416039052798,96416039319497,2309.618,266.699,1,1,96416039051169,268.328
2,1061,300,96416039461632,96416041099937,96416041794411,2332.779,694.474,1,1,96416041099169,695.242
2,1062,300,96416041510702,96416043557451,96416043878522,2367.820,321.071,1,1,96416043556769,321.753
2,1063,300,96416043968314,96416046015164,96416046293413,2325.099,278.249,1,1,96416046014369,279.044
2,1064,300,96416046425618,96416048063923,96416048738955,2313.337,675.032,1,1,96416048062369,676.586
2,1065,300,96416048472647,96416050521596,96416050780845,2308.198,259.249,1,1,96416050519969,260.876
2,1066,300,96416050930270,96416052979519,96416053418894,2488.624,439.375,1,1,96416052977569,441.325
2,1067,300,96416053387852,96416055437112,96416055699521,2311.669,262.409,1,1,96416055435169,264.352
2,1068,300,96416055437112,96416057483892,96416058162754,2725.642,678.862,1,1,96416057483169,679.585
2,1069,300,96416057894485,96416059941524,96416060141121,2246.636,199.597,1,1,96416059940769,200.352
2,1070,300,96416060352309,96416062399167,96416062624805,2272.496,225.638,1,1,96416062398369,226.436
2,1071,300,96416062809611,96416064448067,96416065138770,2329.159,690.703,1,1,96416064446369,692.401
2,1072,300,96416064856880,96416066905700,96416067222520,2365.640,316.820,1,1,96416066903969,318.551
2,1073,300,96416067314223,96416069363193,96416069632041,2317.818,268.848,1,1,96416069361569,270.472
2,1074,300,96416069776546,96416071410201,96416072101295,2324.749,691.094,1,1,96416071409569,691.726
2,1075,300,96416071821026,96416073867895,96416074179045,2358.019,311.150,1,1,96416073867169,311.876
2,1076,300,96416074278308,96416076325909,96416076607397,2329.089,281.488,1,1,96416076324769,282.628
2,1077,300,96416076736382,96416078374928,96416079066961,2330.579,692.033,1,1,96416078372769,694.192
2,1078,300,96416078783211,96416080832030,96416081040757,2257.546,208.727,1,1,96416080830369,210.388
2,1079,300,96416081240734,96416083289634,96416083601674,2360.940,312.040,1,1,96416083287969,313.705
2,1080,300,96416083698307,96416085747186,96416085985414,2287.107,238.228,1,1,96416085745569,239.845
2,1081,300,96416085747186,96416087794296,96416088487590,2740.404,693.294,1,1,96416087793569,694.021
2,1082,300,96416088204999,96416090251818,96416090543258,2338.259,291.440,1,1,96416090251169,292.089
2,1083,300,96416090662293,96416092709762,96416093005052,2342.759,295.290,1,1,96416092708769,296.283
2,1084,300,96416093120145,96416094758501,96416095392193,2272.048,633.692,1,1,96416094756769,635.424
2,1085,300,96416095167514,96416097215944,96416097517344,2349.830,301.400,1,1,96416097214369,302.975
2,1086,300,96416097624668,96416099674267,96416099949706,2325.038,275.439,1,1,96416099671969,277.737
2,1087,300,96416100082401,96416101720666,96416102402680,2320.279,682.014,1,1,96416101719969,682.711
2,1088,300,96416102131780,96416104178389,96416104490180,2358.400,311.791,1,1,96416104177569,312.611
2,1089,300,96416104589373,96416106635823,96416106927813,2338.440,291.990,1,1,96416106635169,292.644
2,1090,300,96416107046506,96416108685052,96416109341174,2294.668,656.122,1,1,96416108683169,658.005
2,1091,300,96416109093555,96416111143064,96416111355772,2262.217,212.708,1,1,96416111140769,215.003
2,1092,300,96416111551149,96416113600168,96416113913668,2362.519,313.500,1,1,96416113598369,315.299
2,1093,300,96416114009821,96416116058100,96416116317000,2307.179,258.900,1,1,96416116055969,261.031
2,1094,300,96416116058100,96416118104920,96416118791073,2732.973,686.153,1,1,96416118103969,687.104
2,1095,300,96416118515614,96416120562263,96416120779171,2263.557,216.908,1,1,96416120561569,217.602
2,1096,300,96416120973237,96416123019886,96416123301235,2327.998,281.349,1,1,96416123019169,282.066
2,1097,300,96416123430370,96416125069015,96416125748458,2318.088,679.443,1,1,96416125067169,681.289
2,1098,300,96416125477509,96416127526868,96416127835399,2357.890,308.531,1,1,96416127524769,310.630
2,1099,300,96416127935212,96416129984151,96416130289052,2353.840,304.901,1,1,96416129982369,306.683
2,1100,300,96416130392656,96416132031210,96416132702043,2309.387,670.833,1,1,96416132030369,671.674
2,1101,300,96416132441535,96416134488754,96416134817735,2376.200,328.981,1,1,96416134487969,329.766
2,1102,300,96416134899317,96416136946346,96416137156113,2256.796,209.767,1,1,96416136945569,210.544
2,1103,300,96416137356941,96416138995146,96416139670028,2313.087,674.882,1,1,96416138993569,676.459
2,1104,300,96416139403880,96416141452839,96416141709828,2305.948,256.989,1,1,96416141451169,258.659
2,1105,300,96416141861473,96416143910472,96416144217182,2355.709,306.710,1,1,96416143908769,308.413
2,1106,300,96416144319136,96416146368045,96416146595772,2276.636,227.727,1,1,96416146366369,229.403
2,1107,300,96416146368045,96416148415045,96416149050076,2682.031,635.031,1,1,96416148414369,635.707
2,1108,300,96416148825748,96416150872657,96416151166197,2340.449,293.540,1,1,96416150871969,294.228
2,1109,300,96416151283302,96416153330311,96416153621370,2338.068,291.059,1,1,96416153329569,291.801
2,1110,300,96416153741024,96416155379200,96416156018091,2277.067,638.891,1,1,96416155377569,640.522
2,1111,300,96416155787933,96416157837042,96416158052060,2264.127,215.018,1,1,96416157835169,216.891
2,1112,300,96416158245497,96416160294536,96416160592356,2346.859,297.820,1,1,96416160292769,299.587
2,1113,300,96416160703100,96416162341615,96416163034858,2331.758,693.243,1,1,96416162340769,694.089
2,1114,300,96416162752059,96416164799188,96416165097008,2344.949,297.820,1,1,96416164798369,298.639
2,1115,300,96416165209772,96416167256631,96416167453528,2243.756,196.897,1,1,96416167255969,197.559
2,1116,300,96416167667335,96416169305951,96416169986413,2319.078,680.462,1,1,96416169303969,682.444
2,1117,300,96416169714234,96416171763363,96416172019172,2304.938,255.809,1,1,96416171761569,257.603
2,1118,300,96416172172038,96416174221067,96416174525357,2353.319,304.290,1,1,96416174219169,306.188
2,1119,300,96416174629510,96416176678919,96416176970059,2340.549,291.140,1,1,96416176676769,293.290
2,1120,300,96416176678919,96416178725508,96416179405192,2726.273,679.684,1,1,96416178724769,680.423
2,1121,300,96416179136283,96416181183092,96416181478742,2342.459,295.650,1,1,96416181182369,296.373
2,1122,300,96416181593805,96416183640645,96416183917674,2323.869,277.029,1,1,96416183639969,277.705
2,1123,300,96416184051249,96416185689654,96416186363337,2312.088,673.683,1,1,96416185687969,675.368
2,1124,300,96416186098348,96416188147447,96416188446247,2347.899,298.800,1,1,96416188145569,300.678
2,1125,300,96416188555921,96416190604780,96416190911630,2355.709,306.850,1,1,96416190603169,308.461
2,1126,300,96416191014254,96416192651959,96416193343673,2329.419,691.714,1,1,96416192651169,692.504
2,1127,300,96416193062534,96416195109523,96416195415223,2352.689,305.700,1,1,96416195108769,306.454
2,1128,300,96416195519976,96416197567135,96416197868416,2348.440,301.281,1,1,96416197566369,302.047
2,1129,300,96416197977890,96416199615984,96416200247896,2270.006,631.912,1,1,96416199614369,633.527
2,1130,300,96416200024669,96416202073448,96416202285515,2260.846,212.067,1,1,96416202071969,213.546
2,1131,300,96416202482362,96416204531391,96416204838451,2356.089,307.060,1,1,96416204529569,308.882
2,1132,300,96416204939864,96416206989134,96416207252523,2312.659,263.389,1,1,96416206987169,265.354
2,1133,300,96416206989134,96416209035913,96416209724837,2735.703,688.924,1,1,96416209035169,689.668
2,1134,300,96416209446437,96416211493556,96416211711364,2264.927,217.808,1,1,96416211492769,218.595
2,1135,300,96416211903910,96416213951390,96416214224709,2320.799,273.319,1,1,96416213950369,274.340
2,1136,300,96416214361883,96416216000039,96416216637110,2275.227,637.071,1,1,96416215998369,638.741
2,1137,300,96416216408642,96416218457461,96416218766702,2358.060,309.241,1,1,96416218455969,310.733
2,1138,300,96416218866305,96416220915445,96416221186614,2320.309,271.169,1,1,96416220913569,273.045
2,1139,300,96416221323948,96416222962314,96416223597335,2273.387,635.021,1,1,96416222961569,635.766
2,1140,300,96416223372718,96416225420017,96416225728127,2355.409,308.110,1,1,96416225419169,308.958
2,1141,300,96416225830430,96416227877540,96416228138829,2308.399,261.289,1,1,96416227876769,262.060
2,1142,300,96416228287974,96416229926459,96416230563131,2275.157,636.672,1,1,96416229924769,638.362
2,1143,300,96416230335093,96416232384502,96416232597179,2262.086,212.677,1,1,96416232382369,214.810
2,1144,300,96416232792975,96416234841476,96416235138905,2345.930,297.429,1,1,96416234839969,298.936
2,1145,300,96416235250349,96416237299448,96416237589418,2339.069,289.970,1,1,96416237297569,291.849
2,1146,300,96416237299448,96416239346327,96416240044591,2745.143,698.264,1,1,96416239345569,699.022
2,1147,300,96416239756832,96416241803800,96416242109270,2352.438,305.470,1,1,96416241803169,306.101
2,1148,300,96416242214814,96416244261434,96416244558823,2344.009,297.389,1,1,96416244260769,298.054
2,1149,300,96416244672087,96416246310543,96416247002757,2330.670,692.214,1,1,96416246308769,693.988
2,1150,300,96416246719116,96416248777276,96416249082476,2363.360,305.200,1,1,96416248766369,316.107
2,1151,300,96416249176790,96416251226579,96416251479748,2302.958,253.169,1,1,96416251223969,255.779
2,1152,300,96416251634302,96416253272618,96416253945871,2311.569,673.253,1,1,96416253271969,673.902
2,1153,300,96416253683201,96416255730261,96416255953049,2269.848,222.788,1,1,96416255729569,223.480
2,1154,300,96416256141075,96416258188104,96416258392411,2251.336,204.307,1,1,96416258187169,205.242
2,1155,300,96416258598788,96416260236983,96416260929437,2330.649,692.454,1,1,96416260235169,694.268
2,1156,300,96416260645437,96416262694406,96416262954776,2309.339,260.370,1,1,96416262692769,262.007
2,1157,300,96416263103110,96416265152560,96416265449389,2346.279,296.829,1,1,96416265150369,299.020
2,1158,300,96416265560813,96416267609642,96416267878401,2317.588,268.759,1,1,96416267607969,270.432
2,1159,300,96416267609642,96416269656691,96416270377946,2768.304,721.255,1,1,96416269655969,721.977
2,1160,300,96416270067236,96416272114315,96416272329072,2261.836,214.757,1,1,96416272113569,215.503
2,1161,300,96416272524788,96416274571828,96416274856238,2331.450,284.410,1,1,96416274571169,285.069
2,1162,300,96416274982442,96416276620957,96416277288720,2306.278,667.763,1,1,96416276619169,669.551
2,1163,300,96416277029581,96416279079630,96416279399641,2370.060,320.011,1,1,96416279076769,322.872
2,1164,300,96416279487134,96416281536253,96416281762231,2275.097,225.978,1,1,96416281534369,227.862
2,1165,300,96416281944727,96416283583162,96416284300317,2355.590,717.155,1,1,96416283582369,717.948
2,1166,300,96416283993686,96416286040656,96416286248853,2255.167,208.197,1,1,96416286039969,208.884
2,1167,300,96416286451449,96416288498268,96416288686945,2235.496,188.677,1,1,96416288497569,189.376
2,1168,300,96416288908813,96416290547177,96416291230441,2321.628,683.264,1,1,96416290545569,684.872
2,1169,300,96416290955932,96416293012421,96416293284491,2328.559,272.070,1,1,96416293003169,281.322
2,1170,300,96416293413464,96416295462693,96416295784955,2371.491,322.262,1,1,96416295460769,324.186
2,1171,300,96416295871138,96416297920167,96416298179456,2308.318,259.289,1,1,96416297918369,261.087
2,1172,300,96416297920167,96416299967666,96416300603578,2683.411,635.912,1,1,96416299966369,637.209
2,1173,300,96416300377800,96416302424759,96416302712909,2335.109,288.150,1,1,96416302423969,288.940
2,1174,300,96416302835453,96416304882352,96416305155351,2319.898,272.999,1,1,96416304881569,273.782
2,1175,300,96416305293226,96416306931672,96416307572943,2279.717,641.271,1,1,96416306929569,643.374
2,1176,300,96416307339815,96416309388984,96416309699445,2359.630,310.461,1,1,96416309387169,312.276
2,1177,300,96416309797429,96416311847178,96416312139398,2341.969,292.220,1,1,96416311844769,294.629
2,1178,300,96416312255341,96416313893477,96416314573599,2318.258,680.122,1,1,96416313892769,680.830
2,1179,300,96416314304010,96416316351060,96416316555527,2251.517,204.467,1,1,96416316350369,205.158
2,1180,300,96416316761884,96416318808723,96416319010270,2248.386,201.547,1,1,96416318807969,202.301
2,1181,300,96416319219347,96416320857922,96416321527254,2307.907,669.332,1,1,96416320855969,671.285
2,1182,300,96416321266336,96416323315055,96416323561273,2294.937,246.218,1,1,96416323313569,247.704
2,1183,300,96416323723869,96416325780348,96416325985465,2261.596,205.117,1,1,96416325771169,214.296
2,1184,300,96416326181592,96416328230811,96416328455189,2273.597,224.378,1,1,96416328228769,226.420
2,1185,300,96416328230811,96416330277430,96416331011845,2781.034,734.415,1,1,96416330276769,735.076
2,1186,300,96416330688195,96416332735134,96416333038013,2349.818,302.879,1,1,96416332734369,303.644
2,1187,300,96416333146277,96416335192716,96416335430725,2284.448,238.009,1,1,96416335191969,238.756
2,1188,300,96416335603451,96416337241686,96416337929639,2326.188,687.953,1,1,96416337239969,689.670
2,1189,300,96416337650350,96416339699339,96416339926706,2276.356,227.367,1,1,96416339697569,229.137
2,1190,300,96416340107933,96416342156942,96416342381600,2273.667,224.658,1,1,96416342155169,226.431
2,1191,300,96416342565566,96416344203991,96416344889474,2323.908,685.483,1,1,96416344203169,686.305
2,1192,300,96416344614445,96416346661395,96416346981055,2366.610,319.660,1,1,96416346660769,320.286
2,1193,300,96416347072098,96416349119497,96416349400177,2328.079,280.680,1,1,96416349118369,281.808
2,1194,300,96416349529481,96416351167976,96416351845940,2316.459,677.964,1,1,96416351166369,679.571
2,1195,300,96416351576961,96416353625690,96416353864667,2287.706,238.977,1,1,96416353623969,240.698
2,1196,300,96416354034373,96416356083332,96416356304570,2270.197,221.238,1,1,96416356081569,223.001
2,1197,300,96416356491937,96416358540856,96416358825595,2333.658,284.739,1,1,96416358539169,286.426
2,1198,300,96416358540856,96416360588035,96416361275688,2734.832,687.653,1,1,96416360587169,688.519
2,1199,300,96416360998399,96416363045548,96416363258445,2260.046,212.897,1,1,96416363044769,213.676
2,1200,300,96416363455952,96416365503001,96416365741109,2285.157,238.108,1,1,96416365502369,238.740
2,1201,300,96416365913485,96416367551950,96416368234063,2320.578,682.113,1,1,96416367550369,683.694
2,1202,300,96416367960894,96416370011653,96416370323624,2362.730,311.971,1,1,96416370007969,315.655
2,1203,300,96416370418237,96416372467087,96416372691674,2273.437,224.587,1,1,96416372465569,226.105
2,1204,300,96416372875950,96416374514236,96416375186038,2310.088,671.802,1,1,96416374513569,672.469
2,1205,300,96416374924869,96416376971868,96416377272599,2347.730,300.731,1,1,96416376971169,301.430
2,1206,300,96416377382693,96416379429442,96416379635128,2252.435,205.686,1,1,96416379428769,206.359
2,1207,300,96416379840065,96416381478641,96416382180955,2340.890,702.314,1,1,96416381476769,704.186
2,1208,300,96416381887135,96416383935924,96416384143631,2256.496,207.707,1,1,96416383934369,209.262
2,1209,300,96416384344667,96416386393787,96416386698677,2354.010,304.890,1,1,96416386391969,306.708
2,1210,300,96416386802451,96416388851210,96416389116029,2313.578,264.819,1,1,96416388849569,266.460
2,1211,300,96416388851210,96416390898399,96416391585892,2734.682,687.493,1,1,96416390897569,688.323
2,1212,300,96416391309773,96416393355912,96416393550548,2240.775,194.636,1,1,96416393355169,195.379
2,1213,300,96416393766736,96416395813585,96416396063233,2296.497,249.648,1,1,96416395812769,250.464
2,1214,300,96416396224049,96416397862474,96416398540827,2316.778,678.353,1,1,96416397860769,680.058
2,1215,300,96416398271078,96416400320138,96416400621098,2350.020,300.960,1,1,96416400318369,302.729
2,1216,300,96416400728801,96416402778071,96416403048350,2319.549,270.279,1,1,96416402775969,272.381
2,1217,300,96416403186324,96416404824660,96416405510173,2323.849,685.513,1,1,96416404823969,686.204
2,1218,300,96416405235103,96416407282333,96416407593904,2358.801,311.571,1,1,96416407281569,312.335
2,1219,300,96416407692887,96416409739906,96416410046806,2353.919,306.900,1,1,96416409739169,307.637
2,1220,300,96416410150459,96416411788865,96416412458488,2308.029,669.623,1,1,96416411787169,671.319
2,1221,300,96416412197549,96416414246459,96416414491387,2293.838,244.928,1,1,96416414244769,246.618
2,1222,300,96416414655002,96416416704001,96416417018652,2363.650,314.651,1,1,96416416702369,316.283
2,1223,300,96416417113095,96416419161594,96416419426193,2313.098,264.599,1,1,96416419159969,266.224
2,1224,300,96416419161594,96416421208833,96416421896306,2734.712,687.473,1,1,96416421207969,688.337
2,1225,300,96416421619187,96416423666287,96416423880503,2261.316,214.216,1,1,96416423665569,214.934
2,1226,300,96416424076840,96416426123959,96416426373738,2296.898,249.779,1,1,96416426123169,250.569
2,1227,300,96416426534334,96416428172798,96416428819191,2284.857,646.393,1,1,96416428171169,648.022
2,1228,300,96416428581473,96416430630612,96416430980544,2399.071,349.932,1,1,96416430628769,351.775
2,1229,300,96416431039255,96416433088125,96416433357294,2318.039,269.169,1,1,96416433086369,270.925
2,1230,300,96416433496609,96416435135324,96416435819767,2323.158,684.443,1,1,96416435134369,685.398
2,1231,300,96416435545618,96416437592747,96416437904927,2359.309,312.180,1,1,96416437591969,312.958
2,1232,300,96416438011261,96416440050270,96416440323070,2311.809,272.800,1,1,96416440049569,273.501
2,1233,300,96416440460664,96416442099860,96416442780083,2319.419,680.223,1,1,96416442097569,682.514
2,1234,300,96416442507764,96416444556873,96416444784010,2276.246,227.137,1,1,96416444555169,228.841
2,1235,300,96416444965506,96416447014675,96416447311156,2345.650,296.481,1,1,96416447012769,298.387
2,1236,300,96416447423110,96416449472179,96416449695796,2272.686,223.617,1,1,96416449470369,225.427
2,1237,300,96416449472179,96416451519238,96416452156820,2684.641,637.582,1,1,96416451518369,638.451
2,1238,300,96416451929971,96416453976751,96416454193238,2263.267,216.487,1,1,96416453975969,217.269
2,1239,300,96416454387305,96416456434314,96416456644651,2257.346,210.337,1,1,96416456433569,211.082
2,1240,300,96416456844958,96416458483203,96416459121755,2276.797,638.552,1,1,96416458481569,640.186
2,1241,300,96416458891907,96416460941246,96416461157694,2265.787,216.448,1,1,96416460939169,218.525
2,1242,300,96416461349570,96416463398749,96416463663978,2314.408,265.229,1,1,96416463396769,267.209
2,1243,300,96416463807143,96416465445559,96416466128482,2321.339,682.923,1,1,96416465444769,683.713
2,1244,300,96416465856272,96416467903151,96416468200512,2344.240,297.361,1,1,96416467902369,298.143
2,1245,300,96416468313836,96416470360665,96416470571572,2257.736,210.907,1,1,96416470359969,211.603
2,1246,300,96416470777549,96416472409544,96416473053435,2275.886,643.891,1,1,96416472407969,645.466
2,1247,300,96416472818307,96416474867357,96416475064713,2246.406,197.356,1,1,96416474865569,199.144
2,1248,300,96416475275801,96416477324660,96416477624590,2348.789,299.930,1,1,96416477323169,301.421
2,1249,300,96416477733434,96416479782413,96416480003500,2270.066,221.087,1,1,96416479780769,222.731
2,1250,300,96416479782413,96416481829502,96416482524386,2741.973,694.884,1,1,96416481828769,695.617
2,1251,300,96416482240156,96416484287106,96416484578095,2337.939,290.989,1,1,96416484286369,291.726
2,1252,300,96416484697829,96416486744678,96416487015287,2317.458,270.609,1,1,96416486743969,271.318
2,1253,300,96416487155163,96416488793617,96416489465900,2310.737,672.283,1,1,96416488791969,673.931
2,1254,300,96416489202382,96416491251381,96416491542881,2340.499,291.500,1,1,96416491249569,293.312
2,1255,300,96416491660284,96416493708853,96416493979443,2319.159,270.590,1,1,96416493707169,272.274
2,1256,300,96416494117578,96416495755863,96416496431915,2314.337,676.052,1,1,96416495755169,676.746
2,1257,300,96416496166617,96416498213466,96416498520157,2353.540,306.691,1,1,96416498212769,307.388
2,1258,300,96416498623970,96416500671279,96416500954788,2330.818,283.509,1,1,96416500670369,284.419
2,1259,300,96416501081663,96416502720148,96416503392461,2310.798,672.313,1,1,96416502718369,674.092
2,1260,300,96416503129022,96416505177722,96416505386619,2257.597,208.897,1,1,96416505175969,210.650
2,1261,300,96416505586385,96416507635264,96416507855082,2268.697,219.818,1,1,96416507633569,221.513
2,1262,300,96416508043899,96416510092738,96416510318165,2274.266,225.427,1,1,96416510091169,226.996
2,1263,300,96416510092738,96416512139917,96416512874652,2781.914,734.735,1,1,96416512139169,735.483
2,1264,300,96416512550320,96416514597580,96416514908350,2358.030,310.770,1,1,96416514596769,311.581
2,1265,300,96416515011504,96416517055103,96416517322741,2311.237,267.638,1,1,96416517054369,268.372
2,1266,300,96416517465637,96416519104002,96416519785765,2320.128,681.763,1,1,96416519102369,683.396
2,1267,300,96416519512716,96416521562015,96416521876926,2364.210,314.911,1,1,96416521559969,316.957
2,1268,300,96416521970418,96416524019168,96416524285157,2314.739,265.989,1,1,96416524017569,267.588
2,1269,300,96416524427922,96416526066338,96416526740950,2313.028,674.612,1,1,96416526065569,675.381
2,1270,300,96416526476851,96416528523920,96416528839311,2362.460,315.391,1,1,96416528523169,316.142
2,1271,300,96416528934815,96416530981474,96416531265393,2330.578,283.919,1,1,96416530980769,284.624
2,1272,300,96416531392217,96416533030563,96416533705196,2312.979,674.633,1,1,96416533028769,676.427
2,1273,300,96416533439216,96416535488125,96416535740544,2301.328,252.419,1,1,96416535486369,254.175
2,1274,300,96416535896720,96416537945499,96416538240249,2343.529,294.750,1,1,96416537943969,296.280
2,1275,300,96416538354473,96416540403262,96416540662270,2307.797,259.008,1,1,96416540401569,260.701
2,1276,300,96416540403262,96416542450311,96416543126494,2723.232,676.183,1,1,96416542449569,676.925
2,1277,300,96416542860625,96416544907884,96416545200513,2339.888,292.629,1,1,96416544907169,293.344
2,1278,300,96416545318318,96416547365437,96416547555213,2236.895,189.776,1,1,96416547364769,190.444
2,1279,300,96416547777521,96416549414286,96416550049188,2271.667,634.902,1,1,96416549412769,636.419
2,1280,300,96416549823120,96416551871940,96416552181900,2358.780,309.960,1,1,96416551870369,311.531
2,1281,300,96416552280663,96416554329552,96416554623132,2342.469,293.580,1,1,96416554327969,295.163
2,1282,300,96416554738246,96416556376662,96416557055304,2317.058,678.642,1,1,96416556375969,679.335
2,1283,300,96416556787265,96416558834355,96416559138625,2351.360,304.270,1,1,96416558833569,305.056
2,1284,300,96416559244729,96416561291898,96416561502145,2257.416,210.247,1,1,96416561291169,210.976
2,1285,300,96416561702461,96416563340957,96416564026660,2324.199,685.703,1,1,96416563339169,687.491
2,1286,300,96416563749490,96416565798440,96416566057079,2307.589,258.639,1,1,96416565796769,260.310
2,1287,300,96416566207174,96416568256143,96416568463840,2256.666,207.697,1,1,96416568254369,209.471
2,1288,300,96416568664677,96416570713677,96416570947104,2282.427,233.427,1,1,96416570711969,235.135
2,1289,300,96416570713677,96416572760685,96416573484510,2770.833,723.825,1,1,96416572759969,724.541
2,1290,300,96416573171329,96416575218378,96416575433856,2262.527,215.478,1,1,96416575217569,216.287
2,1291,300,96416575628772,96416577675901,96416577878118,2249.346,202.217,1,1,96416577675169,202.949
2,1292,300,96416578087035,96416579725261,96416580405264,2318.229,680.003,1,1,96416579723169,682.095
2,1293,300,96416580133565,96416582182864,96416582492324,2358.759,309.460,1,1,96416582180769,311.555
2,1294,300,96416582591117,96416584640907,96416584915456,2324.339,274.549,1,1,96416584638369,277.087
2,1295,300,96416585049331,96416586687435,96416587363659,2314.328,676.224,1,1,96416586686369,677.290
2,1296,300,96416587098840,96416589144749,96416589451849,2353.009,307.100,1,1,96416589143969,307.880
2,1297,300,96416589555232,96416591602452,96416591802459,2247.227,200.007,1,1,96416591601569,200.890
2,1298,300,96416592016376,96416593651292,96416594311043,2294.667,659.751,1,1,96416593649569,661.474
2,1299,300,96416594059895,96416596109484,96416596370053,2310.158,260.569,1,1,96416596107169,262.884
2,1300,300,96416596517628,96416598566417,96416598781735,2264.107,215.318,1,1,96416598564769,216.966
2,1301,300,96416598975031,96416601024181,96416601253159,2278.128,228.978,1,1,96416601022369,230.790
2,1302,300,96416601024181,96416603071130,96416603764013,2739.832,692.883,1,1,96416603070369,693.644
2,1303,300,96416603481853,96416605528682,96416605737339,2255.486,208.657,1,1,96416605527969,209.370
2,1304,300,96416605939747,96416607986286,96416608249234,2309.487,262.948,1,1,96416607985569,263.665
2,1305,300,96416608396939,96416610035225,96416610671927,2274.988,636.702,1,1,96416610033569,638.358
2,1306,300,96416610443889,96416612492988,96416612803119,2359.230,310.131,1,1,96416612491169,311.950
2,1307,300,96416612901472,96416614950291,96416615248561,2347.089,298.270,1,1,96416614948769,299.792
2,1308,300,96416615359105,96416616997450,96416617679023,2319.918,681.573,1,1,96416616996769,682.254
2,1309,300,96416617407914,96416619455093,96416619664780,2256.866,209.687,1,1,96416619454369,210.411
2,1310,300,96416619866547,96416621913217,96416622198606,2332.059,285.389,1,1,96416621911969,286.637
2,1311,300,96416622324520,96416623962846,96416624642068,2317.548,679.222,1,1,96416623959969,682.099
2,1312,300,96416624370769,96416626419768,96416626679988,2309.219,260.220,1,1,96416626417569,262.419
2,1313,300,96416626828023,96416628877422,96416629174222,2346.199,296.800,1,1,96416628875169,299.053
2,1314,300,96416629285585,96416631334715,96416631601694,2316.109,266.979,1,1,96416631332769,268.925
2,1315,300,96416631334715,96416633381444,96416634067367,2732.652,685.923,1,1,96416633380769,686.598
2,1316,300,96416633792548,96416635839147,96416636058415,2265.867,219.268,1,1,96416635838369,220.046
2,1317,300,96416636249951,96416638296650,96416638500267,2250.316,203.617,1,1,96416638295969,204.298
2,1318,300,96416638707504,96416640345719,96416641027422,2319.918,681.703,1,1,96416640343969,683.453
2,1319,300,96416640754643,96416642803343,96416643112203,2357.560,308.860,1,1,96416642801569,310.634
2,1320,300,96416643211836,96416645260995,96416645515914,2304.078,254.919,1,1,96416645259169,256.745
2,1321,300,96416645669540,96416647307884,96416648023019,2353.479,715.135,1,1,96416647307169,715.850
2,1322,300,96416647718119,96416649765468,96416649985915,2267.796,220.447,1,1,96416649764769,221.146
2,1323,300,96416650176271,96416652223101,96416652427408,2251.137,204.307,1,1,96416652222369,205.039
2,1324,300,96416652633795,96416654272160,96416654956083,2322.288,683.923,1,1,96416654270369,685.714
2,1325,300,96416654680634,96416656730083,96416656985842,2305.208,255.759,1,1,96416656727969,257.873
2,1326,300,96416657138377,96416659187216,96416659391973,2253.596,204.757,1,1,96416659185569,206.404
2,1327,300,96416659595910,96416661644869,96416661915089,2319.179,270.220,1,1,96416661643169,271.920
2,1328,300,96416661644869,96416663691949,96416664371351,2726.482,679.402,1,1,96416663691169,680.182
2,1329,300,96416664102342,96416666149581,96416666454752,2352.410,305.171,1,1,96416666148769,305.983
2,1330,300,96416666560426,96416668607125,96416668807621,2247.195,200.496,1,1,96416668606369,201.252
2,1331,300,96416669017948,96416670656314,96416671290296,2272.348,633.982,1,1,96416670654369,635.927
2,1332,300,96416671064697,96416673113787,96416673424398,2359.701,310.611,1,1,96416673111969,312.429
2,1333,300,96416673522271,96416675571430,96416675855330,2333.059,283.900,1,1,96416675569569,285.761
2,1334,300,96416675979934,96416677618209,96416678306392,2326.458,688.183,1,1,96416677617569,688.823
2,1335,300,96416678028863,96416680075812,96416680373722,2344.859,297.910,1,1,96416680075169,298.553
2,1336,300,96416680486556,96416682533526,96416682841436,2354.880,307.910,1,1,96416682532769,308.667
2,1337,300,96416682943989,96416684582585,96416685251167,2307.178,668.582,1,1,96416684580769,670.398
2,1338,300,96416684991098,96416687039947,96416687289156,2298.058,249.209,1,1,96416687038369,250.787
2,1339,300,96416687448652,96416689497411,96416689816132,2367.480,318.721,1,1,96416689495969,320.163
2,1340,300,96416689906604,96416691955363,96416692212492,2305.888,257.129,1,1,96416691953569,258.923
2,1341,300,96416691955363,96416694015253,96416694685696,2730.333,670.443,1,1,96416694001569,684.127
2,1342,300,96416694412867,96416696459826,96416696784157,2371.290,324.331,1,1,96416696459169,324.988
2,1343,300,96416696870550,96416698917509,96416699178207,2307.657,260.698,1,1,96416698916769,261.438
2,1344,300,96416699328073,96416700966718,96416701641721,2313.648,675.003,1,1,96416700964769,676.952
2,1345,300,96416701375152,96416703423862,96416703738801,2363.649,314.939,1,1,96416703422369,316.432
2,1346,300,96416703832775,96416705881974,96416706110872,2278.097,228.898,1,1,96416705879969,230.903
2,1347,300,96416706290458,96416707928913,96416708609417,2318.959,680.504,1,1,96416707927969,681.448
2,1348,300,96416708339018,96416710386347,96416710595134,2256.116,208.787,1,1,96416710385569,209.565
2,1349,300,96416710796880,96416712843859,96416713041186,2244.306,197.327,1,1,96416712843169,198.017
2,1350,300,96416713254283,96416714892739,96416715561662,2307.379,668.923,1,1,96416714891169,670.493
2,1351,300,96416715301423,96416717350312,96416717592990,2291.567,242.678,1,1,96416717348769,244.221
2,1352,300,96416717759036,96416719808375,96416720104935,2345.899,296.560,1,1,96416719806369,298.566
2,1353,300,96416720216728,96416722265858,96416722565368,2348.640,299.510,1,1,96416722263969,301.399
2,1354,300,96416722265858,96416724312808,96416725007640,2741.782,694.832,1,1,96416724311969,695.671
2,1355,300,96416724723571,96416726772910,96416726993697,2270.126,220.787,1,1,96416726769569,224.128
2,1356,300,96416727182114,96416729227943,96416729431550,2249.436,203.607,1,1,96416729227169,204.381
2,1357,300,96416729638477,96416731277093,96416731991447,2352.970,714.354,1,1,96416731275169,716.278
2,1358,300,96416731685546,96416733735025,96416734054656,2369.110,319.631,1,1,96416733732769,321.887
2,1359,300,96416734143179,96416736192409,96416736497648,2354.469,305.239,1,1,96416736190369,307.279
2,1360,300,96416736600643,96416738239028,96416738919631,2318.988,680.603,1,1,96416738238369,681.262
2,1361,300,96416738649822,96416740696731,96416741030232,2380.410,333.501,1,1,96416740695969,334.263
2,1362,300,96416741107304,96416743154343,96416743355961,2248.657,201.618,1,1,96416743153569,202.392
2,1363,300,96416743565208,96416745203484,96416745897506,2332.298,694.022,1,1,96416745201569,695.937
2,1364,300,96416745611927,96416747660716,96416747918975,2307.048,258.259,1,1,96416747659169,259.806
2,1365,300,96416748069530,96416750118649,96416750419749,2350.219,301.100,1,1,96416750116769,302.980
2,1366,300,96416750527073,96416752575832,96416752819781,2292.708,243.949,1,1,96416752574369,245.412
2,1367,300,96416752575832,96416754623052,96416755303354,2727.522,680.302,1,1,96416754622369,680.985
2,1368,300,96416755033725,96416757080654,96416757279972,2246.247,199.318,1,1,96416757079969,200.003
2,1369,300,96416757491219,96416759538318,96416759812107,2320.888,273.789,1,1,96416759537569,274.538
2,1370,300,96416759949571,96416761587217,96416762271160,2321.589,683.943,1,1,96416761585569,685.591
2,1371,300,96416761995980,96416764044849,96416764251627,2255.647,206.778,1,1,96416764043169,208.458
2,1372,300,96416764453624,96416766502813,96416766716990,2263.366,214.177,1,1,96416766500769,216.221
2,1373,300,96416766911346,96416768549452,96416769183304,2271.958,633.852,1,1,96416768548769,634.535
2,1374,300,96416768959996,96416771009746,96416771331426,2371.430,321.680,1,1,96416771006369,325.057
2,1375,300,96416771420979,96416773464728,96416773748558,2327.579,283.830,1,1,96416773463969,284.589
2,1376,300,96416773875282,96416775513697,96416776209761,2334.479,696.064,1,1,96416775511969,697.792
2,1377,300,96416775922291,96416777971310,96416778185288,2262.997,213.978,1,1,96416777969569,215.719
2,1378,300,96416778380185,96416780428944,96416780734034,2353.849,305.090,1,1,96416780427169,306.865
2,1379,300,96416780837617,96416782886956,96416783152666,2315.049,265.710,1,1,96416782884769,267.897
2,1380,300,96416782886956,96416784933535,96416785611749,2724.793,678.214,1,1,96416784932769,678.980
2,1381,300,96416785344390,96416787390989,96416787606466,2262.076,215.477,1,1,96416787390369,216.097
2,1382,300,96416787802032,96416789848722,96416790127321,2325.289,278.599,1,1,96416789847969,279.352
2,1383,300,96416790259166,96416791897661,96416792530343,2271.177,632.682,1,1,96416791895969,634.374
2,1384,300,96416792306335,96416794355164,96416794662385,2356.050,307.221,1,1,96416794353569,308.816
2,1385,300,96416794764018,96416796812927,96416797114158,2350.140,301.231,1,1,96416796811169,302.989
2,1386,300,96416797221581,96416798860006,96416799542890,2321.309,682.884,1,1,96416798859169,683.721
2,1387,300,96416799270321,96416801317610,96416801621630,2351.309,304.020,1,1,96416801316769,304.861
2,1388,300,96416801727903,96416803775082,96416803975650,2247.747,200.568,1,1,96416803774369,201.281
2,1389,300,96416804185857,96416805824461,96416806502665,2316.808,678.204,1,1,96416805822369,680.296
2,1390,300,96416806232706,96416808281625,96416808535654,2302.948,254.029,1,1,96416808279969,255.685
2,1391,300,96416808690239,96416810739678,96416811058488,2368.249,318.810,1,1,96416810737569,320.919
2,1392,300,96416811147952,96416813196931,96416813467470,2319.518,270.539,1,1,96416813195169,272.301
2,1393,300,96416813196931,96416815244010,96416815982385,2785.454,738.375,1,1,96416815243169,739.216
2,1394,300,96416815654644,96416817701483,96416818014734,2360.090,313.251,1,1,96416817700769,313.965
2,1395,300,96416818112097,96416820159217,96416820358933,2246.836,199.716,1,1,96416820158369,200.564
2,1396,300,96416820569650,96416822208096,96416822895809,2326.159,687.713,1,1,96416822206369,689.440
2,1397,300,96416822616689,96416824665498,96416824993060,2376.371,327.562,1,1,96416824663969,329.091
2,1398,300,96416825074203,96416827123882,96416827395101,2320.898,271.219,1,1,96416827121569,273.532
2,1399,300,96416827531925,96416829170471,96416829847594,2315.669,677.123,1,1,96416829169569,678.025
2,1400,300,96416829580784,96416831627994,96416831858222,2277.438,230.228,1,1,96416831627169,231.053
2,1401,300,96416832038638,96416834085537,96416834286034,2247.396,200.497,1,1,96416834084769,201.265
2,1402,300,96416834495931,96416836134436,96416836819880,2323.949,685.444,1,1,96416836132769,687.111
2,1403,300,96416836543060,96416838592109,96416838854988,2311.928,262.879,1,1,96416838590369,264.619
2,1404,300,96416839000673,96416841049533,96416841350122,2349.449,300.589,1,1,96416841047969,302.153
2,1405,300,96416841458256,96416843507085,96416843734483,2276.227,227.398,1,1,96416843505569,228.914
2,1406,300,96416843507085,96416845554504,96416846231797,2724.712,677.293,1,1,96416845553569,678.228
2,1407,300,96416845964749,96416848012028,96416848318408,2353.659,306.380,1,1,96416848011169,307.239
2,1408,300,96416848422341,96416850469581,96416850744009,2321.668,274.428,1,1,96416850468769,275.240
2,1409,300,96416850879895,96416852518360,96416853204443,2324.548,686.083,1,1,96416852516769,687.674
2,1410,300,96416852927044,96416854976373,96416855283974,2356.930,307.601,1,1,96416854974369,309.605
2,1411,300,96416855384737,96416857433666,96416857646273,2261.536,212.607,1,1,96416857431969,214.304
2,1412,300,96416857842259,96416859480625,96416860158998,2316.739,678.373,1,1,96416859479969,679.029
2,1413,300,96416859891509,96416861938289,96416862146926,2255.417,208.637,1,1,96416861937569,209.357
2,1414,300,96416862349002,96416864395861,96416864665290,2316.288,269.429,1,1,96416864395169,270.121
2,1415,300,96416864806716,96416866445000,96416867131344,2324.628,686.344,1,1,96416866443169,688.175
2,1416,300,96416866853475,96416868902464,96416869166742,2313.267,264.278,1,1,96416868900769,265.973
2,1417,300,96416869311067,96416871360107,96416871663867,2352.800,303.760,1,1,96416871358369,305.498
2,1418,300,96416871776921,96416873817580,96416874040967,2264.046,223.387,1,1,96416873815969,224.998
2,1419,300,96416873817580,96416875864919,96416876556952,2739.372,692.033,1,1,96416875863969,692.983
2,1420,300,96416876275253,96416878322322,96416878548559,2273.306,226.237,1,1,96416878321569,226.990
2,1421,300,96416878733016,96416880779984,96416881033353,2300.337,253.369,1,1,96416880779169,254.184
2,1422,300,96416881190649,96416882829145,96416883472496,2281.847,643.351,1,1,96416882827169,645.327
2,1423,300,96416883237528,96416885286597,96416885496254,2258.726,209.657,1,1,96416885284769,211.485
2,1424,300,96416885695091,96416887744091,96416887971548,2276.457,227.457,1,1,96416887742369,229.179
2,1425,300,96416888152704,96416889791090,96416890469923,2317.219,678.833,1,1,96416889790369,679.554
2,1426,300,96416890201653,96416892248653,96416892553373,2351.720,304.720,1,1,96416892247969,305.404
2,1427,300,96416892659216,96416894706275,96416894914823,2255.607,208.548,1,1,96416894705569,209.254
2,1428,300,96416895116910,96416896755115,96416897429438,2312.528,674.323,1,1,96416896753569,675.869
2,1429,300,96416897164289,96416899212668,96416899465107,2300.818,252.439,1,1,96416899211169,253.938
2,1430,300,96416899621451,96416901670641,96416901892729,2271.278,222.088,1,1,96416901668769,223.960
2,1431,300,96416902079085,96416904128504,96416904395563,2316.478,267.059,1,1,96416904126369,269.194
2,1432,300,96416904128504,96416906175163,96416906862596,2734.092,687.433,1,1,96416906174369,688.227
2,1433,300,96416906585557,96416908632636,96416908942157,2356.600,309.521,1,1,96416908631969,310.188
2,1434,300,96416909043220,96416911090319,96416911355089,2311.869,264.770,1,1,96416911089569,265.520
2,1435,300,96416911500653,96416913139299,96416913815551,2314.898,676.252,1,1,96416913137569,677.982
2,1436,300,96416913548322,96416915596841,96416915916433,2368.111,319.592,1,1,96416915595169,321.264
2,1437,300,96416916008196,96416918054245,96416918343435,2335.239,289.190,1,1,96416918052769,290.666
2,1438,300,96416918463108,96416920101554,96416920737666,2274.558,636.112,1,1,96416920100769,636.897
2,1439,300,96416920512277,96416922559117,96416922779554,2267.277,220.437,1,1,96416922558369,221.185
2,1440,300,96416922969961,96416925016740,96416925311970,2342.009,295.230,1,1,96416925015969,296.001
2,1441,300,96416925427384,96416927065739,96416927764313,2336.929,698.574,1,1,96416927063969,700.344
2,1442,300,96416927474293,96416929523062,96416929784711,2310.418,261.649,1,1,96416929521569,263.142
2,1443,300,96416929931846,96416931980805,96416932283446,2351.600,302.641,1,1,96416931979169,304.277
2,1444,300,96416932389479,96416934438348,96416934723818,2334.339,285.470,1,1,96416934436769,287.049
2,1445,300,96416934438348,96416936485477,96416937129219,2690.871,643.742,1,1,96416936484769,644.450
2,1446,300,96416936896172,96416938943101,96416939160838,2264.666,217.737,1,1,96416938942369,218.469
2,1447,300,96416939354044,96416941400633,96416941611310,2257.266,210.677,1,1,96416941399969,211.341
2,1448,300,96416941811778,96416943449982,96416944125116,2313.338,675.134,1,1,96416943447969,677.147
2,1449,300,96416943858307,96416945907196,96416946127864,2269.557,220.668,1,1,96416945905569,222.295
2,1450,300,96416946315890,96416948364999,96416948649489,2333.599,284.490,1,1,96416948363169,286.320
2,1451,300,96416948777023,96416950412018,96416951042740,2265.717,630.722,1,1,96416950411169,631.571
2,1452,300,96416950822392,96416952869461,96416953180672,2358.280,311.211,1,1,96416952868769,311.903
2,1453,300,96416953280005,96416955327084,96416955521141,2241.136,194.057,1,1,96416955326369,194.772
2,1454,300,96416955737648,96416957376083,96416958005265,2267.617,629.182,1,1,96416957374369,630.896
2,1455,300,96416957784598,96416959833717,96416960084235,2299.637,250.518,1,1,96416959831969,252.266
2,1456,300,96416960242400,96416962291169,96416962591750,2349.350,300.581,1,1,96416962289569,302.181
2,1457,300,96416962699914,96416964748883,96416965017082,2317.168,268.199,1,1,96416964747169,269.913
2,1458,300,96416964748883,96416966796012,96416967426103,2677.220,630.091,1,1,96416966795169,630.934
2,1459,300,96416967206456,96416969253455,96416969456992,2250.536,203.537,1,1,96416969252769,204.223
2,1460,300,96416969664349,96416971711068,96416971907675,2243.326,196.607,1,1,96416971710369,197.306
2,1461,300,96416972121622,96416973759997,96416974431870,2310.248,671.873,1,1,96416973758369,673.501
2,1462,300,96416974169011,96416976217810,96416976547021,2378.010,329.211,1,1,96416976215969,331.052
2,1463,300,96416976626295,96416978675104,96416978955723,2329.428,280.619,1,1,96416978673569,282.154
2,1464,300,96416979084087,96416980722403,96416981420606,2336.519,698.203,1,1,96416980721569,699.037
2,1465,300,96416981132936,96416983180065,96416983390702,2257.766,210.637,1,1,96416983179169,211.533
2,1466,300,96416983590440,96416985637439,96416985841305,2250.865,203.866,1,1,96416985636769,204.536
2,1467,300,96416986048172,96416987686438,96416988329129,2280.957,642.691,1,1,96416987684769,644.360
2,1468,300,96416988095202,96416990144371,96416990404310,2309.108,259.939,1,1,96416990142369,261.941
2,1469,300,96416990552655,96416992601824,96416992923755,2371.100,321.931,1,1,96416992599969,323.786
2,1470,300,96416993010488,96416995059127,96416995283094,2272.606,223.967,1,1,96416995057569,225.525
2,1471,300,96416995059127,96416997106386,96416997798630,2739.503,692.244,1,1,96416997105569,693.061
2,1472,300,96416997517200,96416999563840,96416999878420,2361.220,314.580,1,1,96416999563169,315.251
2,1473,300,96416999974353,96417002021382,96417002278851,2304.498,257.469,1,1,96417002020769,258.082
2,1474,300,96417002432267,96417004078972,96417004750135,2317.868,671.163,1,1,96417004068769,681.366
2,1475,300,96417004479096,96417006528395,96417006847456,2368.360,319.061,1,1,96417006526369,321.087
2,1476,300,96417006936718,96417008986208,96417009261237,2324.519,275.029,1,1,96417008983969,277.268
2,1477,300,96417009394772,96417011033107,96417011698189,2303.417,665.082,1,1,96417011031969,666.220
2,1478,300,96417011443631,96417013490370,96417013698087,2254.456,207.717,1,1,96417013489569,208.518
2,1479,300,96417013901084,96417015947853,96417016230412,2329.328,282.559,1,1,96417015947169,283.243
2,1480,300,96417016358727,96417017997372,96417018664555,2305.828,667.183,1,1,96417017995169,669.386
2,1481,300,96417018405577,96417020454756,96417021173589,2768.012,718.833,1,1,96417020452769,720.820
2,1482,300,96417020863589,96417022911968,96417023219219,2355.630,307.251,1,1,96417022910369,308.850
2,1483,300,96417023320652,96417025370002,96417025601770,2281.118,231.768,1,1,96417025367969,233.801
2,1484,300,96417025370002,96417027416691,96417028096014,2726.012,679.323,1,1,96417027415969,680.045
2,1485,300,96417027827284,96417029874324,96417030177064,2349.780,302.740,1,1,96417029873569,303.495
2,1486,300,96417030284858,96417032332187,96417032525703,2240.845,193.516,1,1,96417032331169,194.534
2,1487,300,96417032742561,96417034380866,96417035020168,2277.607,639.302,1,1,96417034379169,640.999
2,1488,300,96417034789480,96417036838399,96417037137450,2347.970,299.051,1,1,96417036836769,300.681
2,1489,300,96417037247132,96417039296003,96417039592222,2345.090,296.219,1,1,96417039294369,297.853
2,1490,300,96417039704656,96417041343092,96417042026984,2322.328,683.892,1,1,96417041342369,684.615
2,1491,300,96417041753705,96417043800594,96417044033982,2280.277,233.388,1,1,96417043799969,234.013
2,1492,300,96417044211008,96417046258238,96417046457664,2246.656,199.426,1,1,96417046257569,200.095
2,1493,300,96417046668931,96417048307147,96417048992260,2323.329,685.113,1,1,96417048305569,686.691
2,1494,300,96417048716091,96417050764800,96417051409512,2693.421,644.712,1,1,96417050763169,646.343
2,1495,300,96417051173843,96417053222533,96417053438440,2264.597,215.907,1,1,96417053220769,217.671
2,1496,300,96417053631037,96417055680146,96417055926844,2295.807,246.698,1,1,96417055678369,248.475
2,1497,300,96417055680146,96417057727065,96417058402478,2722.332,675.413,1,1,96417057726369,676.109
2,1498,300,96417058137958,96417060184718,96417060479659,2341.701,294.941,1,1,96417060183969,295.690
2,1499,300,96417060595362,96417062642261,96417062856968,2261.606,214.707,1,1,96417062641569,215.399
2,1500,300,96417063053015,96417064691500,96417065326882,2273.867,635.382,1,1,96417064689569,637.313
2,1501,300,96417065099894,96417067149094,96417067455964,2356.070,306.870,1,1,96417067147169,308.795
2,1502,300,96417067557517,96417069606546,96417069836385,2278.868,229.839,1,1,96417069604769,231.616
2,1503,300,96417070015120,96417071653596,96417072332178,2317.058,678.582,1,1,96417071652769,679.409
2,1504,300,96417072064209,96417074111138,96417074322196,2257.987,211.058,1,1,96417074110369,211.827
2,1505,300,96417074522103,96417076568702,96417076861612,2339.509,292.910,1,1,96417076567969,293.643
2,1506,300,96417076979505,96417078617721,96417079299614,2320.109,681.893,1,1,96417078615969,683.645
2,1507,300,96417079026234,96417081075405,96417081763268,2737.034,687.863,1,1,96417081073569,689.699
2,1508,300,96417081483928,96417083532857,96417083740764,2256.836,207.907,1,1,96417083531169,209.595
2,1509,300,96417083941641,96417085990990,96417086255059,2313.418,264.069,1,1,96417085988769,266.290
2,1510,300,96417085990990,96417088037449,96417088675690,2684.700,638.241,1,1,96417088036769,638.921
2,1511,300,96417088447873,96417090495173,96417090708539,2260.666,213.366,1,1,96417090494369,214.170
2,1512,300,96417090905576,96417092952755,96417093148072,2242.496,195.317,1,1,96417092951969,196.103
2,1513,300,96417093362990,96417095009845,96417095695128,2332.138,685.283,1,1,96417094999969,695.159
2,1514,300,96417095410249,96417097459248,96417097762648,2352.399,303.400,1,1,96417097457569,305.079
2,1515,300,96417097867831,96417099916770,96417100215351,2347.520,298.581,1,1,96417099915169,300.182
2,1516,300,96417100325715,96417101964180,96417102635153,2309.438,670.973,1,1,96417101963169,671.984
2,1517,300,96417102374364,96417104421563,96417104625630,2251.266,204.067,1,1,96417104420769,204.861
2,1518,300,96417104831997,96417106879136,96417107081573,2249.576,202.437,1,1,96417106878369,203.204
2,1519,300,96417107289720,96417108928075,96417109597788,2308.068,669.713,1,1,96417108926369,671.419
2,1520,300,96417109336769,96417111385669,96417112071552,2734.783,685.883,1,1,96417111383969,687.583
2,1521,300,96417111794352,96417113843201,96417114151912,2357.560,308.711,1,1,96417113841569,310.343
2,1522,300,96417114251906,96417116300835,96417116568204,2316.298,267.369,1,1,96417116299169,269.035
2,1523,300,96417116300835,96417118348254,96417119052107,2751.272,703.853,1,1,96417118347169,704.938
2,1524,300,96417118758527,96417120805487,96417121002423,2243.896,196.936,1,1,96417120804769,197.654
2,1525,300,96417121216051,96417123263210,96417123535019,2318.968,271.809,1,1,96417123262369,272.650
2,1526,300,96417123673663,96417125312089,96417125982822,2309.159,670.733,1,1,96417125310369,672.453
2,1527,300,96417125720683,96417127778372,96417128083023,2362.340,304.651,1,1,96417127767969,315.054
2,1528,300,96417128178336,96417130227245,96417130504234,2325.898,276.989,1,1,96417130225569,278.665
2,1529,300,96417130635889,96417132274255,96417132961688,2325.799,687.433,1,1,96417132273569,688.119
2,1530,300,96417132684878,96417134731857,96417134951015,2266.137,219.158,1,1,96417134731169,219.846
2,1531,300,96417135142432,96417137189621,96417137467489,2325.057,277.868,1,1,96417137188769,278.720
2,1532,300,96417137600354,96417139238210,96417139916802,2316.448,678.592,1,1,96417139236769,680.033
2,1533,300,96417139647203,96417141696082,96417142454188,2806.985,758.106,1,1,96417141694369,759.819
2,1534,300,96417142104787,96417144154156,96417144465146,2360.359,310.990,1,1,96417144151969,313.177
2,1535,300,96417144562230,96417146611399,96417146883048,2320.818,271.649,1,1,96417146609569,273.479
2,1536,300,96417146611399,96417148658268,96417149339901,2728.502,681.633,1,1,96417148657569,682.332
2,1537,300,96417149068942,96417151116011,96417151316618,2247.676,200.607,1,1,96417151115169,201.449
2,1538,300,96417151526725,96417153573524,96417153849134,2322.409,275.610,1,1,96417153572769,276.365
2,1539,300,96417153984248,96417155622503,96417156333117,2348.869,710.614,1,1,96417155620769,712.348
2,1540,300,96417156031088,96417158080577,96417158394107,2363.019,313.530,1,1,96417158078369,315.738
2,1541,300,96417158488610,96417160537539,96417160819359,2330.749,281.820,1,1,96417160535969,283.390
2,1542,300,96417160946293,96417162584789,96417163268772,2322.479,683.983,1,1,96417162583969,684.803
2,1543,300,96417162995143,96417165042252,96417165356872,2361.729,314.620,1,1,96417165041569,315.303
2,1544,300,96417165452846,96417167499905,96417167695601,2242.755,195.696,1,1,96417167499169,196.432
2,1545,300,96417167910349,96417169549004,96417170219337,2308.988,670.333,1,1,96417169547169,672.168
2,1546,300,96417169957828,96417172011637,96417172687590,2729.762,675.953,1,1,96417172004769,682.821
2,1547,300,96417172415171,96417174464030,96417174787242,2372.071,323.212,1,1,96417174462369,324.873
2,1548,300,96417174872624,96417176921554,96417177154241,2281.617,232.687,1,1,96417176919969,234.272
2,1549,300,96417176921554,96417178968703,96417179650015,2728.461,681.312,1,1,96417178967969,682.046
2,1550,300,96417179379706,96417181426265,96417181724895,2345.189,298.630,1,1,96417181425569,299.326
2,1551,300,96417181836840,96417183883909,96417184073745,2236.905,189.836,1,1,96417183883169,190.576
2,1552,300,96417184294332,96417185933138,96417186574349,2280.017,641.211,1,1,96417185931169,643.180
2,1553,300,96417186341822,96417188390341,96417188709291,2367.469,318.950,1,1,96417188388769,320.522
2,1554,300,96417188799234,96417190848354,96417191143154,2343.920,294.800,1,1,96417190846369,296.785
2,1555,300,96417191256728,96417192895063,96417193602737,2346.009,707.674,1,1,96417192894369,708.368
2,1556,300,96417193305517,96417195352716,96417195663976,2358.459,311.260,1,1,96417195351969,312.007
2,1557,300,96417195763580,96417197810290,96417198094419,2330.839,284.129,1,1,96417197809569,284.850
2,1558,300,96417198220893,96417199859129,96417200489060,2268.167,629.931,1,1,96417199857569,631.491
2,1559,300,96417200267932,96417202317111,96417203080627,2812.695,763.516,1,1,96417202315169,765.458
2,1560,300,96417202725566,96417204777505,96417205079884,2354.318,302.379,1,1,96417204772769,307.115
2,1561,300,96417205183238,96417207232108,96417207517007,2333.769,284.899,1,1,96417207230369,286.638
2,1562,300,96417207232108,96417209279007,96417209959150,2727.042,680.143,1,1,96417209278369,680.781
2,1563,300,96417209689481,96417211736669,96417212045361,2355.880,308.692,1,1,96417211735969,309.392
2,1564,300,96417212147784,96417214194363,96417214456551,2308.767,262.188,1,1,96417214193569,262.982
2,1565,300,96417214605106,96417216243262,96417216926295,2321.189,683.033,1,1,96417216241569,684.726
2,1566,300,96417216651866,96417218701146,96417219010276,2358.410,309.130,1,1,96417218699169,311.107
2,1567,300,96417219109439,96417221158628,96417221453388,2343.949,294.760,1,1,96417221156769,296.619
2,1568,300,96417221567152,96417223205447,96417223903221,2336.069,697.774,1,1,96417223204769,698.452
2,1569,300,96417223616042,96417225663090,96417225872738,2256.696,209.648,1,1,96417225662369,210.369
2,1570,300,96417226073544,96417228120724,96417228316920,2243.376,196.196,1,1,96417228119969,196.951
2,1571,300,96417228531527,96417230169863,96417230852556,2321.029,682.693,1,1,96417230167969,684.587
2,1572,300,96417230578426,96417232627296,96417233309819,2731.393,682.523,1,1,96417232625569,684.250
2,1573,300,96417233035810,96417235085119,96417235390789,2354.979,305.670,1,1,96417235083169,307.620
2,1574,300,96417235493542,96417237542392,96417237761669,2268.127,219.277,1,1,96417237540769,220.900
2,1575,300,96417237542392,96417239589411,96417240272364,2729.972,682.953,1,1,96417239588769,683.595
2,1576,300,96417240000085,96417242047054,96417242247751,2247.666,200.697,1,1,96417242046369,201.382
2,1577,300,96417242457628,96417244504707,96417244782467,2324.839,277.760,1,1,96417244503969,278.498
2,1578,300,96417244915301,96417246553747,96417247232090,2316.789,678.343,1,1,96417246551969,680.121
2,1579,300,96417246962360,96417249011740,96417249330700,2368.340,318.960,1,1,96417249009569,321.131
2,1580,300,96417249419943,96417251469372,96417251731682,2311.739,262.310,1,1,96417251467169,264.513
2,1581,300,96417251877617,96417253515971,96417254190884,2313.267,674.913,1,1,96417253515169,675.715
2,1582,300,96417253926336,96417255973565,96417256185982,2259.646,212.417,1,1,96417255972769,213.213
2,1583,300,96417256384348,96417258431528,96417258621094,2236.746,189.566,1,1,96417258430369,190.725
2,1584,300,96417258842022,96417260480228,96417261169381,2327.359,689.153,1,1,96417260478369,691.012
2,1585,300,96417260888721,96417262938080,96417263696816,2808.095,758.736,1,1,96417262935969,760.847
2,1586,300,96417263346244,96417265395323,96417265701353,2355.109,306.030,1,1,96417265393569,307.784
2,1587,300,96417265803837,96417267853056,96417268127665,2323.828,274.609,1,1,96417267851169,276.496
2,1588,300,96417267853056,96417269899846,96417270579028,2725.972,679.182,1,1,96417269899169,679.859
2,1589,300,96417270310249,96417272357508,96417272556166,2245.917,198.658,1,1,96417272356769,199.397
2,1590,300,96417272773782,96417274815102,96417275005918,2232.136,190.816,1,1,96417274814369,191.549
2,1591,300,96417275226145,96417276864171,96417277544193,2318.048,680.022,1,1,96417276862369,681.824
2,1592,300,96417277272814,96417279321994,96417279632435,2359.621,310.441,1,1,96417279319969,312.466
2,1593,300,96417279730268,96417281781547,96417282077087,2346.819,295.540,1,1,96417281777569,299.518
2,1594,300,96417282187881,96417283826526,96417284516809,2328.928,690.283,1,1,96417283825569,691.240
2,1595,300,96417284237250,96417286283909,96417286494326,2257.076,210.417,1,1,96417286283169,211.157
2,1596,300,96417286694613,96417288741473,96417289037082,2342.469,295.609,1,1,96417288740769,296.313
2,1597,300,96417289152626,96417290790802,96417291461755,2309.129,670.953,1,1,96417290788769,672.986
2,1598,300,96417291199145,96417293248044,96417293937198,2738.053,689.154,1,1,96417293246369,690.829
2,1599,300,96417293656729,96417295705748,96417296030968,2374.239,325.220,1,1,96417295703969,326.999
2,1600,300,96417296114461,96417298163230,96417298423910,2309.449,260.680,1,1,96417298161569,262.341
2,1601,300,96417298163230,96417300210450,96417300938115,2774.885,727.665,1,1,96417300209569,728.546
2,1602,300,96417300621014,96417302667903,96417302870670,2249.656,202.767,1,1,96417302667169,203.501
2,1603,300,96417303078477,96417305125566,96417305394765,2316.288,269.199,1,1,96417305124769,269.996
2,1604,300,96417305536030,96417307174585,96417307855808,2319.778,681.223,1,1,96417307172769,683.039
2,1605,300,96417307583109,96417309632028,96417309938699,2355.590,306.671,1,1,96417309630369,308.330
2,1606,300,96417310040772,96417312089691,96417312322569,2281.797,232.878,1,1,96417312087969,234.600
2,1607,300,96417312498316,96417314136740,96417314826403,2328.087,689.663,1,1,96417314135969,690.434
2,1608,300,96417314547185,96417316594344,96417316813551,2266.366,219.207,1,1,96417316593569,219.982
2,1609,300,96417317009988,96417319051926,96417319260194,2250.206,208.268,1,1,96417319051169,209.025
2,1610,300,96417319462321,96417321100806,96417321786009,2323.688,685.203,1,1,96417321099169,686.840
2,1611,300,96417321509410,96417323558339,96417324267363,2757.953,709.024,1,1,96417323556769,710.594
2,1612,300,96417323967353,96417326016102,96417326323122,2355.769,307.020,1,1,96417326014369,308.753
2,1613,300,96417326424846,96417328473835,96417328702212,2277.366,228.377,1,1,96417328471969,230.243
2,1614,300,96417328473835,96417330520665,96417331189437,2715.602,668.772,1,1,96417330519969,669.468
2,1615,300,96417330931598,96417332978367,96417333167164,2235.566,188.797,1,1,96417332977569,189.595
2,1616,300,96417333389072,96417335435861,96417335632757,2243.685,196.896,1,1,96417335435169,197.588
2,1617,300,96417335846664,96417337484850,96417338124411,2277.747,639.561,1,1,96417337483169,641.242
2,1618,300,96417337893503,96417339942382,96417340247123,2353.620,304.741,1,1,96417339940769,306.354
2,1619,300,96417340351107,96417342399926,96417342702146,2351.039,302.220,1,1,96417342398369,303.777
2,1620,300,96417342808740,96417344447055,96417345133218,2324.478,686.163,1,1,96417344446369,686.849
2,1621,300,96417344857849,96417346904638,96417347209058,2351.209,304.420,1,1,96417346903969,305.089
2,1622,300,96417347315192,96417349362281,96417349555637,2240.445,193.356,1,1,96417349361569,194.068
2,1623,300,96417349777975,96417351411521,96417352083693,2305.718,672.172,1,1,96417351409569,674.124
2,1624,300,96417351820044,96417353868753,96417354504015,2683.971,635.262,1,1,96417353867169,636.846
2,1625,300,96417354277578,96417356326427,96417356536344,2258.766,209.917,1,1,96417356324769,211.575
2,1626,300,96417356735140,96417358784039,96417359055548,2320.408,271.509,1,1,96417358782369,273.179
2,1627,300,96417358784039,96417360831119,96417361474791,2690.752,643.672,1,1,96417360830369,644.422
2,1628,300,96417361241873,96417363288712,96417363489419,2247.546,200.707,1,1,96417363287969,201.450
2,1629,300,96417363699285,96417365746195,96417365950002,2250.717,203.807,1,1,96417365745569,204.433
2,1630,300,96417366156848,96417367795244,96417368444146,2287.298,648.902,1,1,96417367793569,650.577
2,1631,300,96417368203917,96417370252767,96417370557437,2353.520,304.670,1,1,96417370251169,306.268
2,1632,300,96417370661451,96417372710360,96417373016950,2355.499,306.590,1,1,96417372708769,308.181
2,1633,300,96417373119173,96417374757659,96417375465513,2346.340,707.854,1,1,96417374756769,708.744
2,1634,300,96417375168114,96417377215273,96417377518392,2350.278,303.119,1,1,96417377214369,304.023
2,1635,300,96417377625636,96417379672665,96417379969425,2343.789,296.760,1,1,96417379671969,297.456
2,1636,300,96417380083370,96417381721604,96417382402688,2319.318,681.084,1,1,96417381719969,682.719
2,1637,300,96417382130378,96417384179358,96417384993705,2863.327,814.347,1,1,96417384177569,816.136
2,1638,300,96417384587912,96417386636771,96417386950052,2362.140,313.281,1,1,96417386635169,314.883
2,1639,300,96417387045914,96417389095014,96417389356573,2310.659,261.559,1,1,96417389092769,263.804
2,1640,300,96417389095014,96417391141512,96417391833636,2738.622,692.124,1,1,96417391140769,692.867
2,1641,300,96417391551927,96417393599226,96417393825413,2273.486,226.187,1,1,96417393598369,227.044
2,1642,300,96417394011560,96417396056729,96417396317118,2305.558,260.389,1,1,96417396055969,261.149
2,1643,300,96417396467153,96417398105639,96417398784001,2316.848,678.362,1,1,96417398103969,680.032
2,1644,300,96417398514332,96417400563571,96417400877902,2363.570,314.331,1,1,96417400561569,316.333
2,1645,300,96417400971925,96417403021205,96417403299504,2327.579,278.299,1,1,96417403019169,280.335
2,1646,300,96417403429558,96417405068013,96417405755437,2325.879,687.424,1,1,96417405067169,688.268
2,1647,300,96417405478778,96417407525607,96417407853778,2375.000,328.171,1,1,96417407524769,329.009
2,1648,300,96417407936330,96417409983079,96417410182137,2245.807,199.058,1,1,96417409982369,199.768
2,1649,300,96417410393704,96417412032249,96417412704401,2310.697,672.152,1,1,96417412030369,674.032
2,1650,300,96417412440873,96417414489542,96417415170236,2729.363,680.694,1,1,96417414487969,682.267
2,1651,300,96417414898295,96417416947555,96417417248995,2350.700,301.440,1,1,96417416945569,303.426
2,1652,300,96417417355889,96417419404978,96417419628995,2273.106,224.017,1,1,96417419403169,225.826
2,1653,300,96417419404978,96417421451847,96417422153321,2748.343,701.474,1,1,96417421451169,702.152
2,1654,300,96417421862671,96417423909470,96417424200590,2337.919,291.120,1,1,96417423908769,291.821
2,1655,300,96417424319914,96417426367144,96417426561160,2241.246,194.016,1,1,96417426366369,194.791
2,1656,300,96417426778237,96417428416053,96417429100546,2322.309,684.493,1,1,96417428414369,686.177
2,1657,300,96417428824846,96417430873625,96417431136545,2311.699,262.920,1,1,96417430871969,264.576
2,1658,300,96417431282320,96417433331009,96417433554656,2272.336,223.647,1,1,96417433329569,225.087
2,1659,300,96417433739822,96417435378368,96417436085692,2345.870,707.324,1,1,96417435377569,708.123
2,1660,300,96417435788741,96417437836011,96417438054958,2266.217,218.947,1,1,96417437835169,219.789
2,1661,300,96417438246505,96417440293464,96417440594314,2347.809,300.850,1,1,96417440292769,301.545
2,1662,300,96417440704078,96417442342403,96417443046757,2342.679,704.354,1,1,96417442340769,705.988
2,1663,300,96417442751087,96417444800116,96417445527681,2776.594,727.565,1,1,96417444798369,729.312
2,1664,300,96417445208640,96417447257530,96417447557629,2348.989,300.099,1,1,96417447255969,301.660
2,1665,300,96417447666553,96417449715382,96417449955751,2289.198,240.369,1,1,96417449713569,242.182
2,1666,300,96417449715382,96417451762281,96417452399023,2683.641,636.742,1,1,96417451761569,637.454
2,1667,300,96417452172976,96417454219865,96417454425542,2252.566,205.677,1,1,96417454219169,206.373
2,1668,300,96417454630598,96417456677518,96417456954227,2323.629,276.709,1,1,96417456676769,277.458
2,1669,300,96417457088082,96417458726467,96417459364138,2276.056,637.671,1,1,96417458724769,639.369
2,1670,300,96417459135461,96417461184170,96417461489861,2354.400,305.691,1,1,96417461182369,307.492
2,1671,300,96417461592764,96417463641563,96417463939814,2347.050,298.251,1,1,96417463639969,299.845
2,1672,300,96417464050387,96417465688712,96417466361115,2310.728,672.403,1,1,96417465687969,673.146
2,1673,300,96417466099906,96417468146256,96417468454316,2354.410,308.060,1,1,96417468145569,308.747
2,1674,300,96417468556729,96417470603808,96417470899818,2343.089,296.010,1,1,96417470603169,296.649
2,1675,300,96417471014633,96417472653177,96417473327620,2312.987,674.443,1,1,96417472651169,676.451
2,1676,300,96417473061492,96417475110441,96417475740052,2678.560,629.611,1,1,96417475108769,631.283
2,1677,300,96417475519094,96417477568253,96417477890335,2371.241,322.082,1,1,96417477566369,323.966
2,1678,300,96417477976718,96417480025687,96417480294156,2317.438,268.469,1,1,96417480023969,270.187
2,1679,300,96417480025687,96417482072726,96417482713988,2688.301,641.262,1,1,96417482071969,642.019
2,1680,300,96417482483380,96417484530319,96417484841190,2357.810,310.871,1,1,96417484529569,311.621
2,1681,300,96417484940803,96417486987882,96417487182589,2241.786,194.707,1,1,96417486987169,195.420
2,1682,300,96417487398646,96417489037092,96417489713554,2314.908,676.462,1,1,96417489035169,678.385
2,1683,300,96417489445535,96417491494494,96417491820826,2375.291,326.332,1,1,96417491492769,328.057
2,1684,300,96417491903159,96417493952448,96417494250018,2346.859,297.570,1,1,96417493950369,299.649
2,1685,300,96417494360841,96417495999067,96417496684690,2323.849,685.623,1,1,96417495998369,686.321
2,1686,300,96417496409820,96417498456710,96417498674407,2264.587,217.697,1,1,96417498455969,218.438
2,1687,300,96417498867234,96417500914263,96417501209683,2342.449,295.420,1,1,96417500913569,296.114
2,1688,300,96417501324917,96417502963102,96417503641715,2316.798,678.613,1,1,96417502961569,680.146
2,1689,300,96417503371946,96417505424126,96417506250053,2878.107,825.927,1,1,96417505419169,830.884
2,1690,300,96417505829449,96417507878358,96417508191439,2361.990,313.081,1,1,96417507876769,314.670
2,1691,300,96417508287132,96417510336661,96417510602550,2315.418,265.889,1,1,96417510334369,268.181
2,1692,300,96417510744875,96417512383210,96417513065364,2320.489,682.154,1,1,96417512382369,682.995
2,1693,300,96417512793455,96417514840704,96417515050261,2256.806,209.557,1,1,96417514839969,210.292
2,1694,300,96417515251237,96417517298386,96417517566596,2315.359,268.210,1,1,96417517297569,269.027
2,1695,300,96417517708891,96417519347206,96417519992238,2283.347,645.032,1,1,96417519345569,646.669
2,1696,300,96417519755960,96417521805039,96417522126630,2370.670,321.591,1,1,96417521803169,323.461
2,1697,300,96417522213463,96417524262402,96417524555532,2342.069,293.130,1,1,96417524260769,294.763
2,1698,300,96417524671335,96417526309581,96417526999894,2328.559,690.313,1,1,96417526308769,691.125
2,1699,300,96417526720115,96417528767365,96417529098886,2378.771,331.521,1,1,96417528766369,332.517
2,1700,300,96417529177578,96417531224807,96417531419304,2241.726,194.497,1,1,96417531223969,195.335
2,1701,300,96417531635221,96417533273576,96417533967970,2332.749,694.394,1,1,96417533271969,696.001
2,1702,300,96417533682261,96417535731300,96417536418063,2735.802,686.763,1,1,96417535729569,688.494
2,1703,300,96417536140103,96417538189002,96417538497713,2357.610,308.711,1,1,96417538187169,310.544
2,1704,300,96417538597466,96417540646306,96417540922265,2324.799,275.959,1,1,96417540644769,277.496
2,1705,300,96417541055149,96417542693524,96417543375148,2319.999,681.624,1,1,96417542692769,682.379
2,1706,300,96417543104099,96417545151238,96417545453988,2349.889,302.750,1,1,96417545150369,303.619
2,1707,300,96417545561841,96417547608710,96417547895951,2334.110,287.241,1,1,96417547607969,287.982
2,1708,300,96417548019315,96417549657560,96417550324563,2305.248,667.003,1,1,96417549655969,668.594
2,1709,300,96417550066254,96417552115163,96417552324140,2257.886,208.977,1,1,96417552113569,210.571
2,1710,300,96417552523987,96417554572757,96417554889697,2365.710,316.940,1,1,96417554571169,318.528
2,1711,300,96417554981420,96417556619945,96417557295119,2313.699,675.174,1,1,96417556619169,675.950
2,1712,300,96417557030499,96417559077618,96417559286165,2255.666,208.547,1,1,96417559076769,209.396
2,1713,300,96417559488022,96417561535171,96417561836242,2348.220,301.071,1,1,96417561534369,301.873
2,1714,300,96417561946285,96417563584081,96417564266604,2320.319,682.523,1,1,96417563582369,684.235
3,0,300,96413565275736,96413566297750,96413566506647,1230.911,208.897,1,1,96413566295969,210.678
3,1,300,96413566501637,96413567321045,96413567762080,1260.443,441.035,1,1,96413567319969,442.111
3,2,300,96413567527812,96413568549746,96413568791035,1263.223,241.289,1,1,96413568548769,242.266
3,3,300,96413568754993,96413569778258,96413569964935,1209.942,186.677,1,1,96413569777569,187.366
3,4,300,96413569985555,96413571010380,96413571252908,1267.353,242.528,1,1,96413571006369,246.539
3,5,300,96413571010380,96413572031634,96413572432078,1421.698,400.444,1,1,96413572030369,401.709
3,6,300,96413572235841,96413573262386,96413573480613,1244.772,218.227,1,1,96413573259169,221.444
3,7,300,96413573464822,96413574489237,96413574672424,1207.602,183.187,1,1,96413574487969,184.455
3,8,300,96413574693414,96413575512632,96413575996588,1303.174,483.956,1,1,96413575511969,484.619
3,9,300,96413575719119,96413576741583,96413576975721,1256.602,234.138,1,1,96413576740769,234.952
3,10,300,96413576946900,96413577970305,96413578167242,1220.342,196.937,1,1,96413577969569,197.673
3,11,300,96413578176791,96413578995799,96413579491376,1314.585,495.577,1,1,96413578993569,497.807
3,12,300,96413579199126,96413580223531,96413580430258,1231.132,206.727,1,1,96413580222369,207.889
3,13,300,96413580428058,96413581453493,96413581657089,1229.031,203.596,1,1,96413581451169,205.920
3,14,300,96413581656729,96413582475917,96413582896811,1240.082,420.894,1,1,96413582475169,421.642
3,15,300,96413582680954,96413583705028,96413584004929,1323.975,299.901,1,1,96413583703969,300.960
3,16,300,96413583911905,96413584933850,96413585235200,1323.295,301.350,1,1,96413584932769,302.431
3,17,300,96413585139027,96413586162502,96413586344798,1205.771,182.296,1,1,96413586161569,183.229
3,18,300,96413586162502,96413587188336,96413587575859,1413.357,387.523,1,1,96413587185569,390.290
3,19,300,96413587391193,96413588415858,96413588634445,1243.252,218.587,1,1,96413588414369,220.076
3,20,300,96413588619934,96413589646539,96413589903178,1283.244,256.639,1,1,96413589643169,260.009
3,21,300,96413589848656,96413590668014,96413591045297,1196.641,377.283,1,1,96413590667169,378.128
3,22,300,96413590874011,96413591896736,96413592094742,1220.731,198.006,1,1,96413591895969,198.773
3,23,300,96413592103462,96413593125537,96413593326424,1222.962,200.887,1,1,96413593124769,201.655
3,24,300,96413593330794,96413594150151,96413594529284,1198.490,379.133,1,1,96413594148769,380.515
3,25,300,96413594354358,96413595380473,96413595572949,1218.591,192.476,1,1,96413595377569,195.380
3,26,300,96413595583080,96413596607765,96413596905615,1322.535,297.850,1,1,96413596606369,299.246
3,27,300,96413596812912,96413597631079,96413598138677,1325.765,507.598,1,1,96413597630369,508.308
3,28,300,96413597838316,96413598859931,96413599197122,1358.806,337.191,1,1,96413598859169,337.953
3,29,300,96413599065367,96413600089192,96413600334261,1268.894,245.069,1,1,96413600087969,246.292
3,30,300,96413600295750,96413601317424,96413601572353,1276.603,254.929,1,1,96413601316769,255.584
3,31,300,96413601317424,96413602368440,96413602797244,1479.820,428.804,1,1,96413602340769,456.475
3,32,300,96413602546565,96413603571630,96413603848389,1301.824,276.759,1,1,96413603569569,278.820
3,33,300,96413603775166,96413604799751,96413605001318,1226.152,201.567,1,1,96413604798369,202.949
3,34,300,96413605011738,96413605823237,96413606214289,1202.551,391.052,1,1,96413605822369,391.920
3,35,300,96413606029423,96413607051878,96413607267005,1237.582,215.127,1,1,96413607051169,215.836
3,36,300,96413607257235,96413608280789,96413608472226,1214.991,191.437,1,1,96413608279969,192.257
3,37,300,96413608487166,96413609306304,96413609709488,1222.322,403.184,1,1,96413609303969,405.519
3,38,300,96413609509490,96413610534135,96413610745712,1236.222,211.577,1,1,96413610532769,212.943
3,39,300,96413610738342,96413611765557,96413611987124,1248.782,221.567,1,1,96413611761569,225.555
3,40,300,96413611967194,96413612786322,96413613183985,1216.791,397.663,1,1,96413612785569,398.416
3,41,300,96413612992168,96413614015263,96413614232911,1240.743,217.648,1,1,96413614014369,218.542
3,42,300,96413614222750,96413615243954,96413615472263,1249.513,228.309,1,1,96413615243169,229.094
3,43,300,96413615449632,96413616473156,96413616668882,1219.250,195.726,1,1,96413616471969,196.913
3,44,300,96413616473156,96413617498361,96413617914645,1441.489,416.284,1,1,96413617495969,418.676
3,45,300,96413617701527,96413618726422,96413618928739,1227.212,202.317,1,1,96413618724769,203.970
3,46,300,96413618930429,96413619956143,96413620170931,1240.502,214.788,1,1,96413619953569,217.362
3,47,300,96413620159261,96413620978328,96413621364771,1205.510,386.443,1,1,96413620977569,387.202
3,48,300,96413621183695,96413622207040,96413622403886,1220.191,196.846,1,1,96413622206369,197.517
3,49,300,96413622413427,96413623436001,96413623639948,1226.521,203.947,1,1,96413623435169,204.779
3,50,300,96413623641288,96413624460456,96413624848639,1207.351,388.183,1,1,96413624459169,389.470
3,51,300,96413624664762,96413625690487,96413625902084,1237.322,211.597,1,1,96413625687969,214.115
3,52,300,96413625893595,96413626918149,96413627115385,1221.790,197.236,1,1,96413626916769,198.616
3,53,300,96413627122466,96413627941444,96413628350357,1227.891,408.913,1,1,96413627940769,409.588
3,54,300,96413628147861,96413629170465,96413629417353,1269.492,246.888,1,1,96413629169569,247.784
3,55,300,96413629376022,96413630399096,96413630595553,1219.531,196.457,1,1,96413630398369,197.184
3,56,300,96413630605244,96413631627988,96413631882527,1277.283,254.539,1,1,96413631627168,255.359
3,57,300,96413631627988,96413632652553,96413634597379,2969.391,1944.826,1,1,96413632651169,1946.210
3,58,300,96413634176484,96413634188164,96413634662841,486.357,474.677,1,1,96413633879969,782.872
3,59,300,96413634189394,96413635110535,96413635415546,1226.152,305.011,1,1,96413635108769,306.777
3,60,300,96413635314293,96413637071252,96413637386823,2072.530,315.571,1,1,96413636132769,1254.054
3,61,300,96413637073343,96413637362562,96413637693473,620.130,330.911,1,1,96413637361569,331.904
3,62,300,96413637567759,96413638591113,96413638799080,1231.321,207.967,1,1,96413638590369,208.711
3,63,300,96413638797880,96413639617368,96413640076294,1278.414,458.926,1,1,96413639614369,461.925
3,64,300,96413639819975,96413640844499,96413641055506,1235.531,211.007,1,1,96413640843169,212.337
3,65,300,96413641048757,96413642075072,96413642269858,1221.101,194.786,1,1,96413642071969,197.889
3,66,300,96413642277618,96413643096816,96413643507739,1230.121,410.923,1,1,96413643095969,411.770
3,67,300,96413643302143,96413644325567,96413644532414,1230.271,206.847,1,1,96413644324769,207.645
3,68,300,96413644532614,96413645554418,96413645798317,1265.703,243.899,1,1,96413645553569,244.748
3,69,300,96413645759936,96413646783091,96413646966367,1206.431,183.276,1,1,96413646782369,183.998
3,70,300,96413646783091,96413647809155,96413648170317,1387.226,361.162,1,1,96413647806369,363.948
3,71,300,96413648011912,96413649095908,96413649295946,1284.034,200.038,1,1,96413649035169,260.777
3,72,300,96413649240723,96413650266648,96413650513126,1272.403,246.478,1,1,96413650263969,249.157
3,73,300,96413650469975,96413651289502,96413651707126,1237.151,417.624,1,1,96413651287969,419.157
3,74,300,96413651500299,96413652517514,96413652719731,1219.432,202.217,1,1,96413652516769,202.962
3,75,300,96413652724491,96413653746546,96413653962093,1237.602,215.547,1,1,96413653745569,216.524
3,76,300,96413653951852,96413654778211,96413655148733,1196.881,370.522,1,1,96413654769569,379.164
3,77,300,96413654975197,96413656044803,96413656244060,1268.863,199.257,1,1,96413655998369,245.691
3,78,300,96413656204079,96413657228574,96413657500193,1296.114,271.619,1,1,96413657227169,273.024
3,79,300,96413657432890,96413658252268,96413658725634,1292.744,473.366,1,1,96413658251169,474.465
3,80,300,96413658459255,96413659480969,96413659734578,1275.323,253.609,1,1,96413659479969,254.609
3,81,300,96413659687176,96413660709571,96413660937428,1250.252,227.857,1,1,96413660708769,228.659
3,82,300,96413660982770,96413661938313,96413662160830,1178.060,222.517,1,1,96413661937569,223.261
3,83,300,96413661938313,96413663031669,96413663427683,1489.370,396.014,1,1,96413662961569,466.114
3,84,300,96413663167294,96413664194599,96413664503169,1335.875,308.570,1,1,96413664190369,312.800
3,85,300,96413664395975,96413665421930,96413665654838,1258.863,232.908,1,1,96413665419169,235.669
3,86,300,96413665624688,96413666443974,96413666895690,1271.002,451.716,1,1,96413666443169,452.521
3,87,300,96413666651741,96413667672587,96413667916725,1264.984,244.138,1,1,96413667671969,244.756
3,88,300,96413667985007,96413668901548,96413669177377,1192.370,275.829,1,1,96413668900769,276.608
3,89,300,96413669109425,96413669929053,96413670336276,1226.851,407.223,1,1,96413669924769,411.507
3,90,300,96413670130409,96413671156324,96413671427803,1297.394,271.479,1,1,96413671153569,274.234
3,91,300,96413671359271,96413672386376,96413672627234,1267.963,240.858,1,1,96413672382369,244.865
3,92,300,96413672587943,96413673407430,96413673845055,1257.112,437.625,1,1,96413673406369,438.686
3,93,300,96413673613867,96413674636012,96413674885250,1271.383,249.238,1,1,96413674635169,250.081
3,94,300,96413674844149,96413675864733,96413676102941,1258.792,238.208,1,1,96413675863969,238.972
3,95,300,96413676071580,96413677093865,96413677324063,1252.483,230.198,1,1,96413677092769,231.294
3,96,300,96413677093865,96413678121000,96413678551154,1457.289,430.154,1,1,96413678116769,434.385
3,97,300,96413678322276,96413679348461,96413679600880,1278.604,252.419,1,1,96413679345569,255.311
3,98,300,96413679551127,96413680577942,96413680825270,1274.143,247.328,1,1,96413680574369,250.901
3,99,300,96413680779860,96413681599217,96413682029872,1250.012,430.655,1,1,96413681598369,431.503
3,100,300,96413681805894,96413682828639,96413683107668,1301.774,279.029,1,1,96413682827169,280.499
3,101,300,96413683105457,96413684056750,96413684289718,1184.261,232.968,1,1,96413684055969,233.749
3,102,300,96413684263347,96413685083475,96413685515619,1252.272,432.144,1,1,96413685079969,435.650
3,103,300,96413685297002,96413686312406,96413686554635,1257.633,242.229,1,1,96413686308769,245.866
3,104,300,96413686514353,96413687540508,96413687785856,1271.503,245.348,1,1,96413687537569,248.287
3,105,300,96413687743245,96413688562433,96413689022388,1279.143,459.955,1,1,96413688561569,460.819
3,106,300,96413688777149,96413689791824,96413690065043,1287.894,273.219,1,1,96413689790369,274.674
3,107,300,96413689998681,96413691065587,96413691293084,1294.403,227.497,1,1,96413691019169,273.915
3,108,300,96413691228632,96413692250447,96413692522066,1293.434,271.619,1,1,96413692247969,274.097
3,109,300,96413692250447,96413693276062,96413693735648,1485.201,459.586,1,1,96413693271969,463.679
3,110,300,96413693478969,96413694513013,96413694732451,1253.482,219.438,1,1,96413694500769,231.682
3,111,300,96413694707630,96413695733474,96413695984563,1276.933,251.089,1,1,96413695729569,254.994
3,112,300,96413695936031,96413696755319,96413697163893,1227.862,408.574,1,1,96413696753569,410.324
3,113,300,96413696967206,96413697983781,96413698267680,1300.474,283.899,1,1,96413697982369,285.311
3,114,300,96413698190888,96413699212812,96413699429310,1238.422,216.498,1,1,96413699211169,218.141
3,115,300,96413699424430,96413700242657,96413700720613,1296.183,477.956,1,1,96413700235169,485.444
3,116,300,96413700442054,96413701467378,96413701710797,1268.743,243.419,1,1,96413701463969,246.828
3,117,300,96413701670645,96413702700740,96413702955559,1284.914,254.819,1,1,96413702692769,262.790
3,118,300,96413702899627,96413703718855,96413704151999,1252.372,433.144,1,1,96413703716769,435.230
3,119,300,96413703926202,96413704947506,96413705198134,1271.932,250.628,1,1,96413704945569,252.565
3,120,300,96413705157743,96413706176237,96413706496628,1338.885,320.391,1,1,96413706174369,322.259
3,121,300,96413706382634,96413707405000,96413707650588,1267.954,245.588,1,1,96413707403169,247.419
3,122,300,96413707405000,96413708432953,96413708869989,1464.989,437.036,1,1,96413708427169,442.820
3,123,300,96413708633251,96413709659735,96413709920274,1287.023,260.539,1,1,96413709655969,264.305
3,124,300,96413709862042,96413710890007,96413711178516,1316.474,288.509,1,1,96413710884769,293.747
3,125,300,96413711090353,96413711909521,96413712376167,1285.814,466.646,1,1,96413711908769,467.398
3,126,300,96413712116508,96413713138423,96413713431383,1314.875,292.960,1,1,96413713137569,293.814
3,127,300,96413713346800,96413714367274,96413714604173,1257.373,236.899,1,1,96413714366369,237.804
3,128,300,96413714573911,96413715392989,96413715825173,1251.262,432.184,1,1,96413715390369,434.804
3,129,300,96413715595916,96413716623481,96413716911080,1315.164,287.599,1,1,96413716619169,291.911
3,130,300,96413716824658,96413717850633,96413718070619,1245.961,219.986,1,1,96413717847969,222.650
3,131,300,96413718053669,96413718872797,96413719335153,1281.484,462.356,1,1,96413718871969,463.184
3,132,300,96413719081414,96413720101718,96413720328986,1247.572,227.268,1,1,96413720100769,228.217
3,133,300,96413720307915,96413721330209,96413721526476,1218.561,196.267,1,1,96413721329569,196.907
3,134,300,96413721538086,96413722559262,96413722756168,1218.082,196.906,1,1,96413722558369,197.799
3,135,300,96413722559262,96413723584746,96413724041652,1482.390,456.906,1,1,96413723582369,459.283
3,136,300,96413723787953,96413724813978,96413725074256,1286.303,260.278,1,1,96413724811169,263.087
3,137,300,96413725016864,96413726041539,96413726233965,1217.101,192.426,1,1,96413726039969,193.996
3,138,300,96413726245505,96413727064693,96413727493628,1248.123,428.935,1,1,96413727063969,429.659
3,139,300,96413727271820,96413728293665,96413728522953,1251.133,229.288,1,1,96413728292769,230.184
3,140,300,96413728498912,96413729522287,96413729763894,1264.982,241.607,1,1,96413729521569,242.325
3,141,300,96413729728954,96413730548381,96413730940494,1211.540,392.113,1,1,96413730545569,394.925
3,142,300,96413730751118,96413731779383,96413731998041,1246.923,218.658,1,1,96413731774369,223.672
3,143,300,96413731979849,96413733010124,96413733225332,1245.483,215.208,1,1,96413733003169,222.163
3,144,300,96413733208721,96413734028039,96413734422892,1214.171,394.853,1,1,96413734027169,395.723
3,145,300,96413734233246,96413735256670,96413735459707,1226.461,203.037,1,1,96413735255969,203.738
3,146,300,96413735463217,96413736485422,96413736726930,1263.713,241.508,1,1,96413736484769,242.161
3,147,300,96413736690758,96413737714254,96413737910890,1220.132,196.636,1,1,96413737713569,197.321
3,148,300,96413737714254,96413738740579,96413739236185,1521.931,495.606,1,1,96413738737569,498.616
3,149,300,96413738943365,96413739968460,96413740181347,1237.982,212.887,1,1,96413739966369,214.978
3,150,300,96413740172176,96413741198221,96413741410378,1238.202,212.157,1,1,96413741195169,215.209
3,151,300,96413741400868,96413742220125,96413742614109,1213.241,393.984,1,1,96413742219169,394.940
3,152,300,96413742425762,96413743449328,96413743666164,1240.402,216.836,1,1,96413743447969,218.195
3,153,300,96413743655614,96413744677659,96413744894177,1238.563,216.518,1,1,96413744676769,217.408
3,154,300,96413744883216,96413745702603,96413746089046,1205.830,386.443,1,1,96413745700769,388.277
3,155,300,96413745906720,96413746932905,96413747157942,1251.222,225.037,1,1,96413746929569,228.373
3,156,300,96413747135371,96413748160426,96413748365594,1230.223,205.168,1,1,96413748158369,207.225
3,157,300,96413748364254,96413749183321,96413749607185,1242.931,423.864,1,1,96413749182369,424.816
3,158,300,96413749390548,96413750412113,96413750644801,1254.253,232.688,1,1,96413750411169,233.632
3,159,300,96413750617549,96413751640824,96413751858012,1240.463,217.188,1,1,96413751639969,218.043
3,160,300,96413751848141,96413752869805,96413753142694,1294.553,272.889,1,1,96413752868769,273.925
3,161,300,96413752869805,96413753894911,96413754272562,1402.757,377.651,1,1,96413753892769,379.793
3,162,300,96413754098957,96413755124352,96413755340629,1241.672,216.277,1,1,96413755121569,219.060
3,163,300,96413755327319,96413756351993,96413756543660,1216.341,191.667,1,1,96413756350369,193.291
3,164,300,96413756556140,96413757375338,96413757764991,1208.851,389.653,1,1,96413757374369,390.622
3,165,300,96413757581844,96413758604090,96413758845478,1263.634,241.388,1,1,96413758603169,242.309
3,166,300,96413758809677,96413759832951,96413760038658,1228.981,205.707,1,1,96413759831969,206.689
3,167,300,96413760039708,96413760858886,96413761290960,1251.252,432.074,1,1,96413760855969,434.991
3,168,300,96413761061622,96413762086537,96413762308645,1247.023,222.108,1,1,96413762084769,223.876
3,169,300,96413762290494,96413763316628,96413763534746,1244.252,218.118,1,1,96413763313569,221.177
3,170,300,96413763519466,96413764338494,96413764735667,1216.201,397.173,1,1,96413764337569,398.098
3,171,300,96413764544450,96413767358605,96413767959226,3414.776,600.621,1,1,96413765566369,2392.857
3,172,300,96413767360815,96413767367026,96413768119751,758.936,752.725,1,1,96413766795169,1324.582
3,173,300,96413767367856,96413768025357,96413768532615,1164.759,507.258,1,1,96413768023969,508.646
3,174,300,96413768025357,96413769051462,96413769567040,1541.683,515.578,1,1,96413769047969,519.071
3,175,300,96413769253619,96413771129793,96413771470514,2216.895,340.721,1,1,96413770276769,1193.745
3,176,300,96413771131463,96413771509676,96413771869188,737.725,359.512,1,1,96413771505569,363.619
3,177,300,96413771711492,96413772530560,96413772951644,1240.152,421.084,1,1,96413772529569,422.075
3,178,300,96413772735857,96413773759232,96413774062712,1326.855,303.480,1,1,96413773758369,304.343
3,179,300,96413773967329,96413774987983,96413775307504,1340.175,319.521,1,1,96413774987169,320.335
3,180,300,96413775193380,96413776012588,96413776466213,1272.833,453.625,1,1,96413776011169,455.044
3,181,300,96413776216634,96413777243509,96413777512938,1296.304,269.429,1,1,96413777239969,272.969
3,182,300,96413777445476,96413778470260,96413778692318,1246.842,222.058,1,1,96413778468769,223.549
3,183,300,96413778674388,96413779493466,96413779970742,1296.354,477.276,1,1,96413779492769,477.973
3,184,300,96413779701483,96413780722387,96413781079189,1377.706,356.802,1,1,96413780721569,357.620
3,185,300,96413780927894,96413781951088,96413782178876,1250.982,227.788,1,1,96413781950369,228.507
3,186,300,96413782158535,96413783180099,96413783444079,1285.544,263.980,1,1,96413783179169,264.910
3,187,300,96413783180099,96413784204535,96413784620659,1440.560,416.124,1,1,96413784203169,417.490
3,188,300,96413784408622,96413785436977,96413785738726,1330.104,301.749,1,1,96413785431969,306.757
3,189,300,96413785637343,96413786662038,96413786889855,1252.512,227.817,1,1,96413786660769,229.086
3,190,300,96413786866254,96413787685412,96413788149788,1283.534,464.376,1,1,96413787684769,465.019
3,191,300,96413787894679,96413788914643,96413789176513,1281.834,261.870,1,1,96413788913569,262.944
3,192,300,96413789119861,96413790143125,96413790416685,1296.824,273.560,1,1,96413790142369,274.316
3,193,300,96413790352033,96413791170110,96413791604405,1252.372,434.295,1,1,96413791166369,438.036
3,194,300,96413791371927,96413792396481,96413792629529,1257.602,233.048,1,1,96413792395169,234.360
3,195,300,96413792600638,96413793628363,96413793898472,1297.834,270.109,1,1,96413793623969,274.503
3,196,300,96413793829420,96413794648688,96413795101433,1272.013,452.745,1,1,96413794647969,453.464
3,197,300,96413794854115,96413795877449,96413796161198,1307.083,283.749,1,1,96413795876769,284.429
3,198,300,96413796085876,96413797106420,96413797444902,1359.026,338.482,1,1,96413797105569,339.333
3,199,300,96413797312197,96413798335152,96413798560980,1248.783,225.828,1,1,96413798334369,226.611
3,200,300,96413798335152,96413799362696,96413799829563,1494.411,466.867,1,1,96413799358369,471.194
3,201,300,96413799563814,96413800588518,96413800831236,1267.422,242.718,1,1,96413800587169,244.067
3,202,300,96413800792825,96413801819940,96413802069688,1276.863,249.748,1,1,96413801815969,253.719
3,203,300,96413802021456,96413802840624,96413803285950,1264.494,445.326,1,1,96413802839969,445.981
3,204,300,96413803046061,96413804069455,96413804331785,1285.724,262.330,1,1,96413804068769,263.016
3,205,300,96413804277653,96413805298248,96413805540905,1263.252,242.657,1,1,96413805297569,243.336
3,206,300,96413805503654,96413806323122,96413806751786,1248.132,428.664,1,1,96413806321569,430.217
3,207,300,96413806527419,96413807554404,96413807811303,1283.884,256.899,1,1,96413807550369,260.934
3,208,300,96413807755860,96413808780565,96413809030343,1274.483,249.778,1,1,96413808779169,251.174
3,209,300,96413808984752,96413809803960,96413810281566,1296.814,477.606,1,1,96413809803169,478.397
3,210,300,96413810018277,96413811032801,96413811315820,1297.543,283.019,1,1,96413811031969,283.851
3,211,300,96413811238088,96413812261553,96413812478420,1240.332,216.867,1,1,96413812260769,217.651
3,212,300,96413812470080,96413813490284,96413813835966,1365.886,345.682,1,1,96413813489569,346.397
3,213,300,96413813490284,96413814514838,96413814979644,1489.360,464.806,1,1,96413814513569,466.075
3,214,300,96413814719106,96413815746771,96413816009159,1290.053,262.388,1,1,96413815742369,266.790
3,215,300,96413815948087,96413816972472,96413817190680,1242.593,218.208,1,1,96413816971169,219.511
3,216,300,96413817176839,96413817995876,96413818422631,1245.792,426.755,1,1,96413817995169,427.462
3,217,300,96413818203643,96413819224758,96413819464746,1261.103,239.988,1,1,96413819223969,240.777
3,218,300,96413819430275,96413820453400,96413820687938,1257.663,234.538,1,1,96413820452769,235.169
3,219,300,96413820661937,96413821481025,96413822054754,1392.817,573.729,1,1,96413821476769,577.985
3,220,300,96413821682281,96413822707416,96413823008896,1326.615,301.480,1,1,96413822705569,303.327
3,221,300,96413822911112,96413823939327,96413824188916,1277.804,249.589,1,1,96413823934369,254.547
3,222,300,96413824139965,96413824959141,96413825382566,1242.601,423.425,1,1,96413824958369,424.197
3,223,300,96413825164769,96413826187974,96413826427291,1262.522,239.317,1,1,96413826187169,240.122
3,224,300,96413826396111,96413827416935,96413827674414,1278.303,257.479,1,1,96413827415969,258.445
3,225,300,96413827622142,96413828645526,96413828923976,1301.834,278.450,1,1,96413828644769,279.207
3,226,300,96413828645526,96413829673181,96413830140327,1494.801,467.146,1,1,96413829668769,471.558
3,227,300,96413829874338,96413830899353,96413831147681,1273.343,248.328,1,1,96413830897569,250.112
3,228,300,96413831103410,96413832130944,96413832415464,1312.054,284.520,1,1,96413832126369,289.095
3,229,300,96413832331901,96413833151169,96413833571313,1239.412,420.144,1,1,96413833150369,420.944
3,230,300,96413833356825,96413834380180,96413834627219,1270.394,247.039,1,1,96413834379169,248.050
3,231,300,96413834588597,96413835608692,96413835898612,1310.015,289.920,1,1,96413835607969,290.643
3,232,300,96413835814329,96413836633597,96413837076612,1262.283,443.015,1,1,96413836631969,444.643
3,233,300,96413836837533,96413837865148,96413838135947,1298.414,270.799,1,1,96413837860769,275.178
3,234,300,96413838066295,96413839091329,96413839327317,1261.022,235.988,1,1,96413839089569,237.748
3,235,300,96413839295017,96413840114294,96413840576359,1281.342,462.065,1,1,96413840113569,462.790
3,236,300,96413840322822,96413841343536,96413841674427,1351.605,330.891,1,1,96413841342369,332.058
3,237,300,96413841548813,96413842571967,96413842792025,1243.212,220.058,1,1,96413842571169,220.856
3,238,300,96413842780944,96413843800728,96413844039717,1258.773,238.989,1,1,96413843799969,239.748
3,239,300,96413843800728,96413844825453,96413845257138,1456.410,431.685,1,1,96413844823969,433.169
3,240,300,96413845029431,96413846056685,96413846363935,1334.504,307.250,1,1,96413846052769,311.166
3,241,300,96413846258312,96413847282936,96413847518955,1260.643,236.019,1,1,96413847281569,237.386
3,242,300,96413847487083,96413848306241,96413848726705,1239.622,420.464,1,1,96413848305569,421.136
3,243,300,96413848514668,96413849535032,96413849789261,1274.593,254.229,1,1,96413849534369,254.892
3,244,300,96413849740570,96413850764034,96413851000462,1259.892,236.428,1,1,96413850763169,237.293
3,245,300,96413850971981,96413851791219,96413852249534,1277.553,458.315,1,1,96413851787169,462.365
3,246,300,96413851992715,96413853017730,96413853278759,1286.044,261.029,1,1,96413853015969,262.790
3,247,300,96413853221507,96413854248762,96413854494940,1273.433,246.178,1,1,96413854244769,250.171
3,248,300,96413854450359,96413855269466,96413855717921,1267.562,448.455,1,1,96413855268769,449.152
3,249,300,96413855474844,96413856498288,96413856745706,1270.862,247.418,1,1,96413856497569,248.137
3,250,300,96413856706855,96413857727399,96413858013119,1306.264,285.720,1,1,96413857726369,286.750
3,251,300,96413857932536,96413858955890,96413859188148,1255.612,232.258,1,1,96413858955169,232.979
3,252,300,96413858955890,96413859983675,96413860524133,1568.243,540.458,1,1,96413859979169,544.964
3,253,300,96413860184833,96413861209177,96413861459916,1275.083,250.739,1,1,96413861207969,251.947
3,254,300,96413861413414,96413862440929,96413862700747,1287.333,259.818,1,1,96413862436769,263.978
3,255,300,96413862642435,96413863461583,96413863914888,1272.453,453.305,1,1,96413863460769,454.119
3,256,300,96413863666890,96413864690334,96413864958404,1291.514,268.070,1,1,96413864689569,268.835
3,257,300,96413864898651,96413865919386,96413866165475,1266.824,246.089,1,1,96413865918369,247.106
3,258,300,96413866124693,96413866943651,96413867371325,1246.632,427.674,1,1,96413866942369,428.956
3,259,300,96413867148058,96413868175883,96413868451142,1303.084,275.259,1,1,96413868171169,279.973
3,260,300,96413868376899,96413869401464,96413869627292,1250.393,225.828,1,1,96413869399969,227.323
3,261,300,96413869605441,96413870424728,96413870849503,1244.062,424.775,1,1,96413870423969,425.534
3,262,300,96413870632415,96413871653620,96413871941320,1308.905,287.700,1,1,96413871652769,288.551
3,263,300,96413871858917,96413872882291,96413873104559,1245.642,222.268,1,1,96413872881569,222.990
3,264,300,96413873091688,96413874111283,96413874404933,1313.245,293.650,1,1,96413874110369,294.564
3,265,300,96413874111283,96413875135957,96413875604523,1493.240,468.566,1,1,96413875134369,470.154
3,266,300,96413875340095,96413876368369,96413876628418,1288.323,260.049,1,1,96413876363169,265.249
3,267,300,96413876568896,96413877594761,96413877839579,1270.683,244.818,1,1,96413877591969,247.610
3,268,300,96413877797937,96413878617195,96413879081811,1283.874,464.616,1,1,96413878615969,465.842
3,269,300,96413878826462,96413879845666,96413880124596,1298.134,278.930,1,1,96413879844769,279.827
3,270,300,96413880051104,96413881833644,96413882386713,2335.609,553.069,1,1,96413881073569,1313.144
3,271,300,96413881835044,96413882101763,96413882693853,858.809,592.090,1,1,96413882097569,596.284
3,272,300,96413882303080,96413883327965,96413883698417,1395.337,370.452,1,1,96413883326369,372.048
3,273,300,96413883531981,96413884559286,96413884806114,1274.133,246.828,1,1,96413884555169,250.945
3,274,300,96413884760713,96413885579980,96413886013906,1253.193,433.926,1,1,96413885579169,434.737
3,275,300,96413885785388,96413886809002,96413887079982,1294.594,270.980,1,1,96413886807969,272.013
3,276,300,96413887017409,96413888037524,96413888363264,1345.855,325.740,1,1,96413888036769,326.495
3,277,300,96413888242750,96413889266435,96413889486533,1243.783,220.098,1,1,96413889265569,220.964
3,278,300,96413889266435,96413890293520,96413890718854,1452.419,425.334,1,1,96413890289569,429.285
3,279,300,96413890495127,96413891519892,96413891755459,1260.332,235.567,1,1,96413891518369,237.090
3,280,300,96413891724258,96413892752493,96413893106435,1382.177,353.942,1,1,96413892747169,359.266
3,281,300,96413892953060,96413893779728,96413894154811,1201.751,375.083,1,1,96413893771169,383.642
3,282,300,96413893977864,96413895012760,96413895236107,1258.243,223.347,1,1,96413894999969,236.138
3,283,300,96413895209186,96413896229871,96413896437828,1228.642,207.957,1,1,96413896228769,209.059
3,284,300,96413896435588,96413897254605,96413897657748,1222.160,403.143,1,1,96413897252769,404.979
3,285,300,96413897458732,96413898486627,96413898726105,1267.373,239.478,1,1,96413898481569,244.536
3,286,300,96413898687333,96413899712558,96413899942866,1255.533,230.308,1,1,96413899710369,232.497
3,287,300,96413899916185,96413900735492,96413901209479,1293.294,473.987,1,1,96413900734369,475.110
3,288,300,96413900945220,96413901964165,96413902187452,1242.232,223.287,1,1,96413901963169,224.283
3,289,300,96413902170182,96413903192816,96413903394702,1224.520,201.886,1,1,96413903191969,202.733
3,290,300,96413903400333,96413904421677,96413904636835,1236.502,215.158,1,1,96413904420769,216.066
3,291,300,96413904421677,96413905446142,96413905823564,1401.887,377.422,1,1,96413905444769,378.795
3,292,300,96413905650219,96413906676054,96413906929932,1279.713,253.878,1,1,96413906673569,256.363
3,293,300,96413906879041,96413907904215,96413908116942,1237.901,212.727,1,1,96413907902369,214.573
3,294,300,96413908108062,96413908927210,96413909363414,1255.352,436.204,1,1,96413908926369,437.045
3,295,300,96413909134317,96413910155951,96413910383528,1249.211,227.577,1,1,96413910155169,228.359
3,296,300,96413910361358,96413911384733,96413911582289,1220.931,197.556,1,1,96413911383969,198.320
3,297,300,96413911591620,96413912410538,96413912796290,1204.670,385.752,1,1,96413912407969,388.321
3,298,300,96413912613434,96413913637999,96413913913178,1299.744,275.179,1,1,96413913636769,276.409
3,299,300,96413913842346,96413914867930,96413915080438,1238.092,212.508,1,1,96413914865569,214.869
3,300,300,96413915071167,96413915890745,96413916313159,1241.992,422.414,1,1,96413915889569,423.590
3,301,300,96413916095892,96413917119207,96413917344364,1248.472,225.157,1,1,96413917118369,225.995
3,302,300,96413917327254,96413918348458,96413918546774,1219.520,198.316,1,1,96413918347169,199.605
3,303,300,96413918554345,96413919577199,96413919775907,1221.562,198.708,1,1,96413919575969,199.938
3,304,300,96413919577199,96413920602714,96413921066170,1488.971,463.456,1,1,96413920599969,466.201
3,305,300,96413920805531,96413921830196,96413922037063,1231.532,206.867,1,1,96413921828769,208.294
3,306,300,96413922034423,96413923060327,96413923274995,1240.572,214.668,1,1,96413923057569,217.426
3,307,300,96413923263194,96413924082662,96413924482465,1219.271,399.803,1,1,96413924081569,400.896
3,308,300,96413924287659,96413925311263,96413925532001,1244.342,220.738,1,1,96413925310369,221.632
3,309,300,96413925518440,96413926540105,96413926764593,1246.153,224.488,1,1,96413926539169,225.424
3,310,300,96413926745222,96413927564490,96413927952403,1207.181,387.913,1,1,96413927563169,389.234
3,311,300,96413927774797,96413928795241,96413929001248,1226.451,206.007,1,1,96413928791969,209.279
3,312,300,96413928997488,96413930022162,96413930213429,1215.941,191.267,1,1,96413930020769,192.660
3,313,300,96413930226289,96413931045727,96413931467681,1241.392,421.954,1,1,96413931044769,422.912
3,314,300,96413931251914,96413932274599,96413932565119,1313.205,290.520,1,1,96413932273569,291.550
3,315,300,96413932480216,96413933503760,96413933708157,1227.941,204.397,1,1,96413933502369,205.788
3,316,300,96413933711887,96413934732492,96413934935868,1223.981,203.376,1,1,96413934731169,204.699
3,317,300,96413934732492,96413935756596,96413936193891,1461.399,437.295,1,1,96413935755169,438.722
3,318,300,96413935960773,96413936987217,96413937203965,1243.192,216.748,1,1,96413936983969,219.996
3,319,300,96413937189595,96413938214270,96413938433526,1243.931,219.256,1,1,96413938212769,220.757
3,320,300,96413938418296,96413939237444,96413939622587,1204.291,385.143,1,1,96413939236769,385.818
3,321,300,96413939444401,96413940466305,96413940705654,1261.253,239.349,1,1,96413940465569,240.085
3,322,300,96413940672032,96413941695027,96413941898124,1226.092,203.097,1,1,96413941694369,203.755
3,323,300,96413941902014,96413942721022,96413943203638,1301.624,482.616,1,1,96413942718369,485.269
3,324,300,96413942924029,96413943948413,96413944155940,1231.911,207.527,1,1,96413943947169,208.771
3,325,300,96413944152760,96413945178505,96413945393582,1240.822,215.077,1,1,96413945175969,217.613
3,326,300,96413945381571,96413946200679,96413946593213,1211.642,392.534,1,1,96413946199969,393.244
3,327,300,96413946406196,96413947429431,96413947646968,1240.772,217.537,1,1,96413947428769,218.199
3,328,300,96413947636098,96413948658182,96413948916442,1280.344,258.260,1,1,96413948657569,258.873
3,329,300,96413948863699,96413949887144,96413950079080,1215.381,191.936,1,1,96413949886369,192.711
3,330,300,96413949887144,96413950912878,96413951309272,1422.128,396.394,1,1,96413950910369,398.903
3,331,300,96413951115915,96413952140400,96413952355597,1239.682,215.197,1,1,96413952139169,216.428
3,332,300,96413952344747,96413953370332,96413953581039,1236.292,210.707,1,1,96413953367969,213.070
3,333,300,96413953573468,96413954392666,96413954812280,1238.812,419.614,1,1,96413954391969,420.311
3,334,300,96413954598363,96413955621487,96413955829334,1230.971,207.847,1,1,96413955620769,208.565
3,335,300,96413955827944,96413956850330,96413957088577,1260.633,238.247,1,1,96413956849569,239.008
3,336,300,96413957055917,96413957875014,96413958273668,1217.751,398.654,1,1,96413957873569,400.099
3,337,300,96413958079181,96413959104956,96413959337134,1257.953,232.178,1,1,96413959102369,234.765
3,338,300,96413959307802,96413960333437,96413960538074,1230.272,204.637,1,1,96413960331169,206.905
3,339,300,96413960537113,96413961356111,96413961752695,1215.582,396.584,1,1,96413961355169,397.526
3,340,300,96413961563508,96413962585304,96413962849292,1285.784,263.988,1,1,96413962583969,265.323
3,341,300,96413962791640,96413963813695,96413964029512,1237.872,215.817,1,1,96413963812769,216.743
3,342,300,96413964021052,96413965042486,96413965258304,1237.252,215.818,1,1,96413965041569,216.735
3,343,300,96413965042486,96413966067490,96413966440963,1398.477,373.473,1,1,96413966065569,375.394
3,344,300,96413966271557,96413967297692,96413967541461,1269.904,243.769,1,1,96413967294369,247.092
3,345,300,96413967500179,96413968525164,96413968741301,1241.122,216.137,1,1,96413968523169,218.132
3,346,300,96413968729221,96413969548428,96413969936731,1207.510,388.303,1,1,96413969547169,389.562
3,347,300,96413969756645,96413970777010,96413970999668,1243.023,222.658,1,1,96413970775969,223.699
3,348,300,96413970982756,96413972014792,96413972212389,1229.633,197.597,1,1,96413972004769,207.620
3,349,300,96413972213349,96413973032466,96413973431059,1217.710,398.593,1,1,96413973028769,402.290
3,350,300,96413973234593,96413974259728,96413974458174,1223.581,198.446,1,1,96413974257569,200.605
3,351,300,96413974463594,96413975489919,96413975702436,1238.842,212.517,1,1,96413975486369,216.067
3,352,300,96413975692186,96413976511443,96413976906097,1213.911,394.654,1,1,96413976510369,395.728
3,353,300,96413976717210,96413977740096,96413977967543,1250.333,227.447,1,1,96413977739169,228.374
3,354,300,96413977947573,96413978968967,96413979197725,1250.152,228.758,1,1,96413978967969,229.756
3,355,300,96413979174524,96413980197798,96413980415736,1241.212,217.938,1,1,96413980196769,218.967
3,356,300,96413980197798,96413981223883,96413981618436,1420.638,394.553,1,1,96413981220769,397.667
3,357,300,96413981426339,96413982451054,96413982664381,1238.042,213.327,1,1,96413982449569,214.812
3,358,300,96413982655192,96413983682116,96413983893004,1237.812,210.888,1,1,96413983678369,214.635
3,359,300,96413983884003,96413984703271,96413985122935,1238.932,419.664,1,1,96413984702369,420.566
3,360,300,96413984908557,96413985931862,96413986150560,1242.003,218.698,1,1,96413985931169,219.391
3,361,300,96413986139029,96413987160753,96413987361020,1221.991,200.267,1,1,96413987159969,201.051
3,362,300,96413987366171,96413988185429,96413988570531,1204.360,385.102,1,1,96413988183969,386.562
3,363,300,96413988389575,96413989417840,96413989709810,1320.235,291.970,1,1,96413989412769,297.041
3,364,300,96413989618997,96413990643211,96413990861669,1242.672,218.458,1,1,96413990641569,220.100
3,365,300,96413990847148,96413991666216,96413992111171,1264.023,444.955,1,1,96413991665569,445.602
3,366,300,96413991874033,96413992895118,96413993156996,1282.963,261.878,1,1,96413992894369,262.627
3,367,300,96413993101645,96413994123959,96413994342886,1241.241,218.927,1,1,96413994123169,219.717
3,368,300,96413994331316,96413995353180,96413995594359,1263.043,241.179,1,1,96413995351969,242.390
3,369,300,96413995353180,96413996576922,96413997020556,1667.376,443.634,1,1,96413996375969,644.587
3,370,300,96413996581422,96413997608336,96413997846905,1265.483,238.569,1,1,96413997604769,242.136
3,371,300,96413997810474,96413998835218,96413999048216,1237.742,212.998,1,1,96413998833569,214.647
3,372,300,96413999039115,96413999858353,96414000259077,1219.962,400.724,1,1,96413999857569,401.508
3,373,300,96414000065420,96414001087174,96414001368904,1303.484,281.730,1,1,96414001086369,282.535
3,374,300,96414001292771,96414002315975,96414002564045,1271.274,248.070,1,1,96414002315169,248.876
3,375,300,96414002523533,96414003342700,96414003843737,1320.204,501.037,1,1,96414003339169,504.568
3,376,300,96414003545018,96414004618663,96414004846762,1301.744,228.099,1,1,96414004567969,278.793
3,377,300,96414004780699,96414005800054,96414006012661,1231.962,212.607,1,1,96414005796769,215.892
3,378,300,96414006015181,96414006878969,96414007205491,1190.310,326.522,1,1,96414006820769,384.722
3,379,300,96414007027645,96414008050959,96414008256047,1228.402,205.088,1,1,96414008049569,206.478
3,380,300,96414008258377,96414009279561,96414009554041,1295.664,274.480,1,1,96414009278369,275.672
3,381,300,96414009484938,96414010508293,96414010693069,1208.131,184.776,1,1,96414010507169,185.900
3,382,300,96414010508293,96414011534387,96414011905430,1397.137,371.043,1,1,96414011531169,374.261
3,383,300,96414011737164,96414012843601,96414013191093,1453.929,347.492,1,1,96414012759969,431.124
3,384,300,96414012965906,96414013992811,96414014268049,1302.143,275.238,1,1,96414013988769,279.280
3,385,300,96414014195057,96414015014155,96414015403778,1208.721,389.623,1,1,96414015012769,391.009
3,386,300,96414015219772,96414016242946,96414016471494,1251.722,228.548,1,1,96414016241569,229.925
3,387,300,96414016450163,96414017472858,96414017721166,1271.003,248.308,1,1,96414017470369,250.797
3,388,300,96414017679705,96414018498882,96414018900546,1220.841,401.664,1,1,96414018494369,406.177
3,389,300,96414018701470,96414019810957,96414020053655,1352.185,242.698,1,1,96414019723169,330.486
3,390,300,96414019930561,96414020955466,96414021176173,1245.612,220.707,1,1,96414020951969,224.204
3,391,300,96414021158892,96414021977870,96414022414435,1255.543,436.565,1,1,96414021975969,438.466
3,392,300,96414022188017,96414023206851,96414023475831,1287.814,268.980,1,1,96414023204769,271.062
3,393,300,96414023412809,96414024435634,96414024644901,1232.092,209.267,1,1,96414024433569,211.332
3,394,300,96414024645261,96414025664275,96414025865191,1219.930,200.916,1,1,96414025662369,202.822
3,395,300,96414025664275,96414026689769,96414027065452,1401.177,375.683,1,1,96414026686369,379.083
3,396,300,96414026893086,96414027923061,96414028200321,1307.235,277.260,1,1,96414027915169,285.152
3,397,300,96414028122038,96414029147233,96414029355110,1233.072,207.877,1,1,96414029143969,211.141
3,398,300,96414029350639,96414030169567,96414030581071,1230.432,411.504,1,1,96414030167969,413.102
3,399,300,96414030379254,96414031399019,96414031628866,1249.612,229.847,1,1,96414031396769,232.097
3,400,300,96414031604765,96414032727414,96414032967021,1362.256,239.607,1,1,96414032625569,341.452
3,401,300,96414032837227,96414033656135,96414034076789,1239.562,420.654,1,1,96414033649569,427.220
3,402,300,96414033856272,96414034882107,96414035095663,1239.391,213.556,1,1,96414034878369,217.294
3,403,300,96414035085033,96414036114268,96414036341396,1256.363,227.128,1,1,96414036107169,234.227
3,404,300,96414036313955,96414037133232,96414037530326,1216.371,397.094,1,1,96414037131169,399.157
3,405,300,96414037339889,96414038361934,96414038579621,1239.732,217.687,1,1,96414038359969,219.652
3,406,300,96414038570931,96414039590696,96414039800223,1229.292,209.527,1,1,96414039588769,211.454
3,407,300,96414039797203,96414040819497,96414041019653,1222.450,200.156,1,1,96414040817569,202.084
3,408,300,96414040819497,96414041848352,96414042299587,1480.090,451.235,1,1,96414041841569,458.018
3,409,300,96414042048118,96414043073843,96414043277811,1229.693,203.968,1,1,96414043070369,207.442
3,410,300,96414043276980,96414044306284,96414044506262,1229.282,199.978,1,1,96414044299169,207.093
3,411,300,96414044506102,96414045325050,96414045708512,1202.410,383.462,1,1,96414045323169,385.343
3,412,300,96414045531686,96414046553791,96414046765278,1233.592,211.487,1,1,96414046551969,213.309
3,413,300,96414046763918,96414047782702,96414047990369,1226.451,207.667,1,1,96414047780769,209.600
3,414,300,96414047989209,96414048808087,96414049205540,1216.331,397.453,1,1,96414048804769,400.771
3,415,300,96414049012134,96414050040168,96414050257626,1245.492,217.458,1,1,96414050033569,224.057
3,416,300,96414050240246,96414051265920,96414051471287,1231.041,205.367,1,1,96414051262369,208.918
3,417,300,96414051469047,96414052288075,96414052696919,1227.872,408.844,1,1,96414052286369,410.550
3,418,300,96414052497972,96414053517136,96414053747464,1249.492,230.328,1,1,96414053515169,232.295
3,419,300,96414053723483,96414054745608,96414054977416,1253.933,231.808,1,1,96414054743969,233.447
3,420,300,96414054955485,96414055974639,96414056307610,1352.125,332.971,1,1,96414055972769,334.841
3,421,300,96414055974639,96414057000294,96414057446949,1472.310,446.655,1,1,96414056996769,450.180
3,422,300,96414057203330,96414058232075,96414058597748,1394.418,365.673,1,1,96414058225569,372.179
3,423,300,96414058432123,96414060043807,96414060402838,1970.715,359.031,1,1,96414059454369,948.469
3,424,300,96414060045056,96414060480502,96414061094272,1049.216,613.770,1,1,96414060478369,615.903
3,425,300,96414060689559,96414061708873,96414062041034,1351.475,332.161,1,1,96414061707169,333.865
3,426,300,96414061915280,96414062937984,96414063162953,1247.673,224.969,1,1,96414062935969,226.984
3,427,300,96414063146981,96414064024101,96414064523429,1376.448,499.328,1,1,96414063959969,563.460
3,428,300,96414064166576,96414065192041,96414065418729,1252.153,226.688,1,1,96414065188769,229.960
3,429,300,96414065395408,96414066423553,96414066641519,1246.111,217.966,1,1,96414066417569,223.950
3,430,300,96414066624059,96414067443607,96414067869151,1245.092,425.544,1,1,96414067441569,427.582
3,431,300,96414067649714,96414068672508,96414068892886,1243.172,220.378,1,1,96414068670369,222.517
3,432,300,96414068881175,96414069901090,96414070163779,1282.604,262.689,1,1,96414069899168,264.611
3,433,300,96414070107617,96414071129691,96414071326778,1219.161,197.087,1,1,96414071127969,198.809
3,434,300,96414071129691,96414072158156,96414072517909,1388.218,359.753,1,1,96414072151969,365.940
3,435,300,96414072358613,96414073383767,96414073586925,1228.312,203.158,1,1,96414073380769,206.156
3,436,300,96414073587325,96414074616039,96414074865877,1278.552,249.838,1,1,96414074609568,256.309
3,437,300,96414074816046,96414075635434,96414076180412,1364.366,544.978,1,1,96414075633569,546.843
3,438,300,96414075842191,96414076864185,96414081900755,6058.564,5036.570,1,1,96414076862369,5038.386
3,439,300,96414077073162,96414078093026,96414081900755,4827.593,3807.729,1,1,96414078091169,3809.586
3,440,300,96414078299403,96414079118661,96414081938377,3638.974,2819.716,1,1,96414079115168,2823.209
3,441,300,96414079321599,96414080350823,96414082117933,2796.334,1767.110,1,1,96414080343969,1773.964
3,442,300,96414080550620,96414081575685,96414082562008,2011.388,986.323,1,1,96414081572769,989.239
3,443,300,96414081779261,96414082598699,96414083167848,1388.587,569.149,1,1,96414082596769,571.079
3,444,300,96414082808326,96414083827540,96414084317487,1509.161,489.947,1,1,96414083825568,491.919
3,445,300,96414084034027,96414085056072,96414085291640,1257.613,235.568,1,1,96414085054369,237.271
3,446,300,96414085265530,96414086285034,96414086536282,1270.752,251.248,1,1,96414086283169,253.113
3,447,300,96414086285034,96414087310538,96414087715032,1429.998,404.494,1,1,96414087307169,407.863
3,448,300,96414087513675,96414088546920,96414088822790,1309.115,275.870,1,1,96414088535968,286.822
3,449,300,96414088742916,96414089775431,96414090008679,1265.763,233.248,1,1,96414089764769,243.910
3,450,300,96414089971348,96414090790616,96414091315864,1344.516,525.248,1,1,96414090788769,527.095
3,451,300,96414091067685,96414092019587,96414092266236,1198.551,246.649,1,1,96414092017569,248.667
3,452,300,96414092226724,96414093248539,96414093505758,1279.034,257.219,1,1,96414093246368,259.390
3,453,300,96414093457636,96414094277514,96414094747910,1290.274,470.396,1,1,96414094270369,477.541
3,454,300,96414094477111,96414095503026,96414095728363,1251.252,225.337,1,1,96414095499169,229.194
3,455,300,96414095706022,96414096734837,96414096965115,1259.093,230.278,1,1,96414096727969,237.146
3,456,300,96414096934733,96414097753841,96414098200197,1265.464,446.356,1,1,96414097751968,448.229
3,457,300,96414097960828,96414098982702,96414099430148,1469.320,447.446,1,1,96414098980769,449.379
3,458,300,96414099193100,96414100211675,96414100494694,1301.594,283.019,1,1,96414100209569,285.125
3,459,300,96414100418131,96414101440226,96414101738276,1320.145,298.050,1,1,96414101438369,299.907
3,460,300,96414101440226,96414102470051,96414102866934,1426.708,396.883,1,1,96414102462369,404.565
3,461,300,96414102669777,96414103695662,96414103928900,1259.123,233.238,1,1,96414103691169,237.731
3,462,300,96414103897798,96414105028777,96414105248555,1350.757,219.778,1,1,96414104919969,328.586
3,463,300,96414105126831,96414106169596,96414106563569,1436.738,393.973,1,1,96414105943969,619.600
3,464,300,96414106171266,96414107174830,96414107555343,1384.077,380.513,1,1,96414107172769,382.574
3,465,300,96414107384287,96414108403631,96414108620859,1236.572,217.228,1,1,96414108401569,219.290
3,466,300,96414108610068,96414110165881,96414110631747,2021.679,465.866,1,1,96414109425569,1206.178
3,467,300,96414110167851,96414110662007,96414111002449,834.598,340.442,1,1,96414110654369,348.080
3,468,300,96414110861394,96414111887529,96414112192589,1331.195,305.060,1,1,96414111883169,309.420
3,469,300,96414112089836,96414112909313,96414113342588,1252.752,433.275,1,1,96414112907169,435.419
3,470,300,96414113118850,96414114156855,96414114552188,1433.338,395.333,1,1,96414114135969,416.219
3,471,300,96414114344461,96414115366717,96414115590014,1245.553,223.297,1,1,96414115364769,225.245
3,472,300,96414115576104,96414116595688,96414116842876,1266.772,247.188,1,1,96414116593569,249.307
3,473,300,96414116595688,96414117621053,96414118027096,1431.408,406.043,1,1,96414117617569,409.527
3,474,300,96414117824719,96414118853824,96414119067302,1242.583,213.478,1,1,96414118846369,220.933
3,475,300,96414119053261,96414120078905,96414120265991,1212.730,187.086,1,1,96414120075169,190.822
3,476,300,96414120281963,96414121101251,96414121531385,1249.422,430.134,1,1,96414121099169,432.216
3,477,300,96414121311018,96414122330002,96414122562930,1251.912,232.928,1,1,96414122327969,234.961
3,478,300,96414122536449,96414123558563,96414123790861,1254.412,232.298,1,1,96414123556769,234.092
3,479,300,96414123774001,96414124587898,96414125072365,1298.364,484.467,1,1,96414124580769,491.596
3,480,300,96414124787984,96414125812749,96414126036697,1248.713,223.948,1,1,96414125809569,227.128
3,481,300,96414126016536,96414127044751,96414127259378,1242.842,214.627,1,1,96414127038369,221.009
3,482,300,96414127244998,96414128064516,96414128487690,1242.692,423.174,1,1,96414128062369,425.321
3,483,300,96414128271372,96414129292937,96414129686380,1415.008,393.443,1,1,96414129291169,395.211
3,484,300,96414129503024,96414130521859,96414130813659,1310.635,291.800,1,1,96414130519969,293.690
3,485,300,96414130728336,96414131750600,96414131958357,1230.021,207.757,1,1,96414131748769,209.588
3,486,300,96414131750600,96414132779815,96414133144907,1394.307,365.092,1,1,96414132772769,372.138
3,487,300,96414132979641,96414134012527,96414134208993,1229.352,196.466,1,1,96414134001569,207.424
3,488,300,96414134208273,96414135237178,96414135515267,1306.994,278.089,1,1,96414135230369,284.898
3,489,300,96414135436755,96414136256623,96414136658336,1221.581,401.713,1,1,96414136254369,403.967
3,490,300,96414136462950,96414137485464,96414137686380,1223.430,200.916,1,1,96414137483169,203.211
3,491,300,96414137694291,96414138714045,96414138903582,1209.291,189.537,1,1,96414138711969,191.613
3,492,300,96414138920212,96414139739800,96414140117703,1197.491,377.903,1,1,96414139735969,381.734
3,493,300,96414139942556,96414140971091,96414141175259,1232.703,204.168,1,1,96414140964769,210.490
3,494,300,96414141171649,96414142197643,96414142400320,1228.671,202.677,1,1,96414142193569,206.751
3,495,300,96414142400210,96414144088077,96414144477350,2077.140,389.273,1,1,96414143217569,1259.781
3,496,300,96414144090047,96414144448399,96414145007208,917.161,558.809,1,1,96414144446369,560.839
3,497,300,96414144654796,96414145677270,96414145940040,1285.244,262.770,1,1,96414145675169,264.871
3,498,300,96414145887057,96414146905702,96414147105669,1218.612,199.967,1,1,96414146903969,201.700
3,499,300,96414146905702,96414147931697,96414148309010,1403.308,377.313,1,1,96414147927969,381.041
3,500,300,96414148134714,96414149165409,96414149425147,1290.433,259.738,1,1,96414149156769,268.378
3,501,300,96414149363665,96414150389370,96414150594657,1230.992,205.287,1,1,96414150385569,209.088
3,502,300,96414150592387,96414151411425,96414151833228,1240.841,421.803,1,1,96414151409569,423.659
3,503,300,96414151621242,96414152640366,96414152856593,1235.351,216.227,1,1,96414152638369,218.224
3,504,300,96414152846663,96414153869027,96414154065794,1219.131,196.767,1,1,96414153867169,198.625
3,505,300,96414154079385,96414154898512,96414155282096,1202.711,383.584,1,1,96414154891169,390.927
3,506,300,96414155097679,96414156124043,96414156328291,1230.612,204.248,1,1,96414156119969,208.322
3,507,300,96414156326681,96414157355676,96414157572673,1245.992,216.997,1,1,96414157348769,223.904
3,508,300,96414157555522,96414158374490,96414158797945,1242.423,423.455,1,1,96414158372769,425.176
3,509,300,96414158581177,96414159603521,96414160013976,1432.799,410.455,1,1,96414159601569,412.407
3,510,300,96414159813208,96414160832102,96414161053510,1240.302,221.408,1,1,96414160830369,223.141
3,511,300,96414161039360,96414162061005,96414162246371,1207.011,185.366,1,1,96414162059169,187.202
3,512,300,96414162061005,96414163090150,96414163489223,1428.218,399.073,1,1,96414163083169,406.054
3,513,300,96414163289726,96414164315791,96414164522017,1232.291,206.226,1,1,96414164311969,210.048
3,514,300,96414164519027,96414165548252,96414165765220,1246.193,216.968,1,1,96414165540769,224.451
3,515,300,96414165747579,96414166566607,96414166953110,1205.531,386.503,1,1,96414166564769,388.341
3,516,300,96414166775104,96414167795768,96414168001095,1225.991,205.327,1,1,96414167793569,207.526
3,517,300,96414168015245,96414169024210,96414169215786,1200.541,191.576,1,1,96414169022369,193.417
3,518,300,96414169230937,96414170049934,96414170430337,1199.400,380.403,1,1,96414170046369,383.968
3,519,300,96414170253131,96414171282216,96414171512414,1259.283,230.198,1,1,96414171275169,237.245
3,520,300,96414171482023,96414172507718,96414172714405,1232.382,206.687,1,1,96414172503969,210.436
3,521,300,96414172710544,96414173529862,96414173954797,1244.253,424.935,1,1,96414173527969,426.828
3,522,300,96414173740269,96414174758763,96414175171457,1431.188,412.694,1,1,96414174756769,414.688
3,523,300,96414174965220,96414175987595,96414176185802,1220.582,198.207,1,1,96414175985569,200.233
3,524,300,96414176198042,96414177216157,96414177468985,1270.943,252.828,1,1,96414177214369,254.616
3,525,300,96414177216157,96414178241871,96414178654795,1438.638,412.924,1,1,96414178238369,416.426
3,526,300,96414178444878,96414179474063,96414179713301,1268.423,239.238,1,1,96414179467169,246.132
3,527,300,96414179674229,96414180699634,96414180902972,1228.743,203.338,1,1,96414180695969,207.003
3,528,300,96414180902852,96414181722028,96414182108422,1205.570,386.394,1,1,96414181719969,388.453
3,529,300,96414181931446,96414182950571,96414183184389,1252.943,233.818,1,1,96414182948769,235.620
3,530,300,96414183157657,96414184179452,96414184385519,1227.862,206.067,1,1,96414184177569,207.950
3,531,300,96414184389089,96414185209057,96414185630251,1241.162,421.194,1,1,96414185201569,428.682
3,532,300,96414185408603,96414186433998,96414186639666,1231.063,205.668,1,1,96414186430369,209.297
3,533,300,96414186636845,96414187666399,96414187868637,1231.792,202.238,1,1,96414187659169,209.468
3,534,300,96414187866117,96414188685184,96414189093678,1227.561,408.494,1,1,96414188683169,410.509
3,535,300,96414188892031,96414189913996,96414190310709,1418.678,396.713,1,1,96414189911969,398.740
3,536,300,96414190124153,96414191142457,96414191349755,1225.602,207.298,1,1,96414191140769,208.986
3,537,300,96414191349225,96414192371369,96414192563526,1214.301,192.157,1,1,96414192369569,193.957
3,538,300,96414192371369,96414193401074,96414193758635,1387.266,357.561,1,1,96414193393569,365.066
3,539,300,96414193600510,96414194626755,96414194841883,1241.373,215.128,1,1,96414194622369,219.514
3,540,300,96414194829342,96414195858146,96414196094775,1265.433,236.629,1,1,96414195851169,243.606
3,541,300,96414196057964,96414196877101,96414197272145,1214.181,395.044,1,1,96414196875169,396.976
3,542,300,96414197083458,96414198105703,96414198315900,1232.442,210.197,1,1,96414198103969,211.931
3,543,300,96414198315640,96414199334644,96414199535310,1219.670,200.666,1,1,96414199332769,202.541
3,544,300,96414199541131,96414200360849,96414200738052,1196.921,377.203,1,1,96414200356769,381.283
3,545,300,96414200563705,96414201592270,96414201814808,1251.103,222.538,1,1,96414201585569,229.239
3,546,300,96414201809678,96414202817822,96414203031859,1222.181,214.037,1,1,96414202814369,217.490
3,547,300,96414203020899,96414203840487,96414204254910,1234.011,414.423,1,1,96414203838369,416.541
3,548,300,96414204050094,96414205068978,96414205477482,1427.388,408.504,1,1,96414205067169,410.313
3,549,300,96414205275935,96414206297979,96414206498876,1222.941,200.897,1,1,96414206295969,202.907
3,550,300,96414206507736,96414207526751,96414207715868,1208.132,189.117,1,1,96414207524769,191.099
3,551,300,96414207526751,96414208552386,96414208950539,1423.788,398.153,1,1,96414208548769,401.770
3,552,300,96414208755302,96414209784947,96414210048536,1293.234,263.589,1,1,96414209777569,270.967
3,553,300,96414209984054,96414211018269,96414211225026,1240.972,206.757,1,1,96414211006369,218.657
3,554,300,96414211213236,96414212032433,96414212460318,1247.082,427.885,1,1,96414212030369,429.949
3,555,300,96414212242150,96414213261225,96414213468512,1226.362,207.287,1,1,96414213259169,209.343
3,556,300,96414213467992,96414214489886,96414214682603,1214.611,192.717,1,1,96414214487969,194.634
3,557,300,96414214700033,96414215517941,96414215912344,1212.311,394.403,1,1,96414215511969,400.375
3,558,300,96414215718497,96414216744512,96414216965340,1246.843,220.828,1,1,96414216740769,224.571
3,559,300,96414216947020,96414217976184,96414218176641,1229.621,200.457,1,1,96414217969569,207.072
3,560,300,96414218176261,96414218995279,96414219420292,1244.031,425.013,1,1,96414218993569,426.723
3,561,300,96414219202116,96414220224400,96414220606793,1404.677,382.393,1,1,96414220222369,384.424
3,562,300,96414220435077,96414221465872,96414221706680,1271.603,240.808,1,1,96414221451169,255.511
3,563,300,96414221659519,96414222681993,96414222957333,1297.814,275.340,1,1,96414222679969,277.364
3,564,300,96414222681993,96414223709638,96414224181014,1499.021,471.376,1,1,96414223703969,477.045
3,565,300,96414223910305,96414224935589,96414225159897,1249.592,224.308,1,1,96414224932769,227.128
3,566,300,96414225139396,96414226168191,96414226381298,1241.902,213.107,1,1,96414226161569,219.729
3,567,300,96414226368568,96414227187425,96414227570628,1202.060,383.203,1,1,96414227185569,385.059
3,568,300,96414227393923,96414228416537,96414228614173,1220.250,197.636,1,1,96414228414369,199.804
3,569,300,96414228625514,96414229645098,96414229853796,1228.282,208.698,1,1,96414229643169,210.627
3,570,300,96414229851755,96414230670693,96414231051326,1199.571,380.633,1,1,96414230667169,384.157
3,571,300,96414230873710,96414231903755,96414232114422,1240.712,210.667,1,1,96414231895969,218.453
3,572,300,96414232102642,96414233128577,96414233331743,1229.101,203.166,1,1,96414233124769,206.974
3,573,300,96414233331343,96414234454231,96414234822364,1491.021,368.133,1,1,96414234148769,673.595
3,574,300,96414234455131,96414235379122,96414235816057,1360.926,436.935,1,1,96414235377569,438.488
3,575,300,96414235585269,96414236607623,96414236841551,1256.282,233.928,1,1,96414236606369,235.182
3,576,300,96414236816340,96414237836666,96414238229359,1413.019,392.693,1,1,96414237835169,394.190
3,577,300,96414237836666,96414238861590,96414239338886,1502.220,477.296,1,1,96414238859169,479.717
3,578,300,96414239064967,96414240091422,96414240328600,1263.633,237.178,1,1,96414240087969,240.631
3,579,300,96414240294008,96414241318863,96414241548320,1254.312,229.457,1,1,96414241316769,231.551
3,580,300,96414241522830,96414242341897,96414242860715,1337.885,518.818,1,1,96414242340769,519.946
3,581,300,96414242550244,96414243570579,96414244042225,1491.981,471.646,1,1,96414243569569,472.656
3,582,300,96414243777556,96414244799331,96414245040658,1263.102,241.327,1,1,96414244798369,242.289
3,583,300,96414245017728,96414245827085,96414246296581,1278.853,469.496,1,1,96414245822369,474.212
3,584,300,96414246028032,96414247054977,96414247363548,1335.516,308.571,1,1,96414247051169,312.379
3,585,300,96414247256944,96414248285138,96414248578118,1321.174,292.980,1,1,96414248279969,298.149
3,586,300,96414248486045,96414250034648,96414250545345,2059.300,510.697,1,1,96414249303969,1241.376
3,587,300,96414250037778,96414251025761,96414251364902,1327.124,339.141,1,1,96414250532769,832.133
3,588,300,96414251026852,96414251762496,96414252240823,1213.971,478.327,1,1,96414251761569,479.254
3,589,300,96414251970173,96414252991258,96414253226615,1256.442,235.357,1,1,96414252990369,236.246
3,590,300,96414252991258,96414254020133,96414254421875,1430.617,401.742,1,1,96414254014369,407.506
3,591,300,96414254220079,96414255246734,96414255512332,1292.253,265.598,1,1,96414255243169,269.163
3,592,300,96414255448850,96414256476735,96414256780286,1331.436,303.551,1,1,96414256471969,308.317
3,593,300,96414256677853,96414257496939,96414257956335,1278.482,459.396,1,1,96414257495969,460.366
3,594,300,96414257704426,96414258725732,96414258969409,1264.983,243.677,1,1,96414258724769,244.640
3,595,300,96414258934809,96414259954513,96414260197471,1262.662,242.958,1,1,96414259953569,243.902
3,596,300,96414260161810,96414260981117,96414261419902,1258.092,438.785,1,1,96414260977569,442.333
3,597,300,96414261183254,96414262211419,96414262487698,1304.444,276.279,1,1,96414262206369,281.329
3,598,300,96414262412056,96414263438061,96414263664398,1252.342,226.337,1,1,96414263435169,229.229
3,599,300,96414263640897,96414264460235,96414264885289,1244.392,425.054,1,1,96414264459169,426.120
3,600,300,96414264668522,96414265689247,96414266114101,1445.579,424.854,1,1,96414265687969,426.132
3,601,300,96414265895553,96414266917828,96414267113165,1217.612,195.337,1,1,96414266916769,196.396
3,602,300,96414267126165,96414268146580,96414268419979,1293.814,273.399,1,1,96414268145569,274.410
3,603,300,96414268146580,96414269171225,96414269583428,1436.848,412.203,1,1,96414269169569,413.859
3,604,300,96414269375311,96414270401186,96414270641844,1266.533,240.658,1,1,96414270398369,243.475
3,605,300,96414270604332,96414271628717,96414271832765,1228.433,204.048,1,1,96414271627169,205.596
3,606,300,96414271832905,96414272651912,96414273062326,1229.421,410.414,1,1,96414272651169,411.157
3,607,300,96414272858299,96414273880664,96414274109571,1251.272,228.907,1,1,96414273879969,229.602
3,608,300,96414274086270,96414275109535,96414275307272,1221.002,197.737,1,1,96414275108769,198.503
3,609,300,96414275316172,96414276135470,96414276515723,1199.551,380.253,1,1,96414276132769,382.954
3,610,300,96414276338236,96414277362741,96414277566658,1228.422,203.917,1,1,96414277361569,205.089
3,611,300,96414277567158,96414278593133,96414278793640,1226.482,200.507,1,1,96414278590369,203.271
3,612,300,96414278795940,96414279615347,96414280005410,1209.470,390.063,1,1,96414279614369,391.041
3,613,300,96414279820644,96414280844029,96414281254782,1434.138,410.753,1,1,96414280843169,411.613
3,614,300,96414281051086,96414282072590,96414282265967,1214.881,193.377,1,1,96414282071969,193.998
3,615,300,96414282278058,96414283301882,96414283504139,1226.081,202.257,1,1,96414283300769,203.370
3,616,300,96414283301882,96414284328237,96414284801073,1499.191,472.836,1,1,96414284324769,476.304
3,617,300,96414284530503,96414285555298,96414285779965,1249.462,224.667,1,1,96414285553569,226.396
3,618,300,96414285759505,96414286785089,96414286987167,1227.662,202.078,1,1,96414286782369,204.798
3,619,300,96414286988166,96414287807404,96414288202107,1213.941,394.703,1,1,96414287806369,395.738
3,620,300,96414288016611,96414289036486,96414289245143,1228.532,208.657,1,1,96414289035169,209.974
3,621,300,96414289242933,96414290265007,96414290487004,1244.071,221.997,1,1,96414290263969,223.035
3,622,300,96414290470384,96414291289622,96414291678485,1208.101,388.863,1,1,96414291287969,390.516
3,623,300,96414291493678,96414292519543,96414292737281,1243.603,217.738,1,1,96414292516769,220.512
3,624,300,96414292722531,96414293747175,96414293941941,1219.410,194.766,1,1,96414293745569,196.372
3,625,300,96414293951472,96414294779910,96414295192434,1240.962,412.524,1,1,96414294769569,422.865
3,626,300,96414294977007,96414295999371,96414296383274,1406.267,383.903,1,1,96414295998369,384.905
3,627,300,96414296204838,96414297227922,96414297444880,1240.042,216.958,1,1,96414297227169,217.711
3,628,300,96414297434399,96414298456704,96414298705273,1270.874,248.569,1,1,96414298455969,249.304
3,629,300,96414298456704,96414299481599,96414299927223,1470.519,445.624,1,1,96414299479969,447.254
3,630,300,96414299685936,96414300711580,96414300934137,1248.201,222.557,1,1,96414300708769,225.368
3,631,300,96414300914487,96414301939361,96414302144428,1229.941,205.067,1,1,96414301937569,206.859
3,632,300,96414302143298,96414302962536,96414303348479,1205.181,385.943,1,1,96414302961569,386.910
3,633,300,96414303169603,96414304191378,96414304419006,1249.403,227.628,1,1,96414304190369,228.637
3,634,300,96414304396785,96414305420169,96414305622676,1225.891,202.507,1,1,96414305419169,203.507
3,635,300,96414305626786,96414306446144,96414306906530,1279.744,460.386,1,1,96414306443169,463.361
3,636,300,96414306648761,96414307673615,96414307940505,1291.744,266.890,1,1,96414307671969,268.536
3,637,300,96414307877693,96414308903867,96414309104624,1226.931,200.757,1,1,96414308900769,203.855
3,638,300,96414309106484,96414309925762,96414310323765,1217.281,398.003,1,1,96414309924769,398.996
3,639,300,96414310131629,96414311154523,96414311542166,1410.537,387.643,1,1,96414311153569,388.597
3,640,300,96414311361860,96414312383344,96414312646284,1284.424,262.940,1,1,96414312382369,263.915
3,641,300,96414312588911,96414313611857,96414313829663,1240.752,217.806,1,1,96414313611169,218.494
3,642,300,96414313611857,96414314637461,96414315022364,1410.507,384.903,1,1,96414314635169,387.195
3,643,300,96414314840808,96414315865882,96414316065959,1225.151,200.077,1,1,96414315863969,201.990
3,644,300,96414316069789,96414317096034,96414317331382,1261.593,235.348,1,1,96414317092769,238.613
3,645,300,96414317298890,96414318117998,96414318506022,1207.132,388.024,1,1,96414318116769,389.253
3,646,300,96414318323515,96414319346510,96414319556427,1232.912,209.917,1,1,96414319345569,210.858
3,647,300,96414319553717,96414320575562,96414320801169,1247.452,225.607,1,1,96414320574369,226.800
3,648,300,96414320781018,96414321600386,96414321999750,1218.732,399.364,1,1,96414321598369,401.381
3,649,300,96414321804103,96414322829878,96414323063576,1259.473,233.698,1,1,96414322827169,236.407
3,650,300,96414323032744,96414324057350,96414324315458,1282.714,258.108,1,1,96414324055969,259.489
3,651,300,96414324261566,96414325080804,96414325585441,1323.875,504.637,1,1,96414325079969,505.472
3,652,300,96414325287661,96414326309505,96414326715069,1427.408,405.564,1,1,96414326308769,406.300
3,653,300,96414326514872,96414327538407,96414327794575,1279.703,256.168,1,1,96414327537569,257.006
3,654,300,96414327745193,96414328767029,96414329045237,1300.044,278.208,1,1,96414328766369,278.868
3,655,300,96414328767029,96414329791693,96414330229728,1462.699,438.035,1,1,96414329790369,439.359
3,656,300,96414329995840,96414331360216,96414331675837,1679.997,315.621,1,1,96414331019169,656.668
3,657,300,96414331360886,96414332906979,96414333327343,1966.457,420.364,1,1,96414332247969,1079.374
3,658,300,96414332907649,96414333272740,96414333940753,1033.104,668.013,1,1,96414333271969,668.784
3,659,300,96414333480327,96414334637607,96414334934797,1454.470,297.190,1,1,96414334500769,434.028
3,660,300,96414334707499,96414335730324,96414336079675,1372.176,349.351,1,1,96414335729569,350.106
3,661,300,96414335938271,96414336757129,96414337207733,1269.462,450.604,1,1,96414336753569,454.164
3,662,300,96414336959285,96414337984520,96414338267030,1307.745,282.510,1,1,96414337982369,284.661
3,663,300,96414338188036,96414339216451,96414339478621,1290.585,262.170,1,1,96414339211169,267.452
3,664,300,96414339416619,96414340235926,96414340700591,1283.972,464.665,1,1,96414340235169,465.422
3,665,300,96414340442763,96414341464688,96414341959224,1516.461,494.536,1,1,96414341463969,495.255
3,666,300,96414341673395,96414342693429,96414343096443,1423.048,403.014,1,1,96414342692769,403.674
3,667,300,96414342900436,96414343922421,96414344218000,1317.564,295.579,1,1,96414343921569,296.431
3,668,300,96414344131468,96414344950525,96414345449213,1317.745,498.688,1,1,96414344945569,503.644
3,669,300,96414345151132,96414346177337,96414346482747,1331.615,305.410,1,1,96414346174369,308.378
3,670,300,96414346379913,96414347408298,96414347672467,1292.554,264.169,1,1,96414347403169,269.298
3,671,300,96414347608695,96414348427923,96414348927929,1319.234,500.006,1,1,96414348427169,500.760
3,672,300,96414348634959,96414349656795,96414349931343,1296.384,274.548,1,1,96414349655969,275.374
3,673,300,96414349865922,96414350885576,96414351219787,1353.865,334.211,1,1,96414350884769,335.018
3,674,300,96414351092383,96414351911671,96414352365056,1272.673,453.385,1,1,96414351908769,456.287
3,675,300,96414352114757,96414353142762,96414353400781,1286.024,258.019,1,1,96414353137569,263.212
3,676,300,96414353343178,96414354369213,96414354622392,1279.214,253.179,1,1,96414354366369,256.023
3,677,300,96414354571891,96414355391139,96414355917755,1345.864,526.616,1,1,96414355390369,527.386
3,678,300,96414355600366,96414356619850,96414357053594,1453.228,433.744,1,1,96414356619169,434.425
3,679,300,96414356826737,96414357848641,96414358113381,1286.644,264.740,1,1,96414357847969,265.412
3,680,300,96414358058018,96414359077562,96414359445935,1387.917,368.373,1,1,96414359076769,369.166
3,681,300,96414359284220,96414360103397,96414360592854,1308.634,489.457,1,1,96414360100769,492.085
3,682,300,96414360306244,96414361334939,96414361608459,1302.215,273.520,1,1,96414361329569,278.890
3,683,300,96414361535136,96414362560990,96414362853120,1317.984,292.130,1,1,96414362558369,294.751
3,684,300,96414362763947,96414363583095,96414364114533,1350.586,531.438,1,1,96414363582369,532.164
3,685,300,96414363792642,96414364811867,96414365168648,1376.006,356.781,1,1,96414364811169,357.479
3,686,300,96414365019534,96414366040748,96414366290387,1270.853,249.639,1,1,96414366039969,250.418
3,687,300,96414366250215,96414367069263,96414367676164,1425.949,606.901,1,1,96414367063969,612.195
3,688,300,96414367269499,96414368295824,96414368640906,1371.407,345.082,1,1,96414368292769,348.137
3,689,300,96414368498311,96414369526806,96414369833197,1334.886,306.391,1,1,96414369521569,311.628
3,690,300,96414369727203,96414370546371,96414371000566,1273.363,454.195,1,1,96414370545569,454.997
3,691,300,96414370753238,96414371775602,96414372239738,1486.500,464.136,1,1,96414371774369,465.369
3,692,300,96414371985419,96414373011354,96414373346595,1361.176,335.241,1,1,96414373003169,343.426
3,693,300,96414373210670,96414374232724,96414374463632,1252.962,230.908,1,1,96414374231969,231.663
3,694,300,96414374441361,96414375260969,96414375752086,1310.725,491.117,1,1,96414375255969,496.117
3,695,300,96414375461977,96414376487141,96414376754660,1292.683,267.519,1,1,96414376484769,269.891
3,696,300,96414376690318,96414377718273,96414378026733,1336.415,308.460,1,1,96414377713569,313.164
3,697,300,96414377919119,96414378738327,96414379184042,1264.923,445.715,1,1,96414378737569,446.473
3,698,300,96414378945104,96414379967109,96414380272719,1327.615,305.610,1,1,96414379966369,306.350
3,699,300,96414380176206,96414381196080,96414381519651,1343.445,323.571,1,1,96414381195169,324.482
3,700,300,96414381402887,96414382222205,96414382690530,1287.643,468.325,1,1,96414382219169,471.361
3,701,300,96414382424872,96414383453117,96414383719435,1294.563,266.318,1,1,96414383447969,271.466
3,702,300,96414383653443,96414384679428,96414384938237,1284.794,258.809,1,1,96414384676769,261.468
3,703,300,96414384882355,96414385701393,96414386186468,1304.113,485.075,1,1,96414385700769,485.699
3,704,300,96414385910810,96414386930624,96414387394600,1483.790,463.976,1,1,96414386929569,465.031
3,705,300,96414387137241,96414388159165,96414388427884,1290.643,268.719,1,1,96414388158369,269.515
3,706,300,96414388368102,96414389388037,96414389723588,1355.486,335.551,1,1,96414389387169,336.419
3,707,300,96414389594654,96414390413451,96414390892618,1297.964,479.167,1,1,96414390411169,481.449
3,708,300,96414390616769,96414391645004,96414391942203,1325.434,297.199,1,1,96414391639969,302.234
3,709,300,96414391845590,96414392871185,96414393139524,1293.934,268.339,1,1,96414392868769,270.755
3,710,300,96414393074271,96414393893519,96414394360215,1285.944,466.696,1,1,96414393892769,467.446
3,711,300,96414394102796,96414395122450,96414395421051,1318.255,298.601,1,1,96414395121569,299.482
3,712,300,96414395328968,96414396351053,96414396608581,1279.613,257.528,1,1,96414396350369,258.212
3,713,300,96414396559110,96414397378507,96414397862554,1303.444,484.047,1,1,96414397374369,488.185
3,714,300,96414397579924,96414398604508,96414398850526,1270.602,246.018,1,1,96414398603169,247.357
3,715,300,96414398808705,96414399836160,96414400159081,1350.376,322.921,1,1,96414399831969,327.112
3,716,300,96414400037457,96414401062172,96414401299979,1262.522,237.807,1,1,96414401060769,239.210
3,717,300,96414401062172,96414402085566,96414402515840,1453.668,430.274,1,1,96414402084769,431.071
3,718,300,96414402293083,96414403314298,96414403569786,1276.703,255.488,1,1,96414403313569,256.217
3,719,300,96414403519704,96414404543139,96414404790108,1270.404,246.969,1,1,96414404542369,247.739
3,720,300,96414404750996,96414405570014,96414406011369,1260.373,441.355,1,1,96414405566369,445.000
3,721,300,96414405773681,96414406796466,96414407041324,1267.643,244.858,1,1,96414406795169,246.155
3,722,300,96414407000672,96414408028057,96414408269785,1269.113,241.728,1,1,96414408023969,245.816
3,723,300,96414408229554,96414409048901,96414409476776,1247.222,427.875,1,1,96414409047969,428.807
3,724,300,96414409254088,96414410277473,96414410535182,1281.094,257.709,1,1,96414410276769,258.413
3,725,300,96414410485251,96414411506255,96414411867107,1381.856,360.852,1,1,96414411505569,361.538
3,726,300,96414411711712,96414412530869,96414412977474,1265.762,446.605,1,1,96414412529569,447.905
3,727,300,96414412735066,96414413762121,96414414037020,1301.954,274.899,1,1,96414413758369,278.651
3,728,300,96414413963967,96414414988382,96414415301892,1337.925,313.510,1,1,96414414987169,314.723
3,729,300,96414415192799,96414416220464,96414416448892,1256.093,228.428,1,1,96414416215969,232.923
3,730,300,96414416220464,96414417240699,96414417670433,1449.969,429.734,1,1,96414417239969,430.464
3,731,300,96414417446165,96414418469510,96414418712268,1266.103,242.758,1,1,96414418468769,243.499
3,732,300,96414418677467,96414419698351,96414420003592,1326.125,305.241,1,1,96414419697569,306.023
3,733,300,96414419903789,96414420722896,96414421134980,1231.191,412.084,1,1,96414420721569,413.411
3,734,300,96414420927483,96414421954158,96414422189505,1262.022,235.347,1,1,96414421950369,239.136
3,735,300,96414422156004,96414423180729,96414423382526,1226.522,201.797,1,1,96414423179169,203.357
3,736,300,96414423384916,96414424203914,96414424682780,1297.864,478.866,1,1,96414424203169,479.611
3,737,300,96414424411280,96414425432715,96414425692404,1281.124,259.689,1,1,96414425431969,260.435
3,738,300,96414425638033,96414426661557,96414426872824,1234.791,211.267,1,1,96414426660769,212.055
3,739,300,96414426868954,96414427688082,96414428222289,1353.335,534.207,1,1,96414427684769,537.520
3,740,300,96414427890258,96414428914823,96414429153581,1263.323,238.758,1,1,96414428913569,240.012
3,741,300,96414429119170,96414430145984,96414430369642,1250.472,223.658,1,1,96414430142369,227.273
3,742,300,96414430347862,96414431372786,96414431576513,1228.651,203.727,1,1,96414431371169,205.344
3,743,300,96414431372786,96414432395841,96414432826795,1454.009,430.954,1,1,96414432395169,431.626
3,744,300,96414432602458,96414433624702,96414433916332,1313.874,291.630,1,1,96414433623969,292.363
3,745,300,96414433830109,96414434853463,96414435067521,1237.412,214.058,1,1,96414434852769,214.752
3,746,300,96414435059851,96414435879188,96414436274551,1214.700,395.363,1,1,96414435876769,397.782
3,747,300,96414436083166,96414437107130,96414437328117,1244.951,220.987,1,1,96414437105569,222.548
3,748,300,96414437312507,96414438336831,96414438578069,1265.562,241.238,1,1,96414438334369,243.700
3,749,300,96414438539818,96414439359076,96414439741459,1201.641,382.383,1,1,96414439358369,383.090
3,750,300,96414439564433,96414440587947,96414440798744,1234.311,210.797,1,1,96414440587169,211.575
3,751,300,96414440794385,96414441816679,96414442056587,1262.202,239.908,1,1,96414441815969,240.618
3,752,300,96414442022146,96414442841194,96414443248517,1226.371,407.323,1,1,96414442839969,408.548
3,753,300,96414443045540,96414444071555,96414444287353,1241.813,215.798,1,1,96414444068769,218.584
3,754,300,96414444274322,96414445883036,96414446398284,2123.962,515.248,1,1,96414445297569,1100.715
3,755,300,96414445884046,96414446529029,96414446910671,1026.625,381.642,1,1,96414446526369,384.302
3,756,300,96414446529029,96414447553073,96414448058120,1529.091,505.047,1,1,96414447550369,507.751
3,757,300,96414447756810,96414448779934,96414448994612,1237.802,214.678,1,1,96414448779169,215.443
3,758,300,96414448986661,96414450008765,96414450249674,1263.013,240.909,1,1,96414450007969,241.705
3,759,300,96414450214403,96414451033230,96414451466615,1252.212,433.385,1,1,96414451031969,434.646
3,760,300,96414451237708,96414452263342,96414452477929,1240.221,214.587,1,1,96414452260769,217.160
3,761,300,96414452466369,96414453491213,96414453704831,1238.462,213.618,1,1,96414453489569,215.262
3,762,300,96414453695090,96414454514448,96414454922342,1227.252,407.894,1,1,96414454513569,408.773
3,763,300,96414454720895,96414455743359,96414456004268,1283.373,260.909,1,1,96414455742369,261.899
3,764,300,96414455948717,96414456971911,96414457192438,1243.721,220.527,1,1,96414456971169,221.269
3,765,300,96414457178928,96414457998676,96414458397580,1218.652,398.904,1,1,96414457995169,402.411
3,766,300,96414458200693,96414459225317,96414459424234,1223.541,198.917,1,1,96414459223969,200.265
3,767,300,96414459429524,96414460455199,96414460668416,1238.892,213.217,1,1,96414460452769,215.647
3,768,300,96414460658406,96414461682911,96414461874226,1215.820,191.315,1,1,96414461681569,192.657
3,769,300,96414461682911,96414462706265,96414463124789,1441.878,418.524,1,1,96414462705569,419.220
3,770,300,96414462913492,96414463935156,96414464178654,1265.162,243.498,1,1,96414463934369,244.285
3,771,300,96414464140733,96414465164138,96414465357494,1216.761,193.356,1,1,96414465163169,194.325
3,772,300,96414465370464,96414466189942,96414466600237,1229.773,410.295,1,1,96414466187169,413.068
3,773,300,96414466392760,96414467417334,96414467618781,1226.021,201.447,1,1,96414467415969,202.812
3,774,300,96414467621421,96414468647676,96414468881754,1260.333,234.078,1,1,96414468644769,236.985
3,775,300,96414468850972,96414469669440,96414470049373,1198.401,379.933,1,1,96414469668769,380.604
3,776,300,96414469874997,96414470898381,96414471105868,1230.871,207.487,1,1,96414470897569,208.299
3,777,300,96414471105658,96414472127414,96414472324160,1218.502,196.746,1,1,96414472126369,197.791
3,778,300,96414472332480,96414473151808,96414473531961,1199.481,380.153,1,1,96414473150369,381.592
3,779,300,96414473355815,96414474381930,96414474629038,1273.223,247.108,1,1,96414474379169,249.869
3,780,300,96414474584726,96414475609191,96414475825218,1240.492,216.027,1,1,96414475607969,217.249
3,781,300,96414475813468,96414476839673,96414477071600,1258.132,231.927,1,1,96414476836769,234.831
3,782,300,96414476839673,96414477861537,96414478281502,1441.829,419.965,1,1,96414477860769,420.733
3,783,300,96414478066954,96414479090339,96414479293345,1226.391,203.006,1,1,96414479089569,203.776
3,784,300,96414479296975,96414480319130,96414480584600,1287.625,265.470,1,1,96414480318369,266.231
3,785,300,96414480524527,96414481343694,96414481741388,1216.861,397.694,1,1,96414481342369,399.019
3,786,300,96414481547892,96414482574177,96414482785453,1237.561,211.276,1,1,96414482571169,214.284
3,787,300,96414482776643,96414483802268,96414483992655,1216.012,190.387,1,1,96414483799969,192.686
3,788,300,96414484014215,96414484825792,96414485286338,1272.123,460.546,1,1,96414484823969,462.369
3,789,300,96414485031699,96414486053664,96414486296722,1265.023,243.058,1,1,96414486052769,243.953
3,790,300,96414486258891,96414487282636,96414487486092,1227.201,203.456,1,1,96414487281569,204.523
3,791,300,96414487488883,96414488307870,96414488749886,1261.003,442.016,1,1,96414488305569,444.317
3,792,300,96414488511157,96414489535872,96414489747799,1236.642,211.927,1,1,96414489534369,213.430
3,793,300,96414489740258,96414490766293,96414490973930,1233.672,207.637,1,1,96414490763169,210.761
3,794,300,96414490968711,96414491993385,96414492198492,1229.781,205.107,1,1,96414491991969,206.523
3,795,300,96414491993385,96414493016750,96414493401152,1407.767,384.402,1,1,96414493015969,385.183
3,796,300,96414493222836,96414494245551,96414494543351,1320.515,297.800,1,1,96414494244769,298.582
3,797,300,96414494451178,96414495474262,96414495669169,1217.991,194.907,1,1,96414495473569,195.600
3,798,300,96414495680889,96414496499857,96414496904641,1223.752,404.784,1,1,96414496497569,407.072
3,799,300,96414496703224,96414497727759,96414497940845,1237.621,213.086,1,1,96414497726369,214.476
3,800,300,96414497931785,96414498957790,96414499236590,1304.805,278.800,1,1,96414498955169,281.421
3,801,300,96414499160857,96414499979855,96414500392038,1231.181,412.183,1,1,96414499979169,412.869
3,802,300,96414500185811,96414501208676,96414501410773,1224.962,202.097,1,1,96414501207969,202.804
3,803,300,96414501415143,96414502437498,96414502634594,1219.451,197.096,1,1,96414502436769,197.825
3,804,300,96414502643305,96414503462303,96414503864405,1221.100,402.102,1,1,96414503460769,403.636
3,805,300,96414503666319,96414504691654,96414504912761,1246.442,221.107,1,1,96414504689569,223.192
3,806,300,96414504895120,96414505919655,96414506138763,1243.643,219.108,1,1,96414505918369,220.394
3,807,300,96414506124152,96414507149746,96414507364284,1240.132,214.538,1,1,96414507147169,217.115
3,808,300,96414507149746,96414508171902,96414508588476,1438.730,416.574,1,1,96414508171169,417.307
3,809,300,96414508377529,96414509400803,96414509601219,1223.690,200.416,1,1,96414509399969,201.250
3,810,300,96414509607120,96414510629404,96414510839791,1232.671,210.387,1,1,96414510628769,211.022
3,811,300,96414510835011,96414511654129,96414512038852,1203.841,384.723,1,1,96414511652769,386.083
3,812,300,96414511858376,96414512883821,96414513115488,1257.112,231.667,1,1,96414512881569,233.919
3,813,300,96414513087268,96414514111782,96414514309428,1222.160,197.646,1,1,96414514110369,199.059
3,814,300,96414514315849,96414515135217,96414515552321,1236.472,417.104,1,1,96414515134369,417.952
3,815,300,96414515341604,96414516363938,96414516568575,1226.971,204.637,1,1,96414516363169,205.406
3,816,300,96414516569395,96414517592600,96414517793087,1223.692,200.487,1,1,96414517591969,201.118
3,817,300,96414517799237,96414518618435,96414519036789,1237.552,418.354,1,1,96414518615969,420.820
3,818,300,96414518821561,96414519846326,96414520058273,1236.712,211.947,1,1,96414519844769,213.504
3,819,300,96414520050313,96414521076117,96414521279724,1229.411,203.607,1,1,96414521073569,206.155
3,820,300,96414521279094,96414522303580,96414522507026,1227.932,203.446,1,1,96414522302369,204.657
3,821,300,96414522303580,96414523327214,96414523745248,1441.668,418.034,1,1,96414523326369,418.879
3,822,300,96414523533531,96414524555915,96414524806114,1272.583,250.199,1,1,96414524555169,250.945
3,823,300,96414524761392,96414525784716,96414525977373,1215.981,192.657,1,1,96414525783969,193.404
3,824,300,96414525991703,96414526811011,96414527283028,1291.325,472.017,1,1,96414526807969,475.059
3,825,300,96414527013618,96414528038113,96414528243180,1229.562,205.067,1,1,96414528036769,206.411
3,826,300,96414528242400,96414529268225,96414529474651,1232.251,206.426,1,1,96414529265569,209.082
3,827,300,96414529471161,96414530290329,96414530675372,1204.211,385.043,1,1,96414530289569,385.803
3,828,300,96414530495906,96414531519050,96414531739728,1243.822,220.678,1,1,96414531518369,221.359
3,829,300,96414531725827,96414532747832,96414532952879,1227.052,205.047,1,1,96414532747169,205.710
3,830,300,96414532953399,96414533778286,96414534177790,1224.391,399.504,1,1,96414533771169,406.621
3,831,300,96414533976694,96414535010748,96414535226506,1249.812,215.758,1,1,96414534999969,226.537
3,832,300,96414535205445,96414536230259,96414536442207,1236.762,211.948,1,1,96414536228769,213.438
3,833,300,96414536434266,96414537460061,96414537658588,1224.322,198.527,1,1,96414537457569,201.019
3,834,300,96414537460061,96414538482696,96414538912380,1452.319,429.684,1,1,96414538481569,430.811
3,835,300,96414538687733,96414539711107,96414539929944,1242.211,218.837,1,1,96414539710369,219.575
3,836,300,96414539918394,96414540939849,96414541179867,1261.473,240.018,1,1,96414540939169,240.698
3,837,300,96414541145405,96414541964503,96414542367827,1222.422,403.324,1,1,96414541963169,404.658
3,838,300,96414542168750,96414543195405,96414543393742,1224.992,198.337,1,1,96414543191969,201.773
3,839,300,96414543397452,96414544422157,96414544636804,1239.352,214.647,1,1,96414544420769,216.035
3,840,300,96414544626433,96414545445451,96414545886016,1259.583,440.565,1,1,96414545444769,441.247
3,841,300,96414545652068,96414546674242,96414546881659,1229.591,207.417,1,1,96414546673569,208.090
3,842,300,96414546879739,96414547903105,96414548143732,1263.993,240.627,1,1,96414547902369,241.363
3,843,300,96414548110132,96414548928899,96414549353603,1243.471,424.704,1,1,96414548926369,427.234
3,844,300,96414549131886,96414550156460,96414550370598,1238.712,214.138,1,1,96414550155169,215.429
3,845,300,96414550360657,96414551386572,96414551582109,1221.452,195.537,1,1,96414551383969,198.140
3,846,300,96414551589518,96414552614223,96414552828670,1239.152,214.447,1,1,96414552612769,215.901
3,847,300,96414552614223,96414553637608,96414554079212,1464.989,441.604,1,1,96414553636769,442.443
3,848,300,96414553844005,96414554866340,96414555132268,1288.263,265.928,1,1,96414554865569,266.699
3,849,300,96414555072006,96414556095271,96414556299347,1227.341,204.076,1,1,96414556094369,204.978
3,850,300,96414556304118,96414558503862,96414559095333,2791.215,591.471,1,1,96414557118369,1976.964
3,851,300,96414558505482,96414558511893,96414559228026,722.544,716.133,1,1,96414558347169,880.857
3,852,300,96414558552544,96414559578769,96414559888219,1335.675,309.450,1,1,96414559575969,312.250
3,853,300,96414559781656,96414560600973,96414561049118,1267.462,448.145,1,1,96414560599969,449.149
3,854,300,96414560806100,96414561829785,96414562052033,1245.933,222.248,1,1,96414561828769,223.264
3,855,300,96414562036091,96414563058906,96414563297264,1261.173,238.358,1,1,96414563057569,239.695
3,856,300,96414563264914,96414564085721,96414564476885,1211.971,391.164,1,1,96414564081569,395.316
3,857,300,96414564287308,96414565349844,96414565571461,1284.153,221.617,1,1,96414565310369,261.092
3,858,300,96414565516189,96414566541204,96414566755281,1239.092,214.077,1,1,96414566539168,216.113
3,859,300,96414566744961,96414567782036,96414567991623,1246.662,209.587,1,1,96414567767969,223.654
3,860,300,96414567782036,96414568792801,96414569168853,1386.817,376.052,1,1,96414568791969,376.884
3,861,300,96414568998637,96414570022282,96414570226099,1227.462,203.817,1,1,96414570020768,205.331
3,862,300,96414570228569,96414571250873,96414571456330,1227.761,205.457,1,1,96414571249568,206.762
3,863,300,96414571456250,96414572275898,96414572687241,1230.991,411.343,1,1,96414572273569,413.672
3,864,300,96414572499675,96414573505609,96414573782619,1282.944,277.010,1,1,96414573502369,280.250
3,865,300,96414573708257,96414574733061,96414574946869,1238.612,213.808,1,1,96414574731168,215.701
3,866,300,96414574937158,96414575756216,96414576176510,1239.352,420.294,1,1,96414575755169,421.341
3,867,300,96414575963512,96414576985147,96414577187134,1223.622,201.987,1,1,96414576983969,203.165
3,868,300,96414577191374,96414578213968,96414578409455,1218.081,195.487,1,1,96414578212769,196.686
3,869,300,96414578420756,96414579239743,96414579641677,1220.921,401.934,1,1,96414579236769,404.908
3,870,300,96414579442540,96414580467245,96414580675152,1232.612,207.907,1,1,96414580465569,209.583
3,871,300,96414580746784,96414581696676,96414581917044,1170.260,220.368,1,1,96414581694369,222.675
3,872,300,96414581899843,96414582924697,96414583177286,1277.443,252.589,1,1,96414582923169,254.117
3,873,300,96414582924697,96414583948133,96414585340649,2415.952,1392.516,1,1,96414583947169,1393.480
3,874,300,96414585035459,96414585177034,96414585643240,607.781,466.206,1,1,96414585175969,467.271
3,875,300,96414585382601,96414586405695,96414586659074,1276.473,253.379,1,1,96414586404769,254.305
3,876,300,96414586612312,96414587431400,96414587906056,1293.744,474.656,1,1,96414587428769,477.287
3,877,300,96414587634296,96414588659041,96414588893239,1258.943,234.198,1,1,96414588657569,235.670
3,878,300,96414588863049,96414589888983,96414590105090,1242.041,216.107,1,1,96414589886369,218.721
3,879,300,96414590092170,96414590911318,96414591330342,1238.172,419.024,1,1,96414590910369,419.973
3,880,300,96414591116635,96414592139879,96414592358197,1241.562,218.318,1,1,96414592139169,219.028
3,881,300,96414592347126,96414593368880,96414593596939,1249.813,228.059,1,1,96414593367969,228.970
3,882,300,96414593574128,96414594441657,96414594822290,1248.162,380.633,1,1,96414594391968,430.322
3,883,300,96414594597482,96414597024994,96414597396607,2799.125,371.613,1,1,96414595620769,1775.838
3,884,300,96414597028055,96414597035094,96414597533831,505.776,498.737,1,1,96414596849569,684.262
3,885,300,96414597054905,96414598082600,96414598378670,1323.765,296.070,1,1,96414598078369,300.301
3,886,300,96414598082600,96414599103364,96414599504898,1422.298,401.534,1,1,96414599102368,402.530
3,887,300,96414599309092,96414600425069,96414600635596,1326.504,210.527,1,1,96414600331169,304.427
3,888,300,96414600538843,96414601560747,96414601825346,1286.503,264.599,1,1,96414601559969,265.377
3,889,300,96414601766144,96414602585492,96414602991566,1225.422,406.074,1,1,96414602583968,407.598
3,890,300,96414602789469,96414603815983,96414604020721,1231.252,204.738,1,1,96414603812768,207.953
3,891,300,96414604019131,96414605042875,96414605251142,1232.011,208.267,1,1,96414605041569,209.573
3,892,300,96414605247102,96414606066300,96414606449543,1202.441,383.243,1,1,96414606065569,383.974
3,893,300,96414606273037,96414607295071,96414607529349,1256.312,234.278,1,1,96414607294368,234.981
3,894,300,96414607500598,96414608523882,96414608706589,1205.991,182.707,1,1,96414608523168,183.421
3,895,300,96414608730930,96414609550167,96414610070306,1339.376,520.139,1,1,96414609547169,523.137
3,896,300,96414609752765,96414610778999,96414610993046,1240.281,214.047,1,1,96414610775969,217.077
3,897,300,96414610981526,96414612014211,96414612225458,1243.932,211.247,1,1,96414612004768,220.690
3,898,300,96414612210397,96414613234872,96414613449029,1238.632,214.157,1,1,96414613233569,215.460
3,899,300,96414613234872,96414614258346,96414614646980,1412.108,388.634,1,1,96414614257569,389.411
3,900,300,96414614464944,96414615487078,96414615716036,1251.092,228.958,1,1,96414615486369,229.667
3,901,300,96414615692665,96414616715810,96414616923287,1230.622,207.477,1,1,96414616715168,208.119
3,902,300,96414616923367,96414617741984,96414618151468,1228.101,409.484,1,1,96414617739169,412.299
3,903,300,96414617944821,96414618969506,96414619172523,1227.702,203.017,1,1,96414618967969,204.554
3,904,300,96414619173503,96414620199048,96414620447806,1274.303,248.758,1,1,96414620196768,251.038
3,905,300,96414620402354,96414621221512,96414621621746,1219.392,400.234,1,1,96414621220769,400.977
3,906,300,96414621426809,96414622450423,96414622652390,1225.581,201.967,1,1,96414622449569,202.821
3,907,300,96414622656710,96414623679025,96414623897682,1240.972,218.657,1,1,96414623678369,219.313
3,908,300,96414623884602,96414624703759,96414625089833,1205.231,386.074,1,1,96414624702369,387.464
3,909,300,96414624908247,96414625934252,96414626145969,1237.722,211.717,1,1,96414625931169,214.800
3,910,300,96414626136708,96414627161393,96414627366459,1229.751,205.066,1,1,96414627159969,206.490
3,911,300,96414627365759,96414628391184,96414628608602,1242.843,217.418,1,1,96414628388769,219.833
3,912,300,96414628391184,96414629413498,96414629797542,1406.358,384.044,1,1,96414629412769,384.773
3,913,300,96414629618826,96414630642351,96414630858737,1239.911,216.386,1,1,96414630641569,217.168
3,914,300,96414630848778,96414631871062,96414632073558,1224.780,202.496,1,1,96414631870369,203.189
3,915,300,96414632076769,96414632895776,96414633262869,1186.100,367.093,1,1,96414632894369,368.500
3,916,300,96414633099893,96414634125678,96414634395147,1295.254,269.469,1,1,96414634123169,271.978
3,917,300,96414634328725,96414635353280,96414635557107,1228.382,203.827,1,1,96414635351969,205.138
3,918,300,96414635557497,96414636376704,96414636766467,1208.970,389.763,1,1,96414636375969,390.498
3,919,300,96414636583441,96414637605486,96414637828143,1244.702,222.657,1,1,96414637604769,223.374
3,920,300,96414637810862,96414638834197,96414639041794,1230.932,207.597,1,1,96414638833569,208.225
3,921,300,96414639040854,96414639860332,96414640294817,1253.963,434.485,1,1,96414639857569,437.248
3,922,300,96414640063179,96414641087974,96414641293711,1230.532,205.737,1,1,96414641086369,207.342
3,923,300,96414641291860,96414642318065,96414642554343,1262.483,236.278,1,1,96414642315169,239.174
3,924,300,96414642520652,96414643545676,96414643735613,1214.961,189.937,1,1,96414643543969,191.644
3,925,300,96414643545676,96414644568731,96414644965284,1419.608,396.553,1,1,96414644567969,397.315
3,926,300,96414644780798,96414645797483,96414645998269,1217.471,200.786,1,1,96414645796769,201.500
3,927,300,96414646009320,96414647026184,96414647227431,1218.111,201.247,1,1,96414647025569,201.862
3,928,300,96414647233181,96414648052609,96414648525884,1292.703,473.275,1,1,96414648049569,476.315
3,929,300,96414648255075,96414649280020,96414649487127,1232.052,207.107,1,1,96414649278369,208.758
3,930,300,96414649483918,96414650509872,96414650722259,1238.341,212.387,1,1,96414650507169,215.090
3,931,300,96414650712819,96414651531947,96414651960251,1247.432,428.304,1,1,96414651531169,429.082
3,932,300,96414651737293,96414652760738,96414652977795,1240.502,217.057,1,1,96414652759969,217.826
3,933,300,96414652967755,96414653989479,96414654203697,1235.942,214.218,1,1,96414653988769,214.928
3,934,300,96414654195566,96414655014734,96414655401817,1206.251,387.083,1,1,96414655012769,389.048
3,935,300,96414655218471,96414656244236,96414656449073,1230.602,204.837,1,1,96414656241569,207.504
3,936,300,96414656447013,96414657471977,96414657669614,1222.601,197.637,1,1,96414657470369,199.245
3,937,300,96414657675974,96414658701868,96414658914846,1238.872,212.978,1,1,96414658699169,215.677
3,938,300,96414658701868,96414659724063,96414660116917,1415.049,392.854,1,1,96414659723169,393.748
3,939,300,96414659929651,96414660952675,96414661161402,1231.751,208.727,1,1,96414660951969,209.433
3,940,300,96414661159662,96414662181606,96414662422844,1263.182,241.238,1,1,96414662180769,242.075
3,941,300,96414662387403,96414663206481,96414663585574,1198.171,379.093,1,1,96414663204769,380.805
3,942,300,96414663410268,96414664436092,96414664642379,1232.111,206.287,1,1,96414664433569,208.810
3,943,300,96414664639060,96414665664074,96414665856890,1217.830,192.816,1,1,96414665662369,194.521
3,944,300,96414665867881,96414666687169,96414667127894,1260.013,440.725,1,1,96414666686369,441.525
3,945,300,96414666893836,96414667915960,96414668133368,1239.532,217.408,1,1,96414667915169,218.199
3,946,300,96414668121577,96414669144921,96414669351398,1229.821,206.477,1,1,96414669143969,207.429
3,947,300,96414669351988,96414670170986,96414670676833,1324.845,505.847,1,1,96414670167969,508.864
3,948,300,96414670373444,96414671398458,96414671662447,1289.003,263.989,1,1,96414671396769,265.678
3,949,300,96414671602455,96414672630590,96414672889698,1287.243,259.108,1,1,96414672625569,264.129
3,950,300,96414672831896,96414673856241,96414674072348,1240.452,216.107,1,1,96414673854369,217.979
3,951,300,96414673856241,96414674879315,96414675301619,1445.378,422.304,1,1,96414674878369,423.250
3,952,300,96414675087362,96414676408607,96414676787630,1700.268,379.023,1,1,96414676107169,680.461
3,953,300,96414676409347,96414677337099,96414677643008,1233.661,305.909,1,1,96414677335969,307.039
3,954,300,96414677546146,96414678364883,96414678820548,1274.402,455.665,1,1,96414678359969,460.579
3,955,300,96414678566210,96414679590904,96414679837062,1270.852,246.158,1,1,96414679588769,248.293
3,956,300,96414679794702,96414680821676,96414681113767,1319.065,292.091,1,1,96414680817569,296.198
3,957,300,96414681023173,96414681842461,96414682310966,1287.793,468.505,1,1,96414681841569,469.397
3,958,300,96414682048618,96414683113754,96414683350372,1301.754,236.618,1,1,96414683070369,280.003
3,959,300,96414683279549,96414684300093,96414684558313,1278.764,258.220,1,1,96414684299169,259.144
3,960,300,96414684505910,96414685324898,96414685792064,1286.154,467.166,1,1,96414685323169,468.895
3,961,300,96414685529236,96414686557270,96414686820749,1291.513,263.479,1,1,96414686551969,268.780
3,962,300,96414686757997,96414687782852,96414688036240,1278.243,253.388,1,1,96414687780769,255.471
3,963,300,96414687986688,96414689066105,96414689326794,1340.106,260.689,1,1,96414689009569,317.225
3,964,300,96414689066105,96414690034697,96414690441321,1375.216,406.624,1,1,96414690033569,407.752
3,965,300,96414690240664,96414691263569,96414691489677,1249.013,226.108,1,1,96414691262369,227.308
3,966,300,96414691471766,96414692492611,96414692743539,1271.773,250.928,1,1,96414692491169,252.370
3,967,300,96414692698258,96414693517385,96414693946419,1248.161,429.034,1,1,96414693515169,431.250
3,968,300,96414693720962,96414694749367,96414695029437,1308.475,280.070,1,1,96414694743969,285.468
3,969,300,96414694949873,96414695974299,96414696214916,1265.043,240.617,1,1,96414695972769,242.147
3,970,300,96414696178565,96414696997463,96414697460249,1281.684,462.786,1,1,96414696996769,463.480
3,971,300,96414697205900,96414698226374,96414698530854,1324.954,304.480,1,1,96414698225569,305.285
3,972,300,96414698431921,96414699455066,96414699676924,1245.003,221.858,1,1,96414699454369,222.555
3,973,300,96414699663693,96414700482840,96414700912866,1249.173,430.026,1,1,96414700478369,434.497
3,974,300,96414700683948,96414701708573,96414701963950,1280.002,255.377,1,1,96414701707169,256.781
3,975,300,96414701912629,96414702940854,96414703188362,1275.733,247.508,1,1,96414702935969,252.393
3,976,300,96414703141640,96414704166645,96414704410184,1268.544,243.539,1,1,96414704164769,245.415
3,977,300,96414704166645,96414705189509,96414705619875,1453.230,430.366,1,1,96414705188769,431.106
3,978,300,96414705398286,96414706418372,96414706694830,1296.544,276.458,1,1,96414706417569,277.261
3,979,300,96414706624038,96414707647153,96414707872390,1248.352,225.237,1,1,96414707646369,226.021
3,980,300,96414707856160,96414708674888,96414709114613,1258.453,439.725,1,1,96414708670369,444.244
3,981,300,96414708875954,96414709901079,96414710122327,1246.373,221.248,1,1,96414709899169,223.158
3,982,300,96414710105015,96414711132440,96414711365948,1260.933,233.508,1,1,96414711127969,237.979
3,983,300,96414711333518,96414712152905,96414712561919,1228.401,409.014,1,1,96414712151969,409.950
3,984,300,96414712358122,96414713381507,96414713655896,1297.774,274.389,1,1,96414713380769,275.127
3,985,300,96414713589734,96414714610248,96414714886937,1297.203,276.689,1,1,96414714609569,277.368
3,986,300,96414714815835,96414715634842,96414716073037,1257.202,438.195,1,1,96414715633569,439.468
3,987,300,96414715839070,96414716867254,96414717116423,1277.353,249.169,1,1,96414716862369,254.054
3,988,300,96414717068011,96414718092606,96414718340984,1272.973,248.378,1,1,96414718091169,249.815
3,989,300,96414718296663,96414719324097,96414719583797,1287.134,259.700,1,1,96414719319969,263.828
3,990,300,96414719324097,96414720344832,96414720757086,1432.989,412.254,1,1,96414720343969,413.117
3,991,300,96414720550138,96414721573464,96414721805401,1255.263,231.937,1,1,96414721572769,232.632
3,992,300,96414721781971,96414722802935,96414723041653,1259.682,238.718,1,1,96414722801569,240.084
3,993,300,96414723014282,96414723826900,96414724225453,1211.171,398.553,1,1,96414723825569,399.884
3,994,300,96414724031056,96414725058561,96414725277559,1246.503,218.998,1,1,96414725054369,223.190
3,995,300,96414725259898,96414726284892,96414726499100,1239.202,214.208,1,1,96414726283169,215.931
3,996,300,96414726488760,96414727307908,96414727731681,1242.921,423.773,1,1,96414727307169,424.512
3,997,300,96414727516385,96414728537109,96414728800617,1284.232,263.508,1,1,96414728535969,264.648
3,998,300,96414728742466,96414729765540,96414730004969,1262.503,239.429,1,1,96414729764769,240.200
3,999,300,96414729973737,96414730799725,96414731486028,1512.291,686.303,1,1,96414730788769,697.259
3,1000,300,96414730994521,96414732019037,96414732331817,1337.296,312.780,1,1,96414732017569,314.248
3,1001,300,96414732223134,96414733250678,96414733510007,1286.873,259.329,1,1,96414733246369,263.638
3,1002,300,96414733452045,96414734476549,96414734707307,1255.262,230.758,1,1,96414734475169,232.138
3,1003,300,96414734476549,96414735499924,96414735974461,1497.912,474.537,1,1,96414735499169,475.292
3,1004,300,96414735708641,96414736728816,96414737003695,1295.054,274.879,1,1,96414736727969,275.726
3,1005,300,96414736934143,96414737957467,96414738224376,1290.233,266.909,1,1,96414737956769,267.607
3,1006,300,96414738165674,96414738985242,96414739472278,1306.604,487.036,1,1,96414738980769,491.509
3,1007,300,96414739186399,96414740210863,96414740440031,1253.632,229.168,1,1,96414740209569,230.462
3,1008,300,96414740415100,96414741442805,96414741723635,1308.535,280.830,1,1,96414741438369,285.266
3,1009,300,96414741643872,96414742463130,96414742888083,1244.211,424.953,1,1,96414742462369,425.714
3,1010,300,96414742668457,96414743691851,96414743920599,1252.142,228.748,1,1,96414743691169,229.430
3,1011,300,96414743900078,96414744920942,96414745133300,1233.222,212.358,1,1,96414744919969,213.331
3,1012,300,96414745126269,96414745945447,96414746327660,1201.391,382.213,1,1,96414745943969,383.691
3,1013,300,96414746149624,96414747176648,96414747387246,1237.622,210.598,1,1,96414747172769,214.477
3,1014,300,96414747378316,96414748402930,96414748599756,1221.440,196.826,1,1,96414748401569,198.187
3,1015,300,96414748607097,96414749634962,96414749850509,1243.412,215.547,1,1,96414749630369,220.140
3,1016,300,96414749634962,96414750655176,96414751043160,1408.198,387.984,1,1,96414750654369,388.791
3,1017,300,96414750860923,96414751884727,96414752091285,1230.362,206.558,1,1,96414751883169,208.116
3,1018,300,96414752090835,96414753112780,96414753327177,1236.342,214.397,1,1,96414753111969,215.208
3,1019,300,96414753318146,96414754137664,96414754518997,1200.851,381.333,1,1,96414754135969,383.028
3,1020,300,96414754341421,96414755367385,96414755619894,1278.473,252.509,1,1,96414755364769,255.125
3,1021,300,96414755570232,96414756594887,96414756799644,1229.412,204.757,1,1,96414756593569,206.075
3,1022,300,96414756799084,96414757618332,96414758031196,1232.112,412.864,1,1,96414757617569,413.627
3,1023,300,96414757825049,96414758847093,96414759055730,1230.681,208.637,1,1,96414758846369,209.361
3,1024,300,96414759052820,96414760075765,96414760291512,1238.692,215.747,1,1,96414760075169,216.343
3,1025,300,96414760282371,96414761101919,96414761522273,1239.902,420.354,1,1,96414761099169,423.104
3,1026,300,96414761304736,96414762329291,96414762532628,1227.892,203.337,1,1,96414762327969,204.659
3,1027,300,96414762533488,96414763559143,96414763780330,1246.842,221.187,1,1,96414763556769,223.561
3,1028,300,96414763762309,96414764786974,96414764999451,1237.142,212.477,1,1,96414764785569,213.882
3,1029,300,96414764786974,96414765810428,96414766189861,1402.887,379.433,1,1,96414765809569,380.292
3,1030,300,96414766017515,96414767039140,96414767271037,1253.522,231.897,1,1,96414767038369,232.668
3,1031,300,96414767244457,96414768267882,96414768458608,1214.151,190.726,1,1,96414768267169,191.439
3,1032,300,96414768474289,96414769293916,96414769701820,1227.531,407.904,1,1,96414769291169,410.651
3,1033,300,96414769496713,96414770521488,96414770716024,1219.311,194.536,1,1,96414770519969,196.055
3,1034,300,96414770725584,96414771751189,96414771966306,1240.722,215.117,1,1,96414771748769,217.537
3,1035,300,96414771954376,96414772773904,96414773157327,1202.951,383.423,1,1,96414772772769,384.558
3,1036,300,96414772978931,96414774010055,96414774226753,1247.822,216.698,1,1,96414774001569,225.184
3,1037,300,96414774209192,96414775231057,96414775433363,1224.171,202.306,1,1,96414775230369,202.994
3,1038,300,96414775436523,96414776255771,96414776651895,1215.372,396.124,1,1,96414776254369,397.526
3,1039,300,96414776459878,96414777485793,96414777687370,1227.492,201.577,1,1,96414777483169,204.201
3,1040,300,96414777688630,96414778713575,96414778942933,1254.303,229.358,1,1,96414778711969,230.964
3,1041,300,96414778917961,96414779943316,96414780157614,1239.653,214.298,1,1,96414779940769,216.845
3,1042,300,96414779943316,96414780965550,96414781341973,1398.657,376.423,1,1,96414780964769,377.204
3,1043,300,96414781171017,96414782194532,96414782399519,1228.502,204.987,1,1,96414782193569,205.950
3,1044,300,96414782401130,96414783423084,96414783727844,1326.714,304.760,1,1,96414783422369,305.475
3,1045,300,96414783628521,96414784447839,96414784844822,1216.301,396.983,1,1,96414784446369,398.453
3,1046,300,96414784652015,96414785677860,96414785901157,1249.142,223.297,1,1,96414785675169,225.988
3,1047,300,96414785880666,96414786905571,96414787126439,1245.773,220.868,1,1,96414786903969,222.470
3,1048,300,96414787109609,96414787928606,96414788380891,1271.282,452.285,1,1,96414787927969,452.922
3,1049,300,96414788135523,96414789838520,96414790122990,1987.467,284.470,1,1,96414789156769,966.221
3,1050,300,96414789840130,96414790386579,96414790671678,831.548,285.099,1,1,96414790385569,286.109
3,1051,300,96414790593316,96414791413234,96414791899770,1306.454,486.536,1,1,96414791409569,490.201
3,1052,300,96414791615960,96414792639815,96414792857582,1241.622,217.767,1,1,96414792638369,219.213
3,1053,300,96414792843902,96414793869897,96414794075484,1231.582,205.587,1,1,96414793867169,208.315
3,1054,300,96414794072724,96414795097848,96414795298185,1225.461,200.337,1,1,96414795095969,202.216
3,1055,300,96414795097848,96414796120943,96414796520676,1422.828,399.733,1,1,96414796119969,400.707
3,1056,300,96414796346110,96414797350794,96414797616344,1270.234,265.550,1,1,96414797348769,267.575
3,1057,300,96414797555142,96414798578256,96414798799713,1244.571,221.457,1,1,96414798577569,222.144
3,1058,300,96414798785513,96414799604611,96414799977663,1192.150,373.052,1,1,96414799601569,376.094
3,1059,300,96414799807127,96414800831682,96414801042399,1235.272,210.717,1,1,96414800830369,212.030
3,1060,300,96414801035929,96414802062393,96414802315932,1280.003,253.539,1,1,96414802059169,256.763
3,1061,300,96414802264681,96414803084008,96414803523822,1259.141,439.814,1,1,96414803083169,440.653
3,1062,300,96414803289215,96414804312750,96414804534107,1244.892,221.357,1,1,96414804311969,222.138
3,1063,300,96414804519497,96414805541491,96414805787349,1267.852,245.858,1,1,96414805540769,246.580
3,1064,300,96414805746898,96414806566076,96414806956039,1209.141,389.963,1,1,96414806564769,391.270
3,1065,300,96414806775263,96414807796277,96414808036456,1261.193,240.179,1,1,96414807793569,242.887
3,1066,300,96414807999085,96414809023879,96414809230546,1231.461,206.667,1,1,96414809022369,208.177
3,1067,300,96414809227876,96414810253750,96414810474287,1246.411,220.537,1,1,96414810251169,223.118
3,1068,300,96414810253750,96414811275895,96414811687288,1433.538,411.393,1,1,96414811275169,412.119
3,1069,300,96414811481342,96414812504686,96414812705933,1224.591,201.247,1,1,96414812503969,201.964
3,1070,300,96414812723034,96414813733888,96414813958196,1235.162,224.308,1,1,96414813732769,225.427
3,1071,300,96414813938785,96414814758583,96414815133546,1194.761,374.963,1,1,96414814756769,376.777
3,1072,300,96414814962330,96414815988104,96414816240473,1278.143,252.369,1,1,96414815985569,254.904
3,1073,300,96414816191171,96414817215865,96414817432043,1240.872,216.178,1,1,96414817214369,217.674
3,1074,300,96414817419953,96414818239060,96414818663514,1243.561,424.454,1,1,96414818238369,425.145
3,1075,300,96414818446288,96414819467962,96414819710180,1263.892,242.218,1,1,96414819467169,243.011
3,1076,300,96414819673349,96414820696803,96414820904370,1231.021,207.567,1,1,96414820695969,208.401
3,1077,300,96414820904030,96414821722828,96414822112551,1208.521,389.723,1,1,96414821719969,392.582
3,1078,300,96414821925565,96414822950289,96414823163747,1238.182,213.458,1,1,96414822948769,214.978
3,1079,300,96414823154447,96414824180452,96414824405839,1251.392,225.387,1,1,96414824177569,228.270
3,1080,300,96414824383088,96414825407833,96414825621900,1238.812,214.067,1,1,96414825406369,215.531
3,1081,300,96414825407833,96414826431097,96414826820261,1412.428,389.164,1,1,96414826430369,389.892
3,1082,300,96414826637894,96414827659888,96414827874216,1236.322,214.328,1,1,96414827659169,215.047
3,1083,300,96414827865516,96414828888681,96414829085317,1219.801,196.636,1,1,96414828887969,197.348
3,1084,300,96414829095377,96414829915155,96414830291818,1196.441,376.663,1,1,96414829911969,379.849
3,1085,300,96414830117712,96414831142296,96414831339373,1221.661,197.077,1,1,96414831140769,198.604
3,1086,300,96414831346613,96414832372188,96414832568385,1221.772,196.197,1,1,96414832369569,198.816
3,1087,300,96414832575155,96414833394392,96414833764535,1189.380,370.143,1,1,96414833393569,370.966
3,1088,300,96414833599700,96414834623084,96414834828891,1229.191,205.807,1,1,96414834622369,206.522
3,1089,300,96414834829751,96414835852005,96414836048873,1219.122,196.868,1,1,96414835851169,197.704
3,1090,300,96414836057412,96414836876590,96414837263974,1206.562,387.384,1,1,96414836875169,388.805
3,1091,300,96414837080777,96414838106301,96414838349980,1269.203,243.679,1,1,96414838103969,246.011
3,1092,300,96414838309519,96414839334064,96414839547380,1237.861,213.316,1,1,96414839332769,214.611
3,1093,300,96414839538310,96414840564335,96414840767972,1229.662,203.637,1,1,96414840561569,206.403
3,1094,300,96414840564335,96414841586389,96414841963742,1399.407,377.353,1,1,96414841585569,378.173
3,1095,300,96414841791916,96414842814991,96414843012278,1220.362,197.287,1,1,96414842814369,197.909
3,1096,300,96414843022157,96414844044103,96414844276481,1254.324,232.378,1,1,96414844043169,233.312
3,1097,300,96414844249610,96414845068597,96414845445310,1195.700,376.713,1,1,96414845067169,378.141
3,1098,300,96414845272724,96414846299019,96414846504595,1231.871,205.576,1,1,96414846295969,208.626
3,1099,300,96414846501505,96414847526240,96414847730477,1228.972,204.237,1,1,96414847524769,205.708
3,1100,300,96414847730737,96414848549524,96414849003860,1273.123,454.336,1,1,96414848548769,455.091
3,1101,300,96414848756192,96414849778316,96414849978793,1222.601,200.477,1,1,96414849777569,201.224
3,1102,300,96414849983743,96414851009588,96414851222765,1239.022,213.177,1,1,96414851006369,216.396
3,1103,300,96414851213595,96414852033222,96414852506168,1292.573,472.946,1,1,96414852030369,475.799
3,1104,300,96414852235859,96414853260754,96414853508233,1272.374,247.479,1,1,96414853259169,249.064
3,1105,300,96414853464721,96414854490366,96414854693512,1228.791,203.146,1,1,96414854487969,205.543
3,1106,300,96414854693512,96414855718077,96414855929164,1235.652,211.087,1,1,96414855716769,212.395
3,1107,300,96414855718077,96414856741622,96414857194626,1476.549,453.004,1,1,96414856740769,453.857
3,1108,300,96414856948338,96414857970243,96414858205901,1257.563,235.658,1,1,96414857969569,236.332
3,1109,300,96414858175660,96414859199145,96414859389522,1213.862,190.377,1,1,96414859198369,191.153
3,1110,300,96414859405592,96414860225100,96414860597132,1191.540,372.032,1,1,96414860222369,374.763
3,1111,300,96414860427926,96414861452751,96414861659068,1231.142,206.317,1,1,96414861451169,207.899
3,1112,300,96414861656607,96414862682542,96414862960312,1303.705,277.770,1,1,96414862679969,280.343
3,1113,300,96414862885820,96414863704626,96414864115501,1229.681,410.875,1,1,96414863703969,411.532
3,1114,300,96414863910584,96414864933529,96414865148375,1237.791,214.846,1,1,96414864932769,215.606
3,1115,300,96414865140156,96414866162610,96414866375917,1235.761,213.307,1,1,96414866161569,214.348
3,1116,300,96414866367927,96414867187235,96414867585458,1217.531,398.223,1,1,96414867185569,399.889
3,1117,300,96414867391121,96414868416926,96414868633664,1242.543,216.738,1,1,96414868414369,219.295
3,1118,300,96414868620123,96414869644588,96414869856804,1236.681,212.216,1,1,96414869643169,213.635
3,1119,300,96414869848885,96414870874939,96414871086247,1237.362,211.308,1,1,96414870871969,214.278
3,1120,300,96414870874939,96414871896894,96414872305887,1430.948,408.993,1,1,96414871895969,409.918
3,1121,300,96414872102200,96414873125455,96414873344483,1242.283,219.028,1,1,96414873124769,219.714
3,1122,300,96414873332342,96414874354277,96414874578844,1246.502,224.567,1,1,96414874353569,225.275
3,1123,300,96414874559714,96414875378772,96414875766774,1207.060,388.002,1,1,96414875377569,389.205
3,1124,300,96414875583058,96414876609153,96414876830970,1247.912,221.817,1,1,96414876606369,224.601
3,1125,300,96414876811960,96414877836614,96414878028951,1216.991,192.337,1,1,96414877835169,193.782
3,1126,300,96414878040821,96414878859889,96414879266413,1225.592,406.524,1,1,96414878859169,407.244
3,1127,300,96414879066626,96414880088761,96414880324248,1257.622,235.487,1,1,96414880087969,236.279
3,1128,300,96414880293928,96414881317522,96414881511789,1217.861,194.267,1,1,96414881316769,195.020
3,1129,300,96414881524299,96414882343687,96414882724740,1200.441,381.053,1,1,96414882340769,383.971
3,1130,300,96414882546573,96414883570958,96414883791406,1244.833,220.448,1,1,96414883569569,221.837
3,1131,300,96414883775076,96414884801020,96414885005407,1230.331,204.387,1,1,96414884798369,207.038
3,1132,300,96414885012067,96414886028521,96414886232178,1220.111,203.657,1,1,96414886027169,205.009
3,1133,300,96414886028521,96414887052086,96414887460169,1431.648,408.083,1,1,96414887051169,409.000
3,1134,300,96414887258553,96414888280757,96414888488004,1229.451,207.247,1,1,96414888279969,208.035
3,1135,300,96414888486234,96414889509509,96414889694325,1208.091,184.816,1,1,96414889508769,185.556
3,1136,300,96414889715986,96414890535564,96414890995970,1279.984,460.406,1,1,96414890532769,463.201
3,1137,300,96414890738311,96414891762905,96414891979833,1241.522,216.928,1,1,96414891761569,218.264
3,1138,300,96414891967002,96414892993056,96414893189203,1222.201,196.147,1,1,96414892990369,198.834
3,1139,300,96414893195973,96414894015251,96414894424055,1228.082,408.804,1,1,96414894014369,409.686
3,1140,300,96414894220839,96414895244803,96414895478030,1257.191,233.227,1,1,96414895243169,234.861
3,1141,300,96414895451390,96414896472834,96414896698212,1246.822,225.378,1,1,96414896471969,226.243
3,1142,300,96414896678151,96414897497519,96414897904973,1226.822,407.454,1,1,96414897495969,409.004
3,1143,300,96414897701506,96414900970306,96414901576347,3874.841,606.041,1,1,96414898724769,2851.578
3,1144,300,96414900975357,96414900989757,96414901682030,706.673,692.273,1,1,96414899953569,1728.461
3,1145,300,96414900990497,96414901185314,96414901946939,956.442,761.625,1,1,96414901182369,764.570
3,1146,300,96414901185314,96414902637642,96414903186061,2000.747,548.419,1,1,96414902206369,979.692
3,1147,300,96414902638182,96414903436179,96414903737110,1098.928,300.931,1,1,96414903435169,301.941
3,1148,300,96414903642996,96414904664702,96414904944260,1301.264,279.558,1,1,96414904663969,280.291
3,1149,300,96414904870098,96414905736097,96414906264565,1394.467,528.468,1,1,96414905687969,576.596
3,1150,300,96414905893643,96414906920277,96414907131225,1237.582,210.948,1,1,96414906916769,214.456
3,1151,300,96414907122434,96414908147269,96414908360296,1237.862,213.027,1,1,96414908145569,214.727
3,1152,300,96414908351125,96414909170373,96414909617609,1266.484,447.236,1,1,96414909169569,448.040
3,1153,300,96414909376910,96414910399075,96414910640733,1263.823,241.658,1,1,96414910398369,242.364
3,1154,300,96414910604922,96414911628207,96414911836334,1231.412,208.127,1,1,96414911627169,209.165
3,1155,300,96414911834753,96414912653941,96414913152758,1318.005,498.817,1,1,96414912651169,501.589
3,1156,300,96414912856618,96414913881542,96414914096990,1240.372,215.448,1,1,96414913879969,217.021
3,1157,300,96414914085509,96414915111334,96414915315121,1229.612,203.787,1,1,96414915108769,206.352
3,1158,300,96414915314371,96414916339336,96414916561243,1246.872,221.907,1,1,96414916337569,223.674
3,1159,300,96414916339336,96414917362500,96414917829836,1490.500,467.336,1,1,96414917361569,468.267
3,1160,300,96414917568967,96414918591122,96414918811850,1242.883,220.728,1,1,96414918590369,221.481
3,1161,300,96414918796398,96414919819964,96414920018470,1222.072,198.506,1,1,96414919819169,199.301
3,1162,300,96414920026461,96414920845548,96414921277793,1251.332,432.245,1,1,96414920843169,434.624
3,1163,300,96414921048635,96414922073220,96414922298387,1249.752,225.167,1,1,96414922071969,226.418
3,1164,300,96414922277616,96414923303291,96414923542619,1265.003,239.328,1,1,96414923300769,241.850
3,1165,300,96414923506407,96414924325465,96414924709409,1203.002,383.944,1,1,96414924324769,384.640
3,1166,300,96414924530782,96414925554277,96414925761744,1230.962,207.467,1,1,96414925553569,208.175
3,1167,300,96414925760974,96414926806310,96414927006696,1245.722,200.386,1,1,96414926782369,224.327
3,1168,300,96414926988936,96414927807843,96414928200216,1211.280,392.373,1,1,96414927806369,393.847
3,1169,300,96414928012240,96414929037555,96414929242881,1230.641,205.326,1,1,96414929035169,207.712
3,1170,300,96414929240691,96414930265367,96414930478093,1237.402,212.726,1,1,96414930263969,214.124
3,1171,300,96414930469483,96414931495168,96414931698745,1229.262,203.577,1,1,96414931492769,205.976
3,1172,300,96414931495168,96414932517703,96414933227446,1732.278,709.743,1,1,96414932516769,710.677
3,1173,300,96414932723399,96414933746484,96414933968892,1245.493,222.408,1,1,96414933745569,223.323
3,1174,300,96414933953191,96414934975545,96414935221384,1268.193,245.839,1,1,96414934974369,247.015
3,1175,300,96414935180933,96414936000031,96414936375383,1194.450,375.352,1,1,96414935998369,377.014
3,1176,300,96414936204187,96414937230052,96414937490830,1286.643,260.778,1,1,96414937227169,263.661
3,1177,300,96414937433178,96414938457783,96414938673211,1240.033,215.428,1,1,96414938455969,217.242
3,1178,300,96414938661770,96414939480917,96414939913273,1251.503,432.356,1,1,96414939479969,433.304
3,1179,300,96414939687874,96414940709720,96414940978249,1290.375,268.529,1,1,96414940708769,269.480
3,1180,300,96414940915306,96414941938521,96414942153888,1238.582,215.367,1,1,96414941937569,216.319
3,1181,300,96414942145588,96414942964476,96414943388740,1243.152,424.264,1,1,96414942961569,427.171
3,1182,300,96414943167332,96414944192327,96414944421905,1254.573,229.578,1,1,96414944190369,231.536
3,1183,300,96414944396073,96414945422098,96414945645886,1249.813,223.788,1,1,96414945419169,226.717
3,1184,300,96414945624896,96414946649610,96414946877348,1252.452,227.738,1,1,96414946647969,229.379
3,1185,300,96414946649610,96414947672965,96414948080238,1430.628,407.273,1,1,96414947671969,408.269
3,1186,300,96414947879422,96414948902136,96414949184846,1305.424,282.710,1,1,96414948900769,284.077
3,1187,300,96414949107213,96414950130517,96414950329404,1222.191,198.887,1,1,96414950129569,199.835
3,1188,300,96414950337545,96414951156562,96414951642069,1304.524,485.507,1,1,96414951153569,488.500
3,1189,300,96414951359439,96414952384214,96414952608581,1249.142,224.367,1,1,96414952382369,226.212
3,1190,300,96414952588191,96414953614085,96414953839203,1251.012,225.118,1,1,96414953611169,228.034
3,1191,300,96414953816962,96414954636130,96414955058134,1241.172,422.004,1,1,96414954635169,422.965
3,1192,300,96414954841636,96414955864762,96414956123460,1281.824,258.698,1,1,96414955863969,259.491
3,1193,300,96414956071649,96414957093953,96414957336291,1264.642,242.338,1,1,96414957092769,243.522
3,1194,300,96414957299250,96414958118558,96414958528871,1229.621,410.313,1,1,96414958116769,412.102
3,1195,300,96414958322584,96414959348859,96414959564647,1242.063,215.788,1,1,96414959345569,219.078
3,1196,300,96414959551336,96414960576080,96414960799298,1247.962,223.218,1,1,96414960574369,224.929
3,1197,300,96414960780168,96414961806223,96414961995779,1215.611,189.556,1,1,96414961803169,192.610
3,1198,300,96414961806223,96414962828077,96414963218300,1412.077,390.223,1,1,96414962827169,391.131
3,1199,300,96414963033544,96414964057378,96414964281996,1248.452,224.618,1,1,96414964055969,226.027
3,1200,300,96414964263845,96414965285699,96414965557779,1293.934,272.080,1,1,96414965284769,273.010
3,1201,300,96414965491167,96414966310524,96414966695387,1204.220,384.863,1,1,96414966308769,386.618
3,1202,300,96414966514672,96414967540896,96414967759313,1244.641,218.417,1,1,96414967537569,221.744
3,1203,300,96414967743203,96414968774808,96414968985035,1241.832,210.227,1,1,96414968766369,218.666
3,1204,300,96414968972184,96414969791352,96414970255198,1283.014,463.846,1,1,96414969790369,464.829
3,1205,300,96414969998479,96414971020163,96414971258662,1260.183,238.499,1,1,96414971019169,239.493
3,1206,300,96414971225691,96414972249005,96414972447032,1221.341,198.027,1,1,96414972247969,199.063
3,1207,300,96414972455902,96414973274440,96414973705934,1250.032,431.494,1,1,96414973271969,433.965
3,1208,300,96414973478127,96414974502191,96414974708608,1230.481,206.417,1,1,96414974500769,207.839
3,1209,300,96414974706318,96414975732483,96414975946370,1240.052,213.887,1,1,96414975729569,216.801
3,1210,300,96414975935200,96414976959855,96414977172792,1237.592,212.937,1,1,96414976958369,214.423
3,1211,300,96414976959855,96414977983089,96414978394763,1434.908,411.674,1,1,96414977982369,412.394
3,1212,300,96414978189756,96414979211880,96414979472500,1282.744,260.620,1,1,96414979211169,261.331
3,1213,300,96414979417507,96414980440722,96414980632998,1215.491,192.276,1,1,96414980439969,193.029
3,1214,300,96414980647239,96414981466546,96414981887761,1240.522,421.215,1,1,96414981463969,423.792
3,1215,300,96414981669454,96414982694008,96414982922526,1253.072,228.518,1,1,96414982692769,229.757
3,1216,300,96414982898355,96414983924520,96414984147857,1249.502,223.337,1,1,96414983921569,226.288
3,1217,300,96414984127146,96414984946294,96414985324847,1197.701,378.553,1,1,96414984945569,379.278
3,1218,300,96414985151901,96414986175215,96414986391263,1239.362,216.048,1,1,96414986174369,216.894
3,1219,300,96414986381943,96414987403948,96414987623644,1241.701,219.696,1,1,96414987403169,220.475
3,1220,300,96414987609354,96414988428642,96414988820725,1211.371,392.083,1,1,96414988427169,393.556
3,1221,300,96414988632819,96414989658333,96414989924102,1291.283,265.769,1,1,96414989655969,268.133
3,1222,300,96414989861500,96414990886125,96414991102572,1241.072,216.447,1,1,96414990884769,217.803
3,1223,300,96414991090432,96414992115987,96414992303593,1213.161,187.606,1,1,96414992113569,190.024
3,1224,300,96414992115987,96414993138361,96414993540485,1424.498,402.124,1,1,96414993137569,402.916
3,1225,300,96414993343698,96414994367073,96414994564200,1220.502,197.127,1,1,96414994366369,197.831
3,1226,300,96414994573789,96414995595934,96414995830622,1256.833,234.688,1,1,96414995595169,235.453
3,1227,300,96414995801242,96414996620798,96414996996591,1195.349,375.793,1,1,96414996619169,377.422
3,1228,300,96414996824686,96414997851361,96414998114489,1289.803,263.128,1,1,96414997847969,266.520
3,1229,300,96414998053647,96414999078072,96414999299659,1246.012,221.587,1,1,96414999076769,222.890
3,1230,300,96414999282368,96415000101636,96415000526871,1244.503,425.235,1,1,96415000100769,426.102
3,1231,300,96415000307733,96415001330558,96415001568106,1260.373,237.548,1,1,96415001329569,238.537
3,1232,300,96415001535885,96415002559060,96415002750436,1214.551,191.376,1,1,96415002558369,192.067
3,1233,300,96415002765857,96415003585024,96415003973467,1207.610,388.443,1,1,96415003582369,391.098
3,1234,300,96415003787881,96415004812606,96415005029253,1241.372,216.647,1,1,96415004811169,218.084
3,1235,300,96415005016762,96415006042697,96415006239714,1222.952,197.017,1,1,96415006039969,199.745
3,1236,300,96415006245544,96415007270139,96415007484356,1238.812,214.217,1,1,96415007268769,215.587
3,1237,300,96415007270139,96415008293594,96415008669376,1399.237,375.782,1,1,96415008292769,376.607
3,1238,300,96415008500660,96415009522265,96415009728412,1227.752,206.147,1,1,96415009521569,206.843
3,1239,300,96415009727872,96415010751096,96415010967174,1239.302,216.078,1,1,96415010750369,216.805
3,1240,300,96415010957884,96415012960341,96415013484279,2526.395,523.938,1,1,96415011774369,1709.910
3,1241,300,96415012962651,96415013011602,96415013642104,679.453,630.502,1,1,96415013003169,638.935
3,1242,300,96415013208840,96415014235484,96415014567335,1358.495,331.851,1,1,96415014231969,335.366
3,1243,300,96415014437601,96415015256658,96415015670512,1232.911,413.854,1,1,96415015255969,414.543
3,1244,300,96415015462305,96415016485450,96415016692268,1229.963,206.818,1,1,96415016484769,207.499
3,1245,300,96415016692498,96415017714682,96415017957000,1264.502,242.318,1,1,96415017713569,243.431
3,1246,300,96415017919869,96415018738796,96415019160911,1241.042,422.115,1,1,96415018737569,423.342
3,1247,300,96415018943173,96415019969178,96415020204936,1261.763,235.758,1,1,96415019966369,238.567
3,1248,300,96415020181125,96415021196739,96415021411437,1230.312,214.698,1,1,96415021195169,216.268
3,1249,300,96415021400797,96415022426401,96415022671899,1271.102,245.498,1,1,96415022423969,247.930
3,1250,300,96415022426401,96415023448866,96415023836818,1410.417,387.952,1,1,96415023447969,388.849
3,1251,300,96415023654162,96415024677597,96415024897345,1243.183,219.748,1,1,96415024676769,220.576
3,1252,300,96415024884354,96415025906328,96415026126146,1241.792,219.818,1,1,96415025905569,220.577
3,1253,300,96415026111816,96415026930873,96415027312876,1201.060,382.003,1,1,96415026929569,383.307
3,1254,300,96415027135350,96415028161085,96415028448455,1313.105,287.370,1,1,96415028158369,290.086
3,1255,300,96415028363982,96415029388546,96415029672745,1308.763,284.199,1,1,96415029387169,285.576
3,1256,300,96415029592653,96415030412181,96415030848685,1256.032,436.504,1,1,96415030411169,437.516
3,1257,300,96415030619858,96415031640722,96415031913801,1293.943,273.079,1,1,96415031639969,273.832
3,1258,300,96415031846350,96415032869994,96415033097962,1251.612,227.968,1,1,96415032868769,229.193
3,1259,300,96415033076551,96415033895379,96415034430226,1353.675,534.847,1,1,96415033892769,537.457
3,1260,300,96415034098315,96415035123060,96415035397029,1298.714,273.969,1,1,96415035121569,275.460
3,1261,300,96415035327327,96415036353461,96415036593730,1266.403,240.269,1,1,96415036350369,243.361
3,1262,300,96415036556059,96415037580503,96415037815621,1259.562,235.118,1,1,96415037579169,236.452
3,1263,300,96415037580503,96415038604228,96415039059343,1478.840,455.115,1,1,96415038603169,456.174
3,1264,300,96415038811085,96415039832739,96415040081197,1270.112,248.458,1,1,96415039831969,249.228
3,1265,300,96415040038006,96415041061630,96415041299239,1261.233,237.609,1,1,96415041060769,238.470
3,1266,300,96415041269287,96415042088655,96415042517970,1248.683,429.315,1,1,96415042084769,433.201
3,1267,300,96415042290413,96415043314987,96415043544665,1254.252,229.678,1,1,96415043313569,231.096
3,1268,300,96415043519384,96415044546269,96415044790246,1270.862,243.977,1,1,96415044542369,247.877
3,1269,300,96415044747875,96415045567093,96415046018849,1270.974,451.756,1,1,96415045566369,452.480
3,1270,300,96415045774680,96415046796014,96415047032162,1257.482,236.148,1,1,96415046795169,236.993
3,1271,300,96415047010652,96415048024656,96415048311326,1300.674,286.670,1,1,96415048023969,287.357
3,1272,300,96415048229933,96415049049741,96415049478875,1248.942,429.134,1,1,96415049047969,430.906
3,1273,300,96415049253488,96415050279932,96415050529201,1275.713,249.269,1,1,96415050276769,252.432
3,1274,300,96415050482219,96415051507203,96415051734071,1251.852,226.868,1,1,96415051505569,228.502
3,1275,300,96415051711361,96415052738145,96415053017915,1306.554,279.770,1,1,96415052734369,283.546
3,1276,300,96415052738145,96415053759120,96415054198515,1460.370,439.395,1,1,96415053758369,440.146
3,1277,300,96415053964507,96415054988121,96415055218699,1254.192,230.578,1,1,96415054987169,231.530
3,1278,300,96415055195328,96415056216813,96415056447540,1252.212,230.727,1,1,96415056215969,231.571
3,1279,300,96415056422169,96415057241217,96415057646461,1224.292,405.244,1,1,96415057239969,406.492
3,1280,300,96415057445495,96415058471990,96415058831621,1386.126,359.631,1,1,96415058468769,362.852
3,1281,300,96415058674296,96415059698931,96415059977810,1303.514,278.879,1,1,96415059697569,280.241
3,1282,300,96415059903087,96415060722385,96415061154589,1251.502,432.204,1,1,96415060721569,433.020
3,1283,300,96415060929162,96415061951216,96415062154874,1225.712,203.658,1,1,96415061950369,204.505
3,1284,300,96415062156514,96415063179939,96415063382665,1226.151,202.726,1,1,96415063179169,203.496
3,1285,300,96415063386885,96415064206973,96415064597186,1210.301,390.213,1,1,96415064203169,394.017
3,1286,300,96415064408760,96415065433504,96415065657432,1248.672,223.928,1,1,96415065431969,225.463
3,1287,300,96415065637451,96415066663906,96415066882014,1244.563,218.108,1,1,96415066660769,221.245
3,1288,300,96415066866313,96415067891008,96415068077094,1210.781,186.086,1,1,96415067889569,187.525
3,1289,300,96415067891008,96415068914332,96415069296524,1405.516,382.192,1,1,96415068913569,382.955
3,1290,300,96415069121969,96415070143424,96415070375872,1253.903,232.448,1,1,96415070142369,233.503
3,1291,300,96415070348690,96415071372015,96415071559371,1210.681,187.356,1,1,96415071371169,188.202
3,1292,300,96415071579592,96415072397999,96415072855095,1275.503,457.096,1,1,96415072395169,459.926
3,1293,300,96415072600807,96415073625452,96415073838338,1237.531,212.886,1,1,96415073623969,214.369
3,1294,300,96415073829668,96415074855353,96415075055789,1226.121,200.436,1,1,96415074852769,203.020
3,1295,300,96415075058310,96415075877537,96415076260411,1202.101,382.874,1,1,96415075876769,383.642
3,1296,300,96415076083014,96415077106459,96415077327087,1244.073,220.628,1,1,96415077105569,221.518
3,1297,300,96415077313075,96415078335061,96415078559268,1246.193,224.207,1,1,96415078334369,224.899
3,1298,300,96415078540528,96415079359635,96415079745268,1204.740,385.633,1,1,96415079358369,386.899
3,1299,300,96415079563902,96415080589977,96415080806734,1242.832,216.757,1,1,96415080587169,219.565
3,1300,300,96415080792803,96415081817168,96415082010235,1217.432,193.067,1,1,96415081815969,194.266
3,1301,300,96415082021695,96415083047409,96415083297389,1275.694,249.980,1,1,96415083044769,252.620
3,1302,300,96415083047409,96415084069615,96415084448867,1401.458,379.252,1,1,96415084068769,380.098
3,1303,300,96415084274891,96415085298296,96415085499472,1224.581,201.176,1,1,96415085297569,201.903
3,1304,300,96415085504903,96415086527217,96415086743225,1238.322,216.008,1,1,96415086526369,216.856
3,1305,300,96415086732514,96415087551672,96415087931225,1198.711,379.553,1,1,96415087550369,380.856
3,1306,300,96415087755949,96415088781714,96415088984170,1228.221,202.456,1,1,96415088779169,205.001
3,1307,300,96415088984820,96415090010425,96415090195311,1210.491,184.886,1,1,96415090007969,187.342
3,1308,300,96415090213512,96415091032770,96415091483584,1270.072,450.814,1,1,96415091031969,451.615
3,1309,300,96415091239376,96415092261481,96415092483399,1244.023,221.918,1,1,96415092260769,222.630
3,1310,300,96415092466857,96415093490323,96415093681769,1214.912,191.446,1,1,96415093489569,192.200
3,1311,300,96415093697270,96415094516268,96415094981033,1283.763,464.765,1,1,96415094513569,467.464
3,1312,300,96415094719054,96415095743699,96415095963026,1243.972,219.327,1,1,96415095742369,220.657
3,1313,300,96415095947885,96415096973990,96415097187138,1239.253,213.148,1,1,96415096971169,215.969
3,1314,300,96415097176967,96415098201342,96415098400088,1223.121,198.746,1,1,96415098199969,200.119
3,1315,300,96415098201342,96415099224647,96415099603000,1401.658,378.353,1,1,96415099223969,379.031
3,1316,300,96415099431024,96415100453498,96415100669676,1238.652,216.178,1,1,96415100452769,216.907
3,1317,300,96415100659015,96415101682229,96415101880506,1221.491,198.277,1,1,96415101681569,198.937
3,1318,300,96415101889126,96415102708164,96415103115488,1226.362,407.324,1,1,96415102705569,409.919
3,1319,300,96415102911151,96415103935776,96415104147952,1236.801,212.176,1,1,96415103934369,213.583
3,1320,300,96415104139893,96415105165667,96415105407945,1268.052,242.278,1,1,96415105163169,244.776
3,1321,300,96415105368894,96415106188002,96415106587015,1218.121,399.013,1,1,96415106187169,399.846
3,1322,300,96415106393298,96415107416743,96415107624250,1230.952,207.507,1,1,96415107415969,208.281
3,1323,300,96415107623450,96415108645885,96415108872563,1249.113,226.678,1,1,96415108644769,227.794
3,1324,300,96415108851262,96415109669950,96415110073233,1221.971,403.283,1,1,96415109668769,404.464
3,1325,300,96415109874346,96415110899861,96415111113038,1238.692,213.177,1,1,96415110897569,215.469
3,1326,300,96415111103228,96415112127692,96415112323169,1219.941,195.477,1,1,96415112126369,196.800
3,1327,300,96415112331979,96415113357444,96415113557581,1225.602,200.137,1,1,96415113355169,202.412
3,1328,300,96415113357444,96415114379889,96415114801112,1443.668,421.223,1,1,96415114379169,421.943
3,1329,300,96415114585356,96415115608680,96415115828327,1242.971,219.647,1,1,96415115607969,220.358
3,1330,300,96415115815447,96415116837491,96415117036639,1221.192,199.148,1,1,96415116836769,199.870
3,1331,300,96415117043228,96415117862386,96415118244969,1201.741,382.583,1,1,96415117860769,384.200
3,1332,300,96415118066334,96415119092127,96415119338356,1272.022,246.229,1,1,96415119089569,248.787
3,1333,300,96415119295095,96415120319779,96415120509906,1214.811,190.127,1,1,96415120318369,191.537
3,1334,300,96415120523846,96415121343354,96415121752847,1229.001,409.493,1,1,96415121342369,410.478
3,1335,300,96415121550111,96415122571875,96415122818513,1268.402,246.638,1,1,96415122571169,247.344
3,1336,300,96415122777982,96415123800987,96415124007954,1229.972,206.967,1,1,96415123799969,207.985
3,1337,300,96415124011214,96415125876567,96415126356383,2345.169,479.816,1,1,96415124823969,1532.414
3,1338,300,96415125878077,96415126054443,96415126613972,735.895,559.529,1,1,96415126052769,561.203
3,1339,300,96415126258190,96415127284345,96415127521203,1263.013,236.858,1,1,96415127281569,239.634
3,1340,300,96415127487281,96415128511846,96415128724163,1236.882,212.317,1,1,96415128510369,213.794
3,1341,300,96415128511846,96415129550381,96415129929324,1417.478,378.943,1,1,96415129534369,394.955
3,1342,300,96415129742428,96415130763842,96415130981449,1239.021,217.607,1,1,96415130763169,218.280
3,1343,300,96415130969869,96415131992694,96415132179800,1209.931,187.106,1,1,96415131991969,187.831
3,1344,300,96415132199811,96415133032279,96415133430832,1231.021,398.553,1,1,96415133015969,414.863
3,1345,300,96415133221675,96415134246360,96415134447477,1225.802,201.117,1,1,96415134244769,202.708
3,1346,300,96415134450257,96415135476492,96415135688169,1237.912,211.677,1,1,96415135473569,214.600
3,1347,300,96415135679108,96415136498736,96415136890119,1211.011,391.383,1,1,96415136497569,392.550
3,1348,300,96415136704213,96415137727027,96415137930245,1226.032,203.218,1,1,96415137726369,203.876
3,1349,300,96415137933804,96415138956100,96415139178257,1244.453,222.157,1,1,96415138955169,223.088
3,1350,300,96415139161346,96415139980754,96415140381667,1220.321,400.913,1,1,96415139979169,402.498
3,1351,300,96415140185121,96415141210505,96415141432093,1246.972,221.588,1,1,96415141207969,224.124
3,1352,300,96415141413462,96415142438327,96415142643623,1230.161,205.296,1,1,96415142436769,206.854
3,1353,300,96415142642343,96415143668128,96415143891676,1249.333,223.548,1,1,96415143665569,226.107
3,1354,300,96415143668128,96415144690283,96415145081866,1413.738,391.583,1,1,96415144689569,392.297
3,1355,300,96415144895690,96415145919135,96415146137991,1242.301,218.856,1,1,96415145918369,219.622
3,1356,300,96415146125921,96415147147986,96415147428446,1302.525,280.460,1,1,96415147147169,281.277
3,1357,300,96415147353183,96415148172570,96415148543583,1190.400,371.013,1,1,96415148171169,372.414
3,1358,300,96415148376797,96415149402532,96415149615629,1238.832,213.097,1,1,96415149399969,215.660
3,1359,300,96415149605589,96415150630074,96415150845341,1239.752,215.267,1,1,96415150628769,216.572
3,1360,300,96415150834400,96415151653508,96415152097894,1263.494,444.386,1,1,96415151652769,445.125
3,1361,300,96415151860415,96415152882250,96415153095167,1234.752,212.917,1,1,96415152881569,213.598
3,1362,300,96415153087706,96415154111101,96415154306308,1218.602,195.207,1,1,96415154110369,195.939
3,1363,300,96415154318509,96415155137436,96415155634563,1316.054,497.127,1,1,96415155134369,500.194
3,1364,300,96415155339883,96415156364418,96415156570314,1230.431,205.896,1,1,96415156363169,207.145
3,1365,300,96415156568724,96415157594899,96415157820586,1251.862,225.687,1,1,96415157591969,228.617
3,1366,300,96415157797556,96415158822090,96415159023848,1226.292,201.758,1,1,96415158820769,203.079
3,1367,300,96415158822090,96415159845456,96415160223018,1400.928,377.562,1,1,96415159844769,378.249
3,1368,300,96415160052242,96415161074227,96415161279944,1227.702,205.717,1,1,96415161073569,206.375
3,1369,300,96415161279654,96415162303088,96415162486644,1206.990,183.556,1,1,96415162302369,184.275
3,1370,300,96415162510555,96415163328883,96415163726376,1215.821,397.493,1,1,96415163326369,400.007
3,1371,300,96415163531869,96415164556554,96415164786662,1254.793,230.108,1,1,96415164555169,231.493
3,1372,300,96415164760712,96415165786506,96415166032954,1272.242,246.448,1,1,96415165783969,248.985
3,1373,300,96415165989473,96415166808710,96415167217954,1228.481,409.244,1,1,96415166807969,409.985
3,1374,300,96415167014077,96415168037512,96415168245139,1231.062,207.627,1,1,96415168036769,208.370
3,1375,300,96415168243879,96415169266233,96415169463560,1219.681,197.327,1,1,96415169265569,197.991
3,1376,300,96415169471691,96415170290959,96415170688252,1216.561,397.293,1,1,96415170289569,398.683
3,1377,300,96415170495095,96415171520830,96415171724216,1229.121,203.386,1,1,96415171518369,205.847
3,1378,300,96415171723926,96415172748561,96415172949757,1225.831,201.196,1,1,96415172747169,202.588
3,1379,300,96415172952948,96415173978522,96415174191590,1238.642,213.068,1,1,96415173975969,215.621
3,1380,300,96415173978522,96415175000608,96415175402461,1423.939,401.853,1,1,96415174999969,402.492
3,1381,300,96415175206064,96415176229519,96415176437086,1231.022,207.567,1,1,96415176228769,208.317
3,1382,300,96415176436046,96415177458270,96415177652977,1216.931,194.707,1,1,96415177457569,195.408
3,1383,300,96415177663547,96415178482765,96415178868668,1205.121,385.903,1,1,96415178481569,387.099
3,1384,300,96415178687101,96415179712746,96415179985795,1298.694,273.049,1,1,96415179710369,275.426
3,1385,300,96415179915884,96415180940408,96415181143225,1227.341,202.817,1,1,96415180939169,204.056
3,1386,300,96415181144735,96415181964013,96415182383747,1239.012,419.734,1,1,96415181963169,420.578
3,1387,300,96415182170370,96415183192664,96415183394041,1223.671,201.377,1,1,96415183191969,202.072
3,1388,300,96415183398081,96415184421595,96415184624693,1226.612,203.098,1,1,96415184420769,203.924
3,1389,300,96415184628633,96415185447180,96415185840524,1211.891,393.344,1,1,96415185444769,395.755
3,1390,300,96415185650297,96415186674962,96415186909400,1259.103,234.438,1,1,96415186673569,235.831
3,1391,300,96415186879039,96415187904823,96415188115761,1236.722,210.938,1,1,96415187902369,213.392
3,1392,300,96415188108070,96415189132704,96415189314611,1206.541,181.907,1,1,96415189131169,183.442
3,1393,300,96415189132704,96415190156139,96415190600284,1467.580,444.145,1,1,96415190155169,445.115
3,1394,300,96415190362247,96415191384741,96415191590658,1228.411,205.917,1,1,96415191383969,206.689
3,1395,300,96415191590088,96415192613462,96415192821669,1231.581,208.207,1,1,96415192612769,208.900
3,1396,300,96415192819929,96415193639147,96415194107283,1287.354,468.136,1,1,96415193636769,470.514
3,1397,300,96415193842354,96415194866768,96415195076255,1233.901,209.487,1,1,96415194865569,210.686
3,1398,300,96415195071246,96415196096550,96415196302837,1231.591,206.287,1,1,96415196094369,208.468
3,1399,300,96415196299997,96415197119265,96415197523119,1223.122,403.854,1,1,96415197118369,404.750
3,1400,300,96415197324502,96415198347826,96415198552683,1228.181,204.857,1,1,96415198347169,205.514
3,1401,300,96415198554243,96415199576707,96415199802936,1248.693,226.229,1,1,96415199575969,226.967
3,1402,300,96415199782445,96415200601582,96415201000456,1218.011,398.874,1,1,96415200599969,400.487
3,1403,300,96415200805510,96415201831174,96415202102233,1296.723,271.059,1,1,96415201828769,273.464
3,1404,300,96415202034191,96415203059136,96415203259902,1225.711,200.766,1,1,96415203057569,202.333
3,1405,300,96415203263132,96415204288757,96415204502434,1239.302,213.677,1,1,96415204286369,216.065
3,1406,300,96415204288757,96415205311301,96415205722486,1433.729,411.185,1,1,96415205310369,412.117
3,1407,300,96415205516719,96415206539963,96415206740370,1223.651,200.407,1,1,96415206539169,201.201
3,1408,300,96415206746560,96415207774225,96415208016813,1270.253,242.588,1,1,96415207767969,248.844
3,1409,300,96415207974281,96415208793309,96415209164952,1190.671,371.643,1,1,96415208791969,372.983
3,1410,300,96415208997496,96415210023541,96415210219318,1221.822,195.777,1,1,96415210020769,198.549
3,1411,300,96415210226308,96415211250933,96415211451229,1224.921,200.296,1,1,96415211249569,201.660
3,1412,300,96415211455139,96415212274327,96415212724632,1269.493,450.305,1,1,96415212273569,451.063
3,1413,300,96415212480854,96415213503068,96415213728406,1247.552,225.338,1,1,96415213502369,226.037
3,1414,300,96415213708355,96415214731810,96415214946087,1237.732,214.277,1,1,96415214731169,214.918
3,1415,300,96415214938827,96415215757614,96415216246201,1307.374,488.587,1,1,96415215755169,491.032
3,1416,300,96415215960832,96415216985446,96415217202563,1241.731,217.117,1,1,96415216983969,218.594
3,1417,300,96415217189573,96415218215198,96415218417474,1227.901,202.276,1,1,96415218212769,204.705
3,1418,300,96415218418214,96415219442869,96415219623816,1205.602,180.947,1,1,96415219441569,182.247
3,1419,300,96415219442869,96415220466303,96415220844746,1401.877,378.443,1,1,96415220465569,379.177
3,1420,300,96415220672561,96415221695016,96415221964485,1291.924,269.469,1,1,96415221694369,270.116
3,1421,300,96415221900632,96415222923837,96415223123094,1222.462,199.257,1,1,96415222923169,199.925
3,1422,300,96415223131254,96415223950092,96415224352535,1221.281,402.443,1,1,96415223947169,405.366
3,1423,300,96415224153028,96415225177583,96415225382140,1229.112,204.557,1,1,96415225175969,206.171
3,1424,300,96415225381640,96415226407185,96415226649303,1267.663,242.118,1,1,96415226404769,244.534
3,1425,300,96415226610322,96415227429489,96415227814132,1203.810,384.643,1,1,96415227428769,385.363
3,1426,300,96415227634916,96415228658211,96415228882718,1247.802,224.507,1,1,96415228657569,225.149
3,1427,300,96415228864927,96415229887112,96415230080479,1215.552,193.367,1,1,96415229886369,194.110
3,1428,300,96415230092520,96415230911746,96415231324961,1232.441,413.215,1,1,96415230910369,414.592
3,1429,300,96415231115854,96415232141989,96415232343025,1227.171,201.036,1,1,96415232139169,203.856
3,1430,300,96415232344975,96415233369370,96415233577587,1232.612,208.217,1,1,96415233367969,209.618
3,1431,300,96415233573456,96415234599461,96415234821379,1247.923,221.918,1,1,96415234596769,224.610
3,1432,300,96415234599461,96415235621496,96415235997498,1398.037,376.002,1,1,96415235620769,376.729
3,1433,300,96415235826933,96415236850288,96415237052444,1225.511,202.156,1,1,96415236849569,202.875
3,1434,300,96415237056925,96415238079179,96415238294947,1238.022,215.768,1,1,96415238078369,216.578
3,1435,300,96415238284596,96415239103794,96415239471906,1187.310,368.112,1,1,96415239102369,369.537
3,1436,300,96415239307800,96415240333615,96415240583233,1275.433,249.618,1,1,96415240331169,252.064
3,1437,300,96415240536603,96415241561327,96415241764834,1228.231,203.507,1,1,96415241559969,204.865
3,1438,300,96415241765724,96415242584812,96415242991645,1225.921,406.833,1,1,96415242583969,407.676
3,1439,300,96415242791288,96415243813523,96415244009830,1218.542,196.307,1,1,96415243812769,197.061
3,1440,300,96415244018929,96415245042324,96415245238811,1219.882,196.487,1,1,96415245041569,197.242
3,1441,300,96415245248631,96415246068349,96415246487313,1238.682,418.964,1,1,96415246065569,421.744
3,1442,300,96415246271056,96415247295731,96415247506568,1235.512,210.837,1,1,96415247294369,212.199
3,1443,300,96415247499917,96415248525522,96415248738039,1238.122,212.517,1,1,96415248523169,214.870
3,1444,300,96415248728669,96415249753173,96415249971171,1242.502,217.998,1,1,96415249751969,219.202
3,1445,300,96415249753173,96415250776688,96415251170172,1416.999,393.484,1,1,96415250775969,394.203
3,1446,300,96415250983226,96415252014600,96415252220637,1237.411,206.037,1,1,96415252004769,215.868
3,1447,300,96415252210837,96415253234221,96415253434358,1223.521,200.137,1,1,96415253233569,200.789
3,1448,300,96415253440738,96415254259986,96415254714071,1273.333,454.085,1,1,96415254257569,456.502
3,1449,300,96415254463143,96415255487867,96415255688554,1225.411,200.687,1,1,96415255486369,202.185
3,1450,300,96415255691905,96415256717289,96415256932846,1240.941,215.557,1,1,96415256715169,217.677
3,1451,300,96415256920716,96415257739914,96415258131817,1211.101,391.903,1,1,96415257739169,392.648
3,1452,300,96415257945591,96415258968855,96415259173872,1228.281,205.017,1,1,96415258967969,205.903
3,1453,300,96415259175392,96415260197606,96415260415854,1240.462,218.248,1,1,96415260196769,219.085
3,1454,300,96415260402804,96415261222071,96415261613875,1211.071,391.804,1,1,96415261220769,393.106
3,1455,300,96415261426258,96415262452113,96415262663749,1237.491,211.636,1,1,96415262449569,214.180
3,1456,300,96415262655200,96415263679704,96415263895052,1239.852,215.348,1,1,96415263678369,216.683
3,1457,300,96415263883851,96415264909626,96415265114522,1230.671,204.896,1,1,96415264907169,207.353
3,1458,300,96415264909626,96415265931930,96415266332384,1422.758,400.454,1,1,96415265931169,401.215
3,1459,300,96415266137858,96415267160832,96415267362719,1224.861,201.887,1,1,96415267159969,202.750
3,1460,300,96415267367559,96415268389453,96415268592120,1224.561,202.667,1,1,96415268388769,203.351
3,1461,300,96415268595210,96415269414338,96415269799441,1204.231,385.103,1,1,96415269412769,386.672
3,1462,300,96415269618355,96415270643969,96415270858777,1240.422,214.808,1,1,96415270641569,217.208
3,1463,300,96415270847107,96415271871991,96415272087298,1240.191,215.307,1,1,96415271870369,216.929
3,1464,300,96415272075928,96415272895106,96415273342370,1266.442,447.264,1,1,96415272894369,448.001
3,1465,300,96415273101603,96415274123967,96415274341705,1240.102,217.738,1,1,96415274123169,218.536
3,1466,300,96415274329594,96415275352728,96415275543475,1213.881,190.747,1,1,96415275351969,191.506
3,1467,300,96415275558835,96415276378233,96415276871730,1312.895,493.497,1,1,96415276375969,495.761
3,1468,300,96415276581491,96415277606095,96415277829062,1247.571,222.967,1,1,96415277604769,224.293
3,1469,300,96415277810302,96415278836077,96415279035843,1225.541,199.766,1,1,96415278833569,202.274
3,1470,300,96415279039103,96415280063618,96415280278765,1239.662,215.147,1,1,96415280062369,216.396
3,1471,300,96415280063618,96415281087132,96415281463245,1399.627,376.113,1,1,96415281086369,376.876
3,1472,300,96415281293639,96415283952779,96415284454876,3161.237,502.097,1,1,96415282315169,2139.707
3,1473,300,96415283956869,96415283963840,96415284547239,590.370,583.399,1,1,96415283543969,1003.270
3,1474,300,96415283964370,96415284570910,96415285117779,1153.409,546.869,1,1,96415284567969,549.810
3,1475,300,96415284777477,96415287226570,96415287736318,2958.841,509.748,1,1,96415285796769,1939.549
3,1476,300,96415287229770,96415287237361,96415287783028,553.258,545.667,1,1,96415287025569,757.459
3,1477,300,96415287238040,96415288050548,96415288561895,1323.855,511.347,1,1,96415288049569,512.326
3,1478,300,96415288257445,96415290022754,96415290359426,2101.981,336.672,1,1,96415289278369,1081.057
3,1479,300,96415290024954,96415290508301,96415290802711,777.757,294.410,1,1,96415290507169,295.542
3,1480,300,96415290713717,96415291532445,96415291937199,1223.482,404.754,1,1,96415291531169,406.030
3,1481,300,96415291736703,96415292763538,96415293182272,1445.569,418.734,1,1,96415292759969,422.303
3,1482,300,96415292965754,96415293990139,96415294205456,1239.702,215.317,1,1,96415293988769,216.687
3,1483,300,96415294194275,96415295220890,96415295449898,1255.623,229.008,1,1,96415295217569,232.329
3,1484,300,96415295220890,96415296242294,96415296649219,1428.329,406.925,1,1,96415296241569,407.650
3,1485,300,96415296447622,96415297471007,96415297686513,1238.891,215.506,1,1,96415297470369,216.144
3,1486,300,96415297678143,96415298699928,96415298924445,1246.302,224.517,1,1,96415298699169,225.276
3,1487,300,96415298905305,96415299724402,96415300094005,1188.700,369.603,1,1,96415299723169,370.836
3,1488,300,96415299928799,96415300954824,96415301151941,1223.142,197.117,1,1,96415300951969,199.972
3,1489,300,96415301157550,96415302182136,96415302377762,1220.212,195.626,1,1,96415302180769,196.993
3,1490,300,96415302386313,96415303205620,96415303610033,1223.720,404.413,1,1,96415303204769,405.264
3,1491,300,96415303412037,96415304434242,96415304651319,1239.282,217.077,1,1,96415304433569,217.750
3,1492,300,96415304639728,96415305663113,96415305866980,1227.252,203.867,1,1,96415305662369,204.611
3,1493,300,96415305869540,96415306688657,96415307079861,1210.321,391.204,1,1,96415306686369,393.492
3,1494,300,96415306892005,96415307916650,96415308299572,1407.567,382.922,1,1,96415307915169,384.403
3,1495,300,96415308120986,96415309146631,96415309361008,1240.022,214.377,1,1,96415309143969,217.039
3,1496,300,96415309349528,96415310374142,96415310568259,1218.731,194.117,1,1,96415310372769,195.490
3,1497,300,96415310374142,96415311397487,96415311817001,1442.859,419.514,1,1,96415311396769,420.232
3,1498,300,96415311604113,96415312626249,96415312827685,1223.572,201.436,1,1,96415312625569,202.116
3,1499,300,96415312831716,96415313855090,96415314055886,1224.170,200.796,1,1,96415313854369,201.517
3,1500,300,96415314061337,96415314881235,96415315270718,1209.381,389.483,1,1,96415314878369,392.349
3,1501,300,96415315083941,96415316108566,96415316326114,1242.173,217.548,1,1,96415316107169,218.945
3,1502,300,96415316312713,96415317338427,96415317541595,1228.882,203.168,1,1,96415317335969,205.626
3,1503,300,96415317541955,96415318360733,96415318749575,1207.620,388.842,1,1,96415318359969,389.606
3,1504,300,96415318566269,96415319589544,96415319806441,1240.172,216.897,1,1,96415319588769,217.672
3,1505,300,96415319796101,96415320818285,96415321038853,1242.752,220.568,1,1,96415320817569,221.284
3,1506,300,96415321024042,96415321843010,96415322233393,1209.351,390.383,1,1,96415321841569,391.824
3,1507,300,96415322047097,96415323072652,96415323536297,1489.200,463.645,1,1,96415323070369,465.928
3,1508,300,96415323275968,96415324300863,96415324497449,1221.481,196.586,1,1,96415324299169,198.280
3,1509,300,96415324504730,96415325530294,96415325741412,1236.682,211.118,1,1,96415325527969,213.443
3,1510,300,96415325530294,96415326552759,96415326976023,1445.729,423.264,1,1,96415326551969,424.054
3,1511,300,96415326758286,96415327781721,96415327985198,1226.912,203.477,1,1,96415327780769,204.429
3,1512,300,96415327988068,96415329010622,96415329251730,1263.662,241.108,1,1,96415329009569,242.161
3,1513,300,96415329215709,96415330034857,96415330405649,1189.940,370.792,1,1,96415330033569,372.080
3,1514,300,96415330239093,96415331264988,96415331478106,1239.013,213.118,1,1,96415331262369,215.737
3,1515,300,96415331467875,96415332492539,96415332672406,1204.531,179.867,1,1,96415332491169,181.237
3,1516,300,96415332696757,96415333515885,96415333973340,1276.583,457.455,1,1,96415333515169,458.171
3,1517,300,96415333722192,96415334744756,96415334948403,1226.211,203.647,1,1,96415334743969,204.434
3,1518,300,96415334950063,96415335973487,96415336165324,1215.261,191.837,1,1,96415335972769,192.555
3,1519,300,96415336179874,96415336998922,96415337480998,1301.124,482.076,1,1,96415336996769,484.229
3,1520,300,96415337202268,96415338227184,96415338595846,1393.578,368.662,1,1,96415338225569,370.277
3,1521,300,96415338431151,96415339456565,96415339691694,1260.543,235.129,1,1,96415339454369,237.325
3,1522,300,96415339659812,96415340684527,96415340900254,1240.442,215.727,1,1,96415340683169,217.085
3,1523,300,96415340684527,96415341707861,96415342086614,1402.087,378.753,1,1,96415341707169,379.445
3,1524,300,96415341914398,96415342936823,96415343180111,1265.713,243.288,1,1,96415342935969,244.142
3,1525,300,96415343142320,96415344165495,96415344349130,1206.810,183.635,1,1,96415344164769,184.361
3,1526,300,96415344371851,96415345191509,96415345559421,1187.570,367.912,1,1,96415345188769,370.652
3,1527,300,96415345394366,96415346418990,96415346633488,1239.122,214.498,1,1,96415346417569,215.919
3,1528,300,96415346623207,96415348345065,96415348878924,2255.717,533.859,1,1,96415347646369,1232.555
3,1529,300,96415348346205,96415348671767,96415349230826,884.621,559.059,1,1,96415348670369,560.457
3,1530,300,96415348876644,96415351436440,96415352051981,3175.337,615.541,1,1,96415349899169,2152.812
3,1531,300,96415351437960,96415351443720,96415352150034,712.074,706.314,1,1,96415351127969,1022.065
3,1532,300,96415351444450,96415352153544,96415352639221,1194.771,485.677,1,1,96415352151969,487.252
3,1533,300,96415352357621,96415353383195,96415353873812,1516.191,490.617,1,1,96415353380769,493.043
3,1534,300,96415353586333,96415354611168,96415354855135,1268.802,243.967,1,1,96415354609569,245.566
3,1535,300,96415354815204,96415355841709,96415356077527,1262.323,235.818,1,1,96415355838369,239.158
3,1536,300,96415355841709,96415356863143,96415357261357,1419.648,398.214,1,1,96415356862369,398.988
3,1537,300,96415357068450,96415358092374,96415358308442,1239.992,216.068,1,1,96415358091169,217.273
3,1538,300,96415358299252,96415359321127,96415359561064,1261.812,239.937,1,1,96415359319969,241.095
3,1539,300,96415359526143,96415360345201,96415360734184,1208.041,388.983,1,1,96415360343969,390.215
3,1540,300,96415360549418,96415361575943,96415361827501,1278.083,251.558,1,1,96415361572769,254.732
3,1541,300,96415361778549,96415362802894,96415363059003,1280.454,256.109,1,1,96415362801569,257.434
3,1542,300,96415363009502,96415363826329,96415364227322,1217.820,400.993,1,1,96415363825569,401.753
3,1543,300,96415364032976,96415365055200,96415365299738,1266.762,244.538,1,1,96415365054369,245.369
3,1544,300,96415365260467,96415366284032,96415366487518,1227.051,203.486,1,1,96415366283169,204.349
3,1545,300,96415366490288,96415367310456,96415367741651,1251.363,431.195,1,1,96415367307169,434.482
3,1546,300,96415367513053,96415368537427,96415368915910,1402.857,378.483,1,1,96415368535969,379.941
3,1547,300,96415368741975,96415369778180,96415370020998,1279.023,242.818,1,1,96415369764769,256.229
3,1548,300,96415369970826,96415370995071,96415371214019,1243.193,218.948,1,1,96415370993569,220.450
3,1549,300,96415370995071,96415372018305,96415372430929,1435.858,412.624,1,1,96415372017569,413.360
3,1550,300,96415372225312,96415373247257,96415373466114,1240.802,218.857,1,1,96415373246369,219.745
3,1551,300,96415373452684,96415374475979,96415374707407,1254.723,231.428,1,1,96415374475169,232.238
3,1552,300,96415374682846,96415375502254,96415375993280,1310.434,491.026,1,1,96415375499169,494.111
3,1553,300,96415375704600,96415376729345,96415376978853,1274.253,249.508,1,1,96415376727969,250.884
3,1554,300,96415376933781,96415377959776,96415378195274,1261.493,235.498,1,1,96415377956769,238.505
3,1555,300,96415378162464,96415378981821,96415379425566,1263.102,443.745,1,1,96415378980769,444.797
3,1556,300,96415379187148,96415380210363,96415380428989,1241.841,218.626,1,1,96415380209569,219.420
3,1557,300,96415380416519,96415381439074,96415381678742,1262.223,239.668,1,1,96415381438369,240.373
3,1558,300,96415381644351,96415382463748,96415382868122,1223.771,404.374,1,1,96415382462369,405.753
3,1559,300,96415382667925,96415383694070,96415384216047,1548.122,521.977,1,1,96415383691169,524.878
3,1560,300,96415383897037,96415384921722,96415385138079,1241.042,216.357,1,1,96415384919969,218.110
3,1561,300,96415385125799,96415386151783,96415386401092,1275.293,249.309,1,1,96415386148769,252.323
3,1562,300,96415386151783,96415387173898,96415387597912,1446.129,424.014,1,1,96415387172769,425.143
3,1563,300,96415387379434,96415388402319,96415388613256,1233.822,210.937,1,1,96415388401569,211.687
3,1564,300,96415388609897,96415389631161,96415389833028,1223.131,201.867,1,1,96415389630369,202.659
3,1565,300,96415389836688,96415390655816,96415391042538,1205.850,386.722,1,1,96415390654369,388.169
3,1566,300,96415390859962,96415391885717,96415392098864,1238.902,213.147,1,1,96415391883169,215.695
3,1567,300,96415392088754,96415393113708,96415393299175,1210.421,185.467,1,1,96415393111969,187.206
3,1568,300,96415393317686,96415394137003,96415394595029,1277.343,458.026,1,1,96415394135969,459.060
3,1569,300,96415394343250,96415395365535,96415395589912,1246.662,224.377,1,1,96415395364769,225.143
3,1570,300,96415395571152,96415396594306,96415396798253,1227.101,203.947,1,1,96415396593569,204.684
3,1571,300,96415396800773,96415397620351,96415398109168,1308.395,488.817,1,1,96415397617569,491.599
3,1572,300,96415397823417,96415398848272,96415399222015,1398.598,373.743,1,1,96415398846369,375.646
3,1573,300,96415399052140,96415400078644,96415400312861,1260.721,234.217,1,1,96415400075169,237.692
3,1574,300,96415400281001,96415401306045,96415401503552,1222.551,197.507,1,1,96415401303969,199.583
3,1575,300,96415401306045,96415402328940,96415402796266,1490.221,467.326,1,1,96415402327969,468.297
3,1576,300,96415402535817,96415403557851,96415403812640,1276.823,254.789,1,1,96415403556769,255.871
3,1577,300,96415403763579,96415404786533,96415404984719,1221.140,198.186,1,1,96415404785569,199.150
3,1578,300,96415404993920,96415405812458,96415406236332,1242.412,423.874,1,1,96415405809569,426.763
3,1579,300,96415406017605,96415407039939,96415407295548,1277.943,255.609,1,1,96415407038369,257.179
3,1580,300,96415407243856,96415408269480,96415408516830,1272.974,247.350,1,1,96415408267169,249.661
3,1581,300,96415408472698,96415409292275,96415409694829,1222.131,402.554,1,1,96415409291169,403.660
3,1582,300,96415409497353,96415410520667,96415410736094,1238.741,215.427,1,1,96415410519969,216.125
3,1583,300,96415410727034,96415411749688,96415411953215,1226.181,203.527,1,1,96415411748769,204.446
3,1584,300,96415411955355,96415412776923,96415413166556,1211.201,389.633,1,1,96415412772769,393.787
3,1585,300,96415412978319,96415414012235,96415414403168,1424.849,390.933,1,1,96415414001569,401.599
3,1586,300,96415414207082,96415415231656,96415415429092,1222.010,197.436,1,1,96415415230369,198.723
3,1587,300,96415415435973,96415416461648,96415416706296,1270.323,244.648,1,1,96415416459169,247.127
3,1588,300,96415416461648,96415417483912,96415417905256,1443.608,421.344,1,1,96415417483169,422.087
3,1589,300,96415417689159,96415418712613,96415418918941,1229.782,206.328,1,1,96415418711969,206.972
3,1590,300,96415418919651,96415419941465,96415420139602,1219.951,198.137,1,1,96415419940769,198.833
3,1591,300,96415420146892,96415420966200,96415421344953,1198.061,378.753,1,1,96415420964769,380.184
3,1592,300,96415421170347,96415422196261,96415422436050,1265.703,239.789,1,1,96415422193569,242.481
3,1593,300,96415422399018,96415423423642,96415423615839,1216.821,192.197,1,1,96415423422369,193.470
3,1594,300,96415423627920,96415424447087,96415424861352,1233.432,414.265,1,1,96415424446369,414.983
3,1595,300,96415424653635,96415425675959,96415425892296,1238.661,216.337,1,1,96415425675169,217.127
3,1596,300,96415425881336,96415426904800,96415427108377,1227.041,203.577,1,1,96415426903969,204.408
3,1597,300,96415427111367,96415427930495,96415428350019,1238.652,419.524,1,1,96415427927969,422.050
3,1598,300,96415428133572,96415429158256,96415429518299,1384.727,360.043,1,1,96415429156769,361.530
3,1599,300,96415429362354,96415430387869,96415430592535,1230.181,204.666,1,1,96415430385569,206.966
3,1600,300,96415430591165,96415431615770,96415431836247,1245.082,220.477,1,1,96415431614369,221.878
3,1601,300,96415431615770,96415432639114,96415433025028,1409.258,385.914,1,1,96415432638369,386.659
3,1602,300,96415432845691,96415433867945,96415434078353,1232.662,210.408,1,1,96415433867169,211.184
3,1603,300,96415434073533,96415435096688,96415435291634,1218.101,194.946,1,1,96415435095969,195.665
3,1604,300,96415435303154,96415436122602,96415436504324,1201.170,381.722,1,1,96415436119969,384.355
3,1605,300,96415436325439,96415437350003,96415437552300,1226.861,202.297,1,1,96415437348769,203.531
3,1606,300,96415437554290,96415438579895,96415438783302,1229.012,203.407,1,1,96415438577569,205.733
3,1607,300,96415438783172,96415439602259,96415439979252,1196.080,376.993,1,1,96415439601569,377.683
3,1608,300,96415439807887,96415440831121,96415441046418,1238.531,215.297,1,1,96415440830369,216.049
3,1609,300,96415441037968,96415442059953,96415442295511,1257.543,235.558,1,1,96415442059169,236.342
3,1610,300,96415442265269,96415443084457,96415443485741,1220.472,401.284,1,1,96415443083169,402.572
3,1611,300,96415443288574,96415444705642,96415445192338,1903.764,486.696,1,1,96415444311969,880.369
3,1612,300,96415444707173,96415445541961,96415445949064,1241.891,407.103,1,1,96415445540769,408.295
3,1613,300,96415445746497,96415446778373,96415446988660,1242.163,210.287,1,1,96415446769569,219.091
3,1614,300,96415446778373,96415447794216,96415448211840,1433.467,417.624,1,1,96415447793569,418.271
3,1615,300,96415447999753,96415449023068,96415449220285,1220.532,197.217,1,1,96415449022369,197.916
3,1616,300,96415449229644,96415450251980,96415450484578,1254.934,232.598,1,1,96415450251169,233.409
3,1617,300,96415450457267,96415451276424,96415451656027,1198.760,379.603,1,1,96415451275169,380.858
3,1618,300,96415451480711,96415452506296,96415452712593,1231.882,206.297,1,1,96415452503969,208.624
3,1619,300,96415452709402,96415453734117,96415453955955,1246.553,221.838,1,1,96415453732769,223.186
3,1620,300,96415453938375,96415454757571,96415455204127,1265.752,446.556,1,1,96415454756769,447.358
3,1621,300,96415454963859,96415455986194,96415456195791,1231.932,209.597,1,1,96415455985569,210.222
3,1622,300,96415456191980,96415457215145,96415457407912,1215.932,192.767,1,1,96415457214369,193.543
3,1623,300,96415457424392,96415458240809,96415458671434,1247.042,430.625,1,1,96415458238369,433.065
3,1624,300,96415458443946,96415459468761,96415461654725,3210.779,2185.964,1,1,96415459467169,2187.556
3,1625,300,96415461195990,96415461206399,96415461725378,529.388,518.979,1,1,96415460695969,1029.409
3,1626,300,96415461207700,96415462025377,96415462387200,1179.500,361.823,1,1,96415461924769,462.431
3,1627,300,96415462025377,96415462949519,96415464879624,2854.247,1930.105,1,1,96415462948769,1930.855
3,1628,300,96415464435889,96415464447169,96415464939556,503.667,492.387,1,1,96415464177569,761.987
3,1629,300,96415464447849,96415465407022,96415465692711,1244.862,285.689,1,1,96415465406369,286.342
3,1630,300,96415465613269,96415466432947,96415466856300,1243.031,423.353,1,1,96415466430369,425.931
3,1631,300,96415466636183,96415467660478,96415467886925,1250.742,226.447,1,1,96415467659169,227.756
3,1632,300,96415467864795,96415468890829,96415469117387,1252.592,226.558,1,1,96415468887969,229.418
3,1633,300,96415469093537,96415469912654,96415470342809,1249.272,430.155,1,1,96415469911969,430.840
3,1634,300,96415470118231,96415471141476,96415471360483,1242.252,219.007,1,1,96415471140769,219.714
3,1635,300,96415471348223,96415472370387,96415472613555,1265.332,243.168,1,1,96415472369569,243.986
3,1636,300,96415472576214,96415473395302,96415473836597,1260.383,441.295,1,1,96415473393569,443.028
3,1637,300,96415473598988,96415474624883,96415475074849,1475.861,449.966,1,1,96415474622369,452.480
3,1638,300,96415474827920,96415475853085,96415476055882,1227.962,202.797,1,1,96415475851169,204.713
3,1639,300,96415476056812,96415477083086,96415477324724,1267.912,241.638,1,1,96415477079969,244.755
3,1640,300,96415477083086,96415478105121,96415478491604,1408.518,386.483,1,1,96415478103969,387.635
3,1641,300,96415478310038,96415479333702,96415479541739,1231.701,208.037,1,1,96415479332769,208.970
3,1642,300,96415479540669,96415480562764,96415480793102,1252.433,230.338,1,1,96415480561569,231.533
3,1643,300,96415480777101,96415481587269,96415481958981,1181.880,371.712,1,1,96415481585569,373.412
3,1644,300,96415481791306,96415482840331,96415483089019,1297.713,248.688,1,1,96415482814369,274.650
3,1645,300,96415483020487,96415484044861,96415484285890,1265.403,241.029,1,1,96415484043169,242.721
3,1646,300,96415484248928,96415485068106,96415485491860,1242.932,423.754,1,1,96415485067169,424.691
3,1647,300,96415485275193,96415486297068,96415486532505,1257.312,235.437,1,1,96415486295969,236.536
3,1648,300,96415486502595,96415487525679,96415487727076,1224.481,201.397,1,1,96415487524769,202.307
3,1649,300,96415487732476,96415488551834,96415488985008,1252.532,433.174,1,1,96415488548769,436.239
3,1650,300,96415488754561,96415489780295,96415490154678,1400.117,374.383,1,1,96415489777569,377.109
3,1651,300,96415489983143,96415491011227,96415491221934,1238.791,210.707,1,1,96415491006369,215.565
3,1652,300,96415491212694,96415492236469,96415492423805,1211.111,187.336,1,1,96415492235169,188.636
3,1653,300,96415492236469,96415493259983,96415493631935,1395.466,371.952,1,1,96415493259169,372.766
3,1654,300,96415493466600,96415494488644,96415494693212,1226.612,204.568,1,1,96415494487969,205.243
3,1655,300,96415494694051,96415495717747,96415495922833,1228.782,205.086,1,1,96415495716769,206.064
3,1656,300,96415495924953,96415496743991,96415497216507,1291.554,472.516,1,1,96415496740769,475.738
3,1657,300,96415496946948,96415497971192,96415498194220,1247.272,223.028,1,1,96415497969569,224.651
3,1658,300,96415498175429,96415499201544,96415499395901,1220.472,194.357,1,1,96415499198369,197.532
3,1659,300,96415499404150,96415500223128,96415500660053,1255.903,436.925,1,1,96415500222369,437.684
3,1660,300,96415500428466,96415501451900,96415501660217,1231.751,208.317,1,1,96415501451169,209.048
3,1661,300,96415501658987,96415502680691,96415502894599,1235.612,213.908,1,1,96415502679969,214.630
3,1662,300,96415502886288,96415503705186,96415504113449,1227.161,408.263,1,1,96415503703969,409.480
3,1663,300,96415503909643,96415504935127,96415505364852,1455.209,429.725,1,1,96415504932769,432.083
3,1664,300,96415505138304,96415506162959,96415506363156,1224.852,200.197,1,1,96415506161569,201.587
3,1665,300,96415506367076,96415507392591,96415507583057,1215.981,190.466,1,1,96415507390369,192.688
3,1666,300,96415507392591,96415508415045,96415508832459,1439.868,417.414,1,1,96415508414369,418.090
3,1667,300,96415508620452,96415509643856,96415509848083,1227.631,204.227,1,1,96415509643169,204.914
3,1668,300,96415509850403,96415510872589,96415511124057,1273.654,251.468,1,1,96415510871969,252.088
3,1669,300,96415511078215,96415511897443,96415512286036,1207.821,388.593,1,1,96415511895969,390.067
3,1670,300,96415512101580,96415513127785,96415513328371,1226.791,200.586,1,1,96415513124769,203.602
3,1671,300,96415513330301,96415514354866,96415514551573,1221.272,196.707,1,1,96415514353569,198.004
3,1672,300,96415514559392,96415515378250,96415515838066,1278.674,459.816,1,1,96415515377569,460.497
3,1673,300,96415515585277,96415516607152,96415516828259,1242.982,221.107,1,1,96415516606369,221.890
3,1674,300,96415516812529,96415517836154,96415518041590,1229.061,205.436,1,1,96415517835169,206.421
3,1675,300,96415518042401,96415518861408,96415519296903,1254.502,435.495,1,1,96415518859169,437.734
3,1676,300,96415519064645,96415520089289,96415520446432,1381.787,357.143,1,1,96415520087969,358.463
3,1677,300,96415520293466,96415521319341,96415521512778,1219.312,193.437,1,1,96415521316769,196.009
3,1678,300,96415521522228,96415522546863,96415522741470,1219.242,194.607,1,1,96415522545569,195.901
3,1679,300,96415522546863,96415523570287,96415523961710,1414.847,391.423,1,1,96415523569569,392.141
3,1680,300,96415523778554,96415524799069,96415525012456,1233.902,213.387,1,1,96415524798369,214.087
3,1681,300,96415525011386,96415526027941,96415526222337,1210.951,194.396,1,1,96415526027169,195.168
3,1682,300,96415526234228,96415527053526,96415527452898,1218.670,399.372,1,1,96415527051169,401.729
3,1683,300,96415527256732,96415528281657,96415528497994,1241.262,216.337,1,1,96415528279969,218.025
3,1684,300,96415528485503,96415529511158,96415529749196,1263.693,238.038,1,1,96415529508769,240.427
3,1685,300,96415529714205,96415530533502,96415530950356,1236.151,416.854,1,1,96415530532769,417.587
3,1686,300,96415530741539,96415531762295,96415531987482,1245.943,225.187,1,1,96415531761569,225.913
3,1687,300,96415531968511,96415532991036,96415533186773,1218.262,195.737,1,1,96415532990369,196.404
3,1688,300,96415533196693,96415534015830,96415534416414,1219.721,400.584,1,1,96415534014369,402.045
3,1689,300,96415534219877,96415535245522,96415535684767,1464.890,439.245,1,1,96415535243169,441.598
3,1690,300,96415535448658,96415536473343,96415536685010,1236.352,211.667,1,1,96415536471969,213.041
3,1691,300,96415536677591,96415537703265,96415537902001,1224.410,198.736,1,1,96415537700769,201.232
3,1692,300,96415537906322,96415538725490,96415539092872,1186.550,367.382,1,1,96415538724769,368.103
3,1693,300,96415538930786,96415539954381,96415540163088,1232.302,208.707,1,1,96415539953569,209.519
3,1694,300,96415540160878,96415541183232,96415541370759,1209.881,187.527,1,1,96415541182369,188.390
3,1695,300,96415541388570,96415542207678,96415542603171,1214.601,395.493,1,1,96415542206369,396.802
3,1696,300,96415542411924,96415543437809,96415543658706,1246.782,220.897,1,1,96415543435169,223.537
3,1697,300,96415543640606,96415544665520,96415544904379,1263.773,238.859,1,1,96415544663969,240.410
3,1698,300,96415544869967,96415545688705,96415546101179,1231.212,412.474,1,1,96415545687969,413.210
3,1699,300,96415545895051,96415546917517,96415547130143,1235.092,212.626,1,1,96415546916769,213.374
3,1700,300,96415547123304,96415548146548,96415548346804,1223.500,200.256,1,1,96415548145569,201.235
3,1701,300,96415548353455,96415549172243,96415549566516,1213.061,394.273,1,1,96415549169569,396.947
3,1702,300,96415549375079,96415550399624,96415550763837,1388.758,364.213,1,1,96415550398369,365.468
3,1703,300,96415550604011,96415551629785,96415551835893,1231.882,206.108,1,1,96415551627169,208.724
3,1704,300,96415551832683,96415552857357,96415553063104,1230.421,205.747,1,1,96415552855969,207.135
3,1705,300,96415554026447,96415554031167,96415554494763,468.316,463.596,1,1,96415553879969,614.794
3,1706,300,96415554087369,96415555109593,96415555387773,1300.404,278.180,1,1,96415555108769,279.004
3,1707,300,96415555314970,96415558060833,96415558641272,3326.302,580.439,1,1,96415556337569,2303.703
3,1708,300,96415558062393,96415558068143,96415558797428,735.035,729.285,1,1,96415557361569,1435.859
3,1709,300,96415558069093,96415558591941,96415559189801,1120.708,597.860,1,1,96415558590369,599.432
3,1710,300,96415558795958,96415559821902,96415560163414,1367.456,341.512,1,1,96415559819169,344.245
3,1711,300,96415560025569,96415560843927,96415561242210,1216.641,398.283,1,1,96415560843169,399.041
3,1712,300,96415561049264,96415562072599,96415562333497,1284.233,260.898,1,1,96415562071969,261.528
3,1713,300,96415562573366,96415563301950,96415563615881,1042.515,313.931,1,1,96415563300769,315.112
3,1714,300,96415563506997,96415564326465,96415564757129,1250.132,430.664,1,1,96415564324769,432.360
3,1715,300,96415564531382,96415565558026,96415566275691,1744.309,717.665,1,1,96415565553569,722.122
3,1716,300,96415566022112,96415567542863,96415567992299,1970.187,449.436,1,1,96415566782369,1209.930
3,1717,300,96415567544323,96415568015650,96415568347601,803.278,331.951,1,1,96415568011168,336.433
3,1718,300,96415568216906,96415569632514,96415569993046,1776.140,360.532,1,1,96415569035169,957.877
3,1719,300,96415569633614,96415570265175,96415570536324,902.710,271.149,1,1,96415570263968,272.356
3,1720,300,96415570472472,96415571493647,96415571786636,1314.164,292.989,1,1,96415571492769,293.867
3,1721,300,96415571698934,96415572518671,96415572958366,1259.432,439.695,1,1,96415572516769,441.597
3,1722,300,96415572722709,96415573749644,96415574002062,1279.353,252.418,1,1,96415573745569,256.493
3,1723,300,96415573951630,96415574976315,96415575197242,1245.612,220.927,1,1,96415574974368,222.874
3,1724,300,96415575180661,96415575999539,96415576472626,1291.965,473.087,1,1,96415575998369,474.257
3,1725,300,96415576208016,96415577228540,96415577480389,1272.373,251.849,1,1,96415577227169,253.220
3,1726,300,96415577433878,96415578457192,96415578651678,1217.800,194.486,1,1,96415578455969,195.709
3,1727,300,96415578665399,96415579484227,96415579989965,1324.566,505.738,1,1,96415579479969,509.996
3,1728,300,96415579686034,96415580710868,96415581077921,1391.887,367.053,1,1,96415580708769,369.152
3,1729,300,96415580914995,96415581942590,96415582166568,1251.573,223.978,1,1,96415581937569,228.999
3,1730,300,96415582143687,96415583169032,96415583377979,1234.292,208.947,1,1,96415583166369,211.610
3,1731,300,96415583388459,96415584191376,96415584586179,1197.720,394.803,1,1,96415584190369,395.810
3,1732,300,96415584398503,96415585419917,96415585670396,1271.893,250.479,1,1,96415585419169,251.227
3,1733,300,96415585625354,96415586648849,96415586852926,1227.572,204.077,1,1,96415586647969,204.957
3,1734,300,96415586855887,96415587674393,96415588079797,1223.910,405.404,1,1,96415587671968,407.829
3,1735,300,96415587877501,96415588902356,96415589115573,1238.072,213.217,1,1,96415588900769,214.804
3,1736,300,96415589106352,96415590132407,96415590391406,1285.054,258.999,1,1,96415590129569,261.837
3,1737,300,96415590335273,96415591154251,96415591562636,1227.363,408.385,1,1,96415591153569,409.067
3,1738,300,96415591359738,96415592383112,96415592588910,1229.172,205.798,1,1,96415592382368,206.542
3,1739,300,96415592590100,96415593611805,96415593836412,1246.312,224.607,1,1,96415593611169,225.243
3,1740,300,96415593817401,96415594840786,96415595025032,1207.631,184.246,1,1,96415594839969,185.063
3,1741,300,96415594840786,96415595866581,96415596282034,1441.248,415.453,1,1,96415595863969,418.065
3,1742,300,96415596070007,96415597094602,96415597288759,1218.752,194.157,1,1,96415597092768,195.991
3,1743,300,96415597298459,96415598323744,96415598535701,1237.242,211.957,1,1,96415598321569,214.132
3,1744,300,96415598527191,96415599346328,96415599728322,1201.131,381.994,1,1,96415599345568,382.754
3,1745,300,96415599551755,96415600575360,96415600799767,1248.012,224.407,1,1,96415600574369,225.398
3,1746,300,96415600781547,96415601803921,96415602020079,1238.532,216.158,1,1,96415601803168,216.911
3,1747,300,96415602011118,96415602828685,96415603215189,1204.071,386.504,1,1,96415602827169,388.020
3,1748,300,96415603032723,96415604058138,96415604305196,1272.473,247.058,1,1,96415604055968,249.228
3,1749,300,96415604261544,96415605286239,96415605491936,1230.392,205.697,1,1,96415605284769,207.167
3,1750,300,96415605490266,96415606309513,96415606711897,1221.631,402.384,1,1,96415606308769,403.128
3,1751,300,96415606515990,96415607538305,96415607792333,1276.343,254.028,1,1,96415607537569,254.764
3,1752,300,96415607743622,96415608767167,96415608977584,1233.962,210.417,1,1,96415608766368,211.216
3,1753,300,96415608973434,96415609995848,96415610185065,1211.631,189.217,1,1,96415609995169,189.896
3,1754,300,96415609995848,96415611021563,96415611383035,1387.187,361.472,1,1,96415611019169,363.866
3,1755,300,96415611225329,96415612250144,96415612450271,1224.942,200.127,1,1,96415612247969,202.302
3,1756,300,96415612453522,96415613478446,96415613667173,1213.651,188.727,1,1,96415613476768,190.405
3,1757,300,96415613682343,96415614501711,96415614899014,1216.671,397.303,1,1,96415614500769,398.245
3,1758,300,96415614707847,96415615730622,96415615952989,1245.142,222.367,1,1,96415615729569,223.420
3,1759,300,96415615935599,96415616959273,96415617151550,1215.951,192.277,1,1,96415616958369,193.181
3,1760,300,96415617165650,96415617985218,96415618435994,1270.344,450.776,1,1,96415617982369,453.625
3,1761,300,96415618188075,96415619212620,96415619432127,1244.052,219.507,1,1,96415619211169,220.958
3,1762,300,96415619416707,96415620442611,96415620657769,1241.062,215.158,1,1,96415620439969,217.800
3,1763,300,96415620645468,96415621464676,96415621929622,1284.154,464.946,1,1,96415621463969,465.653
3,1764,300,96415621716834,96415622693567,96415622915425,1198.591,221.858,1,1,96415622692769,222.656
3,1765,300,96415622899955,96415623922239,96415624151547,1251.592,229.308,1,1,96415623921569,229.978
3,1766,300,96415624127886,96415625151340,96415625348207,1220.321,196.867,1,1,96415625150368,197.839
3,1767,300,96415625151340,96415626176915,96415626701093,1549.753,524.178,1,1,96415626174369,526.724
3,1768,300,96415626379842,96415627404566,96415627605604,1225.762,201.038,1,1,96415627403169,202.435
3,1769,300,96415627608754,96415628634238,96415628847725,1238.971,213.487,1,1,96415628631969,215.756
3,1770,300,96415628837415,96415629656803,96415630076627,1239.212,419.824,1,1,96415629655969,420.658
3,1771,300,96415629862150,96415630885644,96415631080831,1218.681,195.187,1,1,96415630884769,196.062
3,1772,300,96415631092141,96415632114665,96415632361954,1269.813,247.289,1,1,96415632113569,248.385
3,1773,300,96415632319723,96415633138850,96415633516453,1196.730,377.603,1,1,96415633137568,378.885
3,1774,300,96415633343268,96415634368642,96415634570919,1227.651,202.277,1,1,96415634366369,204.550
3,1775,300,96415634572159,96415635596343,96415635812101,1239.942,215.758,1,1,96415635595169,216.932
3,1776,300,96415635800880,96415636619988,96415637068013,1267.133,448.025,1,1,96415636619169,448.844
3,1777,300,96415636826515,96415637848769,96415638102288,1275.773,253.519,1,1,96415637847968,254.320
3,1778,300,96415638054137,96415639077461,96415639279878,1225.741,202.417,1,1,96415639076769,203.109
3,1779,300,96415639284208,96415640306393,96415640578292,1294.084,271.899,1,1,96415640305569,272.723
3,1780,300,96415640306393,96415641330847,96415641692810,1386.417,361.963,1,1,96415641329569,363.241
3,1781,300,96415641535244,96415642560898,96415642755405,1220.161,194.507,1,1,96415642558368,197.037
3,1782,300,96415642763936,96415643788581,96415644003247,1239.311,214.666,1,1,96415643787169,216.078
3,1783,300,96415643992687,96415644812135,96415645231079,1238.392,418.944,1,1,96415644811168,419.911
3,1784,300,96415645018092,96415646041356,96415646261623,1243.531,220.267,1,1,96415646039969,221.654
3,1785,300,96415646246193,96415647269608,96415647465314,1219.121,195.706,1,1,96415647268768,196.546
3,1786,300,96415647476104,96415648295652,96415648705407,1229.303,409.755,1,1,96415648292769,412.638
3,1787,300,96415648498330,96415649522874,96415649729621,1231.291,206.747,1,1,96415649521568,208.053
3,1788,300,96415649727551,96415650753166,96415650982353,1254.802,229.187,1,1,96415650750369,231.984
3,1789,300,96415650955842,96415651775100,96415652174224,1218.382,399.124,1,1,96415651774369,399.855
3,1790,300,96415651980487,96415653016082,96415653211218,1230.731,195.136,1,1,96415653003169,208.049
3,1791,300,96415653210378,96415654232753,96415654456741,1246.363,223.988,1,1,96415654231968,224.773
3,1792,300,96415654438150,96415655461615,96415655675632,1237.482,214.017,1,1,96415655460769,214.863
3,1793,300,96415655461615,96415656487189,96415656916503,1454.888,429.314,1,1,96415656484769,431.734
3,1794,300,96415656690196,96415657714890,96415657929948,1239.752,215.058,1,1,96415657713569,216.379
3,1795,300,96415657919138,96415658944793,96415659159209,1240.071,214.416,1,1,96415658942368,216.841
3,1796,300,96415659147989,96415659967167,96415660335499,1187.510,368.332,1,1,96415659966369,369.130
3,1797,300,96415660172514,96415661196028,96415661396775,1224.261,200.747,1,1,96415661195169,201.606
3,1798,300,96415661402315,96415662424830,96415662637637,1235.322,212.807,1,1,96415662423969,213.668
3,1799,300,96415662630517,96415663449424,96415663836318,1205.801,386.894,1,1,96415663447969,388.349
3,1800,300,96415663653662,96415664679127,96415664930625,1276.963,251.498,1,1,96415664676769,253.856
3,1801,300,96415664882303,96415665907108,96415666127275,1244.972,220.167,1,1,96415665905569,221.706
3,1802,300,96415666111824,96415666930662,96415667338146,1226.322,407.484,1,1,96415666929569,408.577
3,1803,300,96415667136869,96415668159213,96415668387891,1251.022,228.678,1,1,96415668158369,229.522
3,1804,300,96415668364601,96415669388106,96415669594123,1229.522,206.017,1,1,96415669387169,206.954
3,1805,300,96415669594543,96415670616697,96415670854725,1260.182,238.028,1,1,96415670615969,238.756
3,1806,300,96415670616697,96415671641272,96415672003734,1387.037,362.462,1,1,96415671639969,363.765
3,1807,300,96415671845548,96415672871253,96415673114152,1268.604,242.899,1,1,96415672868769,245.383
3,1808,300,96415673074280,96415674098875,96415674314842,1240.562,215.967,1,1,96415674097569,217.273
3,1809,300,96415674303092,96415675122379,96415675504602,1201.510,382.223,1,1,96415675121569,383.033
3,1810,300,96415675328846,96415677467319,96415677957115,2628.269,489.796,1,1,96415676350369,1606.746
3,1811,300,96415677469299,96415677580072,96415678264716,795.417,684.644,1,1,96415677579169,685.547
3,1812,300,96415677795970,96415678606077,96415679097984,1302.014,491.907,1,1,96415678603168,494.816
3,1813,300,96415678808884,96415679833989,96415680063346,1254.462,229.357,1,1,96415679831969,231.377
3,1814,300,96415680037665,96415681064300,96415681303358,1265.693,239.058,1,1,96415681060769,242.589
3,1815,300,96415681266537,96415682086114,96415682497268,1230.731,411.154,1,1,96415682084769,412.499
3,1816,300,96415682291541,96415683314366,96415683532523,1240.982,218.157,1,1,96415683313568,218.955
3,1817,300,96415683874255,96415684543378,96415684785846,911.591,242.468,1,1,96415684542369,243.477
3,1818,300,96415684749295,96415685779730,96415685992606,1243.311,212.876,1,1,96415685771169,221.437
3,1819,300,96415685779730,96415686859376,96415687497607,1717.877,638.231,1,1,96415686795169,702.438
3,1820,300,96415687022441,96415688025515,96415688254483,1232.042,228.968,1,1,96415688023968,230.515
3,1821,300,96415688229782,96415689256256,96415689502415,1272.633,246.159,1,1,96415689252769,249.646
3,1822,300,96415689458644,96415690277752,96415690690855,1232.211,413.103,1,1,96415690276768,414.087
3,1823,300,96415690483688,96415691506503,96415691726430,1242.742,219.927,1,1,96415691505569,220.861
3,1824,300,96415691713620,96415692735414,96415692968492,1254.872,233.078,1,1,96415692734368,234.124
3,1825,300,96415692940651,96415693760139,96415694161433,1220.782,401.294,1,1,96415693758369,403.064
3,1826,300,96415693964585,96415694991110,96415695237869,1273.284,246.759,1,1,96415694987168,250.701
3,1827,300,96415695221188,96415696217682,96415696420559,1199.371,202.877,1,1,96415696215969,204.590
3,1828,300,96415696421539,96415697240807,96415697674081,1252.542,433.274,1,1,96415697239969,434.112
3,1829,300,96415697447634,96415698470008,96415698668175,1220.541,198.167,1,1,96415698468769,199.406
3,1830,300,96415698675085,96415699700139,96415700071863,1396.778,371.724,1,1,96415699697568,374.295
3,1831,300,96415699905517,96415700927301,96415701107987,1202.470,180.686,1,1,96415700926369,181.618
3,1832,300,96415700927301,96415701952156,96415702313728,1386.427,361.572,1,1,96415701950369,363.359
3,1833,300,96415702156213,96415703182747,96415703393004,1236.791,210.257,1,1,96415703179169,213.835
3,1834,300,96415703384904,96415704409339,96415704624996,1240.092,215.657,1,1,96415704407968,217.028
3,1835,300,96415704613936,96415705432924,96415707829094,3215.158,2396.170,1,1,96415705431969,2397.125
3,1836,300,96415707335068,96415707349648,96415707910157,575.089,560.509,1,1,96415706660769,1249.388
3,1837,300,96415707350408,96415707890606,96415708272840,922.432,382.234,1,1,96415707889569,383.271
3,1838,300,96415708097893,96415708917031,96415709439149,1341.256,522.118,1,1,96415708913569,525.580
3,1839,300,96415709119508,96415710143933,96415710410712,1291.204,266.779,1,1,96415710142369,268.343
3,1840,300,96415710348070,96415711374565,96415711647354,1299.284,272.789,1,1,96415711371169,276.185
3,1841,300,96415711576851,96415712395829,96415712816223,1239.372,420.394,1,1,96415712395169,421.054
3,1842,300,96415712601396,96415713624810,96415713858018,1256.622,233.208,1,1,96415713623969,234.049
3,1843,300,96415713831787,96415714853572,96415715095300,1263.513,241.728,1,1,96415714852769,242.531
3,1844,300,96415715059779,96415716082534,96415716267250,1207.471,184.716,1,1,96415716081569,185.681
3,1845,300,96415716082534,96415719271301,96415720049907,3967.373,778.606,1,1,96415717105569,2944.338
3,1846,300,96415719273591,96415719281832,96415720195932,922.341,914.100,1,1,96415718334369,1861.563
3,1847,300,96415719283112,96415719567211,96415720511573,1228.461,944.362,1,1,96415719563169,948.404
3,1848,300,96415719782808,96415720588076,96415721253638,1470.830,665.562,1,1,96415720587169,666.469
3,1849,300,96415721031540,96415721817047,96415722354145,1322.605,537.098,1,1,96415721815969,538.176
3,1850,300,96415722024594,96415723045489,96415723383240,1358.646,337.751,1,1,96415723044769,338.471
3,1851,300,96415723251255,96415724070343,96415724455977,1204.722,385.634,1,1,96415724068769,387.208
3,1852,300,96415724274510,96415725300544,96415725554273,1279.763,253.729,1,1,96415725297569,256.704
3,1853,300,96415725503282,96415726528427,96415726714783,1211.501,186.356,1,1,96415726526369,188.414
3,1854,300,96415726732243,96415727551381,96415730602274,3870.031,3050.893,1,1,96415727550369,3051.905
3,1855,300,96415730028975,96415730046256,96415730702037,673.062,655.781,1,1,96415728779169,1922.868
3,1856,300,96415730047626,96415730052185,96415730862913,815.287,810.728,1,1,96415730007969,854.944
3,1857,300,96415730215711,96415731237846,96415731610778,1395.067,372.932,1,1,96415731236769,374.009
3,1858,300,96415731237846,96415732262950,96415732674784,1436.938,411.834,1,1,96415732260769,414.015
3,1859,300,96415732466807,96415733492482,96415733692519,1225.712,200.037,1,1,96415733489569,202.950
3,1860,300,96415733695258,96415734720203,96415734920100,1224.842,199.897,1,1,96415734718369,201.731
3,1861,300,96415734924370,96415735743488,96415736132321,1207.951,388.833,1,1,96415735742369,389.952
3,1862,300,96415735950085,96415736972110,96415737186397,1236.312,214.287,1,1,96415736971169,215.228
3,1863,300,96415737177766,96415738201111,96415738400128,1222.362,199.017,1,1,96415738199969,200.159
3,1864,300,96415738407688,96415739227175,96415739638339,1230.651,411.164,1,1,96415739223969,414.370
3,1865,300,96415739429852,96415740454447,96415740685494,1255.642,231.047,1,1,96415740452769,232.725
3,1866,300,96415740658654,96415741684419,96415741904036,1245.382,219.617,1,1,96415741681569,222.467
3,1867,300,96415745030112,96415745044232,96415745914012,883.900,869.780,1,1,96415742705569,3208.443
3,1868,300,96415745046222,96415745052493,96415746033246,987.024,980.753,1,1,96415743934369,2098.877
3,1869,300,96415745053133,96415745164116,96415746351687,1298.554,1187.571,1,1,96415745163169,1188.518
3,1870,300,96415745369893,96415746393208,96415746718379,1348.486,325.171,1,1,96415746391969,326.410
3,1871,300,96415746393208,96415747418833,96415748079474,1686.266,660.641,1,1,96415747415969,663.505
3,1872,300,96415747621749,96415748647214,96415748860121,1238.372,212.907,1,1,96415748644769,215.352
3,1873,300,96415748850970,96415749877225,96415750083562,1232.592,206.337,1,1,96415749873569,209.993
3,1874,300,96415750080033,96415750898990,96415751316025,1235.992,417.035,1,1,96415750897569,418.456
3,1875,300,96415751104737,96415752127682,96415752346679,1241.942,218.997,1,1,96415752126369,220.310
3,1876,300,96415752335309,96415753356423,96415753575501,1240.192,219.078,1,1,96415753355169,220.332
3,1877,300,96415753562230,96415754381668,96415754766441,1204.211,384.773,1,1,96415754379169,387.272
3,1878,300,96415754585454,96415755612729,96415755878739,1293.285,266.010,1,1,96415755607969,270.770
3,1879,300,96415755814086,96415756839441,96415757087569,1273.483,248.128,1,1,96415756836769,250.800
3,1880,300,96415757042938,96415757903227,96415758365303,1322.365,462.076,1,1,96415757860769,504.534
3,1881,300,96415758075413,96415759090237,96415759543353,1467.940,453.116,1,1,96415759089569,453.784
3,1882,300,96415759296183,96415760319488,96415760564597,1268.414,245.109,1,1,96415760318369,246.228
3,1883,300,96415760526686,96415763028710,96415763583919,3057.233,555.209,1,1,96415761547169,2036.750
3,1884,300,96415763028710,96415763038611,96415763614960,586.250,576.349,1,1,96415762571169,1043.791
3,1885,300,96415763039431,96415763803056,96415764200319,1160.888,397.263,1,1,96415763799969,400.350
3,1886,300,96415764024543,96415765030487,96415765288626,1264.083,258.139,1,1,96415765028769,259.857
3,1887,300,96415765234615,96415766053813,96415766501207,1266.592,447.394,1,1,96415766052769,448.438
3,1888,300,96415766260270,96415767282884,96415767501071,1240.801,218.187,1,1,96415767281569,219.502
3,1889,300,96415767487971,96415768511365,96415768718062,1230.091,206.697,1,1,96415768510369,207.693
3,1890,300,96415768719562,96415770033836,96415770288135,1568.573,254.299,1,1,96415769534369,753.766
3,1891,300,96415770035256,96415770764961,96415771057041,1021.785,292.080,1,1,96415770763169,293.872
3,1892,300,96415770969069,96415771995923,96415772244522,1275.453,248.599,1,1,96415771991969,252.553
3,1893,300,96415772197780,96415773031738,96415773504484,1306.704,472.746,1,1,96415773015969,488.515
3,1894,300,96415773222464,96415774245849,96415774468437,1245.973,222.588,1,1,96415774244769,223.668
3,1895,300,96415774452476,96415775474590,96415775711788,1259.312,237.198,1,1,96415775473569,238.219
3,1896,300,96415775680048,96415778033007,96415778609067,2929.019,576.060,1,1,96415776702369,1906.698
3,1897,300,96415778033007,96415778037627,96415778761031,728.024,723.404,1,1,96415777726369,1034.662
3,1898,300,96415778038567,96415778957018,96415779344472,1305.905,387.454,1,1,96415778955169,389.303
3,1899,300,96415779161045,96415780186869,96415780412898,1251.853,226.029,1,1,96415780183969,228.929
3,1900,300,96415780389867,96415781209004,96415781617898,1228.031,408.894,1,1,96415781207969,409.929
3,1901,300,96415781414372,96415782437876,96415782639063,1224.691,201.187,1,1,96415782436769,202.294
3,1902,300,96415782644603,96415783666697,96415783882915,1238.312,216.218,1,1,96415783665569,217.346
3,1903,300,96415783872044,96415784691692,96415785061974,1189.930,370.282,1,1,96415784689569,372.405
3,1904,300,96415784895829,96415786032167,96415786276325,1380.496,244.158,1,1,96415785918369,357.956
3,1905,300,96415786124311,96415787148645,96415787390933,1266.622,242.288,1,1,96415787147169,243.764
3,1906,300,96415787353072,96415788172260,96415789296428,1943.356,1124.168,1,1,96415788171169,1125.259
3,1907,300,96415789027259,96415789400981,96415789677401,650.142,276.420,1,1,96415789399969,277.432
3,1908,300,96415789606738,96415790629602,96415790847990,1241.252,218.388,1,1,96415790628769,219.221
3,1909,300,96415790836670,96415793025714,96415793366916,2530.246,341.202,1,1,96415791857569,1509.347
3,1910,300,96415793025714,96415793033284,96415793627084,601.370,593.800,1,1,96415792881569,745.515
3,1911,300,96415793086846,96415794113551,96415794337938,1251.092,224.387,1,1,96415794110369,227.569
3,1912,300,96415794316177,96415795340742,96415795546998,1230.821,206.256,1,1,96415795339169,207.829
3,1913,300,96415795545039,96415796364096,96415796750150,1205.111,386.054,1,1,96415796363169,386.981
3,1914,300,96415796571034,96415797593058,96415797833426,1262.392,240.368,1,1,96415797591969,241.457
3,1915,300,96415799024496,96415799034617,96415799511713,487.217,477.096,1,1,96415798820769,690.944
3,1916,300,96415799035547,96415799847874,96415800377232,1341.685,529.358,1,1,96415799844769,532.463
3,1917,300,96415800050701,96415801075545,96415801277373,1226.672,201.828,1,1,96415801073569,203.804
3,1918,300,96415801279423,96415802305188,96415802512945,1233.522,207.757,1,1,96415802302369,210.576
3,1919,300,96415802508344,96415803327372,96415803712985,1204.641,385.613,1,1,96415803326369,386.616
3,1920,300,96415803532889,96415805019179,96415805378871,1845.982,359.692,1,1,96415804555169,823.702
3,1921,300,96415805020279,96415805784804,96415806041383,1021.104,256.579,1,1,96415805783969,257.414
3,1922,300,96415805990232,96415807014387,96415807198253,1208.021,183.866,1,1,96415807012769,185.484
3,1923,300,96415807014387,96415808039551,96415808447465,1433.078,407.914,1,1,96415808036769,410.696
3,1924,300,96415808242498,96415809267063,96415809500341,1257.843,233.278,1,1,96415809265569,234.772
3,1925,300,96415809471249,96415811030442,96415811435895,1964.646,405.453,1,1,96415810494369,941.526
3,1926,300,96415811031503,96415811519568,96415812042856,1011.353,523.288,1,1,96415811518369,524.487
3,1927,300,96415811725616,96415812748231,96415812974998,1249.382,226.767,1,1,96415812747169,227.829
3,1928,300,96415812954947,96415813976752,96415814196120,1241.173,219.368,1,1,96415813975969,220.151
3,1929,300,96415814182319,96415815007897,96415815381179,1198.860,373.282,1,1,96415814999969,381.210
3,1930,300,96415815205553,96415817020735,96415817479280,2273.727,458.545,1,1,96415816228769,1250.511
3,1931,300,96415817021975,96415817459270,96415817818761,796.786,359.491,1,1,96415817457569,361.192
3,1932,300,96415817663296,96415818482434,96415818935409,1272.113,452.975,1,1,96415818481569,453.840
3,1933,300,96415818689581,96415819711606,96415819982035,1292.454,270.429,1,1,96415819710369,271.666
3,1934,300,96415819916972,96415820940187,96415821142944,1225.972,202.757,1,1,96415820939169,203.775
3,1935,300,96415821147034,96415822168839,96415822377856,1230.822,209.017,1,1,96415822167969,209.887
3,1936,300,96415822168839,96415823193454,96415823559895,1391.056,366.441,1,1,96415823191969,367.926
3,1937,300,96415823397570,96415824424465,96415824628552,1230.982,204.087,1,1,96415824420769,207.783
3,1938,300,96415824626461,96415825650916,96415825846533,1220.072,195.617,1,1,96415825649569,196.964
3,1939,300,96415825855244,96415826674260,96415827082165,1226.921,407.905,1,1,96415826673569,408.596
3,1940,300,96415826880988,96415827903133,96415828153751,1272.763,250.618,1,1,96415827902369,251.382
3,1941,300,96415828108609,96415829131924,96415829331440,1222.831,199.516,1,1,96415829131169,200.271
3,1942,300,96415829338721,96415830158099,96415830544902,1206.181,386.803,1,1,96415830155169,389.733
3,1943,300,96415830360715,96415831385450,96415831587677,1226.962,202.227,1,1,96415831383969,203.708
3,1944,300,96415831589547,96415832615472,96415832899851,1310.304,284.379,1,1,96415832612769,287.082
3,1945,300,96415832818259,96415833637456,96415834049030,1230.771,411.574,1,1,96415833636769,412.261
3,1946,300,96415833842973,96415834866218,96415835073305,1230.332,207.087,1,1,96415834865569,207.736
3,1947,300,96415835072804,96415836095589,96415836298167,1225.363,202.578,1,1,96415836094369,203.798
3,1948,300,96415836300657,96415837323831,96415837513288,1212.631,189.457,1,1,96415837323169,190.119
3,1949,300,96415837323831,96415838350436,96415838766810,1442.979,416.374,1,1,96415838347169,419.641
3,1950,300,96415838552972,96415839577327,96415839792695,1239.723,215.368,1,1,96415839575969,216.726
3,1951,300,96415839781804,96415840807368,96415841013935,1232.131,206.567,1,1,96415840804769,209.166
3,1952,300,96415841010706,96415841829893,96415842201876,1191.170,371.983,1,1,96415841828769,373.107
3,1953,300,96415842034930,96415843058315,96415843265942,1231.012,207.627,1,1,96415843057569,208.373
3,1954,300,96415843265272,96415844287026,96415844502344,1237.072,215.318,1,1,96415844286369,215.975
3,1955,300,96415844492603,96415845311631,96415845688744,1196.141,377.113,1,1,96415845310369,378.375
3,1956,300,96415845515947,96415846541842,96415846740359,1224.412,198.517,1,1,96415846539169,201.190
3,1957,300,96415846744720,96415847774594,96415847970721,1226.001,196.127,1,1,96415847767969,202.752
3,1958,300,96415847973521,96415848792719,96415849198572,1225.051,405.853,1,1,96415848791969,406.603
3,1959,300,96415848999416,96415850021540,96415850251868,1252.452,230.328,1,1,96415850020769,231.099
3,1960,300,96415850226807,96415851250451,96415851444928,1218.121,194.477,1,1,96415851249569,195.359
3,1961,300,96415851456568,96415852479033,96415852681780,1225.212,202.747,1,1,96415852478369,203.411
3,1962,300,96415852479033,96415853503738,96415853878240,1399.207,374.502,1,1,96415853502369,375.871
3,1963,300,96415853707905,96415854733839,96415854951307,1243.402,217.468,1,1,96415854731169,220.138
3,1964,300,96415854936666,96415855961350,96415856173708,1237.042,212.358,1,1,96415855959969,213.739
3,1965,300,96415856165757,96415856984765,96415857359117,1193.360,374.352,1,1,96415856983969,375.148
3,1966,300,96415857191063,96415858213697,96415858414834,1223.771,201.137,1,1,96415858212769,202.065
3,1967,300,96415858418914,96415859442288,96415859629825,1210.911,187.537,1,1,96415859441569,188.256
3,1968,300,96415859648435,96415860468353,96415860960299,1311.864,491.946,1,1,96415860465569,494.730
3,1969,300,96415860671080,96415861695684,96415861922582,1251.502,226.898,1,1,96415861694369,228.213
3,1970,300,96415861899842,96415862925676,96415863127753,1227.911,202.077,1,1,96415862923169,204.584
3,1971,300,96415863128763,96415863947851,96415864348595,1219.832,400.744,1,1,96415863947169,401.426
3,1972,300,96415864153218,96415865176802,96415865376868,1223.650,200.066,1,1,96415865175969,200.899
3,1973,300,96415865383969,96415866405693,96415866627311,1243.342,221.618,1,1,96415866404769,222.542
3,1974,300,96415866611180,96415867634226,96415867841563,1230.383,207.337,1,1,96415867633569,207.994
3,1975,300,96415867634226,96415868659730,96415869231099,1596.873,571.369,1,1,96415868657569,573.530
3,1976,300,96415868863107,96415869887701,96415870085068,1221.961,197.367,1,1,96415869886369,198.699
3,1977,300,96415870092248,96415871117533,96415871315280,1223.032,197.747,1,1,96415871115169,200.111
3,1978,300,96415871320729,96415872140017,96415872548101,1227.372,408.084,1,1,96415872139169,408.932
3,1979,300,96415872345505,96415873368939,96415873577866,1232.361,208.927,1,1,96415873367969,209.897
3,1980,300,96415873574986,96415874597491,96415874847789,1272.803,250.298,1,1,96415874596769,251.020
3,1981,300,96415874802947,96415875622085,96415876019749,1216.802,397.664,1,1,96415875620769,398.980
3,1982,300,96415875826332,96415876852027,96415877054554,1228.222,202.527,1,1,96415876849569,204.985
3,1983,300,96415877055084,96415878079799,96415878271064,1215.980,191.265,1,1,96415878078369,192.695
3,1984,300,96415878283875,96415879103293,96415879550758,1266.883,447.465,1,1,96415879102369,448.389
3,1985,300,96415879309630,96415880331944,96415880537731,1228.101,205.787,1,1,96415880331169,206.562
3,1986,300,96415880537831,96415881560626,96415881758343,1220.512,197.717,1,1,96415881559969,198.374
3,1987,300,96415881767042,96415882789508,96415882976944,1209.902,187.436,1,1,96415882788769,188.175
3,1988,300,96415882789508,96415883814132,96415884202015,1412.507,387.883,1,1,96415883812769,389.246
3,1989,300,96415884018309,96415885044144,96415885239781,1221.472,195.637,1,1,96415885041569,198.212
3,1990,300,96415885247050,96415886271585,96415886470642,1223.592,199.057,1,1,96415886270369,200.273
3,1991,300,96415886475831,96415887294969,96415887706254,1230.423,411.285,1,1,96415887294369,411.885
3,1992,300,96415887501596,96415888524082,96415888782210,1280.614,258.128,1,1,96415888523169,259.041
3,1993,300,96415888729348,96415889752723,96415889969070,1239.722,216.347,1,1,96415889751969,217.101
3,1994,300,96415889959320,96415890778757,96415891180911,1221.591,402.154,1,1,96415890775969,404.942
3,1995,300,96415890981634,96415892009419,96415892226867,1245.233,217.448,1,1,96415892004769,222.098
3,1996,300,96415892210325,96415893236110,96415893502740,1292.415,266.630,1,1,96415893233569,269.171
3,1997,300,96415893439037,96415894258355,96415894665859,1226.822,407.504,1,1,96415894257569,408.290
3,1998,300,96415894463772,96415895487066,96415895685673,1221.901,198.607,1,1,96415895486369,199.304
3,1999,300,96415895693643,96415896715908,96415896916835,1223.192,200.927,1,1,96415896715169,201.666
3,2000,300,96415896921275,96415897944720,96415898130136,1208.861,185.416,1,1,96415897943969,186.167
3,2001,300,96415897944720,96415898970305,96415899388099,1443.379,417.794,1,1,96415898967969,420.130
3,2002,300,96415899173631,96415900198076,96415900395352,1221.721,197.276,1,1,96415900196769,198.583
3,2003,300,96415900402292,96415901428157,96415901630184,1227.892,202.027,1,1,96415901425569,204.615
3,2004,300,96415901631024,96415902450332,96415902838395,1207.371,388.063,1,1,96415902449569,388.826
3,2005,300,96415902655618,96415903679074,96415903906491,1250.873,227.417,1,1,96415903678369,228.122
3,2006,300,96415903885401,96415904908015,96415905116752,1231.351,208.737,1,1,96415904907169,209.583
3,2007,300,96415905113382,96415905932570,96415906310792,1197.410,378.222,1,1,96415905931169,379.623
3,2008,300,96415906136706,96415907162121,96415907402329,1265.623,240.208,1,1,96415907159969,242.360
3,2009,300,96415907365677,96415908390123,96415908577729,1212.052,187.606,1,1,96415908388769,188.960
3,2010,300,96415908594360,96415909413458,96415909825581,1231.221,412.123,1,1,96415909412769,412.812
3,2011,300,96415909620294,96415910642269,96415910847325,1227.031,205.056,1,1,96415910641569,205.756
3,2012,300,96415910847655,96415911871150,96415912086758,1239.103,215.608,1,1,96415911870369,216.389
3,2013,300,96415912078107,96415913099992,96415913287619,1209.512,187.627,1,1,96415913099169,188.450
3,2014,300,96415913099992,96415914124587,96415914487288,1387.296,362.701,1,1,96415914123169,364.119
3,2015,300,96415914328633,96415915354508,96415915566345,1237.712,211.837,1,1,96415915351969,214.376
3,2016,300,96415915557615,96415916582199,96415916784736,1227.121,202.537,1,1,96415916580769,203.967
3,2017,300,96415916786456,96415917605534,96415917983907,1197.451,378.373,1,1,96415917604769,379.138
3,2018,300,96415917811921,96415918834426,96415919052213,1240.292,217.787,1,1,96415918833569,218.644
3,2019,300,96415919039633,96415920063107,96415920268974,1229.341,205.867,1,1,96415920062369,206.605
3,2020,300,96415920269454,96415921089042,96415921521836,1252.382,432.794,1,1,96415921086369,435.467
3,2021,300,96415921292228,96415922316363,96415922518811,1226.583,202.448,1,1,96415922315169,203.642
3,2022,300,96415922521180,96415923546434,96415923751022,1229.842,204.588,1,1,96415923543969,207.053
3,2023,300,96415923749442,96415924568650,96415924990313,1240.871,421.663,1,1,96415924567969,422.344
3,2024,300,96415924776867,96415925797651,96415926006188,1229.321,208.537,1,1,96415925796769,209.419
3,2025,300,96415926011658,96415927026332,96415927264021,1252.363,237.689,1,1,96415927025569,238.452
3,2026,300,96415927231729,96415928254993,96415928455691,1223.962,200.698,1,1,96415928254369,201.322
3,2027,300,96415928254993,96415929280568,96415929737454,1482.461,456.886,1,1,96415929278369,459.085
3,2028,300,96415929483996,96415930508580,96415930709377,1225.381,200.797,1,1,96415930507169,202.208
3,2029,300,96415930712707,96415931738312,96415931950829,1238.122,212.517,1,1,96415931735969,214.860
3,2030,300,96415931941468,96415932760636,96415933163540,1222.072,402.904,1,1,96415932759969,403.571
3,2031,300,96415932966143,96415933989518,96415934192575,1226.432,203.057,1,1,96415933988769,203.806
3,2032,300,96415934195795,96415935218339,96415935419426,1223.631,201.087,1,1,96415935217569,201.857
3,2033,300,96415935423616,96415936242804,96415936621177,1197.561,378.373,1,1,96415936241569,379.608
3,2034,300,96415936447041,96415937472755,96415937715304,1268.263,242.549,1,1,96415937470369,244.935
3,2035,300,96415937675972,96415938700826,96415938916784,1240.812,215.958,1,1,96415938699169,217.615
3,2036,300,96415938904814,96415939723852,96415940171976,1267.162,448.124,1,1,96415939723169,448.807
3,2037,300,96415939930349,96415940952763,96415941178191,1247.842,225.428,1,1,96415940951969,226.222
3,2038,300,96415941158400,96415942181554,96415942368331,1209.931,186.777,1,1,96415942180769,187.562
3,2039,300,96415942387791,96415943410296,96415943617733,1229.942,207.437,1,1,96415943409569,208.164
3,2040,300,96415943410296,96415944435131,96415944804153,1393.857,369.022,1,1,96415944433569,370.584
3,2041,300,96415944639238,96415945664722,96415945889570,1250.332,224.848,1,1,96415945662369,227.201
3,2042,300,96415945867869,96415946892544,96415947077860,1209.991,185.316,1,1,96415946891169,186.691
3,2043,300,96415947096800,96415947915998,96415948356443,1259.643,440.445,1,1,96415947915169,441.274
3,2044,300,96415948122195,96415949144750,96415949404999,1282.804,260.249,1,1,96415949143969,261.030
3,2045,300,96415949350207,96415950373492,96415950571498,1221.291,198.006,1,1,96415950372769,198.729
3,2046,300,96415950580148,96415951399016,96415951807160,1227.012,408.144,1,1,96415951396769,410.391
3,2047,300,96415951602233,96415952627047,96415952844285,1242.052,217.238,1,1,96415952625569,218.716
3,2048,300,96415952831284,96415953856879,96415954096037,1264.753,239.158,1,1,96415953854369,241.668
3,2049,300,96415954059956,96415954879144,96415955260246,1200.290,381.102,1,1,96415954878369,381.877
3,2050,300,96415955084541,96415956107845,96415956325972,1241.431,218.127,1,1,96415956107169,218.803
3,2051,300,96415956314552,96415957337127,96415957552994,1238.442,215.867,1,1,96415957335969,217.025
3,2052,300,96415957542123,96415958565518,96415958779365,1237.242,213.847,1,1,96415958564769,214.596
3,2053,300,96415958565518,96415959591312,96415960054128,1488.610,462.816,1,1,96415959588769,465.359
3,2054,300,96415959794670,96415960818875,96415961022321,1227.651,203.446,1,1,96415960817569,204.752
3,2055,300,96415961023151,96415962048936,96415962255083,1231.932,206.147,1,1,96415962046369,208.714
3,2056,300,96415962252183,96415963071180,96415963450603,1198.420,379.423,1,1,96415963070369,380.234
3,2057,300,96415963276677,96415964299902,96415964509129,1232.452,209.227,1,1,96415964299169,209.960
3,2058,300,96415964506989,96415965528714,96415965751581,1244.592,222.867,1,1,96415965527969,223.612
3,2059,300,96415965734131,96415966553378,96415966938431,1204.300,385.053,1,1,96415966551969,386.462
3,2060,300,96415966757635,96415967783370,96415968026768,1269.133,243.398,1,1,96415967780769,245.999
3,2061,300,96415967986256,96415969011211,96415969221718,1235.462,210.507,1,1,96415969009569,212.149
3,2062,300,96415969215248,96415970034376,96415970443280,1228.032,408.904,1,1,96415970033569,409.711
3,2063,300,96415970241063,96415971263378,96415971534667,1293.604,271.289,1,1,96415971262369,272.298
3,2064,300,96415971468584,96415972491979,96415972692496,1223.912,200.517,1,1,96415972491169,201.327
3,2065,300,96415972699206,96415973721080,96415973920607,1221.401,199.527,1,1,96415973719969,200.638
3,2066,300,96415973721080,96415974745295,96415975109867,1388.787,364.572,1,1,96415974743969,365.898
3,2067,300,96415974949602,96415975975457,96415976175343,1225.741,199.886,1,1,96415975972769,202.574
3,2068,300,96415976178423,96415977203428,96415977391274,1212.851,187.846,1,1,96415977201569,189.705
3,2069,300,96415977407085,96415978226253,96415978624686,1217.601,398.433,1,1,96415978225569,399.117
3,2070,300,96415978433149,96415979455044,96415979650801,1217.652,195.757,1,1,96415979454369,196.432
3,2071,300,96415979660512,96415980683976,96415980900273,1239.761,216.297,1,1,96415980683169,217.104
3,2072,300,96415980891123,96415981709951,96415982109364,1218.241,399.413,1,1,96415981707169,402.195
3,2073,300,96415981912887,96415982937512,96415983144699,1231.812,207.187,1,1,96415982935969,208.730
3,2074,300,96415983141609,96415984167293,96415984373350,1231.741,206.057,1,1,96415984164769,208.581
3,2075,300,96415984371031,96415985189608,96415985587601,1216.570,397.993,1,1,96415985188769,398.832
3,2076,300,96415985395045,96415986418370,96415986623216,1228.171,204.846,1,1,96415986417569,205.647
3,2077,300,96415986625197,96415987647141,96415987857308,1232.111,210.167,1,1,96415987646369,210.939
3,2078,300,96415987852588,96415988875912,96415989063038,1210.450,187.126,1,1,96415988875169,187.869
3,2079,300,96415988875912,96415989901687,96415990431995,1556.083,530.308,1,1,96415989899169,532.826
3,2080,300,96415990104774,96415991129359,96415991330625,1225.851,201.266,1,1,96415991127969,202.656
3,2081,300,96415991333576,96415992359370,96415992571338,1237.762,211.968,1,1,96415992356769,214.569
3,2082,300,96415992562407,96415993381575,96415993787129,1224.722,405.554,1,1,96415993380769,406.360
3,2083,300,96415993586982,96415994610476,96415994818573,1231.591,208.097,1,1,96415994609569,209.004
3,2084,300,96415994816944,96415995839118,96415996093727,1276.783,254.609,1,1,96415995838369,255.358
3,2085,300,96415996044735,96415996863743,96415997239695,1194.960,375.952,1,1,96415996862369,377.326
3,2086,300,96415997067989,96415998093924,96415998296931,1228.942,203.007,1,1,96415998091169,205.762
3,2087,300,96415998296791,96415999321265,96415999513752,1216.961,192.487,1,1,96415999319969,193.783
3,2088,300,96415999525593,96416000344650,96416000805155,1279.562,460.505,1,1,96416000343969,461.186
3,2089,300,96416000551148,96416001573522,96416001805800,1254.652,232.278,1,1,96416001572769,233.031
3,2090,300,96416001779639,96416002802213,96416003005790,1226.151,203.577,1,1,96416002801569,204.221
3,2091,300,96416003012400,96416004031074,96416004249472,1237.072,218.398,1,1,96416004030369,219.103
3,2092,300,96416004031074,96416005056019,96416005414121,1383.047,358.102,1,1,96416005054369,359.752
3,2093,300,96416005259877,96416006286161,96416006536510,1276.633,250.349,1,1,96416006283169,253.341
3,2094,300,96416006488698,96416007513302,96416007716059,1227.361,202.757,1,1,96416007511969,204.090
3,2095,300,96416007717589,96416008537037,96416008920280,1202.691,383.243,1,1,96416008535969,384.311
3,2096,300,96416008743384,96416009765458,96416009993766,1250.382,228.308,1,1,96416009764769,228.997
3,2097,300,96416009971006,96416010994360,96416011182367,1211.361,188.007,1,1,96416010993569,188.798
3,2098,300,96416011201507,96416012019805,96416012393608,1192.101,373.803,1,1,96416012017569,376.039
3,2099,300,96416012223052,96416013247626,96416013464254,1241.202,216.628,1,1,96416013246369,217.885
3,2100,300,96416013451833,96416014477568,96416014743047,1291.214,265.479,1,1,96416014475169,267.878
3,2101,300,96416014680615,96416015499872,96416015894986,1214.371,395.114,1,1,96416015499169,395.817
3,2102,300,96416015705130,96416016728674,96416016955302,1250.172,226.628,1,1,96416016727969,227.333
3,2103,300,96416016935281,96416017957495,96416018151832,1216.551,194.337,1,1,96416017956769,195.063
3,2104,300,96416018162912,96416019186327,96416019417404,1254.492,231.077,1,1,96416019185569,231.835
3,2105,300,96416019186327,96416020211641,96416020597525,1411.198,385.884,1,1,96416020209569,387.956
3,2106,300,96416020415019,96416021439973,96416021645790,1230.771,205.817,1,1,96416021438369,207.421
3,2107,300,96416021643830,96416022669785,96416022871721,1227.891,201.936,1,1,96416022667169,204.552
3,2108,300,96416022872781,96416023691899,96416024059362,1186.581,367.463,1,1,96416023691169,368.193
3,2109,300,96416023897546,96416024920750,96416025118558,1221.012,197.808,1,1,96416024919969,198.589
3,2110,300,96416025126948,96416026149713,96416026351389,1224.441,201.676,1,1,96416026148769,202.620
3,2111,300,96416026355939,96416027174337,96416027547230,1191.291,372.893,1,1,96416027172769,374.461
3,2112,300,96416027378284,96416028404509,96416028646026,1267.742,241.517,1,1,96416028401569,244.457
3,2113,300,96416028607025,96416029631690,96416029836807,1229.782,205.117,1,1,96416029630369,206.438
3,2114,300,96416029835847,96416030655134,96416031062878,1227.031,407.744,1,1,96416030654369,408.509
3,2115,300,96416030862092,96416031883956,96416032109064,1246.972,225.108,1,1,96416031883169,225.895
3,2116,300,96416032089493,96416033112858,96416033351346,1261.853,238.488,1,1,96416033111969,239.377
3,2117,300,96416033319174,96416034341559,96416034543316,1224.142,201.757,1,1,96416034340769,202.547
3,2118,300,96416034341559,96416035366173,96416035729486,1387.927,363.313,1,1,96416035364769,364.717
3,2119,300,96416035570281,96416036595906,96416036798022,1227.741,202.116,1,1,96416036593569,204.453
3,2120,300,96416036799052,96416037823747,96416038026953,1227.901,203.206,1,1,96416037822369,204.584
3,2121,300,96416038028054,96416038847021,96416039223454,1195.400,376.433,1,1,96416038846369,377.085
3,2122,300,96416039053628,96416040076323,96416040318601,1264.973,242.278,1,1,96416040075169,243.432
3,2123,300,96416040281260,96416041304655,96416041495201,1213.941,190.546,1,1,96416041303969,191.232
3,2124,300,96416041512252,96416042330599,96416042794794,1282.542,464.195,1,1,96416042327969,466.825
3,2125,300,96416042533466,96416043558041,96416043756698,1223.232,198.657,1,1,96416043556769,199.929
3,2126,300,96416043762317,96416044788142,96416044998269,1235.952,210.127,1,1,96416044785569,212.700
3,2127,300,96416044991460,96416045810336,96416046197650,1206.190,387.314,1,1,96416045809569,388.081
3,2128,300,96416046015704,96416047039129,96416047247106,1231.402,207.977,1,1,96416047038369,208.737
3,2129,300,96416047245975,96416048267930,96416048488717,1242.742,220.787,1,1,96416048267169,221.548
3,2130,300,96416048473257,96416049496651,96416049683757,1210.500,187.106,1,1,96416049495969,187.788
3,2131,300,96416049496651,96416050522446,96416051107235,1610.584,584.789,1,1,96416050519969,587.266
3,2132,300,96416050725473,96416051750038,96416051963434,1237.961,213.396,1,1,96416051748769,214.665
3,2133,300,96416051954344,96416052980399,96416053305420,1351.076,325.021,1,1,96416052977569,327.851
3,2134,300,96416053183146,96416054013574,96416054410168,1227.022,396.594,1,1,96416054001569,408.599
3,2135,300,96416054207880,96416055231175,96416055436002,1228.122,204.827,1,1,96416055230369,205.633
3,2136,300,96416055437712,96416056459867,96416056739686,1301.974,279.819,1,1,96416056459169,280.517
3,2137,300,96416056665284,96416057484442,96416057878845,1213.561,394.403,1,1,96416057483169,395.676
3,2138,300,96416057688748,96416058714583,96416058931431,1242.683,216.848,1,1,96416058711969,219.462
3,2139,300,96416058917499,96416059942084,96416060141261,1223.762,199.177,1,1,96416059940769,200.492
3,2140,300,96416060146462,96416060965739,96416061416484,1270.022,450.745,1,1,96416060964769,451.715
3,2141,300,96416061171886,96416062194321,96416062401118,1229.232,206.797,1,1,96416062193569,207.549
3,2142,300,96416062399898,96416063423022,96416063618389,1218.491,195.367,1,1,96416063422369,196.020
3,2143,300,96416063629619,96416064651973,96416064883181,1253.562,231.208,1,1,96416064651169,232.012
3,2144,300,96416064651973,96416065676468,96416066050130,1398.157,373.662,1,1,96416065675169,374.961
3,2145,300,96416065880735,96416066906320,96416067111087,1230.352,204.767,1,1,96416066903969,207.118
3,2146,300,96416067109497,96416068134041,96416068324858,1215.361,190.817,1,1,96416068132769,192.089
3,2147,300,96416068338318,96416069157636,96416069536159,1197.841,378.523,1,1,96416069156769,379.390
3,2148,300,96416069363893,96416070386237,96416070630936,1267.043,244.699,1,1,96416070385569,245.367
3,2149,300,96416070591824,96416071615099,96416071819216,1227.392,204.117,1,1,96416071614369,204.847
3,2150,300,96416071821906,96416072640414,96416073030467,1208.561,390.053,1,1,96416072638369,392.098
3,2151,300,96416072843890,96416073868475,96416074072872,1228.982,204.397,1,1,96416073867169,205.703
3,2152,300,96416074072592,96416075098476,96416075330234,1257.642,231.758,1,1,96416075095969,234.265
3,2153,300,96416075301483,96416076120751,96416076507604,1206.121,386.853,1,1,96416076119969,387.635
3,2154,300,96416076326499,96416077349873,96416077552800,1226.301,202.927,1,1,96416077348769,204.031
3,2155,300,96416077556030,96416078578404,96416078821902,1265.872,243.498,1,1,96416078577569,244.333
3,2156,300,96416078783821,96416079807075,96416079993542,1209.721,186.467,1,1,96416079806369,187.173
3,2157,300,96416079807075,96416080832790,96416081219224,1412.149,386.434,1,1,96416080830369,388.855
3,2158,300,96416081035988,96416082060422,96416082272769,1236.781,212.347,1,1,96416082059169,213.600
3,2159,300,96416082264679,96416083290324,96416083502941,1238.262,212.617,1,1,96416083287969,214.972
3,2160,300,96416083493530,96416084312708,96416084712492,1218.962,399.784,1,1,96416084311969,400.523
3,2161,300,96416084518055,96416085541399,96416085743247,1225.192,201.848,1,1,96416085540769,202.478
3,2162,300,96416085747886,96416086776451,96416086973208,1225.322,196.757,1,1,96416086769569,203.639
3,2163,300,96416086975618,96416087795376,96416088179078,1203.460,383.702,1,1,96416087793569,385.509
3,2164,300,96416087999073,96416089024867,96416089271846,1272.773,246.979,1,1,96416089022369,249.477
3,2165,300,96416089227934,96416090252758,96416090445465,1217.531,192.707,1,1,96416090251169,194.296
3,2166,300,96416090456715,96416091276073,96416091678917,1222.202,402.844,1,1,96416091275169,403.748
3,2167,300,96416091482450,96416092504665,96416092741082,1258.632,236.417,1,1,96416092503969,237.113
3,2168,300,96416092710312,96416093733496,96416093944334,1234.022,210.838,1,1,96416093732769,211.565
3,2169,300,96416093940613,96416094962488,96416095151714,1211.101,189.226,1,1,96416094961569,190.145
3,2170,300,96416094962488,96416095986922,96416096354785,1392.297,367.863,1,1,96416095985569,369.216
3,2171,300,96416096191060,96416097216605,96416097412310,1221.250,195.705,1,1,96416097214369,197.941
3,2172,300,96416097419881,96416098444626,96416098649962,1230.081,205.336,1,1,96416098443169,206.793
3,2173,300,96416098648802,96416099468000,96416099853404,1204.602,385.404,1,1,96416099467169,386.235
3,2174,300,96416099675197,96416100696701,96416100912189,1236.992,215.488,1,1,96416100695969,216.220
3,2175,300,96416100902098,96416101925534,96416102132581,1230.483,207.047,1,1,96416101924769,207.812
3,2176,300,96416102132431,96416102951738,96416103332880,1200.449,381.142,1,1,96416102948769,384.111
3,2177,300,96416103154455,96416104178919,96416104382606,1228.151,203.687,1,1,96416104177569,205.037
3,2178,300,96416104383146,96416105408921,96416105606138,1222.992,197.217,1,1,96416105406369,199.769
3,2179,300,96416105611877,96416106431055,96416106825858,1213.981,394.803,1,1,96416106430369,395.489
3,2180,300,96416106636442,96416107659917,96416107887375,1250.933,227.458,1,1,96416107659169,228.206
3,2181,300,96416107866474,96416108888769,96416109089175,1222.701,200.406,1,1,96416108887969,201.206
3,2182,300,96416109094145,96416110117600,96416110306556,1212.411,188.956,1,1,96416110116769,189.787
3,2183,300,96416110117600,96416111143865,96416111624521,1506.921,480.656,1,1,96416111140769,483.752
3,2184,300,96416111346581,96416112370767,96416112587113,1240.532,216.346,1,1,96416112369569,217.544
3,2185,300,96416112575143,96416113600928,96416113815884,1240.741,214.956,1,1,96416113598369,217.515
3,2186,300,96416113804145,96416114623042,96416114997155,1193.010,374.113,1,1,96416114622369,374.786
3,2187,300,96416114828459,96416115851964,96416116050001,1221.542,198.037,1,1,96416115851169,198.832
3,2188,300,96416116058810,96416117080836,96416117296482,1237.672,215.646,1,1,96416117079969,216.513
3,2189,300,96416117286083,96416118105520,96416118482913,1196.830,377.393,1,1,96416118103969,378.944
3,2190,300,96416118309467,96416119335552,96416119536088,1226.621,200.536,1,1,96416119332769,203.319
3,2191,300,96416119538428,96416120562823,96416120783821,1245.393,220.998,1,1,96416120561569,222.252
3,2192,300,96416120767190,96416121586357,96416122038553,1271.363,452.196,1,1,96416121585569,452.984
3,2193,300,96416121793094,96416122815160,96416123040067,1246.973,224.907,1,1,96416122814369,225.698
3,2194,300,96416123020496,96416124043871,96416124239058,1218.562,195.187,1,1,96416124043169,195.889
3,2195,300,96416124250338,96416125272762,96416125479489,1229.151,206.727,1,1,96416125271969,207.520
3,2196,300,96416125272762,96416126297327,96416126659049,1386.287,361.722,1,1,96416126295969,363.080
3,2197,300,96416126501493,96416127527788,96416127720765,1219.272,192.977,1,1,96416127524769,195.996
3,2198,300,96416127730266,96416128755040,96416128958507,1228.241,203.467,1,1,96416128753569,204.938
3,2199,300,96416128959527,96416129778355,96416130203179,1243.652,424.824,1,1,96416129777569,425.610
3,2200,300,96416129985131,96416131009936,96416131229954,1244.823,220.018,1,1,96416131006369,223.585
3,2201,300,96416131212803,96416132235877,96416132437985,1225.182,202.108,1,1,96416132235169,202.816
3,2202,300,96416132442345,96416133261393,96416133657846,1215.501,396.453,1,1,96416133259169,398.677
3,2203,300,96416133464659,96416134489404,96416134704661,1240.002,215.257,1,1,96416134487969,216.692
3,2204,300,96416134693411,96416135719235,96416135969614,1276.203,250.379,1,1,96416135716769,252.845
3,2205,300,96416135922322,96416136741510,96416137160224,1237.902,418.714,1,1,96416136740769,419.455
3,2206,300,96416136946996,96416137970512,96416138191789,1244.793,221.277,1,1,96416137969569,222.220
3,2207,300,96416138176719,96416139199153,96416139395169,1218.450,196.016,1,1,96416139198369,196.800
3,2208,300,96416139404830,96416140427904,96416140624671,1219.841,196.767,1,1,96416140427169,197.502
3,2209,300,96416140427904,96416141453589,96416141885304,1457.400,431.715,1,1,96416141451169,434.135
3,2210,300,96416141656755,96416142681430,96416142900958,1244.203,219.528,1,1,96416142679969,220.989
3,2211,300,96416142885478,96416143911122,96416144123120,1237.642,211.998,1,1,96416143908769,214.351
3,2212,300,96416144114439,96416144933577,96416145336241,1221.802,402.664,1,1,96416144932769,403.472
3,2213,300,96416145139314,96416146162408,96416146366795,1227.481,204.387,1,1,96416146161569,205.226
3,2214,300,96416146369415,96416147391019,96416147585126,1215.711,194.107,1,1,96416147390369,194.757
3,2215,300,96416147596607,96416148415585,96416148806648,1210.041,391.063,1,1,96416148414369,392.279
3,2216,300,96416148619921,96416149645666,96416149926485,1306.564,280.819,1,1,96416149643169,283.316
3,2217,300,96416149848753,96416150873267,96416151063244,1214.491,189.977,1,1,96416150871969,191.275
3,2218,300,96416151077574,96416151896722,96416152297275,1219.701,400.553,1,1,96416151895969,401.306
3,2219,300,96416152103439,96416153125534,96416153352182,1248.743,226.648,1,1,96416153124769,227.413
3,2220,300,96416153330921,96416154354305,96416154548902,1217.981,194.597,1,1,96416154353569,195.333
3,2221,300,96416154561012,96416155583016,96416155800464,1239.452,217.448,1,1,96416155582369,218.095
3,2222,300,96416155583016,96416156607691,96416156970234,1387.218,362.543,1,1,96416156606369,363.865
3,2223,300,96416156812038,96416157837792,96416158090731,1278.693,252.939,1,1,96416157835169,255.562
3,2224,300,96416158040760,96416159065504,96416159267571,1226.811,202.067,1,1,96416159063969,203.602
3,2225,300,96416159269501,96416160088719,96416160497492,1227.991,408.773,1,1,96416160087969,409.523
3,2226,300,96416160295476,96416161317420,96416161525547,1230.071,208.127,1,1,96416161316769,208.778
3,2227,300,96416161522717,96416162546301,96416162725888,1203.171,179.587,1,1,96416162545569,180.319
3,2228,300,96416162753119,96416163572606,96416164027622,1274.503,455.016,1,1,96416163569569,458.053
3,2229,300,96416163775294,96416164799728,96416164987235,1211.941,187.507,1,1,96416164798369,188.866
3,2230,300,96416165009195,96416166029410,96416166261468,1252.273,232.058,1,1,96416166027169,234.299
3,2231,300,96416166232696,96416167051844,96416167451318,1218.622,399.474,1,1,96416167051169,400.149
3,2232,300,96416167257261,96416168280705,96416168481283,1224.022,200.578,1,1,96416168279969,201.314
3,2233,300,96416168487203,96416169509477,96416169710514,1223.311,201.037,1,1,96416169508769,201.745
3,2234,300,96416169714984,96416170738249,96416170948116,1233.132,209.867,1,1,96416170737569,210.547
3,2235,300,96416170738249,96416171763903,96416172332883,1594.634,568.980,1,1,96416171761569,571.314
3,2236,300,96416171967080,96416172991755,96416173194422,1227.342,202.667,1,1,96416172990369,204.053
3,2237,300,96416173195972,96416174221817,96416174425953,1229.981,204.136,1,1,96416174219169,206.784
3,2238,300,96416174424693,96416175243811,96416175657465,1232.772,413.654,1,1,96416175243169,414.296
3,2239,300,96416175449318,96416176472662,96416176675789,1226.471,203.127,1,1,96416176471969,203.820
3,2240,300,96416176679549,96416177701554,96416177986574,1307.025,285.020,1,1,96416177700769,285.805
3,2241,300,96416177906931,96416178726328,96416179095671,1188.740,369.343,1,1,96416178724769,370.902
3,2242,300,96416178930346,96416179956781,96416180162237,1231.891,205.456,1,1,96416179953569,208.668
3,2243,300,96416180159167,96416181183772,96416181379759,1220.592,195.987,1,1,96416181182369,197.390
3,2244,300,96416181387838,96416182207276,96416182649591,1261.753,442.315,1,1,96416182206369,443.222
3,2245,300,96416182413413,96416183435837,96416183636385,1222.972,200.548,1,1,96416183435169,201.216
3,2246,300,96416183641425,96416184664700,96416184869926,1228.501,205.226,1,1,96416184663969,205.957
3,2247,300,96416184871666,96416185893521,96416186098248,1226.582,204.727,1,1,96416185892769,205.479
3,2248,300,96416185893521,96416186918345,96416187279698,1386.177,361.353,1,1,96416186916769,362.929
3,2249,300,96416187122342,96416188148307,96416188343024,1220.682,194.717,1,1,96416188145569,197.455
3,2250,300,96416188351114,96416189375639,96416189579686,1228.572,204.047,1,1,96416189374369,205.317
3,2251,300,96416189579936,96416190399033,96416190818158,1238.222,419.125,1,1,96416190398369,419.789
3,2252,300,96416190605500,96416191627875,96416191850862,1245.362,222.987,1,1,96416191627169,223.693
3,2253,300,96416191833351,96416192856616,96416193047872,1214.521,191.256,1,1,96416192855969,191.903
3,2254,300,96416193063194,96416193882370,96416194262894,1199.700,380.524,1,1,96416193879969,382.925
3,2255,300,96416194085518,96416195110303,96416195307939,1222.421,197.636,1,1,96416195108769,199.170
3,2256,300,96416195314219,96416196339974,96416196540120,1225.901,200.146,1,1,96416196337569,202.551
3,2257,300,96416196543101,96416197362308,96416197762902,1219.801,400.594,1,1,96416197361569,401.333
3,2258,300,96416197567785,96416198591190,96416198813058,1245.273,221.868,1,1,96416198590369,222.689
3,2259,300,96416198797787,96416199819952,96416200035278,1237.491,215.326,1,1,96416199819169,216.109
3,2260,300,96416200025229,96416201048733,96416201274240,1249.011,225.507,1,1,96416201047969,226.271
3,2261,300,96416201048733,96416202074108,96416202492682,1443.949,418.574,1,1,96416202071969,420.713
3,2262,300,96416202277564,96416203302149,96416203518877,1241.313,216.728,1,1,96416203300769,218.108
3,2263,300,96416203506246,96416204532081,96416204728017,1221.771,195.936,1,1,96416204529569,198.448
3,2264,300,96416204735018,96416205554366,96416205941618,1206.600,387.252,1,1,96416205553569,388.049
3,2265,300,96416205759702,96416206783187,96416206998484,1238.782,215.297,1,1,96416206782369,216.115
3,2266,300,96416206989834,96416208011988,96416208211905,1222.071,199.917,1,1,96416208011169,200.736
3,2267,300,96416208217726,96416209036473,96416209422586,1204.860,386.113,1,1,96416209035169,387.417
3,2268,300,96416209240750,96416210266225,96416210482912,1242.162,216.687,1,1,96416210263969,218.943
3,2269,300,96416210469432,96416211494246,96416211715473,1246.041,221.227,1,1,96416211492769,222.704
3,2270,300,96416211698693,96416212517401,96416212930124,1231.431,412.723,1,1,96416212516769,413.355
3,2271,300,96416212723657,96416213746462,96416213978480,1254.823,232.018,1,1,96416213745569,232.911
3,2272,300,96416213952040,96416214975234,96416215183991,1231.951,208.757,1,1,96416214974369,209.622
3,2273,300,96416215181461,96416216203895,96416216398182,1216.721,194.287,1,1,96416216203169,195.013
3,2274,300,96416216203895,96416217228560,96416217595223,1391.328,366.663,1,1,96416217227169,368.054
3,2275,300,96416217432726,96416218458081,96416218663548,1230.822,205.467,1,1,96416218455969,207.579
3,2276,300,96416218661559,96416219686133,96416219899650,1238.091,213.517,1,1,96416219684769,214.881
3,2277,300,96416219890320,96416220709448,96416221092000,1201.680,382.552,1,1,96416220708769,383.231
3,2278,300,96416220916165,96416221938289,96416222135426,1219.261,197.137,1,1,96416221937569,197.857
3,2279,300,96416222143736,96416223167200,96416223383408,1239.672,216.208,1,1,96416223166369,217.039
3,2280,300,96416223373527,96416224192835,96416224650190,1276.663,457.355,1,1,96416224190369,459.821
3,2281,300,96416224395913,96416225420997,96416225621903,1225.990,200.906,1,1,96416225419169,202.734
3,2282,300,96416225624724,96416226650138,96416226864946,1240.222,214.808,1,1,96416226647969,216.977
3,2283,300,96416226853525,96416227672703,96416228049866,1196.341,377.163,1,1,96416227671969,377.897
3,2284,300,96416227878290,96416228901514,96416229117632,1239.342,216.118,1,1,96416228900769,216.863
3,2285,300,96416229108292,96416230130306,96416230347273,1238.981,216.967,1,1,96416230129569,217.704
3,2286,300,96416230335753,96416231359057,96416231551864,1216.111,192.807,1,1,96416231358369,193.495
3,2287,300,96416231359057,96416232385632,96416232890559,1531.502,504.927,1,1,96416232382369,508.190
3,2288,300,96416232588469,96416233612503,96416233837652,1249.183,225.149,1,1,96416233611169,226.483
3,2289,300,96416233816741,96416234842486,96416235038242,1221.501,195.756,1,1,96416234839969,198.273
3,2290,300,96416235045532,96416235864800,96416236284514,1238.982,419.714,1,1,96416235863969,420.545
3,2291,300,96416236070357,96416237093461,96416237296968,1226.611,203.507,1,1,96416237092769,204.199
3,2292,300,96416237300478,96416238322232,96416238551840,1251.362,229.608,1,1,96416238321569,230.271
3,2293,300,96416238527799,96416239346987,96416239739221,1211.422,392.234,1,1,96416239345569,393.652
3,2294,300,96416239551025,96416240576719,96416240795686,1244.661,218.967,1,1,96416240574369,221.317
3,2295,300,96416240779956,96416241804440,96416242006517,1226.561,202.077,1,1,96416241803169,203.348
3,2296,300,96416242008727,96416242827935,96416243274460,1265.733,446.525,1,1,96416242827169,447.291
3,2297,300,96416243034442,96416244056646,96416244302275,1267.833,245.629,1,1,96416244055969,246.306
3,2298,300,96416244262054,96416245285478,96416245478954,1216.900,193.476,1,1,96416245284769,194.185
3,2299,300,96416245491875,96416246514550,96416246720396,1228.521,205.846,1,1,96416246513569,206.827
3,2300,300,96416246514550,96416247538914,96416247907386,1392.836,368.472,1,1,96416247537569,369.817
3,2301,300,96416247743161,96416248777976,96416248978933,1235.772,200.957,1,1,96416248766369,212.564
3,2302,300,96416248971873,96416249996808,96416250210164,1238.291,213.356,1,1,96416249995169,214.995
3,2303,300,96416250200834,96416251019802,96416251388354,1187.520,368.552,1,1,96416251019169,369.185
3,2304,300,96416251228139,96416252248653,96416252526683,1298.544,278.030,1,1,96416252247969,278.714
3,2305,300,96416252454340,96416253477535,96416253674432,1220.092,196.897,1,1,96416253476769,197.663
3,2306,300,96416253684142,96416254503149,96416254892373,1208.231,389.224,1,1,96416254500769,391.604
3,2307,300,96416254706227,96416255730811,96416255956929,1250.702,226.118,1,1,96416255729569,227.360
3,2308,300,96416255935088,96416256961203,96416257223711,1288.623,262.508,1,1,96416256958369,265.342
3,2309,300,96416257163829,96416257983027,96416258392052,1228.223,409.025,1,1,96416257982369,409.683
3,2310,300,96416258188864,96416259211848,96416259416256,1227.392,204.408,1,1,96416259211169,205.087
3,2311,300,96416259418575,96416260440621,96416260662078,1243.503,221.457,1,1,96416260439969,222.109
3,2312,300,96416260645977,96416261669532,96416261877269,1231.292,207.737,1,1,96416261668769,208.500
3,2313,300,96416261669532,96416262694977,96416263131991,1462.459,437.014,1,1,96416262692769,439.222
3,2314,300,96416262898333,96416263922918,96416264143596,1245.263,220.678,1,1,96416263921569,222.027
3,2315,300,96416264127115,96416265153040,96416265350776,1223.661,197.736,1,1,96416265150369,200.407
3,2316,300,96416265355997,96416266175084,96416266582908,1226.911,407.824,1,1,96416266174369,408.539
3,2317,300,96416266380871,96416267403996,96416267609522,1228.651,205.526,1,1,96416267403169,206.353
3,2318,300,96416267610342,96416268632687,96416268835134,1224.792,202.447,1,1,96416268631969,203.165
3,2319,300,96416268838214,96416269657541,96416270037754,1199.540,380.213,1,1,96416269655969,381.785
3,2320,300,96416269861539,96416270887184,96416271153512,1291.973,266.328,1,1,96416270884769,268.743
3,2321,300,96416271090320,96416272114995,96416272330793,1240.473,215.798,1,1,96416272113569,217.224
3,2322,300,96416272319152,96416273138409,96416273543063,1223.911,404.654,1,1,96416273137569,405.494
3,2323,300,96416273344586,96416274367091,96416274599249,1254.663,232.158,1,1,96416274366369,232.880
3,2324,300,96416274572477,96416275595963,96416275812200,1239.723,216.237,1,1,96416275595169,217.031
3,2325,300,96416275802390,96416276824804,96416277046821,1244.431,222.017,1,1,96416276823969,222.852
3,2326,300,96416276824804,96416277849589,96416278219371,1394.567,369.782,1,1,96416277847969,371.402
3,2327,300,96416278053565,96416279080400,96416279296708,1243.143,216.308,1,1,96416279076769,219.939
3,2328,300,96416279282257,96416280306912,96416280493358,1211.101,186.446,1,1,96416280305569,187.789
3,2329,300,96416280511149,96416281330267,96416281764531,1253.382,434.264,1,1,96416281329569,434.962
3,2330,300,96416281537003,96416282559108,96416282785075,1248.072,225.967,1,1,96416282558369,226.706
3,2331,300,96416282764565,96416283787899,96416283984826,1220.261,196.927,1,1,96416283787169,197.657
3,2332,300,96416283994586,96416284813574,96416285250328,1255.742,436.754,1,1,96416284811169,439.159
3,2333,300,96416285016741,96416286041346,96416286254562,1237.821,213.216,1,1,96416286039969,214.593
3,2334,300,96416286245583,96416287271057,96416287472024,1226.441,200.967,1,1,96416287268769,203.255
3,2335,300,96416287474324,96416288293532,96416288691295,1216.971,397.763,1,1,96416288292769,398.526
3,2336,300,96416288498958,96416289522303,96416289729240,1230.282,206.937,1,1,96416289521569,207.671
3,2337,300,96416289728830,96416290751185,96416290973672,1244.842,222.487,1,1,96416290750369,223.303
3,2338,300,96416290956522,96416291979926,96416292172003,1215.481,192.077,1,1,96416291979169,192.834
3,2339,300,96416291979926,96416293013252,96416293444126,1464.200,430.874,1,1,96416293003169,440.957
3,2340,300,96416293208627,96416294233532,96416294428179,1219.552,194.647,1,1,96416294231969,196.210
3,2341,300,96416294437459,96416295463423,96416295678091,1240.632,214.668,1,1,96416295460769,217.322
3,2342,300,96416295666311,96416296485919,96416296905743,1239.432,419.824,1,1,96416296484769,420.974
3,2343,300,96416296691036,96416297714280,96416297930128,1239.092,215.848,1,1,96416297713569,216.559
3,2344,300,96416297920927,96416298943261,96416299233771,1312.844,290.510,1,1,96416298942369,291.402
3,2345,300,96416299148988,96416299968176,96416300349459,1200.471,381.283,1,1,96416299966369,383.090
3,2346,300,96416300171913,96416301198067,96416301413455,1241.542,215.388,1,1,96416301195169,218.286
3,2347,300,96416301400785,96416302425429,96416302616396,1215.611,190.967,1,1,96416302423969,192.427
3,2348,300,96416302629726,96416303448784,96416303882548,1252.822,433.764,1,1,96416303447969,434.579
3,2349,300,96416303655701,96416304677605,96416304906983,1251.282,229.378,1,1,96416304676769,230.214
3,2350,300,96416304883082,96416305906377,96416306114304,1231.222,207.927,1,1,96416305905569,208.735
3,2351,300,96416306112944,96416307135068,96416307330025,1217.081,194.957,1,1,96416307134369,195.656
3,2352,300,96416307135068,96416308159923,96416308524725,1389.657,364.802,1,1,96416308158369,366.356
3,2353,300,96416308363870,96416309389644,96416309591142,1227.272,201.498,1,1,96416309387169,203.973
3,2354,300,96416309592761,96416310617306,96416310815363,1222.602,198.057,1,1,96416310615969,199.394
3,2355,300,96416310821573,96416311640671,96416312041584,1220.011,400.913,1,1,96416311639969,401.615
3,2356,300,96416311848108,96416312869442,96416313156222,1308.114,286.780,1,1,96416312868769,287.453
3,2357,300,96416313074999,96416314098284,96416314298971,1223.972,200.687,1,1,96416314097569,201.402
3,2358,300,96416314304740,96416315124548,96416315506901,1202.161,382.353,1,1,96416315121569,385.332
3,2359,300,96416315327095,96416316351640,96416316563907,1236.812,212.267,1,1,96416316350369,213.538
3,2360,300,96416316555947,96416317581442,96416317835310,1279.363,253.868,1,1,96416317579169,256.141
3,2361,300,96416317784978,96416318604006,96416319010100,1225.122,406.094,1,1,96416318603169,406.931
3,2362,300,96416318809333,96416319832757,96416320028764,1219.431,196.007,1,1,96416319831969,196.795
3,2363,300,96416320039514,96416321061499,96416321277846,1238.332,216.347,1,1,96416321060769,217.077
3,2364,300,96416321266966,96416322290271,96416322482687,1215.721,192.416,1,1,96416322289569,193.118
3,2365,300,96416322290271,96416323316115,96416323737380,1447.109,421.265,1,1,96416323313569,423.811
3,2366,300,96416323519092,96416324543887,96416324757674,1238.582,213.787,1,1,96416324542369,215.305
3,2367,300,96416324747883,96416325780978,96416326023726,1275.843,242.748,1,1,96416325771169,252.557
3,2368,300,96416325976805,96416326796053,96416327173396,1196.591,377.343,1,1,96416326795169,378.227
3,2369,300,96416327016640,96416328024744,96416328216981,1200.341,192.237,1,1,96416328023969,193.012
3,2370,300,96416328231481,96416329253526,96416329453873,1222.392,200.347,1,1,96416329252769,201.104
3,2371,300,96416329458982,96416330278100,96416330664574,1205.592,386.474,1,1,96416330276769,387.805
3,2372,300,96416330482317,96416331508712,96416331722179,1239.862,213.467,1,1,96416331505569,216.610
3,2373,300,96416331711179,96416332735854,96416332932710,1221.531,196.856,1,1,96416332734369,198.341
3,2374,300,96416332940190,96416333759338,96416334162552,1222.362,403.214,1,1,96416333758369,404.183
3,2375,300,96416333965995,96416334987869,96416335194456,1228.461,206.587,1,1,96416334987169,207.287
3,2376,300,96416335193456,96416336216662,96416336412808,1219.352,196.146,1,1,96416336215969,196.839
3,2377,300,96416336423119,96416337445593,96416337665330,1242.211,219.737,1,1,96416337444769,220.561
3,2378,300,96416337445593,96416338470147,96416338847810,1402.217,377.663,1,1,96416338468769,379.041
3,2379,300,96416338674244,96416339700069,96416339930187,1255.943,230.118,1,1,96416339697569,232.618
3,2380,300,96416339903095,96416340927750,96416341134758,1231.663,207.008,1,1,96416340926369,208.389
3,2381,300,96416341131958,96416341951045,96416342385970,1254.012,434.925,1,1,96416341950369,435.601
3,2382,300,96416342157602,96416343179917,96416343416485,1258.883,236.568,1,1,96416343179169,237.316
3,2383,300,96416343385303,96416344408698,96416344596744,1211.441,188.046,1,1,96416344407969,188.775
3,2384,300,96416344615095,96416345434473,96416345854547,1239.452,420.074,1,1,96416345431969,422.578
3,2385,300,96416345637429,96416346662204,96416346877151,1239.722,214.947,1,1,96416346660769,216.382
3,2386,300,96416346866331,96416347891826,96416348105733,1239.402,213.907,1,1,96416347889569,216.164
3,2387,300,96416348095343,96416348914350,96416349309604,1214.261,395.254,1,1,96416348913569,396.035
3,2388,300,96416349120127,96416350143402,96416350369629,1249.502,226.227,1,1,96416350142369,227.260
3,2389,300,96416350349348,96416351371883,96416351588561,1239.213,216.678,1,1,96416351371169,217.392
3,2390,300,96416351577591,96416352600835,96416352797061,1219.470,196.226,1,1,96416352599969,197.092
3,2391,300,96416352600835,96416353626190,96416354109776,1508.941,483.586,1,1,96416353623969,485.807
3,2392,300,96416353829526,96416354854171,96416355055238,1225.712,201.067,1,1,96416354852769,202.469
3,2393,300,96416355058418,96416356084412,96416356307550,1249.132,223.138,1,1,96416356081569,225.981
3,2394,300,96416356287130,96416357106308,96416357482670,1195.540,376.362,1,1,96416357105569,377.101
3,2395,300,96416357311794,96416358335069,96416358542646,1230.852,207.577,1,1,96416358334369,208.277
3,2396,300,96416358541556,96416359563880,96416359780578,1239.022,216.698,1,1,96416359563169,217.409
3,2397,300,96416359773717,96416360588995,96416360979508,1205.791,390.513,1,1,96416360587169,392.339
3,2398,300,96416360792741,96416361818206,96416362016693,1223.952,198.487,1,1,96416361815969,200.724
3,2399,300,96416362021654,96416363046558,96416363260995,1239.341,214.437,1,1,96416363044769,216.226
3,2400,300,96416363250315,96416364069643,96416364518997,1268.682,449.354,1,1,96416364068769,450.228
3,2401,300,96416364275869,96416365298374,96416365523861,1247.992,225.487,1,1,96416365297569,226.292
3,2402,300,96416365503701,96416366527085,96416366731173,1227.472,204.088,1,1,96416366526369,204.804
3,2403,300,96416366733603,96416367756247,96416367955694,1222.091,199.447,1,1,96416367755169,200.525
3,2404,300,96416367756247,96416368780822,96416369147804,1391.557,366.982,1,1,96416368779169,368.635
3,2405,300,96416368984789,96416370012673,96416370221210,1236.421,208.537,1,1,96416370007969,213.241
3,2406,300,96416370213470,96416371238084,96416371431671,1218.201,193.587,1,1,96416371236769,194.902
3,2407,300,96416371442302,96416372261439,96416372695774,1253.472,434.335,1,1,96416372260769,435.005
3,2408,300,96416372468087,96416373490321,96416373758780,1290.693,268.459,1,1,96416373489569,269.211
3,2409,300,96416373695778,96416374719092,96416374919000,1223.222,199.908,1,1,96416374718369,200.631
3,2410,300,96416374925689,96416375744557,96416376140440,1214.751,395.883,1,1,96416375742369,398.071
3,2411,300,96416375947914,96416376972458,96416377167895,1219.981,195.437,1,1,96416376971169,196.726
3,2412,300,96416377176666,96416378202881,96416378445718,1269.052,242.837,1,1,96416378199969,245.749
3,2413,300,96416378405617,96416379224705,96416379632868,1227.251,408.163,1,1,96416379223969,408.899
3,2414,300,96416379430022,96416380453536,96416380668254,1238.232,214.718,1,1,96416380452769,215.485
3,2415,300,96416380660153,96416381682177,96416381927896,1267.743,245.719,1,1,96416381681569,246.327
3,2416,300,96416381887715,96416382910999,96416383103496,1215.781,192.497,1,1,96416382910369,193.127
3,2417,300,96416382910999,96416383936874,96416384320236,1409.237,383.362,1,1,96416383934369,385.867
3,2418,300,96416384140281,96416385164535,96416385367192,1226.911,202.657,1,1,96416385163169,204.023
3,2419,300,96416385368762,96416386394307,96416386599204,1230.442,204.897,1,1,96416386391969,207.235
3,2420,300,96416386597784,96416387416671,96416387838475,1240.691,421.804,1,1,96416387415969,422.506
3,2421,300,96416387622069,96416388645523,96416388861450,1239.381,215.927,1,1,96416388644769,216.681
3,2422,300,96416388851890,96416389874394,96416390079871,1227.981,205.477,1,1,96416389873569,206.302
3,2423,300,96416390079801,96416390898949,96416391281082,1201.281,382.133,1,1,96416390897569,383.513
3,2424,300,96416391103556,96416392128790,96416392377699,1274.143,248.909,1,1,96416392126369,251.330
3,2425,300,96416392331948,96416393356533,96416393552509,1220.561,195.976,1,1,96416393355169,197.340
3,2426,300,96416393560729,96416394379867,96416394798031,1237.302,418.164,1,1,96416394379169,418.862
3,2427,300,96416394586784,96416395608728,96416395847107,1260.323,238.379,1,1,96416395607969,239.138
3,2428,300,96416395814175,96416396837450,96416397056647,1242.472,219.197,1,1,96416396836769,219.878
3,2429,300,96416397044317,96416398066332,96416398255308,1210.991,188.976,1,1,96416398065569,189.739
3,2430,300,96416398066332,96416399091176,96416399454548,1388.216,363.372,1,1,96416399089569,364.979
3,2431,300,96416399295443,96416400320978,96416400524174,1228.731,203.196,1,1,96416400318369,205.805
3,2432,300,96416400523854,96416401548549,96416401741536,1217.682,192.987,1,1,96416401547169,194.367
3,2433,300,96416401752976,96416402571823,96416402951396,1198.420,379.573,1,1,96416402571169,380.227
3,2434,300,96416402778891,96416403800705,96416404021373,1242.482,220.668,1,1,96416403799969,221.404
3,2435,300,96416404011073,96416405029577,96416405228484,1217.411,198.907,1,1,96416405028769,199.715
3,2436,300,96416405235894,96416406055431,96416406438095,1202.201,382.664,1,1,96416406052769,385.326
3,2437,300,96416406258248,96416407282923,96416407485730,1227.482,202.807,1,1,96416407281569,204.161
3,2438,300,96416407487100,96416408513075,96416408704110,1217.010,191.035,1,1,96416408510369,193.741
3,2439,300,96416408715981,96416409535149,96416409945343,1229.362,410.194,1,1,96416409534369,410.974
3,2440,300,96416409740486,96416410764000,96416410982368,1241.882,218.368,1,1,96416410763169,219.199
3,2441,300,96416410970327,96416411992642,96416412207079,1236.752,214.437,1,1,96416411991969,215.110
3,2442,300,96416412198179,96416413221494,96416413419330,1221.151,197.836,1,1,96416413220769,198.561
3,2443,300,96416413221494,96416414247059,96416414756045,1534.551,508.986,1,1,96416414244769,511.276
3,2444,300,96416414450365,96416415475080,96416415690437,1240.072,215.357,1,1,96416415473569,216.868
3,2445,300,96416415679036,96416416704691,96416416919489,1240.453,214.798,1,1,96416416702369,217.120
3,2446,300,96416416907829,96416417727045,96416418141060,1233.231,414.015,1,1,96416417726369,414.691
3,2447,300,96416417932763,96416418955938,96416419151894,1219.131,195.956,1,1,96416418955169,196.725
3,2448,300,96416419162394,96416420184759,96416420398536,1236.142,213.777,1,1,96416420183969,214.567
3,2449,300,96416420390316,96416421209463,96416421592807,1202.491,383.344,1,1,96416421207969,384.838
3,2450,300,96416421413500,96416422439105,96416422635142,1221.642,196.037,1,1,96416422436769,198.373
3,2451,300,96416422642212,96416423667007,96416423885634,1243.422,218.627,1,1,96416423665569,220.065
3,2452,300,96416423871264,96416424690301,96416425138256,1266.992,447.955,1,1,96416424689569,448.687
3,2453,300,96416424896708,96416425919033,96416426148850,1252.142,229.817,1,1,96416425918369,230.481
3,2454,300,96416426124479,96416427148064,96416427349771,1225.292,201.707,1,1,96416427147169,202.602
3,2455,300,96416427354181,96416428376696,96416428579523,1225.342,202.827,1,1,96416428375969,203.554
3,2456,300,96416428376696,96416429401311,96416429779044,1402.348,377.733,1,1,96416429399969,379.075
3,2457,300,96416429605457,96416430631582,96416430853979,1248.522,222.397,1,1,96416430628769,225.210
3,2458,300,96416430834409,96416431859003,96416432048990,1214.581,189.987,1,1,96416431857569,191.421
3,2459,300,96416432063031,96416432882258,96416433259830,1196.799,377.572,1,1,96416432881569,378.261
3,2460,300,96416433088876,96416434111120,96416434355938,1267.062,244.818,1,1,96416434110369,245.569
3,2461,300,96416434316737,96416435339881,96416435532248,1215.511,192.367,1,1,96416435339169,193.079
3,2462,300,96416435546268,96416436365636,96416436745119,1198.851,379.483,1,1,96416436363169,381.950
3,2463,300,96416436568822,96416437593277,96416437805844,1237.022,212.567,1,1,96416437591969,213.875
3,2464,300,96416437797605,96416438823699,96416439101858,1304.253,278.159,1,1,96416438820769,281.089
3,2465,300,96416439026286,96416439845444,96416440229176,1202.890,383.732,1,1,96416439844769,384.407
3,2466,300,96416440050770,96416441074225,96416441280502,1229.732,206.277,1,1,96416441073569,206.933
3,2467,300,96416441280552,96416442303186,96416442507254,1226.702,204.068,1,1,96416442302369,204.885
3,2468,300,96416442508304,96416443531878,96416443721645,1213.341,189.767,1,1,96416443531169,190.476
3,2469,300,96416443531878,96416444557883,96416444959646,1427.768,401.763,1,1,96416444555169,404.477
3,2470,300,96416444760600,96416445785404,96416445973791,1213.191,188.387,1,1,96416445783969,189.822
3,2471,300,96416445989451,96416447015505,96416447215473,1226.022,199.968,1,1,96416447012769,202.704
3,2472,300,96416447218283,96416448037620,96416448437453,1219.170,399.833,1,1,96416448036769,400.684
3,2473,300,96416448242868,96416449266232,96416449470089,1227.221,203.857,1,1,96416449265569,204.520
3,2474,300,96416449473009,96416450495083,96416450697180,1224.171,202.097,1,1,96416450494369,202.811
3,2475,300,96416450700520,96416451519778,96416451921632,1221.112,401.854,1,1,96416451518369,403.263
3,2476,300,96416451723875,96416452749899,96416453004788,1280.913,254.889,1,1,96416452747169,257.619
3,2477,300,96416452953117,96416453977281,96416454198118,1245.001,220.837,1,1,96416453975969,222.149
3,2478,300,96416454181558,96416455000736,96416455412659,1231.101,411.923,1,1,96416454999969,412.690
3,2479,300,96416455207683,96416456229427,96416456445425,1237.742,215.998,1,1,96416456228769,216.656
3,2480,300,96416456434924,96416457458338,96416457661926,1227.002,203.588,1,1,96416457457569,204.357
3,2481,300,96416457665035,96416458687131,96416458902817,1237.782,215.686,1,1,96416458686369,216.448
3,2482,300,96416458687131,96416459711735,96416460079297,1392.166,367.562,1,1,96416459710369,368.928
3,2483,300,96416459916032,96416460942246,96416461161013,1244.981,218.767,1,1,96416460939169,221.844
3,2484,300,96416461144793,96416462169298,96416462374794,1230.001,205.496,1,1,96416462167969,206.825
3,2485,300,96416462373504,96416463192702,96416463573995,1200.491,381.293,1,1,96416463191969,382.026
3,2486,300,96416463399439,96416464421494,96416464622971,1223.532,201.477,1,1,96416464420769,202.202
3,2487,300,96416464626851,96416465650316,96416465865803,1238.952,215.487,1,1,96416465649569,216.234
3,2488,300,96416465857102,96416466676010,96416467075754,1218.652,399.744,1,1,96416466673569,402.185
3,2489,300,96416466879137,96416467903791,96416468099918,1220.781,196.127,1,1,96416467902369,197.549
3,2490,300,96416468107899,96416469133904,96416469339870,1231.971,205.966,1,1,96416469131169,208.701
3,2491,300,96416469336910,96416470156018,96416470568282,1231.372,412.264,1,1,96416470155169,413.113
3,2492,300,96416470361265,96416471384909,96416471580666,1219.401,195.757,1,1,96416471383969,196.697
3,2493,300,96416471591366,96416472613480,96416472832688,1241.322,219.208,1,1,96416472612769,219.919
3,2494,300,96416472818917,96416473842323,96416474029459,1210.542,187.136,1,1,96416473841569,187.890
3,2495,300,96416473842323,96416474868087,96416475392575,1550.252,524.488,1,1,96416474865569,527.006
3,2496,300,96416475071124,96416476095729,96416476297635,1226.511,201.906,1,1,96416476094369,203.266
3,2497,300,96416476299805,96416477325430,96416477523257,1223.452,197.827,1,1,96416477323169,200.088
3,2498,300,96416477528666,96416478348004,96416478723137,1194.471,375.133,1,1,96416478347169,375.968
3,2499,300,96416478553302,96416479576646,96416479794003,1240.701,217.357,1,1,96416479575969,218.034
3,2500,300,96416479783243,96416480805468,96416481081837,1298.594,276.369,1,1,96416480804769,277.068
3,2501,300,96416481010795,96416481830112,96416482213766,1202.971,383.654,1,1,96416481828769,384.997
3,2502,300,96416482034289,96416483060154,96416483253660,1219.371,193.506,1,1,96416483057569,196.091
3,2503,300,96416483263051,96416484287656,96416484475842,1212.791,188.186,1,1,96416484286369,189.473
3,2504,300,96416484491942,96416485311160,96416485765555,1273.613,454.395,1,1,96416485310369,455.186
3,2505,300,96416485517857,96416486539871,96416486922075,1404.218,382.204,1,1,96416486539169,382.906
3,2506,300,96416486745338,96416487776863,96416487978510,1233.172,201.647,1,1,96416487767969,210.541
3,2507,300,96416487975180,96416488997525,96416489196981,1221.801,199.456,1,1,96416488996769,200.212
3,2508,300,96416488997525,96416490022149,96416490389121,1391.596,366.972,1,1,96416490020769,368.352
3,2509,300,96416490226326,96416491252121,96416491438757,1212.431,186.636,1,1,96416491249569,189.188
3,2510,300,96416491455067,96416492479662,96416492667078,1212.011,187.416,1,1,96416492478369,188.709
3,2511,300,96416492683909,96416493503096,96416493885000,1201.091,381.904,1,1,96416493502369,382.631
3,2512,300,96416493709563,96416494731869,96416495054149,1344.586,322.280,1,1,96416494731169,322.980
3,2513,300,96416494937275,96416495960640,96416496159596,1222.321,198.956,1,1,96416495959969,199.627
3,2514,300,96416496167207,96416496986655,96416497365038,1197.831,378.383,1,1,96416496983969,381.069
3,2515,300,96416497189561,96416498214296,96416498421473,1231.912,207.177,1,1,96416498212769,208.704
3,2516,300,96416498418432,96416499443927,96416499660755,1242.323,216.828,1,1,96416499441569,219.186
3,2517,300,96416499647155,96416500466222,96416500858915,1211.760,392.693,1,1,96416500465569,393.346
3,2518,300,96416500672009,96416501695114,96416502073657,1401.648,378.543,1,1,96416501694369,379.288
3,2519,300,96416501901641,96416502924195,96416503132252,1230.611,208.057,1,1,96416502923169,209.083
3,2520,300,96416503129632,96416504152727,96416504338243,1208.611,185.516,1,1,96416504151969,186.274
3,2521,300,96416504152727,96416505178751,96416505573845,1421.118,395.094,1,1,96416505175969,397.876
3,2522,300,96416505381508,96416506406193,96416506607999,1226.491,201.806,1,1,96416506404769,203.230
3,2523,300,96416506610360,96416507636024,96416507859722,1249.362,223.698,1,1,96416507633569,226.153
3,2524,300,96416507839061,96416508658249,96416509059952,1220.891,401.703,1,1,96416508657569,402.383
3,2525,300,96416508863535,96416509887121,96416510100577,1237.042,213.456,1,1,96416509886369,214.208
3,2526,300,96416510093838,96416511116042,96416511312318,1218.480,196.276,1,1,96416511115169,197.149
3,2527,300,96416511321389,96416512140577,96416512516399,1195.010,375.822,1,1,96416512139169,377.230
3,2528,300,96416512344623,96416513370818,96416513609667,1265.044,238.849,1,1,96416513367969,241.698
3,2529,300,96416513573545,96416514598169,96416514808456,1234.911,210.287,1,1,96416514596769,211.687
3,2530,300,96416514802267,96416515621505,96416516041869,1239.602,420.364,1,1,96416515620769,421.100
3,2531,300,96416515828062,96416516850306,96416517230849,1402.787,380.543,1,1,96416516849569,381.280
3,2532,300,96416517055643,96416518079257,96416518294675,1239.032,215.418,1,1,96416518078369,216.306
3,2533,300,96416518285614,96416519307858,96416519532007,1246.393,224.149,1,1,96416519307169,224.838
3,2534,300,96416519307858,96416520332694,96416520700446,1392.588,367.752,1,1,96416520331169,369.277
3,2535,300,96416520536741,96416521563075,96416521766042,1229.301,202.967,1,1,96416521559969,206.073
3,2536,300,96416521765642,96416522790196,96416523003574,1237.932,213.378,1,1,96416522788769,214.805
3,2537,300,96416522994313,96416523813531,96416524191954,1197.641,378.423,1,1,96416523812769,379.185
3,2538,300,96416524020348,96416525042293,96416525232949,1212.601,190.656,1,1,96416525041569,191.380
3,2539,300,96416525247620,96416526271064,96416526468260,1220.640,197.196,1,1,96416526270369,197.891
3,2540,300,96416526477821,96416527297159,96416527743603,1265.782,446.444,1,1,96416527294369,449.234
3,2541,300,96416527499916,96416528524480,96416528717987,1218.071,193.507,1,1,96416528523169,194.818
3,2542,300,96416528728697,96416529754371,96416529967539,1238.842,213.168,1,1,96416529751969,215.570
3,2543,300,96416529957569,96416530776627,96416531166330,1208.761,389.703,1,1,96416530775969,390.361
3,2544,300,96416530982034,96416532007718,96416532389471,1407.437,381.753,1,1,96416532004769,384.702
3,2545,300,96416532212105,96416533234299,96416533461827,1249.722,227.528,1,1,96416533233569,228.258
3,2546,300,96416533439846,96416534463081,96416534650108,1210.262,187.027,1,1,96416534462369,187.739
3,2547,300,96416534463081,96416535489085,96416535905930,1442.849,416.845,1,1,96416535486369,419.561
3,2548,300,96416535691783,96416536716447,96416536921614,1229.831,205.167,1,1,96416536715169,206.445
3,2549,300,96416536920654,96416537946259,96416538141956,1221.302,195.697,1,1,96416537943969,197.987
3,2550,300,96416538149565,96416538968693,96416539386757,1237.192,418.064,1,1,96416538967969,418.788
3,2551,300,96416539174190,96416540197655,96416540401522,1227.332,203.867,1,1,96416540196769,204.753
3,2552,300,96416540403952,96416541426297,96416541697746,1293.794,271.449,1,1,96416541425569,272.177
3,2553,300,96416541631723,96416542450921,96416542846324,1214.601,395.403,1,1,96416542449569,396.755
3,2554,300,96416542655108,96416543681052,96416543894910,1239.802,213.858,1,1,96416543678369,216.541
3,2555,300,96416543883899,96416544908474,96416545101250,1217.351,192.776,1,1,96416544907169,194.081
3,2556,300,96416545112721,96416545931909,96416546378824,1266.103,446.915,1,1,96416545931169,447.655
3,2557,300,96416546138206,96416547160790,96416547552493,1414.287,391.703,1,1,96416547159969,392.524
3,2558,300,96416547365967,96416548389492,96416548591778,1225.811,202.286,1,1,96416548388769,203.009
3,2559,300,96416548596048,96416549618223,96416549824561,1228.513,206.338,1,1,96416549617569,206.992
3,2560,300,96416549618223,96416550643167,96416551015571,1397.348,372.404,1,1,96416550641569,374.002
3,2561,300,96416550847075,96416551872740,96416552076206,1229.131,203.466,1,1,96416551870369,205.837
3,2562,300,96416552075826,96416553100821,96416553301557,1225.731,200.736,1,1,96416553099169,202.388
3,2563,300,96416553305067,96416554124185,96416554530739,1225.672,406.554,1,1,96416554123169,407.570
3,2564,300,96416554330292,96416555352657,96416555602026,1271.734,249.369,1,1,96416555351969,250.057
3,2565,300,96416555558304,96416556581589,96416556787836,1229.532,206.247,1,1,96416556580769,207.067
3,2566,300,96416556787986,96416557607213,96416558000737,1212.751,393.524,1,1,96416557604769,395.968
3,2567,300,96416557810360,96416558834995,96416559033662,1223.302,198.667,1,1,96416558833569,200.093
3,2568,300,96416559039111,96416560064986,96416560312885,1273.774,247.899,1,1,96416560062369,250.516
3,2569,300,96416560267883,96416561087261,96416561506485,1238.602,419.224,1,1,96416561086369,420.116
3,2570,300,96416561292368,96416562315932,96416562698856,1406.488,382.924,1,1,96416562315169,383.687
3,2571,300,96416562522049,96416563544824,96416563767171,1245.122,222.347,1,1,96416563543969,223.202
3,2572,300,96416563750161,96416564776795,96416564966722,1216.561,189.927,1,1,96416564772769,193.953
3,2573,300,96416564776795,96416565799420,96416566217464,1440.669,418.044,1,1,96416565796769,420.695
3,2574,300,96416566007777,96416567027082,96416567230268,1222.491,203.186,1,1,96416567025569,204.699
3,2575,300,96416567231098,96416568256863,96416568498331,1267.233,241.468,1,1,96416568254369,243.962
3,2576,300,96416568459990,96416569279117,96416569662181,1202.191,383.064,1,1,96416569278369,383.812
3,2577,300,96416569484734,96416570507909,96416570724736,1240.002,216.827,1,1,96416570507169,217.567
3,2578,300,96416570714417,96416571737001,96416571934307,1219.890,197.306,1,1,96416571735969,198.338
3,2579,300,96416571942338,96416572761776,96416573141459,1199.121,379.683,1,1,96416572759969,381.490
3,2580,300,96416572965442,96416573992347,96416574235995,1270.553,243.648,1,1,96416573988769,247.226
3,2581,300,96416574194573,96416575219038,96416575435886,1241.313,216.848,1,1,96416575217569,218.317
3,2582,300,96416575423086,96416576242303,96416576659097,1236.011,416.794,1,1,96416576241569,417.528
3,2583,300,96416576448990,96416577471075,96416577878568,1429.578,407.493,1,1,96416577470369,408.199
3,2584,300,96416577676551,96416578699866,96416578906653,1230.102,206.787,1,1,96416578699169,207.484
3,2585,300,96416578906543,96416579928737,96416580158895,1252.352,230.158,1,1,96416579927969,230.926
3,2586,300,96416579928737,96416580953402,96416581321425,1392.688,368.023,1,1,96416580951969,369.456
3,2587,300,96416581157609,96416582183994,96416582391801,1234.192,207.807,1,1,96416582180769,211.032
3,2588,300,96416582386361,96416583411675,96416583595261,1208.900,183.586,1,1,96416583409569,185.692
3,2589,300,96416583615742,96416584434560,96416584819593,1203.851,385.033,1,1,96416584433569,386.024
3,2590,300,96416584642087,96416585663921,96416585888639,1246.552,224.718,1,1,96416585662369,226.270
3,2591,300,96416585869649,96416586892363,96416587085859,1216.210,193.496,1,1,96416586891169,194.690
3,2592,300,96416587099680,96416587918748,96416588366672,1266.992,447.924,1,1,96416587915169,451.503
3,2593,300,96416588121064,96416589145259,96416589346755,1225.691,201.496,1,1,96416589143969,202.786
3,2594,300,96416589349486,96416590375410,96416590589428,1239.942,214.018,1,1,96416590372769,216.659
3,2595,300,96416590578658,96416591397755,96416591808839,1230.181,411.084,1,1,96416591396769,412.070
3,2596,300,96416591603092,96416592626257,96416593055341,1452.249,429.084,1,1,96416592625569,429.772
3,2597,300,96416592833014,96416593855218,96416594052555,1219.541,197.337,1,1,96416593854369,198.186
3,2598,300,96416594060505,96416595083979,96416595286237,1225.732,202.258,1,1,96416595083169,203.068
3,2599,300,96416595083979,96416596110104,96416596535439,1451.460,425.335,1,1,96416596107169,428.270
3,2600,300,96416596312832,96416597337226,96416597532982,1220.150,195.756,1,1,96416597335969,197.013
3,2601,300,96416597541553,96416598567127,96416598831996,1290.443,264.869,1,1,96416598564769,267.227
3,2602,300,96416598776825,96416599589472,96416599992506,1215.681,403.034,1,1,96416599588769,403.737
3,2603,300,96416599794779,96416600818283,96416601019421,1224.642,201.138,1,1,96416600817569,201.852
3,2604,300,96416601024771,96416602047095,96416602312574,1287.803,265.479,1,1,96416602046369,266.205
3,2605,300,96416602252432,96416603071780,96416603460233,1207.801,388.453,1,1,96416603070369,389.864
3,2606,300,96416603275837,96416604301461,96416604503668,1227.831,202.207,1,1,96416604299169,204.499
3,2607,300,96416604504718,96416605529372,96416605741350,1236.632,211.978,1,1,96416605527969,213.381
3,2608,300,96416605733420,96416606552627,96416606986382,1252.962,433.755,1,1,96416606551969,434.413
3,2609,300,96416606759225,96416607781589,96416608152751,1393.526,371.162,1,1,96416607780769,371.982
3,2610,300,96416607986956,96416609010390,96416609206947,1219.991,196.557,1,1,96416609009569,197.378
3,2611,300,96416609217297,96416610239192,96416610430728,1213.431,191.536,1,1,96416610238369,192.359
3,2612,300,96416610239192,96416611263616,96416611641269,1402.077,377.653,1,1,96416611262369,378.900
3,2613,300,96416611467914,96416612493558,96416612691165,1223.251,197.607,1,1,96416612491169,199.996
3,2614,300,96416612696645,96416613721250,96416613936637,1239.992,215.387,1,1,96416613719969,216.668
3,2615,300,96416613925686,96416614744654,96416615156468,1230.782,411.814,1,1,96416614743969,412.499
3,2616,300,96416614950911,96416615973755,96416616222165,1271.254,248.410,1,1,96416615972769,249.396
3,2617,300,96416616179503,96416617202528,96416617406844,1227.341,204.316,1,1,96416617201569,205.275
3,2618,300,96416617408564,96416618228432,96416618632495,1223.931,404.063,1,1,96416618225569,406.926
3,2619,300,96416618431069,96416619455653,96416619670781,1239.712,215.128,1,1,96416619454369,216.412
3,2620,300,96416619659940,96416620686615,96416620966255,1306.315,279.640,1,1,96416620683169,283.086
3,2621,300,96416620889272,96416621708519,96416622098443,1209.171,389.924,1,1,96416621707169,391.274
3,2622,300,96416621914067,96416622937221,96416623320154,1406.087,382.933,1,1,96416622935969,384.185
3,2623,300,96416623144538,96416624166123,96416624396050,1251.512,229.927,1,1,96416624164769,231.281
3,2624,300,96416624371679,96416625394924,96416625588671,1216.992,193.747,1,1,96416625393569,195.102
3,2625,300,96416625394924,96416626420819,96416626875485,1480.561,454.666,1,1,96416626417569,457.916
3,2626,300,96416626623136,96416627647741,96416627868708,1245.572,220.967,1,1,96416627646369,222.339
3,2627,300,96416627851867,96416628878152,96416629076418,1224.551,198.266,1,1,96416628875169,201.249
3,2628,300,96416629080799,96416629899946,96416630272489,1191.690,372.543,1,1,96416629899169,373.320
3,2629,300,96416630105343,96416631128767,96416631330365,1225.022,201.598,1,1,96416631127969,202.396
3,2630,300,96416631335374,96416632357530,96416632575447,1240.073,217.917,1,1,96416632356769,218.678
3,2631,300,96416632563237,96416633381994,96416633761917,1198.680,379.923,1,1,96416633380769,381.148
3,2632,300,96416633586331,96416634612036,96416634859994,1273.663,247.958,1,1,96416634609569,250.425
3,2633,300,96416634815102,96416635839907,96416636062205,1247.103,222.298,1,1,96416635838369,223.836
3,2634,300,96416636043954,96416636863171,96416637273886,1229.932,410.715,1,1,96416636862369,411.517
3,2635,300,96416637070169,96416638092004,96416638497967,1427.798,405.963,1,1,96416638091169,406.798
3,2636,300,96416638297480,96416639320705,96416639524081,1226.601,203.376,1,1,96416639319969,204.112
3,2637,300,96416639527392,96416640549676,96416640762503,1235.111,212.827,1,1,96416640548769,213.734
3,2638,300,96416640549676,96416641574241,96416641959594,1409.918,385.353,1,1,96416641572769,386.825
3,2639,300,96416641778308,96416642804173,96416643010780,1232.472,206.607,1,1,96416642801569,209.211
3,2640,300,96416643010300,96416644031784,96416644248832,1238.532,217.048,1,1,96416644030369,218.463
3,2641,300,96416644235971,96416645055119,96416645423261,1187.290,368.142,1,1,96416645054369,368.892
3,2642,300,96416645261915,96416646283950,96416646510747,1248.832,226.797,1,1,96416646283169,227.578
3,2643,300,96416646489287,96416647512672,96416647715239,1225.952,202.567,1,1,96416647511969,203.270
3,2644,300,96416647718979,96416648538577,96416648981041,1262.062,442.464,1,1,96416648535969,445.072
3,2645,300,96416648741513,96416649766058,96416649988375,1246.862,222.317,1,1,96416649764769,223.606
3,2646,300,96416649970324,96416650996219,96416651200316,1229.992,204.097,1,1,96416650993569,206.747
3,2647,300,96416651199137,96416652018384,96416652428058,1228.921,409.674,1,1,96416652017569,410.489
3,2648,300,96416652223671,96416653247086,96416653676120,1452.449,429.034,1,1,96416653246369,429.751
3,2649,300,96416653453853,96416654475817,96416654678534,1224.681,202.717,1,1,96416654475169,203.365
3,2650,300,96416654681344,96416655704738,96416655905576,1224.232,200.838,1,1,96416655703969,201.607
3,2651,300,96416655704738,96416656731253,96416657306983,1602.245,575.730,1,1,96416656727969,579.014
3,2652,300,96416656933460,96416657958155,96416658164722,1231.262,206.567,1,1,96416657956769,207.953
3,2653,300,96416658162352,96416659187966,96416659390633,1228.281,202.667,1,1,96416659185569,205.064
3,2654,300,96416659391473,96416660210281,96416660590104,1198.631,379.823,1,1,96416660209569,380.535
3,2655,300,96416660415687,96416661439152,96416661647059,1231.372,207.907,1,1,96416661438369,208.690
3,2656,300,96416661645469,96416662667934,96416662883961,1238.492,216.027,1,1,96416662667169,216.792
3,2657,300,96416662873371,96416663692599,96416664078021,1204.650,385.422,1,1,96416663691169,386.852
3,2658,300,96416663896645,96416664922860,96416665133527,1236.882,210.667,1,1,96416664919969,213.558
3,2659,300,96416665125567,96416666150171,96416666350429,1224.862,200.258,1,1,96416666148769,201.660
3,2660,300,96416666354348,96416667173466,96416667619671,1265.323,446.205,1,1,96416667172769,446.902
3,2661,300,96416667380193,96416668402238,96416668805481,1425.288,403.243,1,1,96416668401569,403.912
3,2662,300,96416668607765,96416669631089,96416669834656,1226.891,203.567,1,1,96416669630369,204.287
3,2663,300,96416669837666,96416670859980,96416671060068,1222.402,200.088,1,1,96416670859169,200.899
3,2664,300,96416670859980,96416671884515,96416672275789,1415.809,391.274,1,1,96416671883169,392.620
3,2665,300,96416672088803,96416673114457,96416673313804,1225.001,199.347,1,1,96416673111969,201.835
3,2666,300,96416673317444,96416674342098,96416674540985,1223.541,198.887,1,1,96416674340769,200.216
3,2667,300,96416674546575,96416675365883,96416675748316,1201.741,382.433,1,1,96416675364769,383.547
3,2668,300,96416675572230,96416676594294,96416676862143,1289.913,267.849,1,1,96416676593569,268.574
3,2669,300,96416676799791,96416677823026,96416678014312,1214.521,191.286,1,1,96416677822369,191.943
3,2670,300,96416678029573,96416678848821,96416679232153,1202.580,383.332,1,1,96416678846369,385.784
3,2671,300,96416679052008,96416680076392,96416680271189,1219.181,194.797,1,1,96416680075169,196.020
3,2672,300,96416680280749,96416681306474,96416681573402,1292.653,266.928,1,1,96416681303969,269.433
3,2673,300,96416681509510,96416682328798,96416682730522,1221.012,401.724,1,1,96416682327969,402.553
3,2674,300,96416682534226,96416683557510,96416683979864,1445.638,422.354,1,1,96416683556769,423.095
3,2675,300,96416683763967,96416684786341,96416684986458,1222.491,200.117,1,1,96416684785569,200.889
3,2676,300,96416684991618,96416686015343,96416686215240,1223.622,199.897,1,1,96416686014369,200.871
3,2677,300,96416686015343,96416687040607,96416687467802,1452.459,427.195,1,1,96416687038369,429.433
3,2678,300,96416687243975,96416688268569,96416688458375,1214.400,189.806,1,1,96416688267169,191.206
3,2679,300,96416688472676,96416689498071,96416689702237,1229.561,204.166,1,1,96416689495969,206.268
3,2680,300,96416689701547,96416690520685,96416690901168,1199.621,380.483,1,1,96416690519969,381.199
3,2681,300,96416690726032,96416691749466,96416691965324,1239.292,215.858,1,1,96416691748769,216.555
3,2682,300,96416691955983,96416692978309,96416693181215,1225.232,202.906,1,1,96416692977569,203.646
3,2683,300,96416693183905,96416694015923,96416694384455,1200.550,368.532,1,1,96416694001569,382.886
3,2684,300,96416694207040,96416695232744,96416695488493,1281.453,255.749,1,1,96416695230369,258.124
3,2685,300,96416695435921,96416696460386,96416696674613,1238.692,214.227,1,1,96416696459169,215.444
3,2686,300,96416696664652,96416697483800,96416697906165,1241.513,422.365,1,1,96416697483169,422.996
3,2687,300,96416697690227,96416698712702,96416699086275,1396.048,373.573,1,1,96416698711969,374.306
3,2688,300,96416698918129,96416699941514,96416700144150,1226.021,202.636,1,1,96416699940769,203.381
3,2689,300,96416700147820,96416701170345,96416701364032,1216.212,193.687,1,1,96416701169569,194.463
3,2690,300,96416701170345,96416702195179,96416702559832,1389.487,364.653,1,1,96416702193569,366.263
3,2691,300,96416702399146,96416703424551,96416703633369,1234.223,208.818,1,1,96416703422369,211.000
3,2692,300,96416703627868,96416704652503,96416704869299,1241.431,216.796,1,1,96416704651169,218.130
3,2693,300,96416704856699,96416705675797,96416706114362,1257.663,438.565,1,1,96416705675169,439.193
3,2694,300,96416705882574,96416706904629,96416707131666,1249.092,227.037,1,1,96416706903969,227.697
3,2695,300,96416707110365,96416708133491,96416708332757,1222.392,199.266,1,1,96416708132769,199.988
3,2696,300,96416708339778,96416709159365,96416709600329,1260.551,440.964,1,1,96416709156769,443.560
3,2697,300,96416709362372,96416710387077,96416710608664,1246.292,221.587,1,1,96416710385569,223.095
3,2698,300,96416710591103,96416711617008,96416711817275,1226.172,200.267,1,1,96416711614369,202.906
3,2699,300,96416711819975,96416712639112,96416713038446,1218.471,399.334,1,1,96416712638369,400.077
3,2700,300,96416712844409,96416713867915,96416714318469,1474.060,450.554,1,1,96416713867169,451.300
3,2701,300,96416714074651,96416715096756,96416715309773,1235.122,213.017,1,1,96416715095969,213.804
3,2702,300,96416715301983,96416716325627,96416716523534,1221.551,197.907,1,1,96416716324769,198.765
3,2703,300,96416716325627,96416717351182,96416717870129,1544.502,518.947,1,1,96416717348769,521.360
3,2704,300,96416717554308,96416718578744,96416718795570,1241.262,216.826,1,1,96416718577569,218.001
3,2705,300,96416718783170,96416719809135,96416720005561,1222.391,196.426,1,1,96416719806369,199.192
3,2706,300,96416720011952,96416720831069,96416721238173,1226.221,407.104,1,1,96416720830369,407.804
3,2707,300,96416721036526,96416722059841,96416722260208,1223.682,200.367,1,1,96416722059169,201.039
3,2708,300,96416722266868,96416723288802,96416723543701,1276.833,254.899,1,1,96416723287969,255.732
3,2709,300,96416723494130,96416724313388,96416724698030,1203.900,384.642,1,1,96416724311969,386.061
3,2710,300,96416724517624,96416725543389,96416725765546,1247.922,222.157,1,1,96416725540769,224.777
3,2711,300,96416725746625,96416726773800,96416726995857,1249.232,222.057,1,1,96416726769569,226.288
3,2712,300,96416726975107,96416727794385,96416728307102,1331.995,512.717,1,1,96416727793569,513.533
3,2713,300,96416728010692,96416729023127,96416729431040,1420.348,407.913,1,1,96416729022369,408.671
3,2714,300,96416729228453,96416730251918,96416730454565,1226.112,202.647,1,1,96416730251169,203.396
3,2715,300,96416730458915,96416731480639,96416731713907,1254.992,233.268,1,1,96416731479969,233.938
3,2716,300,96416731686096,96416732505184,96416732880496,1194.400,375.312,1,1,96416732503969,376.527
3,2717,300,96416732709450,96416733735595,96416733950003,1240.553,214.408,1,1,96416733732769,217.234
3,2718,300,96416733938353,96416734962937,96416735168814,1230.461,205.877,1,1,96416734961569,207.245
3,2719,300,96416735167414,96416735986262,96416736405196,1237.782,418.934,1,1,96416735985569,419.627
3,2720,300,96416736193119,96416737215093,96416737428420,1235.301,213.327,1,1,96416737214369,214.051
3,2721,300,96416737420400,96416738443964,96416738637111,1216.711,193.147,1,1,96416738443169,193.942
3,2722,300,96416738650662,96416739469889,96416739854982,1204.320,385.093,1,1,96416739467169,387.813
3,2723,300,96416739672646,96416740697311,96416740919928,1247.282,222.617,1,1,96416740695969,223.959
3,2724,300,96416740901608,96416741927712,96416742176291,1274.683,248.579,1,1,96416741924769,251.522
3,2725,300,96416742130379,96416742949587,96416743355411,1225.032,405.824,1,1,96416742948769,406.642
3,2726,300,96416743154943,96416744178409,96416744554562,1399.619,376.153,1,1,96416744177569,376.993
3,2727,300,96416744384906,96416745407040,96416745634678,1249.772,227.638,1,1,96416745406369,228.309
3,2728,300,96416745612527,96416746635871,96416746829738,1217.211,193.867,1,1,96416746635169,194.569
3,2729,300,96416746842338,96416747661416,96416748099651,1257.313,438.235,1,1,96416747659169,440.482
3,2730,300,96416747864693,96416748889377,96416749082144,1217.451,192.767,1,1,96416748887969,194.175
3,2731,300,96416749093505,96416750119580,96416750318326,1224.821,198.746,1,1,96416750116769,201.557
3,2732,300,96416750322276,96416751141574,96416751559998,1237.722,418.424,1,1,96416751140769,419.229
3,2733,300,96416751346881,96416752370285,96416752585783,1238.902,215.498,1,1,96416752369569,216.214
3,2734,300,96416752576472,96416753599066,96416753814144,1237.672,215.078,1,1,96416753598369,215.775
3,2735,300,96416753804584,96416754623562,96416755015435,1210.851,391.873,1,1,96416754622369,393.066
3,2736,300,96416754827889,96416755853333,96416756081301,1253.412,227.968,1,1,96416755851169,230.132
3,2737,300,96416756056740,96416757081334,96416757295582,1238.842,214.248,1,1,96416757079969,215.613
3,2738,300,96416757285531,96416758104839,96416758511953,1226.422,407.114,1,1,96416758103969,407.984
3,2739,300,96416758311266,96416759333460,96416759709254,1397.988,375.794,1,1,96416759332769,376.485
3,2740,300,96416759538928,96416760562512,96416760764669,1225.741,202.157,1,1,96416760561569,203.100
3,2741,300,96416760777540,96416761791144,96416761987991,1210.451,196.847,1,1,96416761790369,197.622
3,2742,300,96416761996570,96416762815748,96416763191231,1194.661,375.483,1,1,96416762814369,376.862
3,2743,300,96416763020065,96416764045530,96416764249267,1229.202,203.737,1,1,96416764043169,206.098
3,2744,300,96416764248727,96416765273332,96416765478058,1229.331,204.726,1,1,96416765271969,206.089
3,2745,300,96416765477418,96416766296726,96416766721641,1244.223,424.915,1,1,96416766295969,425.672
3,2746,300,96416766503333,96416767525557,96416767752955,1249.622,227.398,1,1,96416767524769,228.186
3,2747,300,96416767730844,96416768754319,96416768956316,1225.472,201.997,1,1,96416768753569,202.747
3,2748,300,96416768960706,96416769779923,96416770183457,1222.751,403.534,1,1,96416769777569,405.888
3,2749,300,96416769983181,96416771010436,96416771223692,1240.511,213.256,1,1,96416771006369,217.323
3,2750,300,96416771211882,96416772237227,96416772456165,1244.283,218.938,1,1,96416772235169,220.996
3,2751,300,96416772440633,96416773259821,96416773647635,1207.002,387.814,1,1,96416773259169,388.466
3,2752,300,96416773465328,96416774488652,96416774911057,1445.729,422.405,1,1,96416774487969,423.088
3,2753,300,96416774695020,96416775717985,96416775957072,1262.052,239.087,1,1,96416775716769,240.303
3,2754,300,96416775923171,96416776946376,96416777142413,1219.242,196.037,1,1,96416776945569,196.844
3,2755,300,96416777152873,96416777971880,96416778480568,1327.695,508.688,1,1,96416777969569,510.999
3,2756,300,96416778175377,96416779199792,96416779412809,1237.432,213.017,1,1,96416779198369,214.440
3,2757,300,96416779403779,96416780430114,96416780633471,1229.692,203.357,1,1,96416780427169,206.302
3,2758,300,96416780632701,96416781451868,96416781871112,1238.411,419.244,1,1,96416781451169,419.943
3,2759,300,96416781657315,96416782680690,96416782901478,1244.163,220.788,1,1,96416782679969,221.509
3,2760,300,96416782887516,96416783909821,96416784150489,1262.973,240.668,1,1,96416783908769,241.720
3,2761,300,96416784114989,96416784934105,96416785318529,1203.540,384.424,1,1,96416784932769,385.760
3,2762,300,96416785138333,96416786164488,96416786376415,1238.082,211.927,1,1,96416786161569,214.846
3,2763,300,96416786367104,96416787391509,96416787608997,1241.893,217.488,1,1,96416787390369,218.628
3,2764,300,96416787595905,96416788621390,96416788879159,1283.254,257.769,1,1,96416788619169,259.990
3,2765,300,96416788621390,96416789643845,96416790034018,1412.628,390.173,1,1,96416789643169,390.849
3,2766,300,96416789849352,96416790872847,96416791072783,1223.431,199.936,1,1,96416790871969,200.814
3,2767,300,96416791079194,96416792101938,96416792319296,1240.102,217.358,1,1,96416792100769,218.527
3,2768,300,96416792306905,96416793126173,96416793500645,1193.740,374.472,1,1,96416793124769,375.876
3,2769,300,96416793330259,96416794355694,96416794556481,1226.222,200.787,1,1,96416794353569,202.912
3,2770,300,96416794559041,96416795583816,96416795766702,1207.661,182.886,1,1,96416795582369,184.333
3,2771,300,96416795787813,96416796607041,96416797015144,1227.331,408.103,1,1,96416796606369,408.775
3,2772,300,96416796813607,96416797835822,96416798050049,1236.442,214.227,1,1,96416797835169,214.880
3,2773,300,96416798041338,96416799064743,96416799272030,1230.692,207.287,1,1,96416799063969,208.061
3,2774,300,96416799270951,96416800090558,96416800515982,1245.031,425.424,1,1,96416800087969,428.013
3,2775,300,96416800293565,96416801318170,96416801517836,1224.271,199.666,1,1,96416801316769,201.067
3,2776,300,96416801522356,96416802548081,96416802799840,1277.484,251.759,1,1,96416802545569,254.271
3,2777,300,96416802751138,96416803775762,96416803975700,1224.562,199.938,1,1,96416803774369,201.331
3,2778,300,96416803775762,96416804799217,96416805199050,1423.288,399.833,1,1,96416804798369,400.681
3,2779,300,96416805012294,96416806028029,96416806257977,1245.683,229.948,1,1,96416806027169,230.808
3,2780,300,96416806233336,96416807256740,96416807451817,1218.481,195.077,1,1,96416807255969,195.848
3,2781,300,96416807463347,96416808282285,96416808718970,1255.623,436.685,1,1,96416808279969,439.001
3,2782,300,96416808485401,96416809510026,96416809705563,1220.162,195.537,1,1,96416809508769,196.794
3,2783,300,96416809714244,96416810740578,96416810957215,1242.971,216.637,1,1,96416810737569,219.646
3,2784,300,96416810943085,96416811762283,96416812135675,1192.590,373.392,1,1,96416811761569,374.106
3,2785,300,96416811967830,96416812991034,96416813211132,1243.302,220.098,1,1,96416812990369,220.763
3,2786,300,96416813197571,96416814219985,96416814447453,1249.882,227.468,1,1,96416814219169,228.284
3,2787,300,96416814425123,96416815244580,96416815631213,1206.090,386.633,1,1,96416815243169,388.044
3,2788,300,96416815448747,96416816474152,96416816717770,1269.023,243.618,1,1,96416816471969,245.801
3,2789,300,96416816677499,96416817701933,96416817918291,1240.792,216.358,1,1,96416817700769,217.522
3,2790,300,96416817906260,96416818932225,96416819113081,1206.821,180.856,1,1,96416818929569,183.512
3,2791,300,96416818932225,96416819954329,96416820357843,1425.618,403.514,1,1,96416819953569,404.274
3,2792,300,96416820159867,96416821183231,96416821397598,1237.731,214.367,1,1,96416821182369,215.229
3,2793,300,96416821389348,96416822411902,96416822632699,1243.351,220.797,1,1,96416822411169,221.530
3,2794,300,96416822617459,96416823436627,96416823814800,1197.341,378.173,1,1,96416823435169,379.631
3,2795,300,96416823640654,96416824666098,96416824886306,1245.652,220.208,1,1,96416824663969,222.337
3,2796,300,96416824869446,96416825894300,96416826111007,1241.561,216.707,1,1,96416825892769,218.238
3,2797,300,96416826098317,96416826931665,96416827297688,1199.371,366.023,1,1,96416826916769,380.919
3,2798,300,96416827124542,96416828146416,96416828366424,1241.882,220.008,1,1,96416828145569,220.855
3,2799,300,96416828351883,96416829375367,96416829576525,1224.642,201.158,1,1,96416829374369,202.156
3,2800,300,96416829581524,96416830400602,96416830855938,1274.414,455.336,1,1,96416830398369,457.569
3,2801,300,96416830603850,96416831628614,96416831860592,1256.742,231.978,1,1,96416831627169,233.423
3,2802,300,96416831832651,96416832858386,96416833061502,1228.851,203.116,1,1,96416832855969,205.533
3,2803,300,96416833061532,96416834086117,96416834286954,1225.422,200.837,1,1,96416834084769,202.185
3,2804,300,96416834086117,96416835109631,96416835489744,1403.627,380.113,1,1,96416835108769,380.975
3,2805,300,96416835316028,96416836338273,96416836558930,1242.902,220.657,1,1,96416836337569,221.361
3,2806,300,96416836543660,96416837567185,96416837761392,1217.732,194.207,1,1,96416837566369,195.023
3,2807,300,96416837779092,96416838592759,96416839136448,1357.356,543.689,1,1,96416838590369,546.079
3,2808,300,96416838795816,96416839820490,96416840021828,1226.012,201.338,1,1,96416839819169,202.659
3,2809,300,96416840024628,96416841050313,96416841250699,1226.071,200.386,1,1,96416841047969,202.730
3,2810,300,96416841253519,96416842072627,96416842480180,1226.661,407.553,1,1,96416842071969,408.211
3,2811,300,96416842278404,96416843301488,96416843495595,1217.191,194.107,1,1,96416843300769,194.826
3,2812,300,96416843507735,96416844530640,96416844737317,1229.582,206.677,1,1,96416844529569,207.748
3,2813,300,96416844735726,96416845555044,96416845957958,1222.232,402.914,1,1,96416845553569,404.389
3,2814,300,96416845759062,96416846784487,96416847002373,1243.311,217.886,1,1,96416846782369,220.004
3,2815,300,96416846988083,96416848012558,96416848214234,1226.151,201.676,1,1,96416848011169,203.065
3,2816,300,96416848216754,96416849242319,96416849489797,1273.043,247.478,1,1,96416849239969,249.828
3,2817,300,96416849242319,96416850264743,96416850650337,1408.018,385.594,1,1,96416850263969,386.368
3,2818,300,96416850470221,96416851493516,96416851687031,1216.810,193.515,1,1,96416851492769,194.262
3,2819,300,96416851700532,96416852722337,96416852935344,1234.812,213.007,1,1,96416852721569,213.775
3,2820,300,96416852927764,96416853746881,96416854125754,1197.990,378.873,1,1,96416853745569,380.185
3,2821,300,96416853951058,96416854977073,96416855179230,1228.172,202.157,1,1,96416854974369,204.861
3,2822,300,96416855179980,96416856204395,96416856400941,1220.961,196.546,1,1,96416856203169,197.772
3,2823,300,96416856408662,96416857227939,96416857650353,1241.691,422.414,1,1,96416857227169,423.184
3,2824,300,96416857434186,96416858456611,96416858751881,1317.695,295.270,1,1,96416858455969,295.912
3,2825,300,96416858662067,96416859685422,96416859892799,1230.732,207.377,1,1,96416859684769,208.030
3,2826,300,96416859892189,96416860711066,96416861094740,1202.551,383.674,1,1,96416860708769,385.971
3,2827,300,96416860914684,96416861938859,96416862151285,1236.601,212.426,1,1,96416861937569,213.716
3,2828,300,96416862143345,96416863169380,96416863411588,1268.243,242.208,1,1,96416863166369,245.219
3,2829,300,96416863372217,96416864396461,96416864576368,1204.151,179.907,1,1,96416864395169,181.199
3,2830,300,96416864396461,96416865419866,96416865804589,1408.128,384.723,1,1,96416865419169,385.420
3,2831,300,96416865626272,96416866648668,96416866892296,1266.024,243.628,1,1,96416866647969,244.327
3,2832,300,96416866854115,96416867877609,96416868078245,1224.130,200.636,1,1,96416867876769,201.476
3,2833,300,96416868084176,96416868903304,96416869336188,1252.012,432.884,1,1,96416868900769,435.419
3,2834,300,96416869106330,96416870130925,96416870344622,1238.292,213.697,1,1,96416870129569,215.053
3,2835,300,96416870335102,96416871360746,96416871559213,1224.111,198.467,1,1,96416871358369,200.844
3,2836,300,96416871563894,96416872383032,96416872805465,1241.571,422.433,1,1,96416872382369,423.096
3,2837,300,96416872588378,96416873611863,96416873827140,1238.762,215.277,1,1,96416873611169,215.971
3,2838,300,96416873818410,96416874840884,96416875090862,1272.452,249.978,1,1,96416874839969,250.893
3,2839,300,96416875046541,96416875865449,96416876261492,1214.951,396.043,1,1,96416875863969,397.523
3,2840,300,96416876069536,96416877095081,96416877308867,1239.331,213.786,1,1,96416877092769,216.098
3,2841,300,96416877298407,96416878322882,96416878551310,1252.903,228.428,1,1,96416878321569,229.741
3,2842,300,96416878527369,96416879552853,96416879786541,1259.172,233.688,1,1,96416879550369,236.172
3,2843,300,96416879552853,96416880575098,96416880941591,1388.738,366.493,1,1,96416880574369,367.222
3,2844,300,96416880780555,96416881803960,96416882020837,1240.282,216.877,1,1,96416881803169,217.668
3,2845,300,96416882010647,96416883032771,96416883233618,1222.971,200.847,1,1,96416883031969,201.649
3,2846,300,96416883238098,96416884057366,96416884429438,1191.340,372.072,1,1,96416884055969,373.469
3,2847,300,96416884261522,96416885287197,96416885499644,1238.122,212.447,1,1,96416885284769,214.875
3,2848,300,96416885490214,96416886514879,96416886716906,1226.692,202.027,1,1,96416886513569,203.337
3,2849,300,96416886719106,96416887538334,96416887974058,1254.952,435.724,1,1,96416887537569,436.489
3,2850,300,96416887744681,96416888767115,96416889020814,1276.133,253.699,1,1,96416888766369,254.445
3,2851,300,96416888972392,96416889995936,96416890198014,1225.622,202.078,1,1,96416889995169,202.845
3,2852,300,96416890202473,96416891022021,96416891478206,1275.733,456.185,1,1,96416891019169,459.037
3,2853,300,96416891224628,96416892249573,96416892456100,1231.472,206.527,1,1,96416892247969,208.131
3,2854,300,96416892453480,96416893479344,96416893681721,1228.241,202.377,1,1,96416893476769,204.952
3,2855,300,96416893682361,96416894707056,96416894910712,1228.351,203.656,1,1,96416894705569,205.143
3,2856,300,96416894707056,96416895730420,96416896106043,1398.987,375.623,1,1,96416895729569,376.474
3,2857,300,96416895936547,96416896959142,96416897179369,1242.822,220.227,1,1,96416896958369,221.000
3,2858,300,96416897164849,96416898188214,96416898382710,1217.861,194.496,1,1,96416898187169,195.541
3,2859,300,96416898394050,96416899213468,96416899797318,1403.268,583.850,1,1,96416899211169,586.149
3,2860,300,96416899416665,96416900441239,96416900645436,1228.771,204.197,1,1,96416900439969,205.467
3,2861,300,96416900645506,96416901671241,96416901894709,1249.203,223.468,1,1,96416901668769,225.940
3,2862,300,96416901874288,96416902693446,96416903069309,1195.021,375.863,1,1,96416902692769,376.540
3,2863,300,96416902898883,96416903922297,96416904137935,1239.052,215.638,1,1,96416903921569,216.366
3,2864,300,96416904129254,96416905151188,96416905401697,1272.443,250.509,1,1,96416905150369,251.328
3,2865,300,96416905356555,96416906176173,96416906571476,1214.921,395.303,1,1,96416906174369,397.107
3,2866,300,96416906379870,96416907405664,96416907619562,1239.692,213.898,1,1,96416907403169,216.393
3,2867,300,96416907608722,96416908633366,96416908838653,1229.931,205.287,1,1,96416908631969,206.684
3,2868,300,96416908837493,96416909862958,96416910103116,1265.623,240.158,1,1,96416909860769,242.347
3,2869,300,96416909862958,96416910885452,96416911261335,1398.377,375.883,1,1,96416910884769,376.566
3,2870,300,96416911091429,96416912114414,96416912321051,1229.622,206.637,1,1,96416912113569,207.482
3,2871,300,96416912320781,96416913343476,96416913532472,1211.691,188.996,1,1,96416913342369,190.103
3,2872,300,96416913548852,96416914367830,96416914738272,1189.420,370.442,1,1,96416914366369,371.903
3,2873,300,96416914571807,96416915597792,96416915812679,1240.872,214.887,1,1,96416915595169,217.510
3,2874,300,96416915800768,96416916825243,96416917021430,1220.662,196.187,1,1,96416916823969,197.461
3,2875,300,96416917029550,96416917848718,96416918246782,1217.232,398.064,1,1,96416917847969,398.813
3,2876,300,96416918055285,96416919077559,96416919328428,1273.143,250.869,1,1,96416919076769,251.659
3,2877,300,96416919282926,96416920306261,96416920489827,1206.901,183.566,1,1,96416920305569,184.258
3,2878,300,96416920512967,96416921331885,96416921753130,1240.163,421.245,1,1,96416921329569,423.561
3,2879,300,96416921535122,96416922559827,96416922784615,1249.493,224.788,1,1,96416922558369,226.246
3,2880,300,96416922763964,96416923790219,96416924055848,1291.884,265.629,1,1,96416923787169,268.679
3,2881,300,96416923992725,96416925017310,96416925208316,1215.591,191.006,1,1,96416925015969,192.347
3,2882,300,96416925017310,96416926040734,96416926411527,1394.217,370.793,1,1,96416926039969,371.558
3,2883,300,96416926247091,96416927269587,96416927508514,1261.423,238.927,1,1,96416927268769,239.745
3,2884,300,96416927474933,96416928498418,96416928701194,1226.261,202.776,1,1,96416928497569,203.625
3,2885,300,96416928704985,96416929523653,96416929974787,1269.802,451.134,1,1,96416929521569,453.218
3,2886,300,96416929727449,96416930751684,96416930965801,1238.352,214.117,1,1,96416930750369,215.432
3,2887,300,96416930955900,96416931981495,96416932185283,1229.383,203.788,1,1,96416931979169,206.114
3,2888,300,96416932184923,96416933010420,96416933421524,1236.601,411.104,1,1,96416933003169,418.355
3,2889,300,96416933209317,96416934232722,96416934434398,1225.081,201.676,1,1,96416934231969,202.429
3,2890,300,96416934439278,96416935461543,96416935662200,1222.922,200.657,1,1,96416935460769,201.431
3,2891,300,96416935666960,96416936486027,96416936878890,1211.930,392.863,1,1,96416936484769,394.121
3,2892,300,96416936690344,96416937716009,96416937970167,1279.823,254.158,1,1,96416937713569,256.598
3,2893,300,96416937918986,96416938943651,96416939164328,1245.342,220.677,1,1,96416938942369,221.959
3,2894,300,96416939148028,96416940173842,96416940372049,1224.021,198.207,1,1,96416940171169,200.880
3,2895,300,96416940173842,96416941195987,96416941616251,1442.409,420.264,1,1,96416941195169,421.082
3,2896,300,96416941401233,96416942424718,96416942626765,1225.532,202.047,1,1,96416942423969,202.796
3,2897,300,96416942631286,96416943653510,96416943855557,1224.271,202.047,1,1,96416943652769,202.788
3,2898,300,96416943858897,96416944678055,96416945059058,1200.161,381.003,1,1,96416944676769,382.289
3,2899,300,96416944882321,96416945907846,96416946131613,1249.292,223.767,1,1,96416945905569,226.044
3,2900,300,96416946111122,96416947135767,96416947339205,1228.083,203.438,1,1,96416947134369,204.836
3,2901,300,96416947340205,96416948159503,96416948549585,1209.380,390.082,1,1,96416948158369,391.216
3,2902,300,96416948365619,96416949387894,96416949618162,1252.543,230.268,1,1,96416949387169,230.993
3,2903,300,96416949593321,96416950616775,96416950832753,1239.432,215.978,1,1,96416950615969,216.784
3,2904,300,96416950823152,96416951642190,96416952132337,1309.185,490.147,1,1,96416951639969,492.368
3,2905,300,96416951845566,96416952870061,96416953073759,1228.193,203.698,1,1,96416952868769,204.990
3,2906,300,96416953074239,96416954100093,96416954311450,1237.211,211.357,1,1,96416954097569,213.881
3,2907,300,96416954303010,96416955327704,96416955521261,1218.251,193.557,1,1,96416955326369,194.892
3,2908,300,96416955327704,96416956350999,96416956813255,1485.551,462.256,1,1,96416956350369,462.886
3,2909,300,96416956557486,96416957579810,96416957765807,1208.321,185.997,1,1,96416957579169,186.638
3,2910,300,96416957785188,96416958808682,96416958998309,1213.121,189.627,1,1,96416958807969,190.340
3,2911,300,96416959015189,96416959834467,96416960330133,1314.944,495.666,1,1,96416959831969,498.164
3,2912,300,96416960037514,96416961062318,96416961268265,1230.751,205.947,1,1,96416961060769,207.496
3,2913,300,96416961266305,96416962291749,96416962489136,1222.831,197.387,1,1,96416962289569,199.567
3,2914,300,96416962495087,96416963314245,96416963690517,1195.430,376.272,1,1,96416963313569,376.948
3,2915,300,96416963520092,96416964543326,96416964745152,1225.060,201.826,1,1,96416964542369,202.783
3,2916,300,96416964749593,96416965773327,96416965970414,1220.821,197.087,1,1,96416965771169,199.245
3,2917,300,96416965977474,96416966796612,96416967187685,1210.211,391.073,1,1,96416966795169,392.516
3,2918,300,96416967000718,96416968026533,96416968247131,1246.413,220.598,1,1,96416968023969,223.162
3,2919,300,96416968229411,96416969253965,96416969455352,1225.941,201.387,1,1,96416969252769,202.583
3,2920,300,96416969458272,96416970483867,96416970721765,1263.493,237.898,1,1,96416970481569,240.196
3,2921,300,96416970483867,96416971506311,96416971907505,1423.638,401.194,1,1,96416971505569,401.936
3,2922,300,96416971711698,96416972735152,96416972952880,1241.182,217.728,1,1,96416972734369,218.511
3,2923,300,96416972941590,96416973963944,96416974156151,1214.561,192.207,1,1,96416973963169,192.982
3,2924,300,96416974169581,96416974988709,96416975357161,1187.580,368.452,1,1,96416974987169,369.992
3,2925,300,96416975192766,96416976218520,96416976437988,1245.222,219.468,1,1,96416976215969,222.019
3,2926,300,96416976421457,96416977446251,96416977661719,1240.262,215.468,1,1,96416977444769,216.950
3,2927,300,96416977650309,96416978469636,96416978861910,1211.601,392.274,1,1,96416978468769,393.141
3,2928,300,96416978675814,96416979698398,96416980548747,1872.933,850.349,1,1,96416979697569,851.178
3,2929,300,96416979904075,96416980927189,96416981160147,1256.072,232.958,1,1,96416980926369,233.778
3,2930,300,96416981133586,96416981952584,96416982363578,1229.992,410.994,1,1,96416981950369,413.209
3,2931,300,96416982156351,96416983180625,96416983388982,1232.631,208.357,1,1,96416983179169,209.813
3,2932,300,96416983384733,96416984410228,96416984683707,1298.974,273.479,1,1,96416984407969,275.738
3,2933,300,96416984613674,96416985638009,96416985853996,1240.322,215.987,1,1,96416985636769,217.227
3,2934,300,96416985638009,96416986661393,96416987075407,1437.398,414.014,1,1,96416986660769,414.638
3,2935,300,96416986868170,96416987890304,96416988105922,1237.752,215.618,1,1,96416987889569,216.353
3,2936,300,96416988095842,96416989119157,96416989314273,1218.431,195.116,1,1,96416989118369,195.904
3,2937,300,96416989326034,96416990145061,96416990594446,1268.412,449.385,1,1,96416990142369,452.077
3,2938,300,96416990347858,96416991372453,96416991593031,1245.173,220.578,1,1,96416991371169,221.862
3,2939,300,96416991576629,96416992602504,96416992824072,1247.443,221.568,1,1,96416992599969,224.103
3,2940,300,96416992805471,96416993624798,96416994027842,1222.371,403.044,1,1,96416993623969,403.873
3,2941,300,96416993830076,96416994853650,96416995054847,1224.771,201.197,1,1,96416994852769,202.078
3,2942,300,96416995059697,96416996082482,96416996276949,1217.252,194.467,1,1,96416996081569,195.380
3,2943,300,96416996287738,96416997107006,96416997493160,1205.422,386.154,1,1,96416997105569,387.591
3,2944,300,96416997311173,96416998337028,96416998588046,1276.873,251.018,1,1,96416998334369,253.677
3,2945,300,96416998539935,96416999564340,96416999765186,1225.251,200.846,1,1,96416999563169,202.017
3,2946,300,96416999773377,96417000795291,96417000996448,1223.071,201.157,1,1,96417000791969,204.479
3,2947,300,96417000795291,96417001816775,96417002185988,1390.697,369.213,1,1,96417001815969,370.019
3,2948,300,96417002021992,96417003045477,96417003250254,1228.262,204.777,1,1,96417003044769,205.485
3,2949,300,96417003252474,96417004274309,96417004495796,1243.322,221.487,1,1,96417004273569,222.227
3,2950,300,96417004479706,96417005298903,96417005665025,1185.319,366.122,1,1,96417005297569,367.456
3,2951,300,96417005503110,96417006529095,96417006733931,1230.821,204.836,1,1,96417006526369,207.562
3,2952,300,96417006731951,96417007756546,96417007957413,1225.462,200.867,1,1,96417007755169,202.244
3,2953,300,96417007960654,96417008779950,96417009165564,1204.910,385.614,1,1,96417008779169,386.395
3,2954,300,96417008986848,96417010009533,96417010238480,1251.632,228.947,1,1,96417010007969,230.511
3,2955,300,96417010214119,96417011237534,96417011452521,1238.402,214.987,1,1,96417011236769,215.752
3,2956,300,96417011444311,96417012263099,96417012712604,1268.293,449.505,1,1,96417012260769,451.835
3,2957,300,96417012466375,96417013490940,96417013701517,1235.142,210.577,1,1,96417013489569,211.948
3,2958,300,96417013695117,96417014721012,96417014957699,1262.582,236.687,1,1,96417014718369,239.330
3,2959,300,96417014924059,96417015948493,96417016133839,1209.780,185.346,1,1,96417015947169,186.670
3,2960,300,96417015948493,96417016972158,96417017344120,1395.627,371.962,1,1,96417016971169,372.951
3,2961,300,96417017178535,96417018200879,96417018398526,1219.991,197.647,1,1,96417018199969,198.557
3,2962,300,96417018406237,96417019429501,96417019627187,1220.950,197.686,1,1,96417019428769,198.418
3,2963,300,96417019635738,96417020455336,96417020895611,1259.873,440.275,1,1,96417020452769,442.842
3,2964,300,96417020658472,96417021682827,96417021912895,1254.423,230.068,1,1,96417021681569,231.326
3,2965,300,96417021887104,96417022912738,96417023117885,1230.781,205.147,1,1,96417022910369,207.516
3,2966,300,96417023116096,96417023935213,96417024311955,1195.859,376.742,1,1,96417023934369,377.586
3,2967,300,96417024140560,96417025164055,96417025371812,1231.252,207.757,1,1,96417025163169,208.643
3,2968,300,96417025370812,96417026392766,96417026599153,1228.341,206.387,1,1,96417026391969,207.184
3,2969,300,96417026597943,96417027417651,96417027809024,1211.081,391.373,1,1,96417027415969,393.055
3,2970,300,96417027621627,96417028647412,96417028862369,1240.742,214.957,1,1,96417028644769,217.600
3,2971,300,96417028850359,96417029875224,96417030078981,1228.622,203.757,1,1,96417029873569,205.412
3,2972,300,96417030079101,96417031104665,96417031342863,1263.762,238.198,1,1,96417031102369,240.494
3,2973,300,96417031104665,96417032127120,96417032525643,1420.978,398.523,1,1,96417032126369,399.274
3,2974,300,96417032332677,96417033356211,96417033557899,1225.222,201.688,1,1,96417033355169,202.730
3,2975,300,96417033562558,96417034584753,96417034780409,1217.851,195.656,1,1,96417034583969,196.440
3,2976,300,96417034790130,96417035609338,96417035979840,1189.710,370.502,1,1,96417035607969,371.871
3,2977,300,96417035813595,96417036839099,96417037035566,1221.971,196.467,1,1,96417036836769,198.797
3,2978,300,96417037042486,96417038069210,96417038250886,1208.400,181.676,1,1,96417038065569,185.317
3,2979,300,96417038271108,96417039090495,96417039501259,1230.151,410.764,1,1,96417039089569,411.690
3,2980,300,96417039296853,96417040319167,96417040531434,1234.581,212.267,1,1,96417040318369,213.065
3,2981,300,96417040524504,96417041547938,96417041742425,1217.921,194.487,1,1,96417041547169,195.256
3,2982,300,96417041754245,96417042573553,96417042958116,1203.871,384.563,1,1,96417042571169,386.947
3,2983,300,96417042776790,96417043801194,96417044037122,1260.332,235.928,1,1,96417043799969,237.153
3,2984,300,96417044009781,96417045031756,96417045287864,1278.083,256.108,1,1,96417045028769,259.095
3,2985,300,96417045234343,96417046258798,96417046455515,1221.172,196.717,1,1,96417046257569,197.946
3,2986,300,96417046258798,96417047282292,96417047700296,1441.498,418.004,1,1,96417047281569,418.727
3,2987,300,96417047488579,96417048511163,96417048730971,1242.392,219.808,1,1,96417048510369,220.602
3,2988,300,96417048716790,96417049739916,96417049946662,1229.872,206.746,1,1,96417049739169,207.493
3,2989,300,96417049946462,96417050765430,96417051154743,1208.281,389.313,1,1,96417050763169,391.574
3,2990,300,96417050968847,96417051993461,96417052185608,1216.761,192.147,1,1,96417051991969,193.639
3,2991,300,96417052197538,96417053223733,96417053441710,1244.172,217.977,1,1,96417053220769,220.941
3,2992,300,96417053426549,96417054245867,96417054651731,1225.182,405.864,1,1,96417054244769,406.962
3,2993,300,96417054450905,96417055474249,96417055690076,1239.171,215.827,1,1,96417055473569,216.507
3,2994,300,96417055681306,96417056703270,96417056923367,1242.061,220.097,1,1,96417056702369,220.998
3,2995,300,96417056908497,96417057727615,96417058120568,1212.071,392.953,1,1,96417057726369,394.199
3,2996,300,96417057932002,96417058957736,96417059202165,1270.163,244.429,1,1,96417058955169,246.996
3,2997,300,96417059160954,96417060185289,96417060381074,1220.120,195.785,1,1,96417060183969,197.105
3,2998,300,96417060389545,96417061415200,96417061627387,1237.842,212.187,1,1,96417061412769,214.618
3,2999,300,96417061415200,96417062437464,96417062860499,1445.299,423.035,1,1,96417062436769,423.730
3,3000,300,96417062642931,96417063666315,96417063871922,1228.991,205.607,1,1,96417063665569,206.353
3,3001,300,96417063873022,96417064895218,96417065085603,1212.581,190.385,1,1,96417064894369,191.234
3,3002,300,96417065100474,96417065919712,96417066293455,1192.981,373.743,1,1,96417065918369,375.086
3,3003,300,96417066124089,96417067149674,96417067347970,1223.881,198.296,1,1,96417067147169,200.801
3,3004,300,96417067353210,96417068377325,96417068572012,1218.802,194.687,1,1,96417068375969,196.043
3,3005,300,96417068581451,96417069400659,96417069840874,1259.423,440.215,1,1,96417069399969,440.905
3,3006,300,96417069607606,96417070629531,96417070882710,1275.104,253.179,1,1,96417070628769,253.941
3,3007,300,96417070834828,96417071858243,96417072050839,1216.011,192.596,1,1,96417071857569,193.270
3,3008,300,96417072064780,96417072883887,96417073281951,1217.171,398.064,1,1,96417072881569,400.382
3,3009,300,96417073087374,96417074111768,96417074329366,1241.992,217.598,1,1,96417074110369,218.997
3,3010,300,96417074315995,96417075341501,96417075541037,1225.042,199.536,1,1,96417075339169,201.868
3,3011,300,96417075544867,96417076569362,96417076758018,1213.151,188.656,1,1,96417076567969,190.049
3,3012,300,96417076569362,96417077592726,96417077969509,1400.147,376.783,1,1,96417077591969,377.540
3,3013,300,96417077799423,96417078823298,96417079056076,1256.653,232.778,1,1,96417078820769,235.307
3,3014,300,96417079026854,96417080050430,96417080238406,1211.552,187.976,1,1,96417080049569,188.837
3,3015,300,96417080257177,96417081076105,96417081493449,1236.272,417.344,1,1,96417081073569,419.880
3,3016,300,96417081279161,96417082303616,96417082497703,1218.542,194.087,1,1,96417082302369,195.334
3,3017,300,96417082507992,96417083533597,96417083738274,1230.282,204.677,1,1,96417083531169,207.105
3,3018,300,96417083736684,96417084556001,96417084942465,1205.781,386.464,1,1,96417084555169,387.296
3,3019,300,96417084761368,96417085784894,96417086002380,1241.012,217.486,1,1,96417085783969,218.411
3,3020,300,96417085991741,96417087013735,96417087264353,1272.612,250.618,1,1,96417087012769,251.584
3,3021,300,96417087218822,96417088038129,96417088419053,1200.231,380.924,1,1,96417088036769,382.284
3,3022,300,96417088242256,96417089267901,96417089472827,1230.571,204.926,1,1,96417089265569,207.258
3,3023,300,96417089471137,96417090495823,96417090713560,1242.423,217.737,1,1,96417090494369,219.191
3,3024,300,96417090699880,96417091725284,96417091975903,1276.023,250.619,1,1,96417091723169,252.734
3,3025,300,96417091725284,96417092747959,96417093147592,1422.308,399.633,1,1,96417092747169,400.423
3,3026,300,96417092953275,96417093976610,96417094171347,1218.072,194.737,1,1,96417093975969,195.378
3,3027,300,96417094183497,96417095205512,96417095446060,1262.563,240.548,1,1,96417095204769,241.291
3,3028,300,96417095410919,96417096230017,96417096612969,1202.050,382.952,1,1,96417096228769,384.200
3,3029,300,96417096434203,96417097459858,96417097659574,1225.371,199.716,1,1,96417097457569,202.005
3,3030,300,96417097663105,96417098687769,96417098901957,1238.852,214.188,1,1,96417098686369,215.588
3,3031,300,96417098891966,96417099711384,96417100118748,1226.782,407.364,1,1,96417099710369,408.379
3,3032,300,96417099917500,96417100939866,96417101180503,1263.003,240.637,1,1,96417100939169,241.334
3,3033,300,96417101145383,96417102168777,96417102361664,1216.281,192.887,1,1,96417102167969,193.695
3,3034,300,96417102375424,96417103194412,96417103613086,1237.662,418.674,1,1,96417103191969,421.117
3,3035,300,96417103397518,96417104422103,96417104627990,1230.472,205.887,1,1,96417104420769,207.221
3,3036,300,96417104626360,96417105651904,96417105904263,1277.903,252.359,1,1,96417105649569,254.694
3,3037,300,96417105855132,96417106879716,96417107081863,1226.731,202.147,1,1,96417106878369,203.494
3,3038,300,96417106879716,96417107903181,96417108312614,1432.898,409.433,1,1,96417107902369,410.245
3,3039,300,96417108109478,96417109131992,96417109358470,1248.992,226.478,1,1,96417109131169,227.301
3,3040,300,96417109337269,96417110360743,96417110552730,1215.461,191.987,1,1,96417110359969,192.761
3,3041,300,96417110567581,96417111386398,96417111783032,1215.451,396.634,1,1,96417111383969,399.063
3,3042,300,96417111589606,96417112614680,96417112822047,1232.441,207.367,1,1,96417112612769,209.278
3,3043,300,96417112818297,96417113843971,96417114047168,1228.871,203.197,1,1,96417113841569,205.599
3,3044,300,96417114047188,96417114866416,96417115277310,1230.122,410.894,1,1,96417114865569,411.741
3,3045,300,96417115071993,96417116095238,96417116312815,1240.822,217.577,1,1,96417116094369,218.446
3,3046,300,96417116301455,96417117324259,96417117519325,1217.870,195.066,1,1,96417117323169,196.156
3,3047,300,96417117529226,96417118348824,96417118734716,1205.490,385.892,1,1,96417118347169,387.547
3,3048,300,96417118552670,96417119578235,96417119832234,1279.564,253.999,1,1,96417119575969,256.265
3,3049,300,96417119781852,96417120806016,96417121001613,1219.761,195.597,1,1,96417120804769,196.844
3,3050,300,96417121010334,96417122036379,96417122236705,1226.371,200.326,1,1,96417122033569,203.136
3,3051,300,96417122036379,96417123058403,96417123442786,1406.407,384.383,1,1,96417123057569,385.217
3,3052,300,96417123263950,96417124287184,96417124491081,1227.131,203.897,1,1,96417124286369,204.712
3,3053,300,96417124494051,96417125516016,96417125729943,1235.892,213.927,1,1,96417125515169,214.774
3,3054,300,96417125721213,96417126540501,96417126919763,1198.550,379.262,1,1,96417126539169,380.594
3,3055,300,96417126744688,96417127779052,96417127983720,1239.032,204.668,1,1,96417127767969,215.751
3,3056,300,96417127973489,96417128997973,96417129189110,1215.621,191.137,1,1,96417128996769,192.341
3,3057,300,96417129202390,96417130021598,96417130409592,1207.202,387.994,1,1,96417130020769,388.823
3,3058,300,96417130227795,96417131250450,96417131468677,1240.882,218.227,1,1,96417131249569,219.108
3,3059,300,96417131455657,96417132479061,96417132667178,1211.521,188.117,1,1,96417132478369,188.809
3,3060,300,96417132685488,96417133505236,96417133984822,1299.334,479.586,1,1,96417133502369,482.453
3,3061,300,96417133708253,96417134732447,96417134955824,1247.571,223.377,1,1,96417134731169,224.655
3,3062,300,96417134936784,96417135962509,96417136165516,1228.732,203.007,1,1,96417135959969,205.547
3,3063,300,96417136165786,96417137190201,96417137370566,1204.780,180.365,1,1,96417137188769,181.797
3,3064,300,96417137190201,96417138213505,96417138591758,1401.557,378.253,1,1,96417138212769,378.989
3,3065,300,96417138420042,96417139442387,96417139645643,1225.601,203.256,1,1,96417139441569,204.074
3,3066,300,96417139647773,96417140671108,96417140878726,1230.953,207.618,1,1,96417140670369,208.357
3,3067,300,96417140877916,96417141696892,96417142172659,1294.743,475.767,1,1,96417141694369,478.290
3,3068,300,96417141900070,96417142924445,96417143126411,1226.341,201.966,1,1,96417142923169,203.242
3,3069,300,96417143128711,96417144154806,96417144366483,1237.772,211.677,1,1,96417144151969,214.514
3,3070,300,96417144357712,96417145176710,96417145557143,1199.431,380.433,1,1,96417145175969,381.174
3,3071,300,96417145382157,96417146405481,96417146621319,1239.162,215.838,1,1,96417146404769,216.550
3,3072,300,96417146612119,96417147634324,96417147884772,1272.653,250.448,1,1,96417147633569,251.203
3,3073,300,96417147839680,96417148658848,96417149040961,1201.281,382.113,1,1,96417148657569,383.392
3,3074,300,96417148862995,96417149888760,96417150131197,1268.202,242.437,1,1,96417149886369,244.828
3,3075,300,96417150092156,96417151116621,96417151320308,1228.152,203.687,1,1,96417151115169,205.139
3,3076,300,96417151320668,96417152346583,96417152589771,1269.103,243.188,1,1,96417152343969,245.802
3,3077,300,96417152346583,96417153368817,96417153750101,1403.518,381.284,1,1,96417153367969,382.132
3,3078,300,96417153574144,96417154597619,96417154806776,1232.632,209.157,1,1,96417154596769,210.007
3,3079,300,96417154804356,96417155826350,96417156088089,1283.733,261.739,1,1,96417155825569,262.520
3,3080,300,96417156031648,96417156850944,96417157221368,1189.720,370.424,1,1,96417156849569,371.799
3,3081,300,96417157055082,96417158081177,96417158291554,1236.472,210.377,1,1,96417158078369,213.185
3,3082,300,96417158283953,96417159308498,96417159498404,1214.451,189.906,1,1,96417159307169,191.235
3,3083,300,96417159512645,96417160331852,96417160716576,1203.931,384.724,1,1,96417160331169,385.407
3,3084,300,96417160538219,96417161560684,96417161839563,1301.344,278.879,1,1,96417161559969,279.594
3,3085,300,96417161766091,96417162789376,96417162984582,1218.491,195.206,1,1,96417162788769,195.813
3,3086,300,96417162995883,96417163815181,96417164220834,1224.951,405.653,1,1,96417163812769,408.065
3,3087,300,96417164018437,96417165043142,96417165250179,1231.742,207.037,1,1,96417165041569,208.610
3,3088,300,96417165247168,96417166272833,96417166528002,1280.834,255.169,1,1,96417166270369,257.633
3,3089,300,96417166475991,96417167500475,96417167696151,1220.160,195.676,1,1,96417167499169,196.982
3,3090,300,96417167500475,96417168524460,96417168915673,1415.198,391.213,1,1,96417168523169,392.504
3,3091,300,96417168730537,96417169752781,96417169955367,1224.830,202.586,1,1,96417169751969,203.398
3,3092,300,96417169958438,96417170981562,96417171172099,1213.661,190.537,1,1,96417170980769,191.330
3,3093,300,96417171188030,96417172012477,96417172381040,1193.010,368.563,1,1,96417172004769,376.271
3,3094,300,96417172210264,96417173235009,96417173433275,1223.011,198.266,1,1,96417173233569,199.706
3,3095,300,96417173439066,96417174464800,96417174680758,1241.692,215.958,1,1,96417174462369,218.389
3,3096,300,96417174667967,96417175487135,96417175884758,1216.791,397.623,1,1,96417175486369,398.389
3,3097,300,96417175692491,96417176715916,96417176940324,1247.833,224.408,1,1,96417176715169,225.155
3,3098,300,96417176922274,96417177944738,96417178136415,1214.141,191.677,1,1,96417177943969,192.446
3,3099,300,96417178150125,96417178969403,96417179355905,1205.780,386.502,1,1,96417178967969,387.936
3,3100,300,96417179173479,96417180199454,96417180423431,1249.952,223.977,1,1,96417180196769,226.662
3,3101,300,96417180402311,96417181427045,96417181627363,1225.052,200.318,1,1,96417181425569,201.794
3,3102,300,96417181631053,96417182656657,96417182862974,1231.921,206.317,1,1,96417182654369,208.605
3,3103,300,96417182656657,96417183679202,96417184071905,1415.248,392.703,1,1,96417183678369,393.536
3,3104,300,96417183884719,96417184907873,96417185108899,1224.180,201.026,1,1,96417184907169,201.730
3,3105,300,96417185114250,96417186137084,96417186333111,1218.861,196.027,1,1,96417186135969,197.142
3,3106,300,96417186342412,96417187161439,96417187534302,1191.890,372.863,1,1,96417187159969,374.333
3,3107,300,96417187365507,96417188391141,96417188606668,1241.161,215.527,1,1,96417188388769,217.899
3,3108,300,96417188594638,96417189618942,96417189815369,1220.731,196.427,1,1,96417189617569,197.800
3,3109,300,96417189823139,96417190642287,96417191046571,1223.432,404.284,1,1,96417190641569,405.002
3,3110,300,96417190849244,96417191871208,96417192076246,1227.002,205.038,1,1,96417191870369,205.877
3,3111,300,96417192076506,96417193099980,96417193294916,1218.410,194.936,1,1,96417193099169,195.747
3,3112,300,96417193306507,96417194125525,96417194532698,1226.191,407.173,1,1,96417194123169,409.529
3,3113,300,96417194328722,96417195353356,96417195556213,1227.491,202.857,1,1,96417195351969,204.244
3,3114,300,96417195557453,96417196583627,96417196844187,1286.734,260.560,1,1,96417196580769,263.418
3,3115,300,96417196786325,96417197810780,96417197995826,1209.501,185.046,1,1,96417197809569,186.257
3,3116,300,96417197810780,96417198834234,96417199257739,1446.959,423.505,1,1,96417198833569,424.170
3,3117,300,96417199040651,96417200063145,96417200262243,1221.592,199.098,1,1,96417200062369,199.874
3,3118,300,96417200268452,96417201291887,96417201477313,1208.861,185.426,1,1,96417201291169,186.144
3,3119,300,96417201498213,96417202317701,96417202803038,1304.825,485.337,1,1,96417202315169,487.869
3,3120,300,96417202521069,96417203545283,96417203747940,1226.871,202.657,1,1,96417203543969,203.971
3,3121,300,96417203749520,96417204778205,96417204977281,1227.761,199.076,1,1,96417204772769,204.512
3,3122,300,96417204978591,96417205797519,96417206185673,1207.082,388.154,1,1,96417205796769,388.904
3,3123,300,96417206010656,96417207026340,96417207232198,1221.542,205.858,1,1,96417207025569,206.629
3,3124,300,96417207232868,96417208255203,96417208551183,1318.315,295.980,1,1,96417208254369,296.814
3,3125,300,96417208460399,96417209279597,96417209663139,1202.740,383.542,1,1,96417209278369,384.770
3,3126,300,96417209483914,96417210509848,96417210710095,1226.181,200.247,1,1,96417210507169,202.926
3,3127,300,96417210712765,96417211737250,96417211948367,1235.602,211.117,1,1,96417211735969,212.398
3,3128,300,96417211941527,96417212967592,96417213217220,1275.693,249.628,1,1,96417212964769,252.451
3,3129,300,96417212967592,96417213989466,96417214362469,1394.877,373.003,1,1,96417213988769,373.700
3,3130,300,96417214195013,96417215218377,96417215424624,1229.611,206.247,1,1,96417215217569,207.055
3,3131,300,96417215425004,96417216447139,96417216666077,1241.073,218.938,1,1,96417216446369,219.708
3,3132,300,96417216652447,96417217471733,96417217850886,1198.439,379.153,1,1,96417217470369,380.517
3,3133,300,96417217675861,96417218701736,96417218908463,1232.602,206.727,1,1,96417218699169,209.294
3,3134,300,96417218904742,96417219929337,96417220142964,1238.222,213.627,1,1,96417219927969,214.995
3,3135,300,96417220133663,96417220952831,96417221362655,1228.992,409.824,1,1,96417220951969,410.686
3,3136,300,96417221159308,96417222181592,96417222398730,1239.422,217.138,1,1,96417222180769,217.961
3,3137,300,96417222386760,96417223410615,96417223602720,1215.960,192.105,1,1,96417223409569,193.151
3,3138,300,96417223616682,96417224435769,96417224839992,1223.310,404.223,1,1,96417224433569,406.423
3,3139,300,96417224639056,96417225663691,96417225895448,1256.392,231.757,1,1,96417225662369,233.079
3,3140,300,96417225868047,96417226893672,96417227156651,1288.604,262.979,1,1,96417226891169,265.482
3,3141,300,96417227096699,96417228121294,96417228315650,1218.951,194.356,1,1,96417228119969,195.681
3,3142,300,96417228121294,96417229144799,96417229516471,1395.177,371.672,1,1,96417229143969,372.502
3,3143,300,96417229351055,96417230373480,96417230599047,1247.992,225.567,1,1,96417230372769,226.278
3,3144,300,96417230579376,96417231602271,96417231796608,1217.232,194.337,1,1,96417231601569,195.039
3,3145,300,96417231808658,96417232628076,96417233026819,1218.161,398.743,1,1,96417232625569,401.250
3,3146,300,96417232831103,96417233855758,96417234069524,1238.421,213.766,1,1,96417233854369,215.155
3,3147,300,96417234059994,96417235085839,96417235297586,1237.592,211.747,1,1,96417235083169,214.417
3,3148,300,96417235288716,96417236107983,96417236483776,1195.060,375.793,1,1,96417236107169,376.607
3,3149,300,96417236313490,96417237336885,96417237542561,1229.071,205.676,1,1,96417237335969,206.592
3,3150,300,96417237543001,96417238565467,96417238759543,1216.542,194.076,1,1,96417238564769,194.774
3,3151,300,96417238777573,96417239590012,96417239976164,1198.591,386.152,1,1,96417239588769,387.395
3,3152,300,96417239794428,96417240819703,96417241061590,1267.162,241.887,1,1,96417240817569,244.021
3,3153,300,96417241023049,96417242047644,96417242250782,1227.733,203.138,1,1,96417242046369,204.413
3,3154,300,96417242252082,96417243277726,96417243479673,1227.591,201.947,1,1,96417243275169,204.504
3,3155,300,96417243277726,96417244299871,96417244681743,1404.017,381.872,1,1,96417244299169,382.574
3,3156,300,96417244505327,96417245528892,96417245725649,1220.322,196.757,1,1,96417245527969,197.680
3,3157,300,96417245734949,96417246757463,96417246955110,1220.161,197.647,1,1,96417246756769,198.341
3,3158,300,96417246962980,96417247782008,96417248158420,1195.440,376.412,1,1,96417247780769,377.651
3,3159,300,96417247986375,96417249012360,96417249227387,1241.012,215.027,1,1,96417249009569,217.818
3,3160,300,96417249215127,96417250239821,96417250442798,1227.671,202.977,1,1,96417250238369,204.429
3,3161,300,96417250443998,96417251263286,96417251643199,1199.201,379.913,1,1,96417251262369,380.830
3,3162,300,96417251470093,96417252491877,96417252713185,1243.092,221.308,1,1,96417252491169,222.016
3,3163,300,96417252697724,96417253720789,96417253924656,1226.932,203.867,1,1,96417253719969,204.687
3,3164,300,96417253927106,96417254746734,96417255153517,1226.411,406.783,1,1,96417254743969,409.548
3,3165,300,96417254949880,96417255974125,96417256189653,1239.773,215.528,1,1,96417255972769,216.884
3,3166,300,96417256178512,96417257203966,96417257405614,1227.102,201.648,1,1,96417257201569,204.045
3,3167,300,96417257407423,96417258432218,96417258630335,1222.912,198.117,1,1,96417258430369,199.966
3,3168,300,96417258432218,96417259455303,96417259838725,1406.507,383.422,1,1,96417259454369,384.356
3,3169,300,96417259662130,96417260683904,96417260915042,1252.912,231.138,1,1,96417260683169,231.873
3,3170,300,96417260889251,96417261912775,96417262102332,1213.081,189.557,1,1,96417261911969,190.363
3,3171,300,96417262119222,96417262938740,96417263421496,1302.274,482.756,1,1,96417262935969,485.527
3,3172,300,96417263141658,96417264166132,96417264352098,1210.440,185.966,1,1,96417264164769,187.329
3,3173,300,96417264370309,96417265396063,96417265602240,1231.931,206.177,1,1,96417265393569,208.671
3,3174,300,96417265599040,96417266418258,96417266802551,1203.511,384.293,1,1,96417266417569,384.982
3,3175,300,96417266623705,96417267647169,96417267880297,1256.592,233.128,1,1,96417267646369,233.928
3,3176,300,96417267853786,96417268876111,96417269133559,1279.773,257.448,1,1,96417268875169,258.390
3,3177,300,96417269083828,96417269900426,96417270283668,1199.840,383.242,1,1,96417269899169,384.499
3,3178,300,96417270104863,96417271130647,96417271331694,1226.831,201.047,1,1,96417271127969,203.725
3,3179,300,96417271333464,96417272357988,96417272561925,1228.461,203.937,1,1,96417272356769,205.156
3,3180,300,96417272562565,96417273587990,96417273845109,1282.544,257.119,1,1,96417273585569,259.540
3,3181,300,96417273587990,96417274610455,96417275004578,1416.588,394.123,1,1,96417274609569,395.009
3,3182,300,96417274815622,96417275839166,96417276046043,1230.421,206.877,1,1,96417275838369,207.674
3,3183,300,96417276046003,96417277067868,96417277288176,1242.173,220.308,1,1,96417277067169,221.007
3,3184,300,96417277273404,96417278092512,96417278468605,1195.201,376.093,1,1,96417278091169,377.436
3,3185,300,96417278296770,96417279322753,96417279535151,1238.381,212.398,1,1,96417279319969,215.182
3,3186,300,96417279525551,96417280550326,96417280734302,1208.751,183.976,1,1,96417280548769,185.533
3,3187,300,96417280754742,96417281573450,96417281985534,1230.792,412.084,1,1,96417281572769,412.765
3,3188,300,96417281782297,96417282802331,96417283019609,1237.312,217.278,1,1,96417282801569,218.040
3,3189,300,96417283011198,96417284031224,96417284225359,1214.161,194.135,1,1,96417284030369,194.990
3,3190,300,96417284237940,96417285057158,96417285443121,1205.181,385.963,1,1,96417285054369,388.752
3,3191,300,96417285259875,96417286284439,96417286499547,1239.672,215.108,1,1,96417286283169,216.378
3,3192,300,96417286488776,96417287514591,96417287783710,1294.934,269.119,1,1,96417287511969,271.741
3,3193,300,96417287717587,96417288742022,96417288939239,1221.652,197.217,1,1,96417288740769,198.470
3,3194,300,96417288742022,96417289765807,96417290142820,1400.798,377.013,1,1,96417289764769,378.051
3,3195,300,96417289972114,96417290994269,96417291218586,1246.472,224.317,1,1,96417290993569,225.017
3,3196,300,96417291199685,96417292223160,96417292421307,1221.622,198.147,1,1,96417292222369,198.938
3,3197,300,96417292429817,96417293248814,96417293664308,1234.491,415.494,1,1,96417293246369,417.939
3,3198,300,96417293451881,96417294476507,96417294694983,1243.102,218.476,1,1,96417294475169,219.814
3,3199,300,96417294680823,96417295706408,96417295926345,1245.522,219.937,1,1,96417295703969,222.376
3,3200,300,96417295909544,96417296728652,96417297138186,1228.642,409.534,1,1,96417296727969,410.217
3,3201,300,96417296934239,96417297957594,96417298154251,1220.012,196.657,1,1,96417297956769,197.482
3,3202,300,96417298164150,96417299186366,96417299410173,1246.023,223.807,1,1,96417299185569,224.604
3,3203,300,96417299391652,96417300211350,96417300596573,1204.921,385.223,1,1,96417300209569,387.004
3,3204,300,96417300415117,96417301441142,96417301708500,1293.383,267.358,1,1,96417301438369,270.131
3,3205,300,96417301643798,96417302668613,96417302876540,1232.742,207.927,1,1,96417302667169,209.371
3,3206,300,96417302872739,96417303898294,96417304124973,1252.234,226.679,1,1,96417303895969,229.004
3,3207,300,96417303898294,96417304920619,96417305298772,1400.478,378.153,1,1,96417304919969,378.803
3,3208,300,96417305126236,96417306149961,96417306380819,1254.583,230.858,1,1,96417306148769,232.050
3,3209,300,96417306355808,96417307378352,96417307591529,1235.721,213.177,1,1,96417307377569,213.960
3,3210,300,96417307583699,96417308402817,96417308784800,1201.101,381.983,1,1,96417308401569,383.231
3,3211,300,96417308607313,96417309632948,96417309844875,1237.562,211.927,1,1,96417309630369,214.506
3,3212,300,96417309835965,96417310860450,96417311044776,1208.811,184.326,1,1,96417310859169,185.607
3,3213,300,96417311064747,96417311883944,96417312324029,1259.282,440.085,1,1,96417311883169,440.860
3,3214,300,96417312090461,96417313112836,96417313318583,1228.122,205.747,1,1,96417313111969,206.614
3,3215,300,96417313318332,96417314341587,96417314537104,1218.772,195.517,1,1,96417314340769,196.335
3,3216,300,96417314547965,96417315367242,96417315821258,1273.293,454.016,1,1,96417315364769,456.489
3,3217,300,96417315570279,96417316594904,96417316816091,1245.812,221.187,1,1,96417316593569,222.522
3,3218,300,96417316799160,96417317824865,96417318013161,1214.001,188.296,1,1,96417317822369,190.792
3,3219,300,96417318027912,96417319052506,96417319265284,1237.372,212.778,1,1,96417319051169,214.115
3,3220,300,96417319052506,96417320075902,96417320527026,1474.520,451.124,1,1,96417320075169,451.857
3,3221,300,96417320282209,96417321304733,96417321528930,1246.721,224.197,1,1,96417321303969,224.961
3,3222,300,96417321509990,96417322533554,96417322723061,1213.071,189.507,1,1,96417322532769,190.292
3,3223,300,96417322739921,96417323558999,96417323990014,1250.093,431.015,1,1,96417323556769,433.245
3,3224,300,96417323762345,96417324787110,96417324988517,1226.172,201.407,1,1,96417324785569,202.948
3,3225,300,96417324991158,96417326016722,96417326222279,1231.121,205.557,1,1,96417326014369,207.910
3,3226,300,96417326219959,96417327039187,96417327457381,1237.422,418.194,1,1,96417327038369,419.012
3,3227,300,96417327244693,96417328267988,96417328475805,1231.112,207.817,1,1,96417328267169,208.636
3,3228,300,96417328474995,96417329496679,96417329743238,1268.243,246.559,1,1,96417329495969,247.269
3,3229,300,96417329702187,96417330521465,96417330924088,1221.901,402.623,1,1,96417330519969,404.119
3,3230,300,96417330725601,96417331751756,96417331977334,1251.733,225.578,1,1,96417331748769,228.565
3,3231,300,96417331954303,96417332978927,96417333171354,1217.051,192.427,1,1,96417332977569,193.785
3,3232,300,96417333183174,96417334208598,96417334425426,1242.252,216.828,1,1,96417334206369,219.057
3,3233,300,96417334208598,96417335231124,96417335635267,1426.669,404.143,1,1,96417335230369,404.898
3,3234,300,96417335436481,96417336459985,96417336661462,1224.981,201.477,1,1,96417336459169,202.293
3,3235,300,96417336666312,96417337688636,96417337889234,1222.922,200.598,1,1,96417337687969,201.265
3,3236,300,96417337894093,96417338713391,96417339100635,1206.542,387.244,1,1,96417338711969,388.666
3,3237,300,96417338917548,96417339943112,96417340144560,1227.012,201.448,1,1,96417339940769,203.791
3,3238,300,96417340146660,96417341170924,96417341360591,1213.931,189.667,1,1,96417341169569,191.022
3,3239,300,96417341375151,96417342194409,96417342602722,1227.571,408.313,1,1,96417342193569,409.153
3,3240,300,96417342400556,96417343423050,96417343680829,1280.273,257.779,1,1,96417343422369,258.460
3,3241,300,96417343628467,96417344651971,96417344868369,1239.902,216.398,1,1,96417344651169,217.200
3,3242,300,96417344858599,96417345677696,96417346064240,1205.641,386.544,1,1,96417345675169,389.071
3,3243,300,96417345880624,96417346905278,96417347101734,1221.110,196.456,1,1,96417346903969,197.765
3,3244,300,96417347109665,96417348135450,96417348377957,1268.292,242.507,1,1,96417348132769,245.188
3,3245,300,96417348338256,96417349362891,96417349559378,1221.122,196.487,1,1,96417349361569,197.809
3,3246,300,96417349362891,96417350386375,96417350763178,1400.287,376.803,1,1,96417350385569,377.609
3,3247,300,96417350592963,96417351615097,96417351840255,1247.292,225.158,1,1,96417351614369,225.886
3,3248,300,96417351820664,96417352843979,96417353029655,1208.991,185.676,1,1,96417352843169,186.486
3,3249,300,96417353050415,96417353869563,96417354244616,1194.201,375.053,1,1,96417353867169,377.447
3,3250,300,96417354072700,96417355097304,96417355310362,1237.662,213.058,1,1,96417355095969,214.393
3,3251,300,96417355301542,96417356327267,96417356540163,1238.621,212.896,1,1,96417356324769,215.394
3,3252,300,96417356530463,96417357349611,96417357731574,1201.111,381.963,1,1,96417357348769,382.805
3,3253,300,96417357554988,96417358578262,96417358794400,1239.412,216.138,1,1,96417358577569,216.831
3,3254,300,96417358784899,96417359807144,96417360038751,1253.852,231.607,1,1,96417359806369,232.382
3,3255,300,96417360012431,96417360831748,96417361218422,1205.991,386.674,1,1,96417360830369,388.053
3,3256,300,96417361036016,96417362061280,96417362279217,1243.201,217.937,1,1,96417362059169,220.048
3,3257,300,96417362264737,96417363289322,96417363492668,1227.931,203.346,1,1,96417363287969,204.699
3,3258,300,96417363493528,96417364519693,96417364717590,1224.062,197.897,1,1,96417364516769,200.821
3,3259,300,96417364519693,96417365541467,96417365949042,1429.349,407.575,1,1,96417365540769,408.273
3,3260,300,96417365746785,96417366776859,96417366989236,1242.451,212.377,1,1,96417366769569,219.667
3,3261,300,96417366976596,96417367999021,96417368225558,1248.962,226.537,1,1,96417367998369,227.189
3,3262,300,96417368204808,96417369023625,96417369399708,1194.900,376.083,1,1,96417369022369,377.339
3,3263,300,96417369227982,96417370253397,96417370454954,1226.972,201.557,1,1,96417370251169,203.785
3,3264,300,96417370456694,96417371481369,96417371687936,1231.242,206.567,1,1,96417371479969,207.967
3,3265,300,96417371685635,96417372504783,96417372920917,1235.282,416.134,1,1,96417372503969,416.948
3,3266,300,96417372711150,96417373733505,96417373969933,1258.783,236.428,1,1,96417373732769,237.164
3,3267,300,96417373939151,96417374962406,96417375168924,1229.773,206.518,1,1,96417374961569,207.355
3,3268,300,96417375168854,96417375987820,96417376433266,1264.412,445.446,1,1,96417375985569,447.697
3,3269,300,96417376191168,96417377215813,96417377418489,1227.321,202.676,1,1,96417377214369,204.120
3,3270,300,96417377420099,96417378445834,96417378635850,1215.751,190.016,1,1,96417378443169,192.681
3,3271,300,96417378648690,96417379673205,96417379870542,1221.852,197.337,1,1,96417379671969,198.573
3,3272,300,96417379673205,96417380696740,96417381120664,1447.459,423.924,1,1,96417380695969,424.695
3,3273,300,96417380903177,96417381925522,96417382156900,1253.723,231.378,1,1,96417381924769,232.131
3,3274,300,96417382130908,96417383154353,96417383356990,1226.082,202.637,1,1,96417383153569,203.421
3,3275,300,96417383360680,96417384180048,96417384662284,1301.604,482.236,1,1,96417384177569,484.715
3,3276,300,96417384383034,96417385407559,96417385598825,1215.791,191.266,1,1,96417385406369,192.456
3,3277,300,96417385612036,96417386637451,96417386851418,1239.382,213.967,1,1,96417386635169,216.249
3,3278,300,96417386840638,96417387659925,96417388034318,1193.680,374.393,1,1,96417387659169,375.149
3,3279,300,96417387865532,96417388888777,96417389093833,1228.301,205.056,1,1,96417388887969,205.864
3,3280,300,96417389095894,96417390117798,96417390350346,1254.452,232.548,1,1,96417390116769,233.577
3,3281,300,96417390323246,96417391142093,96417391530086,1206.840,387.993,1,1,96417391140769,389.317
3,3282,300,96417391346470,96417392372215,96417392566591,1220.121,194.376,1,1,96417392369569,197.022
3,3283,300,96417392575361,96417393599896,96417393828744,1253.383,228.848,1,1,96417393598369,230.375
3,3284,300,96417393804153,96417394829907,96417395085166,1281.013,255.259,1,1,96417394827169,257.997
3,3285,300,96417394829907,96417395851962,96417396222665,1392.758,370.703,1,1,96417395851169,371.496
3,3286,300,96417396057240,96417397080914,96417397296581,1239.341,215.667,1,1,96417397079969,216.612
3,3287,300,96417397287361,96417398309425,96417398504662,1217.301,195.237,1,1,96417398308769,195.893
3,3288,300,96417398514872,96417399334100,96417399709722,1194.850,375.622,1,1,96417399332769,376.953
3,3289,300,96417399538446,96417400564311,96417400765268,1226.822,200.957,1,1,96417400561569,203.699
3,3290,300,96417400767129,96417401791643,96417401988239,1221.110,196.596,1,1,96417401790369,197.870
3,3291,300,96417401995850,96417402815178,96417403200470,1204.620,385.292,1,1,96417402814369,386.101
3,3292,300,96417403021985,96417404043889,96417404297718,1275.733,253.829,1,1,96417404043169,254.549
3,3293,300,96417404249286,96417405272840,96417405475838,1226.552,202.998,1,1,96417405271969,203.869
3,3294,300,96417405479467,96417406298765,96417406686268,1206.801,387.503,1,1,96417406295969,390.299
3,3295,300,96417406501422,96417407526147,96417407740573,1239.151,214.426,1,1,96417407524769,215.804
3,3296,300,96417407730244,96417408756318,96417409013777,1283.533,257.459,1,1,96417408753569,260.208
3,3297,300,96417408959305,96417409983729,96417410182627,1223.322,198.898,1,1,96417409982369,200.258
3,3298,300,96417409983729,96417411011244,96417411384117,1400.388,372.873,1,1,96417411006369,377.748
3,3299,300,96417411213792,96417412235926,96417412444783,1230.991,208.857,1,1,96417412235169,209.614
3,3300,300,96417412441443,96417413464827,96417413652424,1210.981,187.597,1,1,96417413463969,188.455
3,3301,300,96417413671304,96417414490732,96417414871305,1200.001,380.573,1,1,96417414487969,383.336
3,3302,300,96417414693449,96417415718093,96417415927240,1233.791,209.147,1,1,96417415716769,210.471
3,3303,300,96417415922291,96417416948356,96417417154792,1232.501,206.436,1,1,96417416945569,209.223
3,3304,300,96417417151272,96417417970300,96417418391634,1240.362,421.334,1,1,96417417969569,422.065
3,3305,300,96417418175917,96417419199291,96417419401998,1226.081,202.707,1,1,96417419198369,203.629
3,3306,300,96417419405628,96417420427852,96417420623039,1217.411,195.187,1,1,96417420427169,195.870
3,3307,300,96417420633220,96417421452427,96417421850280,1217.060,397.853,1,1,96417421451169,399.111
3,3308,300,96417421656685,96417422682319,96417422906137,1249.452,223.818,1,1,96417422679969,226.168
3,3309,300,96417422885506,96417423910030,96417424102677,1217.171,192.647,1,1,96417423908769,193.908
3,3310,300,96417424114667,96417425140412,96417425337009,1222.342,196.597,1,1,96417425137569,199.440
3,3311,300,96417425140412,96417426162406,96417426560360,1419.948,397.954,1,1,96417426161569,398.791
3,3312,300,96417426367724,96417427391068,96417427582005,1214.281,190.937,1,1,96417427390369,191.636
3,3313,300,96417427597735,96417428619910,96417428849007,1251.272,229.097,1,1,96417428619169,229.838
3,3314,300,96417428825396,96417429644524,96417430028047,1202.651,383.523,1,1,96417429643169,384.878
3,3315,300,96417429848911,96417430874216,96417431141215,1292.304,266.999,1,1,96417430871969,269.246
3,3316,300,96417431077483,96417432102108,96417432301774,1224.291,199.666,1,1,96417432100769,201.005
3,3317,300,96417432306284,96417433125472,96417433556676,1250.392,431.204,1,1,96417433124769,431.907
3,3318,300,96417433331789,96417434354313,96417434569961,1238.172,215.648,1,1,96417434353569,216.392
3,3319,300,96417434559820,96417435583125,96417435785262,1225.442,202.137,1,1,96417435582369,202.893
3,3320,300,96417435789451,96417436608539,96417437013123,1223.672,404.584,1,1,96417436606369,406.754
3,3321,300,96417436811917,96417437836781,96417438057638,1245.721,220.857,1,1,96417437835169,222.469
3,3322,300,96417438040708,96417439066483,96417439268249,1227.541,201.766,1,1,96417439063969,204.280
3,3323,300,96417439269569,96417440294104,96417440493731,1224.162,199.627,1,1,96417440292769,200.962
3,3324,300,96417440294104,96417441317798,96417441744623,1450.519,426.825,1,1,96417441316769,427.854
3,3325,300,96417441524025,96417442546231,96417442746137,1222.112,199.906,1,1,96417442545569,200.568
3,3326,300,96417442751637,96417443775062,96417443990469,1238.832,215.407,1,1,96417443774369,216.100
3,3327,300,96417443981539,96417444800736,96417445269663,1288.124,468.927,1,1,96417444798369,471.294
3,3328,300,96417445008053,96417446028508,96417446226675,1218.622,198.167,1,1,96417446027169,199.506
3,3329,300,96417446232675,96417447258150,96417447456096,1223.421,197.946,1,1,96417447255969,200.127
3,3330,300,96417447461517,96417448280574,96417448689028,1227.511,408.454,1,1,96417448279969,409.059
3,3331,300,96417448485981,96417449509566,96417449714802,1228.821,205.236,1,1,96417449508769,206.033
3,3332,300,96417449716062,96417450738367,96417450959785,1243.723,221.418,1,1,96417450737569,222.216
3,3333,300,96417450943694,96417451762841,96417452151455,1207.761,388.614,1,1,96417451761569,389.886
3,3334,300,96417451967069,96417452992844,96417453198600,1231.531,205.756,1,1,96417452990369,208.231
3,3335,300,96417453196050,96417454220475,96417454433772,1237.722,213.297,1,1,96417454219169,214.603
3,3336,300,96417454424782,96417455450196,96417455721775,1296.993,271.579,1,1,96417455447969,273.806
3,3337,300,96417455450196,96417456472691,96417456858574,1408.378,385.883,1,1,96417456471969,386.605
3,3338,300,96417456678257,96417457701523,96417457921450,1243.193,219.927,1,1,96417457700769,220.681
3,3339,300,96417457907840,96417458930324,96417459122681,1214.841,192.357,1,1,96417458929569,193.112
3,3340,300,96417459136111,96417459955229,96417460325211,1189.100,369.982,1,1,96417459953569,371.642
3,3341,300,96417460159205,96417461185160,96417461384177,1224.972,199.017,1,1,96417461182369,201.808
3,3342,300,96417461387906,96417462412482,96417462600578,1212.672,188.096,1,1,96417462411169,189.409
3,3343,300,96417462616659,96417463435886,96417463843620,1226.961,407.734,1,1,96417463435169,408.451
3,3344,300,96417463642613,96417464664658,96417464928876,1286.263,264.218,1,1,96417464663969,264.907
3,3345,300,96417464870014,96417465893469,96417466092416,1222.402,198.947,1,1,96417465892769,199.647
3,3346,300,96417466100706,96417466919254,96417467323288,1222.582,404.034,1,1,96417466916769,406.519
3,3347,300,96417467122261,96417468146856,96417468344782,1222.521,197.926,1,1,96417468145569,199.213
3,3348,300,96417468351022,96417469377207,96417469617995,1266.973,240.788,1,1,96417469374369,243.626
3,3349,300,96417469580004,96417470604398,96417470797935,1217.931,193.537,1,1,96417470603169,194.766
3,3350,300,96417470604398,96417471627943,96417472003745,1399.347,375.802,1,1,96417471627169,376.576
3,3351,300,96417471834290,96417472856675,96417473047671,1213.381,190.996,1,1,96417472855969,191.702
3,3352,300,96417473062042,96417474085476,96417474271202,1209.160,185.726,1,1,96417474084769,186.433
3,3353,300,96417474291943,96417475111121,96417475515635,1223.692,404.514,1,1,96417475108769,406.866
3,3354,300,96417475314237,96417476338782,96417476553070,1238.833,214.288,1,1,96417476337569,215.501
3,3355,300,96417476543049,96417477568963,96417477789381,1246.332,220.418,1,1,96417477566369,223.012
3,3356,300,96417477776711,96417478591369,96417479003702,1226.991,412.333,1,1,96417478590369,413.333
3,3357,300,96417478796475,96417479819810,96417480038467,1241.992,218.657,1,1,96417479819169,219.298
3,3358,300,96417480026597,96417481048761,96417481279089,1252.492,230.328,1,1,96417481047969,231.120
3,3359,300,96417481253958,96417482073256,96417482457729,1203.771,384.473,1,1,96417482071969,385.760
3,3360,300,96417482277523,96417483303248,96417483545976,1268.453,242.728,1,1,96417483300769,245.207
3,3361,300,96417483506275,96417484530889,96417484726865,1220.590,195.976,1,1,96417484529569,197.296
3,3362,300,96417484735076,96417485761351,96417485974458,1239.382,213.107,1,1,96417485758369,216.089
3,3363,300,96417485761351,96417486783105,96417487182499,1421.148,399.394,1,1,96417486782369,400.130
3,3364,300,96417486988492,96417488011937,96417488216314,1227.822,204.377,1,1,96417488011169,205.145
3,3365,300,96417488218384,96417489240698,96417489453586,1235.202,212.888,1,1,96417489239969,213.617
3,3366,300,96417489446055,96417490265163,96417490643996,1197.941,378.833,1,1,96417490263969,380.027
3,3367,300,96417490469540,96417491495254,96417491708342,1238.802,213.088,1,1,96417491492769,215.573
3,3368,300,96417491698221,96417492722915,96417492931113,1232.892,208.198,1,1,96417492721569,209.544
3,3369,300,96417492927453,96417493746621,96417494151084,1223.631,404.463,1,1,96417493745569,405.515
3,3370,300,96417493953128,96417494975012,96417495205040,1251.912,230.028,1,1,96417494974369,230.671
3,3371,300,96417495180529,96417496203913,96417496408510,1227.981,204.597,1,1,96417496203169,205.341
3,3372,300,96417496410510,96417497229718,96417497672463,1261.953,442.745,1,1,96417497227169,445.294
3,3373,300,96417497432685,96417498457230,96417498679427,1246.742,222.197,1,1,96417498455969,223.458
3,3374,300,96417498661537,96417499687162,96417499897059,1235.522,209.897,1,1,96417499684769,212.290
3,3375,300,96417499890368,96417500914903,96417501108509,1218.141,193.606,1,1,96417500913569,194.940
3,3376,300,96417500914903,96417501938367,96417502319740,1404.837,381.373,1,1,96417501937569,382.171
3,3377,300,96417502144864,96417503167199,96417503383906,1239.042,216.707,1,1,96417503166369,217.537
3,3378,300,96417503372596,96417504395911,96417504587187,1214.591,191.276,1,1,96417504395169,192.018
3,3379,300,96417504602337,96417505425986,96417505931092,1328.755,505.106,1,1,96417505419169,511.923
3,3380,300,96417505624642,96417506649316,96417506862144,1237.502,212.828,1,1,96417506647969,214.175
3,3381,300,96417506853433,96417507879198,96417508086686,1233.253,207.488,1,1,96417507876769,209.917
3,3382,300,96417508082325,96417508901633,96417509313217,1230.892,411.584,1,1,96417508900769,412.448
3,3383,300,96417509107450,96417510141354,96417510338281,1230.831,196.927,1,1,96417510129569,208.712
3,3384,300,96417510337371,96417511359076,96417511613134,1275.763,254.058,1,1,96417511358369,254.765
3,3385,300,96417511564642,96417512383800,96417512786854,1222.212,403.054,1,1,96417512382369,404.485
3,3386,300,96417512588137,96417513613641,96417513835730,1247.593,222.089,1,1,96417513611169,224.561
3,3387,300,96417513816639,96417514841254,96417515048571,1231.932,207.317,1,1,96417514839969,208.602
3,3388,300,96417515045780,96417516071175,96417516307503,1261.723,236.328,1,1,96417516068769,238.734
3,3389,300,96417516071175,96417517093649,96417517473082,1401.907,379.433,1,1,96417517092769,380.313
3,3390,300,96417517298906,96417518322302,96417518526358,1227.452,204.056,1,1,96417518321569,204.789
3,3391,300,96417518528998,96417519551093,96417519767959,1238.961,216.866,1,1,96417519550369,217.590
3,3392,300,96417519756500,96417520575697,96417520949940,1193.440,374.243,1,1,96417520574369,375.571
3,3393,300,96417520779944,96417521805619,96417522021706,1241.762,216.087,1,1,96417521803169,218.537
3,3394,300,96417522009855,96417523033430,96417523226637,1216.782,193.207,1,1,96417523031969,194.668
3,3395,300,96417523237377,96417524056715,96417524450058,1212.681,393.343,1,1,96417524055969,394.089
3,3396,300,96417524263142,96417525285467,96417525539615,1276.473,254.148,1,1,96417525284769,254.846
3,3397,300,96417525491083,96417526514278,96417526707865,1216.782,193.587,1,1,96417526513569,194.296
3,3398,300,96417526720735,96417527539652,96417527939476,1218.741,399.824,1,1,96417527537569,401.907
3,3399,300,96417527743429,96417528768084,96417528985381,1241.952,217.297,1,1,96417528766369,219.012
3,3400,300,96417528971901,96417529997506,96417530260514,1288.613,263.008,1,1,96417529995169,265.345
3,3401,300,96417530201103,96417531225437,96417531416844,1215.741,191.407,1,1,96417531223969,192.875
3,3402,300,96417531225437,96417532248702,96417532629965,1404.528,381.263,1,1,96417532247969,381.996
3,3403,300,96417532454968,96417533477583,96417533710421,1255.453,232.838,1,1,96417533476769,233.652
3,3404,300,96417533682821,96417534706305,96417534911312,1228.491,205.007,1,1,96417534705569,205.743
3,3405,300,96417534913372,96417535732020,96417536136843,1223.471,404.823,1,1,96417535729569,407.274
3,3406,300,96417535935106,96417536959691,96417537154858,1219.752,195.167,1,1,96417536958369,196.489
3,3407,300,96417537163938,96417538189652,96417538396929,1232.991,207.277,1,1,96417538187169,209.760
3,3408,300,96417538392750,96417539212008,96417539609081,1216.331,397.073,1,1,96417539211169,397.912
3,3409,300,96417539417284,96417540440669,96417540643565,1226.281,202.896,1,1,96417540439969,203.596
3,3410,300,96417540647096,96417541669450,96417541887908,1240.812,218.458,1,1,96417541668769,219.139
3,3411,300,96417541874917,96417542693995,96417543086818,1211.901,392.823,1,1,96417542692769,394.049
3,3412,300,96417542898201,96417543924756,96417544196205,1298.004,271.449,1,1,96417543921569,274.636
3,3413,300,96417544127163,96417545151928,96417545351904,1224.741,199.976,1,1,96417545150369,201.535
3,3414,300,96417545355875,96417546381819,96417546584566,1228.691,202.747,1,1,96417546379169,205.397
3,3415,300,96417546381819,96417547404044,96417547797767,1415.948,393.723,1,1,96417547403169,394.598
3,3416,300,96417547609321,96417548632695,96417548837563,1228.242,204.868,1,1,96417548631969,205.594
3,3417,300,96417548839423,96417549861437,96417550077734,1238.311,216.297,1,1,96417549860769,216.965
3,3418,300,96417550066814,96417550886142,96417551256644,1189.830,370.502,1,1,96417550884769,371.875
3,3419,300,96417551090308,96417552115933,96417552332951,1242.643,217.018,1,1,96417552113569,219.382
3,3420,300,96417552319160,96417553343684,96417553530451,1211.291,186.767,1,1,96417553342369,188.082
3,3421,300,96417553547852,96417554367070,96417554789053,1241.201,421.983,1,1,96417554366369,422.684
3,3422,300,96417554573617,96417555595901,96417555822388,1248.771,226.487,1,1,96417555595169,227.219
3,3423,300,96417555801398,96417556824672,96417557033419,1232.021,208.747,1,1,96417556823969,209.450
3,3424,300,96417557031339,96417557850567,96417558256841,1225.502,406.274,1,1,96417557847969,408.872
3,3425,300,96417558053553,96417559078248,96417559284646,1231.093,206.398,1,1,96417559076769,207.877
3,3426,300,96417559282406,96417560307780,96417560511997,1229.591,204.217,1,1,96417560305569,206.428
3,3427,300,96417560510987,96417561535731,96417561724848,1213.861,189.117,1,1,96417561534369,190.479
3,3428,300,96417561535731,96417562559356,96417562954469,1418.738,395.113,1,1,96417562558369,396.100
3,3429,300,96417562765983,96417563787827,96417563983704,1217.721,195.877,1,1,96417563787169,196.535
3,3430,300,96417563993265,96417565016749,96417565218166,1224.901,201.417,1,1,96417565015969,202.197
