chain,seq,written_ns,nominal_ns,sink_ns,e2e_us,e2e_nominal_us
0,0,96503871775454,96503871772982,96503872577471,802.017,804.489
0,1,96503873733350,96503873732473,96503874733603,1000.253,1001.13
0,2,96503876084610,96503876083862,96503876724131,639.521,640.269
0,3,96503878435948,96503878435250,96503879226906,790.958,791.656
0,4,96503880787228,96503880786639,96503881482152,694.924,695.513
0,5,96503882746815,96503882746130,96503884036128,1289.313,1289.998
0,6,96503885098324,96503885097518,96503886393758,1295.434,1296.24
0,7,96503887449564,96503887448907,96503888581122,1131.558,1132.215
0,8,96503889409250,96503889408398,96503890605950,1196.7,1197.552
0,9,96503891760539,96503891759786,96503892854057,1093.518,1094.271
0,10,96503894111909,96503894111175,96503894868514,756.605,757.339
0,11,96503896071405,96503896070666,96503897434401,1362.996,1363.735
0,12,96503898422705,96503898422054,96503899220641,797.936,798.587
0,13,96503900781634,96503900773443,96503902196002,1414.368,1422.559
0,14,96503902733640,96503902732934,96503903928601,1194.961,1195.667
0,15,96503905085229,96503905084322,96503905939808,854.579,855.486
0,16,96503907436409,96503907435711,96503908350730,914.321,915.019
0,17,96503909787789,96503909787100,96503910617807,830.018,830.707
0,18,96503911747325,96503911746590,96503912679656,932.331,933.066
0,19,96503914098554,96503914097979,96503915142910,1044.356,1044.931
0,20,96503916449953,96503916449368,96503917647064,1197.111,1197.696
0,21,96503918409550,96503918408858,96503920062636,1653.086,1653.778
0,22,96503920761059,96503920760247,96503921666770,905.711,906.523
0,23,96503923112329,96503923111636,96503924280988,1168.659,1169.352
0,24,96503925071695,96503925071126,96503926927438,1855.743,1856.312
0,25,96503927423184,96503927422515,96503928605315,1182.131,1182.8
0,26,96503929774694,96503929773904,96503930988445,1213.751,1214.541
0,27,96503931734130,96503931733394,96503933525451,1791.321,1792.057
0,28,96503934085630,96503934084783,96503934907278,821.648,822.495
0,29,96503936436890,96503936436172,96503937758033,1321.143,1321.861
0,30,96503938788138,96503938787561,96503940111013,1322.875,1323.452
0,31,96503940747825,96503940747051,96503942237105,1489.28,1490.054
0,32,96503943099424,96503943098440,96503943661203,561.779,562.763
0,33,96503945450624,96503945449829,96503946404746,954.122,954.917
0,34,96503947410080,96503947409319,96503948823308,1413.228,1413.989
0,35,96503949761579,96503949760708,96503950956400,1194.821,1195.692
0,36,96503952112859,96503952112097,96503953260178,1147.319,1148.081
0,37,96503954072225,96503954071587,96503955940188,1867.963,1868.601
0,38,96503956424045,96503956422976,96503957198921,774.876,775.945
0,39,96503958775084,96503958774365,96503960286455,1511.371,1512.09
0,40,96503960734611,96503960733855,96503962601074,1866.463,1867.219
0,41,96503963086129,96503963085244,96503964107775,1021.646,1022.531
0,42,96503965437459,96503965436633,96503966509536,1072.077,1072.903
0,43,96503967788879,96503967788021,96503968917397,1128.518,1129.376
0,44,96503969748305,96503969747512,96503971518325,1770.02,1770.813
0,45,96503972099695,96503972098901,96503972758836,659.141,659.935
0,46,96503974450973,96503974450289,96503975656035,1205.062,1205.746
0,47,96503976410770,96503976409780,96503977406083,995.313,996.303
0,48,96503978762009,96503978761169,96503979739573,977.564,978.404
0,49,96503981113349,96503981112557,96503981689179,575.83,576.622
0,50,96503983072906,96503983072048,96503984915088,1842.182,1843.04
0,51,96503985424254,96503985423437,96503986636745,1212.491,1213.308
0,52,96503987775714,96503987774825,96503988533640,757.926,758.815
0,53,96503989735080,96503989734316,96503991356915,1621.835,1622.599
0,54,96503992086390,96503992085705,96503992978940,892.55,893.235
0,55,96503994438160,96503994437093,96503995543847,1105.687,1106.754
0,56,96503996789149,96503996788482,96503997788602,999.453,1000.12
0,57,96503998748815,96503998747973,96504000700130,1951.315,1952.157
0,58,96504001100094,96504001099361,96504003424013,2323.919,2324.652
0,59,96504003451574,96504003450750,96504005131661,1680.087,1680.911
0,60,96504005410920,96504005410241,96504007348856,1937.936,1938.615
0,61,96504007762540,96504007761629,96504008658940,896.4,897.311
0,62,96504010113629,96504010113018,96504010935616,821.987,822.598
0,63,96504012073185,96504012072509,96504013248135,1174.95,1175.626
0,64,96504014424655,96504014423897,96504015742940,1318.285,1319.043
0,65,96504016780294,96504016775286,96504017583172,802.878,807.886
0,66,96504018735451,96504018734777,96504019940511,1205.06,1205.734
0,67,96504021086840,96504021086165,96504021581987,495.147,495.822
0,68,96504023438209,96504023437554,96504024501315,1063.106,1063.761
0,69,96504025801959,96504025788943,96504026983299,1181.34,1194.356
0,70,96504027749185,96504027748433,96504029701981,1952.796,1953.548
0,71,96504030100825,96504030099822,96504031189422,1088.597,1089.6
0,72,96504032451843,96504032451211,96504033447798,995.955,996.587
0,73,96504034411320,96504034410701,96504035964373,1553.053,1553.672
0,74,96504036762880,96504036762090,96504037546866,783.986,784.776
0,75,96504039114459,96504039113479,96504040181405,1066.946,1067.926
0,76,96504041073746,96504041072970,96504042525564,1451.818,1452.594
0,77,96504043426505,96504043424358,96504044687318,1260.813,1262.96
0,78,96504045776684,96504045775747,96504046962774,1186.09,1187.027
0,79,96504047735920,96504047735238,96504049139898,1403.978,1404.66
0,80,96504050087230,96504050086626,96504051340382,1253.152,1253.756
0,81,96504052438750,96504052438015,96504053166254,727.504,728.239
0,82,96504054791439,96504054789404,96504055764272,972.833,974.868
0,83,96504056749595,96504056748894,96504058515624,1766.029,1766.73
0,84,96504059100894,96504059100283,96504059794298,693.404,694.015
0,85,96504061452404,96504061451672,96504062059545,607.141,607.873
0,86,96504063411810,96504063411162,96504064824298,1412.488,1413.136
0,87,96504065763160,96504065762551,96504066605658,842.498,843.107
0,88,96504068116080,96504068113940,96504068732740,616.66,618.8
0,89,96504070074085,96504070073430,96504071368879,1294.794,1295.449
0,90,96504072425805,96504072424819,96504073546573,1120.768,1121.754
0,91,96504074776804,96504074776208,96504075577931,801.127,801.723
0,92,96504076736691,96504076735698,96504078214800,1478.109,1479.102
0,93,96504079087810,96504079087087,96504079745982,658.172,658.895
0,94,96504081439119,96504081438476,96504082493795,1054.676,1055.319
0,95,96504083790739,96504083789864,96504085165765,1375.026,1375.901
0,96,96504085749995,96504085749355,96504086837352,1087.357,1087.997
0,97,96504088102865,96504088100744,96504089381708,1278.843,1280.964
0,98,96504090453075,96504090452132,96504091554091,1101.016,1101.959
0,99,96504092413551,96504092411623,96504093593481,1179.93,1181.858
0,100,96504094763660,96504094763012,96504096036923,1273.263,1273.911
0,101,96504097116559,96504097114400,96504097877985,761.426,763.585
0,102,96504099074836,96504099073891,96504100480853,1406.017,1406.962
0,103,96504101425865,96504101425280,96504102163850,737.985,738.57
0,104,96504103777524,96504103776669,96504105032427,1254.903,1255.758
0,105,96504105736780,96504105736159,96504106989033,1252.253,1252.874
0,106,96504108088300,96504108087548,96504108836885,748.585,749.337
0,107,96504110439690,96504110438937,96504111698653,1258.963,1259.716
0,108,96504112792539,96504112790325,96504113835234,1042.695,1044.909
0,109,96504114750816,96504114749816,96504115858763,1107.947,1108.947
0,110,96504117103204,96504117101205,96504118175481,1072.277,1074.276
0,111,96504119453434,96504119452593,96504120086676,633.242,634.083
0,112,96504121414230,96504121412084,96504122540239,1126.009,1128.155
0,113,96504123765540,96504123763473,96504124652620,887.08,889.147
0,114,96504126115510,96504126114861,96504126951388,835.878,836.527
0,115,96504128075485,96504128074352,96504129375910,1300.425,1301.558
0,116,96504130427535,96504130425741,96504131589074,1161.539,1163.333
0,117,96504132777775,96504132777129,96504133857611,1079.836,1080.482
0,118,96504134737321,96504134736620,96504136532581,1795.26,1795.961
0,119,96504137090270,96504137088009,96504137977570,887.3,889.561
0,120,96504139441950,96504139439397,96504140666092,1224.142,1226.695
0,121,96504141792649,96504141790786,96504143080312,1287.663,1289.526
0,122,96504143752385,96504143750277,96504145155813,1403.428,1405.536
0,123,96504146102715,96504146101665,96504147312956,1210.241,1211.291
0,124,96504148455285,96504148453054,96504149113156,657.871,660.102
0,125,96504150651339,96504150412545,96504158368689,7717.35,7956.144
0,126,96504152766321,96504152763933,96504158368689,5602.368,5604.756
0,127,96504155117259,96504155115322,96504158368689,3251.43,3253.367
0,128,96504157076956,96504157074813,96504158997251,1920.295,1922.438
0,129,96504159426845,96504159426201,96504160353256,926.411,927.055
0,130,96504161778875,96504161777590,96504162903322,1124.447,1125.732
0,131,96504163739511,96504163737081,96504165021974,1282.463,1284.893
0,132,96504166089100,96504166088469,96504166882417,793.317,793.948
0,133,96504168440540,96504168439858,96504169421133,980.593,981.275
0,134,96504170793579,96504170791247,96504171419630,626.051,628.383
0,135,96504172753046,96504172750737,96504174211265,1458.219,1460.528
0,136,96504175104285,96504175102126,96504175564740,460.455,462.614
0,137,96504177455984,96504177453515,96504178227800,771.816,774.285
0,138,96504179416140,96504179413005,96504181032605,1616.465,1619.6
0,139,96504181766460,96504181764394,96504182880268,1113.808,1115.874
0,140,96504184117900,96504184115783,96504184892946,775.046,777.163
0,141,96504186077166,96504186075273,96504187633339,1556.173,1558.066
0,142,96504188428806,96504188426662,96504189150369,721.563,723.707
0,143,96504190780314,96504190778051,96504191520160,739.846,742.109
0,144,96504192739941,96504192737541,96504194062076,1322.135,1324.535
0,145,96504195090001,96504195088930,96504195536685,446.684,447.755
0,146,96504197442570,96504197440319,96504198663691,1221.121,1223.372
0,147,96504199793960,96504199791708,96504200585446,791.486,793.738
0,148,96504201753085,96504201751198,96504202882113,1129.028,1130.915
0,149,96504204104595,96504204102587,96504205032217,927.622,929.63
0,150,96504206455925,96504206453976,96504207498990,1043.065,1045.014
0,151,96504208415391,96504208413466,96504210084977,1669.586,1671.511
0,152,96504210766521,96504210764855,96504211507755,741.234,742.9
0,153,96504213118199,96504213116244,96504213846535,728.336,730.291
0,154,96504215078616,96504215075734,96504216859567,1780.951,1783.833
0,155,96504217429925,96504217427123,96504218705828,1275.903,1278.705
0,156,96504219780485,96504219778512,96504220573862,793.377,795.35
0,157,96504221740131,96504221738002,96504222960062,1219.931,1222.06
0,158,96504224091420,96504224089391,96504224842976,751.556,753.585
0,159,96504226442700,96504226440780,96504227496225,1053.525,1055.445
0,160,96504228793549,96504228792168,96504230208447,1414.898,1416.279
0,161,96504230754286,96504230751659,96504232536116,1781.83,1784.457
0,162,96504233105285,96504233103048,96504234351737,1246.452,1248.689
0,163,96504235456835,96504235454436,96504236572053,1115.218,1117.617
0,164,96504237416111,96504237413927,96504238814308,1398.197,1400.381
0,165,96504239767280,96504239765316,96504240415552,648.272,650.236
0,166,96504242118700,96504242116704,96504242777182,658.482,660.478
0,167,96504244078616,96504244076195,96504245565386,1486.77,1489.191
0,168,96504246430366,96504246427584,96504247381767,951.401,954.183
0,169,96504248781585,96504248778972,96504249818500,1036.915,1039.528
0,170,96504250740421,96504250738463,96504252074436,1334.015,1335.973
0,171,96504253091951,96504253089852,96504254287511,1195.56,1197.659
0,172,96504255443590,96504255441240,96504256227007,783.417,785.767
0,173,96504257794610,96504257792629,96504258792643,998.033,1000.014
0,174,96504259753565,96504259752120,96504260994648,1241.083,1242.528
0,175,96504262105645,96504262103508,96504262732536,626.891,629.028
0,176,96504264456345,96504264454897,96504266012577,1556.232,1557.68
0,177,96504266416251,96504266414388,96504267843309,1427.058,1428.921
0,178,96504268767521,96504268765776,96504269614109,846.588,848.333
0,179,96504271119359,96504271117165,96504272224488,1105.129,1107.323
0,180,96504273078006,96504273076656,96504274568867,1490.861,1492.211
0,181,96504275429945,96504275428045,96504276782131,1352.186,1354.086
0,182,96504277781545,96504277779433,96504278562712,781.167,783.279
0,183,96504279740951,96504279738924,96504280978893,1237.942,1239.969
0,184,96504282091751,96504282090313,96504283395575,1303.824,1305.262
0,185,96504284443920,96504284441701,96504285573559,1129.639,1131.858
0,186,96504286794669,96504286793090,96504288318101,1523.432,1525.011
0,187,96504288754846,96504288752581,96504290275907,1521.061,1523.326
0,188,96504291106046,96504291103969,96504291856831,750.785,752.862
0,189,96504293457465,96504293455358,96504294546341,1088.876,1090.983
0,190,96504295416941,96504295414849,96504296618221,1201.28,1203.372
0,191,96504297774491,96504297766237,96504298262368,487.877,496.131
0,192,96504300119770,96504300117626,96504301168296,1048.526,1050.67
0,193,96504302078866,96504302077117,96504303616378,1537.512,1539.261
0,194,96504304430766,96504304428505,96504305601205,1170.439,1172.7
0,195,96504306782896,96504306779894,96504307982105,1199.209,1202.211
0,196,96504308740951,96504308739385,96504310268383,1527.432,1528.998
0,197,96504311091951,96504311090773,96504311875187,783.236,784.414
0,198,96504313443960,96504313442162,96504314171645,727.685,729.483
0,199,96504315795660,96504315793551,96504317245289,1449.629,1451.738
0,200,96504317755246,96504317753041,96504318837213,1081.967,1084.172
0,201,96504320107005,96504320104430,96504321072608,965.603,968.178
0,202,96504322458125,96504322455819,96504323299134,841.009,843.315
0,203,96504324416661,96504324415309,96504325694634,1277.973,1279.325
0,204,96504326774890,96504326766698,96504327383321,608.431,616.623
0,205,96504329119520,96504329118087,96504329740611,621.091,622.524
0,206,96504331079916,96504331077577,96504332554606,1474.69,1477.029
0,207,96504333430316,96504333428966,96504334589105,1158.789,1160.139
0,208,96504335782415,96504335780355,96504336907623,1125.208,1127.268
0,209,96504337741962,96504337739845,96504339064446,1322.484,1324.601
0,210,96504340093461,96504340091234,96504341425076,1331.615,1333.842
0,211,96504342444471,96504342442623,96504343447424,1002.953,1004.801
0,212,96504344796190,96504344794012,96504345854306,1058.116,1060.294
0,213,96504346755186,96504346753502,96504347840603,1085.417,1087.101
0,214,96504349107176,96504349104891,96504349746227,639.051,641.336
0,215,96504351458585,96504351456280,96504352477770,1019.185,1021.49
0,216,96504353418082,96504353415770,96504355207392,1789.31,1791.622
0,217,96504355778341,96504355767159,96504356993332,1214.991,1226.173
0,218,96504358120440,96504358118548,96504359206377,1085.937,1087.829
0,219,96504360079606,96504360078038,96504361402351,1322.745,1324.313
0,220,96504362430766,96504362429427,96504363471051,1040.285,1041.624
0,221,96504364782646,96504364780816,96504365891733,1109.087,1110.917
0,222,96504366742501,96504366740306,96504367818428,1075.927,1078.122
0,223,96504369094571,96504369091695,96504370075624,981.053,983.929
0,224,96504371445410,96504371443084,96504372116473,671.063,673.389
0,225,96504373796750,96504373794472,96504374404210,607.46,609.738
0,226,96504375755266,96504375753963,96504376750100,994.834,996.137
0,227,96504378106825,96504378105352,96504378921303,814.478,815.951
0,228,96504380457965,96504380456740,96504381288023,830.058,831.283
0,229,96504382418131,96504382416231,96504383744636,1326.505,1328.405
0,230,96504384772551,96504384767620,96504385568708,796.157,801.088
0,231,96504387121180,96504387119008,96504388267719,1146.539,1148.711
0,232,96504389080657,96504389078499,96504390631049,1550.392,1552.55
0,233,96504391431856,96504391429888,96504392833874,1402.018,1403.986
0,234,96504393783445,96504393781276,96504394943075,1159.63,1161.799
0,235,96504395742202,96504395740767,96504397109107,1366.905,1368.34
0,236,96504398093551,96504398092156,96504398813795,720.244,721.639
0,237,96504400444921,96504400443544,96504401294849,849.928,851.305
0,238,96504402797520,96504402794933,96504403763542,966.022,968.609
0,239,96504404755976,96504404754424,96504406443383,1687.407,1688.959
0,240,96504407107186,96504407105812,96504408423090,1315.904,1317.278
0,241,96504409459945,96504409457201,96504410328615,868.67,871.414
0,242,96504411418062,96504411416692,96504412614822,1196.76,1198.13
0,243,96504413772361,96504413768080,96504414245387,473.026,477.307
0,244,96504416120780,96504416119469,96504417178907,1058.127,1059.438
0,245,96504418080356,96504418078960,96504419947129,1866.773,1868.169
0,246,96504420431776,96504420430348,96504421599945,1168.169,1169.597
0,247,96504422782896,96504422781737,96504423834621,1051.725,1052.884
0,248,96504424742681,96504424741228,96504426334085,1591.404,1592.857
0,249,96504427093951,96504427092616,96504428526819,1432.868,1434.203
0,250,96504429445290,96504429444005,96504430238138,792.848,794.133
0,251,96504431797400,96504431795394,96504432641799,844.399,846.405
0,252,96504433756307,96504433754884,96504435242307,1486.0,1487.423
0,253,96504436107916,96504436106273,96504437000086,892.17,893.813
0,254,96504438459025,96504438457662,96504439512901,1053.876,1055.239
0,255,96504440420491,96504440417152,96504441671933,1251.442,1254.781
0,256,96504442775291,96504442768541,96504443552818,777.527,784.277
0,257,96504445121381,96504445119930,96504445843435,722.054,723.505
0,258,96504447080867,96504447079421,96504448540506,1459.639,1461.085
0,259,96504449433127,96504449430809,96504450608455,1175.328,1177.646
0,260,96504451783575,96504451782198,96504452504790,721.215,722.592
0,261,96504453743112,96504453741689,96504455119588,1376.476,1377.899
0,262,96504456096251,96504456093077,96504457092905,996.654,999.828
0,263,96504458448601,96504458444466,96504459946961,1498.36,1502.495
0,264,96504460799621,96504460795855,96504462364503,1564.882,1568.648
0,265,96504462759176,96504462755345,96504464248497,1489.321,1493.152
0,266,96504465109746,96504465106734,96504465845071,735.325,738.337
0,267,96504467462045,96504467458123,96504468456209,994.164,998.086
0,268,96504469421272,96504469417613,96504470857640,1436.368,1440.027
0,269,96504471772621,96504471769002,96504472825627,1053.006,1056.625
0,270,96504474123681,96504474120391,96504475236078,1112.397,1115.687
0,271,96504476083466,96504476079881,96504477265177,1181.711,1185.296
0,272,96504478434906,96504478431270,96504479511643,1076.737,1080.373
0,273,96504480785856,96504480782659,96504482232095,1446.239,1449.436
0,274,96504482745502,96504482742149,96504483903281,1157.779,1161.132
0,275,96504485098702,96504485093538,96504485871488,772.786,777.95
0,276,96504487448550,96504487444927,96504488323111,874.561,878.184
0,277,96504489799620,96504489796315,96504490843155,1043.535,1046.84
0,278,96504491759237,96504491755806,96504493675831,1916.594,1920.025
0,279,96504494110716,96504494107195,96504495339347,1228.631,1232.152
0,280,96504496462016,96504496458583,96504497745569,1283.553,1286.986
0,281,96504498421281,96504498418074,96504499985584,1564.303,1567.51
0,282,96504500776022,96504500769463,96504501647171,871.149,877.708
0,283,96504503124441,96504503120851,96504504441345,1316.904,1320.494
0,284,96504505084047,96504505080342,96504506577188,1493.141,1496.846
0,285,96504507435247,96504507431731,96504508386448,951.201,954.717
0,286,96504509787746,96504509783120,96504510845802,1058.056,1062.682
0,287,96504511745682,96504511742610,96504513333716,1588.034,1591.106
0,288,96504514097321,96504514093999,96504514838217,740.896,744.218
0,289,96504516448921,96504516445388,96504517059902,610.981,614.514
0,290,96504518800381,96504518796776,96504519916988,1116.607,1120.212
0,291,96504520760057,96504520756267,96504521988998,1228.941,1232.731
0,292,96504523111156,96504523107656,96504523731397,620.241,623.741
0,293,96504525462465,96504525459044,96504527237486,1775.021,1778.442
0,294,96504527421652,96504527418535,96504528834409,1412.757,1415.874
0,295,96504529773601,96504529769924,96504531573392,1799.791,1803.468
0,296,96504532124661,96504532121312,96504532936628,811.967,815.316
0,297,96504534083676,96504534080803,96504535437313,1353.637,1356.51
0,298,96504536435536,96504536432192,96504537029447,593.911,597.255
0,299,96504538787436,96504538783580,96504539979546,1192.11,1195.966
0,300,96504540746722,96504540743071,96504542561423,1814.701,1818.352
0,301,96504543099492,96504543094460,96504543734923,635.431,640.463
0,302,96504545449212,96504545445848,96504546249058,799.846,803.21
0,303,96504547800630,96504547797237,96504548993571,1192.941,1196.334
0,304,96504549759727,96504549756728,96504551617770,1858.043,1861.042
0,305,96504552111206,96504552108116,96504552826910,715.704,718.794
0,306,96504554462796,96504554459505,96504555703918,1241.122,1244.413
0,307,96504556422602,96504556418996,96504557873711,1451.109,1454.715
0,308,96504558773741,96504558770384,96504559964821,1191.08,1194.437
0,309,96504561125651,96504561121773,96504561935288,809.637,813.515
0,310,96504563084887,96504563081264,96504564219646,1134.759,1138.382
0,311,96504565435797,96504565432652,96504566460751,1024.954,1028.099
0,312,96504567788596,96504567784041,96504568697437,908.841,913.396
0,313,96504569746802,96504569743532,96504571621175,1874.373,1877.643
0,314,96504572097981,96504572094920,96504572689501,591.52,594.581
0,315,96504574449871,96504574446309,96504575539908,1090.037,1093.599
0,316,96504576801071,96504576797698,96504578022261,1221.19,1224.563
0,317,96504578760817,96504578757188,96504580221786,1460.969,1464.598
0,318,96504581112727,96504581108577,96504581901943,789.216,793.366
0,319,96504583463715,96504583459966,96504584155229,691.514,695.263
0,320,96504585422802,96504585419456,96504586808039,1385.237,1388.583
0,321,96504587772462,96504587770845,96504588609830,837.368,838.985
0,322,96504590125541,96504590122234,96504591193057,1067.516,1070.823
0,323,96504592086137,96504592081724,96504593279747,1193.61,1198.023
0,324,96504594436316,96504594433113,96504595367258,930.942,934.145
0,325,96504596787906,96504596784502,96504597944906,1157.0,1160.404
0,326,96504598747532,96504598743992,96504599970644,1223.112,1226.652
0,327,96504601098702,96504601095381,96504601968961,870.259,873.58
0,328,96504603449702,96504603446770,96504604479286,1029.584,1032.516
0,329,96504605801140,96504605798159,96504606478254,677.114,680.095
0,330,96504607761607,96504607757649,96504608801652,1040.045,1044.003
0,331,96504610112526,96504610109038,96504610856662,744.136,747.624
0,332,96504612463756,96504612460427,96504613934716,1470.96,1474.289
0,333,96504614423572,96504614419917,96504616568855,2145.283,2148.938
0,334,96504616774441,96504616771306,96504618112437,1337.996,1341.131
0,335,96504619125651,96504619122695,96504619971129,845.478,848.434
0,336,96504621085777,96504621082185,96504622254957,1169.18,1172.772
0,337,96504623437267,96504623433574,96504624262624,825.357,829.05
0,338,96504625788326,96504625784963,96504626498670,710.344,713.707
0,339,96504627747933,96504627744453,96504628949513,1201.58,1205.06
0,340,96504630099651,96504630095842,96504631209719,1110.068,1113.877
0,341,96504632450801,96504632447231,96504633931671,1480.87,1484.44
0,342,96504634801511,96504634798619,96504636461366,1659.855,1662.747
0,343,96504636761597,96504636758110,96504638135144,1373.547,1377.034
0,344,96504639112977,96504639109499,96504640070079,957.102,960.58
0,345,96504641464295,96504641460887,96504642680797,1216.502,1219.91
0,346,96504643426312,96504643420378,96504644841940,1415.628,1421.562
0,347,96504645774842,96504645771767,96504647638525,1863.683,1866.758
0,348,96504648127571,96504648123155,96504649718035,1590.464,1594.88
0,349,96504650086458,96504650082646,96504652036133,1949.675,1953.487
0,350,96504652439387,96504652434035,96504653514173,1074.786,1080.138
0,351,96504654788896,96504654785423,96504655855712,1066.816,1070.289
0,352,96504656747622,96504656744914,96504658213562,1465.94,1468.648
0,353,96504659099552,96504659096303,96504659839207,739.655,742.904
0,354,96504661451342,96504661447691,96504662562629,1111.287,1114.938
0,355,96504663802511,96504663799080,96504664896748,1094.237,1097.668
0,356,96504665762137,96504665758571,96504667239447,1477.31,1480.876
0,357,96504668113426,96504668109959,96504668953465,840.039,843.506
0,358,96504670463456,96504670461348,96504671086497,623.041,625.149
0,359,96504672422662,96504672420839,96504673724536,1301.874,1303.697
0,360,96504674773221,96504674772228,96504675832138,1058.917,1059.91
0,361,96504677124921,96504677123616,96504677541165,416.244,417.549
0,362,96504679084767,96504679083107,96504680501766,1416.999,1418.659
0,363,96504681436087,96504681434496,96504682199912,763.825,765.416
0,364,96504683787287,96504683785884,96504684546192,758.905,760.308
0,365,96504685746943,96504685745375,96504687618925,1871.982,1873.55
0,366,96504688097992,96504688096764,96504688923250,825.258,826.486
0,367,96504690449401,96504690448152,96504691367182,917.781,919.03
0,368,96504692801201,96504692799541,96504693614698,813.497,815.157
0,369,96504694760507,96504694759032,96504695963128,1202.621,1204.096
0,370,96504697112417,96504697110420,96504698232004,1119.587,1121.584
0,371,96504699463336,96504699461809,96504700392677,929.341,930.868
0,372,96504701423312,96504701421300,96504703519433,2096.121,2098.133
0,373,96504703779161,96504703772688,96504704895790,1116.629,1123.102
0,374,96504706125241,96504706124077,96504707412855,1287.614,1288.778
0,375,96504708085108,96504708083568,96504709867038,1781.93,1783.47
0,376,96504710436416,96504710434956,96504711663699,1227.283,1228.743
0,377,96504712787756,96504712786345,96504713572503,784.747,786.158
0,378,96504714747242,96504714745836,96504716225743,1478.501,1479.907
0,379,96504717098702,96504717097224,96504717976001,877.299,878.777
0,380,96504719449992,96504719448613,96504720367733,917.741,919.12
0,381,96504721801371,96504721800002,96504722808735,1007.364,1008.733
0,382,96504723760847,96504723759492,96504725589358,1828.511,1829.866
0,383,96504726112896,96504726110881,96504726880713,767.817,769.832
0,384,96504728463786,96504728462270,96504729383087,919.301,920.817
0,385,96504730422923,96504730421760,96504731657084,1234.161,1235.324
0,386,96504732774532,96504732773149,96504733155755,381.223,382.606
0,387,96504735126191,96504735124538,96504736867500,1741.309,1742.962
0,388,96504737086037,96504737084028,96504739075875,1989.838,1991.847
0,389,96504739436917,96504739435417,96504740050158,613.241,614.741
0,390,96504741807007,96504741786806,96504743467673,1660.666,1680.867
0,391,96504743747593,96504743746296,96504744868510,1120.917,1122.214
0,392,96504746098942,96504746097685,96504746719353,620.411,621.668
0,393,96504748450751,96504748449074,96504750047796,1597.045,1598.722
0,394,96504750801751,96504750800463,96504751957410,1155.659,1156.947
0,395,96504752761257,96504752759953,96504755117857,2356.6,2357.904
0,396,96504755113157,96504755111342,96504756115660,1002.503,1004.318
0,397,96504757464036,96504757462731,96504758667787,1203.751,1205.056
0,398,96504759423652,96504759422221,96504760804409,1380.757,1382.188
0,399,96504761775452,96504761773610,96504763494820,1719.368,1721.21
0,400,96504764126751,96504764124999,96504764966859,840.108,841.86
0,401,96504766085908,96504766084489,96504768141787,2055.879,2057.298
0,402,96504768437407,96504768435878,96504769814324,1376.917,1378.446
0,403,96504770788896,96504770787267,96504771597004,808.108,809.737
0,404,96504772748203,96504772746757,96504774657577,1909.374,1910.82
0,405,96504775099872,96504775098146,96504775741004,641.132,642.858
0,406,96504777450902,96504777449535,96504778444685,993.783,995.15
0,407,96504779802202,96504779800923,96504780987731,1185.529,1186.808
0,408,96504781762057,96504781760414,96504782651777,889.72,891.363
0,409,96504784113667,96504784111803,96504785901297,1787.63,1789.494
0,410,96504786464776,96504786463191,96504787248753,783.977,785.562
0,411,96504788424113,96504788422682,96504789943204,1519.091,1520.522
0,412,96504790776002,96504790774071,96504791975103,1199.101,1201.032
0,413,96504793126941,96504793125459,96504794123115,996.174,997.656
0,414,96504795086377,96504795084950,96504797013422,1927.045,1928.472
0,415,96504797437737,96504797436339,96504798686849,1249.112,1250.51
0,416,96504799788897,96504799787727,96504801918329,2129.432,2130.602
0,417,96504801748493,96504801747218,96504803149080,1400.587,1401.862
0,418,96504804100113,96504804098607,96504805264772,1164.659,1166.165
0,419,96504806451311,96504806449995,96504807177297,725.986,727.302
0,420,96504808802761,96504808801384,96504809891078,1088.317,1089.694
0,421,96504810762207,96504810760875,96504812130854,1368.647,1369.979
0,422,96504813113517,96504813112263,96504813719727,606.21,607.464
0,423,96504815464857,96504815463652,96504816231192,766.335,767.54
0,424,96504817424492,96504817423143,96504818518120,1093.628,1094.977
0,425,96504819778952,96504819774531,96504821100327,1321.375,1325.796
0,426,96504822127321,96504822125920,96504823662903,1535.582,1536.983
0,427,96504824086778,96504824085411,96504825861598,1774.82,1776.187
0,428,96504826438368,96504826436799,96504827613447,1175.079,1176.648
0,429,96504828789596,96504828788188,96504829626765,837.169,838.577
0,430,96504830748983,96504830747679,96504831980215,1231.232,1232.536
0,431,96504833100362,96504833099067,96504833687612,587.25,588.545
0,432,96504835451612,96504835450456,96504836589811,1138.199,1139.355
0,433,96504837803532,96504837801845,96504839462227,1658.695,1660.382
0,434,96504839762848,96504839761335,96504841560048,1797.2,1798.713
0,435,96504842114057,96504842112724,96504842967326,853.269,854.602
0,436,96504844465716,96504844464113,96504844992424,526.708,528.311
0,437,96504846425083,96504846423604,96504847920543,1495.46,1496.939
0,438,96504848776372,96504848774992,96504849977423,1201.051,1202.431
0,439,96504851127812,96504851126381,96504852158127,1030.315,1031.746
0,440,96504853088168,96504853085872,96504854964462,1876.294,1878.59
0,441,96504855438827,96504855437260,96504856753551,1314.724,1316.291
0,442,96504857790057,96504857788649,96504858955016,1164.959,1166.367
0,443,96504859749823,96504859748140,96504861280665,1530.842,1532.525
0,444,96504862100683,96504862099528,96504862938961,838.278,839.433
0,445,96504864452381,96504864450917,96504865311231,858.85,860.314
0,446,96504866803541,96504866802306,96504867892148,1088.607,1089.842
0,447,96504868763017,96504868761796,96504871001394,2238.377,2239.598
0,448,96504871114917,96504871113185,96504872334398,1219.481,1221.213
0,449,96504873465787,96504873464574,96504874620946,1155.159,1156.372
0,450,96504875425313,96504875424064,96504876751528,1326.215,1327.464
0,451,96504877778772,96504877775453,96504878588040,809.268,812.587
0,452,96504880128252,96504880126842,96504881360704,1232.452,1233.862
0,453,96504882087798,96504882086332,96504883519877,1432.079,1433.545
0,454,96504884439058,96504884437721,96504885643828,1204.77,1206.107
0,455,96504886790587,96504886789110,96504888407412,1616.825,1618.302
0,456,96504888750043,96504888748600,96504890020016,1269.973,1271.416
0,457,96504891101282,96504891099989,96504892580393,1479.111,1480.404
0,458,96504893452642,96504893451378,96504894334342,881.7,882.964
0,459,96504895804202,96504895802766,96504896580038,775.836,777.272
0,460,96504897763708,96504897762257,96504899054441,1290.733,1292.184
0,461,96504900114837,96504900113646,96504901323798,1208.961,1210.152
0,462,96504902466626,96504902465034,96504903199221,732.595,734.187
0,463,96504904426263,96504904424525,96504905266012,839.749,841.487
0,464,96504906778392,96504906775914,96504908359346,1580.954,1583.432
0,465,96504909129272,96504909127303,96504910847600,1718.328,1720.297
0,466,96504911088728,96504911086793,96504912919000,1830.272,1832.207
0,467,96504913439927,96504913438182,96504914353208,913.281,915.026
0,468,96504915791197,96504915789571,96504917038549,1247.352,1248.978
0,469,96504917750703,96504917749061,96504919034537,1283.834,1285.476
0,470,96504920101993,96504920100450,96504921640174,1538.181,1539.724
0,471,96504922453073,96504922451839,96504924342256,1889.183,1890.417
0,472,96504924805041,96504924803227,96504926050904,1245.863,1247.677
0,473,96504926764028,96504926762718,96504928432794,1668.766,1670.076
0,474,96504929115707,96504929114107,96504930159862,1044.155,1045.755
0,475,96504931466607,96504931465495,96504932303325,836.718,837.83
0,476,96504933426463,96504933424986,96504934834611,1408.148,1409.625
0,477,96504935777632,96504935776375,96504936969153,1191.521,1192.778
0,478,96504938129042,96504938127763,96504939221258,1092.216,1093.495
0,479,96504940089338,96504940087254,96504941956621,1867.283,1869.367
0,480,96504942440158,96504942438643,96504943494893,1054.735,1056.25
0,481,96504944791417,96504944790031,96504945880994,1089.577,1090.963
0,482,96504946750784,96504946749522,96504948426740,1675.956,1677.218
0,483,96504949102062,96504949100911,96504950198690,1096.628,1097.779
0,484,96504951453552,96504951452299,96504951935738,482.186,483.439
0,485,96504953804902,96504953803688,96504954585878,780.976,782.19
0,486,96504955764908,96504955763179,96504958117528,2352.62,2354.349
0,487,96504958115978,96504958114567,96504959795964,1679.986,1681.397
0,488,96504960467516,96504960465956,96504961331296,863.78,865.34
0,489,96504962426813,96504962425447,96504963883832,1457.019,1458.385
0,490,96504964778242,96504964776835,96504965830308,1052.066,1053.473
0,491,96504967129792,96504967128224,96504967967830,838.038,839.606
0,492,96504969089139,96504969087715,96504970202995,1113.856,1115.28
0,493,96504971440507,96504971439103,96504972373960,933.453,934.857
0,494,96504973792047,96504973790492,96504974981337,1189.29,1190.845
0,495,96504975751453,96504975749983,96504977018646,1267.193,1268.663
0,496,96504978102763,96504978101371,96504979629944,1527.181,1528.573
0,497,96504980454113,96504980452760,96504981512908,1058.795,1060.148
0,498,96504982805521,96504982804149,96504983896248,1090.727,1092.099
0,499,96504984764988,96504984763639,96504986014920,1249.932,1251.281
0,500,96504987116467,96504987115028,96504988302498,1186.031,1187.47
0,501,96504989467817,96504989466417,96504990006505,538.688,540.088
0,502,96504991427123,96504991425907,96504992867382,1440.259,1441.475
0,503,96504993780753,96504993777296,96504996084511,2303.758,2307.215
0,504,96504996129932,96504996128685,96504997398615,1268.683,1269.93
0,505,96504998089428,96504998088175,96504999776475,1687.047,1688.3
0,506,96505000441328,96505000439564,96505001326727,885.399,887.163
0,507,96505002792117,96505002790953,96505003554233,762.116,763.28
0,508,96505004751694,96505004750443,96505006133100,1381.406,1382.657
0,509,96505007103252,96505007101832,96505007988093,884.841,886.261
0,510,96505009454382,96505009453221,96505010947013,1492.631,1493.792
0,511,96505011806032,96505011804610,96505013015323,1209.291,1210.713
0,512,96505013765578,96505013764100,96505014820844,1055.266,1056.744
0,513,96505016116888,96505016115489,96505017091210,974.322,975.721
0,514,96505018468246,96505018466878,96505019396098,927.852,929.22
0,515,96505020427853,96505020426368,96505021853832,1425.979,1427.464
0,516,96505022779013,96505022777757,96505023573150,794.137,795.393
0,517,96505025130582,96505025129146,96505025989011,858.429,859.865
0,518,96505027090009,96505027088636,96505029215360,2125.351,2126.724
0,519,96505029441528,96505029440025,96505030641838,1200.31,1201.813
0,520,96505031792717,96505031791414,96505032350036,557.319,558.622
0,521,96505033752383,96505033750904,96505035031436,1279.053,1280.532
0,522,96505036103403,96505036102293,96505037743949,1640.546,1641.656
0,523,96505038454823,96505038453682,96505039519409,1064.586,1065.727
0,524,96505040806352,96505040805070,96505042304693,1498.341,1499.623
0,525,96505042765968,96505042764561,96505044333761,1567.793,1569.2
0,526,96505045117657,96505045115950,96505045842932,725.275,726.982
0,527,96505047468957,96505047467338,96505048589334,1120.377,1121.996
0,528,96505049428373,96505049426829,96505051140862,1712.489,1714.033
0,529,96505051779783,96505051778218,96505052569349,789.566,791.131
0,530,96505054131613,96505054129606,96505054892108,760.495,762.502
0,531,96505056090698,96505056089097,96505057987932,1897.234,1898.835
0,532,96505058442018,96505058440486,96505060179867,1737.849,1739.381
0,533,96505060793647,96505060791874,96505062069910,1276.263,1278.036
0,534,96505062752864,96505062751365,96505064558835,1805.971,1807.47
0,535,96505065104443,96505065102754,96505066195290,1090.847,1092.536
0,536,96505067455262,96505067454142,96505068255950,800.688,801.808
0,537,96505069806882,96505069805531,96505070818956,1012.074,1013.425
0,538,96505071766948,96505071765022,96505072817544,1050.596,1052.522
0,539,96505074117898,96505074116410,96505074671156,553.258,554.746
0,540,96505076469048,96505076467799,96505077564154,1095.106,1096.355
0,541,96505078428703,96505078427290,96505079470638,1041.935,1043.348
0,542,96505080780423,96505080778679,96505082689527,1909.104,1910.848
0,543,96505083131372,96505083130067,96505084290972,1159.6,1160.905
0,544,96505085091119,96505085089558,96505087006763,1915.644,1917.205
0,545,96505087442668,96505087440947,96505088290527,847.859,849.58
0,546,96505089794167,96505089792335,96505090436069,641.902,643.734
0,547,96505091753413,96505091751826,96505092758037,1004.624,1006.211
0,548,96505094104773,96505094103215,96505095400617,1295.844,1297.402
0,549,96505096456203,96505096454603,96505097636542,1180.339,1181.939
0,550,96505098807322,96505098805992,96505100076735,1269.413,1270.743
0,551,96505100767339,96505100765483,96505102291830,1524.491,1526.347
0,552,96505103118657,96505103116871,96505104315358,1196.701,1198.487
0,553,96505105470047,96505105468260,96505106616676,1146.629,1148.416
0,554,96505107429443,96505107427751,96505109317347,1887.904,1889.596
0,555,96505109781093,96505109779139,96505111122878,1341.785,1343.739
0,556,96505112132213,96505112130528,96505112738183,605.97,607.655
0,557,96505114091758,96505114090019,96505115282539,1190.781,1192.52
0,558,96505116443328,96505116441407,96505118282930,1839.602,1841.523
0,559,96505118794457,96505118792796,96505119843273,1048.816,1050.477
0,560,96505120753604,96505120752287,96505122357338,1603.734,1605.051
0,561,96505123105464,96505123103675,96505124526742,1421.278,1423.067
0,562,96505125456392,96505125455064,96505126485227,1028.835,1030.163
0,563,96505127808282,96505127806453,96505128763614,955.332,957.161
0,564,96505129767478,96505129765943,96505132167180,2399.702,2401.237
0,565,96505132118748,96505132117332,96505133090431,971.683,973.099
0,566,96505134470558,96505134468721,96505135228723,758.165,760.002
0,567,96505136429844,96505136428211,96505137871452,1441.608,1443.241
0,568,96505138781353,96505138779600,96505139939112,1157.759,1159.512
0,569,96505141132682,96505141130989,96505141989571,856.889,858.582
0,570,96505143092089,96505143090479,96505144520357,1428.268,1429.878
0,571,96505145443528,96505145441868,96505146678029,1234.501,1236.161
0,572,96505147795148,96505147793257,96505148642787,847.639,849.53
0,573,96505149754003,96505149752747,96505151316137,1562.134,1563.39
0,574,96505152105603,96505152104136,96505153520681,1415.078,1416.545
0,575,96505154457093,96505154455525,96505155471247,1014.154,1015.722
0,576,96505156808362,96505156806914,96505157847078,1038.716,1040.164
0,577,96505158767859,96505158766404,96505159834345,1066.486,1067.941
0,578,96505161119678,96505161117793,96505161990828,871.15,873.035
0,579,96505163470637,96505163469182,96505165043091,1572.454,1573.909
0,580,96505165430154,96505165428672,96505167587716,2157.562,2159.044
0,581,96505167781533,96505167780061,96505170376561,2595.028,2596.5
0,582,96505170133053,96505170131450,96505172024986,1891.933,1893.536
0,583,96505172092699,96505172090940,96505174830991,2738.292,2740.051
0,584,96505174443998,96505174442329,96505177447049,3003.051,3004.72
0,585,96505176795838,96505176793718,96505179163237,2367.399,2369.519
0,586,96505178755194,96505178753208,96505181452545,2697.351,2699.337
0,587,96505181106784,96505181104597,96505183289227,2182.443,2184.63
0,588,96505183458173,96505183455986,96505186969531,3511.358,3513.545
0,589,96505185809622,96505185807374,96505189183737,3374.115,3376.363
0,590,96505187778609,96505187766865,96505190922486,3143.877,3155.621
0,591,96505190120218,96505190118254,96505192606882,2486.664,2488.628
0,592,96505192472278,96505192469642,96505194320550,1848.272,1850.908
0,593,96505194430854,96505194429133,96505200949014,6518.16,6519.881
0,594,96505196782223,96505196780522,96505200949014,4166.791,4168.492
0,595,96505199133252,96505199131910,96505200949014,1815.762,1817.104
0,596,96505201092829,96505201091401,96505203150168,2057.339,2058.767
0,597,96505203444428,96505203442790,96505205550930,2106.502,2108.14
0,598,96505205796048,96505205794178,96505207852687,2056.639,2058.509
0,599,96505207754854,96505207753669,96505209795383,2040.529,2041.714
0,600,96505210106403,96505210105058,96505212149863,2043.46,2044.805
0,601,96505212457973,96505212456446,96505213402155,944.182,945.709
0,602,96505214809052,96505214807835,96505216589602,1780.55,1781.767
0,603,96505216779019,96505216767326,96505219094198,2315.179,2326.872
0,604,96505219120219,96505219118714,96505220407852,1287.633,1289.138
0,605,96505221471607,96505221470103,96505222901616,1430.009,1431.513
0,606,96505223431194,96505223429594,96505225520105,2088.911,2090.511
0,607,96505225782343,96505225780982,96505226954433,1172.09,1173.451
0,608,96505228133723,96505228132371,96505228952111,818.388,819.74
0,609,96505230093279,96505230091862,96505231533887,1440.608,1442.025
0,610,96505232444498,96505232443250,96505233666470,1221.972,1223.22
0,611,96505234796308,96505234794639,96505235854544,1058.236,1059.905
0,612,96505236755334,96505236754130,96505238424390,1669.056,1670.26
0,613,96505239106864,96505239105518,96505240792430,1685.566,1686.912
0,614,96505241458093,96505241456907,96505242717115,1259.022,1260.208
0,615,96505243809552,96505243808296,96505244940701,1131.149,1132.405
0,616,96505245775229,96505245767787,96505247124985,1349.756,1357.198
0,617,96505248120478,96505248119175,96505248899775,779.297,780.6
0,618,96505250471768,96505250470564,96505250941163,469.395,470.599
0,619,96505252431294,96505252430055,96505253719738,1288.444,1289.683
0,620,96505254782694,96505254781443,96505255592681,809.987,811.238
0,621,96505257134172,96505257132832,96505257887238,753.066,754.406
0,622,96505259093529,96505259092323,96505260296279,1202.75,1203.956
0,623,96505261444888,96505261443711,96505263092634,1647.746,1648.923
0,624,96505263796308,96505263795100,96505264457031,660.723,661.931
0,625,96505265756005,96505265754591,96505267486173,1730.168,1731.582
0,626,96505268107543,96505268105979,96505269502051,1394.508,1396.072
0,627,96505270458583,96505270457368,96505271663133,1204.55,1205.765
0,628,96505272810113,96505272808757,96505273469995,659.882,661.238
0,629,96505274773429,96505274768247,96505276044562,1271.133,1276.315
0,630,96505277121179,96505277119636,96505277821462,700.283,701.826
0,631,96505279472257,96505279471025,96505280279015,806.758,807.99
0,632,96505281431754,96505281430515,96505282921444,1489.69,1490.929
0,633,96505283783253,96505283781904,96505284469307,686.054,687.403
0,634,96505286134553,96505286133293,96505287414896,1280.343,1281.603
0,635,96505288094099,96505288092783,96505289947052,1852.953,1854.269
0,636,96505290445319,96505290444172,96505291565626,1120.307,1121.454
0,637,96505292796848,96505292795561,96505293730780,933.932,935.219
0,638,96505294756544,96505294755051,96505296173072,1416.528,1418.021
0,639,96505297107674,96505297106440,96505298495310,1387.636,1388.87
0,640,96505299459123,96505299457829,96505301134759,1675.636,1676.93
0,641,96505301810683,96505301809217,96505302828787,1018.104,1019.57
0,642,96505303774059,96505303768708,96505305525479,1751.42,1756.771
0,643,96505306121358,96505306120097,96505307279798,1158.44,1159.701
0,644,96505308472828,96505308471485,96505309631777,1158.949,1160.292
0,645,96505310432354,96505310430976,96505311691957,1259.603,1260.981
0,646,96505312783984,96505312782365,96505314361266,1577.282,1578.901
0,647,96505315135062,96505315133754,96505315734073,599.011,600.319
0,648,96505317094499,96505317093244,96505318697643,1603.144,1604.399
0,649,96505319446339,96505319444633,96505321379844,1933.505,1935.211
0,650,96505321797488,96505321796022,96505322954058,1156.57,1158.036
0,651,96505323756845,96505323755512,96505325880586,2123.741,2125.074
0,652,96505328806305,96505326106901,96505344189735,15383.43,18082.834
0,653,96505328833906,96505328458290,96505344189735,15355.829,15731.445
0,654,96505330811633,96505330809678,96505344189735,13378.102,13380.057
0,655,96505332784079,96505332769169,96505344189735,11405.656,11420.566
0,656,96505335121639,96505335120558,96505344189735,9068.096,9069.177
0,657,96505337473038,96505337471946,96505344189735,6716.697,6717.789
0,658,96505339437264,96505339431437,96505344189735,4752.471,4758.298
0,659,96505341784594,96505341782826,96505344375302,2590.708,2592.476
0,660,96505344135123,96505344134214,96505344881238,746.115,747.024
0,661,96505346095169,96505346093705,96505348169359,2074.19,2075.654
0,662,96505348446599,96505348445094,96505350563871,2117.272,2118.777
0,663,96505350797749,96505350796482,96505352590479,1792.73,1793.997
0,664,96505352757105,96505352755973,96505354274686,1517.581,1518.713
0,665,96505355108664,96505355107362,96505357216805,2108.141,2109.443
0,666,96505357460243,96505357458750,96505359148361,1688.118,1689.611
0,667,96505359811163,96505359810139,96505361088386,1277.223,1278.247
0,668,96505361773409,96505361769630,96505362981550,1208.141,1211.92
0,669,96505364123309,96505364121018,96505366199719,2076.41,2078.701
0,670,96505366474478,96505366472407,96505368043161,1568.683,1570.754
0,671,96505368433114,96505368431898,96505370280147,1847.033,1848.249
0,672,96505370784734,96505370783286,96505371381314,596.58,598.028
0,673,96505373136154,96505373134675,96505373961131,824.977,826.456
0,674,96505375095460,96505375094166,96505376599300,1503.84,1505.134
0,675,96505377446819,96505377445554,96505378581467,1134.648,1135.913
0,676,96505379798598,96505379796943,96505382658356,2859.758,2861.413
0,677,96505381758125,96505381756434,96505383171892,1413.767,1415.458
0,678,96505384109784,96505384107822,96505386271257,2161.473,2163.435
0,679,96505386460864,96505386459211,96505387626803,1165.939,1167.592
0,680,96505388812353,96505388810600,96505390647105,1834.752,1836.505
0,681,96505390778530,96505390770090,96505392701225,1922.695,1931.135
0,682,96505393122449,96505393121479,96505394118102,995.653,996.623
0,683,96505395473988,96505395472868,96505397067872,1593.884,1595.004
0,684,96505397433695,96505397432358,96505399421032,1987.337,1988.674
0,685,96505399784813,96505399783747,96505400465997,681.184,682.25
0,686,96505402136193,96505402135136,96505403295043,1158.85,1159.907
0,687,96505404096019,96505404094626,96505406003274,1907.255,1908.648
0,688,96505406447319,96505406446015,96505407073080,625.761,627.065
0,689,96505408798589,96505408797404,96505409495182,696.593,697.778
0,690,96505410757934,96505410756894,96505412695421,1937.487,1938.527
0,691,96505413109684,96505413108283,96505415158003,2048.319,2049.72
0,692,96505415461603,96505415459672,96505417291435,1829.832,1831.763
0,693,96505417812763,96505417811061,96505419335724,1522.961,1524.663
0,694,96505419774069,96505419770551,96505421146786,1372.717,1376.235
0,695,96505422123309,96505422121940,96505423283268,1159.959,1161.328
0,696,96505424474668,96505424473329,96505425275506,800.838,802.177
0,697,96505426433944,96505426432819,96505427923125,1489.181,1490.306
0,698,96505428785464,96505428784208,96505429931492,1146.028,1147.284
0,699,96505431136794,96505431135597,96505432260121,1123.327,1124.524
0,700,96505433096310,96505433095087,96505434666133,1569.823,1571.046
0,701,96505435447789,96505435446476,96505436945600,1497.811,1499.124
0,702,96505437798998,96505437797865,96505438645387,846.389,847.522
0,703,96505439758455,96505439757355,96505440971316,1212.861,1213.961
0,704,96505442110124,96505442108744,96505443243442,1133.318,1134.698
0,705,96505444461194,96505444460133,96505445175168,713.974,715.035
0,706,96505446812603,96505446811521,96505447794017,981.414,982.496
0,707,96505448773419,96505448771012,96505449904358,1130.939,1133.346
0,708,96505451123879,96505451122401,96505452691792,1567.913,1569.391
0,709,96505453475278,96505453473789,96505454321477,846.199,847.688
0,710,96505455434605,96505455433280,96505456602344,1167.739,1169.064
0,711,96505457785884,96505457784669,96505458536100,750.216,751.431
0,712,96505460137263,96505460136057,96505460939011,801.748,802.954
0,713,96505462096880,96505462095548,96505463918342,1821.462,1822.794
0,714,96505464447969,96505464446937,96505465513995,1066.026,1067.058
0,715,96505466799789,96505466798325,96505468035611,1235.822,1237.286
0,716,96505469150769,96505469149714,96505470697411,1546.642,1547.697
0,717,96505471110324,96505471109205,96505472404038,1293.714,1294.833
0,718,96505473461764,96505473460593,96505474697456,1235.692,1236.863
0,719,96505475813233,96505475811982,96505476748515,935.282,936.533
0,720,96505477773100,96505477771473,96505479232309,1459.209,1460.836
0,721,96505480124719,96505480122862,96505481014629,889.91,891.767
0,722,96505482475558,96505482474250,96505484130104,1654.546,1655.854
0,723,96505484434764,96505484433741,96505485934966,1500.202,1501.225
0,724,96505486786534,96505486785130,96505487917402,1130.868,1132.272
0,725,96505489137594,96505489136518,96505489783056,645.462,646.538
0,726,96505491097240,96505491096009,96505492225938,1128.698,1129.929
0,727,96505493448750,96505493447398,96505494811876,1363.126,1364.478
0,728,96505495800058,96505495798786,96505496749751,949.693,950.965
0,729,96505498151718,96505498150175,96505499195293,1043.575,1045.118
0,730,96505500111844,96505500109666,96505501967277,1855.433,1857.611
0,731,96505502462744,96505502461054,96505503640294,1177.55,1179.24
0,732,96505504814124,96505504812443,96505505787216,973.092,974.773
0,733,96505506778340,96505506771934,96505507896467,1118.127,1124.533
0,734,96505509124529,96505509123322,96505509815933,691.404,692.611
0,735,96505511475828,96505511474711,96505512291807,815.979,817.096
0,736,96505513435645,96505513434202,96505514886664,1451.019,1452.462
0,737,96505515786615,96505515785590,96505516399065,612.45,613.475
0,738,96505518138154,96505518136979,96505518839438,701.284,702.459
0,739,96505520098020,96505520096470,96505521588050,1490.03,1491.58
0,740,96505522450089,96505522447858,96505523865908,1415.819,1418.05
0,741,96505524801589,96505524799247,96505525753481,951.892,954.234
0,742,96505527152309,96505527150636,96505528084890,932.581,934.254
0,743,96505529111375,96505529110126,96505532775599,3664.224,3665.473
0,744,96505531463084,96505531461515,96505533935278,2472.194,2473.763
0,745,96505533813933,96505533812904,96505537469057,3655.124,3656.153
0,746,96505535773620,96505535772394,96505538509302,2735.682,2736.908
0,747,96505538124969,96505538123783,96505542981723,4856.754,4857.94
0,748,96505540476339,96505540475172,96505544731613,4255.274,4256.441
0,749,96505542435725,96505542434662,96505546752891,4317.166,4318.229
0,750,96505544787144,96505544786051,96505551185170,6398.026,6399.119
0,751,96505547142394,96505547137440,96505551185170,4042.776,4047.73
0,752,96505549108571,96505549096930,96505551671977,2563.406,2575.047
0,753,96505551449350,96505551448319,96505553946793,2497.443,2498.474
0,754,96505553801729,96505553799708,96505556358445,2556.716,2558.737
0,755,96505556152288,96505556151097,96505559288594,3136.306,3137.497
0,756,96505558122775,96505558110587,96505561238200,3115.425,3127.613
0,757,96505560462834,96505560461976,96505562897417,2434.583,2435.441
0,758,96505562826024,96505562813365,96505565468863,2642.839,2655.498
0,759,96505564784821,96505564772855,96505566305482,1520.661,1532.627
0,760,96505567126650,96505567124244,96505570868656,3742.006,3744.412
0,761,96505569485109,96505569475633,96505571983294,2498.185,2507.661
0,762,96505571447055,96505571435123,96505574131216,2684.161,2696.093
0,763,96505573787665,96505573786512,96505577896133,4108.468,4109.621
0,764,96505576143144,96505576137901,96505581461714,5318.57,5323.813
0,765,96505578110410,96505578097391,96505581461714,3351.304,3364.323
0,766,96505580453790,96505580448780,96505583301556,2847.766,2852.776
0,767,96505582810520,96505582800169,96505585065446,2254.926,2265.277
0,768,96505585158438,96505585151557,96505586646329,1487.891,1494.772
0,769,96505587125515,96505587111048,96505588165271,1039.756,1054.223
0,770,96505589474534,96505589462437,96505590663194,1188.66,1200.757
0,771,96505591819684,96505591813825,96505592897501,1077.817,1083.676
0,772,96505593780680,96505593773316,96505595562850,1782.17,1789.534
0,773,96505596139490,96505596124705,96505597512726,1373.236,1388.021
0,774,96505598481009,96505598476093,96505600310071,1829.062,1833.978
0,775,96505600447195,96505600435584,96505602261837,1814.642,1826.253
0,776,96505602802615,96505602786973,96505603599792,797.177,812.819
0,777,96505605143605,96505605138361,96505606308374,1164.769,1170.013
0,778,96505607109451,96505607097852,96505609037656,1928.205,1939.804
0,779,96505609458370,96505609449241,96505610543467,1085.097,1094.226
0,780,96505611804799,96505611800629,96505614110307,2305.508,2309.678
0,781,96505614167160,96505614152018,96505615751163,1584.003,1599.145
0,782,96505616112845,96505616111509,96505617927416,1814.571,1815.907
0,783,96505618463934,96505618462897,96505619621253,1157.319,1158.356
0,784,96505620815674,96505620814286,96505622310814,1495.14,1496.528
0,785,96505622776410,96505622773777,96505624190008,1413.598,1416.231
0,786,96505625126400,96505625125165,96505626637891,1511.491,1512.726
0,787,96505627477929,96505627476554,96505628438032,960.103,961.478
0,788,96505629437525,96505629436045,96505631032479,1594.954,1596.434
0,789,96505631788825,96505631787433,96505632638843,850.018,851.41
0,790,96505634140174,96505634138822,96505635100486,960.312,961.664
0,791,96505636099971,96505636098313,96505637387134,1287.163,1288.821
0,792,96505638451199,96505638449701,96505639272207,821.008,822.506
0,793,96505640802269,96505640801090,96505641973539,1171.27,1172.449
0,794,96505643154079,96505643152479,96505644828706,1674.627,1676.227
0,795,96505645113155,96505645111969,96505646586195,1473.04,1474.226
0,796,96505647464725,96505647463358,96505648397416,932.691,934.058
0,797,96505649816324,96505649814747,96505651013564,1197.24,1198.817
0,798,96505651780871,96505651774238,96505653904332,2123.461,2130.094
0,799,96505654129159,96505654125626,96505655558198,1429.039,1432.572
0,800,96505656479389,96505656477015,96505659256963,2777.574,2779.948
0,801,96505658438575,96505658436506,96505660335440,1896.865,1898.934
0,802,96505660789935,96505660787894,96505662098219,1308.284,1310.325
0,803,96505663140744,96505663139283,96505664208660,1067.916,1069.377
0,804,96505665100190,96505665098774,96505667044396,1944.206,1945.622
0,805,96505667451500,96505667450162,96505669474778,2023.278,2024.616
0,806,96505669803180,96505669801551,96505671184236,1381.056,1382.685
0,807,96505672154269,96505672152940,96505673691421,1537.152,1538.481
0,808,96505674113955,96505674112430,96505675974508,1860.553,1862.078
0,809,96505676465004,96505676463819,96505677243491,778.487,779.672
0,810,96505678816404,96505678815208,96505679924661,1108.257,1109.453
0,811,96505680775920,96505680774698,96505681792295,1016.375,1017.597
0,812,96505683127230,96505683126087,96505684594119,1466.889,1468.032
0,813,96505685478659,96505685477476,96505686364859,886.2,887.383
0,814,96505687438175,96505687436966,96505688909285,1471.11,1472.319
0,815,96505689789325,96505689788355,96505690861211,1071.886,1072.856
0,816,96505692141144,96505692139744,96505693261082,1119.938,1121.338
0,817,96505694100311,96505694099234,96505695515608,1415.297,1416.374
0,818,96505696451790,96505696450623,96505697448014,996.224,997.391
0,819,96505698802999,96505698802012,96505699637187,834.188,835.175
0,820,96505701154559,96505701153400,96505702237285,1082.726,1083.885
0,821,96505703114005,96505703112891,96505704226163,1112.158,1113.272
0,822,96505705465685,96505705464280,96505706066015,600.33,601.735
0,823,96505707817024,96505707815668,96505709010074,1193.05,1194.406
0,824,96505709778131,96505709775159,96505711295161,1517.03,1520.002
0,825,96505712128150,96505712126548,96505713296260,1168.11,1169.712
0,826,96505714478929,96505714477937,96505715533605,1054.676,1055.668
0,827,96505716438526,96505716437427,96505717904085,1465.559,1466.658
0,828,96505718789895,96505718788816,96505719810130,1020.235,1021.314
0,829,96505721141114,96505721140205,96505722158938,1017.824,1018.733
0,830,96505723100730,96505723099695,96505724945033,1844.303,1845.338
0,831,96505725452400,96505725451084,96505726298999,846.599,847.915
0,832,96505727803610,96505727802473,96505728851375,1047.765,1048.902
0,833,96505730154999,96505730153861,96505730804291,649.292,650.43
0,834,96505732114536,96505732113352,96505733498722,1384.186,1385.37
0,835,96505734465924,96505734464741,96505735110717,644.793,645.976
0,836,96505736817344,96505736816129,96505737346182,528.838,530.053
0,837,96505738776850,96505738775620,96505739786434,1009.584,1010.814
0,838,96505741128210,96505741127009,96505741790932,662.722,663.923
0,839,96505743479760,96505743478397,96505744545786,1066.026,1067.389
0,840,96505745438895,96505745437888,96505746839533,1400.638,1401.645
0,841,96505747790435,96505747789277,96505748657074,866.639,867.797
0,842,96505750141984,96505750140665,96505751547062,1405.078,1406.397
0,843,96505752101291,96505752100156,96505753566660,1465.369,1466.504
0,844,96505754452511,96505754451545,96505755376391,923.88,924.846
0,845,96505756804159,96505756802933,96505757249245,445.086,446.312
0,846,96505759155559,96505759154322,96505759936556,780.997,782.234
0,847,96505761114925,96505761113813,96505762276115,1161.19,1162.302
0,848,96505763466215,96505763465201,96505764405676,939.461,940.475
0,849,96505765817585,96505765816590,96505766556009,738.424,739.419
0,850,96505767777271,96505767776081,96505769154837,1377.566,1378.756
0,851,96505770128760,96505770127469,96505771319890,1191.13,1192.421
0,852,96505772480049,96505772478858,96505773412521,932.472,933.663
0,853,96505774439336,96505774438349,96505775569874,1130.538,1131.525
0,854,96505776790985,96505776789737,96505777706156,915.171,916.419
0,855,96505779142355,96505779141126,96505779759395,617.04,618.269
0,856,96505781101900,96505781100617,96505782619242,1517.342,1518.625
0,857,96505783452990,96505783452005,96505784364272,911.282,912.267
0,858,96505785804560,96505785803394,96505786392620,588.06,589.226
0,859,96505788156379,96505788154783,96505789080980,924.601,926.197
0,860,96505790115276,96505790114273,96505791825913,1710.637,1711.64
0,861,96505792466854,96505792465662,96505793017773,550.919,552.111
0,862,96505794818404,96505794817051,96505795960383,1141.979,1143.332
0,863,96505796777740,96505796776541,96505798659955,1882.215,1883.414
0,864,96505799128880,96505799127930,96505799580566,451.686,452.636
0,865,96505801480570,96505801479319,96505802292627,812.057,813.308
0,866,96505803439786,96505803438809,96505804740580,1300.794,1301.771
0,867,96505805791685,96505805790198,96505806721886,930.201,931.688
0,868,96505808143204,96505808141587,96505808944382,801.178,802.795
0,869,96505810102091,96505810101077,96505811578980,1476.889,1477.903
0,870,96505812453671,96505812452466,96505814222260,1768.589,1769.794
0,871,96505814805210,96505814803855,96505815701390,896.18,897.535
0,872,96505817156549,96505817155244,96505818524406,1367.857,1369.162
0,873,96505819115875,96505819114734,96505820643907,1528.032,1529.173
0,874,96505821467275,96505821466123,96505822355495,888.22,889.372
0,875,96505823818545,96505823817512,96505824984574,1166.029,1167.062
0,876,96505825778071,96505825777002,96505827454737,1676.666,1677.735
0,877,96505828129760,96505828128391,96505829461035,1331.275,1332.644
0,878,96505830480979,96505830479780,96505831174803,693.824,695.023
0,879,96505832440916,96505832439270,96505835173468,2732.552,2734.198
0,880,96505834791695,96505834790659,96505840587321,5795.626,5796.662
0,881,96505837142935,96505837142048,96505840587321,3444.386,3445.273
0,882,96505839102700,96505839101538,96505841052197,1949.497,1950.659
0,883,96505841453990,96505841452927,96505842562298,1108.308,1109.371
0,884,96505843805470,96505843804316,96505846007805,2202.335,2203.489
0,885,96505846157099,96505846155704,96505847870798,1713.699,1715.094
0,886,96505848116596,96505848115195,96505849810143,1693.547,1694.948
0,887,96505850467645,96505850466584,96505851505000,1037.355,1038.416
0,888,96505852818954,96505852817972,96505853941593,1122.639,1123.621
0,889,96505854778551,96505854777463,96505856557711,1779.16,1780.248
0,890,96505857129770,96505857128852,96505858118094,988.324,989.242
0,891,96505859481510,96505859480240,96505860624768,1143.258,1144.528
0,892,96505861442216,96505861439731,96505862765221,1323.005,1325.49
0,893,96505863792115,96505863791120,96505864502669,710.554,711.549
0,894,96505866144105,96505866142508,96505867439259,1295.154,1296.751
0,895,96505868103821,96505868101999,96505869146376,1042.555,1044.377
0,896,96505870455241,96505870453388,96505871365841,910.6,912.453
0,897,96505872806110,96505872804776,96505873856955,1050.845,1052.179
0,898,96505875157400,96505875156165,96505876197374,1039.974,1041.209
0,899,96505877116695,96505877115656,96505878488312,1371.617,1372.656
0,900,96505879468285,96505879467044,96505880435888,967.603,968.844
0,901,96505881819615,96505881818433,96505883011865,1192.25,1193.432
0,902,96505883779881,96505883777924,96505885231060,1451.179,1453.136
0,903,96505886130871,96505886129313,96505887285790,1154.919,1156.477
0,904,96505888482099,96505888480701,96505889513454,1031.355,1032.753
0,905,96505890441356,96505890440192,96505891895275,1453.919,1455.083
0,906,96505892792625,96505892791581,96505893955405,1162.78,1163.824
0,907,96505895144045,96505895142969,96505895834888,690.843,691.919
0,908,96505897103891,96505897102460,96505898280821,1176.93,1178.361
0,909,96505899455140,96505899453849,96505900165454,710.314,711.605
0,910,96505901806350,96505901805237,96505902915718,1109.368,1110.481
0,911,96505904157839,96505904156626,96505905352760,1194.921,1196.134
0,912,96505906117556,96505906116117,96505907519743,1402.187,1403.626
0,913,96505908468526,96505908467505,96505909559452,1090.926,1091.947
0,914,96505910820014,96505910818894,96505912037106,1217.092,1218.212
0,915,96505912779431,96505912778385,96505914535411,1755.98,1757.026
0,916,96505915133670,96505915129773,96505916370672,1237.002,1240.899
0,917,96505917485280,96505917481162,96505918012628,527.348,531.466
0,918,96505919446646,96505919440653,96505920996929,1550.283,1556.276
0,919,96505921795806,96505921792041,96505922457248,661.442,665.207
0,920,96505924146356,96505924143430,96505925191011,1044.655,1047.581
0,921,96505926106211,96505926102921,96505927599612,1493.401,1496.691
0,922,96505928457841,96505928454309,96505929126274,668.433,671.965
0,923,96505930809350,96505930805698,96505931642068,832.718,836.37
0,924,96505933160320,96505933157087,96505934634279,1473.959,1477.192
0,925,96505935119816,96505935116577,96505936510673,1390.857,1394.096
0,926,96505937471175,96505937467966,96505938040805,569.63,572.839
0,927,96505939822035,96505939819355,96505940930873,1108.838,1111.518
0,928,96505941782031,96505941778845,96505942975201,1193.17,1196.356
0,929,96505944133751,96505944130234,96505945235728,1101.977,1105.494
0,930,96505946484970,96505946481623,96505947328018,843.048,846.395
0,931,96505948445677,96505948441113,96505950044900,1599.223,1603.787
0,932,96505950795565,96505950792502,96505951919904,1124.339,1127.402
0,933,96505953147555,96505953143891,96505953836448,688.893,692.557
0,934,96505955107091,96505955103381,96505956307802,1200.711,1204.421
0,935,96505957457301,96505957454770,96505958160165,702.864,705.395
0,936,96505959809371,96505959806159,96505960556905,747.534,750.746
0,937,96505962160579,96505962157548,96505962806032,645.453,648.484
0,938,96505964119976,96505964117038,96505965258774,1138.798,1141.736
0,939,96505966471485,96505966468427,96505967321414,849.929,852.987
0,940,96505968822605,96505968819816,96505970002155,1179.55,1182.339
0,941,96505970781722,96505970779306,96505972121627,1339.905,1342.321
0,942,96505973133220,96505973130695,96505974286529,1153.309,1155.834
0,943,96505975484640,96505975482084,96505976620079,1135.439,1137.995
0,944,96505977444146,96505977441574,96505978596395,1152.249,1154.821
0,945,96505979795356,96505979792963,96505980900133,1104.777,1107.17
0,946,96505982146416,96505982144352,96505983206771,1060.355,1062.419
0,947,96505984106391,96505984103842,96505986018636,1912.245,1914.794
0,948,96505986458241,96505986455231,96505987275529,817.288,820.298
0,949,96505988810900,96505988806620,96505989630858,819.958,824.238
0,950,96505991160720,96505991158008,96505991967697,806.977,809.689
0,951,96505993120096,96505993117499,96505994248304,1128.208,1130.805
0,952,96505995471505,96505995468888,96505996337395,865.89,868.507
0,953,96505997827565,96505997820276,96505998597841,770.276,777.565
0,954,96505999783261,96505999779767,96506001154958,1371.697,1375.191
0,955,96506002135571,96506002131156,96506003112074,976.503,980.918
0,956,96506004485880,96506004482544,96506005317389,831.509,834.845
0,957,96506006445117,96506006442035,96506008160334,1715.217,1718.299
0,958,96506008796585,96506008793424,96506009416367,619.782,622.943
0,959,96506011148065,96506011144812,96506011954433,806.368,809.621
0,960,96506013108051,96506013104303,96506014981845,1873.794,1877.542
0,961,96506015458601,96506015455692,96506016535278,1076.677,1079.586
0,962,96506017810601,96506017807080,96506018695141,884.54,888.061
0,963,96506020161320,96506020158469,96506020987498,826.178,829.029
0,964,96506022121106,96506022117960,96506023548025,1426.919,1430.065
0,965,96506024472516,96506024469348,96506025311814,839.298,842.466
0,966,96506026823945,96506026820737,96506027811218,987.273,990.481
0,967,96506028783322,96506028780228,96506029996933,1213.611,1216.705
0,968,96506031134680,96506031131616,96506031920438,785.758,788.822
0,969,96506033484550,96506033483005,96506034438242,953.692,955.237
0,970,96506035443676,96506035442496,96506036956777,1513.101,1514.281
0,971,96506037794946,96506037793884,96506038742538,947.592,948.654
0,972,96506040146606,96506040145273,96506040868169,721.563,722.896
0,973,96506042106011,96506042104764,96506043082234,976.223,977.47
0,974,96506044457301,96506044456152,96506045173846,716.545,717.694
0,975,96506046808740,96506046807541,96506047885417,1076.677,1077.876
0,976,96506049159950,96506049158930,96506050268647,1108.697,1109.717
0,977,96506051119687,96506051118421,96506052465761,1346.074,1347.34
0,978,96506053470775,96506053469809,96506054295884,825.109,826.075
0,979,96506055822175,96506055821198,96506056629182,807.007,807.984
0,980,96506057781611,96506057780689,96506058875498,1093.887,1094.809
0,981,96506060133101,96506060132077,96506061580960,1447.859,1448.883
0,982,96506062484751,96506062483466,96506062839053,354.302,355.587
0,983,96506064444087,96506064442957,96506065611756,1167.669,1168.799
0,984,96506066795456,96506066794345,96506067934534,1139.078,1140.189
0,985,96506069146905,96506069145734,96506070252372,1105.467,1106.638
0,986,96506071106202,96506071105225,96506072547110,1440.908,1441.885
0,987,96506073457741,96506073456613,96506074227908,770.167,771.295
0,988,96506075809251,96506075808002,96506076718682,909.431,910.68
0,989,96506078160410,96506078159391,96506078979778,819.368,820.387
0,990,96506080119936,96506080118881,96506081361048,1241.112,1242.167
0,991,96506082471316,96506082470270,96506083580854,1109.538,1110.584
0,992,96506084822605,96506084821659,96506085981964,1159.359,1160.305
0,993,96506086782322,96506086781149,96506088568191,1785.869,1787.042
0,994,96506089134250,96506089132538,96506089846265,712.015,713.727
0,995,96506091485100,96506091483927,96506092638269,1153.169,1154.342
0,996,96506093444356,96506093443417,96506094959758,1515.402,1516.341
0,997,96506095795956,96506095794806,96506096422607,626.651,627.801
0,998,96506098147226,96506098146195,96506099186960,1039.734,1040.765
0,999,96506100106812,96506100105685,96506101262661,1155.849,1156.976
0,1000,96506102458051,96506102457074,96506103170115,712.064,713.041
0,1001,96506104809701,96506104808463,96506105366360,556.659,557.897
0,1002,96506107161240,96506107159851,96506108045830,884.59,885.979
0,1003,96506109120407,96506109119342,96506110601627,1481.22,1482.285
0,1004,96506111471766,96506111470731,96506112380027,908.261,909.296
0,1005,96506113823265,96506113822120,96506114601992,778.727,779.872
0,1006,96506115783151,96506115781610,96506116860538,1077.387,1078.928
0,1007,96506118134081,96506118132999,96506118927298,793.217,794.299
0,1008,96506120485741,96506120484388,96506121138392,652.651,654.004
0,1009,96506122445267,96506122443878,96506123742850,1297.583,1298.972
0,1010,96506124796186,96506124795267,96506125956225,1160.039,1160.958
0,1011,96506127148055,96506127146656,96506128277703,1129.648,1131.047
0,1012,96506129107432,96506129106146,96506130381235,1273.803,1275.089
0,1013,96506131458681,96506131457535,96506132561569,1102.888,1104.034
0,1014,96506133810371,96506133808924,96506134838326,1027.955,1029.402
0,1015,96506136161230,96506136160312,96506137238266,1077.036,1077.954
0,1016,96506138120886,96506138119803,96506139261585,1140.699,1141.782
0,1017,96506140472246,96506140471192,96506140994174,521.928,522.982
0,1018,96506142823515,96506142822580,96506143889322,1065.807,1066.742
0,1019,96506144783132,96506144782071,96506145883419,1100.287,1101.348
0,1020,96506147134581,96506147133460,96506148310401,1175.82,1176.941
0,1021,96506149485950,96506149484848,96506150547606,1061.656,1062.758
0,1022,96506151445377,96506151444339,96506152689729,1244.352,1245.39
0,1023,96506153796846,96506153795728,96506154951525,1154.679,1155.797
0,1024,96506156148166,96506156147116,96506156924042,775.876,776.926
0,1025,96506158107622,96506158106607,96506159130056,1022.434,1023.449
0,1026,96506160459021,96506160457996,96506161590850,1131.829,1132.854
0,1027,96506162810691,96506162809384,96506163703871,893.18,894.487
0,1028,96506165161970,96506165160773,96506165980588,818.618,819.815
0,1029,96506167121257,96506167120264,96506168064969,943.712,944.705
0,1030,96506169472666,96506169471652,96506170655556,1182.89,1183.904
0,1031,96506171824255,96506171823041,96506172681374,857.119,858.333
0,1032,96506173784201,96506173782532,96506175642085,1857.884,1859.553
0,1033,96506176134981,96506176133920,96506177342832,1207.851,1208.912
0,1034,96506178486681,96506178485309,96506179373560,886.879,888.251
0,1035,96506180445877,96506180444800,96506181926917,1481.04,1482.117
0,1036,96506182805746,96506182796188,96506183529731,723.985,733.543
0,1037,96506185148805,96506185147577,96506185959193,810.388,811.616
0,1038,96506187108402,96506187107068,96506188662145,1553.743,1555.077
0,1039,96506189459471,96506189458456,96506190499357,1039.886,1040.901
0,1040,96506191810991,96506191809845,96506192891328,1080.337,1081.483
0,1041,96506194162281,96506194161234,96506195147494,985.213,986.26
0,1042,96506196121576,96506196120724,96506197561365,1439.789,1440.641
0,1043,96506198473026,96506198472113,96506199188981,715.955,716.868
0,1044,96506200824515,96506200823502,96506201657564,833.049,834.062
0,1045,96506202784102,96506202782992,96506204182989,1398.887,1399.997
0,1046,96506205135572,96506205134381,96506206267379,1131.807,1132.998
0,1047,96506207486950,96506207485770,96506208430912,943.962,945.142
0,1048,96506209446227,96506209445260,96506210791802,1345.575,1346.542
0,1049,96506211798356,96506211796649,96506212613054,814.698,816.405
0,1050,96506214149136,96506214148038,96506214817508,668.372,669.47
0,1051,96506216108732,96506216107528,96506217695096,1586.364,1587.568
0,1052,96506218460192,96506218458917,96506219711114,1250.922,1252.197
0,1053,96506220811751,96506220810306,96506221884747,1072.996,1074.441
0,1054,96506223163190,96506223161695,96506223732570,569.38,570.875
0,1055,96506225122417,96506225121185,96506226744821,1622.404,1623.636
0,1056,96506227473806,96506227472574,96506228102017,628.211,629.443
0,1057,96506229825156,96506229823963,96506230634323,809.167,810.36
0,1058,96506231784491,96506231783453,96506233178919,1394.428,1395.466
0,1059,96506234135821,96506234134842,96506235156395,1020.574,1021.553
0,1060,96506236487351,96506236486231,96506237543896,1056.545,1057.665
0,1061,96506238446927,96506238445721,96506239619997,1173.07,1174.276
0,1062,96506240798157,96506240797110,96506241640135,841.978,843.025
0,1063,96506243149425,96506243148499,96506243913972,764.547,765.473
0,1064,96506245109442,96506245107989,96506246981735,1872.293,1873.746
0,1065,96506247460682,96506247459378,96506248362752,902.07,903.374
0,1066,96506249811841,96506249810767,96506250990821,1178.98,1180.054
0,1067,96506252163171,96506252162155,96506253871398,1708.227,1709.243
0,1068,96506254122767,96506254121646,96506255628427,1505.66,1506.781
0,1069,96506256474046,96506256473035,96506257758610,1284.564,1285.575
0,1070,96506258825436,96506258824423,96506259876171,1050.735,1051.748
0,1071,96506260785832,96506260783914,96506262626634,1840.802,1842.72
0,1072,96506263136632,96506263135303,96506264817648,1681.016,1682.345
0,1073,96506265488021,96506265486691,96506266076801,588.78,590.11
0,1074,96506267447237,96506267446182,96506268960518,1513.281,1514.336
0,1075,96506269798546,96506269797571,96506270247292,448.746,449.721
0,1076,96506272150086,96506272148959,96506273190311,1040.225,1041.352
0,1077,96506274109432,96506274108450,96506276013736,1904.304,1905.286
0,1078,96506276461442,96506276459839,96506277206526,745.084,746.687
0,1079,96506278812301,96506278811227,96506279900848,1088.547,1089.621
0,1080,96506281163780,96506281162616,96506282304509,1140.729,1141.893
0,1081,96506283123167,96506283122107,96506284897987,1774.82,1775.88
0,1082,96506285474416,96506285473496,96506286404018,929.602,930.522
0,1083,96506287825976,96506287824884,96506289066448,1240.472,1241.564
0,1084,96506289785742,96506289784375,96506291207060,1421.318,1422.685
0,1085,96506292136721,96506292135764,96506293925002,1788.281,1789.238
0,1086,96506294488271,96506294487152,96506295137753,649.482,650.601
0,1087,96506296447717,96506296446643,96506297858695,1410.978,1412.052
0,1088,96506298799737,96506298798032,96506301109864,2310.127,2311.832
0,1089,96506301150637,96506301149420,96506302580644,1430.007,1431.224
0,1090,96506303110142,96506303108911,96506304402466,1292.324,1293.555
0,1091,96506305461602,96506305460300,96506306287850,826.248,827.55
0,1092,96506307812961,96506307811688,96506308564526,751.565,752.838
0,1093,96506310164221,96506310163077,96506311135953,971.732,972.876
0,1094,96506312123497,96506312122568,96506313552475,1428.978,1429.907
0,1095,96506314474866,96506314473956,96506315594234,1119.368,1120.278
0,1096,96506316826306,96506316825345,96506317901152,1074.846,1075.807
0,1097,96506318786132,96506318784836,96506319979262,1193.13,1194.426
0,1098,96506321137462,96506321136224,96506322002661,865.199,866.437
0,1099,96506323488741,96506323487613,96506324489964,1001.223,1002.351
0,1100,96506325448098,96506325447104,96506327055102,1607.004,1607.998
0,1101,96506327799526,96506327798492,96506328923625,1124.099,1125.133
0,1102,96506330150956,96506330149881,96506331192011,1041.055,1042.13
0,1103,96506332110712,96506332109372,96506333669325,1558.613,1559.953
0,1104,96506334462372,96506334460760,96506335240748,778.376,779.988
0,1105,96506336813322,96506336812149,96506338111736,1298.414,1299.587
0,1106,96506339164490,96506339163538,96506339916786,752.296,753.248
0,1107,96506341124017,96506341123028,96506342526015,1401.998,1402.987
0,1108,96506343475336,96506343474417,96506344642436,1167.1,1168.019
0,1109,96506345826806,96506345825806,96506346634824,808.018,809.018
0,1110,96506347786863,96506347785296,96506348924971,1138.108,1139.675
0,1111,96506350137732,96506350136685,96506350752583,614.851,615.898
0,1112,96506352489251,96506352488074,96506353561048,1071.797,1072.974
0,1113,96506354448407,96506354447564,96506356051262,1602.855,1603.698
0,1114,96506356800017,96506356798953,96506357877023,1077.006,1078.07
0,1115,96506359151587,96506359150342,96506360051417,899.83,901.075
0,1116,96506361110893,96506361109832,96506362622414,1511.521,1512.582
0,1117,96506363462622,96506363461221,96506364241808,779.186,780.587
0,1118,96506365813781,96506365812610,96506366668010,854.229,855.4
0,1119,96506368165341,96506368163999,96506369097732,932.391,933.733
0,1120,96506370124617,96506370123489,96506371495074,1370.457,1371.585
0,1121,96506372476157,96506372474878,96506373412528,936.371,937.65
0,1122,96506374827266,96506374826267,96506375991105,1163.839,1164.838
0,1123,96506376786682,96506376785757,96506378329204,1542.522,1543.447
0,1124,96506379138562,96506379137146,96506379910828,772.266,773.682
0,1125,96506381489371,96506381488535,96506382465034,975.663,976.499
0,1126,96506383449168,96506383448025,96506385424104,1974.936,1976.079
0,1127,96506385801177,96506385799414,96506386867402,1066.225,1067.988
0,1128,96506388152286,96506388150803,96506389115859,963.573,965.056
0,1129,96506390111263,96506390110293,96506391543781,1432.518,1433.488
0,1130,96506392462472,96506392461682,96506393626222,1163.75,1164.54
0,1131,96506394814132,96506394813071,96506395600328,786.196,787.257
0,1132,96506397165820,96506397164459,96506398366791,1200.971,1202.332
0,1133,96506399124917,96506399123950,96506400580426,1455.509,1456.476
0,1134,96506401476347,96506401475339,96506403198055,1721.708,1722.716
0,1135,96506403828676,96506403826727,96506404717357,888.681,890.63
0,1136,96506405787333,96506405786218,96506407327314,1539.981,1541.096
0,1137,96506408138642,96506408137607,96506409108015,969.373,970.408
0,1138,96506410490291,96506410488995,96506411447173,956.882,958.178
0,1139,96506412449567,96506412448486,96506413516593,1067.026,1068.107
0,1140,96506414801017,96506414799875,96506415964136,1163.119,1164.261
0,1141,96506417152757,96506417151263,96506418588945,1436.188,1437.682
0,1142,96506419111633,96506419110754,96506420385546,1273.913,1274.792
0,1143,96506421463212,96506421462143,96506422832868,1369.656,1370.725
0,1144,96506423814731,96506423813531,96506424600458,785.727,786.927
0,1145,96506426166101,96506426164920,96506426863585,697.484,698.665
0,1146,96506428125367,96506428124411,96506429198253,1072.886,1073.842
0,1147,96506430477017,96506430475799,96506431551803,1074.786,1076.004
0,1148,96506432863107,96506432827188,96506435003240,2140.133,2176.052
0,1149,96506434790343,96506434786679,96506435976642,1186.299,1189.963
0,1150,96506437141572,96506437138067,96506438171346,1029.774,1033.279
0,1151,96506439492531,96506439489456,96506440163124,670.593,673.668
0,1152,96506441452738,96506441448947,96506442923117,1470.379,1474.17
0,1153,96506443803737,96506443800335,96506445005898,1202.161,1205.563
0,1154,96506446154836,96506446151724,96506447034606,879.77,882.882
0,1155,96506448114052,96506448111215,96506449453588,1339.536,1342.373
0,1156,96506450465392,96506450462603,96506451063043,597.651,600.44
0,1157,96506452816342,96506452813992,96506454067124,1250.782,1253.132
0,1158,96506455168441,96506455165381,96506456188616,1020.175,1023.235
0,1159,96506457127658,96506457124872,96506458534635,1406.977,1409.763
0,1160,96506459479077,96506459476260,96506460337596,858.519,861.336
0,1161,96506461830546,96506461827649,96506462626103,795.557,798.454
0,1162,96506463790053,96506463787140,96506465714918,1924.865,1927.778
0,1163,96506466141192,96506466138528,96506466900398,759.206,761.87
0,1164,96506468493252,96506468489917,96506469043891,550.639,553.974
0,1165,96506470452918,96506470449408,96506471880796,1427.878,1431.388
0,1166,96506472803797,96506472800796,96506474090840,1287.043,1290.044
0,1167,96506475154757,96506475152185,96506475875151,720.394,722.966
0,1168,96506477114583,96506477111676,96506478418607,1304.024,1306.931
0,1169,96506479466013,96506479463064,96506480682584,1216.571,1219.52
0,1170,96506481817342,96506481814453,96506482916049,1098.707,1101.596
0,1171,96506484168291,96506484165842,96506484864825,696.534,698.983
0,1172,96506486128817,96506486125332,96506487281566,1152.749,1156.234
0,1173,96506488479427,96506488476721,96506489106218,626.791,629.497
0,1174,96506490830927,96506490828110,96506492024547,1193.62,1196.437
0,1175,96506492790973,96506492787600,96506494237552,1446.579,1449.952
0,1176,96506495141792,96506495138989,96506495951429,809.637,812.44
0,1177,96506497493151,96506497490378,96506498949511,1456.36,1459.133
0,1178,96506499453088,96506499449868,96506501195657,1742.569,1745.789
0,1179,96506501803917,96506501801257,96506502551693,747.776,750.436
0,1180,96506504155627,96506504152646,96506505824753,1669.126,1672.107
0,1181,96506506115603,96506506112136,96506507262212,1146.609,1150.076
0,1182,96506508466512,96506508463525,96506509175656,709.144,712.131
0,1183,96506510817782,96506510814914,96506511983291,1165.509,1168.377
0,1184,96506513168942,96506513166302,96506514369422,1200.48,1203.12
0,1185,96506515128758,96506515125793,96506516510974,1382.216,1385.181
0,1186,96506517480898,96506517477182,96506518401979,921.081,924.797
0,1187,96506519831716,96506519828571,96506520637494,805.778,808.923
0,1188,96506521790563,96506521788061,96506523427318,1636.755,1639.257
0,1189,96506524142252,96506524139450,96506525203949,1061.697,1064.499
0,1190,96506526493542,96506526490839,96506527287369,793.827,796.53
0,1191,96506528453188,96506528450329,96506529543835,1090.647,1093.506
0,1192,96506530804917,96506530801718,96506531734919,930.002,933.201
0,1193,96506533157227,96506533153107,96506534399639,1242.412,1246.532
0,1194,96506535115273,96506535112597,96506536091806,976.533,979.209
0,1195,96506537467103,96506537463986,96506538183726,716.623,719.74
0,1196,96506539818702,96506539815375,96506540298278,479.576,482.903
0,1197,96506542169631,96506542166763,96506542756151,586.52,589.388
0,1198,96506544129507,96506544126254,96506545327358,1197.851,1201.104
0,1199,96506546480447,96506546477643,96506547524032,1043.585,1046.389
0,1200,96506548832267,96506548829031,96506549721086,888.819,892.055
0,1201,96506550791353,96506550788522,96506552438018,1646.665,1649.496
0,1202,96506553142562,96506553139911,96506554182957,1040.395,1043.046
0,1203,96506555494291,96506555491299,96506556509516,1015.225,1018.217
0,1204,96506557454048,96506557450790,96506558869106,1415.058,1418.316
0,1205,96506559805038,96506559802179,96506560931196,1126.158,1129.017
0,1206,96506562156467,96506562153567,96506562998045,841.578,844.478
0,1207,96506564116594,96506564113058,96506565362565,1245.971,1249.507
0,1208,96506566466632,96506566464447,96506567348522,881.89,884.075
0,1209,96506568818642,96506568815835,96506569527696,709.054,711.861
0,1210,96506571170782,96506571167224,96506572178575,1007.793,1011.351
0,1211,96506573129878,96506573126715,96506574493634,1363.756,1366.919
0,1212,96506575481168,96506575478103,96506576262353,781.185,784.25
0,1213,96506577831876,96506577829492,96506578982925,1151.049,1153.433
0,1214,96506579801663,96506579788983,96506580872109,1070.446,1083.126
0,1215,96506582143682,96506582140371,96506582803605,659.923,663.234
0,1216,96506584494472,96506584491760,96506585512416,1017.944,1020.656
0,1217,96506586454408,96506586451251,96506587635298,1180.89,1184.047
0,1218,96506588805868,96506588802639,96506589657826,851.958,855.187
0,1219,96506591157037,96506591154028,96506592159071,1002.034,1005.043
0,1220,96506593116743,96506593113519,96506594757859,1641.116,1644.34
0,1221,96506595468053,96506595464907,96506596797007,1328.954,1332.1
0,1222,96506597818992,96506597816296,96506598788505,969.513,972.209
0,1223,96506600170561,96506600167685,96506601265569,1095.008,1097.884
0,1224,96506602130557,96506602127175,96506603881187,1750.63,1754.012
0,1225,96506604481827,96506604478564,96506605551523,1069.696,1072.959
0,1226,96506606832657,96506606829953,96506607735408,902.751,905.455
0,1227,96506608792843,96506608789443,96506610278623,1485.78,1489.18
0,1228,96506611143823,96506611140832,96506611921079,777.256,780.247
0,1229,96506613494852,96506613492221,96506614161445,666.593,669.224
0,1230,96506615454878,96506615451711,96506616570256,1115.378,1118.545
0,1231,96506617806338,96506617803100,96506619018349,1212.011,1215.249
0,1232,96506620156977,96506620154489,96506621344528,1187.551,1190.039
0,1233,96506622116834,96506622113980,96506623845612,1728.778,1731.632
0,1234,96506624468693,96506624465368,96506625200057,731.364,734.689
0,1235,96506626819462,96506626816757,96506627969631,1150.169,1152.874
0,1236,96506629170762,96506629168146,96506630241827,1071.065,1073.681
0,1237,96506631130398,96506631127636,96506632747473,1617.075,1619.837
0,1238,96506633482108,96506633479025,96506634162190,680.082,683.165
0,1239,96506635833687,96506635830414,96506636688306,854.619,857.892
0,1240,96506637792963,96506637789904,96506639188990,1396.027,1399.086
0,1241,96506640144672,96506640141293,96506641310522,1165.85,1169.229
0,1242,96506642495732,96506642492682,96506643726653,1230.921,1233.971
0,1243,96506644454758,96506644452172,96506645868326,1413.568,1416.154
0,1244,96506646806438,96506646803561,96506647607805,801.367,804.244
0,1245,96506649158077,96506649154950,96506650312357,1154.28,1157.407
0,1246,96506651117003,96506651114440,96506652578902,1461.899,1464.462
0,1247,96506653468843,96506653465829,96506654209677,740.834,743.848
0,1248,96506655820342,96506655817218,96506656602959,782.617,785.741
0,1249,96506658172132,96506658168606,96506659070072,897.94,901.466
0,1250,96506660131148,96506660128097,96506661522485,1391.337,1394.388
0,1251,96506662482287,96506662479486,96506663652697,1170.41,1173.211
0,1252,96506664833967,96506664830874,96506665651465,817.498,820.591
0,1253,96506666793053,96506666790365,96506668536762,1743.709,1746.397
0,1254,96506669144433,96506669141754,96506669946830,802.397,805.076
0,1255,96506671494782,96506671493142,96506672399422,904.64,906.28
0,1256,96506673454318,96506673452633,96506674569556,1115.238,1116.923
0,1257,96506675805398,96506675804022,96506676898595,1093.197,1094.573
0,1258,96506678158717,96506678155410,96506679866505,1707.788,1711.095
0,1259,96506680118194,96506680114901,96506681669556,1551.362,1554.655
0,1260,96506682469123,96506682466290,96506683139805,670.682,673.515
0,1261,96506684820502,96506684817678,96506685827697,1007.195,1010.019
0,1262,96506687172432,96506687169067,96506688041441,869.009,872.374
0,1263,96506689131198,96506689128558,96506690346259,1215.061,1217.701
0,1264,96506691482838,96506691479947,96506692581404,1098.566,1101.457
0,1265,96506693834287,96506693831335,96506694647495,813.208,816.16
0,1266,96506695793773,96506695790826,96506696968933,1175.16,1178.107
0,1267,96506698145082,96506698142215,96506699355574,1210.492,1213.359
0,1268,96506700496372,96506700493603,96506701160084,663.712,666.481
0,1269,96506702456029,96506702453094,96506703891297,1435.268,1438.203
0,1270,96506704929262,96506704804483,96506705991688,1062.426,1187.205
0,1271,96506707158688,96506707155871,96506707917403,758.715,761.532
0,1272,96506709118453,96506709115362,96506710550772,1432.319,1435.41
0,1273,96506711469553,96506711466751,96506712596401,1126.848,1129.65
0,1274,96506713820823,96506713818139,96506714797306,976.483,979.167
0,1275,96506716172822,96506716169528,96506716959429,786.607,789.901
0,1276,96506718132219,96506718129019,96506719600097,1467.878,1471.078
0,1277,96506720483317,96506720480407,96506721474281,990.964,993.874
0,1278,96506722834697,96506722831796,96506723674526,839.829,842.73
0,1279,96506724794403,96506724791287,96506726076917,1282.514,1285.63
0,1280,96506727145643,96506727142675,96506727765083,619.44,622.408
0,1281,96506729497063,96506729494064,96506730503187,1006.124,1009.123
0,1282,96506731457169,96506731453555,96506732867867,1410.698,1414.312
0,1283,96506733807718,96506733804943,96506734582284,774.566,777.341
0,1284,96506736157477,96506736156332,96506736925784,768.307,769.452
0,1285,96506738116954,96506738115823,96506739967246,1850.292,1851.423
0,1286,96506740468274,96506740467211,96506741641052,1172.778,1173.841
0,1287,96506742819782,96506742818600,96506743495675,675.893,677.075
0,1288,96506745171112,96506745169989,96506746198607,1027.495,1028.618
0,1289,96506747130398,96506747129479,96506748949389,1818.991,1819.91
0,1290,96506749482178,96506749480868,96506750376418,894.24,895.55
0,1291,96506751833418,96506751832257,96506752700266,866.848,868.009
0,1292,96506753792773,96506753791747,96506755475021,1682.248,1683.274
0,1293,96506756144333,96506756143136,96506757288592,1144.259,1145.456
0,1294,96506758495692,96506758494525,96506759114364,618.672,619.839
0,1295,96506760455039,96506760454015,96506761779783,1324.744,1325.768
0,1296,96506762806438,96506762805404,96506763575294,768.856,769.89
0,1297,96506765157717,96506765156793,96506766029997,872.28,873.204
0,1298,96506767117163,96506767116283,96506768236322,1119.159,1120.039
0,1299,96506769468763,96506769467672,96506770385514,916.751,917.842
0,1300,96506771820523,96506771819061,96506772796416,975.893,977.355
0,1301,96506774171882,96506774170450,96506775637561,1465.679,1467.111
0,1302,96506776131249,96506776129940,96506777785645,1654.396,1655.705
0,1303,96506778482487,96506778481329,96506779112059,629.572,630.73
0,1304,96506780834157,96506780832718,96506782377489,1543.332,1544.771
0,1305,96506782793293,96506782792208,96506784710788,1917.495,1918.58
0,1306,96506785144463,96506785143597,96506786281211,1136.748,1137.614
0,1307,96506787496103,96506787494986,96506788177445,681.342,682.459
0,1308,96506789455458,96506789454476,96506790627018,1171.56,1172.542
0,1309,96506791806678,96506791805865,96506792387298,580.62,581.433
0,1310,96506794158288,96506794157254,96506795079609,921.321,922.355
0,1311,96506796118244,96506796116744,96506797545532,1427.288,1428.788
0,1312,96506798469264,96506798468133,96506798905558,436.294,437.425
0,1313,96506800820452,96506800819522,96506801902970,1082.518,1083.448
0,1314,96506803171842,96506803170910,96506803959409,787.567,788.499
0,1315,96506805131488,96506805130401,96506806277298,1145.81,1146.897
0,1316,96506807482588,96506807481790,96506808305136,822.548,823.346
0,1317,96506809833988,96506809833178,96506810861613,1027.625,1028.435
0,1318,96506811793654,96506811792669,96506813031006,1237.352,1238.337
0,1319,96506814144823,96506814144058,96506815051703,906.88,907.645
0,1320,96506816496322,96506816495446,96506817873309,1376.987,1377.863
0,1321,96506818456339,96506818454937,96506820592681,2136.342,2137.744
0,1322,96506820807658,96506820806326,96506822870988,2063.33,2064.662
0,1323,96506823158678,96506823157714,96506824430470,1271.792,1272.756
0,1324,96506825118053,96506825117205,96506826509111,1391.058,1391.906
0,1325,96506827469723,96506827468594,96506828264200,794.477,795.606
0,1326,96506829820913,96506829819982,96506830463164,642.251,643.182
0,1327,96506832172362,96506832171371,96506833285010,1112.648,1113.639
0,1328,96506834131749,96506834130862,96506835448903,1317.154,1318.041
0,1329,96506836483157,96506836482250,96506837168591,685.434,686.341
0,1330,96506838834497,96506838833639,96506839602223,767.726,768.584
0,1331,96506840794364,96506840793130,96506842308895,1514.531,1515.765
0,1332,96506843145563,96506843144518,96506844286172,1140.609,1141.654
0,1333,96506845496903,96506845495907,96506846518447,1021.544,1022.54
0,1334,96506847456459,96506847455398,96506849002201,1545.742,1546.803
0,1335,96506849807598,96506849806786,96506850564894,757.296,758.108
0,1336,96506852159128,96506852158175,96506853205553,1046.425,1047.378
0,1337,96506854119014,96506854117666,96506855245452,1126.438,1127.786
0,1338,96506856470104,96506856469055,96506857281801,811.697,812.746
0,1339,96506858821873,96506858820443,96506859515496,693.623,695.053
0,1340,96506861172762,96506861171832,96506861974630,801.868,802.798
0,1341,96506863132358,96506863131323,96506864619749,1487.391,1488.426
0,1342,96506865484278,96506865482711,96506867202446,1718.168,1719.735
0,1343,96506867835368,96506867834100,96506869082620,1247.252,1248.52
0,1344,96506869794444,96506869793591,96506871119989,1325.545,1326.398
0,1345,96506872146283,96506872144979,96506872994732,848.449,849.753
0,1346,96506874497262,96506874496368,96506875328621,831.359,832.253
0,1347,96506876456759,96506876455859,96506877686830,1230.071,1230.971
0,1348,96506878808198,96506878807247,96506879592055,783.857,784.808
0,1349,96506881159358,96506881158636,96506882226994,1067.636,1068.358
0,1350,96506883119235,96506883118127,96506885086401,1967.166,1968.274
0,1351,96506885470873,96506885469515,96506886445267,974.394,975.752
0,1352,96506887822683,96506887820904,96506888981872,1159.189,1160.968
0,1353,96506890173213,96506890172293,96506891216388,1043.175,1044.095
0,1354,96506892132899,96506892131783,96506893195875,1062.976,1064.092
0,1355,96506894483959,96506894483172,96506895706599,1222.64,1223.427
0,1356,96506896835267,96506896834561,96506897646905,811.638,812.344
0,1357,96506898795744,96506898794051,96506900178271,1382.527,1384.22
0,1358,96506901146383,96506901145440,96506901848447,702.064,703.007
0,1359,96506903497673,96506903496829,96506904648532,1150.859,1151.703
0,1360,96506905457219,96506905456319,96506906997141,1539.922,1540.822
0,1361,96506907812639,96506907807708,96506908660607,847.968,852.899
0,1362,96506910159938,96506910159097,96506911406800,1246.862,1247.703
0,1363,96506912119584,96506912118587,96506913464070,1344.486,1345.483
0,1364,96506914470844,96506914469976,96506915269761,798.917,799.785
0,1365,96506916822503,96506916821365,96506917905110,1082.607,1083.745
0,1366,96506919173693,96506919172754,96506920234308,1060.615,1061.554
0,1367,96506921133608,96506921132244,96506922927850,1794.242,1795.606
0,1368,96506923484698,96506923483633,96506924162041,677.343,678.408
0,1369,96506925835918,96506925835022,96506926468420,632.502,633.398
0,1370,96506927795444,96506927794512,96506928889571,1094.127,1095.059
0,1371,96506930146934,96506930145901,96506930569338,422.404,423.437
0,1372,96506932498192,96506932497290,96506933244228,746.036,746.938
0,1373,96506934457639,96506934456780,96506936307022,1849.383,1850.242
0,1374,96506936809059,96506936808169,96506937996349,1187.29,1188.18
0,1375,96506939160378,96506939159558,96506941994964,2834.586,2835.406
0,1376,96506941120145,96506941119048,96506943585588,2465.443,2466.54
0,1377,96506943472044,96506943470437,96506946123334,2651.29,2652.897
0,1378,96506945823903,96506945821826,96506949320142,3496.239,3498.316
0,1379,96506948175273,96506948173214,96506949972364,1797.091,1799.15
0,1380,96506950134859,96506950132705,96506953926807,3791.948,3794.102
0,1381,96506952486589,96506952484094,96506956588647,4102.058,4104.553
0,1382,96506954838848,96506954835482,96506958862394,4023.546,4026.912
0,1383,96506956797364,96506956794973,96506960581662,3784.298,3786.689
0,1384,96506959148313,96506959146362,96506964751663,5603.35,5605.301
0,1385,96506961500273,96506961497750,96506964751663,3251.39,3253.913
0,1386,96506963459429,96506963457241,96506966021986,2562.557,2564.745
0,1387,96506965810629,96506965808630,96506970922862,5112.233,5114.232
0,1388,96506968162068,96506968160018,96506970922862,2760.794,2762.844
0,1389,96506970121954,96506970119509,96506976552082,6430.128,6432.573
0,1390,96506972473234,96506972470898,96506976552082,4078.848,4081.184
0,1391,96506974824183,96506974822286,96506977329918,2505.735,2507.632
0,1392,96506977176263,96506977173675,96506979491411,2315.148,2317.736
0,1393,96506979135799,96506979133166,96506982636517,3500.718,3503.351
0,1394,96506981487218,96506981484554,96506983295160,1807.942,1810.606
0,1395,96506983837148,96506983835943,96506985611588,1774.44,1775.645
0,1396,96506985797014,96506985795434,96506987907625,2110.611,2112.191
0,1397,96506988148314,96506988146822,96506989335754,1187.44,1188.932
0,1398,96506990499494,96506990498211,96506991868769,1369.275,1370.558
0,1399,96506992458939,96506992457702,96506994421475,1962.536,1963.773
0,1400,96506994810459,96506994809090,96506996117083,1306.624,1307.993
0,1401,96506997162138,96506997160479,96506998239795,1077.657,1079.316
0,1402,96506999121385,96506999119970,96507001091231,1969.846,1971.261
0,1403,96507001472104,96507001471358,96507003331906,1859.802,1860.548
0,1404,96507003823753,96507003822747,96507005795860,1972.107,1973.113
0,1405,96507006175293,96507006174136,96507007404644,1229.351,1230.508
0,1406,96507008134419,96507008133626,96507010040963,1906.544,1907.337
0,1407,96507010485789,96507010485015,96507012082962,1597.173,1597.947
0,1408,96507012837598,96507012836404,96507013850522,1012.924,1014.118
0,1409,96507014796824,96507014795894,96507016997079,2200.255,2201.185
0,1410,96507017148113,96507017147283,96507018456068,1307.955,1308.785
0,1411,96507019499683,96507019498672,96507020557899,1058.216,1059.227
0,1412,96507021458849,96507021458162,96507022898058,1439.209,1439.896
0,1413,96507023810449,96507023809551,96507024887806,1077.357,1078.255
0,1414,96507026162178,96507026160940,96507029251733,3089.555,3090.793
0,1415,96507028121874,96507028120431,96507030013259,1891.385,1892.828
0,1416,96507030472594,96507030471819,96507031510459,1037.865,1038.64
0,1417,96507032824483,96507032823208,96507034128457,1303.974,1305.249
0,1418,96507035175503,96507035174597,96507036039482,863.979,864.885
0,1419,96507037135060,96507037134087,96507038207785,1072.725,1073.698
0,1420,96507039486508,96507039485476,96507040215083,728.575,729.607
0,1421,96507041837668,96507041836865,96507042693787,856.119,856.922
0,1422,96507043797154,96507043796355,96507045283554,1486.4,1487.199
0,1423,96507046148764,96507046147744,96507047380785,1232.021,1233.041
0,1424,96507048500044,96507048499133,96507049249119,749.075,749.986
0,1425,96507050459769,96507050458623,96507051889108,1429.339,1430.485
0,1426,96507052810839,96507052810012,96507053731410,920.571,921.398
0,1427,96507055162118,96507055161401,96507056314497,1152.379,1153.096
0,1428,96507057121585,96507057120891,96507058463960,1342.375,1343.069
0,1429,96507059474004,96507059472280,96507060335183,861.179,862.903
0,1430,96507061824593,96507061823669,96507063088017,1263.424,1264.348
0,1431,96507064176493,96507064175057,96507065244349,1067.856,1069.292
0,1432,96507066135449,96507066134548,96507067601059,1465.61,1466.511
0,1433,96507068486659,96507068485937,96507069739671,1253.012,1253.734
0,1434,96507070838258,96507070837325,96507071882624,1044.366,1045.299
0,1435,96507072797805,96507072796816,96507073928983,1131.178,1132.167
0,1436,96507075149183,96507075148205,96507075737693,588.51,589.488
0,1437,96507077500733,96507077499593,96507078142164,641.431,642.571
0,1438,96507079459830,96507079459084,96507080889408,1429.578,1430.324
0,1439,96507081811399,96507081810473,96507083025870,1214.471,1215.397
0,1440,96507084162939,96507084161861,96507084988116,825.177,826.255
0,1441,96507086122334,96507086121352,96507087288125,1165.791,1166.773
0,1442,96507088473604,96507088472741,96507088972171,498.567,499.43
0,1443,96507090825044,96507090824130,96507092096677,1271.633,1272.547
0,1444,96507093176363,96507093175518,96507094148946,972.583,973.428
0,1445,96507095135750,96507095135009,96507096364111,1228.361,1229.102
0,1446,96507097487178,96507097486398,96507098587526,1100.348,1101.128
0,1447,96507099844359,96507099837786,96507100906724,1062.365,1068.938
0,1448,96507101798484,96507101797277,96507103104689,1306.205,1307.412
0,1449,96507104149464,96507104148666,96507104813716,664.252,665.05
0,1450,96507106501474,96507106500054,96507107455086,953.612,955.032
0,1451,96507108460400,96507108459545,96507109707631,1247.231,1248.086
0,1452,96507110811749,96507110810934,96507111856365,1044.616,1045.431
0,1453,96507113163468,96507113162322,96507114048848,885.38,886.526
0,1454,96507115123045,96507115121813,96507116852433,1729.388,1730.62
0,1455,96507117474084,96507117473202,96507118204359,730.275,731.157
0,1456,96507119825304,96507119824590,96507120848258,1022.954,1023.668
0,1457,96507122176853,96507122175979,96507123119105,942.252,943.126
0,1458,96507124136239,96507124135470,96507125580548,1444.309,1445.078
0,1459,96507126487749,96507126486858,96507127669728,1181.979,1182.87
0,1460,96507128839198,96507128838247,96507129942046,1102.848,1103.799
0,1461,96507130798545,96507130797738,96507132286925,1488.38,1489.187
0,1462,96507133149964,96507133149126,96507134310253,1160.289,1161.127
0,1463,96507135501343,96507135500515,96507136178416,677.073,677.901
0,1464,96507137460890,96507137460006,96507138764593,1303.703,1304.587
0,1465,96507139812189,96507139811394,96507140565054,752.865,753.66
0,1466,96507142163569,96507142162783,96507143194464,1030.895,1031.681
0,1467,96507144123275,96507144122274,96507145481000,1357.725,1358.726
0,1468,96507146474694,96507146473662,96507147256211,781.517,782.549
0,1469,96507148825944,96507148825051,96507149787127,961.183,962.076
0,1470,96507151177463,96507151176440,96507152602671,1425.208,1426.231
0,1471,96507153136790,96507153135930,96507154082691,945.901,946.761
0,1472,96507155488079,96507155487319,96507156554895,1066.816,1067.576
0,1473,96507157839588,96507157838708,96507158828662,989.074,989.954
0,1474,96507159799174,96507159798198,96507161097158,1297.984,1298.96
0,1475,96507162150394,96507162149587,96507163186620,1036.226,1037.033
0,1476,96507164501854,96507164500976,96507165155086,653.232,654.11
0,1477,96507166461410,96507166460466,96507167875618,1414.208,1415.152
0,1478,96507168813680,96507168811855,96507169705929,892.249,894.074
0,1479,96507171164228,96507171163244,96507172215804,1051.576,1052.56
0,1480,96507173123895,96507173122734,96507174684557,1560.662,1561.823
0,1481,96507175474994,96507175474123,96507176767878,1292.884,1293.755
0,1482,96507177826324,96507177825512,96507178708234,881.91,882.722
0,1483,96507180177853,96507180176901,96507181046202,868.349,869.301
0,1484,96507182138099,96507182136391,96507183218537,1080.438,1082.146
0,1485,96507184488439,96507184487780,96507185604907,1116.468,1117.127
0,1486,96507186839929,96507186839169,96507187867073,1027.144,1027.904
0,1487,96507188799555,96507188798659,96507190623226,1823.671,1824.567
0,1488,96507191151065,96507191150048,96507192292463,1141.398,1142.415
0,1489,96507193502373,96507193501437,96507194220698,718.325,719.261
0,1490,96507195461770,96507195460927,96507196654020,1192.25,1193.093
0,1491,96507197813739,96507197812316,96507198889586,1075.847,1077.27
0,1492,96507200164599,96507200163705,96507201007258,842.659,843.553
0,1493,96507202124205,96507202123195,96507203528282,1404.077,1405.087
0,1494,96507204475485,96507204474584,96507205921193,1445.708,1446.609
0,1495,96507206826734,96507206825973,96507208108537,1281.803,1282.564
0,1496,96507209178193,96507209177361,96507209954199,776.006,776.838
0,1497,96507211137820,96507211136852,96507212764615,1626.795,1627.763
0,1498,96507213488859,96507213488241,96507214599066,1110.207,1110.825
0,1499,96507215840438,96507215839629,96507216758179,917.741,918.55
0,1500,96507217799874,96507217799120,96507219204162,1404.288,1405.042
0,1501,96507220151654,96507220150509,96507221067785,916.131,917.276
0,1502,96507222502674,96507222501897,96507223395754,893.08,893.857
0,1503,96507224462180,96507224461388,96507225946490,1484.31,1485.102
0,1504,96507226813620,96507226812777,96507227913166,1099.546,1100.389
0,1505,96507229165378,96507229164165,96507230099911,934.533,935.746
0,1506,96507231124885,96507231123656,96507232385678,1260.793,1262.022
0,1507,96507233476385,96507233475045,96507234911683,1435.298,1436.638
0,1508,96507235827514,96507235826433,96507236324300,496.786,497.867
0,1509,96507238178584,96507238177822,96507239298771,1120.187,1120.949
0,1510,96507240138049,96507240137313,96507241085262,947.213,947.949
0,1511,96507242489799,96507242488701,96507243579346,1089.547,1090.645
0,1512,96507244840679,96507244840090,96507246105661,1264.982,1265.571
0,1513,96507246800455,96507246799581,96507248254194,1453.739,1454.613
0,1514,96507249151915,96507249150969,96507250458958,1307.043,1307.989
0,1515,96507251503153,96507251502358,96507252732346,1229.193,1229.988
0,1516,96507253462590,96507253461849,96507255327343,1864.753,1865.494
0,1517,96507255814799,96507255813237,96507256557905,743.106,744.668
0,1518,96507258165579,96507258164626,96507258971007,805.428,806.381
0,1519,96507260124985,96507260124117,96507261259753,1134.768,1135.636
0,1520,96507262476505,96507262475506,96507263473818,997.313,998.312
0,1521,96507264827734,96507264826894,96507265979743,1152.009,1152.849
0,1522,96507267179033,96507267178283,96507267836436,657.403,658.153
0,1523,96507269138690,96507269137774,96507270592279,1453.589,1454.505
0,1524,96507271489939,96507271489162,96507272582896,1092.957,1093.734
0,1525,96507273841819,96507273840551,96507274563364,721.545,722.813
0,1526,96507275800935,96507275800042,96507277196242,1395.307,1396.2
0,1527,96507278152274,96507278151430,96507278825077,672.803,673.647
0,1528,96507280504374,96507280502819,96507281648092,1143.718,1145.273
0,1529,96507282463030,96507282462310,96507284035513,1572.483,1573.203
0,1530,96507284814540,96507284813698,96507285878585,1064.045,1064.887
0,1531,96507287166680,96507287165087,96507288339768,1173.088,1174.681
0,1532,96507289125905,96507289124578,96507290711559,1585.654,1586.981
0,1533,96507291476925,96507291475966,96507292602973,1126.048,1127.007
0,1534,96507293828214,96507293827355,96507294600220,772.006,772.865
0,1535,96507296179454,96507296178744,96507297061234,881.78,882.49
0,1536,96507298138910,96507298138234,96507299309289,1170.379,1171.055
0,1537,96507300490759,96507300489623,96507301286926,796.167,797.303
0,1538,96507302841679,96507302841012,96507303953657,1111.978,1112.645
0,1539,96507304801105,96507304800502,96507306085299,1284.194,1284.797
0,1540,96507307152945,96507307151891,96507308104326,951.381,952.435
0,1541,96507309504014,96507309503280,96507310235158,731.144,731.878
0,1542,96507311463690,96507311462770,96507312921929,1458.239,1459.159
0,1543,96507313814849,96507313814159,96507314802713,987.864,988.554
0,1544,96507316166469,96507316165548,96507317015518,849.049,849.97
0,1545,96507318126005,96507318125038,96507319321705,1195.7,1196.667
0,1546,96507320477615,96507320476427,96507322270715,1793.1,1794.288
0,1547,96507322829145,96507322827816,96507324236132,1406.987,1408.316
0,1548,96507325180593,96507325179205,96507326910542,1729.949,1731.337
0,1549,96507327139830,96507327138695,96507328351571,1211.741,1212.876
0,1550,96507329491239,96507329490084,96507330739802,1248.563,1249.718
0,1551,96507331842559,96507331841473,96507333069801,1227.242,1228.328
0,1552,96507333802466,96507333800963,96507335689989,1887.523,1889.026
0,1553,96507336153414,96507336152352,96507337508480,1355.066,1356.128
0,1554,96507338505274,96507338503741,96507339325712,820.438,821.971
0,1555,96507340464570,96507340463231,96507342023693,1559.123,1560.462
0,1556,96507342815710,96507342814620,96507344516928,1701.218,1702.308
0,1557,96507345166690,96507345166009,96507346478454,1311.764,1312.445
0,1558,96507347126675,96507347125499,96507348763921,1637.246,1638.422
0,1559,96507349477615,96507349476888,96507351191543,1713.928,1714.655
0,1560,96507351829304,96507351828277,96507352874559,1045.255,1046.282
0,1561,96507354180464,96507354179665,96507354843706,663.242,664.041
0,1562,96507356140480,96507356139156,96507357984592,1844.112,1845.436
0,1563,96507358491329,96507358490545,96507359040748,549.419,550.203
0,1564,96507360843109,96507360841933,96507361527872,684.763,685.939
0,1565,96507362802255,96507362801424,96507364221613,1419.358,1420.189
0,1566,96507365153635,96507365152813,96507365877879,724.244,725.066
0,1567,96507367505194,96507367504201,96507368571960,1066.766,1067.759
0,1568,96507369464701,96507369463692,96507371263151,1798.45,1799.459
0,1569,96507371815879,96507371815081,96507373236888,1421.009,1421.807
0,1570,96507374167219,96507374166469,96507375600858,1433.639,1434.389
0,1571,96507376126696,96507376125960,96507377861615,1734.919,1735.655
0,1572,96507378478065,96507378477349,96507379817820,1339.755,1340.471
0,1573,96507380829455,96507380828737,96507381455366,625.911,626.629
0,1574,96507383181044,96507383180126,96507384137756,956.712,957.63
0,1575,96507385140870,96507385139617,96507386156304,1015.434,1016.687
0,1576,96507387491740,96507387491005,96507388603667,1111.927,1112.662
0,1577,96507389843909,96507389842394,96507390824772,980.863,982.378
0,1578,96507391803006,96507391801885,96507393154311,1351.305,1352.426
0,1579,96507394154075,96507394153273,96507394904750,750.675,751.477
0,1580,96507396505414,96507396504662,96507397001021,495.607,496.359
0,1581,96507398464850,96507398464153,96507399581828,1116.978,1117.675
0,1582,96507400816280,96507400815541,96507401570715,754.435,755.174
0,1583,96507403167950,96507403166930,96507403792351,624.401,625.421
0,1584,96507405127986,96507405126421,96507406313445,1185.459,1187.024
0,1585,96507407478685,96507407477809,96507409162402,1683.717,1684.593
0,1586,96507409830364,96507409829198,96507411577304,1746.94,1748.106
0,1587,96507412181594,96507412180587,96507413743336,1561.742,1562.749
0,1588,96507414141030,96507414140077,96507416043425,1902.395,1903.348
0,1589,96507416492950,96507416491466,96507417428041,935.091,936.575
0,1590,96507418843759,96507418842855,96507420093611,1249.852,1250.756
0,1591,96507420803435,96507420802345,96507422292796,1489.361,1490.451
0,1592,96507423155315,96507423153734,96507424990317,1835.002,1836.583
0,1593,96507425506234,96507425505123,96507427307545,1801.311,1802.422
0,1594,96507427465771,96507427464614,96507429452338,1986.567,1987.724
0,1595,96507429817491,96507429816002,96507431475166,1657.675,1659.164
0,1596,96507432171170,96507432167391,96507433040599,869.429,873.208
0,1597,96507434130655,96507434126882,96507435240723,1110.068,1113.841
0,1598,96507436482085,96507436478270,96507437494940,1012.855,1016.67
0,1599,96507438833555,96507438829659,96507439835599,1002.044,1005.94
0,1600,96507441182475,96507441181048,96507442179768,997.293,998.72
0,1601,96507443141600,96507443140538,96507444962992,1821.392,1822.454
0,1602,96507445492640,96507445491927,96507446532525,1039.885,1040.598
0,1603,96507447844099,96507447843316,96507451149691,3305.592,3306.375
0,1604,96507449803776,96507449802806,96507452309830,2506.054,2507.024
0,1605,96507452155255,96507452154195,96507454088780,1933.525,1934.585
0,1606,96507454507194,96507454505584,96507455784388,1277.194,1278.804
0,1607,96507456466960,96507456465074,96507458360715,1893.755,1895.641
0,1608,96507458817350,96507458816463,96507460184997,1367.647,1368.534
0,1609,96507461169330,96507461167852,96507461910894,741.564,743.042
0,1610,96507463128376,96507463127342,96507464565274,1436.898,1437.932
0,1611,96507465479505,96507465478731,96507466447018,967.513,968.287
0,1612,96507467830874,96507467830120,96507468686424,855.55,856.304
0,1613,96507470182354,96507470181508,96507471000462,818.108,818.954
0,1614,96507472141631,96507472140999,96507473575569,1433.938,1434.57
0,1615,96507474493560,96507474492388,96507475418761,925.201,926.373
0,1616,96507476844760,96507476843776,96507478487425,1642.665,1643.649
0,1617,96507478804145,96507478803267,96507479923084,1118.939,1119.817
0,1618,96507481155955,96507481154656,96507482072096,916.141,917.44
0,1619,96507483507035,96507483506044,96507484549670,1042.635,1043.626
0,1620,96507485466541,96507485465535,96507486913000,1446.459,1447.465
0,1621,96507487817951,96507487816924,96507489567099,1749.148,1750.175
0,1622,96507490169069,96507490168313,96507491041980,872.911,873.667
0,1623,96507492128426,96507492127803,96507493244683,1116.257,1116.88
0,1624,96507494479995,96507494479192,96507495959856,1479.861,1480.664
0,1625,96507496831545,96507496830581,96507497744495,912.95,913.914
0,1626,96507499182855,96507499181969,96507500555811,1372.956,1373.842
0,1627,96507501142450,96507501141460,96507502231557,1089.107,1090.097
0,1628,96507503493550,96507503492849,96507504469883,976.333,977.034
0,1629,96507505844899,96507505844237,96507507372101,1527.202,1527.864
0,1630,96507507804846,96507507803728,96507509648778,1843.932,1845.05
0,1631,96507510155995,96507510155117,96507511904544,1748.549,1749.427
0,1632,96507512507675,96507512506505,96507514303125,1795.45,1796.62
0,1633,96507514466810,96507514465996,96507516850462,2383.652,2384.466
0,1634,96507516819020,96507516817385,96507517909187,1090.167,1091.802
0,1635,96507519171940,96507519168773,96507520334509,1162.569,1165.736
0,1636,96507521131466,96507521128264,96507522688119,1556.653,1559.855
0,1637,96507523483066,96507523479653,96507525278766,1795.7,1799.113
0,1638,96507525833755,96507525831041,96507526951793,1118.038,1120.752
0,1639,96507528185414,96507528182430,96507529060134,874.72,877.704
0,1640,96507530144680,96507530141921,96507532023474,1878.794,1881.553
0,1641,96507532496100,96507532493309,96507533670750,1174.65,1177.441
0,1642,96507534847970,96507534844698,96507536220876,1372.906,1376.178
0,1643,96507536806776,96507536804189,96507537904323,1097.547,1100.134
0,1644,96507539158565,96507539155577,96507539894010,735.445,738.433
0,1645,96507541509885,96507541506966,96507542736306,1226.421,1229.34
0,1646,96507543468951,96507543466457,96507544591359,1122.408,1124.902
0,1647,96507545822770,96507545817845,96507546628828,806.058,810.983
0,1648,96507548172410,96507548169234,96507549236776,1064.366,1067.542
0,1649,96507550131346,96507550128725,96507551064118,932.772,935.393
0,1650,96507552482715,96507552480113,96507553913934,1431.219,1433.821
0,1651,96507554834645,96507554831502,96507555932003,1097.358,1100.501
0,1652,96507557185505,96507557182891,96507557976331,790.826,793.44
0,1653,96507559145321,96507559142381,96507560596260,1450.939,1453.879
0,1654,96507561496701,96507561493770,96507562688581,1191.88,1194.811
0,1655,96507563847939,96507563845159,96507565355850,1507.911,1510.691
0,1656,96507565807476,96507565804649,96507567565536,1758.06,1760.887
0,1657,96507568159245,96507568156038,96507569097878,938.633,941.84
0,1658,96507570510455,96507570507427,96507571565631,1055.176,1058.204
0,1659,96507572469811,96507572466917,96507573637441,1167.63,1170.524
0,1660,96507574821030,96507574818306,96507575603677,782.647,785.371
0,1661,96507577172770,96507577169695,96507578608238,1435.468,1438.543
0,1662,96507579132606,96507579129185,96507580523024,1390.418,1393.839
0,1663,96507581482896,96507581480574,96507582897913,1415.017,1417.339
0,1664,96507583835305,96507583831963,96507584962244,1126.939,1130.281
0,1665,96507586186084,96507586183352,96507586932449,746.365,749.097
0,1666,96507588145651,96507588142842,96507589226527,1080.876,1083.685
0,1667,96507590497180,96507590494231,96507591303798,806.618,809.567
0,1668,96507592848430,96507592845620,96507593812473,964.043,966.853
0,1669,96507594807626,96507594805110,96507596596867,1789.241,1791.757
0,1670,96507597159236,96507597156499,96507597911691,752.455,755.192
0,1671,96507599510675,96507599507888,96507600383575,872.9,875.687
0,1672,96507601470891,96507601467378,96507602678682,1207.791,1211.304
0,1673,96507603821591,96507603818767,96507604718371,896.78,899.604
0,1674,96507606172590,96507606170156,96507607350970,1178.38,1180.814
0,1675,96507608132417,96507608129646,96507609632577,1500.16,1502.931
0,1676,96507610484015,96507610481035,96507611439408,955.393,958.373
0,1677,96507612835535,96507612832424,96507613937612,1102.077,1105.188
0,1678,96507615186685,96507615183812,96507616298773,1112.088,1114.961
0,1679,96507617147151,96507617143303,96507618545718,1398.567,1402.415
0,1680,96507619497581,96507619494692,96507620644749,1147.168,1150.057
0,1681,96507621849089,96507621846080,96507622952878,1103.789,1106.798
0,1682,96507623826277,96507623805571,96507625226384,1400.107,1420.813
0,1683,96507626160195,96507626156960,96507626808177,647.982,651.217
0,1684,96507628510885,96507628508348,96507629345643,834.758,837.295
0,1685,96507630470182,96507630467839,96507631850688,1380.506,1382.849
0,1686,96507632822131,96507632819228,96507633659729,837.598,840.501
0,1687,96507635173190,96507635170616,96507635904835,731.645,734.219
0,1688,96507637132766,96507637130107,96507638512703,1379.937,1382.596
0,1689,96507639484176,96507639481496,96507640997057,1512.881,1515.561
0,1690,96507641835726,96507641832884,96507642949163,1113.437,1116.279
0,1691,96507644186915,96507644184273,96507644804726,617.811,620.453
0,1692,96507646147311,96507646143764,96507647701883,1554.572,1558.119
0,1693,96507648498270,96507648495152,96507649310737,812.467,815.585
0,1694,96507650849400,96507650846541,96507651869564,1020.164,1023.023
0,1695,96507652828656,96507652806032,96507654237974,1409.318,1431.942
0,1696,96507655160426,96507655157420,96507655987093,826.667,829.673
0,1697,96507657511835,96507657508809,96507658202179,690.344,693.37
0,1698,96507659471641,96507659468300,96507660794526,1322.885,1326.226
0,1699,96507661822971,96507661819689,96507662928218,1105.247,1108.529
0,1700,96507664174230,96507664171077,96507665587068,1412.838,1415.991
0,1701,96507666132917,96507666130568,96507667572235,1439.318,1441.667
0,1702,96507668484325,96507668481957,96507670236365,1752.04,1754.408
0,1703,96507670836095,96507670833345,96507671603621,767.526,770.276
0,1704,96507673187865,96507673184734,96507674005363,817.498,820.629
0,1705,96507675150921,96507675144225,96507676571479,1420.558,1427.254
0,1706,96507677499071,96507677495613,96507678634229,1135.158,1138.616
0,1707,96507679849720,96507679847002,96507680567514,717.794,720.512
0,1708,96507681809336,96507681806493,96507683557105,1747.769,1750.612
0,1709,96507684161025,96507684157881,96507685338705,1177.68,1180.824
0,1710,96507686512505,96507686509270,96507687122046,609.541,612.776
0,1711,96507688471262,96507688468761,96507689805697,1334.435,1336.936
0,1712,96507690822411,96507690820149,96507692054902,1232.491,1234.753
0,1713,96507693174110,96507693171538,96507694016769,842.659,845.231
0,1714,96507695132956,96507695131029,96507696913586,1780.63,1782.557
0,1715,96507697483846,96507697482417,96507698710387,1226.541,1227.97
0,1716,96507699834786,96507699833806,96507700961474,1126.688,1127.668
0,1717,96507702185865,96507702185195,96507703328164,1142.299,1142.969
0,1718,96507704145661,96507704144685,96507705620191,1474.53,1475.506
0,1719,96507706496950,96507706496074,96507707327209,830.259,831.135
0,1720,96507708848300,96507708847463,96507709502102,653.802,654.639
0,1721,96507710807936,96507710806953,96507712242225,1434.289,1435.272
0,1722,96507713159496,96507713158342,96507713922802,763.306,764.46
0,1723,96507715510485,96507715509731,96507716324103,813.618,814.372
0,1724,96507717470031,96507717469221,96507718980502,1510.471,1511.281
0,1725,96507719821911,96507719820610,96507720913008,1091.097,1092.398
0,1726,96507722173280,96507722171999,96507723236077,1062.797,1064.078
0,1727,96507724133077,96507724131489,96507725614977,1481.9,1483.488
0,1728,96507726483596,96507726482878,96507728293507,1809.911,1810.629
0,1729,96507728835025,96507728834267,96507729853240,1018.215,1018.973
0,1730,96507731186545,96507731185656,96507732316863,1130.318,1131.207
0,1731,96507733146081,96507733145146,96507734480047,1333.966,1334.901
0,1732,96507735497491,96507735496535,96507736789244,1291.753,1292.709
0,1733,96507737849141,96507737847924,96507738646637,797.496,798.713
0,1734,96507739808096,96507739807414,96507741490674,1682.578,1683.26
0,1735,96507742160476,96507742158803,96507742696994,536.518,538.191
0,1736,96507744511025,96507744510192,96507745444767,933.742,934.575
0,1737,96507746470482,96507746469682,96507747917101,1446.619,1447.419
0,1738,96507748822251,96507748821071,96507749459653,637.402,638.582
0,1739,96507751173090,96507751172460,96507751764911,591.821,592.451
0,1740,96507753524530,96507753523848,96507754467052,942.522,943.204
0,1741,96507755484296,96507755483339,96507756375187,890.891,891.848
0,1742,96507757835516,96507757834728,96507759457940,1622.424,1623.212
0,1743,96507760186805,96507760186116,96507761004442,817.637,818.326
0,1744,96507762147041,96507762145607,96507763151575,1004.534,1005.968
0,1745,96507764497780,96507764496996,96507765576117,1078.337,1079.121
0,1746,96507766849060,96507766848384,96507767701439,852.379,853.055
0,1747,96507768808847,96507768807875,96507770536205,1727.358,1728.33
0,1748,96507771159956,96507771159264,96507772292594,1132.638,1133.33
0,1749,96507773511756,96507773510652,96507774031203,519.447,520.551
0,1750,96507775471051,96507775470143,96507777279013,1807.962,1808.87
0,1751,96507777823501,96507777821532,96507778918699,1095.198,1097.167
0,1752,96507780173631,96507780172920,96507780852953,679.322,680.033
0,1753,96507782524880,96507782524309,96507783057698,532.818,533.389
0,1754,96507784484477,96507784483800,96507785852432,1367.955,1368.632
0,1755,96507786835925,96507786835188,96507787441596,605.671,606.408
0,1756,96507789187275,96507789186577,96507789980592,793.317,794.015
0,1757,96507791146871,96507791146068,96507792336451,1189.58,1190.383
0,1758,96507793498301,96507793497456,96507795177388,1679.087,1679.932
0,1759,96507795849661,96507795848845,96507796717969,868.308,869.124
0,1760,96507797808956,96507797808336,96507799238785,1429.829,1430.449
0,1761,96507800160936,96507800159724,96507801058156,897.22,898.432
0,1762,96507802512135,96507802511113,96507803315013,802.878,803.9
0,1763,96507804471162,96507804470604,96507805886229,1415.067,1415.625
0,1764,96507806823411,96507806821992,96507808576711,1753.3,1754.719
0,1765,96507809174151,96507809173381,96507810821046,1646.895,1647.665
0,1766,96507811526170,96507811524770,96507813084872,1558.702,1560.102
0,1767,96507813485826,96507813484260,96507814742799,1256.973,1258.539
0,1768,96507815858287,96507815835649,96507816914572,1056.285,1078.923
0,1769,96507818190085,96507818187038,96507819373545,1183.46,1186.507
0,1770,96507820149632,96507820146528,96507821097223,947.591,950.695
0,1771,96507822500791,96507822497917,96507824276181,1775.39,1778.264
0,1772,96507824852010,96507824849306,96507826050431,1198.421,1201.125
0,1773,96507826811506,96507826808796,96507828601287,1789.781,1792.491
0,1774,96507829162716,96507829160185,96507829999274,836.558,839.089
0,1775,96507831514386,96507831511574,96507832293062,778.676,781.488
0,1776,96507833473682,96507833471065,96507834618830,1145.148,1147.765
0,1777,96507835825491,96507835822453,96507837133465,1307.974,1311.012
0,1778,96507838176461,96507838173842,96507839471905,1295.444,1298.063
0,1779,96507840528330,96507840525231,96507841316996,788.666,791.765
0,1780,96507842487597,96507842484721,96507843694457,1206.86,1209.736
0,1781,96507844838346,96507844836110,96507845850490,1012.144,1014.38
0,1782,96507847190916,96507847187499,96507848222241,1031.325,1034.742
0,1783,96507849149801,96507849146989,96507850201887,1052.086,1054.898
0,1784,96507851501371,96507851498378,96507852631819,1130.448,1133.441
0,1785,96507853853061,96507853849767,96507854603176,750.115,753.409
0,1786,96507855812237,96507855809257,96507857128081,1315.844,1318.824
0,1787,96507858163286,96507858160646,96507859307935,1144.649,1147.289
0,1788,96507860514955,96507860512035,96507861505769,990.814,993.734
0,1789,96507862474302,96507862471525,96507864079066,1604.764,1607.541
0,1790,96507864825491,96507864822914,96507866007091,1181.6,1184.177
0,1791,96507867177241,96507867174303,96507867822752,645.511,648.449
0,1792,96507869528671,96507869525691,96507870272525,743.854,746.834
1,0,96503871776374,96503871772982,96503874370082,2593.708,2597.1
1,1,96503873734170,96503873732473,96503875431597,1697.427,1699.124
1,2,96503876084890,96503876083862,96503877924042,1839.152,1840.18
1,3,96503878436168,96503878435250,96503880122126,1685.958,1686.876
1,4,96503880787508,96503880786639,96503881898946,1111.438,1112.307
1,5,96503882747064,96503882746130,96503885022382,2275.318,2276.252
1,6,96503885098614,96503885097518,96503887744084,2645.47,2646.566
1,7,96503887449944,96503887448907,96503889113789,1663.845,1664.882
1,8,96503889409690,96503889408398,96503891390537,1980.847,1982.139
1,9,96503891760889,96503891759786,96503893407315,1646.426,1647.529
1,10,96503894112289,96503894111175,96503895494296,1382.007,1383.121
1,11,96503896071845,96503896070666,96503897957329,1885.484,1886.663
1,12,96503898422965,96503898422054,96503901700945,3277.98,3278.891
1,13,96503900781974,96503900773443,96503904564602,3782.628,3791.159
1,14,96503902734060,96503902732934,96503906091513,3357.453,3358.579
1,15,96503905085489,96503905084322,96503906596561,1511.072,1512.239
1,16,96503907436669,96503907435711,96503909366885,1930.216,1931.174
1,17,96503909788009,96503909787100,96503913270356,3482.347,3483.256
1,18,96503911747565,96503911746590,96503913714221,1966.656,1967.631
1,19,96503914098774,96503914097979,96503916019119,1920.345,1921.14
1,20,96503916450253,96503916449368,96503917983335,1533.082,1533.967
1,21,96503918409880,96503918408858,96503921230335,2820.455,2821.477
1,22,96503920761419,96503920760247,96503922683285,1921.866,1923.038
1,23,96503923113049,96503923111636,96503925052644,1939.595,1941.008
1,24,96503925072095,96503925071126,96503926787503,1715.408,1716.377
1,25,96503927423464,96503927422515,96503929595698,2172.234,2173.183
1,26,96503929774954,96503929773904,96503931727050,1952.096,1953.146
1,27,96503931734390,96503931733394,96503933901654,2167.264,2168.26
1,28,96503934086050,96503934084783,96503935396664,1310.614,1311.881
1,29,96503936437120,96503936436172,96503939483492,3046.372,3047.32
1,30,96503938788538,96503938787561,96503940661662,1873.124,1874.101
1,31,96503940748115,96503940747051,96503943432205,2684.09,2685.154
1,32,96503943099834,96503943098440,96503945041649,1941.815,1943.209
1,33,96503945451034,96503945449829,96503946904072,1453.038,1454.243
1,34,96503947410340,96503947409319,96503949303354,1893.014,1894.035
1,35,96503949761909,96503949760708,96503951313762,1551.853,1553.054
1,36,96503952113119,96503952112097,96503953412403,1299.284,1300.306
1,37,96503954072545,96503954071587,96503956939942,2867.397,2868.355
1,38,96503956424305,96503956422976,96503958090821,1666.516,1667.845
1,39,96503958775744,96503958774365,96503960797203,2021.459,2022.838
1,40,96503960734931,96503960733855,96503963037008,2302.077,2303.153
1,41,96503963086599,96503963085244,96503965655607,2569.008,2570.363
1,42,96503965437889,96503965436633,96503966904539,1466.65,1467.906
1,43,96503967789269,96503967788021,96503969312360,1523.091,1524.339
1,44,96503969748735,96503969747512,96503971962589,2213.854,2215.077
1,45,96503972100085,96503972098901,96503974674852,2574.767,2575.951
1,46,96503974451563,96503974450289,96503976021727,1570.164,1571.438
1,47,96503976411430,96503976409780,96503978521811,2110.381,2112.031
1,48,96503978762309,96503978761169,96503980457426,1695.117,1696.257
1,49,96503981113789,96503981112557,96503983158958,2045.169,2046.401
1,50,96503983073286,96503983072048,96503985079583,2006.297,2007.535
1,51,96503985424614,96503985423437,96503986501271,1076.657,1077.834
1,52,96503987776564,96503987774825,96503990505926,2729.362,2731.101
1,53,96503989735690,96503989734316,96503991440368,1704.678,1706.052
1,54,96503992086830,96503992085705,96503993821638,1734.808,1735.933
1,55,96503994438450,96503994437093,96503996221669,1783.219,1784.576
1,56,96503996789609,96503996788482,96503999284193,2494.584,2495.711
1,57,96503998749085,96503998747973,96504001534990,2785.905,2787.017
1,58,96504001100484,96504001099361,96504003764244,2663.76,2664.883
1,59,96504003451924,96504003450750,96504006464706,3012.782,3013.956
1,60,96504005411170,96504005410241,96504008510385,3099.215,3100.144
1,61,96504007762890,96504007761629,96504009292781,1529.891,1531.152
1,62,96504010113949,96504010113018,96504012017634,1903.685,1904.616
1,63,96504012073525,96504012072509,96504014046692,1973.167,1974.183
1,64,96504014424915,96504014423897,96504016411222,1986.307,1987.325
1,65,96504016780664,96504016775286,96504018839284,2058.62,2063.998
1,66,96504018736061,96504018734777,96504022049082,3313.021,3314.305
1,67,96504021087260,96504021086165,96504022426185,1338.925,1340.02
1,68,96504023438789,96504023437554,96504024899849,1461.06,1462.295
1,69,96504025802459,96504025788943,96504027134045,1331.586,1345.102
1,70,96504027749515,96504027748433,96504030504809,2755.294,2756.376
1,71,96504030101135,96504030099822,96504031971957,1870.822,1872.135
1,72,96504032452094,96504032451211,96504034430911,1978.817,1979.7
1,73,96504034411690,96504034410701,96504036514121,2102.431,2103.42
1,74,96504036763130,96504036762090,96504038573531,1810.401,1811.441
1,75,96504039114709,96504039113479,96504040889139,1774.43,1775.66
1,76,96504041074046,96504041072970,96504043487677,2413.631,2414.707
1,77,96504043426715,96504043424358,96504044629556,1202.841,1205.198
1,78,96504045777134,96504045775747,96504048207897,2430.763,2432.15
1,79,96504047736300,96504047735238,96504050209084,2472.784,2473.846
1,80,96504050087510,96504050086626,96504051207437,1119.927,1120.811
1,81,96504052439040,96504052438015,96504054446008,2006.968,2007.993
1,82,96504054791709,96504054789404,96504056738285,1946.576,1948.881
1,83,96504056749895,96504056748894,96504058946840,2196.945,2197.946
1,84,96504059101154,96504059100283,96504060870635,1769.481,1770.352
1,85,96504061452704,96504061451672,96504063599616,2146.912,2147.944
1,86,96504063412230,96504063411162,96504065373907,1961.677,1962.745
1,87,96504065763660,96504065762551,96504067660523,1896.863,1897.972
1,88,96504068116350,96504068113940,96504069151624,1035.274,1037.684
1,89,96504070074415,96504070073430,96504072401414,2326.999,2327.984
1,90,96504072426125,96504072424819,96504073690827,1264.702,1266.008
1,91,96504074777084,96504074776208,96504076234884,1457.8,1458.676
1,92,96504076736921,96504076735698,96504078430988,1694.067,1695.29
1,93,96504079088100,96504079087087,96504080584311,1496.211,1497.224
1,94,96504081439419,96504081438476,96504082834676,1395.257,1396.2
1,95,96504083791039,96504083789864,96504085505407,1714.368,1715.543
1,96,96504085750265,96504085749355,96504088342582,2592.317,2593.227
1,97,96504088103145,96504088100744,96504089871584,1768.439,1770.84
1,98,96504090453465,96504090452132,96504092099200,1645.735,1647.068
1,99,96504092413761,96504092411623,96504094609245,2195.484,2197.622
1,100,96504094763960,96504094763012,96504096403175,1639.215,1640.163
1,101,96504097117049,96504097114400,96504099023224,1906.175,1908.824
1,102,96504099075236,96504099073891,96504101363153,2287.917,2289.262
1,103,96504101426145,96504101425280,96504103481154,2055.009,2055.874
1,104,96504103777834,96504103776669,96504105895226,2117.392,2118.557
1,105,96504105737080,96504105736159,96504107658936,1921.856,1922.777
1,106,96504108088570,96504108087548,96504109427075,1338.505,1339.527
1,107,96504110440000,96504110438937,96504112312563,1872.563,1873.626
1,108,96504112792809,96504112790325,96504114301550,1508.741,1511.225
1,109,96504114751056,96504114749816,96504116793294,2042.238,2043.478
1,110,96504117103464,96504117101205,96504119704043,2600.579,2602.838
1,111,96504119453774,96504119452593,96504121078109,1624.335,1625.516
1,112,96504121414470,96504121412084,96504123033875,1619.405,1621.791
1,113,96504123765790,96504123763473,96504126376358,2610.568,2612.885
1,114,96504126115760,96504126114861,96504127516597,1400.837,1401.736
1,115,96504128075856,96504128074352,96504130107324,2031.468,2032.972
1,116,96504130427915,96504130425741,96504132515836,2087.921,2090.095
1,117,96504132778164,96504132777129,96504134703640,1925.476,1926.511
1,118,96504134737741,96504134736620,96504137551255,2813.514,2814.635
1,119,96504137090520,96504137088009,96504138893761,1803.241,1805.752
1,120,96504139442300,96504139439397,96504140849667,1407.367,1410.27
1,121,96504141792889,96504141790786,96504143140714,1347.825,1349.928
1,122,96504143752715,96504143750277,96504146387844,2635.129,2637.567
1,123,96504146103195,96504146101665,96504147610016,1506.821,1508.351
1,124,96504148455645,96504148453054,96504149301803,846.158,848.749
1,125,96504150651649,96504150412545,96504167573140,16921.491,17160.595
1,126,96504152766811,96504152763933,96504167573140,14806.329,14809.207
1,127,96504155117569,96504155115322,96504167573140,12455.571,12457.818
1,128,96504157077196,96504157074813,96504167573140,10495.944,10498.327
1,129,96504159427085,96504159426201,96504167573140,8146.055,8146.939
1,130,96504161779185,96504161777590,96504167573140,5793.955,5795.55
1,131,96504163740001,96504163737081,96504167573140,3833.139,3836.059
1,132,96504166089480,96504166088469,96504167714165,1624.685,1625.696
1,133,96504168440790,96504168439858,96504170268291,1827.501,1828.433
1,134,96504170793839,96504170791247,96504172304280,1510.441,1513.033
1,135,96504172753356,96504172750737,96504174383351,1629.995,1632.614
1,136,96504175104565,96504175102126,96504177046241,1941.676,1944.115
1,137,96504177456334,96504177453515,96504179877946,2421.612,2424.431
1,138,96504179416510,96504179413005,96504181479861,2063.351,2066.856
1,139,96504181766870,96504181764394,96504183016732,1249.862,1252.338
1,140,96504184118330,96504184115783,96504186450988,2332.658,2335.205
1,141,96504186077606,96504186075273,96504188269490,2191.884,2194.217
1,142,96504188429036,96504188426662,96504191235160,2806.124,2808.498
1,143,96504190780594,96504190778051,96504192178512,1397.918,1400.461
1,144,96504192740171,96504192737541,96504194429538,1689.367,1691.997
1,145,96504195090471,96504195088930,96504196077923,987.452,988.993
1,146,96504197442880,96504197440319,96504198513196,1070.316,1072.877
1,147,96504199794200,96504199791708,96504200784263,990.063,992.555
1,148,96504201753335,96504201751198,96504204698006,2944.671,2946.808
1,149,96504204104985,96504204102587,96504205661558,1556.573,1558.971
1,150,96504206456165,96504206453976,96504208091869,1635.704,1637.893
1,151,96504208415781,96504208413466,96504210345956,1930.175,1932.49
1,152,96504210766791,96504210764855,96504212731427,1964.636,1966.572
1,153,96504213118469,96504213116244,96504213888656,770.187,772.412
1,154,96504215078956,96504215075734,96504217174827,2095.871,2099.093
1,155,96504217430305,96504217427123,96504219135823,1705.518,1708.7
1,156,96504219780755,96504219778512,96504222814497,3033.742,3035.985
1,157,96504221740381,96504221738002,96504224531705,2791.324,2793.703
1,158,96504224091651,96504224089391,96504225009871,918.22,920.48
1,159,96504226442950,96504226440780,96504227790065,1347.115,1349.285
1,160,96504228793849,96504228792168,96504230833878,2040.029,2041.71
1,161,96504230754596,96504230751659,96504232985721,2231.125,2234.062
1,162,96504233105565,96504233103048,96504234626907,1521.342,1523.859
1,163,96504235457315,96504235454436,96504237205944,1748.629,1751.508
1,164,96504237416450,96504237413927,96504239812192,2395.742,2398.265
1,165,96504239767620,96504239765316,96504241251270,1483.65,1485.954
1,166,96504242118960,96504242116704,96504243723514,1604.554,1606.81
1,167,96504244078956,96504244076195,96504246504168,2425.212,2427.973
1,168,96504246430766,96504246427584,96504248655941,2225.175,2228.357
1,169,96504248781915,96504248778972,96504250465672,1683.757,1686.7
1,170,96504250740811,96504250738463,96504252638625,1897.814,1900.162
1,171,96504253092361,96504253089852,96504254965344,1872.983,1875.492
1,172,96504255444140,96504255441240,96504257505360,2061.22,2064.12
1,173,96504257795040,96504257792629,96504259069333,1274.293,1276.704
1,174,96504259753845,96504259752120,96504262348703,2594.858,2596.583
1,175,96504262105945,96504262103508,96504263421350,1315.405,1317.842
1,176,96504264456685,96504264454897,96504265862912,1406.227,1408.015
1,177,96504266416641,96504266414388,96504268869814,2453.173,2455.426
1,178,96504268767741,96504268765776,96504271188222,2420.481,2422.446
1,179,96504271119840,96504271117165,96504272535938,1416.098,1418.773
1,180,96504273078256,96504273076656,96504275232839,2154.583,2156.183
1,181,96504275430225,96504275428045,96504276596995,1166.77,1168.95
1,182,96504277782375,96504277779433,96504279189543,1407.168,1410.11
1,183,96504279741201,96504279738924,96504281841192,2099.991,2102.268
1,184,96504282092061,96504282090313,96504285272248,3180.187,3181.935
1,185,96504284444390,96504284441701,96504286427847,1983.457,1986.146
1,186,96504286795119,96504286793090,96504289237612,2442.493,2444.522
1,187,96504288755366,96504288752581,96504291031913,2276.547,2279.332
1,188,96504291106296,96504291103969,96504292881296,1775.0,1777.327
1,189,96504293457755,96504293455358,96504295344439,1886.684,1889.081
1,190,96504295417191,96504295414849,96504297751520,2334.329,2336.671
1,191,96504297774851,96504297766237,96504298755034,980.183,988.797
1,192,96504300119990,96504300117626,96504302192900,2072.91,2075.274
1,193,96504302079116,96504302077117,96504304292541,2213.425,2215.424
1,194,96504304431036,96504304428505,96504305952897,1521.861,1524.392
1,195,96504306783456,96504306779894,96504309827328,3043.872,3047.434
1,196,96504308741471,96504308739385,96504310784940,2043.469,2045.555
1,197,96504311092361,96504311090773,96504312668974,1576.613,1578.201
1,198,96504313444220,96504313442162,96504314818677,1374.457,1376.515
1,199,96504315796010,96504315793551,96504317528598,1732.588,1735.047
1,200,96504317755586,96504317753041,96504320062534,2306.948,2309.493
1,201,96504320107345,96504320104430,96504321536674,1429.329,1432.244
1,202,96504322458395,96504322455819,96504324405441,1947.046,1949.622
1,203,96504324416961,96504324415309,96504326448180,2031.219,2032.871
1,204,96504326775290,96504326766698,96504329008336,2233.046,2241.638
1,205,96504329119940,96504329118087,96504331739608,2619.668,2621.521
1,206,96504331080176,96504331077577,96504333351423,2271.247,2273.846
1,207,96504333430556,96504333428966,96504335228537,1797.981,1799.571
1,208,96504335782655,96504335780355,96504337241424,1458.769,1461.069
1,209,96504337742242,96504337739845,96504340591377,2849.135,2851.532
1,210,96504340093861,96504340091234,96504341597241,1503.38,1506.007
1,211,96504342444791,96504342442623,96504343869119,1424.328,1426.496
1,212,96504344796739,96504344794012,96504346205877,1409.138,1411.865
1,213,96504346755446,96504346753502,96504348881118,2125.672,2127.616
1,214,96504349107406,96504349104891,96504351040811,1933.405,1935.92
1,215,96504351458895,96504351456280,96504353914338,2455.443,2458.058
1,216,96504353418432,96504353415770,96504355468751,2050.319,2052.981
1,217,96504355778751,96504355767159,96504357689226,1910.475,1922.067
1,218,96504358121120,96504358118548,96504359658962,1537.842,1540.414
1,219,96504360079976,96504360078038,96504362881822,2801.846,2803.784
1,220,96504362431086,96504362429427,96504364807277,2376.191,2377.85
1,221,96504364782936,96504364780816,96504367253569,2470.633,2472.753
1,222,96504366742811,96504366740306,96504368996027,2253.216,2255.721
1,223,96504369095071,96504369091695,96504371677558,2582.487,2585.863
1,224,96504371446040,96504371443084,96504373595023,2148.983,2151.939
1,225,96504373797140,96504373794472,96504375124365,1327.225,1329.893
1,226,96504375755696,96504375753963,96504378059584,2303.888,2305.621
1,227,96504378107196,96504378105352,96504380128484,2021.288,2023.132
1,228,96504380458275,96504380456740,96504381889853,1431.578,1433.113
1,229,96504382418411,96504382416231,96504384006365,1587.954,1590.134
1,230,96504384772911,96504384767620,96504386809809,2036.898,2042.189
1,231,96504387121450,96504387119008,96504388536848,1415.398,1417.84
1,232,96504389081017,96504389078499,96504391207398,2126.381,2128.899
1,233,96504391432196,96504391429888,96504393404152,1971.956,1974.264
1,234,96504393783795,96504393781276,96504395636848,1853.053,1855.572
1,235,96504395742662,96504395740767,96504398009548,2266.886,2268.781
1,236,96504398094151,96504398092156,96504399671675,1577.524,1579.519
1,237,96504400445291,96504400443544,96504401931021,1485.73,1487.477
1,238,96504402797831,96504402794933,96504404272190,1474.359,1477.257
1,239,96504404756226,96504404754424,96504407390135,2633.909,2635.711
1,240,96504407107456,96504407105812,96504409978852,2871.396,2873.04
1,241,96504409460425,96504409457201,96504413135070,3674.645,3677.869
1,242,96504411418352,96504411416692,96504413135070,1716.718,1718.378
1,243,96504413772991,96504413768080,96504415811180,2038.189,2043.1
1,244,96504416121160,96504416119469,96504418085526,1964.366,1966.057
1,245,96504418080626,96504418078960,96504420358454,2277.828,2279.494
1,246,96504420432156,96504420430348,96504422528387,2096.231,2098.039
1,247,96504422783156,96504422781737,96504424266636,1483.48,1484.899
1,248,96504424743212,96504424741228,96504427107901,2364.689,2366.673
1,249,96504427094201,96504427092616,96504429204743,2110.542,2112.127
1,250,96504429446010,96504429444005,96504431483069,2037.059,2039.064
1,251,96504431797780,96504431795394,96504433469246,1671.466,1673.852
1,252,96504433756577,96504433754884,96504435814706,2058.129,2059.822
1,253,96504436108166,96504436106273,96504437572575,1464.409,1466.302
1,254,96504438459345,96504438457662,96504440366190,1906.845,1908.528
1,255,96504440421171,96504440417152,96504442835363,2414.192,2418.211
1,256,96504442775621,96504442768541,96504445326678,2551.057,2558.137
1,257,96504445121841,96504445119930,96504446911961,1790.12,1792.031
1,258,96504447081297,96504447079421,96504449297601,2216.304,2218.18
1,259,96504449433407,96504449430809,96504451256337,1822.93,1825.528
1,260,96504451783925,96504451782198,96504453709210,1925.285,1927.012
1,261,96504453743402,96504453741689,96504455520302,1776.9,1778.613
1,262,96504456096741,96504456093077,96504458182662,2085.921,2089.585
1,263,96504458450371,96504458444466,96504460542082,2091.711,2097.616
1,264,96504460800751,96504460795855,96504462624512,1823.761,1828.657
1,265,96504462760977,96504462755345,96504464929260,2168.283,2173.915
1,266,96504465111486,96504465106734,96504467099774,1988.288,1993.04
1,267,96504467463695,96504467458123,96504469532835,2069.14,2074.712
1,268,96504469422752,96504469417613,96504471545643,2122.891,2128.03
1,269,96504471774171,96504471769002,96504473596062,1821.891,1827.06
1,270,96504474125451,96504474120391,96504476137319,2011.868,2016.928
1,271,96504476085046,96504476079881,96504478831429,2746.383,2751.548
1,272,96504478436886,96504478431270,96504481278352,2841.466,2847.082
1,273,96504480787386,96504480782659,96504483649092,2861.706,2866.433
1,274,96504482747012,96504482742149,96504485130712,2383.7,2388.563
1,275,96504485100802,96504485093538,96504486840920,1740.118,1747.382
1,276,96504487450151,96504487444927,96504488952842,1502.691,1507.915
1,277,96504489801100,96504489796315,96504491089543,1288.443,1293.228
1,278,96504491760976,96504491755806,96504494364755,2603.779,2608.949
1,279,96504494112556,96504494107195,96504496056772,1944.216,1949.577
1,280,96504496463666,96504496458583,96504498911978,2448.312,2453.395
1,281,96504498422632,96504498418074,96504500553993,2131.361,2135.919
1,282,96504500777792,96504500769463,96504501947071,1169.279,1177.608
1,283,96504503126310,96504503120851,96504505312105,2185.795,2191.254
1,284,96504505085777,96504505080342,96504507805629,2719.852,2725.287
1,285,96504507436927,96504507431731,96504509014630,1577.703,1582.899
1,286,96504509789766,96504509783120,96504510960805,1171.039,1177.685
1,287,96504511747392,96504511742610,96504514551977,2804.585,2809.367
1,288,96504514098901,96504514093999,96504515330283,1231.382,1236.284
1,289,96504516450771,96504516445388,96504517989003,1538.232,1543.615
1,290,96504518802041,96504518796776,96504520703655,1901.614,1906.879
1,291,96504520761947,96504520756267,96504522424762,1662.815,1668.495
1,292,96504523112997,96504523107656,96504524988160,1875.163,1880.504
1,293,96504525464335,96504525459044,96504528286551,2822.216,2827.507
1,294,96504527423302,96504527418535,96504530127793,2704.491,2709.258
1,295,96504529774891,96504529769924,96504532603537,2828.646,2833.613
1,296,96504532126221,96504532121312,96504533994454,1868.233,1873.142
1,297,96504534085077,96504534080803,96504536343114,2258.037,2262.311
1,298,96504536437586,96504536432192,96504538026670,1589.084,1594.478
1,299,96504538789326,96504538783580,96504540247935,1458.609,1464.355
1,300,96504540748492,96504540743071,96504542468210,1719.718,1725.139
1,301,96504543101562,96504543094460,96504544882132,1780.57,1787.672
1,302,96504545450631,96504545445848,96504547456719,2006.088,2010.871
1,303,96504547802250,96504547797237,96504549517508,1715.258,1720.271
1,304,96504549761696,96504549756728,96504551677142,1915.446,1920.414
1,305,96504552112826,96504552108116,96504553553665,1440.839,1445.549
1,306,96504554464686,96504554459505,96504556477734,2013.048,2018.229
1,307,96504556424202,96504556418996,96504559327580,2903.378,2908.584
1,308,96504558775271,96504558770384,96504560792260,2016.989,2021.876
1,309,96504561127351,96504561121773,96504562574319,1446.968,1452.546
1,310,96504563086647,96504563081264,96504565864761,2778.114,2783.497
1,311,96504565437397,96504565432652,96504567672232,2234.835,2239.58
1,312,96504567790966,96504567784041,96504569014338,1223.372,1230.297
1,313,96504569748673,96504569743532,96504572422103,2673.43,2678.571
1,314,96504572099471,96504572094920,96504573271791,1172.32,1176.871
1,315,96504574451571,96504574446309,96504576368666,1917.095,1922.357
1,316,96504576802771,96504576797698,96504579196541,2393.77,2398.843
1,317,96504578762597,96504578757188,96504581002323,2239.726,2245.135
1,318,96504581114397,96504581108577,96504582906457,1792.06,1797.88
1,319,96504583465456,96504583459966,96504585354610,1889.154,1894.644
1,320,96504585424302,96504585419456,96504587537034,2112.732,2117.578
1,321,96504587774241,96504587770845,96504589635005,1860.764,1864.16
1,322,96504590127351,96504590122234,96504591616191,1488.84,1493.957
1,323,96504592087817,96504592081724,96504594282322,2194.505,2200.598
1,324,96504594438267,96504594433113,96504596160735,1722.468,1727.622
1,325,96504596789656,96504596784502,96504598244505,1454.849,1460.003
1,326,96504598748962,96504598743992,96504602196368,3447.406,3452.376
1,327,96504601099902,96504601095381,96504603684719,2584.817,2589.338
1,328,96504603451072,96504603446770,96504606059009,2607.937,2612.239
1,329,96504605802871,96504605798159,96504607228559,1425.688,1430.4
1,330,96504607763177,96504607757649,96504608990559,1227.382,1232.91
1,331,96504610113956,96504610109038,96504612714134,2600.178,2605.096
1,332,96504612465526,96504612460427,96504614639169,2173.643,2178.742
1,333,96504614425332,96504614419917,96504617627800,3202.468,3207.883
1,334,96504616775562,96504616771306,96504618962325,2186.763,2191.019
1,335,96504619127361,96504619122695,96504621581394,2454.033,2458.699
1,336,96504621087587,96504621082185,96504623912903,2825.316,2830.718
1,337,96504623438907,96504623433574,96504625160015,1721.108,1726.441
1,338,96504625789916,96504625784963,96504627275396,1485.48,1490.433
1,339,96504627749563,96504627744453,96504630679522,2929.959,2935.069
1,340,96504630100941,96504630095842,96504631158938,1057.997,1063.096
1,341,96504632452081,96504632447231,96504636680934,4228.853,4233.703
1,342,96504634802401,96504634798619,96504637054617,2252.216,2255.998
1,343,96504636762997,96504636758110,96504639458768,2695.771,2700.658
1,344,96504639114577,96504639109499,96504640924617,1810.04,1815.118
1,345,96504641465946,96504641460887,96504643916588,2450.642,2455.701
1,346,96504643428523,96504643420378,96504645687709,2259.186,2267.331
1,347,96504645776491,96504645771767,96504647910354,2133.863,2138.587
1,348,96504648129891,96504648123155,96504650750000,2620.109,2626.845
1,349,96504650087997,96504650082646,96504652718026,2630.029,2635.38
1,350,96504652441627,96504652434035,96504654662742,2221.115,2228.707
1,351,96504654790406,96504654785423,96504656903208,2112.802,2117.785
1,352,96504656749302,96504656744914,96504658545453,1796.151,1800.539
1,353,96504659101072,96504659096303,96504660760288,1659.216,1663.985
1,354,96504661452892,96504661447691,96504663650856,2197.964,2203.165
1,355,96504663804261,96504663799080,96504665723316,1919.055,1924.236
1,356,96504665763717,96504665758571,96504667801426,2037.709,2042.855
1,357,96504668114606,96504668109959,96504670730365,2615.759,2620.406
1,358,96504670464236,96504670461348,96504672463914,1999.678,2002.566
1,359,96504672423222,96504672420839,96504674650737,2227.515,2229.898
1,360,96504674773871,96504674772228,96504676625895,1852.024,1853.667
1,361,96504677125211,96504677123616,96504678486177,1360.966,1362.561
1,362,96504679085047,96504679083107,96504681160627,2075.58,2077.52
1,363,96504681436347,96504681434496,96504683104873,1668.526,1670.377
1,364,96504683787497,96504683785884,96504686272800,2485.303,2486.916
1,365,96504685747193,96504685745375,96504688551247,2804.054,2805.872
1,366,96504688098452,96504688096764,96504690412040,2313.588,2315.276
1,367,96504690450101,96504690448152,96504692970027,2519.926,2521.875
1,368,96504692801721,96504692799541,96504695594695,2792.974,2795.154
1,369,96504694760747,96504694759032,96504697699987,2939.24,2940.955
1,370,96504697112677,96504697110420,96504698815805,1703.128,1705.385
1,371,96504699463646,96504699461809,96504701560366,2096.72,2098.557
1,372,96504701423652,96504701421300,96504705808311,4384.659,4387.011
1,373,96504703779731,96504703772688,96504705815611,2035.88,2042.923
1,374,96504706125591,96504706124077,96504708794812,2669.221,2670.735
1,375,96504708085598,96504708083568,96504710298762,2213.164,2215.194
1,376,96504710436696,96504710434956,96504712510207,2073.511,2075.251
1,377,96504712788056,96504712786345,96504715218569,2430.513,2432.224
1,378,96504714747502,96504714745836,96504716401728,1654.226,1655.892
1,379,96504717099132,96504717097224,96504718788149,1689.017,1690.925
1,380,96504719450282,96504719448613,96504721969476,2519.194,2520.863
1,381,96504721801891,96504721800002,96504724828263,3026.372,3028.261
1,382,96504723761317,96504723759492,96504726473239,2711.922,2713.747
1,383,96504726113326,96504726110881,96504727744342,1631.016,1633.461
1,384,96504728464376,96504728462270,96504730456833,1992.457,1994.563
1,385,96504730423393,96504730421760,96504734177179,3753.786,3755.419
1,386,96504732774782,96504732773149,96504734177179,1402.397,1404.03
1,387,96504735126691,96504735124538,96504737501591,2374.9,2377.053
1,388,96504737086507,96504737084028,96504740584036,3497.529,3500.008
1,389,96504739437427,96504739435417,96504741362422,1924.995,1927.005
1,390,96504741807987,96504741786806,96504744358954,2550.967,2572.148
1,391,96504743747853,96504743746296,96504746502055,2754.202,2755.759
1,392,96504746099192,96504746097685,96504747462918,1363.726,1365.233
1,393,96504748451091,96504748449074,96504751036579,2585.488,2587.505
1,394,96504750802031,96504750800463,96504753884005,3081.974,3083.542
1,395,96504752761627,96504752759953,96504755602984,2841.357,2843.031
1,396,96504755113557,96504755111342,96504757685194,2571.637,2573.852
1,397,96504757464477,96504757462731,96504759440003,1975.526,1977.272
1,398,96504759423912,96504759422221,96504762139004,2715.092,2716.783
1,399,96504761775892,96504761773610,96504764057849,2281.957,2284.239
1,400,96504764127011,96504764124999,96504765836289,1709.278,1711.29
1,401,96504766086178,96504766084489,96504768843921,2757.743,2759.432
1,402,96504768437657,96504768435878,96504770568529,2130.872,2132.651
1,403,96504770789316,96504770787267,96504772278657,1489.341,1491.39
1,404,96504772748652,96504772746757,96504776211130,3462.478,3464.373
1,405,96504775100232,96504775098146,96504776762609,1662.377,1664.463
1,406,96504777451142,96504777449535,96504778987803,1536.661,1538.268
1,407,96504779802522,96504779800923,96504780766943,964.421,966.02
1,408,96504781762338,96504781760414,96504783824367,2062.029,2063.953
1,409,96504784114027,96504784111803,96504786831389,2717.362,2719.586
1,410,96504786465186,96504786463191,96504787670847,1205.661,1207.656
1,411,96504788424873,96504788422682,96504791540058,3115.185,3117.376
1,412,96504790776402,96504790774071,96504791888720,1112.318,1114.649
1,413,96504793127252,96504793125459,96504795644537,2517.285,2519.078
1,414,96504795086837,96504795084950,96504797357125,2270.288,2272.175
1,415,96504797438047,96504797436339,96504799532688,2094.641,2096.349
1,416,96504799789227,96504799787727,96504802355463,2566.236,2567.736
1,417,96504801749103,96504801747218,96504804631890,2882.787,2884.672
1,418,96504804100603,96504804098607,96504807818798,3718.195,3720.191
1,419,96504806451571,96504806449995,96504808996938,2545.367,2546.943
1,420,96504808803221,96504808801384,96504810509429,1706.208,1708.045
1,421,96504810762457,96504810760875,96504812688662,1926.205,1927.787
1,422,96504813113787,96504813112263,96504814840146,1726.359,1727.883
1,423,96504815465187,96504815463652,96504816826073,1360.886,1362.421
1,424,96504817424782,96504817423143,96504819384579,1959.797,1961.436
1,425,96504819779202,96504819774531,96504821426768,1647.566,1652.237
1,426,96504822127621,96504822125920,96504825189235,3061.614,3063.315
1,427,96504824087188,96504824085411,96504826748928,2661.74,2663.517
1,428,96504826438638,96504826436799,96504828176215,1737.577,1739.416
1,429,96504828789926,96504828788188,96504832618266,3828.34,3830.078
1,430,96504830749443,96504830747679,96504832931316,2181.873,2183.637
1,431,96504833100682,96504833099067,96504834518750,1418.068,1419.683
1,432,96504835451892,96504835450456,96504838209355,2757.463,2758.899
1,433,96504837803772,96504837801845,96504840330787,2527.015,2528.942
1,434,96504839763558,96504839761335,96504842058095,2294.537,2296.76
1,435,96504842114457,96504842112724,96504845226962,3112.505,3114.238
1,436,96504844466086,96504844464113,96504846118622,1652.536,1654.509
1,437,96504846425503,96504846423604,96504849050571,2625.068,2626.967
1,438,96504848776752,96504848774992,96504850326894,1550.142,1551.902
1,439,96504851128182,96504851126381,96504854468134,3339.952,3341.753
1,440,96504853088708,96504853085872,96504856564445,3475.737,3478.573
1,441,96504855439267,96504855437260,96504857571659,2132.392,2134.399
1,442,96504857790387,96504857788649,96504859658299,1867.912,1869.65
1,443,96504859750203,96504859748140,96504861626306,1876.103,1878.166
1,444,96504862101143,96504862099528,96504863482699,1381.556,1383.171
1,445,96504864452641,96504864450917,96504866212201,1759.56,1761.284
1,446,96504866803781,96504866802306,96504868312472,1508.691,1510.166
1,447,96504868763267,96504868761796,96504873078793,4315.526,4316.997
1,448,96504871115177,96504871113185,96504873078793,1963.616,1965.608
1,449,96504873466107,96504873464574,96504875940881,2474.774,2476.307
1,450,96504875425633,96504875424064,96504877045178,1619.545,1621.114
1,451,96504877779062,96504877775453,96504879318094,1539.032,1542.641
1,452,96504880128572,96504880126842,96504882245813,2117.241,2118.971
1,453,96504882088098,96504882086332,96504884243141,2155.043,2156.809
1,454,96504884439428,96504884437721,96504886651132,2211.704,2213.411
1,455,96504886790867,96504886789110,96504888981951,2191.084,2192.841
1,456,96504888750563,96504888748600,96504891520086,2769.523,2771.486
1,457,96504891102032,96504891099989,96504893806284,2704.252,2706.295
1,458,96504893453162,96504893451378,96504895568514,2115.352,2117.136
1,459,96504895804512,96504895802766,96504897113806,1309.294,1311.04
1,460,96504897764288,96504897762257,96504899681722,1917.434,1919.465
1,461,96504900115117,96504900113646,96504902184357,2069.24,2070.711
1,462,96504902466936,96504902465034,96504904371921,1904.985,1906.887
1,463,96504904426503,96504904424525,96504906460912,2034.409,2036.387
1,464,96504906778722,96504906775914,96504908944706,2165.984,2168.792
1,465,96504909129682,96504909127303,96504913169298,4039.616,4041.995
1,466,96504911089258,96504911086793,96504913864172,2774.914,2777.379
1,467,96504913440697,96504913438182,96504915697113,2256.416,2258.931
1,468,96504915791717,96504915789571,96504917275917,1484.2,1486.346
1,469,96504917751173,96504917749061,96504920606580,2855.407,2857.519
1,470,96504920102603,96504920100450,96504922196514,2093.911,2096.064
1,471,96504922453302,96504922451839,96504925062400,2609.098,2610.561
1,472,96504924805671,96504924803227,96504927827884,3022.213,3024.657
1,473,96504926764518,96504926762718,96504929406267,2641.749,2643.549
1,474,96504929116147,96504929114107,96504930627078,1510.931,1512.971
1,475,96504931467077,96504931465495,96504933936500,2469.423,2471.005
1,476,96504933426693,96504933424986,96504935824514,2397.821,2399.528
1,477,96504935777963,96504935776375,96504938467253,2689.29,2690.878
1,478,96504938129342,96504938127763,96504940936636,2807.294,2808.873
1,479,96504940089818,96504940087254,96504945600125,5510.307,5512.871
1,480,96504942440488,96504942438643,96504945600125,3159.637,3161.482
1,481,96504944791677,96504944790031,96504946800185,2008.508,2010.154
1,482,96504946751124,96504946749522,96504948939757,2188.633,2190.235
1,483,96504949102442,96504949100911,96504951327778,2225.336,2226.867
1,484,96504951453832,96504951452299,96504952579710,1125.878,1127.411
1,485,96504953805152,96504953803688,96504954828856,1023.704,1025.168
1,486,96504955765548,96504955763179,96504958955956,3190.408,3192.777
1,487,96504958116218,96504958114567,96504960843759,2727.541,2729.192
1,488,96504960467836,96504960465956,96504962075812,1607.976,1609.856
1,489,96504962427253,96504962425447,96504964238224,1810.971,1812.777
1,490,96504964778522,96504964776835,96504966232482,1453.96,1455.647
1,491,96504967130102,96504967128224,96504968242540,1112.438,1114.316
1,492,96504969089408,96504969087715,96504970716873,1627.465,1629.158
1,493,96504971440777,96504971439103,96504974479600,3038.823,3040.497
1,494,96504973792467,96504973790492,96504976408206,2615.739,2617.714
1,495,96504975751743,96504975749983,96504978536587,2784.844,2786.604
1,496,96504978103243,96504978101371,96504980272826,2169.583,2171.455
1,497,96504980454673,96504980452760,96504982565404,2110.731,2112.644
1,498,96504982805922,96504982804149,96504985464261,2658.339,2660.112
1,499,96504984765248,96504984763639,96504987089507,2324.259,2325.868
1,500,96504987116777,96504987115028,96504989167916,2051.139,2052.888
1,501,96504989468057,96504989466417,96504991447513,1979.456,1981.096
1,502,96504991427423,96504991425907,96504993101329,1673.906,1675.422
1,503,96504993781123,96504993777296,96504997107575,3326.452,3330.279
1,504,96504996130312,96504996128685,96505001150912,5020.6,5022.227
1,505,96504998089878,96504998088175,96505001150912,3061.034,3062.737
1,506,96505000441848,96505000439564,96505003059547,2617.699,2619.983
1,507,96505002792537,96505002790953,96505004305198,1512.661,1514.245
1,508,96505004752084,96505004750443,96505006653718,1901.634,1903.275
1,509,96505007103513,96505007101832,96505008829911,1726.398,1728.079
1,510,96505009454662,96505009453221,96505012565857,3111.195,3112.636
1,511,96505011806542,96505011804610,96505014318227,2511.685,2513.617
1,512,96505013765948,96505013764100,96505015981293,2215.345,2217.193
1,513,96505016117248,96505016115489,96505018312182,2194.934,2196.693
1,514,96505018468646,96505018466878,96505020216306,1747.66,1749.428
1,515,96505020428203,96505020426368,96505022614097,2185.894,2187.729
1,516,96505022779313,96505022777757,96505024803601,2024.288,2025.844
1,517,96505025131092,96505025129146,96505028367872,3236.78,3238.726
1,518,96505027090229,96505027088636,96505029901623,2811.394,2812.987
1,519,96505029441788,96505029440025,96505032653137,3211.349,3213.112
1,520,96505031793357,96505031791414,96505032903955,1110.598,1112.541
1,521,96505033752643,96505033750904,96505036025621,2272.978,2274.717
1,522,96505036103733,96505036102293,96505038767103,2663.37,2664.81
1,523,96505038455113,96505038453682,96505040966358,2511.245,2512.676
1,524,96505040806642,96505040805070,96505042655244,1848.602,1850.174
1,525,96505042766238,96505042764561,96505046079440,3313.202,3314.879
1,526,96505045117907,96505045115950,96505046493174,1375.267,1377.224
1,527,96505047469227,96505047467338,96505049843038,2373.811,2375.7
1,528,96505049428693,96505049426829,96505051669839,2241.146,2243.01
1,529,96505051780033,96505051778218,96505053414808,1634.775,1636.59
1,530,96505054131893,96505054129606,96505056152410,2020.517,2022.804
1,531,96505056090988,96505056089097,96505060427405,4336.417,4338.308
1,532,96505058442298,96505058440486,96505061429419,2987.121,2988.933
1,533,96505060793907,96505060791874,96505062742803,1948.896,1950.929
1,534,96505062753274,96505062751365,96505065484976,2731.702,2733.611
1,535,96505065104863,96505065102754,96505068118925,3014.062,3016.171
1,536,96505067455742,96505067454142,96505069007065,1551.323,1552.923
1,537,96505069807122,96505069805531,96505071393876,1586.754,1588.345
1,538,96505071767218,96505071765022,96505074585973,2818.755,2820.951
1,539,96505074118188,96505074116410,96505075478744,1360.556,1362.334
1,540,96505076469368,96505076467799,96505078096422,1627.054,1628.623
1,541,96505078429043,96505078427290,96505080662489,2233.446,2235.199
1,542,96505080780673,96505080778679,96505083515025,2734.352,2736.346
1,543,96505083131692,96505083130067,96505085596785,2465.093,2466.718
1,544,96505085091479,96505085089558,96505087884443,2792.964,2794.885
1,545,96505087443088,96505087440947,96505089584750,2141.662,2143.803
1,546,96505089794437,96505089792335,96505091213805,1419.368,1421.47
1,547,96505091753673,96505091751826,96505093587426,1833.753,1835.6
1,548,96505094105183,96505094103215,96505096727032,2621.849,2623.817
1,549,96505096456533,96505096454603,96505098557553,2101.02,2102.95
1,550,96505098807692,96505098805992,96505101042088,2234.396,2236.096
1,551,96505100767769,96505100765483,96505102893660,2125.891,2128.177
1,552,96505103118947,96505103116871,96505104647649,1528.702,1530.778
1,553,96505105470417,96505105468260,96505106870044,1399.627,1401.784
1,554,96505107429723,96505107427751,96505109663219,2233.496,2235.468
1,555,96505109781463,96505109779139,96505111658766,1877.303,1879.627
1,556,96505112132573,96505112130528,96505113484528,1351.955,1354.0
1,557,96505114092048,96505114090019,96505117027338,2935.29,2937.319
1,558,96505116443678,96505116441407,96505118102205,1658.527,1660.798
1,559,96505118794977,96505118792796,96505120573987,1779.01,1781.191
1,560,96505120754094,96505120752287,96505123006430,2252.336,2254.143
1,561,96505123105704,96505123103675,96505125286397,2180.693,2182.722
1,562,96505125456702,96505125455064,96505126893412,1436.71,1438.348
1,563,96505127808502,96505127806453,96505130176642,2368.14,2370.189
1,564,96505129767728,96505129765943,96505132832382,3064.654,3066.439
1,565,96505132119268,96505132117332,96505133536146,1416.878,1418.814
1,566,96505134470878,96505134468721,96505136503486,2032.608,2034.765
1,567,96505136430264,96505136428211,96505138630248,2199.984,2202.037
1,568,96505138781643,96505138779600,96505140458579,1676.936,1678.979
1,569,96505141133052,96505141130989,96505143623656,2490.604,2492.667
1,570,96505143092339,96505143090479,96505147433935,4341.596,4343.456
1,571,96505145443808,96505145441868,96505148263084,2819.276,2821.216
1,572,96505147795388,96505147793257,96505150297992,2502.604,2504.735
1,573,96505149754313,96505149752747,96505152028181,2273.868,2275.434
1,574,96505152106113,96505152104136,96505154300897,2194.784,2196.761
1,575,96505154457503,96505154455525,96505156282745,1825.242,1827.22
1,576,96505156808782,96505156806914,96505158607833,1799.051,1800.919
1,577,96505158772359,96505158766404,96505161488881,2716.522,2722.477
1,578,96505161119948,96505161117793,96505163345853,2225.905,2228.06
1,579,96505163471037,96505163469182,96505166690586,3219.549,3221.404
1,580,96505165430523,96505165428672,96505178155064,12724.541,12726.392
1,581,96505167782003,96505167780061,96505178155064,10373.061,10375.003
1,582,96505170133483,96505170131450,96505178155064,8021.581,8023.614
1,583,96505172093329,96505172090940,96505180602177,8508.848,8511.237
1,584,96505174444688,96505174442329,96505180602177,6157.489,6159.848
1,585,96505176796757,96505176793718,96505198123899,21327.142,21330.181
1,586,96505178756284,96505178753208,96505198123899,19367.615,19370.691
1,587,96505181107594,96505181104597,96505198123899,17016.305,17019.302
1,588,96505183458863,96505183455986,96505198123899,14665.036,14667.913
1,589,96505185810352,96505185807374,96505198123899,12313.547,12316.525
1,590,96505187779259,96505187766865,96505198123899,10344.64,10357.034
1,591,96505190121138,96505190118254,96505210231198,20110.06,20112.944
1,592,96505192473228,96505192469642,96505210231198,17757.97,17761.556
1,593,96505194431324,96505194429133,96505210231198,15799.874,15802.065
1,594,96505196782854,96505196780522,96505210231198,13448.344,13450.676
1,595,96505199133932,96505199131910,96505210715684,11581.752,11583.774
1,596,96505201093339,96505201091401,96505211727829,10634.49,10636.428
1,597,96505203444978,96505203442790,96505212888487,9443.509,9445.697
1,598,96505205796808,96505205794178,96505212888487,7091.679,7094.309
1,599,96505207755394,96505207753669,96505213827189,6071.795,6073.52
1,600,96505210107143,96505210105058,96505213853750,3746.607,3748.692
1,601,96505212458323,96505212456446,96505215065821,2607.498,2609.375
1,602,96505214809342,96505214807835,96505217674300,2864.958,2866.465
1,603,96505216779449,96505216767326,96505220683401,3903.952,3916.075
1,604,96505219120868,96505219118714,96505223530877,4410.009,4412.163
1,605,96505221472047,96505221470103,96505225112490,3640.443,3642.387
1,606,96505223431624,96505223429594,96505226646142,3214.518,3216.548
1,607,96505225782913,96505225780982,96505228013209,2230.296,2232.227
1,608,96505228133993,96505228132371,96505230462272,2328.279,2329.901
1,609,96505230093619,96505230091862,96505232284073,2190.454,2192.211
1,610,96505232444808,96505232443250,96505234143236,1698.428,1699.986
1,611,96505234796548,96505234794639,96505236210716,1414.168,1416.077
1,612,96505236755754,96505236754130,96505239217107,2461.353,2462.977
1,613,96505239107114,96505239105518,96505241023788,1916.674,1918.27
1,614,96505241458543,96505241456907,96505243051037,1592.494,1594.13
1,615,96505243810082,96505243808296,96505245292692,1482.61,1484.396
1,616,96505245775499,96505245767787,96505247786097,2010.598,2018.31
1,617,96505248120728,96505248119175,96505249648520,1527.792,1529.345
1,618,96505250471998,96505250470564,96505252587059,2115.061,2116.495
1,619,96505252431574,96505252430055,96505254526845,2095.271,2096.79
1,620,96505254783194,96505254781443,96505256343636,1560.442,1562.193
1,621,96505257134502,96505257132832,96505258500609,1366.107,1367.777
1,622,96505259093739,96505259092323,96505261117317,2023.578,2024.994
1,623,96505261445238,96505261443711,96505263662084,2216.846,2218.373
1,624,96505263796768,96505263795100,96505265386952,1590.184,1591.852
1,625,96505265756245,96505265754591,96505268024701,2268.456,2270.11
1,626,96505268108024,96505268105979,96505270798495,2690.471,2692.516
1,627,96505270458853,96505270457368,96505272476361,2017.508,2018.993
1,628,96505272810403,96505272808757,96505274704577,1894.174,1895.82
1,629,96505274773899,96505274768247,96505277034906,2261.007,2266.659
1,630,96505277121499,96505277119636,96505278251057,1129.558,1131.421
1,631,96505279472608,96505279471025,96505281060961,1588.353,1589.936
1,632,96505281432124,96505281430515,96505283547456,2115.332,2116.941
1,633,96505283783503,96505283781904,96505285270613,1487.11,1488.709
1,634,96505286134813,96505286133293,96505287828230,1693.417,1694.937
1,635,96505288094329,96505288092783,96505290336845,2242.516,2244.062
1,636,96505290445569,96505290444172,96505292298951,1853.382,1854.779
1,637,96505292797078,96505292795561,96505294200136,1403.058,1404.575
1,638,96505294757064,96505294755051,96505296629678,1872.614,1874.627
1,639,96505297107934,96505297106440,96505299270957,2163.023,2164.517
1,640,96505299459523,96505299457829,96505301555984,2096.461,2098.155
1,641,96505301810953,96505301809217,96505303714177,1903.224,1904.96
1,642,96505303774379,96505303768708,96505305723055,1948.676,1954.347
1,643,96505306121598,96505306120097,96505308035773,1914.175,1915.676
1,644,96505308473098,96505308471485,96505310360362,1887.264,1888.877
1,645,96505310432714,96505310430976,96505313092894,2660.18,2661.918
1,646,96505312784424,96505312782365,96505314844183,2059.759,2061.818
1,647,96505315135452,96505315133754,96505317764232,2628.78,2630.478
1,648,96505317094849,96505317093244,96505320366980,3272.131,3273.736
1,649,96505319446739,96505319444633,96505322455781,3009.042,3011.148
1,650,96505321797918,96505321796022,96505323818827,2020.909,2022.805
1,651,96505323757135,96505323755512,96505326562480,2805.345,2806.968
1,652,96505328807025,96505326106901,96505374627353,45820.328,48520.452
1,653,96505328834466,96505328458290,96505374627353,45792.887,46169.063
1,654,96505330812403,96505330809678,96505374627353,43814.95,43817.675
1,655,96505332784499,96505332769169,96505374627353,41842.854,41858.184
1,656,96505335122119,96505335120558,96505374627353,39505.234,39506.795
1,657,96505337473258,96505337471946,96505374627353,37154.095,37155.407
1,658,96505344408292,96505339431437,96505374627353,30219.061,35195.916
1,659,96505344699402,96505341782826,96505374627353,29927.951,32844.527
1,660,96505344702162,96505344134214,96505374627353,29925.191,30493.139
1,661,96505346095459,96505346093705,96505374627353,28531.894,28533.648
1,662,96505348447219,96505348445094,96505374627353,26180.134,26182.259
1,663,96505350798029,96505350796482,96505374627353,23829.324,23830.871
1,664,96505352757435,96505352755973,96505374627353,21869.918,21871.38
1,665,96505355108934,96505355107362,96505374627353,19518.419,19519.991
1,666,96505357460623,96505357458750,96505374627353,17166.73,17168.603
1,667,96505359811463,96505359810139,96505374627353,14815.89,14817.214
1,668,96505361773679,96505361769630,96505374627353,12853.674,12857.723
1,669,96505364123779,96505364121018,96505374627353,10503.574,10506.335
1,670,96505366474998,96505366472407,96505374627353,8152.355,8154.946
1,671,96505368433684,96505368431898,96505374627353,6193.669,6195.455
1,672,96505370785094,96505370783286,96505374627353,3842.259,3844.067
1,673,96505373136554,96505373134675,96505375435581,2299.027,2300.906
1,674,96505375095680,96505375094166,96505376959793,1864.113,1865.627
1,675,96505377447069,96505377445554,96505378923689,1476.62,1478.135
1,676,96505379799018,96505379796943,96505384058303,4259.285,4261.36
1,677,96505381758485,96505381756434,96505385816802,4058.317,4060.368
1,678,96505384110364,96505384107822,96505388109389,3999.025,4001.567
1,679,96505386461304,96505386459211,96505389795977,3334.673,3336.766
1,680,96505388812843,96505388810600,96505392023721,3210.878,3213.121
1,681,96505390779020,96505390770090,96505394554307,3775.287,3784.217
1,682,96505393122739,96505393121479,96505397319140,4196.401,4197.661
1,683,96505395474238,96505395472868,96505398534791,3060.553,3061.923
1,684,96505397433985,96505397432358,96505399727892,2293.907,2295.534
1,685,96505399785143,96505399783747,96505401325716,1540.573,1541.969
1,686,96505402136483,96505402135136,96505404036227,1899.744,1901.091
1,687,96505404096499,96505404094626,96505406239212,2142.713,2144.586
1,688,96505406447589,96505406446015,96505408310272,1862.683,1864.257
1,689,96505408798879,96505408797404,96505410706133,1907.254,1908.729
1,690,96505410758265,96505410756894,96505413741576,2983.311,2984.682
1,691,96505413110034,96505413108283,96505419861782,6751.748,6753.499
1,692,96505415462183,96505415459672,96505419861782,4399.599,4402.11
1,693,96505417813253,96505417811061,96505420242735,2429.482,2431.674
1,694,96505419774769,96505419770551,96505422033236,2258.467,2262.685
1,695,96505422123589,96505422121940,96505425018847,2895.258,2896.907
1,696,96505424474878,96505424473329,96505425675449,1200.571,1202.12
1,697,96505426434274,96505426432819,96505428675950,2241.676,2243.131
1,698,96505428785714,96505428784208,96505430371577,1585.863,1587.369
1,699,96505431137124,96505431135597,96505432554261,1417.137,1418.664
1,700,96505433096610,96505433095087,96505434859539,1762.929,1764.452
1,701,96505435448129,96505435446476,96505436650019,1201.89,1203.543
1,702,96505437799388,96505437797865,96505439679243,1879.855,1881.378
1,703,96505439758885,96505439757355,96505441332148,1573.263,1574.793
1,704,96505442110554,96505442108744,96505443722838,1612.284,1614.094
1,705,96505444461464,96505444460133,96505446098619,1637.155,1638.486
1,706,96505446812993,96505446811521,96505448376186,1563.193,1564.665
1,707,96505448773719,96505448771012,96505451708239,2934.52,2937.227
1,708,96505451124199,96505451122401,96505453743388,2619.189,2620.987
1,709,96505453475528,96505453473789,96505456458659,2983.131,2984.87
1,710,96505455434875,96505455433280,96505457082360,1647.485,1649.08
1,711,96505457786164,96505457784669,96505459262894,1476.73,1478.225
1,712,96505460137563,96505460136057,96505461814440,1676.877,1678.383
1,713,96505462097250,96505462095548,96505463885820,1788.57,1790.272
1,714,96505464448239,96505464446937,96505466358974,1910.735,1912.037
1,715,96505466800169,96505466798325,96505468740664,1940.495,1942.339
1,716,96505469151099,96505469149714,96505471180397,2029.298,2030.683
1,717,96505471110574,96505471109205,96505473215655,2105.081,2106.45
1,718,96505473462024,96505473460593,96505474981515,1519.491,1520.922
1,719,96505475813583,96505475811982,96505477050405,1236.822,1238.423
1,720,96505477773370,96505477771473,96505480204441,2431.071,2432.968
1,721,96505480124999,96505480122862,96505482736637,2611.638,2613.775
1,722,96505482476009,96505482474250,96505484988853,2512.844,2514.603
1,723,96505484434984,96505484433741,96505486992241,2557.257,2558.5
1,724,96505486786904,96505486785130,96505488992169,2205.265,2207.039
1,725,96505489137984,96505489136518,96505491024308,1886.324,1887.79
1,726,96505491097480,96505491096009,96505493398777,2301.297,2302.768
1,727,96505493449060,96505493447398,96505495385485,1936.425,1938.087
1,728,96505495800318,96505495798786,96505497253808,1453.49,1455.022
1,729,96505498152048,96505498150175,96505500434635,2282.587,2284.46
1,730,96505500112354,96505500109666,96505503170308,3057.954,3060.642
1,731,96505502463234,96505502461054,96505504490472,2027.238,2029.418
1,732,96505504814544,96505504812443,96505506540152,1725.608,1727.709
1,733,96505506778730,96505506771934,96505508934203,2155.473,2162.269
1,734,96505509124809,96505509123322,96505511212540,2087.731,2089.218
1,735,96505511476128,96505511474711,96505513386213,1910.085,1911.502
1,736,96505513436015,96505513434202,96505515504855,2068.84,2070.653
1,737,96505515786875,96505515785590,96505517137870,1350.995,1352.28
1,738,96505518138534,96505518136979,96505519742858,1604.324,1605.879
1,739,96505520098310,96505520096470,96505522596874,2498.564,2500.404
1,740,96505522450579,96505522447858,96505523460244,1009.665,1012.386
1,741,96505524801999,96505524799247,96505526939131,2137.132,2139.884
1,742,96505527152939,96505527150636,96505528205794,1052.855,1055.158
1,743,96505529111795,96505529110126,96505638140339,109028.544,109030.213
1,744,96505531463885,96505531461515,96505638140339,106676.454,106678.824
1,745,96505533814173,96505533812904,96505638140339,104326.166,104327.435
1,746,96505535773900,96505535772394,96505638140339,102366.439,102367.945
1,747,96505538126589,96505538123783,96505638140339,100013.75,100016.556
1,748,96505540478179,96505540475172,96505638140339,97662.16,97665.167
1,749,96505542437605,96505542434662,96505638140339,95702.734,95705.677
1,750,96505544788664,96505544786051,96505638140339,93351.675,93354.288
1,751,96505551285324,96505547137440,96505638140339,86855.015,91002.899
1,752,96505551294094,96505549096930,96505638140339,86846.245,89043.409
1,753,96505551450910,96505551448319,96505638140339,86689.429,86692.02
1,754,96505554021467,96505553799708,96505638140339,84118.872,84340.631
1,755,96505556511171,96505556151097,96505638140339,81629.168,81989.242
1,756,96505563023761,96505558110587,96505638140339,75116.578,80029.752
1,757,96505574164828,96505560461976,96505638140339,63975.511,77678.363
1,758,96505582061314,96505562813365,96505638140339,56079.025,75326.974
1,759,96505585723487,96505564772855,96505638140339,52416.852,73367.484
1,760,96505587569760,96505567124244,96505638140339,50570.579,71016.095
1,761,96505589056530,96505569475633,96505638140339,49083.809,68664.706
1,762,96505590506490,96505571435123,96505638140339,47633.849,66705.216
1,763,96505591709500,96505573786512,96505638140339,46430.839,64353.827
1,764,96505593063436,96505576137901,96505638140339,45076.903,62002.438
1,765,96505594557686,96505578097391,96505638140339,43582.653,60042.948
1,766,96505595100624,96505580448780,96505638140339,43039.715,57691.559
1,767,96505596622907,96505582800169,96505638140339,41517.432,55340.17
1,768,96505597655391,96505585151557,96505638140339,40484.948,52988.782
1,769,96505599164932,96505587111048,96505638140339,38975.407,51029.291
1,770,96505600684124,96505589462437,96505638140339,37456.215,48677.902
1,771,96505601746029,96505591813825,96505638140339,36394.31,46326.514
1,772,96505602735043,96505593773316,96505638140339,35405.296,44367.023
1,773,96505604190242,96505596124705,96505638140339,33950.097,42015.634
1,774,96505605546767,96505598476093,96505638140339,32593.572,39664.246
1,775,96505606337395,96505600435584,96505638140339,31802.944,37704.755
1,776,96505608014771,96505602786973,96505638140339,30125.568,35353.366
1,777,96505609646037,96505605138361,96505638140339,28494.302,33001.978
1,778,96505609670047,96505607097852,96505638140339,28470.292,31042.487
1,779,96505615098491,96505609449241,96505638140339,23041.848,28691.098
1,780,96505615102231,96505611800629,96505638140339,23038.108,26339.71
1,781,96505615105411,96505614152018,96505638140339,23034.928,23988.321
1,782,96505616113135,96505616111509,96505638140339,22027.204,22028.83
1,783,96505618464194,96505618462897,96505638140339,19676.145,19677.442
1,784,96505620815904,96505620814286,96505638140339,17324.435,17326.053
1,785,96505622776720,96505622773777,96505638140339,15363.619,15366.562
1,786,96505625126740,96505625125165,96505638140339,13013.599,13015.174
1,787,96505627478599,96505627476554,96505638140339,10661.74,10663.785
1,788,96505629438115,96505629436045,96505638140339,8702.224,8704.294
1,789,96505631789305,96505631787433,96505638140339,6351.034,6352.906
1,790,96505634140424,96505634138822,96505638140339,3999.915,4001.517
1,791,96505636100461,96505636098313,96505639731963,3631.502,3633.65
1,792,96505638451529,96505638449701,96505641057728,2606.199,2608.027
1,793,96505640802539,96505640801090,96505642175635,1373.096,1374.545
1,794,96505643154609,96505643152479,96505647853107,4698.498,4700.628
1,795,96505645113575,96505645111969,96505647853107,2739.532,2741.138
1,796,96505647465245,96505647463358,96505648925724,1460.479,1462.366
1,797,96505649816834,96505649814747,96505651451829,1634.995,1637.082
1,798,96505651781781,96505651774238,96505655060051,3278.27,3285.813
1,799,96505654130149,96505654125626,96505657160383,3030.234,3034.757
1,800,96505656480309,96505656477015,96505660615638,4135.329,4138.623
1,801,96505658439355,96505658436506,96505662436600,3997.245,4000.094
1,802,96505660790435,96505660787894,96505663386992,2596.557,2599.098
1,803,96505663141334,96505663139283,96505667980098,4838.764,4840.815
1,804,96505665100920,96505665098774,96505671250038,6149.118,6151.264
1,805,96505667452340,96505667450162,96505671250038,3797.698,3799.876
1,806,96505669803720,96505669801551,96505673728792,3925.072,3927.241
1,807,96505672154829,96505672152940,96505674463547,2308.718,2310.607
1,808,96505674114445,96505674112430,96505676660461,2546.016,2548.031
1,809,96505676465454,96505676463819,96505678517664,2052.21,2053.845
1,810,96505678817024,96505678815208,96505680734288,1917.264,1919.08
1,811,96505680776210,96505680774698,96505682729326,1953.116,1954.628
1,812,96505683127530,96505683126087,96505686219064,3091.534,3092.977
1,813,96505685478929,96505685477476,96505688394367,2915.438,2916.891
1,814,96505687438445,96505687436966,96505689706072,2267.627,2269.106
1,815,96505689789555,96505689788355,96505691949528,2159.973,2161.173
1,816,96505692141464,96505692139744,96505694618638,2477.174,2478.894
1,817,96505694100581,96505694099234,96505696108929,2008.348,2009.695
1,818,96505696452050,96505696450623,96505698132397,1680.347,1681.774
1,819,96505698803329,96505698802012,96505700246018,1442.689,1444.006
1,820,96505701154779,96505701153400,96505702562876,1408.097,1409.476
1,821,96505703114275,96505703112891,96505705752744,2638.469,2639.853
1,822,96505705466135,96505705464280,96505707258665,1792.53,1794.385
1,823,96505707817334,96505707815668,96505710337919,2520.585,2522.251
1,824,96505709778441,96505709775159,96505712057167,2278.726,2282.008
1,825,96505712128380,96505712126548,96505714317374,2188.994,2190.826
1,826,96505714479239,96505714477937,96505716444325,1965.086,1966.388
1,827,96505716438846,96505716437427,96505718352200,1913.354,1914.773
1,828,96505718790145,96505718788816,96505719767708,977.563,978.892
1,829,96505721141434,96505721140205,96505722421898,1280.464,1281.693
1,830,96505723101010,96505723099695,96505725215112,2114.102,2115.417
1,831,96505725452730,96505725451084,96505727506060,2053.33,2054.976
1,832,96505727803930,96505727802473,96505729563639,1759.709,1761.166
1,833,96505730155309,96505730153861,96505731970211,1814.902,1816.35
1,834,96505732114826,96505732113352,96505733843794,1728.968,1730.442
1,835,96505734466174,96505734464741,96505736946409,2480.235,2481.668
1,836,96505736817634,96505736816129,96505738161520,1343.886,1345.391
1,837,96505738777140,96505738775620,96505740485048,1707.908,1709.428
1,838,96505741128470,96505741127009,96505743006513,1878.043,1879.504
1,839,96505743480130,96505743478397,96505744985520,1505.39,1507.123
1,840,96505745439215,96505745437888,96505747622340,2183.125,2184.452
1,841,96505747790765,96505747789277,96505749507103,1716.338,1717.826
1,842,96505750142254,96505750140665,96505752005487,1863.233,1864.822
1,843,96505752101561,96505752100156,96505753727826,1626.265,1627.67
1,844,96505754452790,96505754451545,96505755950321,1497.531,1498.776
1,845,96505756804430,96505756802933,96505758632632,1828.202,1829.699
1,846,96505759155839,96505759154322,96505761094834,1938.995,1940.512
1,847,96505761115165,96505761113813,96505762954507,1839.342,1840.694
1,848,96505763466445,96505763465201,96505765311957,1845.512,1846.756
1,849,96505765817885,96505765816590,96505767174990,1357.105,1358.4
1,850,96505767777551,96505767776081,96505769869971,2092.42,2093.89
1,851,96505770129030,96505770127469,96505771657432,1528.402,1529.963
1,852,96505772480339,96505772478858,96505774881401,2401.062,2402.543
1,853,96505774439596,96505774438349,96505776619030,2179.434,2180.681
1,854,96505776791235,96505776789737,96505778260405,1469.17,1470.668
1,855,96505779142655,96505779141126,96505780463299,1320.644,1322.173
1,856,96505781102140,96505781100617,96505783032346,1930.206,1931.729
1,857,96505783453290,96505783452005,96505784531886,1078.596,1079.881
1,858,96505785804800,96505785803394,96505787225698,1420.898,1422.304
1,859,96505788156639,96505788154783,96505789617489,1460.85,1462.706
1,860,96505790115596,96505790114273,96505792653981,2538.385,2539.708
1,861,96505792467054,96505792465662,96505793805600,1338.546,1339.938
1,862,96505794818664,96505794817051,96505796914555,2095.891,2097.504
1,863,96505796778010,96505796776541,96505800505126,3727.116,3728.585
1,864,96505799129250,96505799127930,96505801471799,2342.549,2343.869
1,865,96505801480820,96505801479319,96505802992671,1511.851,1513.352
1,866,96505803440036,96505803438809,96505805171894,1731.858,1733.085
1,867,96505805792325,96505805790198,96505807879996,2087.671,2089.798
1,868,96505808143494,96505808141587,96505809901184,1757.69,1759.597
1,869,96505810102311,96505810101077,96505812199142,2096.831,2098.065
1,870,96505812453941,96505812452466,96505815595286,3141.345,3142.82
1,871,96505814805490,96505814803855,96505816721655,1916.165,1917.8
1,872,96505817156859,96505817155244,96505819120846,1963.987,1965.602
1,873,96505819116105,96505819114734,96505821053141,1937.036,1938.407
1,874,96505821467615,96505821466123,96505822960506,1492.891,1494.383
1,875,96505823818795,96505823817512,96505826350320,2531.525,2532.808
1,876,96505825778301,96505825777002,96505827994915,2216.614,2217.913
1,877,96505828130040,96505828128391,96505830126117,1996.077,1997.726
1,878,96505830481209,96505830479780,96505831723682,1242.473,1243.902
1,879,96505832441416,96505832439270,96505837018091,4576.675,4578.821
1,880,96505834791925,96505834790659,96505847014748,12222.823,12224.089
1,881,96505837143185,96505837142048,96505847014748,9871.563,9872.7
1,882,96505839102970,96505839101538,96505847014748,7911.778,7913.21
1,883,96505841455540,96505841452927,96505847014748,5559.208,5561.821
1,884,96505843805730,96505843804316,96505847739773,3934.043,3935.457
1,885,96505846157569,96505846155704,96505849267975,3110.406,3112.271
1,886,96505848117106,96505848115195,96505850251838,2134.732,2136.643
1,887,96505850468025,96505850466584,96505851838881,1370.856,1372.297
1,888,96505852819494,96505852817972,96505854363106,1543.612,1545.134
1,889,96505854778831,96505854777463,96505857681809,2902.978,2904.346
1,890,96505857130050,96505857128852,96505858322020,1191.97,1193.168
1,891,96505859481790,96505859480240,96505861384954,1903.164,1904.714
1,892,96505861442766,96505861439731,96505863812966,2370.2,2373.235
1,893,96505863792385,96505863791120,96505866394104,2601.719,2602.984
1,894,96505866144465,96505866142508,96505867933635,1789.17,1791.127
1,895,96505868104341,96505868101999,96505870301415,2197.074,2199.416
1,896,96505870455851,96505870453388,96505872705977,2250.126,2252.589
1,897,96505872806600,96505872804776,96505874579860,1773.26,1775.084
1,898,96505875157840,96505875156165,96505876830816,1672.976,1674.651
1,899,96505877116975,96505877115656,96505879237417,2120.442,2121.761
1,900,96505879468695,96505879467044,96505880955925,1487.23,1488.881
1,901,96505881819895,96505881818433,96505883337056,1517.161,1518.623
1,902,96505883780341,96505883777924,96505885892052,2111.711,2114.128
1,903,96505886131191,96505886129313,96505888121598,1990.407,1992.285
1,904,96505888482529,96505888480701,96505890877761,2395.232,2397.06
1,905,96505890441866,96505890440192,96505892405982,1964.116,1965.79
1,906,96505892792965,96505892791581,96505894411430,1618.465,1619.849
1,907,96505895144395,96505895142969,96505896573613,1429.218,1430.644
1,908,96505897104181,96505897102460,96505899171391,2067.21,2068.931
1,909,96505899455450,96505899453849,96505900396502,941.052,942.653
1,910,96505901806690,96505901805237,96505903107774,1301.084,1302.537
1,911,96505904158299,96505904156626,96505906022182,1863.883,1865.556
1,912,96505906118036,96505906116117,96505908348251,2230.215,2232.134
1,913,96505908468866,96505908467505,96505910073760,1604.894,1606.255
1,914,96505910820245,96505910818894,96505912514922,1694.677,1696.028
1,915,96505912779771,96505912778385,96505914721417,1941.646,1943.032
1,916,96505915136381,96505915129773,96505916875789,1739.408,1746.016
1,917,96505917487290,96505917481162,96505919878770,2391.48,2397.608
1,918,96505919449616,96505919440653,96505921732894,2283.278,2292.241
1,919,96505921797476,96505921792041,96505923730341,1932.865,1938.3
1,920,96505924148105,96505924143430,96505925546833,1398.728,1403.403
1,921,96505926107822,96505926102921,96505928193392,2085.57,2090.471
1,922,96505928459530,96505928454309,96505929980982,1521.452,1526.673
1,923,96505930811150,96505930805698,96505932131735,1320.585,1326.037
1,924,96505933161910,96505933157087,96505934853177,1691.267,1696.09
1,925,96505935121476,96505935116577,96505937297419,2175.943,2180.842
1,926,96505937472746,96505937467966,96505939956289,2483.543,2488.323
1,927,96505939824095,96505939819355,96505941436820,1612.725,1617.465
1,928,96505941783651,96505941778845,96505943909113,2125.462,2130.268
1,929,96505944135491,96505944130234,96505945596390,1460.899,1466.156
1,930,96505946486510,96505946481623,96505948372714,1886.204,1891.091
1,931,96505948447797,96505948441113,96505950578299,2130.502,2137.186
1,932,96505950797125,96505950792502,96505952284636,1487.511,1492.134
1,933,96505953149225,96505953143891,96505955296567,2147.342,2152.676
1,934,96505955108761,96505955103381,96505957156151,2047.39,2052.77
1,935,96505957458641,96505957454770,96505959094896,1636.255,1640.126
1,936,96505959810991,96505959806159,96505961222788,1411.797,1416.629
1,937,96505962162189,96505962157548,96505964505299,2343.11,2347.751
1,938,96505964121656,96505964117038,96505966718574,2596.918,2601.536
1,939,96505966473075,96505966468427,96505968061360,1588.285,1592.933
1,940,96505968824055,96505968819816,96505970656047,1831.992,1836.231
1,941,96505970783841,96505970779306,96505972871102,2087.261,2091.796
1,942,96505973134690,96505973130695,96505974745255,1610.565,1614.56
1,943,96505975485700,96505975482084,96505976976531,1490.831,1494.447
1,944,96505977445566,96505977441574,96505979084172,1638.606,1642.598
1,945,96505979796806,96505979792963,96505981408700,1611.894,1615.737
1,946,96505982147786,96505982144352,96505984636930,2489.144,2492.578
1,947,96505984107942,96505984103842,96505986501003,2393.061,2397.161
1,948,96505986459531,96505986455231,96505989031198,2571.667,2575.967
1,949,96505988812170,96505988806620,96505990334971,1522.801,1528.351
1,950,96505991161520,96505991158008,96505992952330,1790.81,1794.322
1,951,96505993121246,96505993117499,96505995850278,2729.032,2732.779
1,952,96505995473116,96505995468888,96505997028509,1555.393,1559.621
1,953,96505997829595,96505997820276,96505999253843,1424.248,1433.567
1,954,96505999784791,96505999779767,96506001289152,1504.361,1509.385
1,955,96506002137281,96506002131156,96506004799540,2662.259,2668.384
1,956,96506004487500,96506004482544,96506006436446,1948.946,1953.902
1,957,96506006446747,96506006442035,96506009146588,2699.841,2704.553
1,958,96506008798476,96506008793424,96506010452932,1654.456,1659.508
1,959,96506011149585,96506011144812,96506012179520,1029.935,1034.708
1,960,96506013109681,96506013104303,96506015326287,2216.606,2221.984
1,961,96506015460631,96506015455692,96506017196540,1735.909,1740.848
1,962,96506017812211,96506017807080,96506019988734,2176.523,2181.654
1,963,96506020162900,96506020158469,96506021577508,1414.608,1419.039
1,964,96506022122306,96506022117960,96506024106223,1983.917,1988.263
1,965,96506024474045,96506024469348,96506026147353,1673.308,1678.005
1,966,96506026825385,96506026820737,96506028288924,1463.539,1468.187
1,967,96506028785062,96506028780228,96506030479379,1694.317,1699.151
1,968,96506031135931,96506031131616,96506032873589,1737.658,1741.973
1,969,96506033485190,96506033483005,96506035410535,1925.345,1927.53
1,970,96506035444256,96506035442496,96506037176935,1732.679,1734.439
1,971,96506037795186,96506037793884,96506039406410,1611.224,1612.526
1,972,96506040147016,96506040145273,96506042139423,1992.407,1994.15
1,973,96506042106271,96506042104764,96506043794928,1688.657,1690.164
1,974,96506044457661,96506044456152,96506045995083,1537.422,1538.931
1,975,96506046808970,96506046807541,96506047866146,1057.176,1058.605
1,976,96506049160200,96506049158930,96506050831606,1671.406,1672.676
1,977,96506051119946,96506051118421,96506053456495,2336.549,2338.074
1,978,96506053471105,96506053469809,96506055275407,1804.302,1805.598
1,979,96506055822435,96506055821198,96506057710159,1887.724,1888.961
1,980,96506057781871,96506057780689,96506059716587,1934.716,1935.898
1,981,96506060133361,96506060132077,96506062229742,2096.381,2097.665
1,982,96506062485051,96506062483466,96506064826780,2341.729,2343.314
1,983,96506064444327,96506064442957,96506066433044,1988.717,1990.087
1,984,96506066795736,96506066794345,96506068056308,1260.572,1261.963
1,985,96506069147155,96506069145734,96506070755169,1608.014,1609.435
1,986,96506071106452,96506071105225,96506072951534,1845.082,1846.309
1,987,96506073458031,96506073456613,96506075076706,1618.675,1620.093
1,988,96506075809551,96506075808002,96506077315451,1505.9,1507.449
1,989,96506078160720,96506078159391,96506079956111,1795.391,1796.72
1,990,96506080120206,96506080118881,96506082251278,2131.072,2132.397
1,991,96506082471596,96506082470270,96506084533075,2061.479,2062.805
1,992,96506084822865,96506084821659,96506086685688,1862.823,1864.029
1,993,96506086782562,96506086781149,96506088967845,2185.283,2186.696
1,994,96506089134490,96506089132538,96506091150299,2015.809,2017.761
1,995,96506091485410,96506091483927,96506093255541,1770.131,1771.614
1,996,96506093444686,96506093443417,96506095401523,1956.837,1958.106
1,997,96506095796276,96506095794806,96506097260265,1463.989,1465.459
1,998,96506098147526,96506098146195,96506100646360,2498.834,2500.165
1,999,96506100107082,96506100105685,96506101798669,1691.587,1692.984
1,1000,96506102458421,96506102457074,96506103385973,927.552,928.899
1,1001,96506104809991,96506104808463,96506106502108,1692.117,1693.645
1,1002,96506107161630,96506107159851,96506108991412,1829.782,1831.561
1,1003,96506109120707,96506109119342,96506111355132,2234.425,2235.79
1,1004,96506111472006,96506111470731,96506112426258,954.252,955.527
1,1005,96506113823595,96506113822120,96506115919336,2095.741,2097.216
1,1006,96506115783431,96506115781610,96506117466479,1683.048,1684.869
1,1007,96506118134331,96506118132999,96506120363686,2229.355,2230.687
1,1008,96506120486041,96506120484388,96506122142216,1656.175,1657.828
1,1009,96506122445637,96506122443878,96506124162365,1716.728,1718.487
1,1010,96506124796516,96506124795267,96506126271476,1474.96,1476.209
1,1011,96506127148365,96506127146656,96506128589674,1441.309,1443.018
1,1012,96506129107792,96506129106146,96506131300816,2193.024,2194.67
1,1013,96506131458961,96506131457535,96506133731788,2272.827,2274.253
1,1014,96506133810651,96506133808924,96506135696655,1886.004,1887.731
1,1015,96506136161561,96506136160312,96506137518636,1357.075,1358.324
1,1016,96506138121146,96506138119803,96506140793986,2672.84,2674.183
1,1017,96506140472506,96506140471192,96506141504550,1032.044,1033.358
1,1018,96506142823775,96506142822580,96506144479981,1656.206,1657.401
1,1019,96506144783442,96506144782071,96506146301363,1517.921,1519.292
1,1020,96506147134941,96506147133460,96506148597531,1462.59,1464.071
1,1021,96506149486220,96506149484848,96506151012102,1525.882,1527.254
1,1022,96506151445637,96506151444339,96506154523640,3078.003,3079.301
1,1023,96506153797156,96506153795728,96506156427016,2629.86,2631.288
1,1024,96506156148566,96506156147116,96506157555084,1406.518,1407.968
1,1025,96506158107952,96506158106607,96506160360498,2252.546,2253.891
1,1026,96506160459691,96506160457996,96506162239962,1780.271,1781.966
1,1027,96506162811031,96506162809384,96506164807258,1996.227,1997.874
1,1028,96506165162320,96506165160773,96506167015343,1853.023,1854.57
1,1029,96506167121487,96506167120264,96506169441045,2319.558,2320.781
1,1030,96506169472906,96506169471652,96506171333238,1860.332,1861.586
1,1031,96506171824526,96506171823041,96506173279284,1454.758,1456.243
1,1032,96506173784571,96506173782532,96506176091490,2306.919,2308.958
1,1033,96506176135311,96506176133920,96506178207851,2072.54,2073.931
1,1034,96506178487091,96506178485309,96506180504229,2017.138,2018.92
1,1035,96506180446207,96506180444800,96506182621460,2175.253,2176.66
1,1036,96506182806256,96506182796188,96506184346959,1540.703,1550.771
1,1037,96506185149055,96506185147577,96506187580178,2431.123,2432.601
1,1038,96506187108662,96506187107068,96506189246285,2137.623,2139.217
1,1039,96506189459751,96506189458456,96506191535021,2075.27,2076.565
1,1040,96506191811251,96506191809845,96506193952894,2141.643,2143.049
1,1041,96506194162651,96506194161234,96506195785925,1623.274,1624.691
1,1042,96506196122187,96506196120724,96506198300640,2178.453,2179.916
1,1043,96506198473316,96506198472113,96506199896134,1422.818,1424.021
1,1044,96506200824745,96506200823502,96506202726550,1901.805,1903.048
1,1045,96506202784342,96506202782992,96506205401040,2616.698,2618.048
1,1046,96506205135842,96506205134381,96506206592101,1456.259,1457.72
1,1047,96506207487250,96506207485770,96506208988311,1501.061,1502.541
1,1048,96506209446557,96506209445260,96506211542487,2095.93,2097.227
1,1049,96506211798746,96506211796649,96506213664559,1865.813,1867.91
1,1050,96506214149486,96506214148038,96506215629386,1479.9,1481.348
1,1051,96506216109142,96506216107528,96506218193073,2083.931,2085.545
1,1052,96506218460422,96506218458917,96506220484790,2024.368,2025.873
1,1053,96506220812181,96506220810306,96506222006052,1193.871,1195.746
1,1054,96506223163450,96506223161695,96506225578722,2415.272,2417.027
1,1055,96506225122657,96506225121185,96506227067483,1944.826,1946.298
1,1056,96506227474036,96506227472574,96506228930566,1456.53,1457.992
1,1057,96506229825446,96506229823963,96506231687909,1862.463,1863.946
1,1058,96506231785001,96506231783453,96506233463938,1678.937,1680.485
1,1059,96506234136121,96506234134842,96506236735119,2598.998,2600.277
1,1060,96506236487651,96506236486231,96506238347314,1859.663,1861.083
1,1061,96506238447177,96506238445721,96506240515727,2068.55,2070.006
1,1062,96506240798567,96506240797110,96506242312087,1513.52,1514.977
1,1063,96506243149775,96506243148499,96506244708519,1558.744,1560.02
1,1064,96506245109782,96506245107989,96506247862435,2752.653,2754.446
1,1065,96506247461071,96506247459378,96506250528955,3067.884,3069.577
1,1066,96506249812141,96506249810767,96506252428209,2616.068,2617.442
1,1067,96506252163421,96506252162155,96506254668685,2505.264,2506.53
1,1068,96506254123257,96506254121646,96506256323181,2199.924,2201.535
1,1069,96506256474296,96506256473035,96506258475964,2001.668,2002.929
1,1070,96506258825726,96506258824423,96506260171031,1345.305,1346.608
1,1071,96506260786382,96506260783914,96506262835921,2049.539,2052.007
1,1072,96506263136912,96506263135303,96506265184621,2047.709,2049.318
1,1073,96506265488281,96506265486691,96506268033897,2545.616,2547.206
1,1074,96506267447537,96506267446182,96506271042119,3594.582,3595.937
1,1075,96506269798806,96506269797571,96506271431181,1632.375,1633.61
1,1076,96506272150446,96506272148959,96506273598495,1448.049,1449.536
1,1077,96506274109712,96506274108450,96506276319467,2209.755,2211.017
1,1078,96506276461852,96506276459839,96506279886287,3424.435,3426.448
1,1079,96506278812581,96506278811227,96506280581071,1768.49,1769.844
1,1080,96506281164500,96506281162616,96506282513216,1348.716,1350.6
1,1081,96506283123547,96506283122107,96506285152306,2028.759,2030.199
1,1082,96506285474956,96506285473496,96506288073874,2598.918,2600.378
1,1083,96506287826276,96506287824884,96506289670288,1844.012,1845.404
1,1084,96506289786032,96506289784375,96506292026767,2240.735,2242.392
1,1085,96506292136981,96506292135764,96506294180561,2043.58,2044.797
1,1086,96506294488551,96506294487152,96506296525589,2037.038,2038.437
1,1087,96506296447977,96506296446643,96506298367212,1919.235,1920.569
1,1088,96506298800387,96506298798032,96506301455096,2654.709,2657.064
1,1089,96506301151156,96506301149420,96506302672338,1521.182,1522.918
1,1090,96506303110372,96506303108911,96506305205943,2095.571,2097.032
1,1091,96506305461982,96506305460300,96506307216971,1754.989,1756.671
1,1092,96506307813301,96506307811688,96506309553350,1740.049,1741.662
1,1093,96506310164581,96506310163077,96506311590979,1426.398,1427.902
1,1094,96506312123727,96506312122568,96506314365603,2241.876,2243.035
1,1095,96506314475156,96506314473956,96506317102845,2627.689,2628.889
1,1096,96506316826876,96506316825345,96506318833034,2006.158,2007.689
1,1097,96506318786402,96506318784836,96506320910633,2124.231,2125.797
1,1098,96506321137762,96506321136224,96506322988754,1850.992,1852.53
1,1099,96506323489061,96506323487613,96506324941900,1452.839,1454.287
1,1100,96506325448378,96506325447104,96506327755575,2307.197,2308.471
1,1101,96506327799956,96506327798492,96506329410481,1610.525,1611.989
1,1102,96506330151206,96506330149881,96506331965957,1814.751,1816.076
1,1103,96506332111012,96506332109372,96506334916147,2805.135,2806.775
1,1104,96506334462782,96506334460760,96506335480696,1017.914,1019.936
1,1105,96506336813852,96506336812149,96506338684234,1870.382,1872.085
1,1106,96506339164890,96506339163538,96506340256507,1091.617,1092.969
1,1107,96506341124397,96506341123028,96506343183956,2059.559,2060.928
1,1108,96506343475666,96506343474417,96506345012668,1537.002,1538.251
1,1109,96506345827066,96506345825806,96506347813143,1986.077,1987.337
1,1110,96506347787222,96506347785296,96506350035628,2248.406,2250.332
1,1111,96506350137982,96506350136685,96506353115752,2977.77,2979.067
1,1112,96506352489561,96506352488074,96506353817186,1327.625,1329.112
1,1113,96506354448797,96506354447564,96506356598260,2149.463,2150.696
1,1114,96506356800277,96506356798953,96506358290257,1489.98,1491.304
1,1115,96506359151927,96506359150342,96506361042910,1890.983,1892.568
1,1116,96506361111163,96506361109832,96506363202613,2091.45,2092.781
1,1117,96506363463052,96506363461221,96506366490624,3027.572,3029.403
1,1118,96506365814261,96506365812610,96506367103615,1289.354,1291.005
1,1119,96506368165611,96506368163999,96506370577693,2412.082,2413.694
1,1120,96506370125287,96506370123489,96506372353703,2228.416,2230.214
1,1121,96506372476437,96506372474878,96506373407748,931.311,932.87
1,1122,96506374827536,96506374826267,96506376641637,1814.101,1815.37
1,1123,96506376787032,96506376785757,96506380508428,3721.396,3722.671
1,1124,96506379138862,96506379137146,96506380548649,1409.787,1411.503
1,1125,96506381489621,96506381488535,96506383212979,1723.358,1724.444
1,1126,96506383449428,96506383448025,96506385875560,2426.132,2427.535
1,1127,96506385801667,96506385799414,96506387040449,1238.782,1241.035
1,1128,96506388152876,96506388150803,96506391078825,2925.949,2928.022
1,1129,96506390111682,96506390110293,96506392183732,2072.05,2073.439
1,1130,96506392462962,96506392461682,96506394275824,1812.862,1814.142
1,1131,96506394814422,96506394813071,96506396248860,1434.438,1435.789
1,1132,96506397166231,96506397164459,96506399241571,2075.34,2077.112
1,1133,96506399125187,96506399123950,96506401009471,1884.284,1885.521
1,1134,96506401476617,96506401475339,96506404066774,2590.157,2591.435
1,1135,96506403829106,96506403826727,96506405622896,1793.79,1796.169
1,1136,96506405787603,96506405786218,96506407795921,2008.318,2009.703
1,1137,96506408138952,96506408137607,96506410309826,2170.874,2172.219
1,1138,96506410490581,96506410488995,96506412981256,2490.675,2492.261
1,1139,96506412449957,96506412448486,96506415212831,2762.874,2764.345
1,1140,96506414801327,96506414799875,96506415874864,1073.537,1074.989
1,1141,96506417153477,96506417151263,96506419179275,2025.798,2028.012
1,1142,96506419112303,96506419110754,96506423553513,4441.21,4442.759
1,1143,96506421463793,96506421462143,96506423654286,2190.493,2192.143
1,1144,96506423815191,96506423813531,96506426449410,2634.219,2635.879
1,1145,96506426166371,96506426164920,96506428022093,1855.722,1857.173
1,1146,96506428125707,96506428124411,96506430018371,1892.664,1893.96
1,1147,96506430477287,96506430475799,96506431894864,1417.577,1419.065
1,1148,96506432866688,96506432827188,96506435699884,2833.196,2872.696
1,1149,96506434792253,96506434786679,96506437047549,2255.296,2260.87
1,1150,96506437143493,96506437138067,96506438543980,1400.487,1405.913
1,1151,96506439494321,96506439489456,96506441230250,1735.929,1740.794
1,1152,96506441454398,96506441448947,96506443516987,2062.589,2068.04
1,1153,96506443805437,96506443800335,96506445344059,1538.622,1543.724
1,1154,96506446156537,96506446151724,96506448652301,2495.764,2500.577
1,1155,96506448116062,96506448111215,96506450146151,2030.089,2034.936
1,1156,96506450467062,96506450462603,96506452247482,1780.42,1784.879
1,1157,96506452817892,96506452813992,96506454647753,1829.861,1833.761
1,1158,96506455169961,96506455165381,96506458022218,2852.257,2856.837
1,1159,96506457129028,96506457124872,96506459657383,2528.355,2532.511
1,1160,96506459480726,96506459476260,96506461690692,2209.966,2214.432
1,1161,96506461831996,96506461827649,96506464159515,2327.519,2331.866
1,1162,96506463791423,96506463787140,96506467097225,3305.802,3310.085
1,1163,96506466142932,96506466138528,96506467728085,1585.153,1589.557
1,1164,96506468494942,96506468489917,96506470136317,1641.375,1646.4
1,1165,96506470454558,96506470449408,96506472166685,1712.127,1717.277
1,1166,96506472805447,96506472800796,96506474368740,1563.293,1567.944
1,1167,96506475156317,96506475152185,96506476325077,1168.76,1172.892
1,1168,96506477116323,96506477111676,96506479430511,2314.188,2318.835
1,1169,96506479467853,96506479463064,96506481007974,1540.121,1544.91
1,1170,96506481818852,96506481814453,96506483652904,1834.052,1838.451
1,1171,96506484169781,96506484165842,96506485651501,1481.72,1485.659
1,1172,96506486130587,96506486125332,96506488355273,2224.686,2229.941
1,1173,96506488480917,96506488476721,96506490125712,1644.795,1648.991
1,1174,96506490832747,96506490828110,96506492652858,1820.111,1824.748
1,1175,96506492792933,96506492787600,96506494815111,2022.178,2027.511
1,1176,96506495143303,96506495138989,96506497882885,2739.582,2743.896
1,1177,96506497494661,96506497490378,96506498819756,1325.095,1329.378
1,1178,96506499454478,96506499449868,96506501323641,1869.163,1873.773
1,1179,96506501805617,96506501801257,96506503445563,1639.946,1644.306
1,1180,96506504157397,96506504152646,96506507796790,3639.393,3644.144
1,1181,96506506117263,96506506112136,96506507796790,1679.527,1684.654
1,1182,96506508468452,96506508463525,96506510576683,2108.231,2113.158
1,1183,96506510819552,96506510814914,96506512257130,1437.578,1442.216
1,1184,96506513170541,96506513166302,96506514858189,1687.648,1691.887
1,1185,96506515130368,96506515125793,96506517198888,2068.52,2073.095
1,1186,96506517482397,96506517477182,96506519464234,1981.837,1987.052
1,1187,96506519833236,96506519828571,96506522236187,2402.951,2407.616
1,1188,96506521792123,96506521788061,96506524696561,2904.438,2908.5
1,1189,96506524143872,96506524139450,96506526623906,2480.034,2484.456
1,1190,96506526494992,96506526490839,96506528493089,1998.097,2002.25
1,1191,96506528454818,96506528450329,96506530617191,2162.373,2166.862
1,1192,96506530806438,96506530801718,96506532412712,1606.274,1610.994
1,1193,96506533158847,96506533153107,96506535182735,2023.888,2029.628
1,1194,96506535116993,96506535112597,96506536822321,1705.328,1709.724
1,1195,96506537468783,96506537463986,96506539314444,1845.661,1850.458
1,1196,96506539820412,96506539815375,96506542245184,2424.772,2429.809
1,1197,96506542171252,96506542166763,96506543637861,1466.609,1471.098
1,1198,96506544130907,96506544126254,96506546047813,1916.906,1921.559
1,1199,96506546482147,96506546477643,96506547989338,1507.191,1511.695
1,1200,96506548833847,96506548829031,96506550696680,1862.833,1867.649
1,1201,96506550793053,96506550788522,96506552938806,2145.753,2150.284
1,1202,96506553144143,96506553139911,96506555036086,1891.943,1896.175
1,1203,96506555495531,96506555491299,96506557104407,1608.876,1613.108
1,1204,96506557455678,96506557450790,96506559473406,2017.728,2022.616
1,1205,96506559806967,96506559802179,96506561751374,1944.407,1949.195
1,1206,96506562158007,96506562153567,96506563580615,1422.608,1427.048
1,1207,96506564118093,96506564113058,96506566915768,2797.675,2802.71
1,1208,96506566468212,96506566464447,96506567695755,1227.543,1231.308
1,1209,96506568820062,96506568815835,96506570676615,1856.553,1860.78
1,1210,96506571172651,96506571167224,96506572966643,1793.992,1799.419
1,1211,96506573131488,96506573126715,96506574629358,1497.87,1502.643
1,1212,96506575482748,96506575478103,96506577571558,2088.81,2093.455
1,1213,96506577833217,96506577829492,96506579737931,1904.714,1908.439
1,1214,96506579803373,96506579788983,96506583203108,3399.735,3414.125
1,1215,96506582145102,96506582140371,96506583491718,1346.616,1351.347
1,1216,96506584495922,96506584491760,96506585855088,1359.166,1363.328
1,1217,96506586455908,96506586451251,96506588575770,2119.862,2124.519
1,1218,96506588807358,96506588802639,96506590495824,1688.466,1693.185
1,1219,96506591158627,96506591154028,96506592554394,1395.767,1400.366
1,1220,96506593118263,96506593113519,96506595471773,2353.51,2358.254
1,1221,96506595469453,96506595464907,96506596923622,1454.169,1458.715
1,1222,96506597820842,96506597816296,96506600635927,2815.085,2819.631
1,1223,96506600172142,96506600167685,96506602342125,2169.983,2174.44
1,1224,96506602132328,96506602127175,96506604385854,2253.526,2258.679
1,1225,96506604483637,96506604478564,96506605957828,1474.191,1479.264
1,1226,96506606834167,96506606829953,96506608727941,1893.774,1897.988
1,1227,96506608794533,96506608789443,96506611118482,2323.949,2329.039
1,1228,96506611145403,96506611140832,96506613062867,1917.464,1922.035
1,1229,96506613496271,96506613492221,96506615116897,1620.626,1624.676
1,1230,96506615456418,96506615451711,96506618372087,2915.669,2920.376
1,1231,96506617808057,96506617803100,96506619643890,1835.833,1840.79
1,1232,96506620158477,96506620154489,96506621558074,1399.597,1403.585
1,1233,96506622118354,96506622113980,96506624336039,2217.685,2222.059
1,1234,96506624470473,96506624465368,96506626421909,1951.436,1956.541
1,1235,96506626821002,96506626816757,96506628640824,1819.822,1824.067
1,1236,96506629172302,96506629168146,96506630444265,1271.963,1276.119
1,1237,96506631131968,96506631127636,96506633799539,2667.571,2671.903
1,1238,96506633483728,96506633479025,96506635569858,2086.13,2090.833
1,1239,96506635835357,96506635830414,96506637546185,1710.828,1715.771
1,1240,96506637794643,96506637789904,96506640031199,2236.556,2241.295
1,1241,96506640146202,96506640141293,96506641527169,1380.967,1385.876
1,1242,96506642497702,96506642492682,96506644377155,1879.453,1884.473
1,1243,96506644456178,96506644452172,96506646887570,2431.392,2435.398
1,1244,96506646808188,96506646803561,96506648865408,2057.22,2061.847
1,1245,96506649159238,96506649154950,96506650609576,1450.338,1454.626
1,1246,96506651118433,96506651114440,96506653102250,1983.817,1987.81
1,1247,96506653470333,96506653465829,96506655003685,1533.352,1537.856
1,1248,96506655822292,96506655817218,96506657850740,2028.448,2033.522
1,1249,96506658173622,96506658168606,96506659121144,947.522,952.538
1,1250,96506660132568,96506660128097,96506662007442,1874.874,1879.345
1,1251,96506662483937,96506662479486,96506664995232,2511.295,2515.746
1,1252,96506664835057,96506664830874,96506666829965,1994.908,1999.091
1,1253,96506666794713,96506666790365,96506669522826,2728.113,2732.461
1,1254,96506669145973,96506669141754,96506670929153,1783.18,1787.399
1,1255,96506671495433,96506671493142,96506673031204,1535.771,1538.062
1,1256,96506673454868,96506673452633,96506675565529,2110.661,2112.896
1,1257,96506675806208,96506675804022,96506677925899,2119.691,2121.877
1,1258,96506678160337,96506678155410,96506680759255,2598.918,2603.845
1,1259,96506680120344,96506680114901,96506682151893,2031.549,2036.992
1,1260,96506682470763,96506682466290,96506683858110,1387.347,1391.82
1,1261,96506684821973,96506684817678,96506686213340,1391.367,1395.662
1,1262,96506687174042,96506687169067,96506689037255,1863.213,1868.188
1,1263,96506689132598,96506689128558,96506692082188,2949.59,2953.63
1,1264,96506691484538,96506691479947,96506693303829,1819.291,1823.882
1,1265,96506693835897,96506693831335,96506696355902,2520.005,2524.567
1,1266,96506695795374,96506695790826,96506697746030,1950.656,1955.204
1,1267,96506698146712,96506698142215,96506699736236,1589.524,1594.021
1,1268,96506700497702,96506700493603,96506702462668,1964.966,1969.065
1,1269,96506702457898,96506702453094,96506704313011,1855.113,1859.917
1,1270,96506704931042,96506704804483,96506706446863,1515.821,1642.38
1,1271,96506707160268,96506707155871,96506710902074,3741.806,3746.203
1,1272,96506709120253,96506709115362,96506710929705,1809.452,1814.343
1,1273,96506711471163,96506711466751,96506713471320,2000.157,2004.569
1,1274,96506713822333,96506713818139,96506716479333,2657.0,2661.194
1,1275,96506716174472,96506716169528,96506717583150,1408.678,1413.622
1,1276,96506718133409,96506718129019,96506720277591,2144.182,2148.572
1,1277,96506720484828,96506720480407,96506721642547,1157.719,1162.14
1,1278,96506722836457,96506722831796,96506724544325,1707.868,1712.529
1,1279,96506724796063,96506724791287,96506728031073,3235.01,3239.786
1,1280,96506727147023,96506727142675,96506728744667,1597.644,1601.992
1,1281,96506729498573,96506729494064,96506730896600,1398.027,1402.536
1,1282,96506731458529,96506731453555,96506733266310,1807.781,1812.755
1,1283,96506733809328,96506733804943,96506735740593,1931.265,1935.65
1,1284,96506736158147,96506736156332,96506737782892,1624.745,1626.56
1,1285,96506738117284,96506738115823,96506740348229,2230.945,2232.406
1,1286,96506740468853,96506740467211,96506742067377,1598.524,1600.166
1,1287,96506742820102,96506742818600,96506744658604,1838.502,1840.004
1,1288,96506745171382,96506745169989,96506746653252,1481.87,1483.263
1,1289,96506747130688,96506747129479,96506748864906,1734.218,1735.427
1,1290,96506749482928,96506749480868,96506750999769,1516.841,1518.901
1,1291,96506751833798,96506751832257,96506754357833,2524.035,2525.576
1,1292,96506753793093,96506753791747,96506755855613,2062.52,2063.866
1,1293,96506756144533,96506756143136,96506757592131,1447.598,1448.995
1,1294,96506758495992,96506758494525,96506760152308,1656.316,1657.783
1,1295,96506760455309,96506760454015,96506762346542,1891.233,1892.527
1,1296,96506762806698,96506762805404,96506764694132,1887.434,1888.728
1,1297,96506765158068,96506765156793,96506766875966,1717.898,1719.173
1,1298,96506767117443,96506767116283,96506768854602,1737.159,1738.319
1,1299,96506769468983,96506769467672,96506771109549,1640.566,1641.877
1,1300,96506771820953,96506771819061,96506773839951,2018.998,2020.89
1,1301,96506774172422,96506774170450,96506776846943,2674.521,2676.493
1,1302,96506776131729,96506776129940,96506777923769,1792.04,1793.829
1,1303,96506778482927,96506778481329,96506780804247,2321.32,2322.918
1,1304,96506780834707,96506780832718,96506784853303,4018.596,4020.585
1,1305,96506782793583,96506782792208,96506785242386,2448.803,2450.178
1,1306,96506785144803,96506785143597,96506787846404,2701.601,2702.807
1,1307,96506787496333,96506787494986,96506788735585,1239.252,1240.599
1,1308,96506789455748,96506789454476,96506791325092,1869.344,1870.616
1,1309,96506791806908,96506791805865,96506794441157,2634.249,2635.292
1,1310,96506794158588,96506794157254,96506795577516,1418.928,1420.262
1,1311,96506796118604,96506796116744,96506798154493,2035.889,2037.749
1,1312,96506798469604,96506798468133,96506800068267,1598.663,1600.134
1,1313,96506800820723,96506800819522,96506803173032,2352.309,2353.51
1,1314,96506803172192,96506803170910,96506805087076,1914.884,1916.166
1,1315,96506805132038,96506805130401,96506807254830,2122.792,2124.429
1,1316,96506807482828,96506807481790,96506809560418,2077.59,2078.628
1,1317,96506809834228,96506809833178,96506811365109,1530.881,1531.931
1,1318,96506811793954,96506811792669,96506813549393,1755.439,1756.724
1,1319,96506814145133,96506814144058,96506815335403,1190.27,1191.345
1,1320,96506816496632,96506816495446,96506818195240,1698.608,1699.794
1,1321,96506818456689,96506818454937,96506820703794,2247.105,2248.857
1,1322,96506820807968,96506820806326,96506824916407,4108.439,4110.081
1,1323,96506823159218,96506823157714,96506825675413,2516.195,2517.699
1,1324,96506825118473,96506825117205,96506827518705,2400.232,2401.5
1,1325,96506827470033,96506827468594,96506828730426,1260.393,1261.832
1,1326,96506829821153,96506829819982,96506831778069,1956.916,1958.087
1,1327,96506832172632,96506832171371,96506833725384,1552.752,1554.013
1,1328,96506834131999,96506834130862,96506836307242,2175.243,2176.38
1,1329,96506836483537,96506836482250,96506837618216,1134.679,1135.966
1,1330,96506838834767,96506838833639,96506840727242,1892.475,1893.603
1,1331,96506840794774,96506840793130,96506843648890,2854.116,2855.76
1,1332,96506843145883,96506843144518,96506845111739,1965.856,1967.221
1,1333,96506845497193,96506845495907,96506847009664,1512.471,1513.757
1,1334,96506847456719,96506847455398,96506849532189,2075.47,2076.791
1,1335,96506849807958,96506849806786,96506851843947,2035.989,2037.161
1,1336,96506852159378,96506852158175,96506854795327,2635.949,2637.152
1,1337,96506854119524,96506854117666,96506856607908,2488.384,2490.242
1,1338,96506856470604,96506856469055,96506857750196,1279.592,1281.141
1,1339,96506858822143,96506858820443,96506860268672,1446.529,1448.229
1,1340,96506861173052,96506861171832,96506862952563,1779.511,1780.731
1,1341,96506863132628,96506863131323,96506865920723,2788.095,2789.4
1,1342,96506865484698,96506865482711,96506867898590,2413.892,2415.879
1,1343,96506867835908,96506867834100,96506869198704,1362.796,1364.604
1,1344,96506869794734,96506869793591,96506871816642,2021.908,2023.051
1,1345,96506872146573,96506872144979,96506873707986,1561.413,1563.007
1,1346,96506874497542,96506874496368,96506876437689,1940.147,1941.321
1,1347,96506876457019,96506876455859,96506879265784,2808.765,2809.925
1,1348,96506878808508,96506878807247,96506880801366,1992.858,1994.119
1,1349,96506881159648,96506881158636,96506882554615,1394.967,1395.979
1,1350,96506883119564,96506883118127,96506885946469,2826.905,2828.342
1,1351,96506885471243,96506885469515,96506887809322,2338.079,2339.807
1,1352,96506887823233,96506887820904,96506889514840,1691.607,1693.936
1,1353,96506890173792,96506890172293,96506892131149,1957.357,1958.856
1,1354,96506892133289,96506892131783,96506894328783,2195.494,2197.0
1,1355,96506894484219,96506894483172,96506895991420,1507.201,1508.248
1,1356,96506896835517,96506896834561,96506898814195,1978.678,1979.634
1,1357,96506898796184,96506898794051,96506900741840,1945.656,1947.789
1,1358,96506901146673,96506901145440,96506903099969,1953.296,1954.529
1,1359,96506903498033,96506903496829,96506904914170,1416.137,1417.341
1,1360,96506905457509,96506905456319,96506907597071,2139.562,2140.752
1,1361,96506907813119,96506907807708,96506910462938,2649.819,2655.23
1,1362,96506910160188,96506910159097,96506912045362,1885.174,1886.265
1,1363,96506912120064,96506912118587,96506914275287,2155.223,2156.7
1,1364,96506914471174,96506914469976,96506916423579,1952.405,1953.603
1,1365,96506916822773,96506916821365,96506917829707,1006.934,1008.342
1,1366,96506919173993,96506919172754,96506920583840,1409.847,1411.086
1,1367,96506921134038,96506921132244,96506923845321,2711.283,2713.077
1,1368,96506923484938,96506923483633,96506925003290,1518.352,1519.657
1,1369,96506925836168,96506925835022,96506927297117,1460.949,1462.095
1,1370,96506927795784,96506927794512,96506929836923,2041.139,2042.411
1,1371,96506930147224,96506930145901,96506931576951,1429.727,1431.05
1,1372,96506932498432,96506932497290,96506933906910,1408.478,1409.62
1,1373,96506934457989,96506934456780,96506937205632,2747.643,2748.852
1,1374,96506936809419,96506936808169,96506938798775,1989.356,1990.606
1,1375,96506939160658,96506939159558,96506967047481,27886.823,27887.923
1,1376,96506941120515,96506941119048,96506974744020,33623.505,33624.972
1,1377,96506943472374,96506943470437,96506975892089,32419.715,32421.652
1,1378,96506945824213,96506945821826,96506981832280,36008.067,36010.454
1,1379,96506948175622,96506948173214,96506985019778,36844.156,36846.564
1,1380,96506950135179,96506950132705,96506986301281,36166.102,36168.576
1,1381,96506952486939,96506952484094,96506989006023,36519.084,36521.929
1,1382,96506954839278,96506954835482,96506991391343,36552.065,36555.861
1,1383,96506956797685,96506956794973,96506993035298,36237.613,36240.325
1,1384,96506959148633,96506959146362,96506996918400,37769.767,37772.038
1,1385,96506961500643,96506961497750,96506997898583,36397.94,36400.833
1,1386,96506963459759,96506963457241,96506999256309,35796.55,35799.068
1,1387,96506965810949,96506965808630,96507002192898,36381.949,36384.268
1,1388,96506968162448,96506968160018,96507003210272,35047.824,35050.254
1,1389,96506970122324,96506970119509,96507004857819,34735.495,34738.31
1,1390,96506972473614,96506972470898,96507022357940,49884.326,49887.042
1,1391,96506974824503,96506974822286,96507022357940,47533.437,47535.654
1,1392,96506977176573,96506977173675,96507022357940,45181.367,45184.265
1,1393,96506979136229,96506979133166,96507022357940,43221.711,43224.774
1,1394,96506981487748,96506981484554,96507022357940,40870.192,40873.386
1,1395,96506983837538,96506983835943,96507022357940,38520.402,38521.997
1,1396,96506985797324,96506985795434,96507022357940,36560.616,36562.506
1,1397,96506988148734,96506988146822,96507022357940,34209.206,34211.118
1,1398,96506990499843,96506990498211,96507022357940,31858.097,31859.729
1,1399,96506992459319,96506992457702,96507022357940,29898.621,29900.238
1,1400,96506994810809,96506994809090,96507022357940,27547.131,27548.85
1,1401,96506997162958,96506997160479,96507022357940,25194.982,25197.461
1,1402,96506999121845,96506999119970,96507022357940,23236.095,23237.97
1,1403,96507001472364,96507001471358,96507022357940,20885.576,20886.582
1,1404,96507003824073,96507003822747,96507022357940,18533.867,18535.193
1,1405,96507006175573,96507006174136,96507022357940,16182.367,16183.804
1,1406,96507008134629,96507008133626,96507022357940,14223.311,14224.314
1,1407,96507010486169,96507010485015,96507022357940,11871.771,11872.925
1,1408,96507012837938,96507012836404,96507022357940,9520.002,9521.536
1,1409,96507014797094,96507014795894,96507023312882,8515.788,8516.988
1,1410,96507017148343,96507017147283,96507023316172,6167.829,6168.889
1,1411,96507019500003,96507019498672,96507024164220,4664.217,4665.548
1,1412,96507021459109,96507021458162,96507025321960,3862.851,3863.798
1,1413,96507023810809,96507023809551,96507025969562,2158.753,2160.011
1,1414,96507026162469,96507026160940,96507032835644,6673.175,6674.704
1,1415,96507028122314,96507028120431,96507032835644,4713.33,4715.213
1,1416,96507030473024,96507030471819,96507032904366,2431.342,2432.547
1,1417,96507032824843,96507032823208,96507034742348,1917.505,1919.14
1,1418,96507035175873,96507035174597,96507037059726,1883.853,1885.129
1,1419,96507037135390,96507037134087,96507038322689,1187.299,1188.602
1,1420,96507039486798,96507039485476,96507041015040,1528.242,1529.564
1,1421,96507041837988,96507041836865,96507043809615,1971.627,1972.75
1,1422,96507043797414,96507043796355,96507045658357,1860.943,1862.002
1,1423,96507046149094,96507046147744,96507047509290,1360.196,1361.546
1,1424,96507048500364,96507048499133,96507050476290,1975.926,1977.157
1,1425,96507050460090,96507050458623,96507052486088,2025.998,2027.465
1,1426,96507052811089,96507052810012,96507055540041,2728.952,2730.029
1,1427,96507055162438,96507055161401,96507056831505,1669.067,1670.104
1,1428,96507057121885,96507057120891,96507059366950,2245.065,2246.059
1,1429,96507059474444,96507059472280,96507061836343,2361.899,2364.063
1,1430,96507061824993,96507061823669,96507063820001,1995.008,1996.332
1,1431,96507064176893,96507064175057,96507065764977,1588.084,1589.92
1,1432,96507066135749,96507066134548,96507067888328,1752.579,1753.78
1,1433,96507068486929,96507068485937,96507070112584,1625.655,1626.647
1,1434,96507070838608,96507070837325,96507072210055,1371.447,1372.73
1,1435,96507072798065,96507072796816,96507074454801,1656.736,1657.985
1,1436,96507075149493,96507075148205,96507075965871,816.378,817.666
1,1437,96507077501003,96507077499593,96507079345546,1844.543,1845.953
1,1438,96507079460100,96507079459084,96507081415536,1955.436,1956.452
1,1439,96507081811789,96507081810473,96507083734424,1922.635,1923.951
1,1440,96507084163459,96507084161861,96507085635118,1471.659,1473.257
1,1441,96507086122684,96507086121352,96507088115382,1992.698,1994.03
1,1442,96507088473954,96507088472741,96507089990815,1516.861,1518.074
1,1443,96507090825334,96507090824130,96507092354345,1529.011,1530.215
1,1444,96507093176703,96507093175518,96507095376137,2199.434,2200.619
1,1445,96507095136030,96507095135009,96507098131331,2995.301,2996.322
1,1446,96507097487488,96507097486398,96507099329201,1841.713,1842.803
1,1447,96507099844659,96507099837786,96507101858526,2013.867,2020.74
1,1448,96507101798754,96507101797277,96507103799792,2001.038,2002.515
1,1449,96507104149724,96507104148666,96507106184743,2035.019,2036.077
1,1450,96507106501984,96507106500054,96507109130742,2628.758,2630.688
1,1451,96507108460620,96507108459545,96507110668595,2207.975,2209.05
1,1452,96507110812019,96507110810934,96507113402277,2590.258,2591.343
1,1453,96507113163918,96507113162322,96507115026921,1863.003,1864.599
1,1454,96507115123365,96507115121813,96507117306638,2183.273,2184.825
1,1455,96507117474434,96507117473202,96507119094869,1620.435,1621.667
1,1456,96507119825784,96507119824590,96507121343155,1517.371,1518.565
1,1457,96507122177223,96507122175979,96507123696174,1518.951,1520.195
1,1458,96507124136479,96507124135470,96507126126627,1990.148,1991.157
1,1459,96507126488029,96507126486858,96507127999150,1511.121,1512.292
1,1460,96507128839498,96507128838247,96507130259647,1420.149,1421.4
1,1461,96507130798795,96507130797738,96507132725930,1927.135,1928.192
1,1462,96507133150224,96507133149126,96507135062178,1911.954,1913.052
1,1463,96507135501733,96507135500515,96507137629106,2127.373,2128.591
1,1464,96507137461140,96507137460006,96507139312762,1851.622,1852.756
1,1465,96507139812469,96507139811394,96507140651487,839.018,840.093
1,1466,96507142163809,96507142162783,96507143590097,1426.288,1427.314
1,1467,96507144123575,96507144122274,96507146436513,2312.938,2314.239
1,1468,96507146474954,96507146473662,96507148648418,2173.464,2174.756
1,1469,96507148826224,96507148825051,96507150295933,1469.709,1470.882
1,1470,96507151178073,96507151176440,96507152728165,1550.092,1551.725
1,1471,96507153137120,96507153135930,96507155986256,2849.136,2850.326
1,1472,96507155488319,96507155487319,96507156999510,1511.191,1512.191
1,1473,96507157839898,96507157838708,96507158756809,916.911,918.101
1,1474,96507159799554,96507159798198,96507161822583,2023.029,2024.385
1,1475,96507162150714,96507162149587,96507163618454,1467.74,1468.867
1,1476,96507164502154,96507164500976,96507166381597,1879.443,1880.621
1,1477,96507166461690,96507166460466,96507168212018,1750.328,1751.552
1,1478,96507168814370,96507168811855,96507170355161,1540.791,1543.306
1,1479,96507171164818,96507171163244,96507173401215,2236.397,2237.971
1,1480,96507173124635,96507173122734,96507175286537,2161.902,2163.803
1,1481,96507175475414,96507175474123,96507178088753,2613.339,2614.63
1,1482,96507177826694,96507177825512,96507179959336,2132.642,2133.824
1,1483,96507180178154,96507180176901,96507181713775,1535.621,1536.874
1,1484,96507182138719,96507182136391,96507184167808,2029.089,2031.417
1,1485,96507184488829,96507184487780,96507186024310,1535.481,1536.53
1,1486,96507186840289,96507186839169,96507189222509,2382.22,2383.34
1,1487,96507188799855,96507188798659,96507191203236,2403.381,2404.577
1,1488,96507191151445,96507191150048,96507192733028,1581.583,1582.98
1,1489,96507193502943,96507193501437,96507195067496,1564.553,1566.059
1,1490,96507195462160,96507195460927,96507198238534,2776.374,2777.607
1,1491,96507197814299,96507197812316,96507199271679,1457.38,1459.363
1,1492,96507200165199,96507200163705,96507202828839,2663.64,2665.134
1,1493,96507202124665,96507202123195,96507205026623,2901.958,2903.428
1,1494,96507204476005,96507204474584,96507206595816,2119.811,2121.232
1,1495,96507206827094,96507206825973,96507208600864,1773.77,1774.891
1,1496,96507209178493,96507209177361,96507211323086,2144.593,2145.725
1,1497,96507211138060,96507211136852,96507213787499,2649.439,2650.647
1,1498,96507213489189,96507213488241,96507214899317,1410.128,1411.076
1,1499,96507215840798,96507215839629,96507217831786,1990.988,1992.157
1,1500,96507217800254,96507217799120,96507220630790,2830.536,2831.67
1,1501,96507220152124,96507220150509,96507222011117,1858.993,1860.608
1,1502,96507222503094,96507222501897,96507223973993,1470.899,1472.096
1,1503,96507224462520,96507224461388,96507226281961,1819.441,1820.573
1,1504,96507226813890,96507226812777,96507228559568,1745.678,1746.791
1,1505,96507229165658,96507229164165,96507231932202,2766.544,2768.037
1,1506,96507231125355,96507231123656,96507233360691,2235.336,2237.035
1,1507,96507233476844,96507233475045,96507236197896,2721.052,2722.851
1,1508,96507235827954,96507235826433,96507237886284,2058.33,2059.851
1,1509,96507238178984,96507238177822,96507239589151,1410.167,1411.329
1,1510,96507240138319,96507240137313,96507242834120,2695.801,2696.807
1,1511,96507242490069,96507242488701,96507244531928,2041.859,2043.227
1,1512,96507244840909,96507244840090,96507246950570,2109.661,2110.48
1,1513,96507246800745,96507246799581,96507248639057,1838.312,1839.476
1,1514,96507249152345,96507249150969,96507250652045,1499.7,1501.076
1,1515,96507251503473,96507251502358,96507253917675,2414.202,2415.317
1,1516,96507253462890,96507253461849,96507257248728,3785.838,3786.879
1,1517,96507255815499,96507255813237,96507257476836,1661.337,1663.599
1,1518,96507258165869,96507258164626,96507259636339,1470.47,1471.713
1,1519,96507260125385,96507260124117,96507261703279,1577.894,1579.162
1,1520,96507262476835,96507262475506,96507264424881,1948.046,1949.375
1,1521,96507264828004,96507264826894,96507266431728,1603.724,1604.834
1,1522,96507267179323,96507267178283,96507268502018,1322.695,1323.735
1,1523,96507269138980,96507269137774,96507270891959,1752.979,1754.185
1,1524,96507271490219,96507271489162,96507274227922,2737.703,2738.76
1,1525,96507273842059,96507273840551,96507275426192,1584.133,1585.641
1,1526,96507275801254,96507275800042,96507278125183,2323.929,2325.141
1,1527,96507278152544,96507278151430,96507279501170,1348.626,1349.74
1,1528,96507280504974,96507280502819,96507282983197,2478.223,2480.378
1,1529,96507282463730,96507282462310,96507285248124,2784.394,2785.814
1,1530,96507284814830,96507284813698,96507287017744,2202.914,2204.046
1,1531,96507287167319,96507287165087,96507289310881,2143.562,2145.794
1,1532,96507289126605,96507289124578,96507290971358,1844.753,1846.78
1,1533,96507291477275,96507291475966,96507293544975,2067.7,2069.009
1,1534,96507293828504,96507293827355,96507295860493,2031.989,2033.138
1,1535,96507296179754,96507296178744,96507298618486,2438.732,2439.742
1,1536,96507298139180,96507298138234,96507299999712,1860.532,1861.478
1,1537,96507300491019,96507300489623,96507302428944,1937.925,1939.321
1,1538,96507302841949,96507302841012,96507304433233,1591.284,1592.221
1,1539,96507304801385,96507304800502,96507306800063,1998.678,1999.561
1,1540,96507307153195,96507307151891,96507308684597,1531.402,1532.706
1,1541,96507309504294,96507309503280,96507311004435,1500.141,1501.155
1,1542,96507311463970,96507311462770,96507313362954,1898.984,1900.184
1,1543,96507313815229,96507313814159,96507315852128,2036.899,2037.969
1,1544,96507316166719,96507316165548,96507317725112,1558.393,1559.564
1,1545,96507318126295,96507318125038,96507320018659,1892.364,1893.621
1,1546,96507320478425,96507320476427,96507322724061,2245.636,2247.634
1,1547,96507322829615,96507322827816,96507324879834,2050.219,2052.018
1,1548,96507325181443,96507325179205,96507328022550,2841.107,2843.345
1,1549,96507327140190,96507327138695,96507329444968,2304.778,2306.273
1,1550,96507329491629,96507329490084,96507332614375,3122.746,3124.291
1,1551,96507331842939,96507331841473,96507335279785,3436.846,3438.312
1,1552,96507333802896,96507333800963,96507336436514,2633.618,2635.551
1,1553,96507336153834,96507336152352,96507338666969,2513.135,2514.617
1,1554,96507338505614,96507338503741,96507339877180,1371.566,1373.439
1,1555,96507340465010,96507340463231,96507342443667,1978.657,1980.436
1,1556,96507342816060,96507342814620,96507345395257,2579.197,2580.637
1,1557,96507345167190,96507345166009,96507347278941,2111.751,2112.932
1,1558,96507347127015,96507347125499,96507350397796,3270.781,3272.297
1,1559,96507349477855,96507349476888,96507351031857,1554.002,1554.969
1,1560,96507351829574,96507351828277,96507353604774,1775.2,1776.497
1,1561,96507354180804,96507354179665,96507355597681,1416.877,1418.016
1,1562,96507356140910,96507356139156,96507358803190,2662.28,2664.034
1,1563,96507358491589,96507358490545,96507360515228,2023.639,2024.683
1,1564,96507360843399,96507360841933,96507362809676,1966.277,1967.743
1,1565,96507362802665,96507362801424,96507364592716,1790.051,1791.292
1,1566,96507365153905,96507365152813,96507366994837,1840.932,1842.024
1,1567,96507367505554,96507367504201,96507369058476,1552.922,1554.275
1,1568,96507369465091,96507369463692,96507371827840,2362.749,2364.148
1,1569,96507371816099,96507371815081,96507374853892,3037.793,3038.811
1,1570,96507374167509,96507374166469,96507376715975,2548.466,2549.506
1,1571,96507376127086,96507376125960,96507378266088,2139.002,2140.128
1,1572,96507378478335,96507378477349,96507380708331,2229.996,2230.982
1,1573,96507380829715,96507380828737,96507382161059,1331.344,1332.322
1,1574,96507383181374,96507383180126,96507384450617,1269.243,1270.491
1,1575,96507385141260,96507385139617,96507386879899,1738.639,1740.282
1,1576,96507387492010,96507387491005,96507389068573,1576.563,1577.568
1,1577,96507389844269,96507389842394,96507392246890,2402.621,2404.496
1,1578,96507391803296,96507391801885,96507393903666,2100.37,2101.781
1,1579,96507394154305,96507394153273,96507395807580,1653.275,1654.307
1,1580,96507396505644,96507396504662,96507397959284,1453.64,1454.622
1,1581,96507398465140,96507398464153,96507400666945,2201.805,2202.792
1,1582,96507400816540,96507400815541,96507402856589,2040.049,2041.048
1,1583,96507403168230,96507403166930,96507405167707,1999.477,2000.777
1,1584,96507405128396,96507405126421,96507407260228,2131.832,2133.807
1,1585,96507407479085,96507407477809,96507409881436,2402.351,2403.627
1,1586,96507409830674,96507409829198,96507412421032,2590.358,2591.834
1,1587,96507412181994,96507412180587,96507414136990,1954.996,1956.403
1,1588,96507414141540,96507414140077,96507418050673,3909.133,3910.596
1,1589,96507416493300,96507416491466,96507419638226,3144.926,3146.76
1,1590,96507418844159,96507418842855,96507421545891,2701.732,2703.036
1,1591,96507420803825,96507420802345,96507423680453,2876.628,2878.108
1,1592,96507423155885,96507423153734,96507425830815,2674.93,2677.081
1,1593,96507425506614,96507425505123,96507426917672,1411.058,1412.549
1,1594,96507427466141,96507427464614,96507433696791,6230.65,6232.177
1,1595,96507429817970,96507429816002,96507433696791,3878.821,3880.789
1,1596,96507432173120,96507432167391,96507435854154,3681.034,3686.763
1,1597,96507434132495,96507434126882,96507435854154,1721.659,1727.272
1,1598,96507436484335,96507436478270,96507438085929,1601.594,1607.659
1,1599,96507438834575,96507438829659,96507440308154,1473.579,1478.495
1,1600,96507441183345,96507441181048,96507443069027,1885.682,1887.979
1,1601,96507443142320,96507443140538,96507445381896,2239.576,2241.358
1,1602,96507445493120,96507445491927,96507457685582,12192.462,12193.655
1,1603,96507447844319,96507447843316,96507457685582,9841.263,9842.266
1,1604,96507449804126,96507449802806,96507457685582,7881.456,7882.776
1,1605,96507452155585,96507452154195,96507457685582,5529.997,5531.387
1,1606,96507454507564,96507454505584,96507457685582,3178.018,3179.998
1,1607,96507456467210,96507456465074,96507458894622,2427.412,2429.548
1,1608,96507458817610,96507458816463,96507461534872,2717.262,2718.409
1,1609,96507461169610,96507461167852,96507462701092,1531.482,1533.24
1,1610,96507463128666,96507463127342,96507464987308,1858.642,1859.966
1,1611,96507465479765,96507465478731,96507467724832,2245.067,2246.101
1,1612,96507467831254,96507467830120,96507469367287,1536.033,1537.167
1,1613,96507470182784,96507470181508,96507471664574,1481.79,1483.066
1,1614,96507472141860,96507472140999,96507473999293,1857.433,1858.294
1,1615,96507474493800,96507474492388,96507476611972,2118.172,2119.584
1,1616,96507476845440,96507476843776,96507479666335,2820.895,2822.559
1,1617,96507478804375,96507478803267,96507480827544,2023.169,2024.277
1,1618,96507481156265,96507481154656,96507483098931,1942.666,1944.275
1,1619,96507483507445,96507483506044,96507485075728,1568.283,1569.684
1,1620,96507485466861,96507485465535,96507487540751,2073.89,2075.216
1,1621,96507487818321,96507487816924,96507489848639,2030.318,2031.715
1,1622,96507490169369,96507490168313,96507491292578,1123.209,1124.265
1,1623,96507492128706,96507492127803,96507493874245,1745.539,1746.442
1,1624,96507494480365,96507494479192,96507497253699,2773.334,2774.507
1,1625,96507496831815,96507496830581,96507498177631,1345.816,1347.05
1,1626,96507499183195,96507499181969,96507501903627,2720.432,2721.658
1,1627,96507501142790,96507501141460,96507503387867,2245.077,2246.407
1,1628,96507503493810,96507503492849,96507505005091,1511.281,1512.242
1,1629,96507505845179,96507505844237,96507507740404,1895.225,1896.167
1,1630,96507507805226,96507507803728,96507510961162,3155.936,3157.434
1,1631,96507510156245,96507510155117,96507516238261,6082.016,6083.144
1,1632,96507512508105,96507512506505,96507517947388,5439.283,5440.883
1,1633,96507514467530,96507514465996,96507517961209,3493.679,3495.213
1,1634,96507516819700,96507516817385,96507518932532,2112.832,2115.147
1,1635,96507519173610,96507519168773,96507521847390,2673.78,2678.617
1,1636,96507521133356,96507521128264,96507523297140,2163.784,2168.876
1,1637,96507523484976,96507523479653,96507525217604,1732.628,1737.951
1,1638,96507525835275,96507525831041,96507527334066,1498.791,1503.025
1,1639,96507528187184,96507528182430,96507530064068,1876.884,1881.638
1,1640,96507530146480,96507530141921,96507532276353,2129.873,2134.432
1,1641,96507532497630,96507532493309,96507533936268,1438.638,1442.959
1,1642,96507534849730,96507534844698,96507536475465,1625.735,1630.767
1,1643,96507536808536,96507536804189,96507538665088,1856.552,1860.899
1,1644,96507539160236,96507539155577,96507540714438,1554.202,1558.861
1,1645,96507541511684,96507541506966,96507543581955,2070.271,2074.989
1,1646,96507543470731,96507543466457,96507545174118,1703.387,1707.661
1,1647,96507545824650,96507545817845,96507547997764,2173.114,2179.919
1,1648,96507548173860,96507548169234,96507549701691,1527.831,1532.457
1,1649,96507550132587,96507550128725,96507552136314,2003.727,2007.589
1,1650,96507552484075,96507552480113,96507555134366,2650.291,2654.253
1,1651,96507554836335,96507554831502,96507557691441,2855.106,2859.939
1,1652,96507557186955,96507557182891,96507559109200,1922.245,1926.309
1,1653,96507559146861,96507559142381,96507561409267,2262.406,2266.886
1,1654,96507561498591,96507561493770,96507564118228,2619.637,2624.458
1,1655,96507563849640,96507563845159,96507566282292,2432.652,2437.133
1,1656,96507565809036,96507565804649,96507567883227,2074.191,2078.578
1,1657,96507568160935,96507568156038,96507569742009,1581.074,1585.971
1,1658,96507570512115,96507570507427,96507571978395,1466.28,1470.968
1,1659,96507572471291,96507572466917,96507575211073,2739.782,2744.156
1,1660,96507574822641,96507574818306,96507576423605,1600.964,1605.299
1,1661,96507577174660,96507577169695,96507580274755,3100.095,3105.06
1,1662,96507579134346,96507579129185,96507581394763,2260.417,2265.578
1,1663,96507581484246,96507581480574,96507584666784,3182.538,3186.21
1,1664,96507583836915,96507583831963,96507586364681,2527.766,2532.718
1,1665,96507586187625,96507586183352,96507588231233,2043.608,2047.881
1,1666,96507588147650,96507588142842,96507589794877,1647.227,1652.035
1,1667,96507590498780,96507590494231,96507592059974,1561.194,1565.743
1,1668,96507592849980,96507592845620,96507594512196,1662.216,1666.576
1,1669,96507594809296,96507594805110,96507596669009,1859.713,1863.899
1,1670,96507597161056,96507597156499,96507598650046,1488.99,1493.547
1,1671,96507599512575,96507599507888,96507601486111,1973.536,1978.223
1,1672,96507601473291,96507601467378,96507603870462,2397.171,2403.084
1,1673,96507603823151,96507603818767,96507605277970,1454.819,1459.203
1,1674,96507606174420,96507606170156,96507608123196,1948.776,1953.04
1,1675,96507608134107,96507608129646,96507610444914,2310.807,2315.268
1,1676,96507610485696,96507610481035,96507612115221,1629.525,1634.186
1,1677,96507612837195,96507612832424,96507614283194,1445.999,1450.77
1,1678,96507615188365,96507615183812,96507616822290,1633.925,1638.478
1,1679,96507617149471,96507617143303,96507619397817,2248.346,2254.514
1,1680,96507619499261,96507619494692,96507621301932,1802.671,1807.24
1,1681,96507621850980,96507621846080,96507623201816,1350.836,1355.736
1,1682,96507623829027,96507623805571,96507626513518,2684.491,2707.947
1,1683,96507626161915,96507626156960,96507627641286,1479.371,1484.326
1,1684,96507628512655,96507628508348,96507629712956,1200.301,1204.608
1,1685,96507630471751,96507630467839,96507632620424,2148.673,2152.585
1,1686,96507632823711,96507632819228,96507635026375,2202.664,2207.147
1,1687,96507635174660,96507635170616,96507637117496,1942.836,1946.88
1,1688,96507637134346,96507637130107,96507639099633,1965.287,1969.526
1,1689,96507639485676,96507639481496,96507641759763,2274.087,2278.267
1,1690,96507641837175,96507641832884,96507642932932,1095.757,1100.048
1,1691,96507644188605,96507644184273,96507646632167,2443.562,2447.894
1,1692,96507646149071,96507646143764,96507648200420,2051.349,2056.656
1,1693,96507648499930,96507648495152,96507649908358,1408.428,1413.206
1,1694,96507650851270,96507650846541,96507652448424,1597.154,1601.883
1,1695,96507652830417,96507652806032,96507654912537,2082.12,2106.505
1,1696,96507655162266,96507655157420,96507656753900,1591.634,1596.48
1,1697,96507657513596,96507657508809,96507659401649,1888.053,1892.84
1,1698,96507659473261,96507659468300,96507661906284,2433.023,2437.984
1,1699,96507661824631,96507661819689,96507663434416,1609.785,1614.727
1,1700,96507664176570,96507664171077,96507666349933,2173.363,2178.856
1,1701,96507666134667,96507666130568,96507667862605,1727.938,1732.037
1,1702,96507668485886,96507668481957,96507671286451,2800.565,2804.494
1,1703,96507670837675,96507670833345,96507672297154,1459.479,1463.809
1,1704,96507673189685,96507673184734,96507675069709,1880.024,1884.975
1,1705,96507675152441,96507675144225,96507677089766,1937.325,1945.541
1,1706,96507677500551,96507677495613,96507679684564,2184.013,2188.951
1,1707,96507679851430,96507679847002,96507682085356,2233.926,2238.354
1,1708,96507681810786,96507681806493,96507683764132,1953.346,1957.639
1,1709,96507684162855,96507684157881,96507685587204,1424.349,1429.323
1,1710,96507686514125,96507686509270,96507687656733,1142.608,1147.463
1,1711,96507688472881,96507688468761,96507691201473,2728.592,2732.712
1,1712,96507690824001,96507690820149,96507693497771,2673.77,2677.622
1,1713,96507693175571,96507693171538,96507695068214,1892.643,1896.676
1,1714,96507695134046,96507695131029,96507697983983,2849.937,2852.954
1,1715,96507697484536,96507697482417,96507700483138,2998.602,3000.721
1,1716,96507699835356,96507699833806,96507701764131,1928.775,1930.325
1,1717,96507702186145,96507702185195,96507703958515,1772.37,1773.32
1,1718,96507704145951,96507704144685,96507706276683,2130.732,2131.998
1,1719,96507706497220,96507706496074,96507707943059,1445.839,1446.985
1,1720,96507708848780,96507708847463,96507711650845,2802.065,2803.382
1,1721,96507710808176,96507710806953,96507712331918,1523.742,1524.965
1,1722,96507713159826,96507713158342,96507714884974,1725.148,1726.632
1,1723,96507715510975,96507715509731,96507717554054,2043.079,2044.323
1,1724,96507717470381,96507717469221,96507720526885,3056.504,3057.664
1,1725,96507719822391,96507719820610,96507722919556,3097.165,3098.946
1,1726,96507722173800,96507722171999,96507723355870,1182.07,1183.871
1,1727,96507724133687,96507724131489,96507726284139,2150.452,2152.65
1,1728,96507726483986,96507726482878,96507728681541,2197.555,2198.663
1,1729,96507728835595,96507728834267,96507730309035,1473.44,1474.768
1,1730,96507731186935,96507731185656,96507732884773,1697.838,1699.117
1,1731,96507733146461,96507733145146,96507735819622,2673.161,2674.476
1,1732,96507735497791,96507735496535,96507736705891,1208.1,1209.356
1,1733,96507737849421,96507737847924,96507740364275,2514.854,2516.351
1,1734,96507739808446,96507739807414,96507741752852,1944.406,1945.438
1,1735,96507742160796,96507742158803,96507743664807,1504.011,1506.004
1,1736,96507744511335,96507744510192,96507746444201,1932.866,1934.009
1,1737,96507746471072,96507746469682,96507748483520,2012.448,2013.838
1,1738,96507748822491,96507748821071,96507749680190,857.699,859.119
1,1739,96507751173320,96507751172460,96507752611139,1437.819,1438.679
1,1740,96507753524770,96507753523848,96507754871995,1347.225,1348.147
1,1741,96507755484596,96507755483339,96507757345329,1860.733,1861.99
1,1742,96507757835786,96507757834728,96507759827353,1991.567,1992.625
1,1743,96507760187065,96507760186116,96507762163732,1976.667,1977.616
1,1744,96507762147322,96507762145607,96507763542798,1395.476,1397.191
1,1745,96507764498160,96507764496996,96507766278271,1780.111,1781.275
1,1746,96507766849310,96507766848384,96507768203786,1354.476,1355.402
1,1747,96507768809156,96507768807875,96507771045712,2236.556,2237.837
1,1748,96507771160256,96507771159264,96507772699968,1539.712,1540.704
1,1749,96507773512096,96507773510652,96507776357032,2844.936,2846.38
1,1750,96507775471391,96507775470143,96507777753889,2282.498,2283.746
1,1751,96507777824471,96507777821532,96507779767437,1942.966,1945.905
1,1752,96507780174111,96507780172920,96507782150047,1975.936,1977.127
1,1753,96507782525330,96507782524309,96507784375943,1850.613,1851.634
1,1754,96507784484747,96507784483800,96507786152463,1667.716,1668.663
1,1755,96507786836225,96507786835188,96507787832810,996.585,997.622
1,1756,96507789187635,96507789186577,96507792731805,3544.17,3545.228
1,1757,96507791147151,96507791146068,96507794098311,2951.16,2952.243
1,1758,96507793498541,96507793497456,96507796032307,2533.766,2534.851
1,1759,96507795849931,96507795848845,96507797512376,1662.445,1663.531
1,1760,96507797809236,96507797808336,96507801313495,3504.259,3505.159
1,1761,96507800161386,96507800159724,96507801705028,1543.642,1545.304
1,1762,96507802512435,96507802511113,96507805340181,2827.746,2829.068
1,1763,96507804471442,96507804470604,96507806033494,1562.052,1562.89
1,1764,96507806823891,96507806821992,96507820062499,13238.608,13240.507
1,1765,96507809174611,96507809173381,96507820062499,10887.888,10889.118
1,1766,96507811526640,96507811524770,96507820062499,8535.859,8537.729
1,1767,96507813486216,96507813484260,96507820062499,6576.283,6578.239
1,1768,96507815861007,96507815835649,96507820062499,4201.492,4226.85
1,1769,96507818192145,96507818187038,96507820062499,1870.354,1875.461
1,1770,96507820151852,96507820146528,96507822356166,2204.314,2209.638
1,1771,96507822502541,96507822497917,96507824691765,2189.224,2193.848
1,1772,96507824853740,96507824849306,96507827345615,2491.875,2496.309
1,1773,96507826813376,96507826808796,96507829738696,2925.32,2929.9
1,1774,96507829164296,96507829160185,96507831149453,1985.157,1989.268
1,1775,96507831515676,96507831511574,96507833312866,1797.19,1801.292
1,1776,96507833475632,96507833471065,96507835231971,1756.339,1760.906
1,1777,96507835827242,96507835822453,96507837480697,1653.455,1658.244
1,1778,96507838178080,96507838173842,96507839859588,1681.508,1685.746
1,1779,96507840530100,96507840525231,96507842359772,1829.672,1834.541
1,1780,96507842489306,96507842484721,96507844795604,2306.298,2310.883
1,1781,96507844839896,96507844836110,96507846313576,1473.68,1477.466
1,1782,96507847192666,96507847187499,96507848630154,1437.488,1442.655
1,1783,96507849151441,96507849146989,96507850573779,1422.338,1426.79
1,1784,96507851503081,96507851498378,96507852945890,1442.809,1447.512
1,1785,96507853854671,96507853849767,96507855315510,1460.839,1465.743
1,1786,96507855814117,96507855809257,96507857505564,1691.447,1696.307
1,1787,96507858165127,96507858160646,96507860239806,2074.679,2079.16
1,1788,96507860516625,96507860512035,96507862347508,1830.883,1835.473
1,1789,96507862475862,96507862471525,96507864746288,2270.426,2274.763
1,1790,96507864827251,96507864822914,96507865936779,1109.528,1113.865
1,1791,96507867178641,96507867174303,96507868624440,1445.799,1450.137
1,1792,96507869530331,96507869525691,96507870457291,926.96,931.6
2,0,96503870600404,96503870597288,96503871281347,680.943,684.059
2,1,96503871578187,96503871577033,96503872363484,785.297,786.451
2,2,96503872753457,96503872752727,96503873159921,406.464,407.194
2,3,96503873929107,96503873928421,96503874486525,557.418,558.104
2,4,96503875104707,96503875104115,96503875636814,532.107,532.699
2,5,96503876085440,96503876083860,96503876896267,810.827,812.407
2,6,96503877261100,96503877259554,96503877918741,657.641,659.187
2,7,96503878436779,96503878435249,96503879011428,574.649,576.179
2,8,96503879415702,96503879414994,96503880249650,833.948,834.656
2,9,96503880591391,96503880590688,96503881186142,594.751,595.454
2,10,96503881767101,96503881766382,96503882370132,603.031,603.75
2,11,96503882747664,96503882746127,96503883498640,750.976,752.513
2,12,96503883923354,96503883921821,96503884576036,652.682,654.215
2,13,96503885099134,96503885097515,96503886190131,1090.997,1092.616
2,14,96503886077987,96503886077260,96503887044310,966.323,967.05
2,15,96503887253797,96503887252954,96503887966091,712.294,713.137
2,16,96503888430187,96503888428649,96503889140301,710.114,711.652
2,17,96503889605107,96503889604343,96503890157705,552.598,553.362
2,18,96503890585760,96503890584088,96503891426988,841.228,842.9
2,19,96503891761459,96503891759782,96503892327899,566.44,568.117
2,20,96503892937139,96503892935476,96503893671454,734.315,735.978
2,21,96503893915952,96503893915221,96503894625466,709.514,710.245
2,22,96503895092032,96503895090915,96503895645160,553.128,554.245
2,23,96503896267362,96503896266609,96503896700636,433.274,434.027
2,24,96503897247925,96503897246355,96503898023851,775.926,777.496
2,25,96503898423575,96503898422049,96503898918791,495.216,496.742
2,26,96503899600054,96503899597743,96503900799895,1199.841,1202.152
2,27,96503900578218,96503900577488,96503901598992,1020.774,1021.504
2,28,96503901754096,96503901753182,96503902642457,888.361,889.275
2,29,96503902929996,96503902928876,96503903589299,659.303,660.423
2,30,96503904105226,96503904104570,96503904883103,777.877,778.533
2,31,96503905086009,96503905084315,96503905975260,889.251,890.945
2,32,96503906261669,96503906260010,96503907081587,819.918,821.577
2,33,96503907437239,96503907435704,96503907967047,529.808,531.343
2,34,96503908416362,96503908415449,96503909288102,871.74,872.653
2,35,96503909592082,96503909591143,96503910360498,768.416,769.355
2,36,96503910767552,96503910766837,96503911398543,630.991,631.706
2,37,96503911748265,96503911746582,96503912606864,858.599,860.282
2,38,96503912924015,96503912922276,96503913729571,805.556,807.295
2,39,96503914099315,96503914097970,96503914825849,726.534,727.879
2,40,96503915078437,96503915077716,96503916153074,1074.637,1075.358
2,41,96503916254397,96503916253410,96503916997722,743.325,744.312
2,42,96503917429867,96503917429104,96503918141451,711.584,712.347
2,43,96503918605606,96503918604798,96503919358542,752.936,753.744
2,44,96503919586170,96503919584543,96503920521591,935.421,937.048
2,45,96503920762079,96503920760237,96503921443333,681.254,683.096
2,46,96503921937579,96503921935931,96503922587811,650.232,651.88
2,47,96503922916362,96503922915676,96503923943376,1027.014,1027.7
2,48,96503924092082,96503924091371,96503924659281,567.199,567.91
2,49,96503925267722,96503925267065,96503926258485,990.763,991.42
2,50,96503926248335,96503926246810,96503927133115,884.78,886.305
2,51,96503927424094,96503927422504,96503928118258,694.164,695.754
2,52,96503928599734,96503928598198,96503929248146,648.412,649.948
2,53,96503929578687,96503929577943,96503930585911,1007.224,1007.968
2,54,96503930754347,96503930753637,96503931328647,574.3,575.01
2,55,96503931930047,96503931929331,96503932758295,828.248,828.964
2,56,96503933105807,96503933105026,96503934017987,912.18,912.961
2,57,96503934086610,96503934084771,96503934967050,880.44,882.279
2,58,96503935262100,96503935260465,96503935986294,724.194,725.829
2,59,96503936437649,96503936436159,96503937390521,952.872,954.362
2,60,96503937416652,96503937415904,96503938216150,799.498,800.246
2,61,96503938592382,96503938591598,96503939138950,546.568,547.352
2,62,96503939771382,96503939767292,96503940513617,742.235,746.325
2,63,96503940748715,96503940747037,96503941503570,754.855,756.533
2,64,96503941924324,96503941922732,96503942455092,530.768,532.36
2,65,96503943100424,96503943098426,96503943627112,526.688,528.686
2,66,96503944078857,96503944078171,96503944880864,802.007,802.693
2,67,96503945254537,96503945253865,96503945943810,689.273,689.945
2,68,96503946430517,96503946429559,96503947010156,579.639,580.597
2,69,96503947605967,96503947605253,96503948192026,586.059,586.773
2,70,96503948586510,96503948584998,96503949336715,750.205,751.717
2,71,96503949762780,96503949760692,96503950486714,723.934,726.022
2,72,96503950937979,96503950936387,96503951886471,948.492,950.084
2,73,96503951916912,96503951916132,96503952682668,765.756,766.536
2,74,96503953092532,96503953091826,96503953724774,632.242,632.948
2,75,96503954268242,96503954267520,96503954885232,616.99,617.712
2,76,96503955249245,96503955247265,96503955972519,723.274,725.254
2,77,96503956424815,96503956422959,96503956945252,520.437,522.293
2,78,96503957600594,96503957598653,96503958150333,549.739,551.68
2,79,96503958579118,96503958578398,96503959237669,658.551,659.271
2,80,96503959754818,96503959754093,96503960450070,695.252,695.977
2,81,96503960930537,96503960929787,96503961620890,690.353,691.103
2,82,96503962106106,96503962105481,96503962634714,528.608,529.233
2,83,96503963087249,96503963085226,96503964092733,1005.484,1007.507
2,84,96503964262839,96503964260920,96503965017895,755.056,756.975
2,85,96503965438589,96503965436614,96503966027809,589.22,591.195
2,86,96503966417292,96503966416359,96503967326533,909.241,910.174
2,87,96503967592692,96503967592053,96503968141251,548.559,549.198
2,88,96503968775792,96503968767748,96503969604900,829.108,837.152
2,89,96503969749345,96503969747493,96503970699617,950.272,952.124
2,90,96503970925745,96503970923187,96503971447802,522.057,524.615
2,91,96503972100665,96503972098881,96503972725906,625.241,627.025
2,92,96503973079638,96503973078626,96503973759840,680.202,681.214
2,93,96503974255327,96503974254320,96503974969532,714.205,715.212
2,94,96503975430667,96503975430014,96503976142001,711.334,711.987
2,95,96503976606476,96503976605708,96503977202447,595.971,596.739
2,96,96503977587130,96503977585454,96503978684497,1097.367,1099.043
2,97,96503978763119,96503978761148,96503979408532,645.413,647.384
2,98,96503979938879,96503979936842,96503980489428,550.549,552.586
2,99,96503980917542,96503980916587,96503981729870,812.328,813.283
2,100,96503982093132,96503982092281,96503982648631,555.499,556.35
2,101,96503983268752,96503983267975,96503983963605,694.853,695.63
2,102,96503984249595,96503984247720,96503985188306,938.711,940.586
2,103,96503985425355,96503985423414,96503986131868,706.513,708.454
2,104,96503986601285,96503986599109,96503987313049,711.764,713.94
2,105,96503987579557,96503987578854,96503988338433,758.876,759.579
2,106,96503988755217,96503988754548,96503989287146,531.929,532.598
2,107,96503989930937,96503989930242,96503990728244,797.307,798.002
2,108,96503991107137,96503991105936,96503991879163,772.026,773.227
2,109,96503992087490,96503992085681,96503992844676,757.186,758.995
2,110,96503993263120,96503993261375,96503994147749,884.629,886.374
2,111,96503994439180,96503994437069,96503995220416,781.236,783.347
2,112,96503995417603,96503995416815,96503996409406,991.803,992.591
2,113,96503996593263,96503996592509,96503997299706,706.443,707.197
2,114,96503997772632,96503997768203,96503998556339,783.707,788.136
2,115,96503998750025,96503998747948,96504000055769,1305.744,1307.821
2,116,96503999926484,96503999923642,96504000784393,857.909,860.751
2,117,96504001101214,96504001099336,96504002338926,1237.712,1239.59
2,118,96504002079807,96504002079081,96504003093782,1013.975,1014.701
2,119,96504003255547,96504003254775,96504003955151,699.604,700.376
2,120,96504004431237,96504004430470,96504005228784,797.547,798.314
2,121,96504005607117,96504005606164,96504006388594,781.477,782.43
2,122,96504006588390,96504006585909,96504007473850,885.46,887.941
2,123,96504007763770,96504007761603,96504008420672,656.902,659.069
2,124,96504008938990,96504008937297,96504009592002,653.012,654.705
2,125,96504009917702,96504009917042,96504010637567,719.865,720.525
2,126,96504011093682,96504011092736,96504011583438,489.756,490.702
2,127,96504012269272,96504012268430,96504012738377,469.105,469.947
2,128,96504013249825,96504013248176,96504014088394,838.569,840.218
2,129,96504014425525,96504014423870,96504014977783,552.258,553.913
2,130,96504015601694,96504015599564,96504016018719,417.025,419.155
2,131,96504016580128,96504016579309,96504017289712,709.584,710.403
2,132,96504017755768,96504017755003,96504018275165,519.397,520.162
2,133,96504018931427,96504018930697,96504019542497,611.07,611.8
2,134,96504020107057,96504020106391,96504020708238,601.181,601.847
2,135,96504021087910,96504021086136,96504021944248,856.338,858.112
2,136,96504022264490,96504022261831,96504023034465,769.975,772.634
2,137,96504023439399,96504023437525,96504024104642,665.243,667.117
2,138,96504024417962,96504024417270,96504025234420,816.458,817.15
2,139,96504025593922,96504025592964,96504026158101,564.179,565.137
2,140,96504026774942,96504026768658,96504027749635,974.693,980.977
2,141,96504027750095,96504027748403,96504028816001,1065.906,1067.598
2,142,96504028925805,96504028924097,96504029719742,793.937,795.645
2,143,96504030101655,96504030099791,96504031107959,1006.304,1008.168
2,144,96504031080328,96504031079537,96504031945887,865.559,866.35
2,145,96504032255898,96504032255231,96504033108256,852.358,853.025
2,146,96504033431657,96504033430925,96504034193203,761.546,762.278
2,147,96504034607407,96504034606619,96504035273010,665.603,666.391
2,148,96504035587860,96504035586364,96504036408167,820.307,821.803
2,149,96504036763759,96504036762058,96504037328978,565.219,566.92
2,150,96504037939579,96504037937752,96504038579391,639.812,641.639
2,151,96504038918233,96504038917497,96504039714979,796.746,797.482
2,152,96504040093912,96504040093192,96504040743214,649.302,650.022
2,153,96504041269532,96504041268886,96504041916093,646.561,647.207
2,154,96504042250135,96504042248631,96504043145056,894.921,896.425
2,155,96504043425105,96504043424325,96504044073256,648.151,648.931
2,156,96504044601565,96504044600019,96504045617529,1015.964,1017.51
2,157,96504045580487,96504045579764,96504046312882,732.395,733.118
2,158,96504046756177,96504046755458,96504047433851,677.674,678.393
2,159,96504047931837,96504047931152,96504048565449,633.612,634.297
2,160,96504049107607,96504049106847,96504049727428,619.821,620.581
2,161,96504050088480,96504050086592,96504050860466,771.986,773.874
2,162,96504051263000,96504051262286,96504052036606,773.606,774.32
2,163,96504052439740,96504052437980,96504053152314,712.574,714.334
2,164,96504053418423,96504053417725,96504054224469,806.046,806.744
2,165,96504054594013,96504054593419,96504055336407,742.394,742.988
2,166,96504055772112,96504055769113,96504056910951,1138.839,1141.838
2,167,96504056750676,96504056748858,96504057587074,836.398,838.216
2,168,96504057926164,96504057924553,96504058524885,598.721,600.332
2,169,96504059101664,96504059100247,96504059517058,415.394,416.811
2,170,96504060080728,96504060079992,96504060911936,831.208,831.944
2,171,96504061256477,96504061255686,96504061993052,736.575,737.366
2,172,96504062432117,96504062431380,96504063140561,708.444,709.181
2,173,96504063607847,96504063607074,96504064193597,585.75,586.523
2,174,96504064588780,96504064586819,96504065491801,903.021,904.982
2,175,96504065764470,96504065762513,96504066306918,542.448,544.405
2,176,96504066939860,96504066938208,96504067678685,738.825,740.477
2,177,96504067918602,96504067917953,96504068694049,775.447,776.096
2,178,96504069094402,96504069093647,96504069631510,537.108,537.863
2,179,96504070269962,96504070269341,96504071003897,733.935,734.556
2,180,96504071250755,96504071249086,96504072030992,780.237,781.906
2,181,96504072426675,96504072424780,96504073053816,627.141,629.036
2,182,96504073602105,96504073600474,96504074308849,706.744,708.375
2,183,96504074580938,96504074580219,96504075355974,775.036,775.755
2,184,96504075756698,96504075755914,96504076378189,621.491,622.275
2,185,96504076932257,96504076931608,96504077458145,525.888,526.537
2,186,96504078108017,96504078107302,96504078711157,603.14,603.855
2,187,96504079088750,96504079087047,96504079905867,817.117,818.82
2,188,96504080263629,96504080262741,96504080828279,564.65,565.538
2,189,96504081440199,96504081438435,96504082200416,760.217,761.981
2,190,96504082418872,96504082418180,96504083245301,826.429,827.121
2,191,96504083594622,96504083593874,96504084146021,551.399,552.147
2,192,96504084800303,96504084769569,96504085541208,740.905,771.639
2,193,96504085750845,96504085749314,96504086544822,793.977,795.508
2,194,96504086925715,96504086925008,96504087710552,784.837,785.544
2,195,96504088101465,96504088100702,96504088644043,542.578,543.341
2,196,96504089081218,96504089080447,96504089962828,881.61,882.381
2,197,96504090256738,96504090256141,96504090980302,723.564,724.161
2,198,96504091432498,96504091431835,96504092068358,635.86,636.523
2,199,96504092608297,96504092607529,96504093173187,564.89,565.658
2,200,96504093589030,96504093587275,96504094408508,819.478,821.233
2,201,96504094764610,96504094762969,96504095345660,581.05,582.691
2,202,96504095940469,96504095938663,96504096628752,688.283,690.089
2,203,96504096919073,96504096918408,96504097730360,811.287,811.952
2,204,96504098094752,96504098094102,96504098631311,536.559,537.209
2,205,96504099270542,96504099269796,96504099917244,646.702,647.448
2,206,96504100250585,96504100249541,96504101397044,1146.459,1147.503
2,207,96504101426785,96504101425235,96504101954923,528.138,529.688
2,208,96504102602305,96504102600930,96504103173584,571.279,572.654
2,209,96504103581357,96504103580675,96504104613793,1032.436,1033.118
2,210,96504104757067,96504104756369,96504105515663,758.596,759.294
2,211,96504105932717,96504105932063,96504106516937,584.22,584.874
2,212,96504107108387,96504107107757,96504107735108,626.721,627.351
2,213,96504108089430,96504108087502,96504108908788,819.358,821.286
2,214,96504109263950,96504109263196,96504109890011,626.061,626.815
2,215,96504110440690,96504110438890,96504111331390,890.7,892.5
2,216,96504111419433,96504111418636,96504112326114,906.681,907.478
2,217,96504112595153,96504112594330,96504113184883,589.73,590.553
2,218,96504113777992,96504113770024,96504114304050,526.058,534.026
2,219,96504114751596,96504114749769,96504115523072,771.476,773.303
2,220,96504115927196,96504115925463,96504116425152,497.956,499.689
2,221,96504117101924,96504117101157,96504117854500,752.576,753.343
2,222,96504118081588,96504118080902,96504118875425,793.837,794.523
2,223,96504119257407,96504119256596,96504119987473,730.066,730.877
2,224,96504120433027,96504120432291,96504121211354,778.327,779.063
2,225,96504121608757,96504121607985,96504122244979,636.222,636.994
2,226,96504122588450,96504122587730,96504123654636,1066.186,1066.906
2,227,96504123764210,96504123763424,96504124431922,667.712,668.498
2,228,96504124940640,96504124939118,96504125560630,619.99,621.512
2,229,96504125919573,96504125918863,96504126665699,746.126,746.836
2,230,96504127095383,96504127094557,96504127970182,874.799,875.625
2,231,96504128270912,96504128270251,96504128733988,463.076,463.737
2,232,96504129250825,96504129249997,96504130169046,918.221,919.049
2,233,96504130428475,96504130425691,96504130977514,549.039,551.823
2,234,96504131602095,96504131601385,96504132408702,806.607,807.317
2,235,96504132581848,96504132581130,96504133417616,835.768,836.486
2,236,96504133757608,96504133756824,96504134357698,600.09,600.874
2,237,96504134933258,96504134932518,96504135381092,447.834,448.574
2,238,96504136108957,96504136108212,96504136585174,476.217,476.962
2,239,96504137088721,96504137087957,96504138136915,1048.194,1048.958
2,240,96504138265560,96504138263652,96504139012776,747.216,749.124
2,241,96504139440270,96504139439346,96504140089732,649.462,650.386
2,242,96504140419732,96504140419091,96504141449197,1029.465,1030.106
2,243,96504141595452,96504141594785,96504142544225,948.773,949.44
2,244,96504142776773,96504142770479,96504143417684,640.911,647.205
2,245,96504143751035,96504143750224,96504144554303,803.268,804.079
2,246,96504144926765,96504144925918,96504145719302,792.537,793.384
2,247,96504146103865,96504146101612,96504146634093,530.228,532.481
2,248,96504147082538,96504147081357,96504148018069,935.531,936.712
2,249,96504148257868,96504148257052,96504148792305,534.437,535.253
2,250,96504150649519,96504149432746,96504153454884,2805.365,4022.138
2,251,96504150661349,96504150608440,96504153894289,3232.94,3285.849
2,252,96504151589150,96504151588185,96504154037023,2447.873,2448.838
2,253,96504152764730,96504152763879,96504155074078,2309.348,2310.199
2,254,96504153941179,96504153939573,96504155301585,1360.406,1362.012
2,255,96504154920053,96504154919318,96504156138074,1218.021,1218.756
2,256,96504156095683,96504156095012,96504156740895,645.212,645.883
2,257,96504157271332,96504157270707,96504157943085,671.753,672.378
2,258,96504158251196,96504158250452,96504159051872,800.676,801.42
2,259,96504159427745,96504159426146,96504160254533,826.788,828.387
2,260,96504160602565,96504160601840,96504161412013,809.448,810.173
2,261,96504161582738,96504161581585,96504162588822,1006.084,1007.237
2,262,96504162758368,96504162757279,96504163592486,834.118,835.207
2,263,96504163933667,96504163932973,96504164648242,714.575,715.269
2,264,96504165109347,96504165108668,96504165711007,601.66,602.339
2,265,96504166090140,96504166088413,96504167141876,1051.736,1053.463
2,266,96504167264970,96504167264107,96504168297615,1032.645,1033.508
2,267,96504168441460,96504168439801,96504169127013,685.553,687.212
2,268,96504169420573,96504169419546,96504170408887,988.314,989.341
2,269,96504170595933,96504170595240,96504171175742,579.809,580.502
2,270,96504171772333,96504171770934,96504172493617,721.284,722.683
2,271,96504172751796,96504172750679,96504173434028,682.232,683.349
2,272,96504173927086,96504173926373,96504174411681,484.595,485.308
2,273,96504175102955,96504175102068,96504175611572,508.617,509.504
2,274,96504176082728,96504176081813,96504176682288,599.56,600.475
2,275,96504177258167,96504177257507,96504178032464,774.297,774.957
2,276,96504178434017,96504178433201,96504179004527,570.51,571.326
2,277,96504179609797,96504179608895,96504180063652,453.855,454.757
2,278,96504180589430,96504180588640,96504181457680,868.25,869.04
2,279,96504181765160,96504181764334,96504182512525,747.365,748.191
2,280,96504182941010,96504182940028,96504183606562,665.552,666.534
2,281,96504183920503,96504183919774,96504184558675,638.172,638.901
2,282,96504185096263,96504185095468,96504185521297,425.034,425.829
2,283,96504186271843,96504186271162,96504186840122,568.279,568.96
2,284,96504187251645,96504187250907,96504188128025,876.38,877.118
2,285,96504188427335,96504188426601,96504189184791,757.456,758.19
2,286,96504189602965,96504189602295,96504190141933,538.968,539.638
2,287,96504190582768,96504190582040,96504191328883,746.115,746.843
2,288,96504191758428,96504191757734,96504192285446,527.018,527.712
2,289,96504192934168,96504192933429,96504193564308,630.14,630.879
2,290,96504194110007,96504194109123,96504194805251,695.244,696.128
2,291,96504195091221,96504195088868,96504195938769,847.548,849.901
2,292,96504196265790,96504196264562,96504196871750,605.96,607.188
2,293,96504197441160,96504197440256,96504198130773,689.613,690.517
2,294,96504198420733,96504198420001,96504199253801,833.068,833.8
2,295,96504199596532,96504199595695,96504200289376,692.844,693.681
2,296,96504200773122,96504200771389,96504201316801,543.679,545.412
2,297,96504201751855,96504201751135,96504202467980,716.125,716.845
2,298,96504202927735,96504202926829,96504203645500,717.765,718.671
2,299,96504204103305,96504204102523,96504204827599,724.294,725.076
2,300,96504205083118,96504205082268,96504206060801,977.683,978.533
2,301,96504206258968,96504206257962,96504206666722,407.754,408.76
2,302,96504207434378,96504207433656,96504208217354,782.976,783.698
2,303,96504208610158,96504208609350,96504209153286,543.128,543.936
2,304,96504209590171,96504209589095,96504210477190,887.019,888.095
2,305,96504210765801,96504210764790,96504211286258,520.457,521.468
2,306,96504211941300,96504211940484,96504212358964,417.664,418.48
2,307,96504212921213,96504212920229,96504213778162,856.949,857.933
2,308,96504214096973,96504214095923,96504214718164,621.191,622.241
2,309,96504215272352,96504215271617,96504215714667,442.315,443.05
2,310,96504216252146,96504216251362,96504217072203,820.057,820.841
2,311,96504217428185,96504217427056,96504218125459,697.274,698.403
2,312,96504218603785,96504218602750,96504219266228,662.443,663.478
2,313,96504219583158,96504219582496,96504220359794,776.636,777.298
2,314,96504220759158,96504220758190,96504221504573,745.415,746.383
2,315,96504221934708,96504221933884,96504222503507,568.799,569.623
2,316,96504223110297,96504223109578,96504223662967,552.67,553.389
2,317,96504224090190,96504224089323,96504224917369,827.179,828.046
2,318,96504225265770,96504225265017,96504225871981,606.211,606.964
2,319,96504226441450,96504226440711,96504227086752,645.302,646.041
2,320,96504227421273,96504227420456,96504228184699,763.426,764.243
2,321,96504228596793,96504228596151,96504229541475,944.682,945.324
2,322,96504229775533,96504229771845,96504230506848,731.315,735.003
2,323,96504230752316,96504230751590,96504231551703,799.387,800.113
2,324,96504231928176,96504231927284,96504232560586,632.41,633.302
2,325,96504233103796,96504233102978,96504233866541,762.745,763.563
2,326,96504234083409,96504234082723,96504234907436,824.027,824.713
2,327,96504235259228,96504235258417,96504235789826,530.598,531.409
2,328,96504236434787,96504236434111,96504236925324,490.537,491.213
2,329,96504237610467,96504237609806,96504238262109,651.642,652.303
2,330,96504238590210,96504238589551,96504239387267,797.057,797.716
2,331,96504239766000,96504239765245,96504240393171,627.171,627.926
2,332,96504240941730,96504240940939,96504241694045,752.315,753.106
2,333,96504241921403,96504241920684,96504242765682,844.279,844.998
2,334,96504243097103,96504243096378,96504243811697,714.594,715.319
2,335,96504244272813,96504244272072,96504244877933,605.12,605.861
2,336,96504245252666,96504245251817,96504246016872,764.206,765.055
2,337,96504246428556,96504246427512,96504247039916,611.36,612.404
2,338,96504247604205,96504247603206,96504248213436,609.231,610.23
2,339,96504248583658,96504248582951,96504249446278,862.62,863.327
2,340,96504249759278,96504249758645,96504250613647,854.369,855.002
2,341,96504250935568,96504250934339,96504251370643,435.075,436.304
2,342,96504252110717,96504252110033,96504253200244,1089.527,1090.211
2,343,96504253090531,96504253089778,96504253745032,654.501,655.254
2,344,96504254266600,96504254265472,96504254982534,715.934,717.062
2,345,96504255442270,96504255441167,96504256045641,603.371,604.474
2,346,96504256421624,96504256420912,96504257313813,892.189,892.901
2,347,96504257597373,96504257596606,96504258425061,827.688,828.455
2,348,96504258776733,96504258772300,96504259350793,574.06,578.493
2,349,96504259752905,96504259752045,96504260496211,743.306,744.166
2,350,96504260928545,96504260927739,96504261511305,582.76,583.566
2,351,96504262104215,96504262103433,96504262697676,593.461,594.243
2,352,96504263083938,96504263083178,96504263990429,906.491,907.251
2,353,96504264259578,96504264258873,96504264960922,701.344,702.049
2,354,96504265435548,96504265434567,96504266238145,802.597,803.578
2,355,96504266611088,96504266610261,96504267199228,588.14,588.967
2,356,96504267590851,96504267590006,96504268680748,1089.897,1090.742
2,357,96504268766791,96504268765700,96504269287188,520.397,521.488
2,358,96504269942240,96504269941394,96504270853071,910.831,911.677
2,359,96504270921873,96504270921139,96504271745411,823.538,824.272
2,360,96504272097763,96504272096833,96504272915451,817.688,818.618
2,361,96504273273312,96504273272528,96504273980767,707.455,708.239
2,362,96504274253046,96504274252273,96504275218539,965.493,966.266
2,363,96504275428705,96504275427967,96504276212662,783.957,784.695
2,364,96504276604335,96504276603661,96504277141934,537.599,538.273
2,365,96504277584538,96504277583406,96504278346754,762.216,763.348
2,366,96504278759888,96504278759100,96504279650848,890.96,891.748
2,367,96504279935458,96504279934794,96504280704593,769.135,769.799
2,368,96504281111258,96504281110488,96504281883374,772.116,772.886
2,369,96504282091010,96504282090234,96504282902798,811.788,812.564
2,370,96504283266890,96504283265928,96504283923733,656.843,657.805
2,371,96504284442430,96504284441622,96504284963548,521.118,521.926
2,372,96504285422063,96504285421367,96504286437508,1015.445,1016.141
2,373,96504286597883,96504286597061,96504287337798,739.915,740.737
2,374,96504287793634,96504287772755,96504288476756,683.122,704.001
2,375,96504288753326,96504288752500,96504289944976,1191.65,1192.476
2,376,96504289928956,96504289928194,96504290629779,700.823,701.585
2,377,96504291104616,96504291103889,96504291684245,579.629,580.356
2,378,96504292084339,96504292083634,96504292987859,903.52,904.225
2,379,96504293260099,96504293259328,96504293793856,533.757,534.528
2,380,96504294435727,96504294435022,96504295086390,650.663,651.368
2,381,96504295611727,96504295610716,96504296158636,546.909,547.92
2,382,96504296591190,96504296590461,96504297309355,718.165,718.894
2,383,96504297766830,96504297766155,96504298294088,527.258,527.933
2,384,96504298942680,96504298941849,96504299689135,746.455,747.286
2,385,96504299922373,96504299921595,96504300796553,874.18,874.958
2,386,96504301098033,96504301097289,96504301696474,598.441,599.185
2,387,96504302273793,96504302272983,96504303010388,736.595,737.405
2,388,96504303253486,96504303252728,96504303951950,698.464,699.222
2,389,96504304429196,96504304428422,96504305388708,959.512,960.286
2,390,96504305605045,96504305604116,96504306270298,665.253,666.182
2,391,96504306584568,96504306583861,96504307732037,1147.469,1148.176
2,392,96504307760288,96504307759555,96504308484542,724.254,724.987
2,393,96504308935968,96504308935250,96504309645482,709.514,710.232
2,394,96504310111928,96504310110944,96504310754010,642.082,643.066
2,395,96504311091341,96504311090689,96504311865547,774.206,774.858
2,396,96504312267111,96504312266383,96504312925623,658.512,659.24
2,397,96504313442780,96504313442077,96504314117273,674.493,675.196
2,398,96504314422464,96504314421822,96504315366765,944.301,944.943
2,399,96504315598203,96504315597516,96504316201014,602.811,603.498
2,400,96504316777003,96504316773210,96504317241149,464.146,467.939
2,401,96504317753775,96504317752956,96504318616585,862.81,863.629
2,402,96504318929485,96504318928650,96504319568017,638.532,639.367
2,403,96504320105545,96504320104344,96504320705455,599.91,601.111
2,404,96504321084898,96504321084089,96504322048181,963.283,964.092
2,405,96504322260458,96504322259783,96504322874449,613.991,614.666
2,406,96504323436258,96504323435477,96504324212774,776.516,777.297
2,407,96504324611878,96504324611171,96504325076674,464.796,465.503
2,408,96504325591751,96504325590916,96504326473021,881.27,882.105
2,409,96504326767361,96504326766611,96504327414573,647.212,647.962
2,410,96504327943061,96504327942305,96504328536200,593.139,593.895
2,411,96504328922763,96504328922050,96504329776552,853.789,854.502
2,412,96504330098473,96504330097744,96504330845968,747.495,748.224
2,413,96504331274253,96504331273438,96504332121981,847.728,848.543
2,414,96504332253966,96504332253183,96504333219859,965.893,966.676
2,415,96504333429666,96504333428877,96504334303535,873.869,874.658
2,416,96504334605295,96504334604571,96504335344250,738.955,739.679
2,417,96504335584959,96504335584317,96504336396296,811.337,811.979
2,418,96504336760828,96504336760011,96504337403740,642.912,643.729
2,419,96504337936378,96504337935705,96504338686373,749.995,750.668
2,420,96504339112128,96504339111399,96504339712798,600.67,601.399
2,421,96504340091931,96504340091144,96504341027963,936.032,936.819
2,422,96504341268231,96504341266838,96504341900852,632.621,634.014
2,423,96504342443260,96504342442532,96504343109603,666.343,667.071
2,424,96504343422933,96504343422277,96504344375036,952.103,952.759
2,425,96504344598603,96504344597972,96504345260155,661.552,662.183
2,426,96504345775133,96504345773666,96504346529419,754.286,755.753
2,427,96504346754166,96504346753411,96504347431799,677.633,678.388
2,428,96504347929836,96504347929105,96504348470524,540.688,541.419
2,429,96504349105696,96504349104799,96504349731847,626.151,627.048
2,430,96504350085319,96504350084544,96504350819244,733.925,734.7
2,431,96504351260879,96504351260238,96504352050475,789.596,790.237
2,432,96504352436639,96504352435932,96504353218764,782.125,782.832
2,433,96504353612637,96504353611627,96504354321471,708.834,709.844
2,434,96504354592081,96504354591372,96504355259234,667.153,667.862
2,435,96504355777021,96504355767066,96504356297548,520.527,530.482
2,436,96504356943550,96504356942760,96504357699036,755.486,756.276
2,437,96504357923213,96504357922505,96504358780172,856.959,857.667
2,438,96504359098963,96504359098199,96504359878590,779.627,780.391
2,439,96504360274603,96504360273893,96504361028808,754.205,754.915
2,440,96504361254436,96504361253638,96504362155636,901.2,901.998
2,441,96504362430006,96504362429333,96504363066918,636.912,637.585
2,442,96504363605856,96504363605027,96504364192915,587.059,587.888
2,443,96504364585539,96504364584772,96504365474529,888.99,889.757
2,444,96504365761188,96504365760466,96504366534775,773.587,774.309
2,445,96504366936848,96504366936160,96504367463296,526.448,527.136
2,446,96504368112538,96504368111854,96504368819182,706.644,707.328
2,447,96504369092501,96504369091599,96504369661541,569.04,569.942
2,448,96504370268111,96504370267293,96504370999916,731.805,732.623
2,449,96504371443890,96504371442988,96504372108493,664.603,665.505
2,450,96504372423374,96504372422733,96504373331634,908.26,908.901
2,451,96504373599223,96504373598427,96504374361339,762.116,762.912
2,452,96504374774863,96504374774121,96504375727955,953.092,953.834
2,453,96504375754557,96504375753866,96504376523932,769.375,770.066
2,454,96504376930225,96504376929560,96504377572598,642.373,643.038
2,455,96504378105895,96504378105254,96504378859801,753.906,754.547
2,456,96504379085818,96504379084999,96504379909306,823.488,824.307
2,457,96504380261408,96504380260694,96504381131688,870.28,870.994
2,458,96504381437108,96504381436388,96504381945046,507.938,508.658
2,459,96504382612728,96504382612082,96504383322262,709.534,710.18
2,460,96504383592581,96504383591827,96504384463410,870.829,871.583
2,461,96504384771661,96504384767521,96504385503486,731.825,735.965
2,462,96504385943991,96504385943215,96504386587822,643.831,644.607
2,463,96504386923614,96504386922960,96504387781933,858.319,858.973
2,464,96504388099314,96504388098654,96504388790397,691.083,691.743
2,465,96504389275123,96504389274349,96504389762799,487.676,488.45
2,466,96504390254876,96504390254094,96504390989501,734.625,735.407
2,467,96504391430446,96504391429788,96504392003315,572.869,573.527
2,468,96504392606245,96504392605482,96504393058561,452.316,453.079
2,469,96504393585849,96504393585227,96504394411456,825.607,826.229
2,470,96504394761698,96504394760921,96504395554906,793.208,793.985
2,471,96504395937348,96504395936615,96504396496537,559.189,559.922
2,472,96504397113058,96504397112309,96504397962007,848.949,849.698
2,473,96504398092751,96504398092055,96504398907758,815.007,815.703
2,474,96504399268431,96504399267749,96504399939923,671.492,672.174
2,475,96504400444201,96504400443443,96504400937527,493.326,494.084
2,476,96504401423913,96504401423188,96504402224561,800.648,801.373
2,477,96504402599503,96504402598882,96504403121991,522.488,523.109
2,478,96504403777063,96504403774576,96504404583210,806.147,808.634
2,479,96504404755246,96504404754321,96504405615575,860.329,861.254
2,480,96504405930806,96504405930015,96504406446933,516.127,516.918
2,481,96504407106506,96504407105710,96504407836861,730.355,731.151
2,482,96504408086789,96504408085455,96504408909147,822.358,823.692
2,483,96504409262489,96504409261149,96504409998854,736.365,737.705
2,484,96504410437599,96504410436843,96504411233736,796.137,796.893
2,485,96504411613258,96504411612537,96504412343313,730.055,730.776
2,486,96504412593031,96504412592282,96504413526763,933.732,934.481
2,487,96504413773721,96504413767976,96504414518997,745.276,751.021
2,488,96504414944370,96504414943670,96504415742257,797.887,798.587
2,489,96504415924133,96504415923416,96504416749282,825.149,825.866
2,490,96504417099823,96504417099110,96504418094687,994.864,995.577
2,491,96504418275523,96504418274804,96504419200725,925.202,925.921
2,492,96504419255356,96504419254549,96504419946379,691.023,691.83
2,493,96504420431106,96504420430243,96504421133850,702.744,703.607
2,494,96504421606676,96504421605937,96504422214196,607.52,608.259
2,495,96504422586719,96504422585682,96504423335214,748.495,749.532
2,496,96504423762169,96504423761376,96504424900267,1138.098,1138.891
2,497,96504424939149,96504424937071,96504425563619,624.47,626.548
2,498,96504426113428,96504426112765,96504426700018,586.59,587.253
2,499,96504427093311,96504427092510,96504428152927,1059.616,1060.417
2,500,96504428269231,96504428268204,96504428922643,653.412,654.439
2,501,96504429444591,96504429443898,96504430135014,690.423,691.116
2,502,96504430424264,96504430423643,96504431393956,969.692,970.313
2,503,96504431600104,96504431599337,96504432180073,579.969,580.736
2,504,96504432775843,96504432775031,96504433487647,711.804,712.616
2,505,96504433755527,96504433754776,96504434694038,938.511,939.262
2,506,96504434931236,96504434930471,96504435602318,671.082,671.847
2,507,96504436106846,96504436106165,96504436676305,569.459,570.14
2,508,96504437086628,96504437085910,96504438085393,998.765,999.483
2,509,96504438262238,96504438261604,96504439015654,753.416,754.05
2,510,96504439437998,96504439437298,96504440363310,925.312,926.012
2,511,96504440614198,96504440612992,96504441230198,616.0,617.206
2,512,96504441593561,96504441592737,96504442388318,794.757,795.581
2,513,96504442776422,96504442768431,96504443256968,480.546,488.537
2,514,96504443944851,96504443944126,96504444817020,872.169,872.894
2,515,96504444924664,96504444923871,96504445791563,866.899,867.692
2,516,96504446100274,96504446099565,96504446956032,855.758,856.467
2,517,96504447275894,96504447275259,96504447954126,678.232,678.867
2,518,96504448255667,96504448255004,96504449174377,918.71,919.373
2,519,96504449431446,96504449430698,96504449994805,563.359,564.107
2,520,96504450607236,96504450606392,96504451367841,760.605,761.449
2,521,96504451586809,96504451586137,96504452427528,840.719,841.391
2,522,96504452762509,96504452761832,96504453510674,748.165,748.842
2,523,96504453938278,96504453937526,96504454525648,587.37,588.122
2,524,96504455113928,96504455113220,96504455862563,748.635,749.343
2,525,96504456093991,96504456092965,96504456722122,628.131,629.157
2,526,96504457311062,96504457268659,96504457891462,580.4,622.803
2,527,96504458446431,96504458444353,96504458890006,443.575,445.653
2,528,96504459426124,96504459424098,96504460212821,786.697,788.723
2,529,96504460601454,96504460599792,96504461201614,600.16,601.822
2,530,96504461776943,96504461775487,96504462327772,550.829,552.285
2,531,96504462757036,96504462755232,96504463646317,889.281,891.085
2,532,96504463932906,96504463930926,96504464677771,744.865,746.845
2,533,96504465108246,96504465106620,96504465644864,536.618,538.244
2,534,96504466087999,96504466086365,96504466835954,747.955,749.589
2,535,96504467263899,96504467262059,96504467989873,725.974,727.814
2,536,96504468439589,96504468437753,96504469106551,666.962,668.798
2,537,96504469615538,96504469613447,96504470230749,615.211,617.302
2,538,96504470595322,96504470593193,96504471793071,1197.749,1199.878
2,539,96504471775951,96504471768887,96504472384702,608.751,615.815
2,540,96504472946240,96504472944581,96504473688756,742.516,744.175
2,541,96504473926663,96504473924326,96504474675820,749.157,751.494
2,542,96504475101553,96504475100020,96504475623261,521.708,523.241
2,543,96504476277543,96504476275714,96504477012828,735.285,737.114
2,544,96504477257346,96504477255459,96504478032712,775.366,777.253
2,545,96504478433046,96504478431153,96504479127130,694.084,695.977
2,546,96504479608696,96504479606848,96504480463025,854.329,856.177
2,547,96504480588359,96504480586593,96504481424407,836.048,837.814
2,548,96504481763929,96504481762287,96504482569846,805.917,807.559
2,549,96504482939719,96504482937981,96504483688484,748.765,750.503
2,550,96504484115939,96504484113675,96504484728499,612.56,614.824
2,551,96504485096572,96504485093420,96504485902518,805.946,809.098
2,552,96504486271001,96504486269114,96504486980655,709.654,711.541
2,553,96504487446741,96504487444808,96504487980199,533.458,535.391
2,554,96504488426464,96504488424554,96504489213100,786.636,788.546
2,555,96504489602034,96504489600248,96504490227525,625.491,627.277
2,556,96504490777923,96504490775942,96504491413715,635.792,637.773
2,557,96504491757587,96504491755687,96504492701558,943.971,945.871
2,558,96504492932986,96504492931381,96504493430353,497.367,498.972
2,559,96504494108896,96504494107075,96504495252205,1143.309,1145.13
2,560,96504495088759,96504495086820,96504496224807,1136.048,1137.987
2,561,96504496264208,96504496262514,96504497259383,995.175,996.869
2,562,96504497439748,96504497438209,96504498203395,763.647,765.186
2,563,96504498616088,96504498613903,96504499178587,562.499,564.684
2,564,96504499595321,96504499593648,96504500370857,775.536,777.209
2,565,96504500779212,96504500769342,96504501423433,644.221,654.091
2,566,96504501947001,96504501945036,96504502568682,621.681,623.646
2,567,96504502926644,96504502924781,96504503763382,836.738,838.601
2,568,96504504102414,96504504100475,96504505304434,1202.02,1203.959
2,569,96504505278294,96504505276169,96504505886374,608.08,610.205
2,570,96504506257547,96504506255915,96504506910419,652.872,654.504
2,571,96504507433667,96504507431609,96504507952034,518.367,520.425
2,572,96504508609036,96504508607303,96504509445395,836.359,838.092
2,573,96504509588829,96504509587048,96504510475219,886.39,888.171
2,574,96504510765279,96504510762742,96504511893377,1128.098,1130.635
2,575,96504511940088,96504511938436,96504512946232,1006.144,1007.796
2,576,96504513115828,96504513114130,96504513948166,832.338,834.036
2,577,96504514095841,96504514093875,96504514995811,899.97,901.936
2,578,96504515271271,96504515269570,96504515892423,621.152,622.853
2,579,96504516447161,96504516445264,96504517003000,555.839,557.736
2,580,96504517427024,96504517425009,96504518118117,691.093,693.108
2,581,96504518602874,96504518600703,96504519249635,646.761,648.932
2,582,96504519778234,96504519776397,96504520415314,637.08,638.917
2,583,96504520758316,96504520756142,96504521405418,647.102,649.276
2,584,96504521933686,96504521931836,96504522742333,808.647,810.497
2,585,96504523109416,96504523107530,96504523713367,603.951,605.837
2,586,96504524089079,96504524087276,96504525005240,916.161,917.964
2,587,96504525264969,96504525262970,96504526336806,1071.837,1073.836
2,588,96504526440469,96504526438664,96504527299708,859.239,861.044
2,589,96504527616328,96504527614358,96504528391454,775.126,777.096
2,590,96504528596022,96504528594103,96504529736070,1140.048,1141.967
2,591,96504529776811,96504529769797,96504530487615,710.804,717.818
2,592,96504530946961,96504530945491,96504531550522,603.561,605.031
2,593,96504531926755,96504531925236,96504532720691,793.936,795.455
2,594,96504533102743,96504533100931,96504533910261,807.518,809.33
2,595,96504534278453,96504534276625,96504534855803,577.35,579.178
2,596,96504535258146,96504535256370,96504536137256,879.11,880.886
2,597,96504536433856,96504536432064,96504537093909,660.053,661.845
2,598,96504537609706,96504537607758,96504538462575,852.869,854.817
2,599,96504538589389,96504538587503,96504539191499,602.11,603.996
2,600,96504539765009,96504539763197,96504540746792,981.783,983.595
2,601,96504540940499,96504540938891,96504541412764,472.265,473.873
2,602,96504542117389,96504542114586,96504542706519,589.13,591.933
2,603,96504543096572,96504543094331,96504543799445,702.873,705.114
2,604,96504544271571,96504544270025,96504544900813,629.242,630.788
2,605,96504545447841,96504545445719,96504546022660,574.819,576.941
2,606,96504546427114,96504546425464,96504547156359,729.245,730.895
2,607,96504547602894,96504547601158,96504548313068,710.174,711.91
2,608,96504548778343,96504548776852,96504549510718,732.375,733.866
2,609,96504549758087,96504549756597,96504550483621,725.534,727.024
2,610,96504550934226,96504550932292,96504551686502,752.276,754.21
2,611,96504552109676,96504552107986,96504552734587,624.911,626.601
2,612,96504553089420,96504553087731,96504554009781,920.361,922.05
2,613,96504554264839,96504554263425,96504555259373,994.534,995.948
2,614,96504555441069,96504555439119,96504555948846,507.777,509.727
2,615,96504556616628,96504556614813,96504557392105,775.477,777.292
2,616,96504557596601,96504557594558,96504558829253,1232.652,1234.695
2,617,96504558777062,96504558770252,96504559529797,752.735,759.545
2,618,96504559948201,96504559945947,96504560802540,854.339,856.593
2,619,96504560927804,96504560925692,96504561704850,777.046,779.158
2,620,96504562103094,96504562101386,96504562582180,479.086,480.794
2,621,96504563279214,96504563277080,96504563920195,640.981,643.115
2,622,96504564258807,96504564256825,96504565009692,750.885,752.867
2,623,96504565434157,96504565432519,96504566290696,856.539,858.177
2,624,96504566610757,96504566608213,96504567377942,767.185,769.729
2,625,96504567589720,96504567587958,96504568591813,1002.093,1003.855
2,626,96504568765489,96504568763653,96504569722141,956.652,958.488
2,627,96504569941418,96504569939347,96504570438736,497.318,499.389
2,628,96504571116438,96504571115041,96504571953966,837.528,838.925
2,629,96504572096421,96504572094786,96504572923109,826.688,828.323
2,630,96504573272651,96504573270480,96504574182402,909.751,911.922
2,631,96504574448061,96504574446174,96504574918387,470.326,472.213
2,632,96504575427524,96504575425919,96504576639785,1212.261,1213.866
2,633,96504576603344,96504576601613,96504577129872,526.528,528.259
2,634,96504577779094,96504577777308,96504578589211,810.117,811.903
2,635,96504578758997,96504578757053,96504579498872,739.875,741.819
2,636,96504579934516,96504579932747,96504580809466,874.95,876.719
2,637,96504581110366,96504581108441,96504581668675,558.309,560.234
2,638,96504582090749,96504582088186,96504582923637,832.888,835.451
2,639,96504583266749,96504583263880,96504584075176,808.427,811.296
2,640,96504584441169,96504584439574,96504585033558,592.389,593.984
2,641,96504585616819,96504585615268,96504586189318,572.499,574.05
2,642,96504586596602,96504586595014,96504587489292,892.69,894.278
2,643,96504587775611,96504587770708,96504588329530,553.919,558.822
2,644,96504588948591,96504588946402,96504589427138,478.547,480.736
2,645,96504589927985,96504589926147,96504590725161,797.176,799.014
2,646,96504591103604,96504591101841,96504592002064,898.46,900.223
2,647,96504592279273,96504592277535,96504592981038,701.765,703.503
2,648,96504593259466,96504593257280,96504594007602,748.136,750.322
2,649,96504594434676,96504594432974,96504594945024,510.348,512.05
2,650,96504595610456,96504595608669,96504596231237,620.781,622.568
2,651,96504596590179,96504596588414,96504597458799,868.62,870.385
2,652,96504597765949,96504597764108,96504598996130,1230.181,1232.022
2,653,96504598941199,96504598939802,96504599704685,763.486,764.883
2,654,96504600116889,96504600115496,96504600783061,666.172,667.565
2,655,96504601096862,96504601095241,96504601880098,783.236,784.857
2,656,96504602272692,96504602270935,96504603121500,848.808,850.565
2,657,96504603448211,96504603446629,96504604013981,565.77,567.352
2,658,96504604427964,96504604426375,96504605180820,752.856,754.445
2,659,96504605603924,96504605602069,96504606353719,749.795,751.65
2,660,96504606779444,96504606777763,96504607457476,678.032,679.713
2,661,96504607759547,96504607757508,96504608555044,795.497,797.536
2,662,96504608935247,96504608933202,96504609534117,598.87,600.915
2,663,96504610110746,96504610108896,96504610690886,580.14,581.99
2,664,96504611090450,96504611088641,96504612344312,1253.862,1255.671
2,665,96504612265999,96504612264335,96504613339795,1073.796,1075.46
2,666,96504613441679,96504613440030,96504614108901,667.222,668.871
2,667,96504614617879,96504614615724,96504615914842,1296.963,1299.118
2,668,96504615597051,96504615595469,96504616686448,1089.397,1090.979
2,669,96504616772861,96504616771163,96504617473985,701.124,702.822
2,670,96504617948611,96504617946857,96504618892913,944.302,946.056
2,671,96504618928134,96504618926602,96504619724401,796.267,797.799
2,672,96504620104154,96504620102296,96504620959243,855.089,856.947
2,673,96504621279884,96504621277990,96504622026669,746.785,748.679
2,674,96504622259847,96504622257736,96504623029453,769.606,771.717
2,675,96504623435387,96504623433430,96504624254495,819.108,821.065
2,676,96504624611167,96504624609124,96504625287489,676.322,678.365
2,677,96504625590950,96504625588869,96504626424148,833.198,835.279
2,678,96504626766469,96504626764563,96504627670259,903.79,905.696
2,679,96504627941659,96504627940257,96504628553769,612.11,613.512
2,680,96504629117448,96504629115951,96504629779581,662.133,663.63
2,681,96504630097862,96504630095696,96504631291482,1193.62,1195.786
2,682,96504631273261,96504631271391,96504632326317,1053.056,1054.926
2,683,96504632449231,96504632447085,96504633450445,1001.214,1003.36
2,684,96504633428624,96504633426830,96504634266472,837.848,839.642
2,685,96504634604284,96504634602524,96504635290767,686.483,688.243
2,686,96504635780024,96504635778218,96504636515119,735.095,736.901
2,687,96504636759697,96504636757963,96504637545994,786.297,788.031
2,688,96504637935467,96504637933657,96504638553358,617.891,619.701
2,689,96504639111236,96504639109351,96504639763419,652.183,654.068
2,690,96504640091179,96504640089097,96504641018061,926.882,928.964
2,691,96504641266609,96504641264791,96504642141559,874.95,876.768
2,692,96504642442189,96504642440485,96504643168863,726.674,728.378
2,693,96504643618119,96504643616179,96504644281611,663.492,665.432
2,694,96504644597712,96504644595924,96504645921167,1323.455,1325.243
2,695,96504645778441,96504645771618,96504646348561,570.12,576.943
2,696,96504646949751,96504646947312,96504647697407,747.656,750.095
2,697,96504647929095,96504647927057,96504649087983,1158.888,1160.926
2,698,96504649104584,96504649102752,96504649781147,676.563,678.395
2,699,96504650280243,96504650278446,96504651440413,1160.17,1161.967
2,700,96504651260246,96504651258191,96504652152927,892.681,894.736
2,701,96504652436596,96504652433885,96504653332506,895.91,898.621
2,702,96504653611606,96504653609579,96504654634041,1022.435,1024.462
2,703,96504654591259,96504654589324,96504655561212,969.953,971.888
2,704,96504655766789,96504655765018,96504656497534,730.745,732.516
2,705,96504656942019,96504656940712,96504657577191,635.172,636.479
2,706,96504658118119,96504658116407,96504658716009,597.89,599.602
2,707,96504659097612,96504659096152,96504659901979,804.367,805.827
2,708,96504660273522,96504660271846,96504661081969,808.447,810.123
2,709,96504661449552,96504661447540,96504662161756,712.204,714.216
2,710,96504662429154,96504662427285,96504663445758,1016.604,1018.473
2,711,96504663604794,96504663602979,96504664261046,656.252,658.067
2,712,96504664780404,96504664778673,96504665529609,749.205,750.936
2,713,96504665760397,96504665758418,96504666511833,751.436,753.415
2,714,96504666935777,96504666934113,96504667661251,725.474,727.138
2,715,96504668111106,96504668109807,96504668857822,746.716,748.015
2,716,96504669288376,96504669285501,96504669850665,562.289,565.164
2,717,96504670266229,96504670265246,96504670885470,619.241,620.224
2,718,96504671441649,96504671440940,96504672238856,797.207,797.916
2,719,96504672617419,96504672616634,96504673181418,563.999,564.784
2,720,96504673597132,96504673596379,96504674181491,584.359,585.112
2,721,96504674774582,96504674772073,96504675582819,808.237,810.746
2,722,96504675948561,96504675947768,96504676553952,605.391,606.184
2,723,96504676928204,96504676927513,96504677569406,641.202,641.893
2,724,96504678103924,96504678103207,96504678809048,705.124,705.841
2,725,96504679279664,96504679278901,96504679740260,460.596,461.359
2,726,96504680259437,96504680258646,96504681184598,925.161,925.952
2,727,96504681435127,96504681434340,96504682202822,767.695,768.482
2,728,96504682610727,96504682610034,96504683290039,679.312,680.005
2,729,96504683786517,96504683785728,96504684393727,607.21,607.999
2,730,96504684766300,96504684765474,96504685688311,922.011,922.837
2,731,96504685941869,96504685941168,96504686610292,668.423,669.124
2,732,96504687117638,96504687116862,96504688105622,987.984,988.76
2,733,96504688097312,96504688096607,96504689290003,1192.691,1193.396
2,734,96504689273121,96504689272301,96504689884602,611.481,612.301
2,735,96504690448761,96504690447995,96504691054381,605.62,606.386
2,736,96504691428514,96504691427740,96504692091847,663.333,664.107
2,737,96504692604124,96504692603434,96504693385131,781.007,781.697
2,738,96504693779774,96504693779129,96504694357274,577.5,578.145
2,739,96504694759707,96504694758874,96504695666908,907.201,908.034
2,740,96504695935307,96504695934568,96504696644180,708.873,709.612
2,741,96504697110996,96504697110262,96504697764149,653.153,653.887
2,742,96504698286606,96504698285956,96504699048542,761.936,762.586
2,743,96504699266409,96504699265701,96504700126258,859.849,860.557
2,744,96504700442719,96504700441395,96504701065250,622.531,623.855
2,745,96504701617979,96504701617089,96504702864101,1246.122,1247.012
2,746,96504702598602,96504702596834,96504703831044,1232.442,1234.21
2,747,96504703780532,96504703772529,96504704652662,872.13,880.133
2,748,96504704949042,96504704948223,96504705825101,876.059,876.878
2,749,96504705928625,96504705927968,96504706621138,692.513,693.17
2,750,96504707104335,96504707103662,96504707748626,644.291,644.964
2,751,96504708280074,96504708279356,96504708808192,528.118,528.836
2,752,96504709259887,96504709259101,96504710319323,1059.436,1060.222
2,753,96504710435546,96504710434795,96504711322277,886.731,887.482
2,754,96504711611166,96504711610490,96504712622531,1011.365,1012.041
2,755,96504712787026,96504712786184,96504713492440,705.414,706.256
2,756,96504713766619,96504713765929,96504714549076,782.457,783.147
2,757,96504714942399,96504714941623,96504715778687,836.288,837.064
2,758,96504716117989,96504716117317,96504716931906,813.917,814.589
2,759,96504717097842,96504717097062,96504717836227,738.385,739.165
2,760,96504718273952,96504718272756,96504719410990,1137.038,1138.234
2,761,96504719449292,96504719448450,96504720096193,646.901,647.743
2,762,96504720428845,96504720428195,96504721095927,667.082,667.732
2,763,96504721604524,96504721603890,96504722506475,901.951,902.585
2,764,96504722781914,96504722779584,96504723612442,830.528,832.858
2,765,96504723760077,96504723759329,96504724776751,1016.674,1017.422
2,766,96504724936137,96504724935023,96504725745134,808.997,810.111
2,767,96504726111847,96504726110717,96504726824550,712.703,713.833
2,768,96504727287316,96504727286411,96504727854375,567.059,567.964
2,769,96504728266850,96504728266156,96504729035736,768.886,769.58
2,770,96504729442879,96504729441850,96504730147813,704.934,705.963
2,771,96504730618179,96504730617545,96504731318733,700.554,701.188
2,772,96504731598002,96504731597290,96504732493233,895.231,895.943
2,773,96504732775552,96504732772984,96504733223437,447.885,450.453
2,774,96504733949821,96504733948678,96504734612474,662.653,663.796
2,775,96504734929224,96504734928423,96504736385674,1456.45,1457.251
2,776,96504736105034,96504736104117,96504736795348,690.314,691.231
2,777,96504737280924,96504737279811,96504737804102,523.178,524.291
2,778,96504738260737,96504738259556,96504739142747,882.01,883.191
2,779,96504739436107,96504739435251,96504740167922,731.815,732.671
2,780,96504740611697,96504740610945,96504741270379,658.682,659.434
2,781,96504741787407,96504741786639,96504742594454,807.047,807.815
2,782,96504742767180,96504742766384,96504743518385,751.205,752.001
2,783,96504743942750,96504743942078,96504744586511,643.761,644.433
2,784,96504745118548,96504745117772,96504745719269,600.721,601.497
2,785,96504746098272,96504746097517,96504746879028,780.756,781.511
2,786,96504747274262,96504747273211,96504748042838,768.576,769.627
2,787,96504748450011,96504748448906,96504749516987,1066.976,1068.081
2,788,96504749429525,96504749428651,96504750648786,1219.261,1220.135
2,789,96504750604994,96504750604345,96504751846986,1241.992,1242.641
2,790,96504751780804,96504751780039,96504752759207,978.403,979.168
2,791,96504752760547,96504752759784,96504753705439,944.892,945.655
2,792,96504753936497,96504753935478,96504755043274,1106.777,1107.796
2,793,96504755111997,96504755111172,96504756355879,1243.882,1244.707
2,794,96504756287796,96504756286866,96504757136115,848.319,849.249
2,795,96504757267439,96504757266612,96504758215422,947.983,948.81
2,796,96504758442949,96504758442306,96504758993798,550.849,551.492
2,797,96504759618669,96504759618000,96504760400895,782.226,782.895
2,798,96504760598482,96504760597745,96504761488242,889.76,890.497
2,799,96504761774362,96504761773439,96504762456305,681.943,682.866
2,800,96504762949852,96504762949133,96504763521361,571.509,572.228
2,801,96504763929545,96504763928878,96504764704951,775.406,776.073
2,802,96504765105245,96504765104572,96504765871460,766.215,766.888
2,803,96504766281084,96504766280267,96504766793041,511.957,512.774
2,804,96504767260958,96504767260012,96504768307133,1046.175,1047.121
2,805,96504768436537,96504768435706,96504769277225,840.688,841.519
2,806,96504769612286,96504769611400,96504770160275,547.989,548.875
2,807,96504770787906,96504770787094,96504771423388,635.482,636.294
2,808,96504771767499,96504771766839,96504772834505,1067.006,1067.666
2,809,96504772943289,96504772942533,96504773982825,1039.536,1040.292
2,810,96504774118859,96504774118227,96504774643457,524.598,525.23
2,811,96504775099152,96504775097973,96504776047484,948.332,949.511
2,812,96504776274372,96504776273667,96504776922494,648.122,648.827
2,813,96504777450112,96504777449361,96504778151385,701.273,702.024
2,814,96504778430025,96504778429106,96504779280793,850.768,851.687
2,815,96504779605495,96504779604800,96504780419382,813.887,814.582
2,816,96504780781174,96504780780494,96504781353763,572.589,573.269
2,817,96504781761117,96504781760239,96504782535444,774.327,775.205
2,818,96504782936887,96504782935933,96504783833707,896.82,897.774
2,819,96504784112757,96504784111628,96504784943695,830.938,832.067
2,820,96504785288186,96504785287322,96504785835675,547.489,548.353
2,821,96504786267930,96504786267067,96504787397778,1129.848,1130.711
2,822,96504787443449,96504787442761,96504788293058,849.609,850.297
2,823,96504788619149,96504788618455,96504789404146,784.997,785.691
2,824,96504789598932,96504789598200,96504790369069,770.137,770.869
2,825,96504790777052,96504790773894,96504791532977,755.925,759.083
2,826,96504791950342,96504791949588,96504792748869,798.527,799.281
2,827,96504792930054,96504792929334,96504793749182,819.128,819.848
2,828,96504794105674,96504794105028,96504794660664,554.99,555.636
2,829,96504795281844,96504795280722,96504795975878,694.034,695.156
2,830,96504796261407,96504796260467,96504797031013,769.606,770.546
2,831,96504797436917,96504797436161,96504798080279,643.362,644.118
2,832,96504798612557,96504798611855,96504799727655,1115.098,1115.8
2,833,96504799788187,96504799787549,96504800869413,1081.226,1081.864
2,834,96504800778690,96504800767294,96504801666270,887.58,898.976
2,835,96504801943820,96504801942989,96504802494338,550.518,551.349
2,836,96504803119430,96504803118683,96504803879495,760.065,760.812
2,837,96504804099432,96504804098428,96504804998983,899.551,900.555
2,838,96504805274952,96504805274122,96504806050169,775.217,776.047
2,839,96504806450701,96504806449816,96504807267879,817.178,818.063
2,840,96504807430245,96504807429561,96504808171930,741.685,742.369
2,841,96504808605954,96504808605255,96504809439493,833.539,834.238
2,842,96504809781684,96504809780949,96504810528490,746.806,747.541
2,843,96504810761427,96504810760695,96504811561274,799.847,800.579
2,844,96504811937097,96504811936389,96504812804767,867.67,868.378
2,845,96504813112837,96504813112083,96504813726438,613.601,614.355
2,846,96504814288497,96504814287777,96504814844325,555.828,556.548
2,847,96504815268450,96504815267522,96504816057476,789.026,789.954
2,848,96504816443899,96504816443216,96504817360180,916.281,916.964
2,849,96504817619579,96504817618910,96504818295763,676.184,676.853
2,850,96504818599562,96504818598655,96504819429280,829.718,830.625
2,851,96504819779923,96504819774350,96504820279859,499.936,505.509
2,852,96504820950722,96504820950044,96504821676216,725.494,726.172
2,853,96504821930545,96504821929789,96504822818904,888.359,889.115
2,854,96504823106355,96504823105483,96504823651643,545.288,546.16
2,855,96504824281945,96504824281177,96504825180885,898.94,899.708
2,856,96504825262008,96504825260922,96504826210679,948.671,949.757
2,857,96504826437558,96504826436616,96504827084729,647.171,648.113
2,858,96504827613077,96504827612310,96504828287990,674.913,675.68
2,859,96504828788726,96504828788005,96504829381687,592.961,593.682
2,860,96504829772050,96504829767750,96504830505024,732.974,737.274
2,861,96504830944109,96504830943444,96504831630352,686.243,686.908
2,862,96504832119889,96504832119138,96504832765861,645.972,646.723
2,863,96504833099682,96504833098883,96504833868839,769.157,769.956
2,864,96504834275202,96504834274577,96504835051018,775.816,776.441
2,865,96504835451022,96504835450271,96504836100574,649.552,650.303
2,866,96504836430785,96504836430016,96504837587924,1157.139,1157.908
2,867,96504837606375,96504837605711,96504838445243,838.868,839.532
2,868,96504838792864,96504838781405,96504839605132,812.268,823.727
2,869,96504839761968,96504839761150,96504840867495,1105.527,1106.345
2,870,96504840937637,96504840936844,96504841756365,818.728,819.521
2,871,96504842113237,96504842112538,96504842850961,737.724,738.423
2,872,96504843289176,96504843288232,96504844200918,911.742,912.686
2,873,96504844268710,96504844267977,96504844989434,720.724,721.457
2,874,96504845444400,96504845443671,96504846181784,737.384,738.113
2,875,96504846620189,96504846619366,96504847268491,648.302,649.125
2,876,96504847600263,96504847599111,96504848411610,811.347,812.499
2,877,96504848775592,96504848774805,96504849465165,689.573,690.36
2,878,96504849951282,96504849950499,96504850706817,755.535,756.318
2,879,96504850930965,96504850930244,96504851639099,708.134,708.855
2,880,96504852106594,96504852105938,96504852861800,755.206,755.862
2,881,96504853282834,96504853281632,96504854440554,1157.72,1158.922
2,882,96504854262127,96504854261377,96504855253221,991.094,991.844
2,883,96504855438157,96504855437072,96504856010017,571.86,572.945
2,884,96504856613907,96504856612766,96504857610560,996.653,997.794
2,885,96504857789277,96504857788460,96504858529161,739.884,740.701
2,886,96504858774620,96504858768205,96504859613749,839.129,845.544
2,887,96504859944960,96504859943899,96504860419005,474.045,475.106
2,888,96504861120330,96504861119593,96504861738980,618.65,619.387
2,889,96504862100083,96504862099338,96504862916210,816.127,816.872
2,890,96504863276033,96504863275032,96504864106490,830.457,831.458
2,891,96504864451841,96504864450727,96504865137235,685.394,686.508
2,892,96504865431235,96504865430472,96504866299224,867.989,868.752
2,893,96504866606915,96504866606166,96504867163514,556.599,557.348
2,894,96504867782784,96504867781860,96504868552031,769.247,770.171
2,895,96504868762318,96504868761605,96504870065871,1303.553,1304.266
2,896,96504869938257,96504869937299,96504870636991,698.734,699.692
2,897,96504871114127,96504871112993,96504871789460,675.333,676.467
2,898,96504872289417,96504872288687,96504873242989,953.572,954.302
2,899,96504873269200,96504873268433,96504874088657,819.457,820.224
2,900,96504874445160,96504874444127,96504875081392,636.232,637.265
2,901,96504875620569,96504875619821,96504876393436,772.867,773.615
2,902,96504876600342,96504876599566,96504877340698,740.356,741.132
2,903,96504877779923,96504877775260,96504878422664,642.741,647.404
2,904,96504878951602,96504878950954,96504879767500,815.898,816.546
2,905,96504879931465,96504879930699,96504880606688,675.223,675.989
2,906,96504881107355,96504881106393,96504881670834,563.479,564.441
2,907,96504882282765,96504882282088,96504882914485,631.72,632.397
2,908,96504883262838,96504883261833,96504884381515,1118.677,1119.682
2,909,96504884438348,96504884437527,96504885288316,849.968,850.789
2,910,96504885614067,96504885613221,96504886737145,1123.078,1123.924
2,911,96504886789817,96504886788915,96504887384047,594.23,595.132
2,912,96504887776300,96504887768660,96504888660500,884.2,891.84
2,913,96504888945229,96504888944354,96504889761047,815.818,816.693
2,914,96504890120739,96504890120048,96504890806572,685.833,686.524
2,915,96504891100632,96504891099794,96504892112107,1011.475,1012.313
2,916,96504892276212,96504892275488,96504892957576,681.364,682.088
2,917,96504893451942,96504893451182,96504894257870,805.928,806.688
2,918,96504894431665,96504894430927,96504895212332,780.667,781.405
2,919,96504895607445,96504895606621,96504896302078,694.633,695.457
2,920,96504896782925,96504896782315,96504897423236,640.311,640.921
2,921,96504897762848,96504897762060,96504898426340,663.492,664.28
2,922,96504898938507,96504898937754,96504899747944,809.437,810.19
2,923,96504900114137,96504900113449,96504900911424,797.287,797.975
2,924,96504901290317,96504901289143,96504901953799,663.482,664.656
2,925,96504902269650,96504902268888,96504902978254,708.604,709.366
2,926,96504903445260,96504903444582,96504903898955,453.695,454.373
2,927,96504904620939,96504904620276,96504905178689,557.75,558.413
2,928,96504905600843,96504905600021,96504906334918,734.075,734.897
2,929,96504906779412,96504906775715,96504907272579,493.167,496.864
2,930,96504907952332,96504907951409,96504908801101,848.769,849.692
2,931,96504908932135,96504908931155,96504910303862,1371.727,1372.707
2,932,96504910107745,96504910106849,96504911296406,1188.661,1189.557
2,933,96504911283514,96504911282543,96504912124393,840.879,841.85
2,934,96504912263257,96504912262288,96504913279722,1016.465,1017.434
2,935,96504913438977,96504913437982,96504914694030,1255.053,1256.048
2,936,96504914614637,96504914613676,96504915307711,693.074,694.035
2,937,96504915790307,96504915789370,96504916405497,615.19,616.127
2,938,96504916779711,96504916769115,96504918101055,1321.344,1331.94
2,939,96504917945750,96504917944810,96504918804329,858.579,859.519
2,940,96504919121580,96504919120504,96504919831744,710.164,711.24
2,941,96504920101133,96504920100249,96504920750605,649.472,650.356
2,942,96504921276573,96504921275943,96504922221325,944.752,945.382
2,943,96504922452362,96504922451637,96504923469826,1017.464,1018.189
2,944,96504923432155,96504923431382,96504924355027,922.872,923.645
2,945,96504924607975,96504924607076,96504925557767,949.792,950.691
2,946,96504925783504,96504925782770,96504926430516,647.012,647.746
2,947,96504926763308,96504926762516,96504927753021,989.713,990.505
2,948,96504927938907,96504927938210,96504928483225,544.318,545.015
2,949,96504929114917,96504929113904,96504929608004,493.087,494.1
2,950,96504930290407,96504930289598,96504930958519,668.112,668.921
2,951,96504931270100,96504931269343,96504932034626,764.526,765.283
2,952,96504932445700,96504932445037,96504933088851,643.151,643.814
2,953,96504933621420,96504933620731,96504934475798,854.378,855.067
2,954,96504934601092,96504934600476,96504935830554,1229.462,1230.078
2,955,96504935776982,96504935776171,96504936344572,567.59,568.401
2,956,96504936952602,96504936951865,96504937506590,553.988,554.725
2,957,96504937932435,96504937931610,96504938841916,909.481,910.306
2,958,96504939107925,96504939107304,96504939889641,781.716,782.337
2,959,96504940284685,96504940282998,96504941277688,993.003,994.69
2,960,96504941263528,96504941262743,96504942509000,1245.472,1246.257
2,961,96504942439368,96504942438437,96504942990036,550.668,551.599
2,962,96504943614948,96504943614131,96504944326782,711.834,712.651
2,963,96504944790607,96504944789826,96504945576074,785.467,786.248
2,964,96504945776450,96504945769571,96504946708442,931.992,938.871
2,965,96504946946079,96504946945265,96504947504329,558.25,559.064
2,966,96504948121619,96504948120959,96504948837074,715.455,716.115
2,967,96504949101482,96504949100704,96504949847288,745.806,746.584
2,968,96504950277122,96504950276398,96504950938575,661.453,662.177
2,969,96504951452922,96504951452092,96504952187767,734.845,735.675
2,970,96504952432505,96504952431837,96504953233822,801.317,801.985
2,971,96504953608305,96504953607532,96504954374450,766.145,766.918
2,972,96504954783905,96504954783226,96504955490388,706.483,707.162
2,973,96504955763798,96504955762971,96504956767322,1003.524,1004.351
2,974,96504956939438,96504956938665,96504957897930,958.492,959.265
2,975,96504958115197,96504958114359,96504959032098,916.901,917.739
2,976,96504959290967,96504959290053,96504960061433,770.466,771.38
2,977,96504960270470,96504960269798,96504961059957,789.487,790.159
2,978,96504961446260,96504961445492,96504962068351,622.091,622.859
2,979,96504962621849,96504962621187,96504963186499,564.65,565.312
2,980,96504963601683,96504963600932,96504964335628,733.945,734.696
2,981,96504964777373,96504964776626,96504965472746,695.373,696.12
2,982,96504965953102,96504965952320,96504966630875,677.773,678.555
2,983,96504966932746,96504966932065,96504967722062,789.316,789.997
2,984,96504968108455,96504968107759,96504968630442,521.987,522.683
2,985,96504969284065,96504969283453,96504969927516,643.451,644.063
2,986,96504970263937,96504970263198,96504971004743,740.806,741.545
2,987,96504971439677,96504971438893,96504972096090,656.413,657.197
2,988,96504972615597,96504972614587,96504973250729,635.132,636.142
2,989,96504973791277,96504973790281,96504974622835,831.558,832.554
2,990,96504974777231,96504974770026,96504975985601,1208.37,1215.575
2,991,96504975946450,96504975945720,96504976687495,741.045,741.775
2,992,96504977122590,96504977121414,96504977813343,690.753,691.929
2,993,96504978101963,96504978101159,96504979040984,939.021,939.825
2,994,96504979277673,96504979276853,96504980061649,783.976,784.796
2,995,96504980453293,96504980452548,96504981204088,750.795,751.54
2,996,96504981432996,96504981432293,96504982224692,791.696,792.399
2,997,96504982608915,96504982607987,96504983116992,508.077,509.005
2,998,96504983784434,96504983783681,96504984296432,511.998,512.751
2,999,96504984764258,96504984763426,96504985518094,753.836,754.668
2,1000,96504985939947,96504985939120,96504986489646,549.699,550.526
2,1001,96504987115507,96504987114814,96504987779050,663.543,664.236
2,1002,96504988291377,96504988290508,96504989017471,726.094,726.963
2,1003,96504989270940,96504989270253,96504989979355,708.415,709.102
2,1004,96504990446780,96504990445948,96504991055180,608.4,609.232
2,1005,96504991622430,96504991621642,96504992297633,675.203,675.991
2,1006,96504992602113,96504992601387,96504993486423,884.31,885.036
2,1007,96504993781763,96504993777081,96504995203701,1421.938,1426.62
2,1008,96504994953592,96504994952775,96504996171734,1218.142,1218.959
2,1009,96504995933285,96504995932520,96504996899828,966.543,967.308
2,1010,96504997108915,96504997108214,96504997934943,826.028,826.729
2,1011,96504998284735,96504998283909,96504999166755,882.02,882.846
2,1012,96504999264398,96504999263654,96505000071515,807.117,807.861
2,1013,96505000440208,96505000439348,96505001044218,604.01,604.87
2,1014,96505001615798,96505001615042,96505002250809,635.011,635.767
2,1015,96505002791427,96505002790736,96505003325195,533.768,534.459
2,1016,96505003779210,96505003770481,96505004497425,718.215,726.944
2,1017,96505004946870,96505004946175,96505005568861,621.991,622.686
2,1018,96505006122499,96505006121869,96505006781702,659.203,659.833
2,1019,96505007102352,96505007101614,96505007879229,776.877,777.615
2,1020,96505008278192,96505008277309,96505009047519,769.327,770.21
2,1021,96505009453712,96505009453003,96505010231409,777.697,778.406
2,1022,96505010433435,96505010432748,96505011536623,1103.188,1103.875
2,1023,96505011609285,96505011608442,96505012538327,929.042,929.885
2,1024,96505012784955,96505012784136,96505013426076,641.121,641.94
2,1025,96505013764778,96505013763881,96505014560235,795.457,796.354
2,1026,96505014940338,96505014939575,96505015553569,613.231,613.994
2,1027,96505016116138,96505016115269,96505016598134,481.996,482.865
2,1028,96505017291718,96505017290964,96505017999961,708.243,708.997
2,1029,96505018271440,96505018270709,96505019124449,853.009,853.74
2,1030,96505019447110,96505019446403,96505020094372,647.262,647.969
2,1031,96505020622840,96505020622097,96505021442127,819.287,820.03
2,1032,96505021602573,96505021601842,96505022578116,975.543,976.274
2,1033,96505022780022,96505022777536,96505023496697,716.675,719.161
2,1034,96505023954182,96505023953230,96505024674227,720.045,720.997
2,1035,96505024933816,96505024932975,96505025865867,932.051,932.892
2,1036,96505026109395,96505026108670,96505027108939,999.544,1000.269
2,1037,96505027285085,96505027284364,96505028471735,1186.65,1187.371
2,1038,96505028265198,96505028264109,96505029347855,1082.657,1083.746
2,1039,96505029440677,96505029439803,96505030303327,862.65,863.524
2,1040,96505030616267,96505030615497,96505031529518,913.251,914.021
2,1041,96505031791927,96505031791191,96505032451659,659.732,660.468
2,1042,96505032778531,96505032770936,96505033541236,762.705,770.3
2,1043,96505033947300,96505033946630,96505034414966,467.666,468.336
2,1044,96505035122990,96505035122325,96505035926477,803.487,804.152
2,1045,96505036102753,96505036102070,96505036941211,838.458,839.141
2,1046,96505037278513,96505037277764,96505037713897,435.384,436.133
2,1047,96505038454123,96505038453458,96505039105235,651.112,651.777
2,1048,96505039433826,96505039433203,96505040198571,764.745,765.368
2,1049,96505040609676,96505040608897,96505041618579,1008.903,1009.682
2,1050,96505041785305,96505041784591,96505042543680,758.375,759.089
2,1051,96505042765168,96505042764336,96505043713320,948.152,948.984
2,1052,96505043940868,96505043940031,96505044544728,603.86,604.697
2,1053,96505045116867,96505045115725,96505045888623,771.756,772.898
2,1054,96505046292147,96505046291419,96505046944959,652.812,653.54
2,1055,96505047272070,96505047271164,96505048128989,856.919,857.825
2,1056,96505048447850,96505048446858,96505049177564,729.714,730.706
2,1057,96505049623530,96505049622552,96505050265231,641.701,642.679
2,1058,96505050603143,96505050602297,96505051364019,760.876,761.722
2,1059,96505051779083,96505051777991,96505052346702,567.619,568.711
2,1060,96505052954673,96505052953686,96505053449159,494.486,495.473
2,1061,96505053934135,96505053933431,96505054700841,766.706,767.41
2,1062,96505055109875,96505055109125,96505055709715,599.84,600.59
2,1063,96505056285585,96505056284819,96505057006149,720.564,721.33
2,1064,96505057265428,96505057264564,96505058092716,827.288,828.152
2,1065,96505058441228,96505058440258,96505059089110,647.882,648.852
2,1066,96505059616978,96505059615952,96505060383673,766.695,767.721
2,1067,96505060792597,96505060791646,96505061531712,739.115,740.066
2,1068,96505061778450,96505061771392,96505062921289,1142.839,1149.897
2,1069,96505062947820,96505062947086,96505063639993,692.173,692.907
2,1070,96505064123530,96505064122780,96505064798863,675.333,676.083
2,1071,96505065103634,96505065102525,96505065859658,756.024,757.133
2,1072,96505066279292,96505066278219,96505066961106,681.814,682.887
2,1073,96505067454612,96505067453913,96505068189437,734.825,735.524
2,1074,96505068434775,96505068433658,96505069339756,904.981,906.098
2,1075,96505069610115,96505069609352,96505070128522,518.407,519.17
2,1076,96505070785855,96505070785047,96505071527681,741.826,742.634
2,1077,96505071766048,96505071764792,96505072519023,752.975,754.231
2,1078,96505072941218,96505072940486,96505073519597,578.379,579.111
2,1079,96505074117058,96505074116180,96505074753100,636.042,636.92
2,1080,96505075292788,96505075291874,96505075850406,557.618,558.532
2,1081,96505076272471,96505076271619,96505077038476,766.005,766.857
2,1082,96505077448020,96505077447313,96505078088392,640.372,641.079
2,1083,96505078623860,96505078623007,96505079236990,613.13,613.983
2,1084,96505079603813,96505079602753,96505080481463,877.65,878.71
2,1085,96505080779543,96505080778447,96505081352092,572.549,573.645
2,1086,96505081954882,96505081954141,96505082709748,754.866,755.607
2,1087,96505082935036,96505082933886,96505083865047,930.011,931.161
2,1088,96505084110525,96505084109580,96505085185302,1074.777,1075.722
2,1089,96505085286315,96505085285274,96505085899686,613.371,614.412
2,1090,96505086266248,96505086265019,96505087067035,800.787,802.016
2,1091,96505087441568,96505087440713,96505088237305,795.737,796.592
2,1092,96505088617238,96505088616408,96505089121525,504.287,505.117
2,1093,96505089793107,96505089792102,96505090332005,538.898,539.903
2,1094,96505090777771,96505090771847,96505091670721,892.95,898.874
2,1095,96505091948560,96505091947541,96505092634953,686.393,687.412
2,1096,96505093124010,96505093123235,96505093852095,728.085,728.86
2,1097,96505094103923,96505094102980,96505094802037,698.114,699.057
2,1098,96505095279603,96505095278674,96505095833961,554.358,555.287
2,1099,96505096455363,96505096454368,96505097257639,802.276,803.271
2,1100,96505097435056,96505097434114,96505098398528,963.472,964.414
2,1101,96505098610486,96505098609808,96505099384642,774.156,774.834
2,1102,96505099786366,96505099785502,96505100501809,715.443,716.307
2,1103,96505100766359,96505100765247,96505101557235,790.876,791.988
2,1104,96505101941688,96505101940941,96505102556919,615.231,615.978
2,1105,96505103117757,96505103116635,96505103658806,541.049,542.171
2,1106,96505104293057,96505104292329,96505104993691,700.634,701.362
2,1107,96505105272930,96505105272074,96505106023196,750.266,751.122
2,1108,96505106448470,96505106447769,96505107223756,775.286,775.987
2,1109,96505107624230,96505107623463,96505108144527,520.297,521.064
2,1110,96505108603923,96505108603208,96505109477193,873.27,873.985
2,1111,96505109780333,96505109778902,96505110531198,750.865,752.296
2,1112,96505110955603,96505110954596,96505111597124,641.521,642.528
2,1113,96505111935236,96505111934341,96505112716722,781.486,782.381
2,1114,96505113110985,96505113110035,96505113659984,548.999,549.949
2,1115,96505114287025,96505114285729,96505115015310,728.285,729.581
2,1116,96505115266488,96505115265475,96505116258442,991.954,992.967
2,1117,96505116442458,96505116441169,96505117164302,721.844,723.133
2,1118,96505117617838,96505117616863,96505118249180,631.342,632.317
2,1119,96505118793388,96505118792557,96505119738409,945.021,945.852
2,1120,96505119773531,96505119772302,96505120926620,1153.089,1154.318
2,1121,96505120948651,96505120947996,96505121803139,854.488,855.143
2,1122,96505122124430,96505122123690,96505122718080,593.65,594.39
2,1123,96505123104474,96505123103435,96505123757105,652.631,653.67
2,1124,96505124280443,96505124279130,96505124909904,629.461,630.774
2,1125,96505125455702,96505125454824,96505126264700,808.998,809.876
2,1126,96505126435615,96505126434569,96505127440899,1005.284,1006.33
2,1127,96505127611485,96505127610263,96505128453384,841.899,843.121
2,1128,96505128786665,96505128785957,96505129482049,695.384,696.092
2,1129,96505129766808,96505129765702,96505130628507,861.699,862.805
2,1130,96505130942288,96505130941396,96505131883820,941.532,942.424
2,1131,96505132117898,96505132117090,96505133034889,916.991,917.799
2,1132,96505133293808,96505133292785,96505134022422,728.614,729.637
2,1133,96505134273551,96505134272530,96505135048447,774.896,775.917
2,1134,96505135449151,96505135448224,96505136098443,649.292,650.219
2,1135,96505136624630,96505136623918,96505137178349,553.719,554.431
2,1136,96505137604813,96505137603663,96505138511474,906.661,907.811
2,1137,96505138780363,96505138779357,96505139323902,543.539,544.545
2,1138,96505139956132,96505139955051,96505140755469,799.337,800.418
2,1139,96505140935466,96505140934796,96505141706012,770.546,771.216
2,1140,96505142111446,96505142110491,96505142563161,451.715,452.67
2,1141,96505143287145,96505143286185,96505144007540,720.395,721.355
2,1142,96505144266639,96505144265930,96505145139958,873.319,874.028
2,1143,96505145442678,96505145441624,96505146374090,931.412,932.466
2,1144,96505146618018,96505146617318,96505147577560,959.542,960.242
2,1145,96505147794208,96505147793012,96505148895044,1100.836,1102.032
2,1146,96505148778071,96505148772757,96505149713292,935.221,940.535
2,1147,96505149949410,96505149948451,96505150583812,634.402,635.361
2,1148,96505151125110,96505151124146,96505151617976,492.866,493.83
2,1149,96505152104753,96505152103891,96505153000043,895.29,896.152
2,1150,96505153280713,96505153279585,96505153930585,649.872,651.0
2,1151,96505154456213,96505154455279,96505155105715,649.502,650.436
2,1152,96505155435856,96505155435024,96505156298095,862.239,863.071
2,1153,96505156611656,96505156610718,96505157253157,641.501,642.439
2,1154,96505157787306,96505157786412,96505158542081,754.775,755.669
2,1155,96505158767099,96505158766157,96505159570895,803.796,804.738
2,1156,96505159942848,96505159941852,96505160577829,634.981,635.977
2,1157,96505161118627,96505161117546,96505161927025,808.398,809.479
2,1158,96505162294887,96505162293240,96505163480118,1185.231,1186.878
2,1159,96505163273791,96505163272985,96505164492812,1219.021,1219.827
2,1160,96505164449390,96505164448679,96505165558508,1109.118,1109.829
2,1161,96505165625430,96505165624373,96505166933465,1308.035,1309.092
2,1162,96505166605153,96505166604118,96505167981130,1375.977,1377.012
2,1163,96505167780613,96505167779812,96505169102278,1321.665,1322.466
2,1164,96505168956393,96505168955507,96505170061140,1104.747,1105.633
2,1165,96505169936016,96505169935252,96505171453667,1517.651,1518.415
2,1166,96505171112056,96505171110946,96505172626927,1514.871,1515.981
2,1167,96505172287705,96505172286640,96505173568519,1280.814,1281.879
2,1168,96505173267808,96505173266385,96505174874883,1607.075,1608.498
2,1169,96505174443148,96505174442079,96505175703401,1260.253,1261.322
2,1170,96505175618648,96505175617773,96505177068827,1450.179,1451.054
2,1171,96505176794628,96505176793467,96505177981648,1187.02,1188.181
2,1172,96505177779421,96505177773213,96505179006873,1227.452,1233.66
2,1173,96505178950001,96505178948907,96505180108799,1158.798,1159.892
2,1174,96505180125740,96505180124601,96505181452105,1326.365,1327.504
2,1175,96505181105404,96505181104346,96505182735419,1630.015,1631.073
2,1176,96505182281383,96505182280040,96505183923839,1642.456,1643.799
2,1177,96505183457063,96505183455734,96505184817539,1360.476,1361.805
2,1178,96505184436655,96505184435479,96505185704589,1267.934,1269.11
2,1179,96505185612425,96505185611173,96505186684662,1072.237,1073.489
2,1180,96505186788045,96505186786868,96505188125990,1337.945,1339.122
2,1181,96505187767798,96505187766613,96505189220368,1452.57,1453.755
2,1182,96505188943458,96505188942307,96505189885630,942.172,943.323
2,1183,96505190119068,96505190118001,96505191418662,1299.594,1300.661
2,1184,96505191294808,96505191293695,96505192637193,1342.385,1343.498
2,1185,96505192274701,96505192273440,96505193655918,1381.217,1382.478
2,1186,96505193450101,96505193449134,96505194918350,1468.249,1469.216
2,1187,96505194625521,96505194624828,96505195985396,1359.875,1360.568
2,1188,96505195605523,96505195604574,96505197105754,1500.231,1501.18
2,1189,96505196781143,96505196780268,96505197711074,929.931,930.806
2,1190,96505197956893,96505197955962,96505198761630,804.737,805.668
2,1191,96505198936456,96505198935707,96505199904589,968.133,968.882
2,1192,96505200112136,96505200111401,96505200958874,846.738,847.473
2,1193,96505201289285,96505201287095,96505202324471,1035.186,1037.376
2,1194,96505202268149,96505202266840,96505203824341,1556.192,1557.501
2,1195,96505203443418,96505203442534,96505204280456,837.038,837.922
2,1196,96505204619098,96505204618229,96505205633352,1014.254,1015.123
2,1197,96505205795108,96505205793923,96505207226686,1431.578,1432.763
2,1198,96505206778551,96505206773668,96505208021693,1243.142,1248.025
2,1199,96505207950270,96505207949362,96505208885302,935.032,935.94
2,1200,96505209126000,96505209125056,96505210225797,1099.797,1100.741
2,1201,96505210105563,96505210104801,96505211242262,1136.699,1137.461
2,1202,96505211281143,96505211280495,96505212407891,1126.748,1127.396
2,1203,96505212457273,96505212456189,96505213133576,676.303,677.387
2,1204,96505213437276,96505213435935,96505214589815,1152.539,1153.88
2,1205,96505214612436,96505214611629,96505215473855,861.419,862.226
2,1206,96505215788476,96505215787323,96505216703046,914.57,915.723
2,1207,96505216777839,96505216767068,96505217887036,1109.197,1119.968
2,1208,96505217943639,96505217942762,96505218873519,929.88,930.757
2,1209,96505219119359,96505219118456,96505219826102,706.743,707.646
2,1210,96505220295187,96505220294150,96505220881447,586.26,587.297
2,1211,96505221274911,96505221273895,96505222365757,1090.846,1091.862
2,1212,96505222450570,96505222449590,96505223061751,611.181,612.161
2,1213,96505223626630,96505223625284,96505224678656,1052.026,1053.372
2,1214,96505224605873,96505224605029,96505225595067,989.194,990.038
2,1215,96505225781563,96505225780723,96505226687494,905.931,906.771
2,1216,96505226957263,96505226956417,96505227581704,624.441,625.287
2,1217,96505227936866,96505227936162,96505228877638,940.772,941.476
2,1218,96505229112506,96505229111856,96505229757447,644.941,645.591
2,1219,96505230288246,96505230287550,96505230711200,422.954,423.65
2,1220,96505231267958,96505231267296,96505232300514,1032.556,1033.218
2,1221,96505232443678,96505232442990,96505233107571,663.893,664.581
2,1222,96505233619458,96505233618684,96505234669754,1050.296,1051.07
2,1223,96505234795398,96505234794378,96505235689238,893.84,894.86
2,1224,96505235778111,96505235774123,96505237005132,1227.021,1231.009
2,1225,96505236950591,96505236949817,96505237550261,599.67,600.444
2,1226,96505238126251,96505238125511,96505238864755,738.504,739.244
2,1227,96505239106034,96505239105256,96505239969052,863.018,863.796
2,1228,96505240281704,96505240280951,96505241062489,780.785,781.538
2,1229,96505241457263,96505241456645,96505242012892,555.629,556.247
2,1230,96505242437047,96505242436390,96505243307516,870.469,871.126
2,1231,96505243612745,96505243612084,96505244176704,563.959,564.62
2,1232,96505244788465,96505244787778,96505245411546,623.081,623.768
2,1233,96505245774029,96505245767523,96505246560006,785.977,792.483
2,1234,96505246944288,96505246943217,96505247459216,514.928,515.999
2,1235,96505248119668,96505248118911,96505248842733,723.065,723.822
2,1236,96505249295338,96505249294606,96505250233199,937.861,938.593
2,1237,96505250275131,96505250274351,96505251004095,728.964,729.744
2,1238,96505251450731,96505251450045,96505252104523,653.792,654.478
2,1239,96505252626421,96505252625739,96505253182449,556.028,556.71
2,1240,96505253606214,96505253605484,96505254529825,923.611,924.341
2,1241,96505254781974,96505254781178,96505255369843,587.869,588.665
2,1242,96505255957543,96505255956872,96505256549603,592.06,592.731
2,1243,96505256937296,96505256936617,96505257824296,887.0,887.679
2,1244,96505258113066,96505258112312,96505258903803,790.737,791.491
2,1245,96505259289365,96505259288006,96505259975019,685.654,687.013
2,1246,96505260268389,96505260267751,96505261318605,1050.216,1050.854
2,1247,96505261444049,96505261443445,96505262317238,873.189,873.793
2,1248,96505262619828,96505262619139,96505263115555,495.727,496.416
2,1249,96505263795668,96505263794833,96505264537593,741.925,742.76
2,1250,96505264775391,96505264774578,96505266149458,1374.067,1374.88
2,1251,96505265951131,96505265950272,96505266462118,510.987,511.846
2,1252,96505267126691,96505267125967,96505267809803,683.112,683.836
2,1253,96505268106483,96505268105712,96505268850429,743.946,744.717
2,1254,96505269282063,96505269281406,96505269943075,661.012,661.669
2,1255,96505270457823,96505270457100,96505270941930,484.107,484.83
2,1256,96505271437586,96505271436845,96505272414839,977.253,977.994
2,1257,96505272613256,96505272612539,96505273318620,705.364,706.081
2,1258,96505273788946,96505273788233,96505274424717,635.771,636.484
2,1259,96505274774639,96505274767978,96505275387299,612.66,619.321
2,1260,96505275944369,96505275943672,96505276669823,725.454,726.151
2,1261,96505277120289,96505277119367,96505277908855,788.566,789.488
2,1262,96505278295788,96505278295061,96505279075394,779.606,780.333
2,1263,96505279275531,96505279274806,96505280057227,781.696,782.421
2,1264,96505280451230,96505280450500,96505281517777,1066.547,1067.277
2,1265,96505281626860,96505281626194,96505282324314,697.454,698.12
2,1266,96505282606983,96505282605939,96505283567497,960.514,961.558
2,1267,96505283782533,96505283781633,96505284383534,601.001,601.901
2,1268,96505284958093,96505284957328,96505285625455,667.362,668.127
2,1269,96505285937736,96505285937073,96505286750624,812.888,813.551
2,1270,96505287113436,96505287112767,96505287833400,719.964,720.633
2,1271,96505288289146,96505288288461,96505288877736,588.59,589.275
2,1272,96505289268989,96505289268206,96505290156829,887.84,888.623
2,1273,96505290444649,96505290443900,96505290824982,380.333,381.082
2,1274,96505291620418,96505291619594,96505292427265,806.847,807.671
2,1275,96505292796028,96505292795288,96505293381668,585.64,586.38
2,1276,96505293778541,96505293775033,96505294577559,799.018,802.526
2,1277,96505294951421,96505294950728,96505295451358,499.937,500.63
2,1278,96505296127111,96505296126422,96505296713431,586.32,587.009
2,1279,96505297106904,96505297106167,96505297832428,725.524,726.261
2,1280,96505298282514,96505298281861,96505298811531,529.017,529.67
2,1281,96505299458373,96505299457555,96505300028712,570.339,571.157
2,1282,96505300438167,96505300437300,96505301474591,1036.424,1037.291
2,1283,96505301613716,96505301612994,96505302432543,818.827,819.549
2,1284,96505302789455,96505302788688,96505303686356,896.901,897.668
2,1285,96505303774979,96505303768434,96505304713300,938.321,944.866
2,1286,96505304944868,96505304944128,96505305853219,908.351,909.091
2,1287,96505306120618,96505306119822,96505306743249,622.631,623.427
2,1288,96505307296318,96505307295516,96505308029693,733.375,734.177
2,1289,96505308275981,96505308275261,96505308950394,674.413,675.133
2,1290,96505309451731,96505309450955,96505310338331,886.6,887.376
2,1291,96505310627541,96505310626649,96505311272522,644.981,645.873
2,1292,96505311607284,96505311606394,96505312489764,882.48,883.37
2,1293,96505312782914,96505312782089,96505313477527,694.613,695.438
2,1294,96505313958533,96505313957783,96505314627586,669.053,669.803
2,1295,96505314938226,96505314937528,96505315811996,873.77,874.468
2,1296,96505316113986,96505316113222,96505317320057,1206.071,1206.835
2,1297,96505317289636,96505317288916,96505317787383,497.747,498.467
2,1298,96505318269659,96505318268661,96505319284793,1015.134,1016.132
2,1299,96505319445139,96505319444355,96505320361750,916.611,917.395
2,1300,96505320620918,96505320620049,96505321487918,867.0,867.869
2,1301,96505321796558,96505321795744,96505322613066,816.508,817.322
2,1302,96505322779261,96505322775489,96505323893879,1114.618,1118.39
2,1303,96505323951951,96505323951183,96505325383300,1431.349,1432.117
2,1304,96505325127621,96505325126877,96505325802494,674.873,675.617
2,1305,96505328814186,96505326106622,96505334208507,5394.321,8101.885
2,1306,96505328837586,96505327282316,96505334415204,5577.618,7132.888
2,1307,96505328849156,96505328458010,96505334661193,5812.037,6203.183
2,1308,96505329438886,96505329437755,96505336034860,6595.974,6597.105
2,1309,96505330614786,96505330613450,96505336141963,5527.177,5528.513
2,1310,96505331790186,96505331789144,96505336446373,4656.187,4657.229
2,1311,96505333419041,96505332768889,96505336673462,3254.421,3904.573
2,1312,96505333945249,96505333944583,96505338105729,4160.48,4161.146
2,1313,96505335120949,96505335120277,96505338353238,3232.289,3232.961
2,1314,96505336296649,96505336295971,96505338499533,2202.884,2203.562
2,1315,96505337276382,96505337275716,96505339300750,2024.368,2025.034
2,1316,96505338452122,96505338451410,96505339539898,1087.776,1088.488
2,1317,96505339629761,96505339627105,96505340504031,874.27,876.926
2,1318,96505340623595,96505340606850,96505341491054,867.459,884.204
2,1319,96505341785274,96505341782544,96505342727885,942.611,945.341
2,1320,96505342974354,96505342958238,96505343805382,831.028,847.144
2,1321,96505343941876,96505343937983,96505344858327,916.451,920.344
2,1322,96505345119217,96505345113677,96505345761828,642.611,648.151
2,1323,96505346289976,96505346289371,96505346982489,692.513,693.118
2,1324,96505347270159,96505347269116,96505348564183,1294.024,1295.067
2,1325,96505348445709,96505348444811,96505349547166,1101.457,1102.355
2,1326,96505349621189,96505349620505,96505350608642,987.453,988.137
2,1327,96505350796909,96505350796199,96505351838614,1041.705,1042.415
2,1328,96505351776652,96505351775944,96505352975242,1198.59,1199.298
2,1329,96505352952401,96505352951638,96505353759798,807.397,808.16
2,1330,96505354128021,96505354127332,96505354987991,859.97,860.659
2,1331,96505355107954,96505355107077,96505356326316,1218.362,1219.239
2,1332,96505356283554,96505356282771,96505357461913,1178.359,1179.142
2,1333,96505357459263,96505357458466,96505358244110,784.847,785.644
2,1334,96505358438907,96505358438211,96505359354378,915.471,916.167
2,1335,96505359614597,96505359613905,96505360650901,1036.304,1036.996
2,1336,96505360790266,96505360789599,96505361497560,707.294,707.961
2,1337,96505361774379,96505361769344,96505362798114,1023.735,1028.77
2,1338,96505362945719,96505362945038,96505364313115,1367.396,1368.077
2,1339,96505364121748,96505364120732,96505365461314,1339.566,1340.582
2,1340,96505365297528,96505365296426,96505366241050,943.522,944.624
2,1341,96505366277871,96505366276172,96505367292406,1014.535,1016.234
2,1342,96505367452801,96505367451866,96505368421244,968.443,969.378
2,1343,96505368628291,96505368627560,96505369475989,847.698,848.429
2,1344,96505369608084,96505369607305,96505370321588,713.504,714.283
2,1345,96505370783864,96505370782999,96505371703865,920.001,920.866
2,1346,96505371959404,96505371958693,96505372684808,725.404,726.115
2,1347,96505372939527,96505372938438,96505373892539,953.012,954.101
2,1348,96505374114837,96505374114132,96505375043887,929.05,929.755
2,1349,96505375290527,96505375289827,96505375914547,624.02,624.72
2,1350,96505376270489,96505376269572,96505377069647,799.158,800.075
2,1351,96505377446039,96505377445266,96505378155373,709.334,710.107
2,1352,96505378621758,96505378620960,96505379517139,895.381,896.179
2,1353,96505379797598,96505379796654,96505381118353,1320.755,1321.699
2,1354,96505380777671,96505380776399,96505381750925,973.254,974.526
2,1355,96505381952951,96505381952093,96505382721348,768.397,769.255
2,1356,96505383128751,96505383127787,96505383900887,772.136,773.1
2,1357,96505384108834,96505384107533,96505385366906,1258.072,1259.373
2,1358,96505385284444,96505385283227,96505386291058,1006.614,1007.831
2,1359,96505386459864,96505386458921,96505387263981,804.117,805.06
2,1360,96505387439666,96505387438666,96505388486532,1046.866,1047.866
2,1361,96505388615346,96505388614360,96505389418364,803.018,804.004
2,1362,96505389791056,96505389790054,96505390715798,924.742,925.744
2,1363,96505390779710,96505390769799,96505391582356,802.646,812.557
2,1364,96505391946479,96505391945493,96505392602662,656.183,657.169
2,1365,96505393121849,96505393121188,96505394212216,1090.367,1091.028
2,1366,96505394297539,96505394296882,96505395049974,752.435,753.092
2,1367,96505395277362,96505395276627,96505396391650,1114.288,1115.023
2,1368,96505396452982,96505396452321,96505397354482,901.5,902.161
2,1369,96505397628731,96505397628015,96505398348485,719.754,720.47
2,1370,96505398608424,96505398607760,96505399488364,879.94,880.604
2,1371,96505399784183,96505399783454,96505400536320,752.137,752.866
2,1372,96505400959883,96505400959148,96505401640347,680.464,681.199
2,1373,96505401939586,96505401938894,96505402610769,671.183,671.875
2,1374,96505403115266,96505403114588,96505403710777,595.511,596.189
2,1375,96505404290936,96505404290282,96505404927978,637.042,637.696
2,1376,96505405270689,96505405270027,96505406025705,755.016,755.678
2,1377,96505406446489,96505406445721,96505407149913,703.424,704.192
2,1378,96505407622209,96505407621415,96505408263660,641.451,642.245
2,1379,96505408797799,96505408797109,96505409386469,588.67,589.36
2,1380,96505409777642,96505409776854,96505410734724,957.082,957.87
2,1381,96505410953251,96505410952549,96505411519391,566.14,566.842
2,1382,96505412129141,96505412128243,96505413040502,911.361,912.259
2,1383,96505413108854,96505413107988,96505414514102,1405.248,1406.114
2,1384,96505414285524,96505414283682,96505415187735,902.211,904.053
2,1385,96505415460704,96505415459376,96505416430066,969.362,970.69
2,1386,96505416440017,96505416439121,96505417486632,1046.615,1047.511
2,1387,96505417615967,96505417614815,96505418365862,749.895,751.047
2,1388,96505418791216,96505418790509,96505419849602,1058.386,1059.093
2,1389,96505419775339,96505419770255,96505420553816,778.477,783.561
2,1390,96505420946879,96505420945949,96505421813448,866.569,867.499
2,1391,96505422122459,96505422121643,96505422674188,551.729,552.545
2,1392,96505423297978,96505423297337,96505423761434,463.456,464.097
2,1393,96505424278071,96505424277082,96505425067499,789.428,790.417
2,1394,96505425453411,96505425452776,96505426158415,705.004,705.639
2,1395,96505426629141,96505426628470,96505427136188,507.047,507.718
2,1396,96505427609004,96505427608215,96505428496344,887.34,888.129
2,1397,96505428784614,96505428783910,96505429563450,778.836,779.54
2,1398,96505429960284,96505429959604,96505430475981,515.697,516.377
2,1399,96505430940137,96505430939349,96505431712193,772.056,772.844
2,1400,96505432115957,96505432115043,96505432822230,706.273,707.187
2,1401,96505433291367,96505433290737,96505433788893,497.526,498.156
2,1402,96505434271239,96505434270482,96505435177850,906.611,907.368
2,1403,96505435446899,96505435446176,96505436298238,851.339,852.062
2,1404,96505436622919,96505436621870,96505437625223,1002.304,1003.353
2,1405,96505437798348,96505437797565,96505438554794,756.446,757.229
2,1406,96505438778242,96505438777310,96505439663551,885.309,886.241
2,1407,96505439953831,96505439953004,96505440660446,706.615,707.442
2,1408,96505441129491,96505441128698,96505441803294,673.803,674.596
2,1409,96505442109384,96505442108443,96505442958213,848.829,849.77
2,1410,96505443284774,96505443284137,96505444035829,751.055,751.692
2,1411,96505444460454,96505444459831,96505444947430,486.976,487.599
2,1412,96505445440217,96505445439576,96505446210972,770.755,771.396
2,1413,96505446615926,96505446615271,96505447174275,558.349,559.004
2,1414,96505447791626,96505447790965,96505448382817,591.191,591.852
2,1415,96505448774259,96505448770710,96505449568076,793.817,797.366
2,1416,96505449947279,96505449946404,96505450764787,817.508,818.383
2,1417,96505451123029,96505451122098,96505451721219,598.19,599.121
2,1418,96505452298659,96505452297792,96505453238851,940.192,941.059
2,1419,96505453278272,96505453277537,96505454382179,1103.907,1104.642
2,1420,96505454453912,96505454453231,96505455288970,835.058,835.739
2,1421,96505455629551,96505455628926,96505456340846,711.295,711.92
2,1422,96505456609375,96505456608671,96505457618048,1008.673,1009.377
2,1423,96505457785164,96505457784365,96505458394314,609.15,609.949
2,1424,96505458960823,96505458960059,96505459574764,613.941,614.705
2,1425,96505459940527,96505459939804,96505460837547,897.02,897.743
2,1426,96505461116506,96505461115498,96505461902013,785.507,786.515
2,1427,96505462292366,96505462291192,96505463016911,724.545,725.719
2,1428,96505463271839,96505463270937,96505464007424,735.585,736.487
2,1429,96505464447289,96505464446632,96505464979827,532.538,533.195
2,1430,96505465623359,96505465622326,96505466313232,689.873,690.906
2,1431,96505466798919,96505466798020,96505467551904,752.985,753.884
2,1432,96505467778462,96505467777765,96505468883049,1104.587,1105.284
2,1433,96505468954422,96505468953459,96505469702887,748.465,749.428
2,1434,96505470129821,96505470129153,96505470742561,612.74,613.408
2,1435,96505471109604,96505471108898,96505471992274,882.67,883.376
2,1436,96505472285544,96505472284592,96505472739719,454.175,455.127
2,1437,96505473461004,96505473460287,96505474159717,698.713,699.43
2,1438,96505474440667,96505474440032,96505475289855,849.188,849.823
2,1439,96505475616447,96505475615726,96505476199396,582.949,583.67
2,1440,96505476792246,96505476791420,96505477393947,601.701,602.527
2,1441,96505477774050,96505477771165,96505478539975,765.925,768.81
2,1442,96505478947669,96505478946859,96505479446716,499.047,499.857
2,1443,96505480123849,96505480122553,96505481161904,1038.055,1039.351
2,1444,96505481299008,96505481298247,96505481996482,697.474,698.235
2,1445,96505482278651,96505482277993,96505483140201,861.55,862.208
2,1446,96505483454561,96505483453687,96505484115024,660.463,661.337
2,1447,96505484630061,96505484629381,96505485563612,933.551,934.231
2,1448,96505485609854,96505485609126,96505486526055,916.201,916.929
2,1449,96505486785804,96505486784820,96505487592042,806.238,807.222
2,1450,96505487961194,96505487960514,96505488598945,637.751,638.431
2,1451,96505488940987,96505488940259,96505489643261,702.274,703.002
2,1452,96505490116727,96505490115953,96505490814911,698.184,698.958
2,1453,96505491292447,96505491291648,96505491918308,625.861,626.66
2,1454,96505492272170,96505492271393,96505493061176,789.006,789.783
2,1455,96505493447930,96505493447087,96505493996268,548.338,549.181
2,1456,96505494623629,96505494622781,96505495323722,700.093,700.941
2,1457,96505495799258,96505495798475,96505496220463,421.205,421.988
2,1458,96505496779032,96505496778220,96505497644351,865.319,866.131
2,1459,96505497954671,96505497953914,96505498531011,576.34,577.097
2,1460,96505499130651,96505499129608,96505499937469,806.818,807.861
2,1461,96505500110464,96505500109354,96505501342986,1232.522,1233.632
2,1462,96505501286054,96505501285048,96505501985178,699.124,700.13
2,1463,96505502461754,96505502460742,96505503152417,690.663,691.675
2,1464,96505503441657,96505503440487,96505504308436,866.779,867.949
2,1465,96505504616877,96505504616181,96505505411703,794.826,795.522
2,1466,96505505792667,96505505791875,96505506497280,704.613,705.405
2,1467,96505506779780,96505506771620,96505507625268,845.488,853.648
2,1468,96505507948059,96505507947314,96505508525608,577.549,578.294
2,1469,96505509123669,96505509123009,96505509808832,685.163,685.823
2,1470,96505510299729,96505510298703,96505510959491,659.762,660.788
2,1471,96505511279072,96505511278448,96505512066348,787.276,787.9
2,1472,96505512454822,96505512454142,96505512927588,472.766,473.446
2,1473,96505513630982,96505513629836,96505514286553,655.571,656.717
2,1474,96505514610315,96505514609581,96505515483984,873.669,874.403
2,1475,96505515785985,96505515785275,96505516465307,679.322,680.032
2,1476,96505516961784,96505516960969,96505517645257,683.473,684.288
2,1477,96505517941427,96505517940715,96505518664141,722.714,723.426
2,1478,96505519117156,96505519116409,96505519813920,696.764,697.511
2,1479,96505520292876,96505520292103,96505520893017,600.141,600.914
2,1480,96505521272669,96505521271848,96505522099538,826.869,827.69
2,1481,96505522448879,96505522447542,96505523284867,835.988,837.325
2,1482,96505523624339,96505523623236,96505524398465,774.126,775.229
2,1483,96505524800259,96505524798930,96505525447051,646.792,648.121
2,1484,96505525781022,96505525778675,96505526621261,840.239,842.586
2,1485,96505526955352,96505526954370,96505527761099,805.747,806.729
2,1486,96505528131092,96505528130064,96505528803565,672.473,673.501
2,1487,96505529110685,96505529109809,96505529985424,874.739,875.615
2,1488,96505530286244,96505530285503,96505531153113,866.869,867.61
2,1489,96505531462244,96505531461197,96505532227280,765.036,766.083
2,1490,96505532441697,96505532440942,96505533973739,1532.042,1532.797
2,1491,96505533617267,96505533616636,96505535104888,1487.621,1488.252
2,1492,96505534793037,96505534792330,96505535902525,1109.488,1110.195
2,1493,96505535772880,96505535772075,96505537353253,1580.373,1581.178
2,1494,96505536948680,96505536947770,96505538438129,1489.449,1490.359
2,1495,96505538124249,96505538123464,96505539897339,1773.09,1773.875
2,1496,96505539300059,96505539299158,96505540894093,1594.034,1594.935
2,1497,96505540279712,96505540278903,96505542544268,2264.556,2265.365
2,1498,96505541455282,96505541454597,96505543051056,1595.774,1596.459
2,1499,96505542631051,96505542630291,96505544332559,1701.508,1702.268
2,1500,96505543610714,96505543610036,96505545461307,1850.593,1851.271
2,1501,96505544786444,96505544785731,96505546460591,1674.147,1674.86
2,1502,96505545970725,96505545961425,96505547452435,1481.71,1491.01
2,1503,96505546956517,96505546941170,96505548759008,1802.491,1817.838
2,1504,96505548130097,96505548116864,96505549336138,1206.041,1219.274
2,1505,96505549309917,96505549292558,96505550147015,837.098,854.457
2,1506,96505550286590,96505550272303,96505551758050,1471.46,1485.747
2,1507,96505551448700,96505551447997,96505552882208,1433.508,1434.211
2,1508,96505552624430,96505552623691,96505553418946,794.516,795.255
2,1509,96505553802369,96505553799386,96505555105893,1303.524,1306.507
2,1510,96505554780512,96505554779131,96505556240012,1459.5,1460.881
2,1511,96505555969102,96505555954825,96505557687611,1718.509,1732.786
2,1512,96505557143992,96505557130519,96505558308971,1164.979,1178.452
2,1513,96505558123805,96505558110264,96505559221882,1098.077,1111.618
2,1514,96505559305865,96505559285958,96505560537327,1231.462,1251.369
2,1515,96505560463574,96505560461652,96505561678055,1214.481,1216.403
2,1516,96505561444067,96505561441397,96505563391663,1947.596,1950.266
2,1517,96505562623627,96505562617091,96505563907811,1284.184,1290.72
2,1518,96505563807437,96505563792786,96505565117792,1310.355,1325.006
2,1519,96505564785491,96505564772531,96505566420426,1634.935,1647.895
2,1520,96505565960800,96505565948225,96505567689168,1728.368,1740.943
2,1521,96505567127280,96505567123919,96505568509816,1382.536,1385.897
2,1522,96505568306459,96505568299613,96505569670855,1364.396,1371.242
2,1523,96505569291182,96505569279358,96505571035101,1743.919,1755.743
2,1524,96505570462952,96505570455052,96505571789767,1326.815,1334.715
2,1525,96505571632752,96505571630747,96505573057299,1424.547,1426.552
2,1526,96505572617155,96505572610492,96505573954420,1337.265,1343.928
2,1527,96505573788255,96505573786186,96505575433620,1645.365,1647.434
2,1528,96505574965064,96505574961880,96505577004133,2039.069,2042.253
2,1529,96505575951597,96505575941625,96505577692096,1740.499,1750.471
2,1530,96505577131408,96505577117319,96505578685510,1554.102,1568.191
2,1531,96505578306097,96505578293013,96505579679653,1373.556,1386.64
2,1532,96505579285880,96505579272758,96505580893945,1608.065,1621.187
2,1533,96505580454610,96505580448452,96505581976801,1522.191,1528.349
2,1534,96505581625849,96505581624147,96505583111999,1486.15,1487.852
2,1535,96505582811150,96505582799841,96505583984069,1172.919,1184.228
2,1536,96505583787543,96505583779586,96505585131408,1343.865,1351.822
2,1537,96505584958082,96505584955280,96505585595823,637.741,640.543
2,1538,96505586131782,96505586130974,96505587209298,1077.516,1078.324
2,1539,96505587126155,96505587110719,96505588071667,945.512,960.948
2,1540,96505588305275,96505588286413,96505589214326,909.051,927.913
2,1541,96505589475575,96505589462107,96505590232190,756.615,770.083
2,1542,96505590455897,96505590441853,96505591332147,876.25,890.294
2,1543,96505591625477,96505591617547,96505592704144,1078.667,1086.597
2,1544,96505592806527,96505592793241,96505593939876,1133.349,1146.635
2,1545,96505593781280,96505593772986,96505594928009,1146.729,1155.023
2,1546,96505594949860,96505594948680,96505595846860,897.0,898.18
2,1547,96505596140350,96505596124374,96505596816362,676.012,691.988
2,1548,96505597485265,96505597300068,96505598324853,839.588,1024.785
2,1549,96505598296493,96505598279813,96505599592897,1296.404,1313.084
2,1550,96505599468133,96505599455508,96505600265090,796.957,809.582
2,1551,96505600646922,96505600631202,96505601179710,532.788,548.508
2,1552,96505601627986,96505601610947,96505602420953,792.967,810.006
2,1553,96505602803575,96505602786641,96505603468378,664.803,681.737
2,1554,96505603976534,96505603962335,96505604635397,658.863,673.062
2,1555,96505604954238,96505604942080,96505606112287,1158.049,1170.207
2,1556,96505606125998,96505606117774,96505606948495,822.497,830.721
2,1557,96505607302817,96505607293468,96505607959029,656.212,665.561
2,1558,96505608275000,96505608273214,96505609126628,851.628,853.414
2,1559,96505609459140,96505609448908,96505610300148,841.008,851.24
2,1560,96505610645780,96505610624602,96505611658964,1013.184,1034.362
2,1561,96505611805449,96505611800296,96505612791752,986.303,991.456
2,1562,96505612785683,96505612780041,96505613625780,840.097,845.739
2,1563,96505613970953,96505613955735,96505614648346,677.393,692.611
2,1564,96505615132151,96505615131429,96505615815325,683.174,683.896
2,1565,96505616111945,96505616111174,96505617376457,1264.512,1265.283
2,1566,96505617287524,96505617286869,96505618296508,1008.984,1009.639
2,1567,96505618463244,96505618462563,96505619297772,834.528,835.209
2,1568,96505619442947,96505619442308,96505620520464,1077.517,1078.156
2,1569,96505620618657,96505620618002,96505621319501,700.844,701.499
2,1570,96505621803408,96505621793696,96505622725049,921.641,931.353
2,1571,96505622777240,96505622773441,96505623684091,906.851,910.65
2,1572,96505623949870,96505623949135,96505625005556,1055.686,1056.421
2,1573,96505625125660,96505625124829,96505625873935,748.275,749.106
2,1574,96505626301339,96505626300524,96505627255341,954.002,954.817
2,1575,96505627281152,96505627280269,96505628160532,879.38,880.263
2,1576,96505628456812,96505628455963,96505629355913,899.101,899.95
2,1577,96505629632672,96505629631657,96505630662856,1030.184,1031.199
2,1578,96505630612075,96505630611402,96505631725343,1113.268,1113.941
2,1579,96505631787985,96505631787096,96505632689715,901.73,902.619
2,1580,96505632963645,96505632962790,96505633702519,738.874,739.729
2,1581,96505633943248,96505633942535,96505634836638,893.39,894.103
2,1582,96505635118988,96505635118230,96505635708937,589.949,590.707
2,1583,96505636294717,96505636293924,96505637118915,824.198,824.991
2,1584,96505637274341,96505637273669,96505638277104,1002.763,1003.435
2,1585,96505638450239,96505638449363,96505639336210,885.971,886.847
2,1586,96505639625879,96505639625057,96505640343364,717.485,718.307
2,1587,96505640801439,96505640800751,96505641633697,832.258,832.946
2,1588,96505641781762,96505641780496,96505642755526,973.764,975.03
2,1589,96505642956862,96505642956190,96505643751099,794.237,794.909
2,1590,96505644132732,96505644131885,96505644748653,615.921,616.768
2,1591,96505645112415,96505645111630,96505645919893,807.478,808.263
2,1592,96505646288365,96505646287324,96505646981278,692.913,693.954
2,1593,96505647463785,96505647463018,96505648057614,593.829,594.596
2,1594,96505648443568,96505648442763,96505649408130,964.562,965.367
2,1595,96505649619207,96505649618457,96505650278809,659.602,660.352
2,1596,96505650795077,96505650794151,96505651490910,695.833,696.759
2,1597,96505651783230,96505651773896,96505653021942,1238.712,1248.046
2,1598,96505652950390,96505652949591,96505653931223,980.833,981.632
2,1599,96505654127349,96505654125285,96505654903395,776.046,778.11
2,1600,96505655302419,96505655300979,96505656307373,1004.954,1006.394
2,1601,96505656282033,96505656280724,96505657457782,1175.749,1177.058
2,1602,96505657457782,96505657456418,96505658579380,1121.598,1122.962
2,1603,96505658633112,96505658632112,96505659451579,818.467,819.467
2,1604,96505659613175,96505659611857,96505660926960,1313.785,1315.103
2,1605,96505660788905,96505660787551,96505661520369,731.464,732.818
2,1606,96505661964024,96505661963246,96505662809113,845.089,845.867
2,1607,96505662944217,96505662942991,96505663839907,895.69,896.916
2,1608,96505664120117,96505664118685,96505665422812,1302.695,1304.127
2,1609,96505665295247,96505665294379,96505666173737,878.49,879.358
2,1610,96505666275310,96505666274124,96505667014635,739.325,740.511
2,1611,96505667450690,96505667449818,96505668518426,1067.736,1068.608
2,1612,96505668626390,96505668625512,96505669489659,863.269,864.147
2,1613,96505669802140,96505669801206,96505670745532,943.392,944.326
2,1614,96505670782083,96505670780952,96505671555989,773.906,775.037
2,1615,96505671957362,96505671956646,96505672664806,707.444,708.16
2,1616,96505673133041,96505673132340,96505673921799,788.758,789.459
2,1617,96505674113025,96505674112085,96505674869661,756.636,757.576
2,1618,96505675288544,96505675287779,96505675887665,599.121,599.886
2,1619,96505676464124,96505676463473,96505677355235,891.111,891.762
2,1620,96505677444158,96505677443218,96505678329197,885.039,885.979
2,1621,96505678619497,96505678618912,96505679244978,625.481,626.066
2,1622,96505679795377,96505679794607,96505680416489,621.112,621.882
2,1623,96505680776760,96505680774352,96505681537776,761.016,763.424
2,1624,96505681950780,96505681950046,96505682823630,872.85,873.584
2,1625,96505683126470,96505683125740,96505683960278,833.808,834.538
2,1626,96505684302179,96505684301434,96505685129427,827.248,827.993
2,1627,96505685281842,96505685281179,96505686164812,882.97,883.633
2,1628,96505686457592,96505686456873,96505687286840,829.248,829.967
2,1629,96505687633242,96505687632567,96505688293814,660.572,661.247
2,1630,96505688613445,96505688612313,96505689363520,750.075,751.207
2,1631,96505689788695,96505689788007,96505690522430,733.735,734.423
2,1632,96505690964455,96505690963701,96505691531813,567.358,568.112
2,1633,96505691944598,96505691943446,96505692825808,881.21,882.362
2,1634,96505693120018,96505693119140,96505693882283,762.265,763.143
2,1635,96505694295557,96505694294834,96505694802584,507.027,507.75
2,1636,96505695275461,96505695274579,96505696225252,949.791,950.673
2,1637,96505696451029,96505696450273,96505697150203,699.174,699.93
2,1638,96505697626669,96505697625968,96505698297582,670.913,671.614
2,1639,96505698802369,96505698801662,96505699332258,529.889,530.596
2,1640,96505699782082,96505699781407,96505700631291,849.209,849.884
2,1641,96505700957772,96505700957101,96505701396897,439.125,439.796
2,1642,96505702133552,96505702132795,96505702720342,586.79,587.547
2,1643,96505703113235,96505703112540,96505703865900,752.665,753.36
2,1644,96505704288955,96505704288234,96505704830913,541.958,542.679
2,1645,96505705464925,96505705463928,96505706128357,663.432,664.429
2,1646,96505706444328,96505706443674,96505707271266,826.938,827.592
2,1647,96505707620088,96505707619368,96505708219117,599.029,599.749
2,1648,96505708795837,96505708795062,96505709362357,566.52,567.295
2,1649,96505709779331,96505709774807,96505710766744,987.413,991.937
2,1650,96505710951380,96505710950501,96505712063058,1111.678,1112.557
2,1651,96505712127010,96505712126195,96505712872375,745.365,746.18
2,1652,96505713302749,96505713301889,96505713894589,591.84,592.7
2,1653,96505714282263,96505714281634,96505715337078,1054.815,1055.444
2,1654,96505715457962,96505715457329,96505716371363,913.401,914.034
2,1655,96505716633832,96505716633023,96505717211032,577.2,578.009
2,1656,96505717613575,96505717612768,96505718445594,832.019,832.826
2,1657,96505718789175,96505718788462,96505719448787,659.612,660.325
2,1658,96505719964824,96505719964156,96505720585705,620.881,621.549
2,1659,96505720944577,96505720943901,96505721761045,816.468,817.144
2,1660,96505722120607,96505722119595,96505722799131,678.524,679.536
2,1661,96505723296017,96505723295289,96505723961130,665.113,665.841
2,1662,96505724275710,96505724275035,96505725133449,857.739,858.414
2,1663,96505725451650,96505725450729,96505726243397,791.747,792.668
2,1664,96505726627150,96505726626423,96505727355394,728.244,728.971
2,1665,96505727802770,96505727802117,96505728423220,620.45,621.103
2,1666,96505728782793,96505728781862,96505729609360,826.567,827.498
2,1667,96505729958223,96505729957556,96505730578283,620.06,620.727
2,1668,96505731133973,96505731133250,96505731578177,444.204,444.927
2,1669,96505732113815,96505732112995,96505732987845,874.03,874.85
2,1670,96505733289855,96505733288690,96505734067291,777.436,778.601
2,1671,96505734465284,96505734464384,96505735150398,685.114,686.014
2,1672,96505735445098,96505735444129,96505736268465,823.367,824.336
2,1673,96505736620457,96505736619823,96505737278930,658.473,659.107
2,1674,96505737796167,96505737795517,96505738376357,580.19,580.84
2,1675,96505738777770,96505738775262,96505739605279,827.509,830.017
2,1676,96505739951810,96505739950956,96505740960374,1008.564,1009.418
2,1677,96505741127570,96505741126650,96505741783372,655.802,656.722
2,1678,96505742303230,96505742302345,96505743364415,1061.185,1062.07
2,1679,96505743282893,96505743282090,96505744309067,1026.174,1026.977
2,1680,96505744458452,96505744457784,96505745492518,1034.066,1034.734
2,1681,96505745634172,96505745633478,96505746303605,669.433,670.127
2,1682,96505746613935,96505746613223,96505747511215,897.28,897.992
2,1683,96505747789745,96505747788917,96505748461408,671.663,672.491
2,1684,96505748965395,96505748964611,96505749699810,734.415,735.199
2,1685,96505749945098,96505749944356,96505750823568,878.47,879.212
2,1686,96505751120778,96505751120051,96505751858902,738.124,738.851
2,1687,96505752296498,96505752295745,96505752802724,506.226,506.979
2,1688,96505753276231,96505753275490,96505754304106,1027.875,1028.616
2,1689,96505754451821,96505754451184,96505755128103,676.282,676.919
2,1690,96505755627830,96505755626878,96505756266922,639.092,640.044
2,1691,96505756803219,96505756802572,96505757369659,566.44,567.087
2,1692,96505757783022,96505757782317,96505758552529,769.507,770.212
2,1693,96505758958852,96505758958011,96505759663047,704.195,705.036
2,1694,96505760134522,96505760133706,96505760792505,657.983,658.799
2,1695,96505761114275,96505761113451,96505761875411,761.136,761.96
2,1696,96505762289825,96505762289145,96505762944077,654.252,654.932
2,1697,96505763465485,96505763464839,96505763966102,500.617,501.263
2,1698,96505764445368,96505764444584,96505765226714,781.346,782.13
2,1699,96505765620948,96505765620278,96505766344052,723.104,723.774
2,1700,96505766796978,96505766795972,96505767363367,566.389,567.395
2,1701,96505767776470,96505767775717,96505768416712,640.242,640.995
2,1702,96505768952170,96505768951412,96505769962605,1010.435,1011.193
2,1703,96505770128060,96505770127106,96505770657627,529.567,530.521
2,1704,96505771303549,96505771302800,96505772271282,967.733,968.482
2,1705,96505772283293,96505772282545,96505773170332,887.039,887.787
2,1706,96505773459212,96505773458239,96505774176276,717.064,718.037
2,1707,96505774635002,96505774633933,96505775298795,663.793,664.862
2,1708,96505775614316,96505775613678,96505776390131,775.815,776.453
2,1709,96505776790295,96505776789372,96505777363164,572.869,573.792
2,1710,96505777966245,96505777965067,96505778635037,668.792,669.97
2,1711,96505778945598,96505778944812,96505779733825,788.227,789.013
2,1712,96505780121377,96505780120506,96505780789370,667.993,668.864
2,1713,96505781296927,96505781296200,96505781992511,695.584,696.311
2,1714,96505782276620,96505782275945,96505783148900,872.28,872.955
2,1715,96505783452340,96505783451639,96505784255798,803.458,804.159
2,1716,96505784628410,96505784627333,96505785423797,795.387,796.464
2,1717,96505785803740,96505785803027,96505786327778,524.038,524.751
2,1718,96505786783433,96505786782773,96505787556089,772.656,773.316
2,1719,96505787959333,96505787958467,96505788486491,527.158,528.024
2,1720,96505789134873,96505789134161,96505789688531,553.658,554.37
2,1721,96505790114596,96505790113906,96505790941603,827.007,827.697
2,1722,96505791290365,96505791289600,96505791889895,599.53,600.295
2,1723,96505792466084,96505792465294,96505793077045,610.961,611.751
2,1724,96505793445768,96505793445039,96505794214834,769.066,769.795
2,1725,96505794621377,96505794620733,96505795106094,484.717,485.361
2,1726,96505795797207,96505795796428,96505796494221,697.014,697.793
2,1727,96505796776900,96505796776173,96505797834856,1057.956,1058.683
2,1728,96505797952700,96505797951867,96505798721567,768.867,769.7
2,1729,96505799128240,96505799127561,96505799914597,786.357,787.036
2,1730,96505800303940,96505800303255,96505800917441,613.501,614.186
2,1731,96505801283733,96505801283000,96505802002727,718.994,719.727
2,1732,96505802459363,96505802458694,96505803008251,548.888,549.557
2,1733,96505803635272,96505803634388,96505804161150,525.878,526.762
2,1734,96505804614885,96505804614134,96505805803745,1188.86,1189.611
2,1735,96505805791035,96505805789828,96505806412196,621.161,622.368
2,1736,96505806966275,96505806965522,96505807540634,574.359,575.112
2,1737,96505807945998,96505807945267,96505808824838,878.84,879.571
2,1738,96505809121778,96505809120961,96505810034378,912.6,913.417
2,1739,96505810297258,96505810296655,96505810707091,409.833,410.436
2,1740,96505811473387,96505811472349,96505812290744,817.357,818.395
2,1741,96505812452831,96505812452094,96505813514296,1061.465,1062.202
2,1742,96505813628610,96505813627789,96505814525181,896.571,897.392
2,1743,96505814804250,96505814803483,96505815729881,925.631,926.398
2,1744,96505815783892,96505815783228,96505816731435,947.543,948.207
2,1745,96505816959692,96505816958922,96505817628125,668.433,669.203
2,1746,96505818135292,96505818134616,96505818796855,661.563,662.239
2,1747,96505819115105,96505819114361,96505819943134,828.029,828.773
2,1748,96505820290855,96505820290055,96505821162934,872.079,872.879
2,1749,96505821466665,96505821465749,96505821993413,526.748,527.664
2,1750,96505822446248,96505822445494,96505823338039,891.791,892.545
2,1751,96505823621818,96505823621189,96505824107064,485.246,485.875
2,1752,96505824797688,96505824796883,96505825421359,623.671,624.476
2,1753,96505825973518,96505825972577,96505826780304,806.786,807.727
2,1754,96505826953201,96505826952322,96505827747677,794.476,795.355
2,1755,96505828128950,96505828128016,96505828926177,797.227,798.161
2,1756,96505829304910,96505829303710,96505829818477,513.567,514.767
2,1757,96505830284333,96505830283455,96505831109491,825.158,826.036
2,1758,96505831459823,96505831459150,96505832275341,815.518,816.191
2,1759,96505832636192,96505832634844,96505833327786,691.594,692.942
2,1760,96505833615556,96505833614589,96505835099646,1484.09,1485.057
2,1761,96505834790965,96505834790283,96505835933334,1142.369,1143.051
2,1762,96505835966765,96505835965977,96505837230968,1264.203,1264.991
2,1763,96505836946528,96505836945722,96505838966096,2019.568,2020.374
2,1764,96505838122208,96505838121416,96505839782424,1660.216,1661.008
2,1765,96505839297777,96505839297110,96505840073154,775.377,776.044
2,1766,96505840473617,96505840472805,96505841555224,1081.607,1082.419
2,1767,96505841453260,96505841452550,96505842343941,890.681,891.391
2,1768,96505842628870,96505842628244,96505843502069,873.199,873.825
2,1769,96505843804630,96505843803938,96505845211158,1406.528,1407.22
2,1770,96505844784443,96505844783683,96505846038075,1253.632,1254.392
2,1771,96505845960083,96505845959377,96505846723418,763.335,764.041
2,1772,96505847135873,96505847135071,96505847939239,803.366,804.168
2,1773,96505848115786,96505848114816,96505848885882,770.096,771.066
2,1774,96505849291246,96505849290510,96505850123373,832.127,832.863
2,1775,96505850466845,96505850466205,96505851266112,799.267,799.907
2,1776,96505851446708,96505851445950,96505852219574,772.866,773.624
2,1777,96505852622308,96505852621644,96505853200257,577.949,578.613
2,1778,96505853798137,96505853797338,96505854352286,554.149,554.948
2,1779,96505854973747,96505854973032,96505855726723,752.976,753.691
2,1780,96505855954060,96505855952777,96505856805560,851.5,852.783
2,1781,96505857129150,96505857128471,96505857823764,694.614,695.293
2,1782,96505858304990,96505858304165,96505859231551,926.561,927.386
2,1783,96505859284693,96505859283911,96505859923105,638.412,639.194
2,1784,96505860460293,96505860459605,96505861059873,599.58,600.268
2,1785,96505861636073,96505861635299,96505862343616,707.543,708.317
2,1786,96505862615695,96505862615044,96505863420413,804.718,805.369
2,1787,96505863791465,96505863790738,96505864477158,685.693,686.42
2,1788,96505864967205,96505864966432,96505865552315,585.11,585.883
2,1789,96505865946828,96505865946177,96505866793037,846.209,846.86
2,1790,96505867122818,96505867121871,96505868029078,906.26,907.207
2,1791,96505868298348,96505868297566,96505868918539,620.191,620.973
2,1792,96505869474347,96505869473260,96505870334496,860.149,861.236
2,1793,96505870454091,96505870453005,96505871400692,946.601,947.687
2,1794,96505871629410,96505871628699,96505872289903,660.493,661.204
2,1795,96505872805220,96505872804393,96505873431271,626.051,626.878
2,1796,96505873784823,96505873784138,96505874677023,892.2,892.885
2,1797,96505874960772,96505874959832,96505875497951,537.179,538.119
2,1798,96505876136262,96505876135526,96505876933979,797.717,798.453
2,1799,96505877116065,96505877115272,96505877841100,725.035,725.828
2,1800,96505878291735,96505878290966,96505878822984,531.249,532.018
2,1801,96505879467555,96505879466660,96505880050245,582.69,583.585
2,1802,96505880447118,96505880446405,96505881330158,883.04,883.753
2,1803,96505881622758,96505881622099,96505882250949,628.191,628.85
2,1804,96505882798918,96505882797793,96505883357476,558.558,559.683
2,1805,96505883974608,96505883973487,96505884578188,603.58,604.701
2,1806,96505884954251,96505884953232,96505885926133,971.882,972.901
2,1807,96505886129640,96505886128927,96505886908567,778.927,779.64
2,1808,96505887305580,96505887304621,96505888273382,967.802,968.761
2,1809,96505888285213,96505888284366,96505889135082,849.869,850.716
2,1810,96505889460773,96505889460060,96505890281180,820.407,821.12
2,1811,96505890636552,96505890635754,96505891388228,751.676,752.474
2,1812,96505891616286,96505891615499,96505892517487,901.201,901.988
2,1813,96505892791955,96505892791193,96505893298142,506.187,506.949
2,1814,96505894116840,96505893966887,96505894573105,456.265,606.218
2,1815,96505894947358,96505894946633,96505895746085,798.727,799.452
2,1816,96505896123068,96505896122327,96505897050319,927.251,927.992
2,1817,96505897298768,96505897298021,96505897788625,489.857,490.604
2,1818,96505898475028,96505898473715,96505899204722,729.694,731.007
2,1819,96505899454290,96505899453460,96505900225396,771.106,771.936
2,1820,96505900629840,96505900629154,96505901120607,490.767,491.453
2,1821,96505901805600,96505901804848,96505902423491,617.891,618.643
2,1822,96505902786143,96505902784593,96505903495657,709.514,711.064
2,1823,96505903960963,96505903960288,96505904570364,609.401,610.076
2,1824,96505905136633,96505905135982,96505905811255,674.622,675.273
2,1825,96505906116856,96505906115727,96505906867141,750.285,751.414
2,1826,96505907292156,96505907291421,96505907898976,606.82,607.555
2,1827,96505908467816,96505908467115,96505908952731,484.915,485.616
2,1828,96505909447699,96505909446860,96505910193063,745.364,746.203
2,1829,96505910623288,96505910622554,96505911112604,489.316,490.05
2,1830,96505911809478,96505911798248,96505912605675,796.197,807.427
2,1831,96505912974677,96505912973943,96505913818076,843.399,844.133
2,1832,96505913954500,96505913953688,96505914795719,841.219,842.031
2,1833,96505915131530,96505915129382,96505915591276,459.746,461.894
2,1834,96505916307300,96505916305076,96505916939842,632.542,634.766
2,1835,96505917287143,96505917284821,96505918098750,811.607,813.929
2,1836,96505918462413,96505918460515,96505919025072,562.659,564.557
2,1837,96505919637943,96505919636209,96505920412159,774.216,775.95
2,1838,96505920617746,96505920615954,96505921353231,735.485,737.277
2,1839,96505921793506,96505921791649,96505922507510,714.004,715.861
2,1840,96505922969026,96505922967343,96505923426781,457.755,459.438
2,1841,96505923948998,96505923947088,96505924728325,779.327,781.237
2,1842,96505925199880,96505925122782,96505925886904,687.024,764.122
2,1843,96505926300398,96505926298476,96505926794945,494.547,496.469
2,1844,96505927475917,96505927474170,96505928007605,531.688,533.435
2,1845,96505928455941,96505928453915,96505929173355,717.414,719.44
2,1846,96505929631920,96505929629609,96505930417747,785.827,788.138
2,1847,96505930807500,96505930805304,96505931321528,514.028,516.224
2,1848,96505931786644,96505931785049,96505932692434,905.79,907.385
2,1849,96505932962213,96505932960743,96505933585674,623.461,624.931
2,1850,96505934138243,96505934136437,96505934886908,748.665,750.471
2,1851,96505935117955,96505935116182,96505935948284,830.329,832.102
2,1852,96505936293485,96505936291876,96505937017870,724.385,725.994
2,1853,96505937469845,96505937467570,96505938001454,531.609,533.884
2,1854,96505938449098,96505938447315,96505939228135,779.037,780.82
2,1855,96505939624588,96505939623010,96505940303721,679.133,680.711
2,1856,96505940800448,96505940798704,96505941470191,669.743,671.487
2,1857,96505941975858,96505941974398,96505942569817,593.959,595.419
2,1858,96505942956041,96505942954143,96505943899283,943.242,945.14
2,1859,96505944132051,96505944129837,96505944761352,629.301,631.515
2,1860,96505945307381,96505945305531,96505946106187,798.806,800.656
2,1861,96505946286874,96505946285276,96505947018598,731.724,733.322
2,1862,96505947463013,96505947460970,96505947971170,508.157,510.2
2,1863,96505948638562,96505948636665,96505949332556,693.994,695.891
2,1864,96505949618246,96505949616410,96505950453534,835.288,837.124
2,1865,96505950793775,96505950792104,96505951429277,635.502,637.173
2,1866,96505951969615,96505951967798,96505952706190,736.575,738.392
2,1867,96505952949299,96505952947543,96505953726974,777.675,779.431
2,1868,96505954125778,96505954123237,96505954761300,635.522,638.063
2,1869,96505955300708,96505955298931,96505955993341,692.633,694.41
2,1870,96505956476148,96505956474625,96505957274755,798.607,800.13
2,1871,96505957455891,96505957454371,96505958200806,744.915,746.435
2,1872,96505958631860,96505958630065,96505959485799,853.939,855.734
2,1873,96505959807450,96505959805759,96505960384249,576.799,578.49
2,1874,96505960787403,96505960785504,96505961666263,878.86,880.759
2,1875,96505961963123,96505961961198,96505962549353,586.23,588.155
2,1876,96505963138783,96505963136892,96505963659571,520.788,522.679
2,1877,96505964118446,96505964116637,96505964882591,764.145,765.954
2,1878,96505965294216,96505965292331,96505965897046,602.83,604.715
2,1879,96505966469766,96505966468026,96505966995873,526.107,527.847
2,1880,96505967450329,96505967447771,96505968322888,872.559,875.117
2,1881,96505968624989,96505968623465,96505969275111,650.122,651.646
2,1882,96505969800978,96505969799159,96505970319556,518.578,520.397
2,1883,96505970976337,96505970974853,96505971437503,461.166,462.65
2,1884,96505971956290,96505971954598,96505972853101,896.811,898.503
2,1885,96505973131670,96505973130292,96505973642708,511.038,512.416
2,1886,96505974307400,96505974305986,96505975266452,959.052,960.466
2,1887,96505975287223,96505975285732,96505976095451,808.228,809.719
2,1888,96505976463243,96505976461426,96505976986261,523.018,524.835
2,1889,96505977638793,96505977637120,96505978223573,584.78,586.453
2,1890,96505978618496,96505978616865,96505979296609,678.113,679.744
2,1891,96505979794016,96505979792559,96505980337194,543.178,544.635
2,1892,96505980969846,96505980968253,96505981529034,559.188,560.781
2,1893,96505981949929,96505981947998,96505982819717,869.788,871.719
2,1894,96505983125518,96505983123692,96505983839313,713.795,715.621
2,1895,96505984301178,96505984299387,96505984786285,485.107,486.898
2,1896,96505985476408,96505985475081,96505986085258,608.85,610.177
2,1897,96505986456511,96505986454826,96505987290979,834.468,836.153
2,1898,96505987632001,96505987630520,96505988183079,551.078,552.559
2,1899,96505988809020,96505988806214,96505989396420,587.4,590.206
2,1900,96505989787684,96505989785959,96505990622872,835.188,836.913
2,1901,96505990963273,96505990961653,96505991749720,786.447,788.067
2,1902,96505992138853,96505992137347,96505992664090,525.237,526.743
2,1903,96505993118686,96505993117093,96505993995776,877.09,878.683
2,1904,96505994294415,96505994292787,96505994969228,674.813,676.441
2,1905,96505995470115,96505995468481,96505996173530,703.415,705.049
2,1906,96505996450078,96505996448226,96505997350929,900.851,902.703
2,1907,96505997625528,96505997623920,96505998331352,705.824,707.432
2,1908,96505998801498,96505998799614,96505999300025,498.527,500.411
2,1909,96505999977178,96505999975308,96506000546937,569.759,571.629
2,1910,96506000957651,96506000955053,96506001753708,796.057,798.655
2,1911,96506002133291,96506002130748,96506002737381,604.09,606.633
2,1912,96506003307851,96506003306442,96506003858369,550.518,551.927
2,1913,96506004287914,96506004286187,96506005074950,787.036,788.763
2,1914,96506005464224,96506005461881,96506005993301,529.077,531.42
2,1915,96506006639922,96506006637575,96506007522302,882.38,884.727
2,1916,96506007619086,96506007617320,96506008277568,658.482,660.248
2,1917,96506008794716,96506008793014,96506009339395,544.679,546.381
2,1918,96506009970865,96506009968708,96506010457062,486.197,488.354
2,1919,96506010950289,96506010948454,96506011671453,721.164,722.999
2,1920,96506012126178,96506012124148,96506012847763,721.585,723.615
2,1921,96506013301878,96506013299842,96506013942400,640.522,642.558
2,1922,96506014477418,96506014475536,96506015193242,715.824,717.706
2,1923,96506015456981,96506015455281,96506016132734,675.753,677.453
2,1924,96506016632601,96506016630975,96506017389846,757.245,758.871
2,1925,96506017808800,96506017806669,96506018410861,602.061,604.192
2,1926,96506018788623,96506018786414,96506019608871,820.248,822.457
2,1927,96506019963693,96506019962109,96506020443119,479.426,481.01
2,1928,96506021139653,96506021137803,96506021877628,737.975,739.825
2,1929,96506022119456,96506022117548,96506022786199,666.743,668.651
2,1930,96506023295266,96506023293242,96506024124124,828.858,830.882
2,1931,96506024470826,96506024468936,96506024992093,521.267,523.157
2,1932,96506025450879,96506025448681,96506026212224,761.345,763.543
2,1933,96506026626219,96506026624375,96506027205208,578.989,580.833
2,1934,96506027801769,96506027800069,96506028578174,776.405,778.105
2,1935,96506028977718,96506028975764,96506029625889,648.171,650.125
2,1936,96506029957662,96506029955509,96506030764328,806.666,808.819
2,1937,96506031132520,96506031131203,96506031734281,601.761,603.078
2,1938,96506032307880,96506032306897,96506032913631,605.751,606.734
2,1939,96506033287863,96506033286642,96506034079611,791.748,792.969
2,1940,96506034463053,96506034462336,96506035238199,775.146,775.863
2,1941,96506035638793,96506035638030,96506036315836,677.043,677.806
2,1942,96506036618546,96506036617775,96506037521416,902.87,903.641
2,1943,96506037794326,96506037793470,96506038414087,619.761,620.617
2,1944,96506038969866,96506038969164,96506039586307,616.441,617.143
2,1945,96506039949969,96506039948909,96506040671993,722.024,723.084
2,1946,96506041125598,96506041124603,96506041755850,630.252,631.247
2,1947,96506042301088,96506042300297,96506043042673,741.585,742.376
2,1948,96506043476618,96506043475991,96506044267455,790.837,791.464
2,1949,96506044456601,96506044455736,96506045338201,881.6,882.465
2,1950,96506045632231,96506045631430,96506046359175,726.944,727.745
2,1951,96506046807821,96506046807125,96506047488963,681.142,681.838
2,1952,96506047787614,96506047786870,96506048749846,962.232,962.976
2,1953,96506048963334,96506048962564,96506049535722,572.388,573.158
2,1954,96506050139073,96506050138258,96506050922640,783.567,784.382
2,1955,96506051118997,96506051118003,96506051873831,754.834,755.828
2,1956,96506052294436,96506052293697,96506052760812,466.376,467.115
2,1957,96506053470055,96506053469391,96506054178029,707.974,708.638
2,1958,96506054449918,96506054449136,96506055283177,833.259,834.041
2,1959,96506055625558,96506055624831,96506056404815,779.257,779.984
2,1960,96506056801218,96506056800525,96506057420789,619.571,620.264
2,1961,96506057976958,96506057976219,96506058573578,596.62,597.359
2,1962,96506058956651,96506058955964,96506059805420,848.769,849.456
2,1963,96506060132291,96506060131658,96506060659749,527.458,528.091
2,1964,96506061308741,96506061307352,96506061930992,622.251,623.64
2,1965,96506062287764,96506062287097,96506063054359,766.595,767.262
2,1966,96506063463464,96506063462791,96506064112405,648.941,649.614
2,1967,96506064639683,96506064638486,96506065322026,682.343,683.54
2,1968,96506065618976,96506065618231,96506066492236,873.26,874.005
2,1969,96506066794746,96506066793925,96506067425128,630.382,631.203
2,1970,96506067970685,96506067969619,96506068955829,985.144,986.21
2,1971,96506068950029,96506068949364,96506069829209,879.18,879.845
2,1972,96506070125769,96506070125058,96506070872424,746.655,747.366
2,1973,96506071301918,96506071300752,96506071869587,567.669,568.835
2,1974,96506072477258,96506072476446,96506073390509,913.251,914.063
2,1975,96506073456881,96506073456192,96506074286859,829.978,830.667
2,1976,96506074632881,96506074631886,96506075091526,458.645,459.64
2,1977,96506075808350,96506075807580,96506076331348,522.998,523.768
2,1978,96506076788003,96506076787325,96506077691484,903.481,904.159
2,1979,96506077963893,96506077963019,96506078629016,665.123,665.997
2,1980,96506079139413,96506079138713,96506079680081,540.668,541.368
2,1981,96506080119206,96506080118458,96506080793419,674.213,674.961
2,1982,96506081294976,96506081294152,96506082131974,836.998,837.822
2,1983,96506082470626,96506082469847,96506083164770,694.144,694.923
2,1984,96506083450319,96506083449592,96506084368910,918.591,919.318
2,1985,96506084626119,96506084625286,96506085167537,541.418,542.251
2,1986,96506085802079,96506085800980,96506086362407,560.328,561.427
2,1987,96506086977298,96506086976674,96506087409483,432.185,432.809
2,1988,96506087957171,96506087956419,96506088973695,1016.524,1017.276
2,1989,96506089133150,96506089132113,96506089871136,737.986,739.023
2,1990,96506090308450,96506090307807,96506090812107,503.657,504.3
2,1991,96506091288233,96506091287553,96506092164174,875.941,876.621
2,1992,96506092464143,96506092463247,96506093287901,823.758,824.654
2,1993,96506093639743,96506093638941,96506094282284,642.541,643.343
2,1994,96506094619326,96506094618686,96506095438204,818.878,819.518
2,1995,96506095795096,96506095794380,96506096497740,702.644,703.36
2,1996,96506096970866,96506096970074,96506097514924,544.058,544.85
2,1997,96506097950559,96506097949819,96506098794437,843.878,844.618
2,1998,96506099126269,96506099125513,96506099672817,546.548,547.304
2,1999,96506100301968,96506100301208,96506100957251,655.283,656.043
2,2000,96506101477718,96506101476902,96506102081779,604.061,604.877
2,2001,96506102457341,96506102456647,96506103226877,769.536,770.23
2,2002,96506103633161,96506103632341,96506104201341,568.18,569.0
2,2003,96506104808891,96506104808035,96506105408551,599.66,600.516
2,2004,96506105788454,96506105787780,96506106509688,721.234,721.908
2,2005,96506106964224,96506106963474,96506107528883,564.659,565.409
2,2006,96506108139863,96506108139168,96506108801816,661.953,662.648
2,2007,96506109119797,96506109118913,96506109926564,806.767,807.651
2,2008,96506110295316,96506110294608,96506111048311,752.995,753.703
2,2009,96506111471135,96506111470302,96506112082686,611.551,612.384
2,2010,96506112450768,96506112450047,96506113286268,835.5,836.221
2,2011,96506113626448,96506113625741,96506114391425,764.977,765.684
2,2012,96506114802228,96506114801435,96506115310346,508.118,508.911
2,2013,96506115978248,96506115977129,96506116595559,617.311,618.43
2,2014,96506116957531,96506116956874,96506117778629,821.098,821.755
2,2015,96506118133331,96506118132569,96506118673459,540.128,540.89
2,2016,96506119309271,96506119308263,96506119986263,676.992,678.0
2,2017,96506120288704,96506120288008,96506121037959,749.255,749.951
2,2018,96506121464514,96506121463702,96506122237390,772.876,773.688
2,2019,96506122640414,96506122639396,96506123285315,644.901,645.919
2,2020,96506123619906,96506123619141,96506124436524,816.618,817.383
2,2021,96506124795576,96506124794835,96506125285392,489.816,490.557
2,2022,96506125971446,96506125970529,96506126961539,990.093,991.01
2,2023,96506126951189,96506126950274,96506127604221,653.032,653.947
2,2024,96506128126719,96506128125969,96506128741969,615.25,616.0
2,2025,96506129302308,96506129301663,96506129888478,586.17,586.815
2,2026,96506130478238,96506130477357,96506131411230,932.992,933.873
2,2027,96506131457851,96506131457102,96506132264249,806.398,807.147
2,2028,96506132633701,96506132632796,96506133273013,639.312,640.217
2,2029,96506133809561,96506133808490,96506134392820,583.259,584.33
2,2030,96506134788884,96506134788235,96506135658914,870.03,870.679
2,2031,96506135964633,96506135963929,96506136441829,477.196,477.9
2,2032,96506137140393,96506137139624,96506137866158,725.765,726.534
2,2033,96506138120186,96506138119369,96506138939144,818.958,819.775
2,2034,96506139295796,96506139295063,96506139974480,678.684,679.417
2,2035,96506140471516,96506140470757,96506141033055,561.539,562.298
2,2036,96506141451219,96506141450502,96506142196534,745.315,746.032
2,2037,96506142626979,96506142626196,96506143107085,480.106,480.889
2,2038,96506143802669,96506143801890,96506144583664,780.995,781.774
2,2039,96506144978219,96506144977584,96506145620920,642.701,643.336
2,2040,96506145958162,96506145957330,96506146758138,799.976,800.808
2,2041,96506147133751,96506147133024,96506147732441,598.69,599.417
2,2042,96506148309610,96506148308718,96506148817888,508.278,509.17
2,2043,96506149289194,96506149288463,96506150092661,803.467,804.198
2,2044,96506150464883,96506150464157,96506151112595,647.712,648.438
2,2045,96506151640533,96506151639851,96506152090949,450.416,451.098
2,2046,96506152620216,96506152619596,96506153453225,833.009,833.629
2,2047,96506153796026,96506153795290,96506154628944,832.918,833.654
2,2048,96506154971666,96506154970985,96506155811114,839.448,840.129
2,2049,96506155951519,96506155950730,96506156723585,772.066,772.855
2,2050,96506157127099,96506157126424,96506157881734,754.635,755.31
2,2051,96506158302889,96506158302118,96506158806806,503.917,504.688
2,2052,96506159479539,96506159477812,96506160307626,828.087,829.814
2,2053,96506160458361,96506160457557,96506161234608,776.247,777.051
2,2054,96506161634071,96506161633251,96506162404547,770.476,771.296
2,2055,96506162809771,96506162808945,96506163329219,519.448,520.274
2,2056,96506163789344,96506163788691,96506164577370,788.026,788.679
2,2057,96506164965214,96506164964385,96506165658358,693.144,693.973
2,2058,96506166140733,96506166140079,96506166604649,463.916,464.57
2,2059,96506167120487,96506167119824,96506167920733,800.246,800.909
2,2060,96506168296337,96506168295518,96506168871796,575.459,576.278
2,2061,96506169471976,96506169471212,96506170127088,655.112,655.876
2,2062,96506170451630,96506170450957,96506171291087,839.457,840.13
2,2063,96506171627348,96506171626651,96506172009802,382.454,383.151
2,2064,96506172803028,96506172802346,96506173419820,616.792,617.474
2,2065,96506173979098,96506173978040,96506174485136,506.038,507.096
2,2066,96506174958571,96506174957785,96506175674045,715.474,716.26
2,2067,96506176134261,96506176133479,96506176996880,862.619,863.401
2,2068,96506177309961,96506177309173,96506178124888,814.927,815.715
2,2069,96506178289604,96506178288918,96506179088181,798.577,799.263
2,2070,96506179465274,96506179464612,96506180192288,727.014,727.676
2,2071,96506180641084,96506180640306,96506181105580,464.496,465.274
2,2072,96506181620807,96506181620052,96506182410373,789.566,790.321
2,2073,96506182807156,96506182795746,96506183308513,501.357,512.767
2,2074,96506183972206,96506183971440,96506184507224,535.018,535.784
2,2075,96506184951929,96506184951185,96506185746856,794.927,795.671
2,2076,96506186127639,96506186126879,96506186735130,607.491,608.251
2,2077,96506187303328,96506187302573,96506187810755,507.427,508.182
2,2078,96506188478948,96506188478267,96506188970485,491.537,492.218
2,2079,96506189458751,96506189458012,96506190214497,755.746,756.485
2,2080,96506190634341,96506190633707,96506191522161,887.82,888.454
2,2081,96506191810251,96506191809401,96506192438832,628.581,629.431
2,2082,96506192790174,96506192789146,96506193629792,839.618,840.646
2,2083,96506193965744,96506193964840,96506194524162,558.418,559.322
2,2084,96506195141323,96506195140534,96506195778085,636.762,637.551
2,2085,96506196120876,96506196120279,96506196846752,725.876,726.473
2,2086,96506197296776,96506197295973,96506197970449,673.673,674.476
2,2087,96506198472336,96506198471667,96506199161509,689.173,689.842
2,2088,96506199452139,96506199451413,96506200238026,785.887,786.613
2,2089,96506200628159,96506200627107,96506201250150,621.991,623.043
2,2090,96506201803519,96506201802801,96506202428340,624.821,625.539
2,2091,96506202979189,96506202978495,96506203542398,563.209,563.903
2,2092,96506203959002,96506203958240,96506204799760,840.758,841.52
2,2093,96506205134712,96506205133934,96506205755362,620.65,621.428
2,2094,96506206310351,96506206309628,96506206966623,656.272,656.995
2,2095,96506207290004,96506207289373,96506208041770,751.766,752.397
2,2096,96506208465743,96506208465068,96506209210049,744.306,744.981
2,2097,96506209641433,96506209640762,96506210162071,520.638,521.309
2,2098,96506210621346,96506210620507,96506211554498,933.152,933.991
2,2099,96506211797146,96506211796201,96506212371396,574.25,575.195
2,2100,96506212972886,96506212971895,96506213658239,685.353,686.344
2,2101,96506213952299,96506213951640,96506214724915,772.616,773.275
2,2102,96506215128049,96506215127334,96506216042089,914.04,914.755
2,2103,96506216303839,96506216303028,96506216828176,524.337,525.148
2,2104,96506217479409,96506217478723,96506218214483,735.074,735.76
2,2105,96506218459291,96506218458468,96506219333031,873.74,874.563
2,2106,96506219634881,96506219634162,96506220496691,861.81,862.529
2,2107,96506220810841,96506220809856,96506221334369,523.528,524.513
2,2108,96506221790334,96506221789601,96506222807448,1017.114,1017.847
2,2109,96506222966004,96506222965295,96506223668227,702.223,702.932
2,2110,96506224141654,96506224140989,96506224786396,644.742,645.407
2,2111,96506225121557,96506225120734,96506225924623,803.066,803.889
2,2112,96506226297207,96506226296429,96506226979799,682.592,683.37
2,2113,96506227473166,96506227472123,96506228145729,672.563,673.606
2,2114,96506228452760,96506228451868,96506229369870,917.11,918.002
2,2115,96506229628369,96506229627562,96506230160697,532.328,533.135
2,2116,96506230803938,96506230803256,96506231519773,715.835,716.517
2,2117,96506231979668,96506231978950,96506232589609,609.941,610.659
2,2118,96506232959461,96506232958695,96506233861572,902.111,902.877
2,2119,96506234135131,96506234134389,96506234734521,599.39,600.132
2,2120,96506235310781,96506235310084,96506235784407,473.626,474.323
2,2121,96506236290534,96506236289829,96506237181825,891.291,891.996
2,2122,96506237466184,96506237465523,96506238641064,1174.88,1175.541
2,2123,96506238641954,96506238641217,96506239283405,641.451,642.188
2,2124,96506239621717,96506239620962,96506240320751,699.034,699.789
2,2125,96506240797447,96506240796656,96506241364036,566.589,567.38
2,2126,96506241973067,96506241972350,96506242628658,655.591,656.308
2,2127,96506242952739,96506242952095,96506243722915,770.176,770.82
2,2128,96506244128699,96506244127790,96506244963007,834.308,835.217
2,2129,96506245304449,96506245303484,96506245905549,601.1,602.065
2,2130,96506246479968,96506246479178,96506247032677,552.709,553.499
2,2131,96506247459912,96506247458923,96506248512667,1052.755,1053.744
2,2132,96506248635341,96506248634617,96506249240581,605.24,605.964
2,2133,96506249811131,96506249810311,96506250544366,733.235,734.055
2,2134,96506250790814,96506250790056,96506251532099,741.285,742.043
2,2135,96506251966504,96506251965750,96506252500452,533.948,534.702
2,2136,96506253142204,96506253141445,96506253808826,666.622,667.381
2,2137,96506254122037,96506254121190,96506254901503,779.466,780.313
2,2138,96506255298506,96506255296884,96506256136565,838.059,839.681
2,2139,96506256473386,96506256472578,96506256966303,492.917,493.725
2,2140,96506257452999,96506257452323,96506258380321,927.322,927.998
2,2141,96506258628729,96506258628017,96506259263291,634.562,635.274
2,2142,96506259804379,96506259803711,96506260679298,874.919,875.587
2,2143,96506260980639,96506260979405,96506261683432,702.793,704.027
2,2144,96506261959982,96506261959151,96506262931224,971.242,972.073
2,2145,96506263135652,96506263134845,96506264067353,931.701,932.508
2,2146,96506264311311,96506264310539,96506265121019,809.708,810.48
2,2147,96506265290975,96506265290284,96506266104892,813.917,814.608
2,2148,96506266466594,96506266465978,96506267087375,620.781,621.397
2,2149,96506267642463,96506267641672,96506268477261,834.798,835.589
2,2150,96506268622207,96506268621417,96506269419803,797.596,798.386
2,2151,96506269797926,96506269797111,96506270472279,674.353,675.168
2,2152,96506270973626,96506270972806,96506271640918,667.292,668.112
2,2153,96506271953279,96506271952551,96506272652073,698.794,699.522
2,2154,96506273128879,96506273128245,96506274138493,1009.614,1010.248
2,2155,96506274304649,96506274303939,96506274922250,617.601,618.311
2,2156,96506275480509,96506275479633,96506276081679,601.17,602.046
2,2157,96506276460642,96506276459378,96506277428895,968.253,969.517
2,2158,96506277636312,96506277635072,96506278299224,662.912,664.152
2,2159,96506278811651,96506278810766,96506279511204,699.553,700.438
2,2160,96506279791284,96506279790512,96506280693805,902.521,903.293
2,2161,96506280966954,96506280966206,96506281727809,760.855,761.603
2,2162,96506282142674,96506282141900,96506282834128,691.454,692.228
2,2163,96506283122337,96506283121645,96506284053028,930.691,931.383
2,2164,96506284298107,96506284297339,96506284814364,516.257,517.025
2,2165,96506285473796,96506285473033,96506286053796,580.0,580.763
2,2166,96506286453830,96506286452778,96506287314289,860.459,861.511
2,2167,96506287629319,96506287628472,96506288275571,646.252,647.099
2,2168,96506288804919,96506288804167,96506289451910,646.991,647.743
2,2169,96506289980909,96506289979861,96506290648621,667.712,668.76
2,2170,96506290960321,96506290959606,96506292212915,1252.594,1253.309
2,2171,96506292136061,96506292135300,96506292827105,691.044,691.805
2,2172,96506293311741,96506293310994,96506293968774,657.033,657.78
2,2173,96506294291774,96506294290739,96506295065040,773.266,774.301
2,2174,96506295467114,96506295466433,96506296165648,698.534,699.215
2,2175,96506296642794,96506296642127,96506297173162,530.368,531.035
2,2176,96506297623047,96506297621873,96506298496726,873.679,874.853
2,2177,96506298798737,96506298797567,96506299356075,557.338,558.508
2,2178,96506299974117,96506299973261,96506300998651,1024.534,1025.39
2,2179,96506300954320,96506300953006,96506301689775,735.455,736.769
2,2180,96506302129409,96506302128700,96506302936976,807.567,808.276
2,2181,96506303305089,96506303304394,96506303998742,693.653,694.348
2,2182,96506304480868,96506304480088,96506305237984,757.116,757.896
2,2183,96506305460682,96506305459833,96506306271119,810.437,811.286
2,2184,96506306636241,96506306635528,96506307288533,652.292,653.005
2,2185,96506307812031,96506307811222,96506308507355,695.324,696.133
2,2186,96506308791654,96506308790967,96506309639983,848.329,849.016
2,2187,96506309967344,96506309966661,96506310697138,729.794,730.477
2,2188,96506311143114,96506311142355,96506311868898,725.784,726.543
2,2189,96506312122847,96506312122100,96506312877942,755.095,755.842
2,2190,96506313298636,96506313297794,96506313923567,624.931,625.773
2,2191,96506314474176,96506314473488,96506315259642,785.466,786.154
2,2192,96506315453939,96506315453234,96506316572788,1118.849,1119.554
2,2193,96506316629669,96506316628928,96506317183578,553.909,554.65
2,2194,96506317805259,96506317804622,96506318492342,687.083,687.72
2,2195,96506318981069,96506318980316,96506319608040,626.971,627.724
2,2196,96506319960762,96506319960061,96506320597543,636.781,637.482
2,2197,96506321136602,96506321135755,96506321605857,469.255,470.102
2,2198,96506322312212,96506322311449,96506322952913,640.701,641.464
2,2199,96506323291885,96506323291194,96506323893095,601.21,601.901
2,2200,96506324467595,96506324466889,96506325222410,754.815,755.521
2,2201,96506325643343,96506325642583,96506326258735,615.392,616.152
2,2202,96506326623247,96506326622328,96506327434055,810.808,811.727
2,2203,96506327798936,96506327798022,96506328681636,882.7,883.614
2,2204,96506328974486,96506328973716,96506329880427,905.941,906.711
2,2205,96506329954119,96506329953461,96506330730835,776.716,777.374
2,2206,96506331130059,96506331129155,96506331865904,735.845,736.749
2,2207,96506332305679,96506332304849,96506332907589,601.91,602.74
2,2208,96506333481379,96506333480544,96506334116661,635.282,636.117
2,2209,96506334461632,96506334460289,96506335251028,789.396,790.739
2,2210,96506335637122,96506335635983,96506336281973,644.851,645.99
2,2211,96506336812471,96506336811677,96506337354500,542.029,542.823
2,2212,96506337792294,96506337791422,96506338927613,1135.319,1136.191
2,2213,96506338967884,96506338967116,96506339589135,621.251,622.019
2,2214,96506340143494,96506340142810,96506340806426,662.932,663.616
2,2215,96506341123397,96506341122555,96506341802650,679.253,680.095
2,2216,96506342299277,96506342298250,96506343004131,704.854,705.881
2,2217,96506343474667,96506343473944,96506344099058,624.391,625.114
2,2218,96506344454490,96506344453689,96506345349500,895.01,895.811
2,2219,96506345630110,96506345629383,96506346395255,765.145,765.872
2,2220,96506346805999,96506346805077,96506347584005,778.006,778.928
2,2221,96506347981769,96506347980771,96506348585249,603.48,604.478
2,2222,96506348961681,96506348960516,96506349663346,701.665,702.83
2,2223,96506350137101,96506350136210,96506350759572,622.471,623.362
2,2224,96506351312901,96506351311905,96506352084807,771.906,772.902
2,2225,96506352292354,96506352291650,96506353104981,812.627,813.331
2,2226,96506353468004,96506353467344,96506354120456,652.452,653.112
2,2227,96506354643744,96506354643038,96506355139810,496.066,496.772
2,2228,96506355623527,96506355622783,96506356287019,663.492,664.236
2,2229,96506356799277,96506356798477,96506357430828,631.551,632.351
2,2230,96506357974957,96506357974171,96506359130816,1155.859,1156.645
2,2231,96506358954650,96506358953916,96506359664174,709.524,710.258
2,2232,96506360130360,96506360129611,96506360676678,546.318,547.067
2,2233,96506361306039,96506361305305,96506361830427,524.388,525.122
2,2234,96506362481698,96506362480999,96506363240464,758.766,759.465
2,2235,96506363461712,96506363460744,96506364526118,1064.406,1065.374
2,2236,96506364637581,96506364636438,96506365243133,605.552,606.695
2,2237,96506365812941,96506365812132,96506366607508,794.567,795.376
2,2238,96506366792575,96506366791877,96506367602282,809.707,810.405
2,2239,96506367968324,96506367967571,96506368749491,781.167,781.92
2,2240,96506369144004,96506369143266,96506369915130,771.126,771.864
2,2241,96506370123897,96506370123011,96506370954175,830.278,831.164
2,2242,96506371299407,96506371298705,96506371989800,690.393,691.095
2,2243,96506372475447,96506372474399,96506373068307,592.86,593.908
2,2244,96506373454889,96506373454144,96506374326369,871.48,872.225
2,2245,96506374630589,96506374629838,96506375113126,482.537,483.288
2,2246,96506375806199,96506375805532,96506376423420,617.221,617.888
2,2247,96506376981989,96506376981226,96506377843328,861.339,862.102
2,2248,96506377961702,96506377960972,96506378807651,845.949,846.679
2,2249,96506379137742,96506379136666,96506380225779,1088.037,1089.113
2,2250,96506380313582,96506380312360,96506381037996,724.414,725.636
2,2251,96506381293145,96506381292105,96506382160344,867.199,868.239
2,2252,96506382468675,96506382467799,96506383330593,861.918,862.794
2,2253,96506383644554,96506383643493,96506384147991,503.437,504.498
2,2254,96506384624247,96506384623238,96506385474436,850.189,851.198
2,2255,96506385800246,96506385798932,96506386500491,700.245,701.559
2,2256,96506386975416,96506386974627,96506387855586,880.17,880.959
2,2257,96506387955859,96506387954372,96506388750667,794.808,796.295
2,2258,96506389130849,96506389130066,96506389807892,677.043,677.826
2,2259,96506390306749,96506390305760,96506391086566,779.817,780.806
2,2260,96506391482219,96506391481454,96506392236034,753.815,754.58
2,2261,96506392461852,96506392461199,96506393123845,661.993,662.646
2,2262,96506393637912,96506393636893,96506394272113,634.201,635.22
2,2263,96506394813342,96506394812587,96506395528876,715.534,716.289
2,2264,96506395793065,96506395792332,96506396499688,706.623,707.356
2,2265,96506396968904,96506396968027,96506397550154,581.25,582.127
2,2266,96506398144434,96506398143721,96506398751285,606.851,607.564
2,2267,96506399124217,96506399123466,96506400000857,876.64,877.391
2,2268,96506400299837,96506400299160,96506401177517,877.68,878.357
2,2269,96506401475667,96506401474854,96506402195351,719.684,720.497
2,2270,96506402455210,96506402454599,96506403234467,779.257,779.868
2,2271,96506403630990,96506403630293,96506404500889,869.899,870.596
2,2272,96506404806849,96506404805987,96506405364308,557.459,558.321
2,2273,96506405982369,96506405981682,96506406635791,653.422,654.109
2,2274,96506406962282,96506406961427,96506407799210,836.928,837.783
2,2275,96506408137852,96506408137121,96506408755573,617.721,618.452
2,2276,96506409313701,96506409312815,96506410320786,1007.085,1007.971
2,2277,96506410293334,96506410292560,96506411291289,997.955,998.729
2,2278,96506411469044,96506411468254,96506412141507,672.463,673.253
2,2279,96506412644734,96506412643948,96506413452131,807.397,808.183
2,2280,96506413624407,96506413623693,96506414323501,699.094,699.808
2,2281,96506414800377,96506414799388,96506415449649,649.272,650.261
2,2282,96506415975887,96506415975082,96506416677090,701.203,702.008
2,2283,96506416956110,96506416954827,96506417660533,704.423,705.706
2,2284,96506418131570,96506418130521,96506419162255,1030.685,1031.734
2,2285,96506419307170,96506419306215,96506419955031,647.861,648.816
2,2286,96506420482619,96506420481909,96506421295167,812.548,813.258
2,2287,96506421462372,96506421461654,96506422403564,941.192,941.91
2,2288,96506422638102,96506422637348,96506423661667,1023.565,1024.319
2,2289,96506423813951,96506423813043,96506424577658,763.707,764.615
2,2290,96506424793465,96506424792788,96506425499009,705.544,706.221
2,2291,96506425969144,96506425968482,96506426606986,637.842,638.504
2,2292,96506427145274,96506427144176,96506427746804,601.53,602.628
2,2293,96506428124667,96506428123921,96506428854622,729.955,730.701
2,2294,96506429300387,96506429299615,96506430005471,705.084,705.856
2,2295,96506430476367,96506430475309,96506431075507,599.14,600.198
2,2296,96506431455770,96506431455054,96506432469294,1013.524,1014.24
2,2297,96506432631539,96506432630749,96506433302452,670.913,671.703
2,2298,96506433808679,96506433806443,96506434681119,872.44,874.676
2,2299,96506434984559,96506434982137,96506435651292,666.733,669.155
2,2300,96506435963672,96506435961882,96506437070660,1106.988,1108.778
2,2301,96506437139462,96506437137576,96506437830766,691.304,693.19
2,2302,96506438315322,96506438313270,96506439034806,719.484,721.536
2,2303,96506439295025,96506439293015,96506440152364,857.339,859.349
2,2304,96506440470425,96506440468709,96506441177739,707.314,709.03
2,2305,96506441646454,96506441644404,96506442079759,433.305,435.355
2,2306,96506442625838,96506442624149,96506443607531,981.693,983.382
2,2307,96506443801697,96506443799843,96506444314834,513.137,514.991
2,2308,96506444977276,96506444975537,96506445629239,651.963,653.702
2,2309,96506445957260,96506445955282,96506446733166,775.906,777.884
2,2310,96506447132549,96506447130976,96506447779001,646.452,648.025
2,2311,96506448308539,96506448306670,96506448909189,600.65,602.519
2,2312,96506449484299,96506449482364,96506450207273,722.974,724.909
2,2313,96506450463882,96506450462110,96506451163916,700.034,701.806
2,2314,96506451639682,96506451637804,96506452380317,740.635,742.513
2,2315,96506452815062,96506452813498,96506453359640,544.578,546.142
2,2316,96506453794895,96506453793243,96506454660134,865.239,866.891
2,2317,96506454970725,96506454968937,96506455678598,707.873,709.661
2,2318,96506456146365,96506456144631,96506456874479,728.114,729.848
2,2319,96506457126127,96506457124376,96506458048439,922.312,924.063
2,2320,96506458302367,96506458300070,96506458804824,502.457,504.754
2,2321,96506459477487,96506459475765,96506460285844,808.357,810.079
2,2322,96506460457340,96506460455510,96506461319870,862.53,864.36
2,2323,96506461633080,96506461631204,96506462286101,653.021,654.897
2,2324,96506462808239,96506462806898,96506463517004,708.765,710.106
2,2325,96506463983919,96506463982592,96506464928471,944.552,945.879
2,2326,96506464963992,96506464962337,96506465717557,753.565,755.22
2,2327,96506466139702,96506466138031,96506466701171,561.469,563.14
2,2328,96506467315682,96506467313725,96506468015646,699.964,701.921
2,2329,96506468295195,96506468293471,96506469103993,808.798,810.522
2,2330,96506469470874,96506469469165,96506470144817,673.943,675.652
2,2331,96506470646734,96506470644859,96506471252505,605.771,607.646
2,2332,96506471626377,96506471624604,96506472579480,953.103,954.876
2,2333,96506472801967,96506472800298,96506473604895,802.928,804.597
2,2334,96506473977947,96506473975992,96506474747383,769.436,771.391
2,2335,96506474957540,96506474955737,96506475637263,679.723,681.526
2,2336,96506476133200,96506476131431,96506476701129,567.929,569.698
2,2337,96506477308940,96506477307126,96506478021054,712.114,713.928
2,2338,96506478484430,96506478482820,96506479133672,649.242,650.852
2,2339,96506479464353,96506479462565,96506480315861,851.508,853.296
2,2340,96506480639972,96506480638259,96506481380027,740.055,741.768
2,2341,96506481815701,96506481813953,96506482636759,821.058,822.806
2,2342,96506482795905,96506482793698,96506483790718,994.813,997.02
2,2343,96506483970974,96506483969392,96506484687529,716.555,718.137
2,2344,96506485146934,96506485145086,96506485906470,759.536,761.384
2,2345,96506486126937,96506486124832,96506486930685,803.748,805.853
2,2346,96506487302237,96506487300526,96506487840026,537.789,539.5
2,2347,96506488477887,96506488476220,96506489054337,576.45,578.117
2,2348,96506489457870,96506489455965,96506490390552,932.682,934.587
2,2349,96506490633520,96506490631659,96506491313183,679.663,681.524
2,2350,96506491809070,96506491807353,96506492312967,503.897,505.614
2,2351,96506492985029,96506492983047,96506493497476,512.447,514.429
2,2352,96506493964742,96506493962792,96506494910835,946.093,948.043
2,2353,96506495140102,96506495138487,96506496004382,864.28,865.895
2,2354,96506496315942,96506496314181,96506496817509,501.567,503.328
2,2355,96506497295785,96506497293926,96506498318160,1022.375,1024.234
2,2356,96506498471535,96506498469620,96506499292102,820.567,822.482
2,2357,96506499646725,96506499645314,96506500284146,637.421,638.832
2,2358,96506500626748,96506500625059,96506501432705,805.957,807.646
2,2359,96506501802588,96506501800753,96506502363756,561.168,563.003
2,2360,96506502978067,96506502976447,96506503672730,694.663,696.283
2,2361,96506503958071,96506503956193,96506504669815,711.744,713.622
2,2362,96506505134209,96506505131887,96506505816983,682.774,685.096
2,2363,96506506309319,96506506307581,96506506951292,641.973,643.711
2,2364,96506507484889,96506507483275,96506508238345,753.456,755.07
2,2365,96506508464782,96506508463020,96506509235898,771.116,772.878
2,2366,96506509640762,96506509638714,96506510076087,435.325,437.373
2,2367,96506510816202,96506510814408,96506511499335,683.133,684.927
2,2368,96506511796155,96506511794153,96506512573721,777.566,779.568
2,2369,96506512971385,96506512969848,96506513589065,617.68,619.217
2,2370,96506514147375,96506514145542,96506514858299,710.924,712.757
2,2371,96506515127338,96506515125287,96506515945385,818.047,820.098
2,2372,96506516302737,96506516300981,96506517077654,774.917,776.673
2,2373,96506517478807,96506517476675,96506518078097,599.29,601.422
2,2374,96506518457910,96506518456420,96506519229576,771.666,773.156
2,2375,96506519633870,96506519632114,96506520413596,779.726,781.482
2,2376,96506520809380,96506520807808,96506521410400,601.02,602.592
2,2377,96506521985139,96506521983503,96506522464605,479.466,481.102
2,2378,96506522965313,96506522963248,96506523878603,913.29,915.355
2,2379,96506524140702,96506524138942,96506524844706,704.004,705.764
2,2380,96506525316612,96506525314636,96506525930953,614.341,616.317
2,2381,96506526295995,96506526294381,96506527069991,773.996,775.61
2,2382,96506527471915,96506527470075,96506528096886,624.971,626.811
2,2383,96506528647664,96506528645769,96506529258355,610.691,612.586
2,2384,96506529627357,96506529625514,96506530260509,633.152,634.995
2,2385,96506530803187,96506530801209,96506531266503,463.316,465.294
2,2386,96506531978827,96506531976903,96506532854927,876.1,878.024
2,2387,96506532958540,96506532956648,96506533628303,669.763,671.655
2,2388,96506534134340,96506534132342,96506534850894,716.554,718.552
2,2389,96506535309730,96506535308036,96506536047825,738.095,739.789
2,2390,96506536485670,96506536483730,96506537093670,608.0,609.94
2,2391,96506537465083,96506537463475,96506538184496,719.413,721.021
2,2392,96506538640933,96506538639169,96506539354567,713.634,715.398
2,2393,96506539816762,96506539814864,96506540624499,807.737,809.635
2,2394,96506540796425,96506540794609,96506541708666,912.241,914.057
2,2395,96506541972134,96506541970303,96506542564205,592.071,593.902
2,2396,96506543148034,96506543145997,96506543690182,542.148,544.185
2,2397,96506544127828,96506544125742,96506544746139,618.311,620.397
2,2398,96506545303137,96506545301436,96506546050263,747.126,748.827
2,2399,96506546478837,96506546477130,96506547029156,550.319,552.026
2,2400,96506547458710,96506547456875,96506548268558,809.848,811.683
2,2401,96506548634460,96506548632570,96506549283032,648.572,650.462
2,2402,96506549809820,96506549808264,96506550608107,798.287,799.843
2,2403,96506550985710,96506550983958,96506551635432,649.722,651.474
2,2404,96506551965952,96506551963703,96506552710407,744.455,746.704
2,2405,96506553140842,96506553139397,96506553637279,496.437,497.882
2,2406,96506554316812,96506554315091,96506554878331,561.519,563.24
2,2407,96506555296965,96506555294836,96506555911256,614.291,616.42
2,2408,96506556472265,96506556470530,96506557143668,671.403,673.138
2,2409,96506557647965,96506557646225,96506558302946,654.981,656.721
2,2410,96506558627728,96506558625970,96506559595821,968.093,969.851
2,2411,96506559803508,96506559801664,96506560430859,627.351,629.195
2,2412,96506560979227,96506560977358,96506561441822,462.595,464.464
2,2413,96506561958731,96506561957103,96506562846290,887.559,889.187
2,2414,96506563134430,96506563132797,96506564043921,909.491,911.124
2,2415,96506564310549,96506564308491,96506564993503,682.954,685.012
2,2416,96506565485479,96506565484185,96506566140762,655.283,656.577
2,2417,96506566469663,96506566463931,96506567383134,913.471,919.203
2,2418,96506567641842,96506567639625,96506568186701,544.859,547.076
2,2419,96506568817012,96506568815319,96506569455733,638.721,640.414
2,2420,96506569796695,96506569795064,96506570798869,1002.174,1003.805
2,2421,96506570972675,96506570970758,96506571542354,569.679,571.596
2,2422,96506572148285,96506572146452,96506572917120,768.835,770.668
2,2423,96506573128018,96506573126197,96506573930795,802.777,804.598
2,2424,96506574303818,96506574301891,96506574934999,631.181,633.108
2,2425,96506575479528,96506575477586,96506575909532,430.004,431.946
2,2426,96506576458820,96506576457331,96506577236967,778.147,779.636
2,2427,96506577634730,96506577633025,96506578194899,560.169,561.874
2,2428,96506578810370,96506578808719,96506579600117,789.747,791.398
2,2429,96506579986219,96506579984413,96506580543359,557.14,558.946
2,2430,96506580966203,96506580964158,96506581633265,667.062,669.107
2,2431,96506582141792,96506582139852,96506582935060,793.268,795.208
2,2432,96506583317702,96506583315546,96506583765127,447.425,449.581
2,2433,96506584297015,96506584295292,96506585032660,735.645,737.368
2,2434,96506585472705,96506585470986,96506586365165,892.46,894.179
2,2435,96506586648495,96506586646680,96506587288787,640.292,642.107
2,2436,96506587628317,96506587626425,96506588228658,600.341,602.233
2,2437,96506588804017,96506588802119,96506589440239,636.222,638.12
2,2438,96506589979797,96506589977813,96506590611909,632.112,634.096
2,2439,96506590959390,96506590957558,96506591757317,797.927,799.759
2,2440,96506592134740,96506592133252,96506592987309,852.569,854.057
2,2441,96506593310950,96506593308947,96506593942662,631.712,633.715
2,2442,96506594486210,96506594484641,96506595099920,613.71,615.279
2,2443,96506595466213,96506595464386,96506596293340,827.127,828.954
2,2444,96506596641953,96506596640080,96506597161080,519.127,521.0
2,2445,96506597817373,96506597815774,96506598941430,1124.057,1125.656
2,2446,96506598797616,96506598795519,96506599697146,899.53,901.627
2,2447,96506599973135,96506599971213,96506600847195,874.06,875.982
2,2448,96506601148954,96506601146907,96506601833758,684.804,686.851
2,2449,96506602128888,96506602126653,96506603035818,906.93,909.165
2,2450,96506603303997,96506603302347,96506603787084,483.087,484.737
2,2451,96506604480007,96506604478041,96506605131879,651.872,653.838
2,2452,96506605459820,96506605457786,96506606297628,837.808,839.842
2,2453,96506606635080,96506606633480,96506607238080,603.0,604.6
2,2454,96506607810700,96506607809174,96506608436401,625.701,627.227
2,2455,96506608986660,96506608984868,96506609800047,813.387,815.179
2,2456,96506609966323,96506609964613,96506611083661,1117.338,1119.048
2,2457,96506611142293,96506611140308,96506611893878,751.585,753.57
2,2458,96506612317612,96506612316002,96506612823030,505.418,507.028
2,2459,96506613297515,96506613295747,96506614067541,770.026,771.794
2,2460,96506614473535,96506614471441,96506615211550,738.015,740.109
2,2461,96506615648965,96506615647135,96506616358929,709.964,711.794
2,2462,96506616628398,96506616626880,96506617392903,764.505,766.023
2,2463,96506617804568,96506617802574,96506618367517,562.949,564.943
2,2464,96506618980008,96506618978268,96506619749004,768.996,770.736
2,2465,96506619959851,96506619958014,96506620909012,949.161,950.998
2,2466,96506621135561,96506621133708,96506621699780,564.219,566.072
2,2467,96506622311570,96506622309402,96506623002213,690.643,692.811
2,2468,96506623486949,96506623485096,96506624326028,839.079,840.932
2,2469,96506624466852,96506624464841,96506625387864,921.012,923.023
2,2470,96506625642252,96506625640535,96506626186671,544.419,546.136
2,2471,96506626818092,96506626816229,96506627387082,568.99,570.853
2,2472,96506627797675,96506627795974,96506628642534,844.859,846.56
2,2473,96506628973335,96506628971669,96506629585376,612.041,613.707
2,2474,96506630149055,96506630147363,96506630975862,826.807,828.499
2,2475,96506631128718,96506631127108,96506631812200,683.482,685.092
2,2476,96506632304778,96506632302802,96506632826565,521.787,523.763
2,2477,96506633480448,96506633478496,96506634150290,669.842,671.794
2,2478,96506634459990,96506634458241,96506635207375,747.385,749.134
2,2479,96506635635690,96506635633935,96506636401936,766.246,768.001
2,2480,96506636811280,96506636809629,96506637455822,644.542,646.193
2,2481,96506637987179,96506637985324,96506638558119,570.94,572.795
2,2482,96506638966923,96506638965069,96506639830772,863.849,865.703
2,2483,96506640142632,96506640140763,96506640964500,821.868,823.737
2,2484,96506641318162,96506641316457,96506641991275,673.113,674.818
2,2485,96506642297936,96506642296202,96506642969848,671.912,673.646
2,2486,96506643473915,96506643471896,96506644011414,537.499,539.518
2,2487,96506644649345,96506644647590,96506645252435,603.09,604.845
2,2488,96506645629128,96506645627335,96506646407184,778.056,779.849
2,2489,96506646804877,96506646803030,96506647492021,687.144,688.991
2,2490,96506647980437,96506647978724,96506648491785,511.348,513.061
2,2491,96506648960210,96506648958469,96506649887652,927.442,929.183
2,2492,96506650136010,96506650134163,96506651068392,932.382,934.229
2,2493,96506651311870,96506651309857,96506651880400,568.53,570.543
2,2494,96506652487890,96506652485551,96506653188133,700.243,702.582
2,2495,96506653466863,96506653465296,96506654118205,651.342,652.909
2,2496,96506654642823,96506654640990,96506655456490,813.667,815.5
2,2497,96506655818523,96506655816685,96506656306919,488.396,490.234
2,2498,96506656798476,96506656796430,96506657403716,605.24,607.286
2,2499,96506657973625,96506657972124,96506658748832,775.207,776.708
2,2500,96506659149854,96506659147818,96506659911691,761.837,763.873
2,2501,96506660129518,96506660127563,96506660795111,665.593,667.548
2,2502,96506661305087,96506661303257,96506661890987,585.9,587.73
2,2503,96506662480527,96506662478951,96506662977055,496.528,498.104
2,2504,96506663460470,96506663458696,96506664346820,886.35,888.124
2,2505,96506664636100,96506664634391,96506665431877,795.777,797.486
2,2506,96506665811530,96506665810085,96506666397590,586.06,587.505
2,2507,96506666987670,96506666985779,96506667508887,521.217,523.108
2,2508,96506667967523,96506667965524,96506668737659,770.136,772.135
2,2509,96506669142903,96506669141218,96506669631849,488.946,490.631
2,2510,96506670318702,96506670316912,96506671012156,693.454,695.244
2,2511,96506671297695,96506671296657,96506671951168,653.473,654.511
2,2512,96506672473575,96506672472351,96506673289843,816.268,817.492
2,2513,96506673648865,96506673648046,96506674361869,713.004,713.823
2,2514,96506674628588,96506674627791,96506675531499,902.911,903.708
2,2515,96506675804358,96506675803485,96506676426329,621.971,622.844
2,2516,96506676981388,96506676979179,96506677624939,643.551,645.76
2,2517,96506677961221,96506677958924,96506679130410,1169.189,1171.486
2,2518,96506679136501,96506679134618,96506679933658,797.157,799.04
2,2519,96506680312280,96506680310312,96506680780686,468.406,470.374
2,2520,96506681487760,96506681486006,96506682138722,650.962,652.716
2,2521,96506682467442,96506682465751,96506683591651,1124.209,1125.9
2,2522,96506683643812,96506683641446,96506684481081,837.269,839.635
2,2523,96506684818732,96506684817140,96506685504175,685.443,687.035
2,2524,96506685798865,96506685796885,96506686596762,797.897,799.877
2,2525,96506686974475,96506686972579,96506687525154,550.679,552.575
2,2526,96506688150145,96506688148273,96506688839918,689.773,691.645
2,2527,96506689129628,96506689128018,96506689913815,784.187,785.797
2,2528,96506690305758,96506690303712,96506691032092,726.334,728.38
2,2529,96506691481148,96506691479406,96506692067107,585.959,587.701
2,2530,96506692460731,96506692459152,96506693321830,861.099,862.678
2,2531,96506693636831,96506693634846,96506694430397,793.566,795.551
2,2532,96506694812200,96506694810540,96506695449831,637.631,639.291
2,2533,96506695987780,96506695986234,96506696459846,472.066,473.612
2,2534,96506696967523,96506696965979,96506697849723,882.2,883.744
2,2535,96506698143453,96506698141673,96506698722342,578.889,580.669
2,2536,96506699318932,96506699317367,96506700084118,765.186,766.751
2,2537,96506700298776,96506700297112,96506701052571,753.795,755.459
2,2538,96506701474555,96506701472807,96506702171559,697.004,698.752
2,2539,96506702650425,96506702648501,96506703183413,532.988,534.912
2,2540,96506703629938,96506703628246,96506704534738,904.8,906.492
2,2541,96506704932432,96506704803940,96506705582664,650.232,778.724
2,2542,96506705981547,96506705979634,96506706482974,501.427,503.34
2,2543,96506706961130,96506706959379,96506707829730,868.6,870.351
2,2544,96506708136710,96506708135073,96506709003920,867.21,868.847
2,2545,96506709312410,96506709310767,96506710041995,729.585,731.228
2,2546,96506710487860,96506710486462,96506711137042,649.182,650.58
2,2547,96506711467933,96506711466207,96506712077634,609.701,611.427
2,2548,96506712643773,96506712641901,96506713487981,844.208,846.08
2,2549,96506713819303,96506713817595,96506714371891,552.588,554.296
2,2550,96506714799176,96506714797340,96506715545721,746.545,748.381
2,2551,96506715974536,96506715973034,96506716737861,763.325,764.827
2,2552,96506717150755,96506717148728,96506717917901,767.146,769.173
2,2553,96506718130518,96506718128473,96506718935685,805.167,807.212
2,2554,96506719305798,96506719304168,96506719915188,609.39,611.02
2,2555,96506720481657,96506720479862,96506721089128,607.471,609.266
2,2556,96506721461371,96506721459607,96506722352601,891.23,892.994
2,2557,96506722636910,96506722635301,96506723429468,792.558,794.167
2,2558,96506723812680,96506723810995,96506724618538,805.858,807.543
2,2559,96506724988600,96506724986689,96506725561610,573.01,574.921
2,2560,96506725968213,96506725966434,96506726621215,653.002,654.781
2,2561,96506727144043,96506727142128,96506727818686,674.643,676.558
2,2562,96506728319413,96506728317823,96506728753287,433.874,435.464
2,2563,96506729299106,96506729297568,96506730119813,820.707,822.245
2,2564,96506730475345,96506730473262,96506731036294,560.949,563.032
2,2565,96506731650595,96506731648956,96506732134252,483.657,485.296
2,2566,96506732630698,96506732628701,96506733507708,877.01,879.007
2,2567,96506733806268,96506733804395,96506734604005,797.737,799.61
2,2568,96506734982068,96506734980089,96506735754204,772.136,774.115
2,2569,96506735960691,96506735959834,96506736790629,829.938,830.795
2,2570,96506737136401,96506737135529,96506738013580,877.179,878.051
2,2571,96506738312071,96506738311223,96506738917851,605.78,606.628
2,2572,96506739487920,96506739486917,96506740037048,549.128,550.131
2,2573,96506740467503,96506740466662,96506741290701,823.198,824.039
2,2574,96506741643202,96506741642356,96506742426479,783.277,784.123
2,2575,96506742819052,96506742818050,96506743429823,610.771,611.773
2,2576,96506743798495,96506743797795,96506744568642,770.147,770.847
2,2577,96506744974235,96506744973489,96506745575506,601.271,602.017
2,2578,96506746150115,96506746149184,96506746865629,715.514,716.445
2,2579,96506747129678,96506747128929,96506747737148,607.47,608.219
2,2580,96506748305468,96506748304623,96506748998021,692.553,693.398
2,2581,96506749481338,96506749480317,96506749945974,464.636,465.657
2,2582,96506750460861,96506750460062,96506751340540,879.679,880.478
2,2583,96506751636491,96506751635756,96506752444557,808.066,808.801
2,2584,96506752812300,96506752811450,96506753423761,611.461,612.311
2,2585,96506753987800,96506753987144,96506754717555,729.755,730.411
2,2586,96506754967673,96506754966890,96506755808052,840.379,841.162
2,2587,96506756143463,96506756142584,96506756949300,805.837,806.716
2,2588,96506757318992,96506757318278,96506758146271,827.279,827.993
2,2589,96506758298666,96506758298023,96506759077332,778.666,779.309
2,2590,96506759474466,96506759473717,96506760200480,726.014,726.763
2,2591,96506760650185,96506760649411,96506761140862,490.677,491.451
2,2592,96506761629759,96506761629156,96506762362153,732.394,732.997
2,2593,96506762805678,96506762804850,96506763229732,424.054,424.882
2,2594,96506763981377,96506763980545,96506764762934,781.557,782.389
2,2595,96506764961060,96506764960290,96506765730527,769.467,770.237
2,2596,96506766136780,96506766135984,96506766975149,838.369,839.165
2,2597,96506767312450,96506767311678,96506767928181,615.731,616.503
2,2598,96506768488180,96506768487372,96506769211444,723.264,724.072
2,2599,96506769467943,96506769467117,96506770132705,664.762,665.588
2,2600,96506770643713,96506770642811,96506771415389,771.676,772.578
2,2601,96506771819503,96506771818505,96506772428294,608.791,609.789
2,2602,96506772798956,96506772798251,96506773559262,760.306,761.011
2,2603,96506773974646,96506773973945,96506774654808,680.162,680.863
2,2604,96506775150426,96506775149639,96506775739545,589.119,589.906
2,2605,96506776130198,96506776129384,96506776837202,707.004,707.818
2,2606,96506777305738,96506777305078,96506778033293,727.555,728.215
2,2607,96506778481647,96506778480772,96506779139660,658.013,658.888
2,2608,96506779461411,96506779460517,96506780280689,819.278,820.172
2,2609,96506780636911,96506780636211,96506781549322,912.411,913.111
2,2610,96506781812600,96506781811906,96506782671899,859.299,859.993
2,2611,96506782988480,96506782987600,96506783743746,755.266,756.146
2,2612,96506783968083,96506783967345,96506784813542,845.459,846.197
2,2613,96506785143723,96506785143039,96506785968141,824.418,825.102
2,2614,96506786319473,96506786318733,96506786976565,657.092,657.832
2,2615,96506787299186,96506787298478,96506788245038,945.852,946.56
2,2616,96506788474935,96506788474172,96506789259902,784.967,785.73
2,2617,96506789650575,96506789649866,96506790306348,655.773,656.482
2,2618,96506790630388,96506790629612,96506791455557,825.169,825.945
2,2619,96506791806048,96506791805306,96506792415229,609.181,609.923
2,2620,96506792981708,96506792981000,96506793632350,650.642,651.35
2,2621,96506793961481,96506793960745,96506794813009,851.528,852.264
2,2622,96506795137321,96506795136439,96506795912637,775.316,776.198
2,2623,96506796313361,96506796312133,96506796861639,548.278,549.506
2,2624,96506797488720,96506797487827,96506798105241,616.521,617.414
2,2625,96506798468334,96506798467572,96506799460937,992.603,993.365
2,2626,96506799644163,96506799643267,96506800282685,638.522,639.418
2,2627,96506800819802,96506800818961,96506801475055,655.253,656.094
2,2628,96506801799485,96506801798706,96506802605493,806.008,806.787
2,2629,96506802975105,96506802974400,96506803512694,537.589,538.294
2,2630,96506804150775,96506804150094,96506804710274,559.499,560.18
2,2631,96506805130708,96506805129839,96506805992717,862.009,862.878
2,2632,96506806306298,96506806305533,96506806987352,681.054,681.819
2,2633,96506807481968,96506807481227,96506808250243,768.275,769.016
2,2634,96506808461681,96506808460973,96506809351571,889.89,890.598
2,2635,96506809637381,96506809636667,96506810469059,831.678,832.392
2,2636,96506810813001,96506810812361,96506811378360,565.359,565.999
2,2637,96506811988700,96506811988055,96506812491317,502.617,503.262
2,2638,96506812968513,96506812967800,96506813822722,854.209,854.922
2,2639,96506814144223,96506814143494,96506814726923,582.7,583.429
2,2640,96506815319903,96506815319188,96506815974515,654.612,655.327
2,2641,96506816299646,96506816298933,96506817181716,882.07,882.783
2,2642,96506817475346,96506817474628,96506818328035,852.689,853.407
2,2643,96506818651215,96506818650322,96506819615398,964.183,965.076
2,2644,96506819630819,96506819630067,96506820724275,1093.456,1094.208
2,2645,96506820806518,96506820805761,96506821640927,834.409,835.166
2,2646,96506821982218,96506821981455,96506822667112,684.894,685.657
2,2647,96506822962001,96506822961200,96506824170932,1208.931,1209.732
2,2648,96506824137550,96506824136894,96506825034141,896.591,897.247
2,2649,96506825313310,96506825312588,96506826165259,851.949,852.671
2,2650,96506826489010,96506826488283,96506827123602,634.592,635.319
2,2651,96506827468683,96506827468028,96506828314452,845.769,846.424
2,2652,96506828644533,96506828643722,96506829230033,585.5,586.311
2,2653,96506829820193,96506829819416,96506830432024,611.831,612.608
2,2654,96506830799886,96506830799161,96506831806090,1006.204,1006.929
2,2655,96506831975836,96506831974855,96506832743351,767.515,768.496
2,2656,96506833155625,96506833150549,96506833690404,534.779,539.855
2,2657,96506834131139,96506834130294,96506834945156,814.017,814.862
2,2658,96506835306759,96506835305989,96506835838706,531.947,532.717
2,2659,96506836482418,96506836481683,96506837141180,658.762,659.497
2,2660,96506837462151,96506837461428,96506838340271,878.12,878.843
2,2661,96506838637771,96506838637122,96506839412677,774.906,775.555
2,2662,96506839813590,96506839812816,96506840239365,425.775,426.549
2,2663,96506840989270,96506840988510,96506841460756,471.486,472.246
2,2664,96506841968943,96506841968255,96506842688698,719.755,720.443
2,2665,96506843144703,96506843143949,96506843788315,643.612,644.366
2,2666,96506844320433,96506844319644,96506845125970,805.537,806.326
2,2667,96506845300146,96506845299389,96506845963619,663.473,664.23
2,2668,96506846475796,96506846475083,96506847116577,640.781,641.494
2,2669,96506847651435,96506847650777,96506848080179,428.744,429.402
2,2670,96506848631178,96506848630522,96506849323372,692.194,692.85
2,2671,96506849806978,96506849806216,96506850428179,621.201,621.963
2,2672,96506850982848,96506850981910,96506851504346,521.498,522.436
2,2673,96506851962371,96506851961655,96506852757358,794.987,795.703
2,2674,96506853138111,96506853137350,96506854057352,919.241,920.002
2,2675,96506854313861,96506854313044,96506855306874,993.013,993.83
2,2676,96506855489490,96506855488738,96506856093501,604.011,604.763
2,2677,96506856469314,96506856468483,96506857250009,780.695,781.526
2,2678,96506857644844,96506857644177,96506858373708,728.864,729.531
2,2679,96506858820663,96506858819871,96506859456794,636.131,636.923
2,2680,96506859800696,96506859799616,96506860559831,759.135,760.215
2,2681,96506860975965,96506860975310,96506861716671,740.706,741.361
2,2682,96506862151775,96506862151005,96506862649342,497.567,498.337
2,2683,96506863131568,96506863130750,96506863993017,861.449,862.267
2,2684,96506864307138,96506864306444,96506864956200,649.062,649.756
2,2685,96506865483108,96506865482138,96506866036357,553.249,554.219
2,2686,96506866462661,96506866461883,96506867340581,877.92,878.698
2,2687,96506867638531,96506867637577,96506868554472,915.941,916.895
2,2688,96506868814411,96506868813271,96506869497223,682.812,683.952
2,2689,96506869989661,96506869988965,96506870570740,581.079,581.775
2,2690,96506870969584,96506870968711,96506871898365,928.781,929.654
2,2691,96506872145173,96506872144405,96506872812166,666.993,667.761
2,2692,96506873320913,96506873320099,96506874048608,727.695,728.509
2,2693,96506874300506,96506874299844,96506875043371,742.865,743.527
2,2694,96506875476236,96506875475538,96506876428958,952.722,953.42
2,2695,96506876651855,96506876651232,96506877436752,784.897,785.52
2,2696,96506877631769,96506877630977,96506878511529,879.76,880.552
2,2697,96506878807418,96506878806671,96506879450940,643.522,644.269
2,2698,96506879983058,96506879982366,96506880531126,548.068,548.76
2,2699,96506880962782,96506880962111,96506881732287,769.505,770.176
2,2700,96506882138541,96506882137805,96506882951559,813.018,813.754
2,2701,96506883314631,96506883313499,96506883790686,476.055,477.187
2,2702,96506884490000,96506884489193,96506885091380,601.38,602.187
2,2703,96506885470043,96506885468938,96506886496948,1026.905,1028.01
2,2704,96506886645453,96506886644632,96506887363088,717.635,718.456
2,2705,96506887821703,96506887820326,96506888307630,485.927,487.304
2,2706,96506888800946,96506888800072,96506889651554,850.608,851.482
2,2707,96506889976456,96506889975766,96506890558065,581.609,582.299
2,2708,96506891152196,96506891151460,96506891842199,690.003,690.739
2,2709,96506892132169,96506892131205,96506892817292,685.123,686.087
2,2710,96506893307759,96506893306899,96506893908629,600.87,601.73
2,2711,96506894483258,96506894482593,96506895165121,681.863,682.528
2,2712,96506895463341,96506895462338,96506896292109,828.768,829.771
2,2713,96506896638811,96506896638032,96506897404007,765.196,765.975
2,2714,96506897814380,96506897813727,96506898402260,587.88,588.533
2,2715,96506898990160,96506898989421,96506899509017,518.857,519.596
2,2716,96506899969843,96506899969166,96506900904565,934.722,935.399
2,2717,96506901145613,96506901144860,96506901693382,547.769,548.522
2,2718,96506902321183,96506902320554,96506903066559,745.376,746.005
2,2719,96506903300996,96506903300299,96506904031510,730.514,731.211
2,2720,96506904476746,96506904475993,96506905053496,576.75,577.503
2,2721,96506905652826,96506905651687,96506906415592,762.766,763.905
2,2722,96506906632499,96506906631433,96506907604782,972.283,973.349
2,2723,96506907813949,96506907807127,96506908535983,722.034,728.856
2,2724,96506908983608,96506908982821,96506909535127,551.519,552.306
2,2725,96506909963551,96506909962566,96506910715607,752.056,753.041
2,2726,96506911139101,96506911138260,96506912218187,1079.086,1079.927
2,2727,96506912314651,96506912313954,96506912920721,606.07,606.767
2,2728,96506913490351,96506913489648,96506914290307,799.956,800.659
2,2729,96506914470214,96506914469393,96506915368504,898.29,899.111
2,2730,96506915645864,96506915645088,96506916505822,859.958,860.734
2,2731,96506916821513,96506916820782,96506917485946,664.433,665.164
2,2732,96506917801537,96506917800527,96506918714387,912.85,913.86
2,2733,96506918976965,96506918976221,96506919643489,666.524,667.268
2,2734,96506920152625,96506920151915,96506921083197,930.572,931.282
2,2735,96506921132888,96506921131660,96506921867983,735.095,736.323
2,2736,96506922308058,96506922307354,96506923247670,939.612,940.316
2,2737,96506923483838,96506923483048,96506924128410,644.572,645.362
2,2738,96506924463561,96506924462794,96506925222747,759.186,759.953
2,2739,96506925639121,96506925638488,96506926473109,833.988,834.621
2,2740,96506926815041,96506926814182,96506927433491,618.45,619.309
2,2741,96506927990521,96506927989876,96506928630692,640.171,640.816
2,2742,96506928970334,96506928969621,96506929875364,905.03,905.743
2,2743,96506930146033,96506930145315,96506930801866,655.833,656.551
2,2744,96506931321713,96506931321009,96506931993676,671.963,672.667
2,2745,96506932301476,96506932300754,96506933174225,872.749,873.471
2,2746,96506933477116,96506933476449,96506934280283,803.167,803.834
2,2747,96506934652886,96506934652143,96506935104611,451.725,452.468
2,2748,96506935632579,96506935631888,96506936363894,731.315,732.006
2,2749,96506936808469,96506936807582,96506937396968,588.499,589.386
2,2750,96506937984028,96506937983276,96506939108587,1124.559,1125.311
2,2751,96506938963722,96506938963021,96506940314107,1350.385,1351.086
2,2752,96506940139611,96506940138715,96506941281390,1141.779,1142.675
2,2753,96506941315101,96506941314409,96506942025515,710.414,711.106
2,2754,96506942490940,96506942490104,96506943806975,1316.035,1316.871
2,2755,96506943470853,96506943469849,96506944940233,1469.38,1470.384
2,2756,96506944646673,96506944645543,96506945987229,1340.556,1341.686
2,2757,96506945821953,96506945821237,96506947057045,1235.092,1235.808
2,2758,96506946801856,96506946800982,96506947709707,907.851,908.725
2,2759,96506947977336,96506947976676,96506949507038,1529.702,1530.362
2,2760,96506949153116,96506949152370,96506950732559,1579.443,1580.189
2,2761,96506950132949,96506950132115,96506951592658,1459.709,1460.543
2,2762,96506951308889,96506951307810,96506952583752,1274.863,1275.942
2,2763,96506952484339,96506952483504,96506954134544,1650.205,1651.04
2,2764,96506953659838,96506953659198,96506955111717,1451.879,1452.519
2,2765,96506954639921,96506954638943,96506956595787,1955.866,1956.844
2,2766,96506955815381,96506955814637,96506956797554,982.173,982.917
2,2767,96506956991020,96506956990331,96506958137770,1146.75,1147.439
2,2768,96506957970894,96506957970076,96506959732833,1761.939,1762.757
2,2769,96506959146503,96506959145770,96506960822280,1675.777,1676.51
2,2770,96506960322203,96506960321465,96506961733621,1411.418,1412.156
2,2771,96506961302046,96506961301210,96506962948862,1646.816,1647.652
2,2772,96506962477626,96506962476904,96506963492751,1015.125,1015.847
2,2773,96506963653296,96506963652598,96506964820655,1167.359,1168.057
2,2774,96506964633099,96506964632343,96506966197602,1564.503,1565.259
2,2775,96506965808848,96506965808037,96506967551668,1742.82,1743.631
2,2776,96506966984448,96506966983731,96506967860058,875.61,876.327
2,2777,96506968160158,96506968159425,96506969576576,1416.418,1417.151
2,2778,96506969139891,96506969139170,96506971066566,1926.675,1927.396
2,2779,96506970315691,96506970314865,96506971762300,1446.609,1447.435
2,2780,96506971491211,96506971490559,96506972856426,1365.215,1365.867
2,2781,96506972471104,96506972470304,96506974003696,1532.592,1533.392
2,2782,96506973646754,96506973645998,96506975178725,1531.971,1532.727
2,2783,96506974822333,96506974821692,96506975994652,1172.319,1172.96
2,2784,96506975802147,96506975801437,96506977399980,1597.833,1598.543
2,2785,96506976978046,96506976977131,96506978571990,1593.944,1594.859
2,2786,96506978153655,96506978152825,96506979428828,1275.173,1276.003
2,2787,96506979133559,96506979132571,96506980448404,1314.845,1315.833
2,2788,96506980309198,96506980308265,96506981189098,879.9,880.833
2,2789,96506981484848,96506981483959,96506982318156,833.308,834.197
2,2790,96506982660548,96506982659653,96506983938041,1277.493,1278.388
2,2791,96506983640291,96506983639398,96506984838412,1198.121,1199.014
2,2792,96506984816301,96506984815092,96506985718272,901.971,903.18
2,2793,96506985991741,96506985990786,96506987100738,1108.997,1109.952
2,2794,96506986971194,96506986970531,96506987960527,989.333,989.996
2,2795,96506988147334,96506988146226,96506988898839,751.505,752.613
2,2796,96506989323094,96506989321920,96506990219034,895.94,897.114
2,2797,96506990302606,96506990301665,96506991274419,971.813,972.754
2,2798,96506991478426,96506991477359,96506992318855,840.429,841.496
2,2799,96506992654026,96506992653053,96506993749343,1095.317,1096.29
2,2800,96506993633579,96506993632798,96506994536180,902.601,903.382
2,2801,96506994809569,96506994808492,96506995629626,820.057,821.134
2,2802,96506995985568,96506995984186,96506997112127,1126.559,1127.941
2,2803,96506997161068,96506997159881,96506997942995,781.927,783.114
2,2804,96506998140511,96506998139626,96506999404994,1264.483,1265.368
2,2805,96506999316221,96506999315320,96507000242932,926.711,927.612
2,2806,96507000491961,96507000491014,96507001309408,817.447,818.394
2,2807,96507001471403,96507001470759,96507002484678,1013.275,1013.919
2,2808,96507002647373,96507002646453,96507004178965,1531.592,1532.512
2,2809,96507003823033,96507003822147,96507005119957,1296.924,1297.81
2,2810,96507004802646,96507004801892,96507005994336,1191.69,1192.444
2,2811,96507005978426,96507005977587,96507006855706,877.28,878.119
2,2812,96507007153946,96507007153281,96507008017895,863.949,864.614
2,2813,96507008133789,96507008133026,96507009041810,908.021,908.784
2,2814,96507009309509,96507009308720,96507010455897,1146.388,1147.177
2,2815,96507010485069,96507010484414,96507011289175,804.106,804.761
2,2816,96507011660859,96507011660108,96507012486056,825.197,825.948
2,2817,96507012640662,96507012639853,96507013496790,856.128,856.937
2,2818,96507013816251,96507013815547,96507014750033,933.782,934.486
2,2819,96507014991960,96507014991242,96507016134970,1143.01,1143.728
2,2820,96507015971764,96507015970987,96507017113942,1142.178,1142.955
2,2821,96507017147373,96507017146681,96507018006922,859.549,860.241
2,2822,96507018323033,96507018322375,96507019311627,988.594,989.252
2,2823,96507019302806,96507019302120,96507020280920,978.114,978.8
2,2824,96507020478466,96507020477814,96507021511111,1032.645,1033.297
2,2825,96507021654286,96507021653508,96507022490574,836.288,837.066
2,2826,96507022634069,96507022633253,96507023539020,904.951,905.767
2,2827,96507023809699,96507023808948,96507024496912,687.213,687.964
2,2828,96507024985559,96507024984642,96507025999543,1013.984,1014.901
2,2829,96507026161528,96507026160336,96507027608117,1446.589,1447.781
2,2830,96507027141121,96507027140081,96507028534358,1393.237,1394.277
2,2831,96507028316651,96507028315775,96507029086067,769.416,770.292
2,2832,96507029492421,96507029491469,96507030214115,721.694,722.646
2,2833,96507030471854,96507030471214,96507031445677,973.823,974.463
2,2834,96507031647614,96507031646908,96507032339747,692.133,692.839
2,2835,96507032823634,96507032822603,96507033519137,695.503,696.534
2,2836,96507033803117,96507033802348,96507034489270,686.153,686.922
2,2837,96507034978707,96507034978042,96507035761092,782.385,783.05
2,2838,96507036154676,96507036153736,96507036624512,469.836,470.776
2,2839,96507037134259,96507037133481,96507037910605,776.346,777.124
2,2840,96507038309938,96507038309175,96507038936359,626.421,627.184
2,2841,96507039485778,96507039484869,96507039963434,477.656,478.565
2,2842,96507040661578,96507040660563,96507041295620,634.042,635.057
2,2843,96507041641021,96507041640309,96507042386977,745.956,746.668
2,2844,96507042816691,96507042816003,96507043690250,873.559,874.247
2,2845,96507043992581,96507043991697,96507044442036,449.455,450.339
2,2846,96507044972344,96507044971442,96507045974238,1001.894,1002.796
2,2847,96507046147924,96507046147136,96507046764335,616.411,617.199
2,2848,96507047323894,96507047322830,96507048072529,748.635,749.699
2,2849,96507048303227,96507048302575,96507049013420,710.193,710.845
2,2850,96507049478966,96507049478269,96507050047766,568.8,569.497
2,2851,96507050654856,96507050653964,96507051329888,675.032,675.924
2,2852,96507051634389,96507051633709,96507052462677,828.288,828.968
2,2853,96507052810159,96507052809403,96507053268315,458.156,458.912
2,2854,96507053985959,96507053985097,96507054557888,571.929,572.791
2,2855,96507055161458,96507055160791,96507055754648,593.19,593.857
2,2856,96507056141512,96507056140536,96507056940298,798.786,799.762
2,2857,96507057317021,96507057316230,96507057852149,535.128,535.919
2,2858,96507058492871,96507058491924,96507059233216,740.345,741.292
2,2859,96507059472884,96507059471670,96507060170728,697.844,699.058
2,2860,96507060648544,96507060647364,96507061370198,721.654,722.834
2,2861,96507061823813,96507061823058,96507062592129,768.316,769.071
2,2862,96507062803936,96507062802803,96507063787940,984.004,985.137
2,2863,96507063979146,96507063978497,96507064554906,575.76,576.409
2,2864,96507065154886,96507065154191,96507065834719,679.833,680.528
2,2865,96507066134739,96507066133936,96507066800761,666.022,666.825
2,2866,96507067310349,96507067309630,96507067886638,576.289,577.008
2,2867,96507068485999,96507068485325,96507069022747,536.748,537.422
2,2868,96507069661899,96507069661019,96507070337041,675.142,676.022
2,2869,96507070641522,96507070640764,96507071245702,604.18,604.938
2,2870,96507071817182,96507071816458,96507072616938,799.756,800.48
2,2871,96507072992871,96507072992152,96507073526209,533.338,534.057
2,2872,96507073972574,96507073971897,96507074789412,816.838,817.515
2,2873,96507075148363,96507075147591,96507075786985,638.622,639.394
2,2874,96507076324043,96507076323285,96507076844001,519.958,520.716
2,2875,96507077304966,96507077303031,96507078077283,772.317,774.252
2,2876,96507078479396,96507078478725,96507079037986,558.59,559.261
2,2877,96507079655276,96507079654419,96507080289118,633.842,634.699
2,2878,96507080634769,96507080634164,96507081843991,1209.222,1209.827
2,2879,96507081810639,96507081809858,96507082544654,734.015,734.796
2,2880,96507082986489,96507082985552,96507083784256,797.767,798.704
2,2881,96507084162179,96507084161246,96507084659765,497.586,498.519
2,2882,96507085141651,96507085140991,96507086241859,1100.208,1100.868
2,2883,96507086317461,96507086316686,96507087000894,683.433,684.208
2,2884,96507087493211,96507087492380,96507088151113,657.902,658.733
2,2885,96507088472824,96507088472125,96507089317533,844.709,845.408
2,2886,96507089648554,96507089647819,96507090363888,715.334,716.069
2,2887,96507090824254,96507090823513,96507091385623,561.369,562.11
2,2888,96507091804047,96507091803258,96507092732148,928.101,928.89
2,2889,96507092979637,96507092978952,96507093632378,652.741,653.426
2,2890,96507094155416,96507094154646,96507094943463,788.047,788.817
2,2891,96507095135120,96507095134392,96507096033000,897.88,898.608
2,2892,96507096311219,96507096310086,96507097145628,834.409,835.542
2,2893,96507097486488,96507097485780,96507098309507,823.019,823.727
2,2894,96507098662118,96507098661474,96507099315841,653.723,654.367
2,2895,96507099641931,96507099641219,96507100517172,875.241,875.953
2,2896,96507100817591,96507100816913,96507101723012,905.421,906.099
2,2897,96507101993271,96507101992607,96507102621492,628.221,628.885
2,2898,96507102973104,96507102972352,96507103944247,971.143,971.895
2,2899,96507104148714,96507104148047,96507104895269,746.555,747.222
2,2900,96507105324734,96507105323741,96507105825421,500.687,501.68
2,2901,96507106304477,96507106303486,96507107046992,742.515,743.506
2,2902,96507107479927,96507107479180,96507108109798,629.871,630.618
2,2903,96507108655586,96507108654874,96507109416702,761.116,761.828
2,2904,96507109635309,96507109634619,96507110487678,852.369,853.059
2,2905,96507110811059,96507110810313,96507111433570,622.511,623.257
2,2906,96507111986819,96507111986007,96507112569959,583.14,583.952
2,2907,96507113162568,96507113161702,96507113923974,761.406,762.272
2,2908,96507114142312,96507114141447,96507114994931,852.619,853.484
2,2909,96507115318001,96507115317141,96507115839259,521.258,522.118
2,2910,96507116493541,96507116492835,96507117312369,818.828,819.534
2,2911,96507117473314,96507117472580,96507118227509,754.195,754.929
2,2912,96507118649064,96507118648274,96507119164552,515.488,516.278
2,2913,96507119824573,96507119823968,96507120317561,492.988,493.593
2,2914,96507120804496,96507120803713,96507121719908,915.412,916.195
2,2915,96507121980106,96507121979408,96507122580436,600.33,601.028
2,2916,96507123155786,96507123155102,96507123919133,763.347,764.031
2,2917,96507124135609,96507124134847,96507124848953,713.344,714.106
2,2918,96507125311239,96507125310541,96507125872398,561.159,561.857
2,2919,96507126487039,96507126486235,96507127061488,574.449,575.253
2,2920,96507127662569,96507127661929,96507128471966,809.397,810.037
2,2921,96507128642872,96507128641674,96507129436899,794.027,795.225
2,2922,96507129818082,96507129817368,96507130564817,746.735,747.449
2,2923,96507130993852,96507130993063,96507131624222,630.37,631.159
2,2924,96507131973494,96507131972808,96507132803482,829.988,830.674
2,2925,96507133149264,96507133148502,96507133816647,667.383,668.145
2,2926,96507134325003,96507134324196,96507135143601,818.598,819.405
2,2927,96507135304737,96507135303941,96507136065542,760.805,761.601
2,2928,96507136480396,96507136479635,96507137164670,684.274,685.035
2,2929,96507137656076,96507137655329,96507138032389,376.313,377.06
2,2930,96507138635769,96507138635074,96507139421676,785.907,786.602
2,2931,96507139811469,96507139810769,96507140436010,624.541,625.241
2,2932,96507140987109,96507140986463,96507141738934,751.825,752.471
2,2933,96507142162879,96507142162157,96507142792230,629.351,630.073
2,2934,96507143142572,96507143141902,96507143987541,844.969,845.639
2,2935,96507144318311,96507144317596,96507144965793,647.482,648.197
2,2936,96507145494061,96507145493290,96507146267507,773.446,774.217
2,2937,96507146473774,96507146473035,96507147239150,765.376,766.115
2,2938,96507147649824,96507147648729,96507148143420,493.596,494.691
2,2939,96507148825114,96507148824424,96507149524367,699.253,699.943
2,2940,96507149804987,96507149804169,96507150654705,849.718,850.536
2,2941,96507150980947,96507150979863,96507151447072,466.125,467.209
2,2942,96507152156207,96507152155557,96507152720256,564.049,564.699
2,2943,96507153136080,96507153135302,96507153860864,724.784,725.562
2,2944,96507154311830,96507154310996,96507154916280,604.45,605.284
2,2945,96507155487399,96507155486690,96507155990206,502.807,503.516
2,2946,96507156663118,96507156662384,96507157524668,861.55,862.284
2,2947,96507157642771,96507157642130,96507158451539,808.768,809.409
2,2948,96507158818551,96507158817824,96507159585648,767.097,767.824
2,2949,96507159994211,96507159993518,96507160565451,571.24,571.933
2,2950,96507160974014,96507160973263,96507161840644,866.63,867.381
2,2951,96507162149714,96507162148957,96507162755754,606.04,606.797
2,2952,96507163325494,96507163324651,96507163949095,623.601,624.444
2,2953,96507164305197,96507164304396,96507165058342,753.145,753.946
2,2954,96507165481147,96507165480090,96507166496801,1015.654,1016.711
2,2955,96507166656807,96507166655785,96507167324219,667.412,668.434
2,2956,96507167636690,96507167635530,96507168483578,846.888,848.048
2,2957,96507168812419,96507168811224,96507169531563,719.144,720.339
2,2958,96507169987739,96507169986918,96507170899510,911.771,912.592
2,2959,96507171163468,96507171162612,96507171708207,544.739,545.595
2,2960,96507172143092,96507172142357,96507172872987,729.895,730.63
2,2961,96507173318821,96507173318051,96507173881771,562.95,563.72
2,2962,96507174494421,96507174493745,96507175158764,664.343,665.019
2,2963,96507175474235,96507175473491,96507176226110,751.875,752.619
2,2964,96507176649874,96507176649185,96507177317716,667.842,668.531
2,2965,96507177825614,96507177824879,96507178617130,791.516,792.251
2,2966,96507178805547,96507178804624,96507179574413,768.866,769.789
2,2967,96507179981016,96507179980318,96507180672760,691.744,692.442
2,2968,96507181156786,96507181156012,96507181857831,701.045,701.819
2,2969,96507182136749,96507182135757,96507182856924,720.175,721.167
2,2970,96507183312329,96507183311451,96507183815676,503.347,504.225
2,2971,96507184487809,96507184487146,96507185368459,880.65,881.313
2,2972,96507185663549,96507185662840,96507186311801,648.252,648.961
2,2973,96507186643732,96507186642585,96507187472320,828.588,829.735
2,2974,96507187818922,96507187818279,96507188420592,601.67,602.313
2,2975,96507188994652,96507188993973,96507189458777,464.125,464.804
2,2976,96507189974455,96507189973718,96507190734670,760.215,760.952
2,2977,96507191150224,96507191149412,96507191691773,541.549,542.361
2,2978,96507192325983,96507192325106,96507192900593,574.61,575.487
2,2979,96507193306007,96507193304852,96507194005180,699.173,700.328
2,2980,96507194481296,96507194480546,96507195174900,693.604,694.354
2,2981,96507195656986,96507195656240,96507196457763,800.777,801.523
2,2982,96507196636989,96507196635985,96507197502489,865.5,866.504
2,2983,96507197812809,96507197811679,96507198746691,933.882,935.012
2,2984,96507198988339,96507198987373,96507199968742,980.403,981.369
2,2985,96507200163849,96507200163067,96507200715698,551.849,552.631
2,2986,96507201143532,96507201142812,96507201825145,681.613,682.333
2,2987,96507202319212,96507202318507,96507202847990,528.778,529.483
2,2988,96507203494851,96507203494201,96507204202835,707.984,708.634
2,2989,96507204474724,96507204473946,96507205287022,812.298,813.076
2,2990,96507205650394,96507205649640,96507206357298,706.904,707.658
2,2991,96507206825994,96507206825334,96507207298160,472.166,472.826
2,2992,96507207806217,96507207805079,96507208662626,856.409,857.547
2,2993,96507208981517,96507208980773,96507209565737,584.22,584.964
2,2994,96507210157267,96507210156467,96507210860500,703.233,704.033
2,2995,96507211137190,96507211136213,96507211951027,813.837,814.814
2,2996,96507212312630,96507212311907,96507212830637,518.007,518.73
2,2997,96507213488259,96507213487601,96507213943245,454.986,455.644
2,2998,96507214664219,96507214663295,96507215472526,808.307,809.231
2,2999,96507215643821,96507215643040,96507216455450,811.629,812.41
2,3000,96507216819461,96507216818734,96507217442403,622.942,623.669
2,3001,96507217995101,96507217994428,96507218806038,810.937,811.61
2,3002,96507218975004,96507218974173,96507219852944,877.94,878.771
2,3003,96507220150634,96507220149868,96507220913260,762.626,763.392
2,3004,96507221326364,96507221325562,96507222026228,699.864,700.666
2,3005,96507222305937,96507222305307,96507223144575,838.638,839.268
2,3006,96507223481867,96507223481001,96507224173330,691.463,692.329
2,3007,96507224657447,96507224656695,96507225335219,677.772,678.524
2,3008,96507225637160,96507225636440,96507226819470,1182.31,1183.03
2,3009,96507226812900,96507226812134,96507227593116,780.216,780.982
2,3010,96507227988609,96507227987828,96507228670252,681.643,682.424
2,3011,96507229164339,96507229163523,96507229618314,453.975,454.791
2,3012,96507230144312,96507230143268,96507230713122,568.81,569.854
2,3013,96507231319772,96507231318962,96507232047917,728.145,728.955
2,3014,96507232495631,96507232494656,96507233397542,901.911,902.886
2,3015,96507233475385,96507233474401,96507234159438,684.053,685.037
2,3016,96507234651064,96507234650095,96507235351858,700.794,701.763
2,3017,96507235826514,96507235825789,96507236540768,714.254,714.979
2,3018,96507236806277,96507236805534,96507237523401,717.124,717.867
2,3019,96507237982277,96507237981228,96507238498625,516.348,517.397
2,3020,96507239157676,96507239156923,96507239865180,707.504,708.257
2,3021,96507240137419,96507240136668,96507240865395,727.976,728.727
2,3022,96507241313299,96507241312362,96507241974132,660.833,661.77
2,3023,96507242488819,96507242488056,96507242957635,468.816,469.579
2,3024,96507243664459,96507243663750,96507244515938,851.479,852.188
2,3025,96507244644532,96507244643495,96507245692688,1048.156,1049.193
2,3026,96507245819922,96507245819189,96507246382321,562.399,563.132
2,3027,96507246995962,96507246994884,96507247738336,742.374,743.452
2,3028,96507247975705,96507247974629,96507249014720,1039.015,1040.091
2,3029,96507249151055,96507249150323,96507250018173,867.118,867.85
2,3030,96507250326795,96507250326017,96507251333668,1006.873,1007.651
2,3031,96507251306597,96507251305762,96507252279950,973.353,974.188
2,3032,96507252482237,96507252481456,96507253068577,586.34,587.121
2,3033,96507253658126,96507253657150,96507254456033,797.907,798.883
2,3034,96507254637870,96507254636895,96507255461817,823.947,824.922
2,3035,96507255813809,96507255812589,96507256581996,768.187,769.407
2,3036,96507256989179,96507256988284,96507257586500,597.321,598.216
2,3037,96507258164829,96507258163978,96507258744458,579.629,580.48
2,3038,96507259144482,96507259143723,96507260126855,982.373,983.132
2,3039,96507260320342,96507260319417,96507260945493,625.151,626.076
2,3040,96507261495812,96507261495111,96507262199105,703.293,703.994
2,3041,96507262475735,96507262474856,96507263148297,672.562,673.441
2,3042,96507263651374,96507263650550,96507264341898,690.524,691.348
2,3043,96507264826974,96507264826244,96507265355142,528.168,528.898
2,3044,96507265806887,96507265805990,96507266689667,882.78,883.677
2,3045,96507266982427,96507266981684,96507267778044,795.617,796.36
2,3046,96507268158117,96507268157378,96507268657834,499.717,500.456
2,3047,96507269137940,96507269137123,96507269829763,691.823,692.64
2,3048,96507270313670,96507270312817,96507270858658,544.988,545.841
2,3049,96507271489349,96507271488511,96507272292056,802.707,803.545
2,3050,96507272664869,96507272664205,96507273282640,617.771,618.435
2,3051,96507273644673,96507273643950,96507274314045,669.372,670.095
2,3052,96507274820341,96507274819645,96507275509415,689.074,689.77
2,3053,96507275996061,96507275995339,96507276597201,601.14,601.862
2,3054,96507276975944,96507276975084,96507277730560,754.616,755.476
2,3055,96507278151584,96507278150778,96507278951151,799.567,800.373
2,3056,96507279327304,96507279326472,96507280002517,675.213,676.045
2,3057,96507280307667,96507280306217,96507281133835,826.168,827.618
2,3058,96507281482687,96507281481911,96507282247623,764.936,765.712
2,3059,96507282658257,96507282657605,96507283408152,749.895,750.547
2,3060,96507283638060,96507283637351,96507284322473,684.413,685.122
2,3061,96507284813820,96507284813045,96507285421440,607.62,608.395
2,3062,96507285989810,96507285988739,96507286987123,997.313,998.384
2,3063,96507287165639,96507287164433,96507287867803,702.164,703.37
2,3064,96507288145322,96507288144178,96507289160756,1015.434,1016.578
2,3065,96507289321132,96507289319872,96507289971923,650.791,652.051
2,3066,96507290496331,96507290495566,96507291253517,757.186,757.951
2,3067,96507291476065,96507291475311,96507292225030,748.965,749.719
2,3068,96507292651694,96507292651006,96507293277466,625.772,626.46
2,3069,96507293827384,96507293826700,96507294516367,688.983,689.667
2,3070,96507294807078,96507294806445,96507295584363,777.285,777.918
2,3071,96507295982897,96507295982139,96507296686431,703.534,704.292
2,3072,96507297158917,96507297157833,96507297747677,588.76,589.844
2,3073,96507298138300,96507298137578,96507298894755,756.455,757.177
2,3074,96507299314149,96507299313272,96507299972032,657.883,658.76
2,3075,96507300490019,96507300488966,96507300988216,498.197,499.25
2,3076,96507301665459,96507301664661,96507302413734,748.275,749.073
2,3077,96507302645132,96507302644406,96507303449050,803.918,804.644
2,3078,96507303821142,96507303820100,96507304454794,633.652,634.694
2,3079,96507304996562,96507304995794,96507305453717,457.155,457.923
2,3080,96507305976295,96507305975539,96507306866715,890.42,891.176
2,3081,96507307152205,96507307151233,96507307759495,607.29,608.262
2,3082,96507308327725,96507308326927,96507309033088,705.363,706.161
2,3083,96507309307398,96507309306672,96507310083484,776.086,776.812
2,3084,96507310483228,96507310482367,96507311243482,760.254,761.115
2,3085,96507311658816,96507311658061,96507312306768,647.952,648.707
2,3086,96507312638530,96507312637806,96507313470618,832.088,832.812
2,3087,96507313814169,96507313813500,96507314382219,568.05,568.719
2,3088,96507314989839,96507314989194,96507315819768,829.929,830.574
2,3089,96507316165739,96507316164888,96507316732878,567.139,567.99
2,3090,96507317145692,96507317144633,96507318019172,873.48,874.539
2,3091,96507318321152,96507318320327,96507318882621,561.469,562.294
2,3092,96507319496932,96507319496022,96507320250937,754.005,754.915
2,3093,96507320476705,96507320475767,96507321238241,761.536,762.474
2,3094,96507321652295,96507321651461,96507322556475,904.18,905.014
2,3095,96507322828174,96507322827155,96507323692824,864.65,865.669
2,3096,96507323807977,96507323806900,96507324751859,943.882,944.959
2,3097,96507324983517,96507324982594,96507325826796,843.279,844.202
2,3098,96507326159437,96507326158288,96507327217733,1058.296,1059.445
2,3099,96507327138970,96507327138033,96507328153974,1015.004,1015.941
2,3100,96507328314790,96507328313728,96507329397086,1082.296,1083.358
2,3101,96507329490400,96507329489422,96507330569446,1079.046,1080.024
2,3102,96507330666259,96507330665116,96507331314691,648.432,649.575
2,3103,96507331645753,96507331644861,96507332681037,1035.284,1036.176
2,3104,96507332821552,96507332820555,96507333869767,1048.215,1049.212
2,3105,96507333997432,96507333996249,96507334726936,729.504,730.687
2,3106,96507334976904,96507334975994,96507335931917,955.013,955.923
2,3107,96507336152544,96507336151688,96507336981703,829.159,830.015
2,3108,96507337328274,96507337327383,96507338014977,686.703,687.594
2,3109,96507338308067,96507338307128,96507339526209,1218.142,1219.081
2,3110,96507339483757,96507339482822,96507340163671,679.914,680.849
2,3111,96507340659617,96507340658516,96507341432273,772.656,773.757
2,3112,96507341639070,96507341638261,96507342545731,906.661,907.47
2,3113,96507342814880,96507342813955,96507343885056,1070.176,1071.101
2,3114,96507343990750,96507343989649,96507344722614,731.864,732.965
2,3115,96507345165959,96507345165343,96507345670517,504.558,505.174
2,3116,96507346145752,96507346145089,96507346940739,794.987,795.65
2,3117,96507347321632,96507347320783,96507348077768,756.136,756.985
2,3118,96507348497172,96507348496477,96507349136663,639.491,640.186
2,3119,96507349476945,96507349476222,96507350431947,955.002,955.725
2,3120,96507350652765,96507350651916,96507351467833,815.068,815.917
2,3121,96507351828604,96507351827610,96507352545098,716.494,717.488
2,3122,96507352808148,96507352807355,96507353682677,874.529,875.322
2,3123,96507353983847,96507353983049,96507354781844,797.997,798.795
2,3124,96507355159827,96507355158744,96507356102859,943.032,944.115
2,3125,96507356139520,96507356138489,96507357361161,1221.641,1222.672
2,3126,96507357315059,96507357314183,96507358087075,772.016,772.892
2,3127,96507358490629,96507358489877,96507359083730,593.101,593.853
2,3128,96507359666299,96507359665571,96507360379463,713.164,713.892
2,3129,96507360646112,96507360645316,96507361475530,829.418,830.214
2,3130,96507361821792,96507361821010,96507362476785,654.993,655.775
2,3131,96507362997432,96507362996704,96507363598802,601.37,602.098
2,3132,96507363977095,96507363976450,96507364852954,875.859,876.504
2,3133,96507365152875,96507365152144,96507365845858,692.983,693.714
2,3134,96507366328685,96507366327838,96507367021518,692.833,693.68
2,3135,96507367308418,96507367307583,96507367979650,671.232,672.067
2,3136,96507368484258,96507368483277,96507369194832,710.574,711.555
2,3137,96507369659786,96507369658971,96507370171334,511.548,512.363
2,3138,96507370639480,96507370638716,96507371573322,933.842,934.606
2,3139,96507371815140,96507371814410,96507372654618,839.478,840.208
2,3140,96507372990849,96507372990105,96507373512497,521.648,522.392
2,3141,96507374166539,96507374165799,96507374857602,691.063,691.803
2,3142,96507375146552,96507375145544,96507376025032,878.48,879.488
2,3143,96507376322052,96507376321238,96507376909062,587.01,587.824
2,3144,96507377497642,96507377496932,96507378121113,623.471,624.181
2,3145,96507378477345,96507378476677,96507379249061,771.716,772.384
2,3146,96507379653195,96507379652371,96507380127670,474.475,475.299
2,3147,96507380828745,96507380828065,96507381449165,620.42,621.1
2,3148,96507381808477,96507381807811,96507382598544,790.067,790.733
2,3149,96507382984227,96507382983505,96507383558526,574.299,575.021
2,3150,96507384159817,96507384159199,96507384912473,752.656,753.274
2,3151,96507385139750,96507385138944,96507385964658,824.908,825.714
2,3152,96507386315250,96507386314638,96507386882569,567.319,567.931
2,3153,96507387491040,96507387490332,96507388103820,612.78,613.488
2,3154,96507388666959,96507388666026,96507389426385,759.426,760.359
2,3155,96507389646633,96507389645771,96507390523182,876.549,877.411
2,3156,96507390822332,96507390821466,96507391564407,742.075,742.941
2,3157,96507391997882,96507391997160,96507392585602,587.72,588.442
2,3158,96507392977644,96507392976905,96507393896687,919.043,919.782
2,3159,96507394153334,96507394152599,96507394701233,547.899,548.634
2,3160,96507395329244,96507395328293,96507395849292,520.048,520.999
2,3161,96507396308807,96507396308038,96507397167866,859.059,859.828
2,3162,96507397484377,96507397483732,96507398035566,551.189,551.834
2,3163,96507398660207,96507398659426,96507399270978,610.771,611.552
2,3164,96507399639810,96507399639172,96507400533551,893.741,894.379
2,3165,96507400815550,96507400814866,96507401313957,498.407,499.091
2,3166,96507401991280,96507401990560,96507402611290,620.01,620.73
2,3167,96507403167290,96507403166254,96507403725118,557.828,558.864
2,3168,96507404147033,96507404145999,96507405088204,941.171,942.205
2,3169,96507405322732,96507405321693,96507406099559,776.827,777.866
2,3170,96507406498272,96507406497387,96507407160204,661.932,662.817
2,3171,96507407477935,96507407477132,96507408422177,944.242,945.045
2,3172,96507408653875,96507408652827,96507409455012,801.137,802.185
2,3173,96507409829564,96507409828521,96507410437715,608.151,609.194
2,3174,96507410809098,96507410808266,96507411730409,921.311,922.143
2,3175,96507411985027,96507411983960,96507412930579,945.552,946.619
2,3176,96507413160527,96507413159654,96507414206612,1046.085,1046.958
2,3177,96507414140230,96507414139399,96507415408783,1268.553,1269.384
2,3178,96507415316000,96507415315093,96507415884209,568.209,569.116
2,3179,96507416491650,96507416490787,96507417353779,862.129,862.992
2,3180,96507417667399,96507417666482,96507418642962,975.563,976.48
2,3181,96507418647322,96507418646227,96507419625465,978.143,979.238
2,3182,96507419822902,96507419821921,96507420675371,852.469,853.45
2,3183,96507420998402,96507420997615,96507421758808,760.406,761.193
2,3184,96507421978255,96507421977360,96507422758862,780.607,781.502
2,3185,96507423154145,96507423153054,96507424066515,912.37,913.461
2,3186,96507424329675,96507424328748,96507425029658,699.983,700.91
2,3187,96507425309348,96507425308493,96507426475307,1165.959,1166.814
2,3188,96507426485238,96507426484188,96507427361187,875.949,876.999
2,3189,96507427660958,96507427659882,96507428677042,1016.084,1017.16
2,3190,96507428640621,96507428639627,96507429501650,861.029,862.023
2,3191,96507429816240,96507429815321,96507430495513,679.273,680.192
2,3192,96507430993639,96507430991015,96507431616031,622.392,625.016
2,3193,96507432169079,96507432166709,96507433090781,921.702,924.072
2,3194,96507433148642,96507433146454,96507433730683,582.041,584.229
2,3195,96507434323952,96507434322148,96507435062627,738.675,740.479
2,3196,96507435499652,96507435497843,96507436263238,763.586,765.395
2,3197,96507436479585,96507436477588,96507437279242,799.657,801.654
2,3198,96507437655235,96507437653282,96507438521414,866.179,868.132
2,3199,96507438831855,96507438828976,96507439414274,582.419,585.298
2,3200,96507439810538,96507439808721,96507440805712,995.174,996.991
2,3201,96507440985537,96507440984415,96507441445473,459.936,461.058
2,3202,96507442160877,96507442160109,96507442945633,784.756,785.524
2,3203,96507443140620,96507443139854,96507443912186,771.566,772.332
2,3204,96507444316280,96507444315549,96507444970083,653.803,654.534
2,3205,96507445492050,96507445491243,96507446095030,602.98,603.787
2,3206,96507446667889,96507446666937,96507447914812,1246.923,1247.875
2,3207,96507447647433,96507447646682,96507448762490,1115.057,1115.808
2,3208,96507448823203,96507448822376,96507449379901,556.698,557.525
2,3209,96507449998832,96507449998070,96507450754197,755.365,756.127
2,3210,96507450978486,96507450977815,96507452511047,1532.561,1533.232
2,3211,96507452154265,96507452153509,96507452990313,836.048,836.804
2,3212,96507453330214,96507453329204,96507454444842,1114.628,1115.638
2,3213,96507454309817,96507454308949,96507455312472,1002.655,1003.523
2,3214,96507455485307,96507455484643,96507456310126,824.819,825.483
2,3215,96507456661137,96507456660337,96507457613360,952.223,953.023
2,3216,96507457640800,96507457640082,96507458596703,955.903,956.621
2,3217,96507458816540,96507458815776,96507459427461,610.921,611.685
2,3218,96507459992250,96507459991470,96507460550868,558.618,559.398
2,3219,96507461168240,96507461167164,96507461716959,548.719,549.795
2,3220,96507462147623,96507462146910,96507463096795,949.172,949.885
2,3221,96507463323323,96507463322604,96507463976525,653.202,653.921
2,3222,96507464499172,96507464498298,96507465247808,748.636,749.51
2,3223,96507465478715,96507465478043,96507466261631,782.916,783.588
2,3224,96507466654545,96507466653737,96507467237415,582.87,583.678
2,3225,96507467830124,96507467829431,96507468536999,706.875,707.568
2,3226,96507468809858,96507468809176,96507469584584,774.726,775.408
2,3227,96507469985638,96507469984870,96507470605099,619.461,620.229
2,3228,96507471161287,96507471160565,96507471876731,715.444,716.166
2,3229,96507472141031,96507472140310,96507472960778,819.747,820.468
2,3230,96507473316810,96507473316004,96507474026084,709.274,710.08
2,3231,96507474492510,96507474491698,96507475056189,563.679,564.491
2,3232,96507475668260,96507475667392,96507476257620,589.36,590.228
2,3233,96507476648183,96507476647137,96507477707459,1059.276,1060.322
2,3234,96507477823612,96507477822831,96507478544657,721.045,721.826
2,3235,96507478999282,96507478998525,96507479723526,724.244,725.001
2,3236,96507479979085,96507479978271,96507480836684,857.599,858.413
2,3237,96507481154685,96507481153965,96507481754565,599.88,600.6
2,3238,96507482330325,96507482329659,96507482782700,452.375,453.041
2,3239,96507483310238,96507483309404,96507484421096,1110.858,1111.692
2,3240,96507484485708,96507484485098,96507485375727,890.019,890.629
2,3241,96507485661588,96507485660792,96507486264608,603.02,603.816
2,3242,96507486641151,96507486640537,96507487657475,1016.324,1016.938
2,3243,96507487816971,96507487816231,96507488315337,498.366,499.106
2,3244,96507488992609,96507488991926,96507489576900,584.291,584.974
2,3245,96507490168369,96507490167620,96507490970297,801.928,802.677
2,3246,96507491148072,96507491147365,96507491956400,808.328,809.035
2,3247,96507492323832,96507492323059,96507492872111,548.279,549.052
2,3248,96507493499532,96507493498753,96507494246397,746.865,747.644
2,3249,96507494479145,96507494478498,96507495269332,790.187,790.834
2,3250,96507495654895,96507495654192,96507496380480,725.585,726.288
2,3251,96507496830675,96507496829886,96507497675284,844.609,845.398
2,3252,96507497810338,96507497809632,96507498845263,1034.925,1035.631
2,3253,96507498986038,96507498985326,96507499640880,654.842,655.554
2,3254,96507500161698,96507500161020,96507500656084,494.386,495.064
2,3255,96507501141790,96507501140765,96507502014300,872.51,873.535
2,3256,96507502317150,96507502316459,96507502829347,512.197,512.888
2,3257,96507503492910,96507503492153,96507504204694,711.784,712.541
2,3258,96507504668550,96507504667847,96507505500038,831.488,832.191
2,3259,96507505648273,96507505647592,96507506303895,655.622,656.303
2,3260,96507506824973,96507506823287,96507507385052,560.079,561.765
2,3261,96507507999672,96507507998981,96507508651034,651.362,652.053
2,3262,96507508979546,96507508978726,96507509946658,967.112,967.932
2,3263,96507510155245,96507510154420,96507510984853,829.608,830.433
2,3264,96507511331225,96507511330114,96507512392831,1061.606,1062.717
2,3265,96507512311057,96507512309859,96507513624823,1313.766,1314.964
2,3266,96507513486707,96507513485553,96507514403968,917.261,918.415
2,3267,96507514662247,96507514661247,96507515553518,891.271,892.271
2,3268,96507515642380,96507515640992,96507516867522,1225.142,1226.53
2,3269,96507516817670,96507516816687,96507517983099,1165.429,1166.412
2,3270,96507517995810,96507517992381,96507518670673,674.863,678.292
2,3271,96507519170060,96507519168075,96507519980577,810.517,812.502
2,3272,96507520149723,96507520147820,96507521073764,924.041,925.944
2,3273,96507521325213,96507521323514,96507521847130,521.917,523.616
2,3274,96507522500843,96507522499208,96507523200786,699.943,701.578
2,3275,96507523480826,96507523478953,96507524167219,686.393,688.266
2,3276,96507524656175,96507524654647,96507525349459,693.284,694.812
2,3277,96507525832224,96507525830342,96507526396654,564.43,566.312
2,3278,96507526811978,96507526810087,96507527767840,955.862,957.753
2,3279,96507527987468,96507527985781,96507528520596,533.128,534.815
2,3280,96507529163207,96507529161475,96507529788398,625.191,626.923
2,3281,96507530143151,96507530141220,96507531032001,888.85,890.781
2,3282,96507531318450,96507531316914,96507531992883,674.433,675.969
2,3283,96507532494370,96507532492608,96507533272606,778.236,779.998
2,3284,96507533670140,96507533668303,96507534480737,810.597,812.434
2,3285,96507534649773,96507534648048,96507535367967,718.194,719.919
2,3286,96507535825653,96507535823742,96507536585889,760.236,762.147
2,3287,96507537008483,96507536999436,96507537647654,639.171,648.218
2,3288,96507537981085,96507537979181,96507538821714,840.629,842.533
2,3289,96507539156855,96507539154875,96507539717064,560.209,562.189
2,3290,96507540332175,96507540330569,96507541307858,975.683,977.289
2,3291,96507541312298,96507541310314,96507542468267,1155.969,1157.953
2,3292,96507542487868,96507542486008,96507543050657,562.789,564.649
2,3293,96507543663528,96507543661703,96507544350011,686.483,688.308
2,3294,96507544643171,96507544641448,96507545524451,881.28,883.003
2,3295,96507545819601,96507545817142,96507546559805,740.204,742.663
2,3296,96507546995080,96507546992836,96507548186651,1191.571,1193.815
2,3297,96507548170880,96507548168530,96507548871284,700.404,702.754
2,3298,96507549150222,96507549148275,96507550074954,924.732,926.679
2,3299,96507550325522,96507550323969,96507550858431,532.909,534.462
2,3300,96507551501552,96507551499663,96507552293159,791.607,793.496
2,3301,96507552481045,96507552479409,96507553330254,849.209,850.845
2,3302,96507553657115,96507553655103,96507554368739,711.624,713.636
2,3303,96507554832545,96507554830797,96507555613672,781.127,782.875
2,3304,96507555812328,96507555810542,96507556622016,809.688,811.474
2,3305,96507556987798,96507556986236,96507557733603,745.805,747.367
2,3306,96507558163868,96507558161930,96507558586872,423.004,424.942
2,3307,96507559143531,96507559141675,96507560099123,955.592,957.448
2,3308,96507560319340,96507560317369,96507561263013,943.673,945.644
2,3309,96507561494920,96507561493064,96507562318068,823.148,825.004
2,3310,96507562670850,96507562668758,96507563542509,871.659,873.751
2,3311,96507563650163,96507563648503,96507564715249,1065.086,1066.746
2,3312,96507564825973,96507564824197,96507565558298,732.325,734.101
2,3313,96507566013483,96507565999891,96507566633694,620.211,633.803
2,3314,96507566981516,96507566979636,96507567831604,850.088,851.968
2,3315,96507568157305,96507568155330,96507568794947,637.642,639.617
2,3316,96507569332925,96507569331024,96507570342839,1009.914,1011.815
2,3317,96507570312508,96507570310770,96507571204638,892.13,893.868
2,3318,96507571488458,96507571486464,96507572302965,814.507,816.501
2,3319,96507572663857,96507572662158,96507573288188,624.331,626.03
2,3320,96507573643820,96507573641903,96507574392166,748.346,750.263
2,3321,96507574819400,96507574817597,96507575227205,407.805,409.608
2,3322,96507575995280,96507575993291,96507576681103,685.823,687.812
2,3323,96507577171030,96507577168985,96507577926416,755.386,757.431
2,3324,96507578150673,96507578148730,96507579204469,1053.796,1055.739
2,3325,96507579326523,96507579324425,96507579868781,542.258,544.356
2,3326,96507580502203,96507580500119,96507581342111,839.908,841.992
2,3327,96507581481416,96507581479864,96507582353345,871.929,873.481
2,3328,96507582657206,96507582655558,96507583360479,703.273,704.921
2,3329,96507583833426,96507583831252,96507584710945,877.519,879.693
2,3330,96507584813028,96507584810997,96507585808612,995.584,997.615
2,3331,96507585988488,96507585986691,96507586954600,966.112,967.909
2,3332,96507587164137,96507587162385,96507587861831,697.694,699.446
2,3333,96507588143841,96507588142131,96507588883465,739.624,741.334
2,3334,96507589319590,96507589317825,96507589943202,623.612,625.377
2,3335,96507590495460,96507590493519,96507590943726,448.266,450.207
2,3336,96507591671140,96507591669213,96507592310242,639.102,641.029
2,3337,96507592650843,96507592648958,96507593241923,591.08,592.965
2,3338,96507593826463,96507593824652,96507594531086,704.623,706.434
2,3339,96507595008003,96507595000346,96507595467799,459.796,467.453
2,3340,96507595981676,96507595980091,96507596644199,662.523,664.108
2,3341,96507597157535,96507597155786,96507597612841,455.306,457.055
2,3342,96507598333705,96507598331480,96507598958916,625.211,627.436
2,3343,96507599313218,96507599311225,96507600060683,747.465,749.458
2,3344,96507600489368,96507600486919,96507601506482,1017.114,1019.563
2,3345,96507601664788,96507601662613,96507602457645,792.857,795.032
2,3346,96507602644121,96507602642358,96507603493189,849.068,850.831
2,3347,96507603819791,96507603818052,96507604528615,708.824,710.563
2,3348,96507604995501,96507604993746,96507605889581,894.08,895.835
2,3349,96507606170980,96507606169441,96507606972597,801.617,803.156
2,3350,96507607150724,96507607149186,96507608177518,1026.794,1028.332
2,3351,96507608326792,96507608324880,96507609005046,678.254,680.166
2,3352,96507609502312,96507609500574,96507609991529,489.217,490.955
2,3353,96507610482365,96507610480319,96507611331055,848.69,850.736
2,3354,96507611657955,96507611656013,96507612309417,651.462,653.404
2,3355,96507612833855,96507612831707,96507613591211,757.356,759.504
2,3356,96507613813068,96507613811452,96507614831813,1018.745,1020.361
2,3357,96507614989308,96507614987147,96507615539387,550.079,552.24
2,3358,96507616165418,96507616162841,96507616869531,704.113,706.69
2,3359,96507617144961,96507617142586,96507617911227,766.266,768.641
2,3360,96507618320191,96507618318280,96507619025614,705.423,707.334
2,3361,96507619495841,96507619493974,96507620176823,680.982,682.849
2,3362,96507620671510,96507620669668,96507621287921,616.411,618.253
2,3363,96507621651353,96507621649413,96507622519532,868.179,870.119
2,3364,96507622826903,96507622825107,96507623313229,486.326,488.122
2,3365,96507624025243,96507624000802,96507624627164,601.921,626.362
2,3366,96507624982236,96507624980547,96507625906017,923.781,925.47
2,3367,96507626158276,96507626156241,96507626779287,621.011,623.046
2,3368,96507627333945,96507627331935,96507627809002,475.057,477.067
2,3369,96507628313499,96507628311680,96507629252360,938.861,940.68
2,3370,96507629488978,96507629487374,96507630157670,668.692,670.296
2,3371,96507630665108,96507630663068,96507631149724,484.616,486.656
2,3372,96507631644250,96507631642813,96507632525190,880.94,882.377
2,3373,96507632820090,96507632818508,96507633604107,784.017,785.599
2,3374,96507633996080,96507633994202,96507634579920,583.84,585.718
2,3375,96507635171520,96507635169896,96507635700828,529.308,530.932
2,3376,96507636151433,96507636149641,96507636899498,748.065,749.857
2,3377,96507637326983,96507637325335,96507637883971,556.988,558.636
2,3378,96507638502683,96507638501029,96507639237458,734.775,736.429
2,3379,96507639482626,96507639480774,96507640294543,811.917,813.769
2,3380,96507640658226,96507640656468,96507641420991,762.765,764.523
2,3381,96507641834196,96507641832163,96507642506487,672.291,674.324
2,3382,96507642813909,96507642811908,96507643664377,850.468,852.469
2,3383,96507643989018,96507643987602,96507644572638,583.62,585.036
2,3384,96507645165347,96507645163296,96507645643944,478.597,480.648
2,3385,96507646145231,96507646143041,96507646943698,798.467,800.657
2,3386,96507647320491,96507647318735,96507647941162,620.671,622.427
2,3387,96507648496440,96507648494429,96507649082890,586.45,588.461
2,3388,96507649671730,96507649670123,96507650338722,666.992,668.599
2,3389,96507650651743,96507650649869,96507651447030,795.287,797.161
2,3390,96507651827393,96507651825563,96507652574968,747.575,749.405
2,3391,96507653013764,96507653001257,96507653643054,629.29,641.797
2,3392,96507653982736,96507653981002,96507654939519,956.783,958.517
2,3393,96507655158505,96507655156696,96507655901331,742.826,744.635
2,3394,96507656334145,96507656332390,96507657342070,1007.925,1009.68
2,3395,96507657313828,96507657312135,96507658155357,841.529,843.222
2,3396,96507658490058,96507658487829,96507659124660,634.602,636.831
2,3397,96507659665148,96507659663524,96507660381833,716.685,718.309
2,3398,96507660645251,96507660643269,96507661455728,810.477,812.459
2,3399,96507661821181,96507661818963,96507662589527,768.346,770.564
2,3400,96507662996441,96507662994657,96507663740406,743.965,745.749
2,3401,96507664172270,96507664170351,96507664619085,446.815,448.734
2,3402,96507665151964,96507665150096,96507665950450,798.486,800.354
2,3403,96507666327803,96507666325790,96507666876721,548.918,550.931
2,3404,96507667503232,96507667501484,96507668446194,942.962,944.71
2,3405,96507668482855,96507668481230,96507669232061,749.206,750.831
2,3406,96507669658665,96507669656924,96507670305517,646.852,648.593
2,3407,96507670834345,96507670832618,96507671476467,642.122,643.849
2,3408,96507671814448,96507671812363,96507672683598,869.15,871.235
2,3409,96507672989688,96507672988057,96507673720243,730.555,732.186
2,3410,96507674165718,96507674163751,96507675001566,835.848,837.815
2,3411,96507675147461,96507675143496,96507675756132,608.671,612.636
2,3412,96507676320841,96507676319190,96507676733824,412.983,414.634
2,3413,96507677496951,96507677494885,96507677999958,503.007,505.073
2,3414,96507678672340,96507678670579,96507679349393,677.053,678.814
2,3415,96507679652413,96507679650324,96507680666317,1013.904,1015.993
2,3416,96507680827903,96507680826018,96507681638260,810.357,812.242
2,3417,96507682009683,96507682001712,96507682644475,634.792,642.763
2,3418,96507682983566,96507682981457,96507683961709,978.143,980.252
2,3419,96507684159046,96507684157151,96507684803838,644.792,646.687
2,3420,96507685334935,96507685332845,96507686049779,714.844,716.934
2,3421,96507686314749,96507686312591,96507687122826,808.077,810.235
2,3422,96507687490238,96507687488285,96507688318096,827.858,829.811
2,3423,96507688665388,96507688663979,96507689442144,776.756,778.165
2,3424,96507689645061,96507689643724,96507690410667,765.606,766.943
2,3425,96507690820820,96507690819418,96507691616787,795.967,797.369
2,3426,96507691996630,96507691995112,96507692560629,563.999,565.517
2,3427,96507693172710,96507693170806,96507693973498,800.788,802.692
2,3428,96507694152213,96507694150551,96507695187469,1035.256,1036.918
2,3429,96507695327143,96507695326246,96507695815880,488.737,489.634
2,3430,96507696502853,96507696501940,96507697102233,599.38,600.293
2,3431,96507697482686,96507697481685,96507698376106,893.42,894.421
2,3432,96507698658176,96507698657379,96507699458083,799.907,800.704
2,3433,96507699833756,96507699833073,96507700392434,558.678,559.361
2,3434,96507700813509,96507700812818,96507701673758,860.249,860.94
2,3435,96507701989209,96507701988512,96507702525826,536.617,537.314
2,3436,96507703164948,96507703164206,96507703949624,784.676,785.418
2,3437,96507704144781,96507704143952,96507704918207,773.426,774.255
2,3438,96507705320421,96507705319646,96507705854079,533.658,534.433
2,3439,96507706496120,96507706495340,96507707291877,795.757,796.537
2,3440,96507707671710,96507707671034,96507708489388,817.678,818.354
2,3441,96507708651403,96507708650779,96507709529224,877.821,878.445
2,3442,96507709827073,96507709826473,96507710492816,665.743,666.343
2,3443,96507711008133,96507711002167,96507711838231,830.098,836.064
2,3444,96507711982936,96507711981912,96507712811894,828.958,829.982
2,3445,96507713158666,96507713157607,96507713942132,783.466,784.525
2,3446,96507714334405,96507714333301,96507714970637,636.232,637.336
2,3447,96507715313788,96507715313046,96507716040673,726.885,727.627
2,3448,96507716489458,96507716488740,96507717141610,652.152,652.87
2,3449,96507717665088,96507717664434,96507718405133,740.045,740.699
2,3450,96507718645161,96507718644179,96507719557171,912.01,912.992
2,3451,96507719820811,96507719819873,96507720676590,855.779,856.717
2,3452,96507720996561,96507720995567,96507721638072,641.511,642.505
2,3453,96507722172361,96507722171262,96507722928505,756.144,757.243
2,3454,96507723152084,96507723151007,96507724253501,1101.417,1102.494
2,3455,96507724327674,96507724326701,96507725165842,838.168,839.141
2,3456,96507725503493,96507725502395,96507726212457,708.964,710.062
2,3457,96507726482956,96507726482140,96507727163699,680.743,681.559
2,3458,96507727658655,96507727657834,96507728261767,603.112,603.933
2,3459,96507728834185,96507728833528,96507729554760,720.575,721.232
2,3460,96507729813988,96507729813273,96507730639196,825.208,825.923
2,3461,96507730989698,96507730988968,96507731448243,458.545,459.275
2,3462,96507732165338,96507732164662,96507733129481,964.143,964.819
2,3463,96507733145211,96507733144407,96507733999800,854.589,855.393
2,3464,96507734320811,96507734320101,96507734879929,559.118,559.828
2,3465,96507735496821,96507735495795,96507736003518,506.697,507.723
2,3466,96507736672220,96507736671489,96507737483148,810.928,811.659
2,3467,96507737651923,96507737651234,96507738325376,673.453,674.142
2,3468,96507738827643,96507738826928,96507739544968,717.325,718.04
2,3469,96507740008283,96507740002623,96507740643975,635.692,641.352
2,3470,96507740983106,96507740982368,96507741819854,836.748,837.486
2,3471,96507742158816,96507742158062,96507742745066,586.25,587.004
2,3472,96507743334546,96507743333756,96507744077601,743.055,743.845
2,3473,96507744314279,96507744313501,96507745139316,825.037,825.815
2,3474,96507745490019,96507745489195,96507746171951,681.932,682.756
2,3475,96507746665758,96507746664889,96507747283209,617.451,618.32
2,3476,96507747645362,96507747644634,96507748583663,938.301,939.029
2,3477,96507748821151,96507748820329,96507749530984,709.833,710.655
2,3478,96507749996820,96507749996023,96507750673964,677.144,677.941
2,3479,96507751172470,96507751171717,96507751667677,495.207,495.96
2,3480,96507752152213,96507752151462,96507752959961,807.748,808.499
2,3481,96507753327903,96507753327156,96507753824150,496.247,496.994
2,3482,96507754503523,96507754502850,96507755185676,682.153,682.826
2,3483,96507755483326,96507755482595,96507756202111,718.785,719.516
2,3484,96507756659486,96507756658289,96507757456533,797.047,798.244
2,3485,96507757834686,96507757833984,96507758386964,552.278,552.98
2,3486,96507758814449,96507758813729,96507759873084,1058.635,1059.355
2,3487,96507759990139,96507759989423,96507760747734,757.595,758.311
2,3488,96507761165808,96507761165117,96507761759248,593.44,594.131
2,3489,96507762146321,96507762144862,96507762883747,737.426,738.885
2,3490,96507763321311,96507763320556,96507763868720,547.409,548.164
2,3491,96507764497040,96507764496250,96507764984157,487.117,487.907
2,3492,96507765672650,96507765671944,96507766321202,648.552,649.258
2,3493,96507766652384,96507766651690,96507767379658,727.274,727.968
2,3494,96507767828113,96507767827384,96507768483225,655.112,655.841
2,3495,96507769007573,96507769003078,96507769449128,441.555,446.05
2,3496,96507769983546,96507769982823,96507770909707,926.161,926.884
2,3497,96507771159246,96507771158517,96507771628712,469.466,470.195
2,3498,96507772334996,96507772334211,96507772831772,496.776,497.561
2,3499,96507773314808,96507773313956,96507774023032,708.224,709.076
2,3500,96507774490848,96507774489650,96507775216373,725.525,726.723
2,3501,96507775666358,96507775665345,96507776498246,831.888,832.901
2,3502,96507776646061,96507776645090,96507777555122,909.061,910.032
2,3503,96507777822511,96507777820784,96507778472163,649.652,651.379
2,3504,96507778997531,96507778996478,96507779875211,877.68,878.733
2,3505,96507780172821,96507780172172,96507780733240,560.419,561.068
2,3506,96507781152744,96507781151917,96507781957390,804.646,805.473
2,3507,96507782328254,96507782327611,96507782988486,660.232,660.875
2,3508,96507783504063,96507783503305,96507784209127,705.064,705.822
2,3509,96507784483726,96507784483050,96507785137468,653.742,654.418
2,3510,96507785659535,96507785658745,96507786438622,779.087,779.877
2,3511,96507786835195,96507786834439,96507787409275,574.08,574.836
2,3512,96507787814839,96507787814184,96507788662557,847.718,848.373
2,3513,96507788990658,96507788989878,96507789693552,702.894,703.674
2,3514,96507790166268,96507790165572,96507790930724,764.456,765.152
2,3515,96507791146021,96507791145317,96507792062413,916.392,917.096
2,3516,96507792321831,96507792321011,96507792905500,583.669,584.489
2,3517,96507793497461,96507793496706,96507794101401,603.94,604.695
2,3518,96507794673161,96507794672400,96507795506479,833.318,834.079
2,3519,96507795652864,96507795652145,96507796455051,802.187,802.906
2,3520,96507796896756,96507796827839,96507797536537,639.781,708.698
2,3521,96507798009153,96507798003533,96507798682916,673.763,679.383
2,3522,96507798984056,96507798983278,96507799861296,877.24,878.018
2,3523,96507800159926,96507800158972,96507800859859,699.933,700.887
2,3524,96507801335426,96507801334666,96507802148393,812.967,813.727
2,3525,96507802315549,96507802314411,96507803218940,903.391,904.529
2,3526,96507803490819,96507803490106,96507804190592,699.773,700.486
2,3527,96507804666618,96507804665800,96507805451845,785.227,786.045
2,3528,96507805646582,96507805645545,96507806519831,873.249,874.286
2,3529,96507806822281,96507806821239,96507807879817,1057.536,1058.578
2,3530,96507807998031,96507807996933,96507808638513,640.482,641.58
2,3531,96507809173360,96507809172627,96507810222356,1048.996,1049.729
2,3532,96507810153703,96507810152372,96507811202609,1048.906,1050.237
2,3533,96507811329043,96507811328066,96507812210563,881.52,882.497
2,3534,96507812504723,96507812503761,96507813135535,630.812,631.774
2,3535,96507813484596,96507813483506,96507814261222,776.626,777.716
2,3536,96507814660126,96507814659200,96507815671310,1011.184,1012.11
2,3537,96507815863797,96507815834894,96507816835929,972.132,1001.035
2,3538,96507816817019,96507816814639,96507817721960,904.941,907.321
2,3539,96507817992499,96507817990333,96507818887639,895.14,897.306
2,3540,96507819167879,96507819166027,96507819718427,550.548,552.4
2,3541,96507820147612,96507820145772,96507820904797,757.185,759.025
2,3542,96507821323292,96507821321467,96507822355386,1032.094,1033.919
2,3543,96507822498991,96507822497161,96507823082541,583.55,585.38
2,3544,96507823674600,96507823672855,96507824359254,684.654,686.399
2,3545,96507824654504,96507824652600,96507825418910,764.406,766.31
2,3546,96507825830093,96507825828294,96507826459464,629.371,631.17
2,3547,96507827009453,96507827003988,96507827815661,806.208,811.673
2,3548,96507827985916,96507827983733,96507828879797,893.881,896.064
2,3549,96507829161046,96507829159427,96507829711795,550.749,552.368
2,3550,96507830337236,96507830335122,96507830817172,479.936,482.05
2,3551,96507831316889,96507831314867,96507832098005,781.116,783.138
2,3552,96507832492409,96507832490561,96507833349717,857.308,859.156
2,3553,96507833668208,96507833666255,96507834270389,602.181,604.134
2,3554,96507834647791,96507834646000,96507835468019,820.228,822.019
2,3555,96507835823521,96507835821694,96507836560046,736.525,738.352
2,3556,96507836999181,96507836997388,96507837698544,699.363,701.156
2,3557,96507838174821,96507838173082,96507838736760,561.939,563.678
2,3558,96507839154394,96507839152828,96507840416747,1262.353,1263.919
2,3559,96507840330594,96507840328522,96507841017607,687.013,689.085
2,3560,96507841506193,96507841504216,96507842270359,764.166,766.143
2,3561,96507842485637,96507842483961,96507843295284,809.647,811.323
2,3562,96507843661317,96507843659655,96507844386561,725.244,726.906
2,3563,96507844837015,96507844835349,96507845496728,659.713,661.379
2,3564,96507845816909,96507845815094,96507846595375,778.466,780.281
2,3565,96507846992878,96507846990788,96507847440104,447.226,449.316
2,3566,96507848168378,96507848166483,96507848674996,506.618,508.513
2,3567,96507849148151,96507849146228,96507849841955,693.804,695.727
2,3568,96507850324221,96507850321922,96507851050275,726.054,728.353
2,3569,96507851499631,96507851497616,96507852032159,532.528,534.543
2,3570,96507852675581,96507852673310,96507853262481,586.9,589.171
2,3571,96507853654954,96507853653055,96507854274304,619.35,621.249
2,3572,96507854830704,96507854828749,96507855597229,766.525,768.48
2,3573,96507856012843,96507856004443,96507856671066,658.223,666.623
2,3574,96507856985937,96507856984189,96507858012331,1026.394,1028.142
2,3575,96507858161726,96507858159883,96507858851680,689.954,691.797
2,3576,96507859337706,96507859335577,96507859961567,623.861,625.99
2,3577,96507860317009,96507860315322,96507860987422,670.413,672.1
2,3578,96507861492869,96507861491016,96507862449471,956.602,958.455
2,3579,96507862668548,96507862666710,96507863611810,943.262,945.1
2,3580,96507863648182,96507863646455,96507864430628,782.446,784.173
2,3581,96507864824001,96507864822149,96507865751573,927.572,929.424
2,3582,96507865999511,96507865997844,96507866747277,747.766,749.433
2,3583,96507867175571,96507867173538,96507867751751,576.18,578.213
2,3584,96507868155254,96507868153283,96507868933630,778.376,780.347
2,3585,96507869331134,96507869328977,96507869796809,465.675,467.832
3,0,96503870013465,96503870009441,96503870470410,456.945,460.969
3,1,96503870500371,96503870499313,96503870836603,336.232,337.29
3,2,96503871087851,96503871087160,96503871516125,428.274,428.965
3,3,96503871675720,96503871675007,96503872020512,344.792,345.505
3,4,96503872263660,96503872262855,96503872693045,429.385,430.19
3,5,96503872754087,96503872752727,96503873318016,563.929,565.289
3,6,96503873343697,96503873340574,96503873721700,378.003,381.126
3,7,96503873929797,96503873928421,96503874214926,285.129,286.505
3,8,96503874419293,96503874418294,96503874910230,490.937,491.936
3,9,96503875007713,96503875006141,96503875322043,314.33,315.902
3,10,96503875594773,96503875593988,96503876038458,443.685,444.47
3,11,96503876086000,96503876083861,96503876494223,408.223,410.362
3,12,96503876673070,96503876671708,96503877116984,443.914,445.276
3,13,96503877261740,96503877259555,96503877582430,320.69,322.875
3,14,96503877750536,96503877749428,96503878209101,458.565,459.673
3,15,96503878338105,96503878337275,96503878664227,326.122,326.952
3,16,96503878925815,96503878925122,96503879334610,408.795,409.488
3,17,96503879513745,96503879512969,96503879892018,378.273,379.049
3,18,96503880009462,96503880002842,96503880469107,459.645,466.265
3,19,96503880591971,96503880590689,96503880898992,307.021,308.303
3,20,96503881180801,96503881178536,96503881468822,288.021,290.286
3,21,96503881669138,96503881668409,96503882089372,420.234,420.963
3,22,96503882257358,96503882256256,96503882596110,338.752,339.854
3,23,96503882844798,96503882844103,96503883208180,363.382,364.077
3,24,96503883336114,96503883333975,96503883707498,371.384,373.523
3,25,96503883923974,96503883921823,96503884350749,426.775,428.926
3,26,96503884511294,96503884509670,96503884828955,317.661,319.285
3,27,96503885000351,96503884999542,96503885551210,550.859,551.668
3,28,96503885588941,96503885587389,96503885937082,348.141,349.693
3,29,96503886176261,96503886175236,96503886598624,422.363,423.388
3,30,96503886763691,96503886763084,96503887298488,534.797,535.404
3,31,96503887254397,96503887252956,96503887797295,542.898,544.339
3,32,96503887843157,96503887840803,96503888254970,411.813,414.167
3,33,96503888430977,96503888428650,96503888863181,432.204,434.531
3,34,96503888919574,96503888918523,96503889330037,410.463,411.514
3,35,96503889507304,96503889506370,96503889886215,378.911,379.845
3,36,96503890095233,96503890094217,96503890433364,338.131,339.147
3,37,96503890586330,96503890584090,96503890977112,390.782,393.022
3,38,96503891173539,96503891171937,96503891583643,410.104,411.706
3,39,96503891761999,96503891759784,96503892081410,319.411,321.626
3,40,96503892250705,96503892249657,96503892728872,478.167,479.215
3,41,96503892838305,96503892837504,96503893165027,326.722,327.523
3,42,96503893426075,96503893425351,96503893841679,415.604,416.328
3,43,96503894013995,96503894013198,96503894351787,337.792,338.589
3,44,96503894505332,96503894503071,96503894851973,346.641,348.902
3,45,96503895092712,96503895090918,96503895481585,388.873,390.667
3,46,96503895681272,96503895678765,96503896002022,320.75,323.257
3,47,96503896169368,96503896168638,96503896608333,438.965,439.695
3,48,96503896757168,96503896756485,96503897146702,389.534,390.217
3,49,96503897345028,96503897344332,96503897731361,386.333,387.029
3,50,96503897835965,96503897834204,96503898271279,435.314,437.075
3,51,96503898424155,96503898422052,96503898721744,297.589,299.692
3,52,96503899026145,96503899009899,96503899530192,504.047,520.293
3,53,96503899500451,96503899499771,96503900103681,603.23,603.91
3,54,96503900088361,96503900087618,96503900543436,455.075,455.818
3,55,96503900676251,96503900675465,96503901152256,476.005,476.791
3,56,96503901264011,96503901263313,96503901576631,312.62,313.318
3,57,96503901754697,96503901753185,96503902191292,436.595,438.107
3,58,96503902343197,96503902341032,96503902659047,315.85,318.015
3,59,96503902930717,96503902928879,96503903324710,393.993,395.831
3,60,96503903419433,96503903418752,96503903889339,469.906,470.587
3,61,96503904007783,96503904006599,96503904469769,461.986,463.17
3,62,96503904595443,96503904594446,96503904977385,381.942,382.939
3,63,96503905086629,96503905084319,96503905511874,425.245,427.555
3,64,96503905673609,96503905672166,96503906079253,405.644,407.087
3,65,96503906262209,96503906260013,96503906561860,299.651,301.847
3,66,96503906750766,96503906749886,96503907267533,516.767,517.647
3,67,96503907338526,96503907337733,96503907690398,351.872,352.665
3,68,96503907926336,96503907925580,96503908203355,277.019,277.775
3,69,96503908514115,96503908513427,96503908805146,291.031,291.719
3,70,96503909012413,96503909003300,96503909537320,524.907,534.02
3,71,96503909592982,96503909591147,96503910055388,462.406,464.241
3,72,96503910181232,96503910178994,96503910597046,415.814,418.052
3,73,96503910669529,96503910668867,96503911100943,431.414,432.076
3,74,96503911257428,96503911256714,96503911642791,385.363,386.077
3,75,96503911845258,96503911844561,96503912249612,404.354,405.051
3,76,96503912335765,96503912334433,96503912977926,642.161,643.493
3,77,96503912924685,96503912922281,96503913281957,357.272,359.676
3,78,96503913511515,96503913510128,96503913955520,444.005,445.392
3,79,96503914007111,96503914000000,96503914390534,383.423,390.534
3,80,96503914588590,96503914587847,96503915099198,510.608,511.351
3,81,96503915176430,96503915175694,96503915481261,304.831,305.567
3,82,96503915764340,96503915763542,96503916247767,483.427,484.225
3,83,96503916255197,96503916253414,96503916685801,430.604,432.387
3,84,96503916843527,96503916841261,96503917306282,462.755,465.021
3,85,96503917430577,96503917429108,96503917818290,387.713,389.182
3,86,96503917919873,96503917918981,96503918325407,405.534,406.426
3,87,96503918507513,96503918506828,96503918867455,359.942,360.627
3,88,96503919095373,96503919094675,96503919449855,354.482,355.18
3,89,96503919586850,96503919584548,96503919965752,378.902,381.204
3,90,96503920174119,96503920172395,96503920621174,447.055,448.779
3,91,96503920762669,96503920760242,96503921230205,467.536,469.963
3,92,96503921250866,96503921250115,96503921802285,551.419,552.17
3,93,96503921838916,96503921837962,96503922137446,298.53,299.484
3,94,96503922426906,96503922425809,96503922858430,431.524,432.621
3,95,96503923014436,96503923013656,96503923378087,363.651,364.431
3,96,96503923505482,96503923503529,96503923893475,387.993,389.946
3,97,96503924092742,96503924091376,96503924531256,438.514,439.88
3,98,96503924681552,96503924679223,96503924971261,289.709,292.038
3,99,96503925169819,96503925169096,96503925681405,511.586,512.309
3,100,96503925757969,96503925756943,96503926141781,383.812,384.838
3,101,96503926345498,96503926344790,96503926853875,508.377,509.085
3,102,96503926836174,96503926834662,96503927408134,571.96,573.472
3,103,96503927424624,96503927422510,96503927793357,368.733,370.847
3,104,96503928012324,96503928010357,96503928368857,356.533,358.5
3,105,96503928500941,96503928500229,96503928959447,458.506,459.218
3,106,96503929088921,96503929088076,96503929473114,384.193,385.038
3,107,96503929676630,96503929675923,96503929971680,295.05,295.757
3,108,96503930264510,96503930263771,96503930680585,416.075,416.814
3,109,96503930755107,96503930753643,96503931198952,443.845,445.309
3,110,96503931343537,96503931341490,96503931668118,324.581,326.628
3,111,96503931930697,96503931929337,96503932287469,356.772,358.132
3,112,96503932419913,96503932419210,96503932960082,540.169,540.872
3,113,96503933010423,96503933007057,96503933328654,318.231,321.597
3,114,96503933595983,96503933594904,96503934169503,573.52,574.599
3,115,96503934087450,96503934084777,96503934583316,495.866,498.539
3,116,96503934674690,96503934672624,96503935090244,415.554,417.62
3,117,96503935262790,96503935260471,96503935740286,477.496,479.815
3,118,96503935751166,96503935750344,96503936187600,436.434,437.256
3,119,96503936338866,96503936338191,96503936701508,362.642,363.317
3,120,96503936927126,96503936926038,96503937288618,361.492,362.58
3,121,96503937514555,96503937513885,96503937897029,382.474,383.144
3,122,96503938008912,96503938003758,96503938445117,436.205,441.359
3,123,96503938593062,96503938591605,96503939014706,421.644,423.101
3,124,96503939181561,96503939179452,96503939495172,313.611,315.72
3,125,96503939670028,96503939669325,96503940086692,416.664,417.367
3,126,96503940258068,96503940257172,96503940734904,476.836,477.732
3,127,96503940845748,96503940845019,96503941274282,428.534,429.263
3,128,96503941336684,96503941334891,96503941748599,411.915,413.708
3,129,96503941924834,96503941922739,96503942328858,404.024,406.119
3,130,96503942511984,96503942510586,96503942851166,339.182,340.58
3,131,96503943009472,96503943000458,96503943455906,446.434,455.448
3,132,96503943589231,96503943588305,96503944014705,425.474,426.4
3,133,96503944176821,96503944176152,96503944511212,334.391,335.06
3,134,96503944764731,96503944764000,96503945097872,333.141,333.872
3,135,96503945255297,96503945253872,96503945603389,348.092,349.517
3,136,96503945844067,96503945841719,96503946304723,460.656,463.004
3,137,96503946431227,96503946429566,96503946765158,333.931,335.592
3,138,96503946920114,96503946919439,96503947343747,423.633,424.308
3,139,96503947508014,96503947507286,96503947794363,286.349,287.077
3,140,96503948095804,96503948095133,96503948451976,356.172,356.843
3,141,96503948587030,96503948585006,96503948978763,391.733,393.757
3,142,96503949174400,96503949172853,96503949629505,455.105,456.652
3,143,96503949763520,96503949760700,96503950174933,411.413,414.233
3,144,96503950251326,96503950250573,96503950885717,634.391,635.144
3,145,96503950839405,96503950838420,96503951188608,349.203,350.188
3,146,96503951427055,96503951426267,96503951890711,463.656,464.444
3,147,96503952014855,96503952014114,96503952364678,349.823,350.564
3,148,96503952506262,96503952503987,96503952958227,451.965,454.24
3,149,96503953093232,96503953091834,96503953351770,258.538,259.936
3,150,96503953681882,96503953679681,96503954010283,328.401,330.602
3,151,96503954170388,96503954169554,96503954525180,354.792,355.626
3,152,96503954758128,96503954757401,96503955137121,378.993,379.72
3,153,96503955346038,96503955345248,96503955599147,253.109,253.899
3,154,96503955836555,96503955835120,96503956226698,390.143,391.578
3,155,96503956425455,96503956422968,96503956792107,366.652,369.139
3,156,96503957012305,96503957010815,96503957439849,427.544,429.034
3,157,96503957501381,96503957500687,96503957937965,436.584,437.278
3,158,96503958089471,96503958088534,96503958396251,306.78,307.717
3,159,96503958677041,96503958676382,96503959034513,357.472,358.131
3,160,96503959264971,96503959264229,96503959562261,297.29,298.032
3,161,96503959755767,96503959754101,96503960195622,439.855,441.521
3,162,96503960344407,96503960341948,96503960727940,383.533,385.992
3,163,96503960931137,96503960929795,96503961295729,364.592,365.934
3,164,96503961420383,96503961419668,96503961913830,493.447,494.162
3,165,96503962008273,96503962007515,96503962349725,341.452,342.21
3,166,96503962596093,96503962595362,96503962934505,338.412,339.143
3,167,96503963088009,96503963085235,96503963435772,347.763,350.537
3,168,96503963674579,96503963673082,96503964075473,400.894,402.391
3,169,96503964263709,96503964260929,96503964529568,265.859,268.639
3,170,96503964751536,96503964750802,96503965301115,549.579,550.313
3,171,96503965339376,96503965338649,96503965689408,350.032,350.759
3,172,96503965927266,96503965926496,96503966398132,470.866,471.636
3,173,96503966515156,96503966514343,96503966895998,380.842,381.655
3,174,96503967020392,96503967004216,96503967507549,487.157,503.333
3,175,96503967593372,96503967592063,96503967905002,311.63,312.939
3,176,96503968182452,96503968179910,96503968538554,356.102,358.644
3,177,96503968670439,96503968669783,96503969055681,385.242,385.898
3,178,96503969258388,96503969257630,96503969794527,536.139,536.897
3,179,96503969846058,96503969845477,96503970220361,374.303,374.884
3,180,96503970336745,96503970335349,96503970815321,478.576,479.972
3,181,96503970926315,96503970923197,96503971253096,326.781,329.899
3,182,96503971512295,96503971511044,96503971931649,419.354,420.605
3,183,96503972008901,96503972000916,96503972470897,461.996,469.981
3,184,96503972589511,96503972588763,96503973017796,428.285,429.033
3,185,96503973177291,96503973176611,96503973466680,289.389,290.069
3,186,96503973765190,96503973764458,96503974045390,280.2,280.932
3,187,96503974256218,96503974254330,96503974736974,480.756,482.644
3,188,96503974844807,96503974842177,96503975282952,438.145,440.775
3,189,96503975431377,96503975430024,96503975799339,367.962,369.315
3,190,96503975920623,96503975919897,96503976409400,488.777,489.503
3,191,96503976508673,96503976507744,96503976883056,374.383,375.312
3,192,96503977096533,96503977095591,96503977528597,432.064,433.006
3,193,96503977587710,96503977585464,96503977966592,378.882,381.128
3,194,96503978174670,96503978173311,96503978557242,382.572,383.931
3,195,96503978764019,96503978761158,96503979173504,409.485,412.346
3,196,96503979251756,96503979251031,96503979682061,430.305,431.03
3,197,96503979839606,96503979838878,96503980221459,381.853,382.581
3,198,96503980427406,96503980426725,96503980839309,411.903,412.584
3,199,96503981015396,96503981014572,96503981458081,442.685,443.509
3,200,96503981506722,96503981504445,96503982006159,499.437,501.714
3,201,96503982093852,96503982092292,96503982432053,338.201,339.761
3,202,96503982683082,96503982680139,96503983090126,407.044,409.987
3,203,96503983170729,96503983170012,96503983626014,455.285,456.002
3,204,96503983758569,96503983757859,96503984144231,385.662,386.372
3,205,96503984346509,96503984345706,96503984694030,347.521,348.324
3,206,96503984837355,96503984835578,96503985394604,557.249,559.026
3,207,96503985426085,96503985423426,96503985815907,389.822,392.481
3,208,96503986012865,96503986011273,96503986364576,351.711,353.303
3,209,96503986501851,96503986501145,96503986955676,453.825,454.531
3,210,96503987089661,96503987088992,96503987561677,472.016,472.685
3,211,96503987677491,96503987676840,96503988038563,361.072,361.723
3,212,96503988265450,96503988264687,96503988655944,390.494,391.257
3,213,96503988755957,96503988754559,96503989166571,410.614,412.012
3,214,96503989345097,96503989342406,96503989731050,385.953,388.644
3,215,96503989931557,96503989930253,96503990218547,286.99,288.294
3,216,96503990420773,96503990420126,96503990877319,456.546,457.193
3,217,96503991009423,96503991007973,96503991432658,423.235,424.685
3,218,96503991596753,96503991595820,96503991972696,375.943,376.876
3,219,96503992088310,96503992085693,96503992522034,433.724,436.341
3,220,96503992675020,96503992673540,96503993178417,503.397,504.877
3,221,96503993263630,96503993261387,96503993801948,538.318,540.561
3,222,96503993752026,96503993751260,96503994260453,508.427,509.193
3,223,96503994339916,96503994339107,96503994779731,439.815,440.624
3,224,96503994927716,96503994926954,96503995295369,367.653,368.415
3,225,96503995515656,96503995514801,96503995850297,334.641,335.496
3,226,96503996014822,96503996004674,96503996427996,413.174,423.322
3,227,96503996594043,96503996592521,96503996906143,312.1,313.622
3,228,96503997183072,96503997180368,96503997506033,322.961,325.665
3,229,96503997671018,96503997670241,96503998100433,429.415,430.192
3,230,96503998258788,96503998258088,96503998661132,402.344,403.044
3,231,96503998846678,96503998845935,96503999306704,460.026,460.769
3,232,96503999337295,96503999335807,96503999737318,400.023,401.511
3,233,96503999927194,96503999923655,96504000480684,553.49,557.029
3,234,96504000513104,96504000511502,96504000941969,428.865,430.467
3,235,96504001014381,96504001001374,96504001499698,485.317,498.324
3,236,96504001590011,96504001589221,96504001989935,399.924,400.714
3,237,96504002177861,96504002177069,96504002680848,502.987,503.779
3,238,96504002765571,96504002764916,96504003175234,409.663,410.318
3,239,96504003256227,96504003254788,96504003779375,523.148,524.587
3,240,96504003844817,96504003842635,96504004253111,408.294,410.476
3,241,96504004432017,96504004430482,96504004956415,524.398,525.933
3,242,96504004921034,96504004920355,96504005419020,497.986,498.665
3,243,96504005508814,96504005508202,96504005810023,301.209,301.821
3,244,96504006097054,96504006096049,96504006612381,515.327,516.332
3,245,96504006589100,96504006585922,96504006938341,349.241,352.419
3,246,96504007175130,96504007173769,96504007567993,392.863,394.224
3,247,96504007764540,96504007761616,96504008168464,403.924,406.848
3,248,96504008252317,96504008251489,96504008894048,641.731,642.559
3,249,96504008840017,96504008839336,96504009335803,495.786,496.467
3,250,96504009427935,96504009427183,96504009802149,374.214,374.966
3,251,96504010015925,96504010015030,96504010338977,323.052,323.947
3,252,96504010507262,96504010504903,96504010897075,389.813,392.172
3,253,96504011094462,96504011092750,96504011470935,376.473,378.185
3,254,96504011683002,96504011680597,96504012051995,368.993,371.398
3,255,96504012171228,96504012170470,96504012593373,422.145,422.903
3,256,96504012759028,96504012758317,96504013104790,345.762,346.473
3,257,96504013346788,96504013346164,96504013674370,327.582,328.206
3,258,96504013837595,96504013836036,96504014342862,505.267,506.826
3,259,96504014426155,96504014423884,96504014780067,353.912,356.183
3,260,96504015013125,96504015011731,96504015289094,275.969,277.363
3,261,96504015502361,96504015501603,96504015908125,405.764,406.522
3,262,96504016090241,96504016089450,96504016446133,355.892,356.683
3,263,96504016678101,96504016677298,96504017036383,358.282,359.085
3,264,96504017265791,96504017265145,96504017577911,312.12,312.766
3,265,96504017756588,96504017755017,96504018143980,387.392,388.963
3,266,96504018345057,96504018342864,96504018705859,360.802,362.995
3,267,96504018932087,96504018930711,96504019284309,352.222,353.598
3,268,96504019421254,96504019420584,96504019829308,408.054,408.724
3,269,96504020010614,96504020008431,96504020323024,312.41,314.593
3,270,96504020596984,96504020596278,96504020927695,330.711,331.417
3,271,96504021088510,96504021086151,96504021624848,536.338,538.697
3,272,96504021675339,96504021673998,96504022083584,408.245,409.586
3,273,96504022265360,96504022261845,96504022731966,466.606,470.121
3,274,96504022752486,96504022751718,96504023255743,503.257,504.025
3,275,96504023340626,96504023339565,96504023678638,338.012,339.073
3,276,96504023928186,96504023927412,96504024322069,393.883,394.657
3,277,96504024515936,96504024515259,96504024921599,405.663,406.34
3,278,96504025010133,96504025005132,96504025418427,408.294,413.295
3,279,96504025594532,96504025592979,96504025926943,332.411,333.964
3,280,96504026183432,96504026180826,96504026452001,268.569,271.175
3,281,96504026671789,96504026670699,96504027155205,483.416,484.506
3,282,96504027259259,96504027258546,96504027602500,343.241,343.954
3,283,96504027847048,96504027846393,96504028181939,334.891,335.546
3,284,96504028337695,96504028336265,96504028950576,612.881,614.311
3,285,96504028926515,96504028924113,96504029357989,431.474,433.876
3,286,96504029513275,96504029511960,96504030021402,508.127,509.442
3,287,96504030007831,96504030001832,96504030420946,413.115,419.114
3,288,96504030590491,96504030589679,96504030972884,382.393,383.205
3,289,96504031178621,96504031177527,96504031510772,332.151,333.245
3,290,96504031766171,96504031765374,96504032297289,531.118,531.915
3,291,96504032256628,96504032255246,96504032622409,365.781,367.163
3,292,96504032845258,96504032843093,96504033199329,354.071,356.236
3,293,96504033432307,96504033430940,96504033765099,332.792,334.159
3,294,96504033921473,96504033920813,96504034435241,513.768,514.428
3,295,96504034509413,96504034508660,96504034948618,439.205,439.958
3,296,96504035097273,96504035096507,96504035526898,429.625,430.391
3,297,96504035588670,96504035586380,96504036038995,450.325,452.615
3,298,96504036175510,96504036174227,96504036641395,465.885,467.168
3,299,96504036764719,96504036762074,96504037078540,313.821,316.466
3,300,96504037252626,96504037251947,96504037700502,447.876,448.555
3,301,96504037840506,96504037839794,96504038216149,375.643,376.355
3,302,96504038428436,96504038427641,96504038829040,400.604,401.399
3,303,96504039016196,96504039015488,96504039275005,258.809,259.517
3,304,96504039507742,96504039505361,96504039944268,436.526,438.907
3,305,96504040094662,96504040093208,96504040500936,406.274,407.728
3,306,96504040683502,96504040681055,96504041085456,401.954,404.401
3,307,96504041171949,96504041170928,96504041513691,341.742,342.763
3,308,96504041759529,96504041758775,96504042154442,394.913,395.667
3,309,96504042347289,96504042346622,96504042801024,453.735,454.402
3,310,96504042837965,96504042836494,96504043356533,518.568,520.039
3,311,96504043425765,96504043424342,96504043808778,383.013,384.436
3,312,96504044013505,96504044012189,96504044417849,404.344,405.66
3,313,96504044503082,96504044502061,96504045080331,577.249,578.27
3,314,96504045090651,96504045089908,96504045507505,416.854,417.597
3,315,96504045678531,96504045677756,96504046044393,365.862,366.637
3,316,96504046266391,96504046265603,96504046559660,293.269,294.057
3,317,96504046756867,96504046755475,96504047179532,422.665,424.057
3,318,96504047345897,96504047343322,96504047738910,393.013,395.588
3,319,96504047932657,96504047931170,96504048219817,287.16,288.647
3,320,96504048421684,96504048421042,96504048806687,385.003,385.645
3,321,96504049009603,96504049008889,96504049454398,444.795,445.509
3,322,96504049597373,96504049596736,96504050016927,419.554,420.191
3,323,96504050089160,96504050086609,96504050488284,399.124,401.675
3,324,96504050676170,96504050674456,96504051069603,393.433,395.147
3,325,96504051263640,96504051262303,96504051649572,385.932,387.269
3,326,96504051752846,96504051752176,96504052178801,425.955,426.625
3,327,96504052340846,96504052340023,96504052725939,385.093,385.916
3,328,96504052928566,96504052927870,96504053310889,382.323,383.019
3,329,96504053516436,96504053515717,96504053859308,342.872,343.591
3,330,96504054009293,96504054005590,96504054404986,395.693,399.396
3,331,96504054594793,96504054593437,96504054931294,336.501,337.857
3,332,96504055183333,96504055181284,96504055661639,478.306,480.355
3,333,96504055671889,96504055671157,96504056182276,510.387,511.119
3,334,96504056259688,96504056259004,96504056546118,286.43,287.114
3,335,96504056847548,96504056846851,96504057281163,433.615,434.312
3,336,96504057338165,96504057336723,96504057848242,510.077,511.519
3,337,96504057926914,96504057924571,96504058214715,287.801,290.144
3,338,96504058514294,96504058512418,96504058763073,248.779,250.655
3,339,96504059010812,96504059002290,96504059411865,401.053,409.575
3,340,96504059590801,96504059590137,96504060015926,425.125,425.789
3,341,96504060178701,96504060177985,96504060527833,349.132,349.848
3,342,96504060766571,96504060765832,96504061128233,361.662,362.401
3,343,96504061257147,96504061255704,96504061590878,333.731,335.174
3,344,96504061846567,96504061843551,96504062267242,420.675,423.691
3,345,96504062432797,96504062431399,96504062824420,391.623,393.021
3,346,96504062921954,96504062921271,96504063337468,415.514,416.197
3,347,96504063509904,96504063509118,96504063869196,359.292,360.078
3,348,96504064097764,96504064096965,96504064498117,400.353,401.152
3,349,96504064589380,96504064586838,96504065003164,413.784,416.326
3,350,96504065176090,96504065174685,96504065591734,415.644,417.049
3,351,96504065764990,96504065762532,96504066111651,346.661,349.119
3,352,96504066253137,96504066252405,96504066733463,480.326,481.058
3,353,96504066840907,96504066840252,96504067144556,303.649,304.304
3,354,96504067428796,96504067428099,96504067797419,368.623,369.32
3,355,96504068017136,96504068015946,96504068312996,295.86,297.05
3,356,96504068507493,96504068505819,96504068962178,454.685,456.359
3,357,96504069095023,96504069093666,96504069497696,402.673,404.03
3,358,96504069683913,96504069681513,96504070029344,345.431,347.831
3,359,96504070172098,96504070171386,96504070555262,383.164,383.876
3,360,96504070759968,96504070759233,96504071183413,423.445,424.18
3,361,96504071347848,96504071347080,96504071698011,350.163,350.931
3,362,96504071838405,96504071836952,96504072323742,485.337,486.79
3,363,96504072427315,96504072424800,96504072795637,368.322,370.837
3,364,96504073014005,96504073012647,96504073371697,357.692,359.05
3,365,96504073503181,96504073502519,96504073970757,467.576,468.238
3,366,96504074091201,96504074090366,96504074544247,453.046,453.881
3,367,96504074678891,96504074678214,96504075022863,343.972,344.649
3,368,96504075266751,96504075266061,96504075700925,434.174,434.864
3,369,96504075757398,96504075755933,96504076136650,379.252,380.717
3,370,96504076345807,96504076343780,96504076695899,350.092,352.119
3,371,96504076932757,96504076931628,96504077305580,372.823,373.952
3,372,96504077422284,96504077421500,96504077829608,407.324,408.108
3,373,96504078011834,96504078009347,96504078378806,366.972,369.459
3,374,96504078597944,96504078597194,96504078971476,373.532,374.282
3,375,96504079089320,96504079087067,96504079430812,341.492,343.745
3,376,96504079676270,96504079674914,96504080120145,443.875,445.231
3,377,96504080264430,96504080262761,96504080569000,304.57,306.239
3,378,96504080753376,96504080752634,96504081124939,371.563,372.305
3,379,96504081341396,96504081340481,96504081810532,469.136,470.051
3,380,96504081929056,96504081928328,96504082296738,367.682,368.41
3,381,96504082516886,96504082516175,96504082864058,347.172,347.883
3,382,96504083009082,96504083006048,96504083473028,463.946,466.98
3,383,96504083595692,96504083593895,96504083977705,382.013,383.81
3,384,96504084183902,96504084181742,96504084494693,310.791,312.951
3,385,96504084672429,96504084671615,96504085075752,403.323,404.137
3,386,96504085260109,96504085259462,96504085725174,465.065,465.712
3,387,96504085848209,96504085847309,96504086181480,333.271,334.171
3,388,96504086338525,96504086337181,96504086731198,392.673,394.017
3,389,96504086926435,96504086925029,96504087271997,345.562,346.968
3,390,96504087514215,96504087512876,96504087957960,443.745,445.084
3,391,96504088007881,96504088002748,96504088410255,402.374,407.507
3,392,96504088591311,96504088590595,96504088959714,368.403,369.119
3,393,96504089179141,96504089178443,96504089544034,364.893,365.591
3,394,96504089766961,96504089766290,96504090112653,345.692,346.363
3,395,96504090257378,96504090256162,96504090618680,361.302,362.518
3,396,96504090845408,96504090844009,96504091272701,427.293,428.692
3,397,96504091433198,96504091431857,96504091837431,404.233,405.574
3,398,96504091922504,96504091921729,96504092318007,395.503,396.278
3,399,96504092510473,96504092509576,96504092868676,358.203,359.1
3,400,96504093098053,96504093097423,96504093434335,336.282,336.912
3,401,96504093589680,96504093587296,96504093934302,344.622,347.006
3,402,96504094176500,96504094175143,96504094488231,311.731,313.088
3,403,96504094765280,96504094762990,96504095121621,356.341,358.631
3,404,96504095253706,96504095252863,96504095643460,389.754,390.597
3,405,96504095841546,96504095840710,96504096187278,345.732,346.568
3,406,96504096429316,96504096428557,96504096866271,436.955,437.714
3,407,96504097017096,96504097016404,96504097268415,251.319,252.011
3,408,96504097508692,96504097506277,96504098021950,513.258,515.673
3,409,96504098095892,96504098094124,96504098472735,376.843,378.611
3,410,96504098683842,96504098681971,96504099083896,400.054,401.925
3,411,96504099172509,96504099171844,96504099607023,434.514,435.179
3,412,96504099760389,96504099759691,96504100076070,315.681,316.379
3,413,96504100348359,96504100347538,96504100639098,290.739,291.56
3,414,96504100838735,96504100837410,96504101402834,564.099,565.424
3,415,96504101427415,96504101425258,96504101794788,367.373,369.53
3,416,96504102014745,96504102013105,96504102373747,359.002,360.642
3,417,96504102503752,96504102502977,96504102978977,475.225,476.0
3,418,96504103091642,96504103090824,96504103717093,625.451,626.269
3,419,96504103679451,96504103678672,96504103993932,314.481,315.26
3,420,96504104267191,96504104266519,96504104745998,478.807,479.479
3,421,96504104757627,96504104756391,96504105266185,508.558,509.794
3,422,96504105346658,96504105344238,96504105739541,392.883,395.303
3,423,96504105933367,96504105932086,96504106276509,343.142,344.423
3,424,96504106422614,96504106421958,96504106792526,369.912,370.568
3,425,96504107010504,96504107009805,96504107318254,307.75,308.449
3,426,96504107598753,96504107597652,96504107936825,338.072,339.173
3,427,96504108090230,96504108087525,96504108531245,441.015,443.72
3,428,96504108676790,96504108675372,96504108983940,307.15,308.568
3,429,96504109264540,96504109263219,96504109571170,306.63,307.951
3,430,96504109754116,96504109753092,96504110171391,417.275,418.299
3,431,96504110341646,96504110340939,96504110679518,337.872,338.579
3,432,96504110929466,96504110928786,96504111250337,320.871,321.551
3,433,96504111517326,96504111516633,96504111834797,317.471,318.164
3,434,96504112012923,96504112006506,96504112593463,580.54,586.957
3,435,96504112595823,96504112594353,96504112981545,385.722,387.192
3,436,96504113184483,96504113182200,96504113498063,313.58,315.863
3,437,96504113672749,96504113672073,96504114091333,418.584,419.26
3,438,96504114260579,96504114259920,96504114655602,395.023,395.682
3,439,96504114848419,96504114847767,96504115107198,258.779,259.431
3,440,96504115339016,96504115337639,96504115784740,445.724,447.101
3,441,96504115927766,96504115925487,96504116157533,229.767,232.046
3,442,96504116514794,96504116513334,96504116956039,441.245,442.705
3,443,96504117010842,96504117003206,96504117463937,453.095,460.731
3,444,96504117591791,96504117591053,96504117928793,337.002,337.74
3,445,96504118179571,96504118178901,96504118495642,316.071,316.741
3,446,96504118767491,96504118766748,96504119078292,310.801,311.544
3,447,96504119258027,96504119256620,96504119603519,345.492,346.899
3,448,96504119845757,96504119844467,96504120251961,406.204,407.494
3,449,96504120433717,96504120432315,96504120792649,358.932,360.334
3,450,96504120922904,96504120922187,96504121388790,465.886,466.603
3,451,96504121510724,96504121510034,96504121886827,376.103,376.793
3,452,96504122098644,96504122097881,96504122468766,370.122,370.885
3,453,96504122589110,96504122587754,96504123059786,470.676,472.032
3,454,96504123177050,96504123175601,96504123506951,329.901,331.35
3,455,96504123764820,96504123763448,96504124177574,412.754,414.126
3,456,96504124254017,96504124253321,96504124739963,485.946,486.642
3,457,96504124841917,96504124841168,96504125163637,321.72,322.469
3,458,96504125429687,96504125429015,96504125804979,375.292,375.964
3,459,96504126017866,96504126016862,96504126431920,414.054,415.058
3,460,96504126508133,96504126506735,96504126892196,384.063,385.461
3,461,96504127096003,96504127094582,96504127551538,455.535,456.956
3,462,96504127683903,96504127682429,96504128147638,463.735,465.209
3,463,96504128172998,96504128172302,96504128581343,408.345,409.041
3,464,96504128760838,96504128760149,96504129102140,341.302,341.991
3,465,96504129348928,96504129347996,96504129686690,337.762,338.694
3,466,96504129839125,96504129837868,96504130358843,519.718,520.975
3,467,96504130429095,96504130425716,96504130765647,336.552,339.931
3,468,96504131014835,96504131013563,96504131354886,340.051,341.323
3,469,96504131504381,96504131503435,96504132007178,502.797,503.743
3,470,96504132092031,96504132091282,96504132604829,512.798,513.547
3,471,96504132679781,96504132679130,96504133095925,416.144,416.795
3,472,96504133267621,96504133266977,96504133650854,383.233,383.877
3,473,96504133758258,96504133756849,96504134149581,391.323,392.732
3,474,96504134345988,96504134344696,96504134592336,246.348,247.64
3,475,96504134934197,96504134932544,96504135277589,343.392,345.045
3,476,96504135423154,96504135422416,96504135829948,406.794,407.532
3,477,96504136011464,96504136010263,96504136370186,358.722,359.923
3,478,96504136598824,96504136598110,96504136972846,374.022,374.736
3,479,96504137089511,96504137087983,96504137539745,450.234,451.762
3,480,96504137677210,96504137675830,96504138139675,462.465,463.845
3,481,96504138266120,96504138263677,96504138624862,358.742,361.185
3,482,96504138754197,96504138753550,96504139258074,503.877,504.524
3,483,96504139342166,96504139341397,96504139705349,363.183,363.952
3,484,96504139929976,96504139929244,96504140371181,441.205,441.937
3,485,96504140517876,96504140517091,96504140864608,346.732,347.517
3,486,96504141008582,96504141006964,96504141582192,573.61,575.228
3,487,96504141596332,96504141594811,96504141900153,303.821,305.342
3,488,96504142183872,96504142182658,96504142661028,477.156,478.37
3,489,96504142673239,96504142672531,96504143181216,507.977,508.685
3,490,96504143261169,96504143260378,96504143638252,377.083,377.874
3,491,96504143848869,96504143848225,96504144109617,260.748,261.392
3,492,96504144339475,96504144338097,96504144749920,410.445,411.823
3,493,96504144927705,96504144925945,96504145282947,355.242,357.002
3,494,96504145515135,96504145513792,96504146002982,487.847,489.19
3,495,96504146011121,96504146003664,96504146449046,437.925,445.382
3,496,96504146592552,96504146591511,96504147002315,409.763,410.804
3,497,96504147180401,96504147179359,96504147517062,336.661,337.703
3,498,96504147781052,96504147767206,96504148107132,326.08,339.926
3,499,96504148258538,96504148257078,96504148668511,409.973,411.433
3,500,96504150640758,96504148844925,96504151605381,964.623,2760.456
3,501,96504150656678,96504149432773,96504151638221,981.543,2205.448
3,502,96504150663649,96504149922645,96504151794037,1130.388,1871.392
3,503,96504150667799,96504150510492,96504151945723,1277.924,1435.231
3,504,96504151099124,96504151098339,96504152537193,1438.069,1438.854
3,505,96504151589771,96504151588212,96504152690157,1100.386,1101.945
3,506,96504152177340,96504152176059,96504153137083,959.743,961.024
3,507,96504152765400,96504152763906,96504153760294,994.894,996.388
3,508,96504153254436,96504153253779,96504153898069,643.633,644.29
3,509,96504153842336,96504153841626,96504154310662,468.326,469.036
3,510,96504154430156,96504154429473,96504154914893,484.737,485.42
3,511,96504155018056,96504155017320,96504155604476,586.42,587.156
3,512,96504155509313,96504155507193,96504156149094,639.781,641.901
3,513,96504156096452,96504156095040,96504156498286,401.834,403.246
3,514,96504156684272,96504156682887,96504157124177,439.905,441.29
3,515,96504157173549,96504157172760,96504157680596,507.047,507.836
3,516,96504157761339,96504157760607,96504158108450,347.111,347.843
3,517,96504158349199,96504158348454,96504158820844,471.645,472.39
3,518,96504158839765,96504158838326,96504159361033,521.268,522.707
3,519,96504159428335,96504159426174,96504159835759,407.424,409.585
3,520,96504160015445,96504160014021,96504160504912,489.467,490.891
3,521,96504160504582,96504160503893,96504160980318,475.736,476.425
3,522,96504161092682,96504161091740,96504161551947,459.265,460.207
3,523,96504161680302,96504161679588,96504162013213,332.911,333.625
3,524,96504162268442,96504162267435,96504162688886,420.444,421.451
3,525,96504162758978,96504162757307,96504163249905,490.927,492.598
3,526,96504163346928,96504163345154,96504163897906,550.978,552.752
3,527,96504163934247,96504163933002,96504164358362,424.115,425.36
3,528,96504164423694,96504164422874,96504164883890,460.196,461.016
3,529,96504165011384,96504165010721,96504165328194,316.81,317.473
3,530,96504165599333,96504165598568,96504166026448,427.115,427.88
3,531,96504166090680,96504166088441,96504166478343,387.663,389.902
3,532,96504166677570,96504166676288,96504167042923,365.353,366.635
3,533,96504167265600,96504167264135,96504167608302,342.702,344.167
3,534,96504167754697,96504167754008,96504168348627,593.93,594.619
3,535,96504168342506,96504168341855,96504168820743,478.237,478.888
3,536,96504168930436,96504168929702,96504169385102,454.666,455.4
3,537,96504169518436,96504169517549,96504169797706,279.27,280.157
3,538,96504170008723,96504170007422,96504170446108,437.385,438.686
3,539,96504170596553,96504170595269,96504170936065,339.512,340.796
3,540,96504171184413,96504171183116,96504171568905,384.492,385.789
3,541,96504171673689,96504171672989,96504172135474,461.785,462.485
3,542,96504172261409,96504172260836,96504172721514,460.105,460.678
3,543,96504172849469,96504172848683,96504173230342,380.873,381.659
3,544,96504173339836,96504173338556,96504173785110,445.274,446.554
3,545,96504173927666,96504173926403,96504174303648,375.982,377.245
3,546,96504174515626,96504174514250,96504174904428,388.802,390.178
3,547,96504175011022,96504175004122,96504175329583,318.561,325.461
3,548,96504175592972,96504175591969,96504175979795,386.823,387.826
3,549,96504176180541,96504176179817,96504176504712,324.171,324.895
3,550,96504176777051,96504176767664,96504177112302,335.251,344.638
3,551,96504177258867,96504177257536,96504177600869,342.002,343.333
3,552,96504177846717,96504177845383,96504178173289,326.572,327.906
3,553,96504178434647,96504178433231,96504178811050,376.403,377.819
3,554,96504178924044,96504178923103,96504179366639,442.595,443.536
3,555,96504179565616,96504179510950,96504179888927,323.311,377.977
3,556,96504180099824,96504180098797,96504180404974,305.15,306.177
3,557,96504180590010,96504180588670,96504180914281,324.271,325.611
3,558,96504181177930,96504181176517,96504181725539,547.609,549.022
3,559,96504181765740,96504181764364,96504182128523,362.783,364.159
3,560,96504182255247,96504182254237,96504182636160,380.913,381.923
3,561,96504182842797,96504182842084,96504183213789,370.992,371.705
3,562,96504183430677,96504183429931,96504183933384,502.707,503.453
3,563,96504184018557,96504184017778,96504184363418,344.861,345.64
3,564,96504184508943,96504184507651,96504184877355,368.412,369.704
3,565,96504185096943,96504185095498,96504185439365,342.422,343.867
3,566,96504185684623,96504185683345,96504186007194,322.571,323.849
3,567,96504186173950,96504186173218,96504186509001,335.051,335.783
3,568,96504186761768,96504186761065,96504187139811,378.043,378.746
3,569,96504187349578,96504187348912,96504187758733,409.155,409.821
3,570,96504187840256,96504187838785,96504188354272,514.016,515.487
3,571,96504188427965,96504188426632,96504188791777,363.812,365.145
3,572,96504189015795,96504189014479,96504189397869,382.074,383.39
3,573,96504189505081,96504189504351,96504189900706,395.625,396.355
3,574,96504190092961,96504190092198,96504190506176,413.215,413.978
3,575,96504190680741,96504190680046,96504191034663,353.922,354.617
3,576,96504191268561,96504191267893,96504191615653,347.092,347.76
3,577,96504191759128,96504191757765,96504192177642,418.514,419.877
3,578,96504192346998,96504192345612,96504192691939,344.941,346.327
3,579,96504192935088,96504192933460,96504193255338,320.25,321.878
3,580,96504193424494,96504193423332,96504193855679,431.185,432.347
3,581,96504194015034,96504194011179,96504194477410,462.376,466.231
3,582,96504194600124,96504194599026,96504194978277,378.153,379.251
3,583,96504195091951,96504195088899,96504195533695,441.744,444.796
3,584,96504195678820,96504195676746,96504196099484,420.664,422.738
3,585,96504196266370,96504196264593,96504196591131,324.761,326.538
3,586,96504196755417,96504196754466,96504197109989,354.572,355.523
3,587,96504197343037,96504197342313,96504197857684,514.647,515.371
3,588,96504197930977,96504197930160,96504198373482,442.505,443.322
3,589,96504198518697,96504198518007,96504198859078,340.381,341.071
3,590,96504199009263,96504199007880,96504199444798,435.535,436.918
3,591,96504199597462,96504199595727,96504199961425,363.963,365.698
3,592,96504200184842,96504200183574,96504200504734,319.892,321.16
3,593,96504200674409,96504200673447,96504201112264,437.855,438.817
3,594,96504201262089,96504201261294,96504201622542,360.453,361.248
3,595,96504201849919,96504201849141,96504202177970,328.051,328.829
3,596,96504202340785,96504202339014,96504202730639,389.854,391.625
3,597,96504202928255,96504202926861,96504203245946,317.691,319.085
3,598,96504203516015,96504203514708,96504203879438,363.423,364.73
3,599,96504204011122,96504204004580,96504204362234,351.112,357.654
3,600,96504204593132,96504204592427,96504205144670,551.538,552.243
3,601,96504205181002,96504205180275,96504205499552,318.55,319.277
3,602,96504205778792,96504205768122,96504206182036,403.244,413.914
3,603,96504206259628,96504206257994,96504206835927,576.299,577.933
3,604,96504206847228,96504206845841,96504207188070,340.842,342.229
3,605,96504207435228,96504207433689,96504207788350,353.122,354.661
3,606,96504207924264,96504207923561,96504208473773,549.509,550.212
3,607,96504208512054,96504208511408,96504208914237,402.183,402.829
3,608,96504209100044,96504209099255,96504209372353,272.309,273.098
3,609,96504209590771,96504209589128,96504209993794,403.023,404.666
3,610,96504210178301,96504210176975,96504210708198,529.897,531.223
3,611,96504210767311,96504210764822,96504211089311,322.0,324.489
3,612,96504211255386,96504211254695,96504211786085,530.699,531.39
3,613,96504211843396,96504211842542,96504212269611,426.215,427.069
3,614,96504212431116,96504212430389,96504212790219,359.103,359.83
3,615,96504213018896,96504213018236,96504213352417,333.521,334.181
3,616,96504213509633,96504213508109,96504214082052,572.419,573.943
3,617,96504214097583,96504214095956,96504214421534,323.951,325.578
3,618,96504214685312,96504214683803,96504214953692,268.38,269.889
3,619,96504215174599,96504215173676,96504215617794,443.195,444.118
3,620,96504215762319,96504215761523,96504216102101,339.782,340.578
3,621,96504216350099,96504216349370,96504216744762,394.663,395.392
3,622,96504216840865,96504216839243,96504217251660,410.795,412.417
3,623,96504217428835,96504217427090,96504217843630,414.795,416.54
3,624,96504218016755,96504218014937,96504218377607,360.852,362.67
3,625,96504218505602,96504218504809,96504218998318,492.716,493.509
3,626,96504219093682,96504219092656,96504219502805,409.123,410.149
3,627,96504219681262,96504219680504,96504220096306,415.044,415.802
3,628,96504220269122,96504220268351,96504220664455,395.333,396.104
3,629,96504220759818,96504220758223,96504221132870,373.052,374.647
3,630,96504221348458,96504221346070,96504221816254,467.796,470.184
3,631,96504221935468,96504221933918,96504222405254,469.786,471.336
3,632,96504222424514,96504222423790,96504222896200,471.686,472.41
3,633,96504223012494,96504223011637,96504223321625,309.131,309.988
3,634,96504223600214,96504223599484,96504223923805,323.591,324.321
3,635,96504224090820,96504224089357,96504224454023,363.203,364.666
3,636,96504224678690,96504224677204,96504225177517,498.827,500.313
3,637,96504225266390,96504225265051,96504225637503,371.113,372.452
3,638,96504225755627,96504225754924,96504226259004,503.377,504.08
3,639,96504226343456,96504226342771,96504226668798,325.342,326.027
3,640,96504226931366,96504226930618,96504227331540,400.174,400.922
3,641,96504227519236,96504227518465,96504227853097,333.861,334.632
3,642,96504228010743,96504228008338,96504228479778,469.035,471.44
3,643,96504228597523,96504228596185,96504228841821,244.298,245.636
3,644,96504229185353,96504229184032,96504229551015,365.662,366.983
3,645,96504229674559,96504229673905,96504230090363,415.804,416.458
3,646,96504230262669,96504230261752,96504230780787,518.118,519.035
3,647,96504230850279,96504230849599,96504231205441,355.162,355.842
3,648,96504231340986,96504231339472,96504231746659,405.673,407.187
3,649,96504231928776,96504231927319,96504232328579,399.803,401.26
3,650,96504232516576,96504232515166,96504232862837,346.261,347.671
3,651,96504233007812,96504233005038,96504233460587,452.775,455.549
3,652,96504233593652,96504233592885,96504234058888,465.236,466.003
3,653,96504234181462,96504234180733,96504234517463,336.001,336.73
3,654,96504234777382,96504234768580,96504235229427,452.045,460.847
3,655,96504235259948,96504235258452,96504235679882,419.934,421.43
3,656,96504235848128,96504235846299,96504236196540,348.412,350.241
3,657,96504236435447,96504236434147,96504236810220,374.773,376.073
3,658,96504236924774,96504236924019,96504237436052,511.278,512.033
3,659,96504237512734,96504237511866,96504237921508,408.774,409.642
3,660,96504238100574,96504238099713,96504238490917,390.343,391.204
3,661,96504238590770,96504238589586,96504238976694,385.924,387.108
3,662,96504239178750,96504239177433,96504239528783,350.033,351.35
3,663,96504239766660,96504239765280,96504240105262,338.602,339.982
3,664,96504240255957,96504240255153,96504240697022,441.065,441.869
3,665,96504240843717,96504240843000,96504241266241,422.524,423.241
3,666,96504241431797,96504241430847,96504241745777,313.98,314.93
3,667,96504242019397,96504242018694,96504242432090,412.693,413.396
3,668,96504242510383,96504242508567,96504242893386,383.003,384.819
3,669,96504243097823,96504243096414,96504243476296,378.473,379.882
3,670,96504243685863,96504243684261,96504244118557,432.694,434.296
3,671,96504244174810,96504244174134,96504244589033,414.223,414.899
3,672,96504244762960,96504244761981,96504245105721,342.761,343.74
3,673,96504245350559,96504245349828,96504245696401,345.842,346.573
3,674,96504245840996,96504245839701,96504246333922,492.926,494.221
3,675,96504246429416,96504246427548,96504246892881,463.465,465.333
3,676,96504247018166,96504247015395,96504247280684,262.518,265.289
3,677,96504247506031,96504247505267,96504247984198,478.167,478.931
3,678,96504248093841,96504248093114,96504248461284,367.443,368.17
3,679,96504248682121,96504248680962,96504249107346,425.225,426.384
3,680,96504249269841,96504249268809,96504249676795,406.954,407.986
3,681,96504249759828,96504249758681,96504250117830,358.002,359.149
3,682,96504250348298,96504250346528,96504250831825,483.527,485.297
3,683,96504250936318,96504250934376,96504251263129,326.811,328.753
3,684,96504251425164,96504251424248,96504251818067,392.903,393.819
3,685,96504252012834,96504252012095,96504252503001,490.167,490.906
3,686,96504252600664,96504252599942,96504252874753,274.089,274.811
3,687,96504253091191,96504253089815,96504253516525,425.334,426.71
3,688,96504253679491,96504253677662,96504254055474,375.983,377.812
3,689,96504254267340,96504254265509,96504254581300,313.96,315.791
3,690,96504254756207,96504254755382,96504255258664,502.457,503.282
3,691,96504255344037,96504255343229,96504255729950,385.913,386.721
3,692,96504255931737,96504255931076,96504256327760,396.023,396.684
3,693,96504256519697,96504256518923,96504256794376,274.679,275.453
3,694,96504257010663,96504257008796,96504257597733,587.07,588.937
3,695,96504257598063,96504257596643,96504258009577,411.514,412.934
3,696,96504258185813,96504258184490,96504258578896,393.083,394.406
3,697,96504258675189,96504258674363,96504259092904,417.715,418.541
3,698,96504259262889,96504259262210,96504259627001,364.112,364.791
3,699,96504259850789,96504259850057,96504260198551,347.762,348.494
3,700,96504260341395,96504260339930,96504260753190,411.795,413.26
3,701,96504260930125,96504260927777,96504261276118,345.993,348.341
3,702,96504261516995,96504261515624,96504261873247,356.252,357.623
3,703,96504262007522,96504262005496,96504262448057,440.535,442.561
3,704,96504262594092,96504262593344,96504263029687,435.595,436.343
3,705,96504263181932,96504263181191,96504263565274,383.342,384.083
3,706,96504263772721,96504263769038,96504264190745,418.024,421.707
3,707,96504264260168,96504264258910,96504264745885,485.717,486.975
3,708,96504264848808,96504264846757,96504265200800,351.992,354.043
3,709,96504265436358,96504265434605,96504265895543,459.185,460.938
3,710,96504265925215,96504265924477,96504266371309,446.094,446.832
3,711,96504266513244,96504266512324,96504266785533,272.289,273.209
3,712,96504267100944,96504267100171,96504267446266,345.322,346.095
3,713,96504267592561,96504267590044,96504267984084,391.523,394.04
3,714,96504268179231,96504268177891,96504268688517,509.286,510.626
3,715,96504268773690,96504268765738,96504269164704,391.014,398.966
3,716,96504269355051,96504269353585,96504269740393,385.342,386.808
3,717,96504269844217,96504269843458,96504270217899,373.682,374.441
3,718,96504270431936,96504270431305,96504270937254,505.318,505.949
3,719,96504271019846,96504271019152,96504271448181,428.335,429.029
3,720,96504271510473,96504271509025,96504271987309,476.836,478.284
3,721,96504272098443,96504272096872,96504272370363,271.92,273.491
3,722,96504272685983,96504272684719,96504273096197,410.214,411.478
3,723,96504273175309,96504273174592,96504273546731,371.422,372.139
3,724,96504273763279,96504273762439,96504274160333,397.054,397.894
3,725,96504274351119,96504274350286,96504274668380,317.261,318.094
3,726,96504274841646,96504274840159,96504275310731,469.085,470.572
3,727,96504275429315,96504275428006,96504275754587,325.272,326.581
3,728,96504276017115,96504276015853,96504276454760,437.645,438.907
3,729,96504276605125,96504276603700,96504276887715,282.59,284.015
3,730,96504277094552,96504277093573,96504277569368,474.816,475.795
3,731,96504277682202,96504277681420,96504278022884,340.682,341.464
3,732,96504278270192,96504278269267,96504278673865,403.673,404.598
3,733,96504278760508,96504278759139,96504279200073,439.565,440.934
3,734,96504279348468,96504279346986,96504279692070,343.602,345.084
3,735,96504279936088,96504279934834,96504280307270,371.182,372.436
3,736,96504280425505,96504280424706,96504280864920,439.415,440.214
3,737,96504281014095,96504281012553,96504281444039,429.944,431.486
3,738,96504281601075,96504281600400,96504282081411,480.336,481.011
3,739,96504282092881,96504282090273,96504282524136,431.255,433.863
3,740,96504282679300,96504282678120,96504283180467,501.167,502.347
3,741,96504283267770,96504283265967,96504283660903,393.133,394.936
3,742,96504283856140,96504283853814,96504284240254,384.114,386.44
3,743,96504284344447,96504284343687,96504284854414,509.967,510.727
3,744,96504284932276,96504284931534,96504285293889,361.613,362.355
3,745,96504285520056,96504285519381,96504285932681,412.625,413.3
3,746,96504286023563,96504286009254,96504286554332,530.769,545.078
3,747,96504286598563,96504286597101,96504287039338,440.775,442.237
3,748,96504287186493,96504287184948,96504287536985,350.492,352.037
3,749,96504287675979,96504287674821,96504288013901,337.922,339.08
3,750,96504288263849,96504288262668,96504288657712,393.863,395.044
3,751,96504288851439,96504288850515,96504289105728,254.289,255.213
3,752,96504289341896,96504289340388,96504289702788,360.892,362.4
3,753,96504289929546,96504289928235,96504290209285,279.739,281.05
3,754,96504290517736,96504290516082,96504291071584,553.848,555.502
3,755,96504291105276,96504291103929,96504291437797,332.521,333.868
3,756,96504291594622,96504291593802,96504292001576,406.954,407.774
3,757,96504292182422,96504292181649,96504292550854,368.432,369.205
3,758,96504292773702,96504292769496,96504293144694,370.992,375.198
3,759,96504293260739,96504293259368,96504293672972,412.233,413.604
3,760,96504293848908,96504293847215,96504294308654,459.746,461.439
3,761,96504294436338,96504294435063,96504294843712,407.374,408.649
3,762,96504294925654,96504294924935,96504295469453,543.799,544.518
3,763,96504295513524,96504295512782,96504295786814,273.29,274.032
3,764,96504296101514,96504296100629,96504296396684,295.17,296.055
3,765,96504296593400,96504296590502,96504297000595,407.195,410.093
3,766,96504297180000,96504297178349,96504297546683,366.683,368.334
3,767,96504297767420,96504297766196,96504298171734,404.314,405.538
3,768,96504298355710,96504298354043,96504298715623,359.913,361.58
3,769,96504298844667,96504298843916,96504299317073,472.406,473.157
3,770,96504299432467,96504299431763,96504299726747,294.28,294.984
3,771,96504300020407,96504300019610,96504300355748,335.341,336.138
3,772,96504300511093,96504300509483,96504300934598,423.505,425.115
3,773,96504301098993,96504301097330,96504301429844,330.851,332.514
3,774,96504301687493,96504301685177,96504302076626,389.133,391.449
3,775,96504302175740,96504302175050,96504302545832,370.092,370.782
3,776,96504302763670,96504302762897,96504303246956,483.286,484.059
3,777,96504303351440,96504303350744,96504303694611,343.171,343.867
3,778,96504303842256,96504303840617,96504304313422,471.166,472.805
3,779,96504304429896,96504304428464,96504304707815,277.919,279.351
3,780,96504305017926,96504305016311,96504305395398,377.472,379.087
3,781,96504305605756,96504305604158,96504305999099,393.343,394.941
3,782,96504306094841,96504306094031,96504306571728,476.887,477.697
3,783,96504306683451,96504306681878,96504307143067,459.616,461.189
3,784,96504307270561,96504307269725,96504307741228,470.667,471.503
3,785,96504307761008,96504307759597,96504308281256,520.248,521.659
3,786,96504308348938,96504308347444,96504308691879,342.941,344.435
3,787,96504308936478,96504308935292,96504309324251,387.773,388.959
3,788,96504309425934,96504309425164,96504309853189,427.255,428.025
3,789,96504310013754,96504310013011,96504310402258,388.504,389.247
3,790,96504310601684,96504310600858,96504311030699,429.015,429.841
3,791,96504311093071,96504311090731,96504311558586,465.515,467.855
3,792,96504311680021,96504311678578,96504312133396,453.375,454.818
3,793,96504312267691,96504312266425,96504312540580,272.889,274.155
3,794,96504312855730,96504312854272,96504313265124,409.394,410.852
3,795,96504313344907,96504313344145,96504313755270,410.363,411.125
3,796,96504313932727,96504313931992,96504314275059,342.332,343.067
3,797,96504314520607,96504314519839,96504314850138,329.531,330.299
3,798,96504315018913,96504315009712,96504315553382,534.469,543.67
3,799,96504315598923,96504315597559,96504315967006,368.083,369.447
3,800,96504316186763,96504316185406,96504316533495,346.732,348.089
3,801,96504316675980,96504316675279,96504317152415,476.435,477.136
3,802,96504317264490,96504317263126,96504317671803,407.313,408.677
3,803,96504317851779,96504317850973,96504318208592,356.813,357.619
3,804,96504318342565,96504318340846,96504318808531,465.966,467.685
3,805,96504318931075,96504318928693,96504319267177,336.102,338.484
3,806,96504319517855,96504319516540,96504319924670,406.815,408.13
3,807,96504320106125,96504320104387,96504320445717,339.592,341.33
3,808,96504320594962,96504320594260,96504321064448,469.486,470.188
3,809,96504321182962,96504321182107,96504321548474,365.512,366.367
3,810,96504321773981,96504321769954,96504322142414,368.433,372.46
3,811,96504322261338,96504322259826,96504322609940,348.602,350.114
3,812,96504322849088,96504322847673,96504323186670,337.582,338.997
3,813,96504323436958,96504323435521,96504323762349,325.391,326.828
3,814,96504323926145,96504323925393,96504324451032,524.887,525.639
3,815,96504324513924,96504324513240,96504324914448,400.524,401.208
3,816,96504325101794,96504325101087,96504325425925,324.131,324.838
3,817,96504325592281,96504325590960,96504325962903,370.622,371.943
3,818,96504326180351,96504326178807,96504326668088,487.737,489.281
3,819,96504326774231,96504326766654,96504327119432,345.201,352.778
3,820,96504327355841,96504327354501,96504327780084,424.243,425.583
3,821,96504327845597,96504327844374,96504328234440,388.843,390.066
3,822,96504328432927,96504328432221,96504328860441,427.514,428.22
3,823,96504329020806,96504329020068,96504329386099,365.293,366.031
3,824,96504329512504,96504329509941,96504329894956,382.452,385.015
3,825,96504330099144,96504330097788,96504330429144,330.0,331.356
3,826,96504330686853,96504330685635,96504331144319,457.466,458.684
3,827,96504331176469,96504331175508,96504331568822,392.353,393.314
3,828,96504331764039,96504331763355,96504332236586,472.547,473.231
3,829,96504332351979,96504332351202,96504332735863,383.884,384.661
3,830,96504332842556,96504332841075,96504333397575,555.019,556.5
3,831,96504333431125,96504333428922,96504333734876,303.751,305.954
3,832,96504334018345,96504334016769,96504334380528,362.183,363.759
3,833,96504334605805,96504334604616,96504334999239,393.434,394.623
3,834,96504335095232,96504335094489,96504335662721,567.489,568.232
3,835,96504335683422,96504335682336,96504336043954,360.532,361.618
3,836,96504336270852,96504336270183,96504336598283,327.431,328.1
3,837,96504336761958,96504336760055,96504337287186,525.228,527.131
3,838,96504337350598,96504337347903,96504337680829,330.231,332.926
3,839,96504337937058,96504337935750,96504338291970,354.912,356.22
3,840,96504338426325,96504338425622,96504338886890,460.565,461.268
3,841,96504339014435,96504339013469,96504339463009,448.574,449.54
3,842,96504339601995,96504339601316,96504339924395,322.4,323.079
3,843,96504340092511,96504340091189,96504340454163,361.652,362.974
3,844,96504340680551,96504340679036,96504341147137,466.586,468.101
3,845,96504341269121,96504341266883,96504341630383,361.262,363.5
3,846,96504341856551,96504341854730,96504342190302,333.751,335.572
3,847,96504342345587,96504342344603,96504342764342,418.755,419.739
3,848,96504342933237,96504342932450,96504343374501,441.264,442.051
3,849,96504343521066,96504343520297,96504343859338,338.272,339.041
3,850,96504344013013,96504344010170,96504344395567,382.554,385.397
3,851,96504344599653,96504344598017,96504344941675,342.022,343.658
3,852,96504345187553,96504345185864,96504345558746,371.193,372.882
3,853,96504345676489,96504345675737,96504346116104,439.615,440.367
3,854,96504346264329,96504346263584,96504346620661,356.332,357.077
3,855,96504346852239,96504346851431,96504347165300,313.061,313.869
3,856,96504347342796,96504347341304,96504347704969,362.173,363.665
3,857,96504347931366,96504347929151,96504348333020,401.654,403.869
3,858,96504348518656,96504348516998,96504348887208,368.552,370.21
3,859,96504349106486,96504349104845,96504349388455,281.969,283.61
3,860,96504349595442,96504349594718,96504350037147,441.705,442.429
3,861,96504350183342,96504350182565,96504350502603,319.261,320.038
3,862,96504350774892,96504350770412,96504351173125,398.233,402.713
3,863,96504351262099,96504351260284,96504351698543,436.444,438.259
3,864,96504351850729,96504351848132,96504352202380,351.651,354.248
3,865,96504352437388,96504352435979,96504352864392,427.004,428.413
3,866,96504352926625,96504352925851,96504353530525,603.9,604.674
3,867,96504353514644,96504353513698,96504353947549,432.905,433.851
3,868,96504354102574,96504354101545,96504354664453,561.879,562.908
3,869,96504354592751,96504354591418,96504355003275,410.524,411.857
3,870,96504355180730,96504355179265,96504355637247,456.517,457.982
3,871,96504355777681,96504355767112,96504356116253,338.572,349.141
3,872,96504356356640,96504356354959,96504356698332,341.692,343.373
3,873,96504356845617,96504356844832,96504357269712,424.095,424.88
3,874,96504357433417,96504357432679,96504357859081,425.664,426.402
3,875,96504358021177,96504358020526,96504358383119,361.942,362.593
3,876,96504358513393,96504358510399,96504358900707,387.314,390.308
3,877,96504359099573,96504359098246,96504359444285,344.712,346.039
3,878,96504359687503,96504359686093,96504360110527,423.024,424.434
3,879,96504360176640,96504360175966,96504360531062,354.422,355.096
3,880,96504360764520,96504360763813,96504361266387,501.867,502.574
3,881,96504361352330,96504361351660,96504361749703,397.373,398.043
3,882,96504361842896,96504361841533,96504362323052,480.156,481.519
3,883,96504362431786,96504362429380,96504362694274,262.488,264.894
3,884,96504363018786,96504363017227,96504363430349,411.563,413.122
3,885,96504363606456,96504363605074,96504363946727,340.271,341.653
3,886,96504364095643,96504364094947,96504364553728,458.085,458.781
3,887,96504364683512,96504364682794,96504365079236,395.724,396.442
3,888,96504365271361,96504365270641,96504365642515,371.154,371.874
3,889,96504365762008,96504365760513,96504366125191,363.183,364.678
3,890,96504366350768,96504366348361,96504366734461,383.693,386.1
3,891,96504366937678,96504366936208,96504367252849,315.171,316.641
3,892,96504367426754,96504367426080,96504367999804,573.05,573.724
3,893,96504368014784,96504368013927,96504368374727,359.943,360.8
3,894,96504368602794,96504368601774,96504369028039,425.245,426.265
3,895,96504369093331,96504369091647,96504369577148,483.817,485.501
3,896,96504369681131,96504369679494,96504369988581,307.45,309.087
3,897,96504370268711,96504370267341,96504370627692,358.981,360.351
3,898,96504370856581,96504370855188,96504371222373,365.792,367.185
3,899,96504371345877,96504371345061,96504371691299,345.422,346.238
3,900,96504371933627,96504371932908,96504372259058,325.431,326.15
3,901,96504372521737,96504372520755,96504372962672,440.935,441.917
3,902,96504373013883,96504373010628,96504373473939,460.056,463.311
3,903,96504373600083,96504373598475,96504373921284,321.201,322.809
3,904,96504374188853,96504374186322,96504374627798,438.945,441.476
3,905,96504374677080,96504374676195,96504375141856,464.776,465.661
3,906,96504375264800,96504375264042,96504375735965,471.165,471.923
3,907,96504375852540,96504375851889,96504376197151,344.611,345.262
3,908,96504376343526,96504376341762,96504376888034,544.508,546.272
3,909,96504376931986,96504376929609,96504377346169,414.183,416.56
3,910,96504377518905,96504377517456,96504377965141,446.236,447.685
3,911,96504378107706,96504378105303,96504378503279,395.573,397.976
3,912,96504378595912,96504378595176,96504379103970,508.058,508.794
3,913,96504379184122,96504379183023,96504379531304,347.182,348.281
3,914,96504379772822,96504379770870,96504380150345,377.523,379.475
3,915,96504380262298,96504380260742,96504380625391,363.093,364.649
3,916,96504380850908,96504380848590,96504381233292,382.384,384.702
3,917,96504381437808,96504381436437,96504381778970,341.162,342.533
3,918,96504381927115,96504381926309,96504382452133,525.018,525.824
3,919,96504382515125,96504382514156,96504382797784,282.659,283.628
3,920,96504383102654,96504383102003,96504383531709,429.055,429.706
3,921,96504383593121,96504383591876,96504384126420,533.299,534.544
3,922,96504384181191,96504384179723,96504384628556,447.365,448.833
3,923,96504384773511,96504384767570,96504385206116,432.605,438.546
3,924,96504385356811,96504385355417,96504385766194,409.383,410.777
3,925,96504385845947,96504385845290,96504386250731,404.784,405.441
3,926,96504386433827,96504386433137,96504386741598,307.771,308.461
3,927,96504387022077,96504387020984,96504387467692,445.615,446.708
3,928,96504387512104,96504387510857,96504387981279,469.175,470.422
3,929,96504388100544,96504388098704,96504388397314,296.77,298.61
3,930,96504388688634,96504388686551,96504389076756,388.122,390.205
3,931,96504389177369,96504389176424,96504389619564,442.195,443.14
3,932,96504389765049,96504389764271,96504390123152,358.103,358.881
3,933,96504390352929,96504390352118,96504390749153,396.224,397.035
3,934,96504390843476,96504390841991,96504391292281,448.805,450.29
3,935,96504391431106,96504391429838,96504391757667,326.561,327.829
3,936,96504392019505,96504392017685,96504392348697,329.192,331.012
3,937,96504392607805,96504392605532,96504392960768,352.963,355.236
3,938,96504393096312,96504393095405,96504393528556,432.244,433.151
3,939,96504393684342,96504393683252,96504394034154,349.812,350.902
3,940,96504394272052,96504394271099,96504394625884,353.832,354.785
3,941,96504394762878,96504394760971,96504395180462,417.584,419.491
3,942,96504395351228,96504395348819,96504395800624,449.396,451.805
3,943,96504395938268,96504395936666,96504396247268,309.0,310.602
3,944,96504396427215,96504396426538,96504396905111,477.896,478.573
3,945,96504397015495,96504397014385,96504397447589,432.094,433.204
3,946,96504397602995,96504397602232,96504398008228,405.233,405.996
3,947,96504398094711,96504398092105,96504398540406,445.695,448.301
3,948,96504398681341,96504398679952,96504399191878,510.537,511.926
3,949,96504399270181,96504399267799,96504399672055,401.874,404.256
3,950,96504399857241,96504399855646,96504400283345,426.104,427.699
3,951,96504400346278,96504400345519,96504400750150,403.872,404.631
3,952,96504400934227,96504400933366,96504401179055,244.828,245.689
3,953,96504401521907,96504401521213,96504401920560,398.653,399.347
3,954,96504402013493,96504402011086,96504402373186,359.693,362.1
3,955,96504402600293,96504402598933,96504402986007,385.714,387.074
3,956,96504403189413,96504403186780,96504403565516,376.103,378.736
3,957,96504403677330,96504403676653,96504404080713,403.383,404.06
3,958,96504404265339,96504404264500,96504404685773,420.434,421.273
3,959,96504404853019,96504404852347,96504405186470,333.451,334.123
3,960,96504405343646,96504405342220,96504405872684,529.038,530.464
3,961,96504405932716,96504405930067,96504406340129,407.413,410.062
3,962,96504406519626,96504406517914,96504407044314,524.688,526.4
3,963,96504407108086,96504407105761,96504407447727,339.641,341.966
3,964,96504407596442,96504407595634,96504408069538,473.096,473.904
3,965,96504408184392,96504408183481,96504408628857,444.465,445.376
3,966,96504408779422,96504408771328,96504409157135,377.713,385.807
3,967,96504409263519,96504409261200,96504409687012,423.493,425.812
3,968,96504409850689,96504409849048,96504410254832,404.143,405.784
3,969,96504410438329,96504410436895,96504410742609,304.28,305.714
3,970,96504410927435,96504410926767,96504411345099,417.664,418.332
3,971,96504411515395,96504411514614,96504411952969,437.574,438.355
3,972,96504412103184,96504412102461,96504412535449,432.265,432.988
3,973,96504412593952,96504412592334,96504412986445,392.493,394.111
3,974,96504413181451,96504413180181,96504413716039,534.588,535.858
3,975,96504413774421,96504413768028,96504414213166,438.745,445.138
3,976,96504414357530,96504414355875,96504414699432,341.902,343.557
3,977,96504414846527,96504414845748,96504415199339,352.812,353.591
3,978,96504415434317,96504415433595,96504415803209,368.892,369.614
3,979,96504416022147,96504416021442,96504416397900,375.753,376.458
3,980,96504416513523,96504416511315,96504416879266,365.743,367.951
3,981,96504417100583,96504417099162,96504417446995,346.412,347.833
3,982,96504417688553,96504417687009,96504418253952,565.399,566.943
3,983,96504418177660,96504418176882,96504418645475,467.815,468.593
3,984,96504418765530,96504418764729,96504419212654,447.124,447.925
3,985,96504419353190,96504419352576,96504419721322,368.132,368.746
3,986,96504419844026,96504419842449,96504420200728,356.702,358.279
3,987,96504420432816,96504420430296,96504420876201,443.385,445.905
3,988,96504421019416,96504421018143,96504421405149,385.733,387.006
3,989,96504421608346,96504421605990,96504422033030,424.684,427.04
3,990,96504422096723,96504422095863,96504422559107,462.384,463.244
3,991,96504422684422,96504422683710,96504422982162,297.74,298.452
3,992,96504423272282,96504423271557,96504423660285,388.003,388.728
3,993,96504423762989,96504423761429,96504424353289,590.3,591.86
3,994,96504424350849,96504424349277,96504424792374,441.525,443.097
3,995,96504424940139,96504424937124,96504425323471,383.332,386.347
3,996,96504425428564,96504425426996,96504425789047,360.483,362.051
3,997,96504426015864,96504426014843,96504426432748,416.884,417.905
3,998,96504426603424,96504426602691,96504427167193,563.769,564.502
3,999,96504427094901,96504427092563,96504427493465,398.564,400.902
3,1000,96504427681841,96504427680410,96504428145037,463.196,464.627
3,1001,96504428271381,96504428268257,96504428694685,423.304,426.428
3,1002,96504428857651,96504428856104,96504429153170,295.519,297.066
3,1003,96504429346757,96504429345977,96504429758142,411.385,412.165
3,1004,96504429934547,96504429933824,96504430372582,438.035,438.758
3,1005,96504430522437,96504430521671,96504430790926,268.489,269.255
3,1006,96504431014074,96504431011544,96504431687426,673.352,675.882
3,1007,96504431600684,96504431599391,96504431997227,396.543,397.836
3,1008,96504432190023,96504432187238,96504432529305,339.282,342.067
3,1009,96504432677860,96504432677111,96504433112604,434.744,435.493
3,1010,96504433265650,96504433264958,96504433686034,420.384,421.076
3,1011,96504433853570,96504433852805,96504434191891,338.321,339.086
3,1012,96504434344106,96504434342678,96504434713839,369.733,371.161
3,1013,96504434932786,96504434930525,96504435341380,408.594,410.855
3,1014,96504435519886,96504435518372,96504435913919,394.033,395.547
3,1015,96504436108816,96504436106219,96504436451358,342.542,345.139
3,1016,96504436596802,96504436596092,96504437117970,521.168,521.878
3,1017,96504437184712,96504437183939,96504437494483,309.771,310.544
3,1018,96504437772692,96504437771786,96504438178365,405.673,406.579
3,1019,96504438263018,96504438261658,96504438728304,465.286,466.646
3,1020,96504438852098,96504438849506,96504439362786,510.688,513.28
3,1021,96504439439068,96504439437353,96504439889524,450.456,452.171
3,1022,96504439928335,96504439927225,96504440517145,588.81,589.92
3,1023,96504440516075,96504440515072,96504440889588,373.513,374.516
3,1024,96504441103735,96504441102920,96504441457837,354.102,354.917
3,1025,96504441595311,96504441592792,96504442010135,414.824,417.343
3,1026,96504442182281,96504442180639,96504442536463,354.182,355.824
3,1027,96504442777092,96504442768486,96504443146154,369.062,377.668
3,1028,96504443357811,96504443356333,96504443798466,440.655,442.133
3,1029,96504443846957,96504443846206,96504444200130,353.173,353.924
3,1030,96504444434857,96504444434053,96504444866732,431.875,432.679
3,1031,96504445022627,96504445021900,96504445375239,352.612,353.339
3,1032,96504445514644,96504445511773,96504446099804,585.16,588.031
3,1033,96504446101374,96504446099620,96504446494047,392.673,394.427
3,1034,96504446689794,96504446687467,96504447129389,439.595,441.922
3,1035,96504447178070,96504447177340,96504447618535,440.465,441.195
3,1036,96504447765970,96504447765187,96504448248456,482.486,483.269
3,1037,96504448353790,96504448353034,96504448712832,359.042,359.798
3,1038,96504448844317,96504448842907,96504449359163,514.846,516.256
3,1039,96504449432316,96504449430754,96504449746777,314.461,316.023
3,1040,96504450020026,96504450018601,96504450370668,350.642,352.067
3,1041,96504450608935,96504450606448,96504450980989,372.054,374.541
3,1042,96504451097072,96504451096321,96504451614079,517.007,517.758
3,1043,96504451684972,96504451684168,96504452034484,349.512,350.316
3,1044,96504452272712,96504452272015,96504452687606,414.894,415.591
3,1045,96504452763328,96504452761887,96504453176753,413.425,414.866
3,1046,96504453351288,96504453349735,96504453642179,290.891,292.444
3,1047,96504453939238,96504453937582,96504454284670,345.432,347.088
3,1048,96504454428175,96504454427454,96504454896751,468.576,469.297
3,1049,96504455015945,96504455015301,96504455337066,321.121,321.765
3,1050,96504455603915,96504455603149,96504455905684,301.769,302.535
3,1051,96504456095171,96504456093021,96504456510165,414.994,417.144
3,1052,96504456682711,96504456680868,96504456987312,304.601,306.444
3,1053,96504457314692,96504457268715,96504457601152,286.46,332.437
3,1054,96504457861091,96504457856562,96504458128300,267.209,271.738
3,1055,96504458348908,96504458346435,96504458791383,442.475,444.948
3,1056,96504458935938,96504458934282,96504459244138,308.2,309.856
3,1057,96504459524048,96504459522129,96504459881769,357.721,359.64
3,1058,96504460016134,96504460012002,96504460447138,431.004,435.136
3,1059,96504460603244,96504460599849,96504460964566,361.322,364.717
3,1060,96504461195784,96504461187696,96504461457892,262.108,270.196
3,1061,96504461679420,96504461677569,96504462186037,506.617,508.468
3,1062,96504462267239,96504462265416,96504462579781,312.542,314.365
3,1063,96504462855559,96504462853263,96504463292744,437.185,439.481
3,1064,96504463346466,96504463343136,96504463854534,508.068,511.398
3,1065,96504463937447,96504463930983,96504464343470,406.023,412.487
3,1066,96504464522816,96504464518830,96504464977761,454.945,458.931
3,1067,96504465113116,96504465106677,96504465419006,305.89,312.329
3,1068,96504465598702,96504465596550,96504465999876,401.174,403.326
3,1069,96504466186502,96504466184397,96504466541904,355.402,357.507
3,1070,96504466774652,96504466772244,96504467120894,346.242,348.65
3,1071,96504467265819,96504467262116,96504467694243,428.424,432.127
3,1072,96504467857088,96504467849964,96504468324334,467.246,474.37
3,1073,96504468441708,96504468437811,96504468735868,294.16,298.057
3,1074,96504468929735,96504468927683,96504469482884,553.149,555.201
3,1075,96504469517475,96504469515530,96504469896758,379.283,381.228
3,1076,96504470105425,96504470103378,96504470452776,347.351,349.398
3,1077,96504470601051,96504470593250,96504470990045,388.994,396.795
3,1078,96504471184511,96504471181097,96504471528503,343.992,347.406
3,1079,96504471777781,96504471768944,96504472114973,337.192,346.029
3,1080,96504472360601,96504472356791,96504472641551,280.95,284.76
3,1081,96504472848487,96504472846664,96504473311953,463.466,465.289
3,1082,96504473436427,96504473434511,96504473864091,427.664,429.58
3,1083,96504474024477,96504474022358,96504474355278,330.801,332.92
3,1084,96504474518884,96504474512231,96504475000830,481.946,488.599
3,1085,96504475103423,96504475100078,96504475421924,318.501,321.846
3,1086,96504475694974,96504475687925,96504476138069,443.095,450.144
3,1087,96504476179690,96504476177798,96504476610074,430.384,432.276
3,1088,96504476767640,96504476765645,96504477216375,448.735,450.73
3,1089,96504477355470,96504477353492,96504477619049,263.579,265.557
3,1090,96504477846816,96504477843365,96504478315722,468.906,472.357
3,1091,96504478438716,96504478431212,96504478942144,503.428,510.932
3,1092,96504479022946,96504479019059,96504479441880,418.934,422.821
3,1093,96504479610206,96504479606906,96504479954627,344.421,347.721
3,1094,96504480098703,96504480096779,96504480568308,469.605,471.529
3,1095,96504480686782,96504480684626,96504481145178,458.396,460.552
3,1096,96504481274412,96504481272473,96504481663696,389.284,391.223
3,1097,96504481765899,96504481762345,96504482201743,435.844,439.398
3,1098,96504482356679,96504482350193,96504482698440,341.761,348.247
3,1099,96504482941919,96504482938040,96504483298771,356.852,360.731
3,1100,96504483430715,96504483427912,96504483921322,490.607,493.41
3,1101,96504484017765,96504484015759,96504484387678,369.913,371.919
3,1102,96504484605845,96504484603607,96504485082400,476.555,478.793
3,1103,96504485103061,96504485093479,96504485579948,476.887,486.469
3,1104,96504485684832,96504485681326,96504486096335,411.503,415.009
3,1105,96504486276041,96504486269173,96504486613782,337.741,344.609
3,1106,96504486860471,96504486857020,96504487225773,365.302,368.753
3,1107,96504487348817,96504487346893,96504487731631,382.814,384.738
3,1108,96504487936767,96504487934740,96504488301340,364.573,366.6
3,1109,96504488524687,96504488522587,96504488857088,332.401,334.501
3,1110,96504489019604,96504489012460,96504489444968,425.364,432.508
3,1111,96504489604263,96504489600307,96504489883523,279.26,283.216
3,1112,96504490195093,96504490188154,96504490558326,363.233,370.172
3,1113,96504490679990,96504490678027,96504491149236,469.246,471.209
3,1114,96504491267790,96504491265874,96504491674834,407.044,408.96
3,1115,96504491855700,96504491853721,96504492137959,282.259,284.238
3,1116,96504492347716,96504492343594,96504492818983,471.267,475.389
3,1117,96504492938506,96504492931441,96504493307049,368.543,375.608
3,1118,96504493522686,96504493519288,96504493938150,415.464,418.862
3,1119,96504494114366,96504494107135,96504494475489,361.123,368.354
3,1120,96504494599093,96504494597008,96504495047287,448.194,450.279
3,1121,96504495186663,96504495184855,96504495666789,480.126,481.934
3,1122,96504495775843,96504495772702,96504496407053,631.21,634.351
3,1123,96504496265919,96504496262574,96504496868399,602.48,605.825
3,1124,96504496857689,96504496850422,96504497335315,477.626,484.893
3,1125,96504497441709,96504497438269,96504497893233,451.524,454.964
3,1126,96504497930165,96504497928141,96504498546036,615.871,617.895
3,1127,96504498518145,96504498515988,96504498974711,456.566,458.723
3,1128,96504499106135,96504499103836,96504499448996,342.861,345.16
3,1129,96504499600542,96504499593708,96504500148590,548.048,554.882
3,1130,96504500185311,96504500181555,96504500530743,345.432,349.188
3,1131,96504500781031,96504500769402,96504501130203,349.172,360.801
3,1132,96504501361011,96504501357249,96504501738934,377.923,381.685
3,1133,96504501849087,96504501847122,96504502279922,430.835,432.8
3,1134,96504502436817,96504502434969,96504502869142,432.325,434.173
3,1135,96504503024997,96504503022816,96504503310037,285.04,287.221
3,1136,96504503519584,96504503512689,96504504081563,561.979,568.874
3,1137,96504504104364,96504504100536,96504504553149,448.785,452.613
3,1138,96504504695973,96504504688383,96504505019545,323.572,331.162
3,1139,96504505180600,96504505178256,96504505534882,354.282,356.626
3,1140,96504505772690,96504505766103,96504506132773,360.083,366.67
3,1141,96504506355920,96504506353950,96504506700942,345.022,346.992
3,1142,96504506847587,96504506843823,96504507267111,419.524,423.288
3,1143,96504507438906,96504507431670,96504507854641,415.735,422.971
3,1144,96504508023496,96504508019517,96504508509052,485.556,489.535
3,1145,96504508614566,96504508607364,96504509036320,421.754,428.956
3,1146,96504509099333,96504509097237,96504509566629,467.296,469.392
3,1147,96504509687632,96504509685084,96504510145188,457.556,460.104
3,1148,96504510274922,96504510272931,96504510764299,489.377,491.368
3,1149,96504510767699,96504510762803,96504511178343,410.644,415.54
3,1150,96504511358459,96504511350651,96504511671629,313.17,320.978
3,1151,96504511941968,96504511938498,96504512276220,334.252,337.722
3,1152,96504512430215,96504512428370,96504512959733,529.518,531.363
3,1153,96504513018475,96504513016217,96504513483941,465.466,467.724
3,1154,96504513606175,96504513604065,96504514038969,432.794,434.904
3,1155,96504514100591,96504514093937,96504514648460,547.869,554.523
3,1156,96504514685391,96504514681784,96504515255001,569.61,573.217
3,1157,96504515276461,96504515269631,96504515616353,339.892,346.722
3,1158,96504515861051,96504515857479,96504516122930,261.879,265.451
3,1159,96504516349708,96504516347351,96504516758801,409.093,411.45
3,1160,96504516937148,96504516935198,96504517423683,486.535,488.485
3,1161,96504517525158,96504517523045,96504517900400,375.242,377.355
3,1162,96504518019944,96504518012918,96504518390926,370.982,378.008
3,1163,96504518605184,96504518600765,96504518949236,344.052,348.471
3,1164,96504519196034,96504519188612,96504519524145,328.111,335.533
3,1165,96504519680671,96504519678485,96504520046782,366.111,368.297
3,1166,96504520268351,96504520266332,96504520700275,431.924,433.943
3,1167,96504520856579,96504520854179,96504521237873,381.294,383.694
3,1168,96504521347937,96504521344052,96504521786801,438.864,442.749
3,1169,96504521939547,96504521931899,96504522222316,282.769,290.417
3,1170,96504522523396,96504522519746,96504522898429,375.033,378.683
3,1171,96504523114927,96504523107593,96504523465928,351.001,358.335
3,1172,96504523599592,96504523597466,96504524016846,417.254,419.38
3,1173,96504524187682,96504524185313,96504524452012,264.33,266.699
3,1174,96504524775492,96504524773160,96504525264509,489.017,491.349
3,1175,96504525266929,96504525263032,96504525695523,428.594,432.491
3,1176,96504525860019,96504525850880,96504526418528,558.509,567.648
3,1177,96504526442139,96504526438727,96504526976327,534.188,537.6
3,1178,96504526931385,96504526928599,96504527392061,460.676,463.462
3,1179,96504527518945,96504527516446,96504527945630,426.685,429.184
3,1180,96504528106225,96504528104294,96504528524489,418.264,420.195
3,1181,96504528600871,96504528594166,96504529029806,428.935,435.64
3,1182,96504529185442,96504529182013,96504529680178,494.736,498.165
3,1183,96504529778711,96504529769860,96504530077532,298.821,307.672
3,1184,96504530361551,96504530357708,96504530766955,405.404,409.247
3,1185,96504530849838,96504530847580,96504531219130,369.292,371.55
3,1186,96504531437678,96504531435427,96504531869332,431.654,433.905
3,1187,96504532025668,96504532023274,96504532382240,356.572,358.966
3,1188,96504532520024,96504532513147,96504533066912,546.888,553.765
3,1189,96504533104824,96504533100994,96504533487787,382.963,386.793
3,1190,96504533695704,96504533688841,96504534120928,425.224,432.087
3,1191,96504534180710,96504534178714,96504534621915,441.205,443.201
3,1192,96504534774360,96504534766561,96504535150153,375.793,383.592
3,1193,96504535356620,96504535354408,96504535680941,324.321,326.533
3,1194,96504535848186,96504535844281,96504536405876,557.69,561.595
3,1195,96504536439377,96504536432128,96504536824620,385.243,392.492
3,1196,96504537023416,96504537019975,96504537343957,320.541,323.982
3,1197,96504537615227,96504537607822,96504538037781,422.554,429.959
3,1198,96504538099823,96504538097695,96504538590699,490.876,493.004
3,1199,96504538687593,96504538685542,96504539058125,370.532,372.583
3,1200,96504539275562,96504539273389,96504539697766,422.204,424.377
3,1201,96504539767219,96504539763261,96504540270656,503.437,507.395
3,1202,96504540358199,96504540351109,96504540752952,394.753,401.843
3,1203,96504540942779,96504540938956,96504541322762,379.983,383.806
3,1204,96504541430795,96504541428828,96504541880430,449.635,451.602
3,1205,96504542019035,96504542016675,96504542373387,354.352,356.712
3,1206,96504542606915,96504542604523,96504542965097,358.182,360.574
3,1207,96504543104012,96504543094395,96504543475204,371.192,380.809
3,1208,96504543685892,96504543682242,96504544101906,416.014,419.664
3,1209,96504544276892,96504544270089,96504544605343,328.451,335.254
3,1210,96504544861762,96504544857937,96504545207063,345.301,349.126
3,1211,96504545349677,96504545347809,96504545735121,385.444,387.312
3,1212,96504545937737,96504545935656,96504546387753,450.016,452.097
3,1213,96504546525707,96504546523503,96504546803787,278.08,280.284
3,1214,96504547020264,96504547013376,96504547455099,434.835,441.723
3,1215,96504547605064,96504547601223,96504548059189,454.125,457.966
3,1216,96504548196284,96504548189070,96504548617948,421.664,428.878
3,1217,96504548681040,96504548678943,96504549155516,474.476,476.573
3,1218,96504549268810,96504549266790,96504549697865,429.055,431.075
3,1219,96504549856990,96504549854637,96504550219463,362.473,364.826
3,1220,96504550347946,96504550344510,96504550685998,338.052,341.488
3,1221,96504550939366,96504550932357,96504551306959,367.593,374.602
3,1222,96504551524126,96504551520204,96504551953871,429.745,433.667
3,1223,96504552114866,96504552108051,96504552420466,305.6,312.415
3,1224,96504552599983,96504552597924,96504553067279,467.296,469.355
3,1225,96504553187753,96504553185771,96504553476562,288.809,290.791
3,1226,96504553775623,96504553773618,96504554214127,438.504,440.509
3,1227,96504554266829,96504554263490,96504554728764,461.935,465.274
3,1228,96504554857979,96504554851338,96504555295524,437.545,444.186
3,1229,96504555443069,96504555439185,96504555792980,349.911,353.795
3,1230,96504555931125,96504555929057,96504556447183,516.058,518.126
3,1231,96504556518705,96504556516904,96504556879277,360.572,362.373
3,1232,96504557106875,96504557104752,96504557582861,475.986,478.109
3,1233,96504557602472,96504557594624,96504558042517,440.045,447.893
3,1234,96504558186612,96504558182471,96504558500672,314.06,318.201
3,1235,96504558778742,96504558770318,96504559100202,321.46,329.884
3,1236,96504559361501,96504559358166,96504559767384,405.883,409.218
3,1237,96504559850128,96504559848038,96504560198020,347.892,349.982
3,1238,96504560437587,96504560435885,96504560822150,384.563,386.265
3,1239,96504561025657,96504561023732,96504561307757,282.1,284.025
3,1240,96504561520944,96504561513605,96504562070862,549.918,557.257
3,1241,96504562104884,96504562101452,96504562463066,358.182,361.614
3,1242,96504562696324,96504562689299,96504563052766,356.442,363.467
3,1243,96504563181310,96504563179172,96504563541442,360.132,362.27
3,1244,96504563772200,96504563767019,96504564161814,389.614,394.795
3,1245,96504564356940,96504564354866,96504564671590,314.65,316.724
3,1246,96504564848257,96504564844739,96504565239200,390.943,394.461
3,1247,96504565439197,96504565432586,96504565951124,511.927,518.538
3,1248,96504566024197,96504566020433,96504566565625,541.428,545.192
3,1249,96504566617336,96504566608280,96504567020830,403.494,412.55
3,1250,96504567100523,96504567098153,96504567524967,424.444,426.814
3,1251,96504567688013,96504567686000,96504568112287,424.274,426.287
3,1252,96504568275642,96504568273847,96504568720338,444.696,446.491
3,1253,96504568767240,96504568763719,96504569221845,454.605,458.126
3,1254,96504569357939,96504569351567,96504569872627,514.688,521.06
3,1255,96504569943389,96504569939414,96504570314302,370.913,374.888
3,1256,96504570431495,96504570429286,96504570964634,533.139,535.348
3,1257,96504571019065,96504571017133,96504571304335,285.27,287.202
3,1258,96504571607015,96504571604981,96504572059810,452.795,454.829
3,1259,96504572101331,96504572094853,96504572709312,607.981,614.459
3,1260,96504572686471,96504572682700,96504573145327,458.856,462.627
3,1261,96504573277851,96504573270547,96504573594032,316.181,323.485
3,1262,96504573862551,96504573858395,96504574323187,460.636,464.792
3,1263,96504574350718,96504574348267,96504574829434,478.716,481.167
3,1264,96504574938318,96504574936114,96504575309280,370.962,373.166
3,1265,96504575525878,96504575523961,96504575881680,355.802,357.719
3,1266,96504576021344,96504576013834,96504576547862,526.518,534.028
3,1267,96504576605424,96504576601681,96504576941785,336.361,340.104
3,1268,96504577196724,96504577189528,96504577474644,277.92,285.116
3,1269,96504577681191,96504577679401,96504578139806,458.615,460.405
3,1270,96504578269301,96504578267248,96504578744246,474.945,476.998
3,1271,96504578857200,96504578855095,96504579124139,266.939,269.044
3,1272,96504579348837,96504579344968,96504579723519,374.682,378.551
3,1273,96504579940257,96504579932815,96504580320530,380.273,387.715
3,1274,96504580524707,96504580520662,96504581089966,565.259,569.304
3,1275,96504581116197,96504581108509,96504581462028,345.831,353.519
3,1276,96504581600642,96504581598382,96504582075629,474.987,477.247
3,1277,96504582188882,96504582186229,96504582508943,320.061,322.714
3,1278,96504582778642,96504582774076,96504583146956,368.314,372.88
3,1279,96504583268809,96504583263948,96504583702714,433.905,438.766
3,1280,96504583858700,96504583851796,96504584329015,470.315,477.219
3,1281,96504584443049,96504584439643,96504584838662,395.613,399.019
3,1282,96504584931315,96504584929515,96504585361370,430.055,431.855
3,1283,96504585519345,96504585517362,96504585995631,476.286,478.269
3,1284,96504586107325,96504586105210,96504586472858,365.533,367.648
3,1285,96504586601522,96504586595082,96504587036697,435.175,441.615
3,1286,96504587186582,96504587182929,96504587606705,420.123,423.776
3,1287,96504587777321,96504587770776,96504588096642,319.321,325.866
3,1288,96504588362471,96504588358624,96504588737813,375.342,379.189
3,1289,96504588850458,96504588848496,96504589256442,405.984,407.946
3,1290,96504589438528,96504589436343,96504589783519,344.991,347.176
3,1291,96504590026468,96504590024190,96504590371679,345.211,347.489
3,1292,96504590521264,96504590514063,96504591103073,581.809,589.01
3,1293,96504591105664,96504591101910,96504591544598,438.934,442.688
3,1294,96504591696674,96504591689757,96504592205631,508.957,515.874
3,1295,96504592181800,96504592179630,96504592569283,387.483,389.653
3,1296,96504592773291,96504592767477,96504593145563,372.272,378.086
3,1297,96504593357790,96504593355324,96504593598828,241.038,243.504
3,1298,96504593848996,96504593845197,96504594231750,382.754,386.553
3,1299,96504594440147,96504594433044,96504594707725,267.578,274.681
3,1300,96504595024726,96504595020891,96504595486612,461.886,465.721
3,1301,96504595615667,96504595608738,96504595942257,326.59,333.519
3,1302,96504596100423,96504596098611,96504596463405,362.982,364.794
3,1303,96504596688753,96504596686458,96504597079126,390.373,392.668
3,1304,96504597275993,96504597274305,96504597711487,435.494,437.182
3,1305,96504597767819,96504597764177,96504598149072,381.253,384.895
3,1306,96504598359199,96504598352025,96504598688600,329.401,336.575
3,1307,96504598943129,96504598939872,96504599310091,366.962,370.219
3,1308,96504599431776,96504599429744,96504599858260,426.484,428.516
3,1309,96504600019565,96504600017591,96504600349487,329.922,331.896
3,1310,96504600607455,96504600605439,96504601127363,519.908,521.924
3,1311,96504601101902,96504601095311,96504601562078,460.176,466.767
3,1312,96504601688272,96504601683158,96504602139057,450.785,455.899
3,1313,96504602277632,96504602271005,96504602652775,375.143,381.77
3,1314,96504602862122,96504602858853,96504603342118,479.996,483.265
3,1315,96504603350908,96504603348725,96504603757572,406.664,408.847
3,1316,96504603938677,96504603936572,96504604351222,412.545,414.65
3,1317,96504604526377,96504604524419,96504604841028,314.651,316.609
3,1318,96504605020775,96504605014292,96504605555242,534.467,540.95
3,1319,96504605605844,96504605602139,96504605983597,377.753,381.458
3,1320,96504606196364,96504606189986,96504606645689,449.325,455.703
3,1321,96504606682080,96504606679859,96504607030643,348.563,350.784
3,1322,96504607269950,96504607267706,96504607706185,436.235,438.479
3,1323,96504607857790,96504607855553,96504608173521,315.731,317.968
3,1324,96504608349587,96504608345426,96504608826923,477.336,481.497
3,1325,96504608940757,96504608933273,96504609367731,426.974,434.458
3,1326,96504609524866,96504609521120,96504609804716,279.85,283.596
3,1327,96504610115936,96504610108967,96504610448707,332.771,339.74
3,1328,96504610600943,96504610598840,96504611009406,408.463,410.566
3,1329,96504611188723,96504611186687,96504611523944,335.221,337.257
3,1330,96504611776663,96504611774534,96504612239539,462.876,465.005
3,1331,96504612267889,96504612264406,96504612631732,363.843,367.326
3,1332,96504612859139,96504612852254,96504613208391,349.252,356.137
3,1333,96504613443959,96504613440101,96504613746309,302.35,306.208
3,1334,96504613932166,96504613929973,96504614540886,608.72,610.913
3,1335,96504614519796,96504614517820,96504615174167,654.371,656.347
3,1336,96504615107556,96504615105668,96504615520899,413.343,415.231
3,1337,96504615601822,96504615595540,96504616091799,489.977,496.259
3,1338,96504616186892,96504616183387,96504616694549,507.657,511.162
3,1339,96504616777412,96504616771234,96504617212256,434.844,441.022
3,1340,96504617362221,96504617359082,96504617739504,377.283,380.422
3,1341,96504617850968,96504617848954,96504618295703,444.735,446.749
3,1342,96504618438838,96504618436801,96504618992876,554.038,556.075
3,1343,96504619027017,96504619024648,96504619418751,391.734,394.103
3,1344,96504619521435,96504619514521,96504620101494,580.059,586.973
3,1345,96504620106134,96504620102368,96504620439875,333.741,337.507
3,1346,96504620696784,96504620690215,96504621193361,496.577,503.146
3,1347,96504621182200,96504621180088,96504621613905,431.705,433.817
3,1348,96504621773320,96504621767935,96504622199345,426.025,431.41
3,1349,96504622357990,96504622355782,96504622644910,286.92,289.128
3,1350,96504622849397,96504622845655,96504623385105,535.708,539.45
3,1351,96504623440987,96504623433502,96504623803619,362.632,370.117
3,1352,96504624025157,96504624021349,96504624454401,429.244,433.052
3,1353,96504624616736,96504624609196,96504624972538,355.802,363.342
3,1354,96504625101413,96504625099069,96504625537467,436.054,438.398
3,1355,96504625688963,96504625686916,96504626041074,352.111,354.158
3,1356,96504626276853,96504626274763,96504626782790,505.937,508.027
3,1357,96504626774349,96504626764635,96504627108400,334.051,343.765
3,1358,96504627360079,96504627352483,96504627815325,455.246,462.842
3,1359,96504627943729,96504627940330,96504628228159,284.43,287.829
3,1360,96504628432345,96504628430202,96504628818789,386.444,388.587
3,1361,96504629020075,96504629018049,96504629331746,311.671,313.697
3,1362,96504629607705,96504629605897,96504629965247,357.542,359.35
3,1363,96504630102892,96504630095769,96504630761074,658.182,665.305
3,1364,96504630687541,96504630683616,96504631119687,432.146,436.071
3,1365,96504631279212,96504631271463,96504631602913,323.701,331.45
3,1366,96504631863151,96504631859311,96504632212673,349.522,353.362
3,1367,96504632351308,96504632349183,96504632743271,391.963,394.088
3,1368,96504632939108,96504632937030,96504633404134,465.026,467.104
3,1369,96504633526908,96504633524877,96504633827027,300.119,302.15
3,1370,96504634021634,96504634014750,96504634469450,447.816,454.7
3,1371,96504634606264,96504634602597,96504634979596,373.332,376.999
3,1372,96504635196774,96504635190444,96504635602868,406.094,412.424
3,1373,96504635682631,96504635680317,96504636172827,490.196,492.51
3,1374,96504636271681,96504636268164,96504636695394,423.713,427.23
3,1375,96504636858081,96504636856011,96504637238113,380.032,382.102
3,1376,96504637349247,96504637345884,96504637792152,442.905,446.268
3,1377,96504637940527,96504637933731,96504638279869,339.342,346.138
3,1378,96504638525207,96504638521578,96504638838517,313.31,316.939
3,1379,96504639116577,96504639109425,96504639496599,380.022,387.174
3,1380,96504639601482,96504639599298,96504640067898,466.416,468.6
3,1381,96504640189432,96504640187145,96504640588936,399.504,401.791
3,1382,96504640777112,96504640774992,96504641183417,406.305,408.425
3,1383,96504641268689,96504641264865,96504641715194,446.505,450.329
3,1384,96504641860160,96504641852712,96504642225612,365.452,372.9
3,1385,96504642444279,96504642440559,96504642826311,382.032,385.752
3,1386,96504642932465,96504642930431,96504643377260,444.795,446.829
3,1387,96504643520555,96504643518278,96504643966341,445.786,448.063
3,1388,96504644108575,96504644106126,96504644500178,391.603,394.052
3,1389,96504644602732,96504644595998,96504645022976,420.244,426.978
3,1390,96504645187562,96504645183845,96504645550234,362.672,366.389
3,1391,96504645780301,96504645771692,96504646170025,389.724,398.333
3,1392,96504646363841,96504646359540,96504646607740,243.899,248.2
3,1393,96504646851588,96504646849412,96504647270082,418.494,420.67
3,1394,96504647439348,96504647437259,96504647852642,413.294,415.383
3,1395,96504648027358,96504648025106,96504648449752,422.394,424.646
3,1396,96504648522214,96504648514979,96504648993791,471.577,478.812
3,1397,96504649106904,96504649102826,96504649529148,422.244,426.322
3,1398,96504649697934,96504649690673,96504650088987,391.053,398.314
3,1399,96504650182881,96504650180546,96504650623025,440.144,442.479
3,1400,96504650774021,96504650768393,96504651095361,321.34,326.968
3,1401,96504651358330,96504651356240,96504651677171,318.841,320.931
3,1402,96504651850227,96504651846113,96504652329313,479.086,483.2
3,1403,96504652443877,96504652433960,96504652922843,478.966,488.883
3,1404,96504653027107,96504653021807,96504653390829,363.722,369.022
3,1405,96504653618397,96504653609654,96504653960638,342.241,350.984
3,1406,96504654102713,96504654099527,96504654719614,616.901,620.087
3,1407,96504654689423,96504654687374,96504655140078,450.655,452.704
3,1408,96504655277103,96504655275221,96504655891743,614.64,616.522
3,1409,96504655773730,96504655765094,96504656238236,464.506,473.142
3,1410,96504656359229,96504656352941,96504656788323,429.094,435.382
3,1411,96504656944069,96504656940788,96504657339422,395.353,398.634
3,1412,96504657432656,96504657430660,96504657870201,437.545,439.541
3,1413,96504658020666,96504658018507,96504658412879,392.213,394.372
3,1414,96504658608625,96504658606355,96504659059531,450.906,453.176
3,1415,96504659102962,96504659096227,96504659463975,361.013,367.748
3,1416,96504659687512,96504659684074,96504660072784,385.272,388.71
3,1417,96504660278442,96504660271921,96504660634394,355.952,362.473
3,1418,96504660863672,96504660859769,96504661308476,444.804,448.707
3,1419,96504661351648,96504661349641,96504661859965,508.317,510.324
3,1420,96504661939578,96504661937488,96504662359992,420.414,422.504
3,1421,96504662527618,96504662525335,96504662886730,359.112,361.395
3,1422,96504663022395,96504663015208,96504663539512,517.117,524.304
3,1423,96504663606805,96504663603055,96504664034578,427.773,431.523
3,1424,96504664198034,96504664190902,96504664682130,484.096,491.228
3,1425,96504664682830,96504664680775,96504665040503,357.673,359.728
3,1426,96504665270840,96504665268622,96504665732626,461.786,464.004
3,1427,96504665858520,96504665856469,96504666262904,404.384,406.435
3,1428,96504666350147,96504666346342,96504666813952,463.805,467.61
3,1429,96504666941187,96504666934189,96504667325820,384.633,391.631
3,1430,96504667525776,96504667522036,96504667976952,451.176,454.916
3,1431,96504668115926,96504668109883,96504668489959,374.033,380.076
3,1432,96504668601873,96504668599756,96504669219154,617.281,619.398
3,1433,96504669189553,96504669187603,96504669597946,408.393,410.343
3,1434,96504669778913,96504669775450,96504670115685,336.772,340.235
3,1435,96504670267269,96504670265323,96504670794617,527.348,529.294
3,1436,96504670856489,96504670853170,96504671291094,434.605,437.924
3,1437,96504671442389,96504671441017,96504671814702,372.313,373.685
3,1438,96504671931696,96504671930889,96504672502345,570.649,571.456
3,1439,96504672519446,96504672518736,96504672959481,440.035,440.745
3,1440,96504673107366,96504673106584,96504673445017,337.651,338.433
3,1441,96504673599512,96504673596456,96504674008866,409.354,412.41
3,1442,96504674186192,96504674184303,96504674501922,315.73,317.619
3,1443,96504674775192,96504674772150,96504675192146,416.954,419.996
3,1444,96504675361561,96504675359998,96504675747095,385.534,387.097
3,1445,96504675850488,96504675849870,96504676304513,454.025,454.643
3,1446,96504676438448,96504676437717,96504676832561,394.113,394.844
3,1447,96504677026568,96504677025564,96504677334438,307.87,308.874
3,1448,96504677517934,96504677515437,96504678036882,518.948,521.445
3,1449,96504678104734,96504678103284,96504678507968,403.234,404.684
3,1450,96504678693424,96504678691131,96504679021665,328.241,330.534
3,1451,96504679181831,96504679181004,96504679647936,466.105,466.932
3,1452,96504679772100,96504679768851,96504680103572,331.472,334.721
3,1453,96504680357720,96504680356698,96504680735443,377.723,378.745
3,1454,96504680847997,96504680846571,96504681394315,546.318,547.744
3,1455,96504681436857,96504681434418,96504681723286,286.429,288.868
3,1456,96504682023897,96504682022265,96504682501833,477.936,479.568
3,1457,96504682612337,96504682610112,96504682945778,333.441,335.666
3,1458,96504683100763,96504683099985,96504683533528,432.765,433.543
3,1459,96504683688863,96504683687832,96504684092897,404.034,405.065
3,1460,96504684277673,96504684275679,96504684698917,421.244,423.238
3,1461,96504684767210,96504684765552,96504685391601,624.391,626.049
3,1462,96504685355970,96504685353399,96504685790174,434.204,436.775
3,1463,96504685942630,96504685941246,96504686425286,482.656,484.04
3,1464,96504686431835,96504686431118,96504686883531,451.696,452.413
3,1465,96504687020025,96504687018965,96504687356887,336.862,337.922
3,1466,96504687607505,96504687606813,96504687992139,384.634,385.326
3,1467,96504688098992,96504688096685,96504688500075,401.083,403.39
3,1468,96504688686112,96504688684532,96504689061635,375.523,377.103
3,1469,96504689275171,96504689272379,96504689594762,319.591,322.383
3,1470,96504689861711,96504689860227,96504690200343,338.632,340.116
3,1471,96504690350838,96504690350099,96504690745551,394.713,395.452
3,1472,96504690938718,96504690937946,96504691302171,363.453,364.225
3,1473,96504691526498,96504691525793,96504691852909,326.411,327.116
3,1474,96504692017984,96504692015666,96504692432069,414.085,416.403
3,1475,96504692604764,96504692603513,96504692859093,254.329,255.58
3,1476,96504693193724,96504693191360,96504693531396,337.672,340.036
3,1477,96504693682131,96504693681233,96504694120576,438.445,439.343
3,1478,96504694269861,96504694269080,96504694586772,316.911,317.692
3,1479,96504694857661,96504694856927,96504695293605,435.944,436.678
3,1480,96504695348147,96504695346800,96504695900046,551.899,553.246
3,1481,96504695937137,96504695934647,96504696477065,539.928,542.418
3,1482,96504696523747,96504696522494,96504696914249,390.502,391.755
3,1483,96504697113517,96504697110341,96504697496050,382.533,385.709
3,1484,96504697600993,96504697600214,96504697989036,388.043,388.822
3,1485,96504698189013,96504698188061,96504698573766,384.753,385.705
3,1486,96504698776652,96504698775908,96504699141285,364.633,365.377
3,1487,96504699267249,96504699265781,96504699605551,338.302,339.77
3,1488,96504699855769,96504699853628,96504700221951,366.182,368.323
3,1489,96504700443939,96504700441475,96504700788320,344.381,346.845
3,1490,96504700932165,96504700931347,96504701352369,420.204,421.022
3,1491,96504701519905,96504701519194,96504701938309,418.404,419.115
3,1492,96504702107975,96504702107042,96504702442346,334.371,335.304
3,1493,96504702605962,96504702596914,96504703298295,692.333,701.381
3,1494,96504703186742,96504703184761,96504703687819,501.077,503.058
3,1495,96504703781072,96504703772608,96504704196436,415.364,423.828
3,1496,96504704362232,96504704360456,96504704945782,583.55,585.326
3,1497,96504704851008,96504704850328,96504705373185,522.177,522.857
3,1498,96504705438888,96504705438175,96504705897363,458.475,459.188
3,1499,96504706026718,96504706026022,96504706328738,302.02,302.716
3,1500,96504706518505,96504706515895,96504706885907,367.402,370.012
3,1501,96504707105165,96504707103742,96504707496808,391.643,393.066
3,1502,96504707693894,96504707691589,96504708095388,401.494,403.799
3,1503,96504708182211,96504708181462,96504708623256,441.045,441.794
3,1504,96504708777121,96504708769309,96504709073271,296.15,303.962
3,1505,96504709357890,96504709357156,96504709784715,426.825,427.559
3,1506,96504709848316,96504709847029,96504710479688,631.372,632.659
3,1507,96504710437216,96504710434876,96504710947184,509.968,512.308
3,1508,96504711024506,96504711022723,96504711429340,404.834,406.617
3,1509,96504711612746,96504711610570,96504711972709,359.963,362.139
3,1510,96504712101233,96504712100443,96504712720124,618.891,619.681
3,1511,96504712689073,96504712688290,96504713131998,442.925,443.708
3,1512,96504713276873,96504713276137,96504713760290,483.417,484.153
3,1513,96504713767579,96504713766010,96504714216075,448.496,450.065
3,1514,96504714356379,96504714353857,96504714705591,349.212,351.734
3,1515,96504714943169,96504714941704,96504715206619,263.45,264.915
3,1516,96504715432326,96504715431576,96504715945243,512.917,513.667
3,1517,96504716020206,96504716019423,96504716471751,451.545,452.328
3,1518,96504716607996,96504716607271,96504717121453,513.457,514.182
3,1519,96504717099802,96504717097143,96504717566008,466.206,468.865
3,1520,96504717686472,96504717684990,96504718252081,565.609,567.091
3,1521,96504718275812,96504718272837,96504718680086,404.274,407.249
3,1522,96504718862442,96504718860685,96504719282166,419.724,421.481
3,1523,96504719351299,96504719350557,96504719866316,515.017,515.759
3,1524,96504719939078,96504719938404,96504720399883,460.805,461.479
3,1525,96504720527008,96504720526251,96504720860859,333.851,334.608
3,1526,96504721018675,96504721016124,96504721529221,510.546,513.097
3,1527,96504721605245,96504721603971,96504721994767,389.522,390.796
3,1528,96504722194795,96504722191818,96504722600138,405.343,408.32
3,1529,96504722682670,96504722681691,96504723131776,449.106,450.085
3,1530,96504723270520,96504723269538,96504723693815,423.295,424.277
3,1531,96504723858090,96504723857385,96504724271974,413.884,414.589
3,1532,96504724349057,96504724347258,96504724886635,537.578,539.377
3,1533,96504724938727,96504724935105,96504725478185,539.458,543.08
3,1534,96504725524797,96504725522952,96504726036764,511.967,513.812
3,1535,96504726114236,96504726110799,96504726519770,405.534,408.971
3,1536,96504726601343,96504726600672,96504727131551,530.208,530.879
3,1537,96504727189243,96504727188519,96504727541265,352.022,352.746
3,1538,96504727777063,96504727776366,96504728165956,388.893,389.59
3,1539,96504728267570,96504728266239,96504728756726,489.156,490.487
3,1540,96504728856909,96504728854086,96504729290374,433.465,436.288
3,1541,96504729443589,96504729441933,96504729757789,314.2,315.856
3,1542,96504729932546,96504729931805,96504730383371,450.825,451.566
3,1543,96504730520406,96504730519653,96504730841277,320.871,321.624
3,1544,96504731108226,96504731107500,96504731484618,376.392,377.118
3,1545,96504731599882,96504731597372,96504732039057,439.175,441.685
3,1546,96504732186442,96504732185219,96504732676049,489.607,490.83
3,1547,96504732776132,96504732773066,96504733113423,337.291,340.357
3,1548,96504733362311,96504733360914,96504733753284,390.973,392.37
3,1549,96504733852018,96504733850786,96504734230951,378.933,380.165
3,1550,96504734439688,96504734438633,96504734905403,465.715,466.77
3,1551,96504735027618,96504735026480,96504735417301,389.683,390.821
3,1552,96504735519834,96504735516353,96504736123155,603.321,606.802
3,1553,96504736106154,96504736104200,96504736580030,473.876,475.83
3,1554,96504736695604,96504736692047,96504737097148,401.544,405.101
3,1555,96504737182891,96504737181920,96504737674147,491.256,492.227
3,1556,96504737777761,96504737769767,96504738088921,311.16,319.154
3,1557,96504738358700,96504738357614,96504738757004,398.304,399.39
3,1558,96504738849807,96504738847487,96504739336744,486.937,489.257
3,1559,96504739438047,96504739435334,96504739837511,399.464,402.177
3,1560,96504740024807,96504740023181,96504740500433,475.626,477.252
3,1561,96504740613627,96504740611028,96504741028051,414.424,417.023
3,1562,96504741101503,96504741100901,96504741546798,445.295,445.897
3,1563,96504741689523,96504741688748,96504742012234,322.711,323.486
3,1564,96504742277433,96504742276595,96504742698677,421.244,422.082
3,1565,96504742775779,96504742766468,96504743157252,381.473,390.784
3,1566,96504743356480,96504743354315,96504743798355,441.875,444.04
3,1567,96504743943750,96504743942162,96504744263150,319.4,320.988
3,1568,96504744432766,96504744432034,96504745042766,610.0,610.732
3,1569,96504745020515,96504745019882,96504745355567,335.052,335.685
3,1570,96504745608395,96504745607729,96504746043600,435.205,435.871
3,1571,96504746099742,96504746097601,96504746445374,345.632,347.773
3,1572,96504746686882,96504746685448,96504747033394,346.512,347.946
3,1573,96504747276542,96504747273295,96504747706297,429.755,433.002
3,1574,96504747862761,96504747861143,96504748303086,440.325,441.943
3,1575,96504748351988,96504748351015,96504748929467,577.479,578.452
3,1576,96504748944959,96504748938862,96504749524828,579.869,585.966
3,1577,96504749527738,96504749526709,96504749877680,349.942,350.971
3,1578,96504750018874,96504750016582,96504750501711,482.837,485.129
3,1579,96504750605834,96504750604429,96504750954176,348.342,349.747
3,1580,96504751194954,96504751192276,96504751661850,466.896,469.574
3,1581,96504751682921,96504751682149,96504752306862,623.941,624.713
3,1582,96504752271021,96504752269996,96504752872271,601.25,602.275
3,1583,96504752858551,96504752857843,96504753318396,459.845,460.553
3,1584,96504753349357,96504753347716,96504754077741,728.384,730.025
3,1585,96504753938537,96504753935563,96504754426454,487.917,490.891
3,1586,96504754524707,96504754523410,96504754884739,360.032,361.329
3,1587,96504755114157,96504755111257,96504755619684,505.527,508.427
3,1588,96504755601814,96504755601130,96504756048838,447.024,447.708
3,1589,96504756189823,96504756188977,96504756596247,406.424,407.27
3,1590,96504756777632,96504756776824,96504757227018,449.386,450.194
3,1591,96504757268630,96504757266697,96504757649803,381.173,383.106
3,1592,96504757856970,96504757854544,96504758224151,367.181,369.607
3,1593,96504758443889,96504758442391,96504758891015,447.126,448.624
3,1594,96504758932976,96504758932263,96504759466834,533.858,534.571
3,1595,96504759520905,96504759520111,96504759891989,371.084,371.878
3,1596,96504760108835,96504760107958,96504760503059,394.224,395.101
3,1597,96504760600122,96504760597830,96504760991695,391.573,393.865
3,1598,96504761186962,96504761185677,96504761612976,426.014,427.299
3,1599,96504761776442,96504761773524,96504762190546,414.104,417.022
3,1600,96504762363292,96504762361372,96504762763866,400.574,402.494
3,1601,96504762851968,96504762851244,96504763282193,430.225,430.949
3,1602,96504763440188,96504763439091,96504763945625,505.437,506.534
3,1603,96504764027668,96504764026938,96504764382260,354.592,355.322
3,1604,96504764519315,96504764516811,96504764887677,368.362,370.866
3,1605,96504765105895,96504765104658,96504765599551,493.656,494.893
3,1606,96504765694974,96504765692505,96504766053426,358.452,360.921
3,1607,96504766183091,96504766182378,96504766638126,455.035,455.748
3,1608,96504766777001,96504766770225,96504767076041,299.04,305.816
3,1609,96504767359021,96504767358072,96504767846297,487.276,488.225
3,1610,96504767849288,96504767847945,96504768322783,473.495,474.838
3,1611,96504768438247,96504768435792,96504768923903,485.656,488.111
3,1612,96504769025086,96504769023639,96504769481013,455.927,457.374
3,1613,96504769613957,96504769611486,96504770046572,432.615,435.086
3,1614,96504770102023,96504770101359,96504770648082,546.059,546.723
3,1615,96504770689963,96504770689206,96504771151719,461.756,462.513
3,1616,96504771277843,96504771277053,96504771727818,449.975,450.765
3,1617,96504771772820,96504771766926,96504772143762,370.942,376.836
3,1618,96504772357349,96504772354773,96504772671160,313.811,316.387
3,1619,96504772944259,96504772942620,96504773423595,479.336,480.975
3,1620,96504773433226,96504773432492,96504773858940,425.714,426.448
3,1621,96504774021056,96504774020340,96504774396939,375.883,376.599
3,1622,96504774608936,96504774608187,96504774890115,281.179,281.928
3,1623,96504775100822,96504775098059,96504775696193,595.371,598.134
3,1624,96504775687292,96504775685906,96504776057034,369.742,371.128
3,1625,96504776275992,96504776273753,96504776701347,425.355,427.594
3,1626,96504776862932,96504776861601,96504777288967,426.035,427.366
3,1627,96504777352179,96504777351473,96504777709800,357.621,358.327
3,1628,96504777940458,96504777939320,96504778319921,379.463,380.601
3,1629,96504778527878,96504778527167,96504778964973,437.095,437.806
3,1630,96504779019355,96504779017040,96504779502531,483.176,485.491
3,1631,96504779606285,96504779604887,96504779913565,307.28,308.678
3,1632,96504780195135,96504780192734,96504780661050,465.915,468.316
3,1633,96504780683410,96504780682607,96504781161927,478.517,479.32
3,1634,96504781271220,96504781270454,96504781692735,421.515,422.281
3,1635,96504781859060,96504781858301,96504782205023,345.963,346.722
3,1636,96504782349737,96504782348174,96504782847974,498.237,499.8
3,1637,96504782939267,96504782936021,96504783506377,567.11,570.356
3,1638,96504783525247,96504783523868,96504784023444,498.197,499.576
3,1639,96504784114816,96504784111715,96504784454728,339.912,343.013
3,1640,96504784602293,96504784601588,96504785136082,533.789,534.494
3,1641,96504785190143,96504785189435,96504785515975,325.832,326.54
3,1642,96504785778013,96504785777282,96504786225609,447.596,448.327
3,1643,96504786268850,96504786267155,96504786635122,366.272,367.967
3,1644,96504786857789,96504786855002,96504787178250,320.461,323.248
3,1645,96504787444479,96504787442849,96504787876084,431.605,433.235
3,1646,96504787933846,96504787932721,96504788497385,563.539,564.664
3,1647,96504788521276,96504788520569,96504789031513,510.237,510.944
3,1648,96504789109126,96504789108416,96504789416126,307.0,307.71
3,1649,96504789600692,96504789598288,96504790063288,462.596,465.0
3,1650,96504790187882,96504790186135,96504790645447,457.565,459.312
3,1651,96504790777762,96504790773982,96504791210087,432.325,436.105
3,1652,96504791363262,96504791361830,96504791740284,377.022,378.454
3,1653,96504791852369,96504791851702,96504792231932,379.563,380.23
3,1654,96504792440218,96504792439549,96504792925185,484.967,485.636
3,1655,96504793028088,96504793027396,96504793391830,363.742,364.434
3,1656,96504793519554,96504793517269,96504793973880,454.326,456.611
3,1657,96504794106394,96504794105116,96504794463477,357.083,358.361
3,1658,96504794695124,96504794692963,96504795027066,331.942,334.103
3,1659,96504795183651,96504795182836,96504795545033,361.382,362.197
3,1660,96504795792442,96504795770683,96504796128323,335.881,357.64
3,1661,96504796359231,96504796358530,96504796619459,260.228,260.929
3,1662,96504796849557,96504796848403,96504797318873,469.316,470.47
3,1663,96504797438677,96504797436250,96504797828400,389.723,392.15
3,1664,96504798025477,96504798024097,96504798425201,399.724,401.104
3,1665,96504798614317,96504798611944,96504799109553,495.236,497.609
3,1666,96504799102903,96504799101817,96504799575760,472.857,473.943
3,1667,96504799690503,96504799689664,96504800024174,333.671,334.51
3,1668,96504800278393,96504800277511,96504800904904,626.511,627.393
3,1669,96504800779520,96504800767384,96504801258676,479.156,491.292
3,1670,96504801357800,96504801355231,96504801758534,400.734,403.303
3,1671,96504801944640,96504801943078,96504802277471,332.831,334.393
3,1672,96504802433666,96504802432950,96504802911003,477.337,478.053
3,1673,96504803021586,96504803020798,96504803420129,398.543,399.331
3,1674,96504803609415,96504803608645,96504804151554,542.139,542.909
3,1675,96504804101283,96504804098517,96504804533297,432.014,434.78
3,1676,96504804687732,96504804686364,96504805248021,560.289,561.657
3,1677,96504805277042,96504805274212,96504805622234,345.192,348.022
3,1678,96504805863471,96504805862059,96504806300227,436.756,438.168
3,1679,96504806352668,96504806351931,96504806870776,518.108,518.845
3,1680,96504806940438,96504806939778,96504807346172,405.734,406.394
3,1681,96504807528368,96504807527625,96504807895860,367.492,368.235
3,1682,96504808019754,96504808017498,96504808481380,461.626,463.882
3,1683,96504808606694,96504808605345,96504809033419,426.725,428.074
3,1684,96504809195464,96504809193192,96504809633059,437.595,439.867
3,1685,96504809683761,96504809683065,96504810124486,440.725,441.421
3,1686,96504810271721,96504810270912,96504810592352,320.631,321.44
3,1687,96504810859391,96504810858759,96504811309156,449.765,450.397
3,1688,96504811349887,96504811348632,96504811785462,435.575,436.83
3,1689,96504811938777,96504811936479,96504812355171,416.394,418.692
3,1690,96504812525997,96504812524326,96504812991363,465.366,467.037
3,1691,96504813114407,96504813112173,96504813443888,329.481,331.715
3,1692,96504813602804,96504813602046,96504813959126,356.322,357.08
3,1693,96504814190654,96504814189893,96504814450282,259.628,260.389
3,1694,96504814778494,96504814777740,96504815163656,385.162,385.916
3,1695,96504815269370,96504815267613,96504815749106,479.736,481.493
3,1696,96504815857740,96504815855460,96504816134979,277.239,279.519
3,1697,96504816444899,96504816443307,96504816825613,380.714,382.306
3,1698,96504816934026,96504816933179,96504817475325,541.299,542.146
3,1699,96504817521815,96504817521027,96504817976041,454.226,455.014
3,1700,96504818109715,96504818108874,96504818449937,340.222,341.063
3,1701,96504818601282,96504818598746,96504819047958,446.676,449.212
3,1702,96504819187872,96504819186593,96504819644998,457.126,458.405
3,1703,96504819780493,96504819774441,96504820091253,310.76,316.812
3,1704,96504820363632,96504820362288,96504820790286,426.654,427.998
3,1705,96504820852968,96504820852160,96504821355635,502.667,503.475
3,1706,96504821440698,96504821440007,96504821934635,493.937,494.628
3,1707,96504822028618,96504822027854,96504822396031,367.413,368.177
3,1708,96504822520055,96504822517727,96504823033562,513.507,515.835
3,1709,96504823107695,96504823105574,96504823423406,315.711,317.832
3,1710,96504823695965,96504823693421,96504824140849,444.884,447.428
3,1711,96504824184151,96504824183294,96504824673878,489.727,490.584
3,1712,96504824779101,96504824771141,96504825217706,438.605,446.565
3,1713,96504825359761,96504825358988,96504825739114,379.353,380.126
3,1714,96504825850188,96504825848861,96504826395506,545.318,546.645
3,1715,96504826439317,96504826436708,96504826758948,319.631,322.24
3,1716,96504827025817,96504827024555,96504827379169,353.352,354.614
3,1717,96504827614847,96504827612402,96504827979399,364.552,366.997
3,1718,96504828103023,96504828102275,96504828560009,456.986,457.734
3,1719,96504828690983,96504828690122,96504829017304,326.321,327.182
3,1720,96504829279013,96504829277969,96504829607984,328.971,330.015
3,1721,96504829772880,96504829767842,96504830095341,322.461,327.499
3,1722,96504830357859,96504830355689,96504830718902,361.043,363.213
3,1723,96504830944909,96504830943536,96504831355754,410.845,412.218
3,1724,96504831434046,96504831433408,96504831873741,439.695,440.333
3,1725,96504832021956,96504832021256,96504832348817,326.861,327.561
3,1726,96504832610216,96504832609103,96504833079701,469.485,470.598
3,1727,96504833101192,96504833098975,96504833634841,533.649,535.866
3,1728,96504833688162,96504833686822,96504834077536,389.374,390.714
3,1729,96504834276762,96504834274670,96504834662155,385.393,387.485
3,1730,96504834863972,96504834862517,96504835367079,503.107,504.562
3,1731,96504835353169,96504835352389,96504835797713,444.544,445.324
3,1732,96504835941229,96504835940236,96504836266999,325.77,326.763
3,1733,96504836529028,96504836528083,96504836911321,382.293,383.238
3,1734,96504837020265,96504837017956,96504837378487,358.222,360.531
3,1735,96504837607645,96504837605803,96504838041059,433.414,435.256
3,1736,96504838196035,96504838193650,96504838661491,465.456,467.841
3,1737,96504838684291,96504838683523,96504839112735,428.444,429.212
3,1738,96504839272391,96504839271370,96504839670744,398.353,399.374
3,1739,96504839859891,96504839859217,96504840169362,309.471,310.145
3,1740,96504840447950,96504840447064,96504840947127,499.177,500.063
3,1741,96504840939798,96504840936937,96504841401543,461.745,464.606
3,1742,96504841526367,96504841524784,96504842001903,475.536,477.119
3,1743,96504842115027,96504842112631,96504842456868,341.841,344.237
3,1744,96504842603633,96504842602504,96504843132051,528.418,529.547
3,1745,96504843191103,96504843190351,96504843494184,303.081,303.833
3,1746,96504843779173,96504843778198,96504844199947,420.774,421.749
3,1747,96504844269430,96504844268071,96504844659113,389.683,391.042
3,1748,96504844858020,96504844855918,96504845261323,403.303,405.405
3,1749,96504845445169,96504845443765,96504845766770,321.601,323.005
3,1750,96504845934426,96504845933637,96504846399412,464.986,465.775
3,1751,96504846522226,96504846521485,96504846826067,303.841,304.582
3,1752,96504847110426,96504847109332,96504847474679,364.253,365.347
3,1753,96504847697986,96504847697179,96504848082129,384.143,384.95
3,1754,96504848188602,96504848187051,96504848622997,434.395,435.946
3,1755,96504848777382,96504848774899,96504849173805,396.423,398.906
3,1756,96504849364202,96504849362746,96504849676652,312.45,313.906
3,1757,96504849853459,96504849852618,96504850366836,513.377,514.218
3,1758,96504850441459,96504850440465,96504850763699,322.24,323.234
3,1759,96504851029169,96504851028312,96504851338219,309.05,309.907
3,1760,96504851520665,96504851518185,96504851926619,405.954,408.434
3,1761,96504852107394,96504852106032,96504852402565,295.171,296.533
3,1762,96504852698035,96504852693879,96504853126989,428.954,433.11
3,1763,96504853184571,96504853183752,96504853763371,578.8,579.619
3,1764,96504853780441,96504853771599,96504854159044,378.603,387.445
3,1765,96504854360291,96504854359446,96504854780295,420.004,420.849
3,1766,96504854948150,96504854947293,96504855352514,404.364,405.221
3,1767,96504855439957,96504855437166,96504855892692,452.735,455.526
3,1768,96504856026427,96504856025013,96504856463402,436.975,438.389
3,1769,96504856615567,96504856612860,96504857116844,501.277,503.984
3,1770,96504857103514,96504857102733,96504857622751,519.237,520.018
3,1771,96504857691333,96504857690580,96504857985323,293.99,294.743
3,1772,96504858279243,96504858278427,96504858704728,425.485,426.301
3,1773,96504858775200,96504858768300,96504859204384,429.184,436.084
3,1774,96504859358780,96504859356147,96504859872697,513.917,516.55
3,1775,96504859945720,96504859943994,96504860286361,340.641,342.367
3,1776,96504860434706,96504860433866,96504860891552,456.846,457.686
3,1777,96504861022456,96504861021714,96504861411639,389.183,389.925
3,1778,96504861610386,96504861609561,96504861952357,341.971,342.796
3,1779,96504862198166,96504862197408,96504862583959,385.793,386.551
3,1780,96504862689333,96504862687280,96504863091535,402.202,404.255
3,1781,96504863277813,96504863275128,96504863732688,454.875,457.56
3,1782,96504863864433,96504863862975,96504864294957,430.524,431.982
3,1783,96504864353668,96504864352847,96504864744071,390.403,391.224
3,1784,96504864942478,96504864940694,96504865298660,356.182,357.966
3,1785,96504865529408,96504865528541,96504865788517,259.109,259.976
3,1786,96504866020785,96504866018414,96504866491541,470.756,473.127
3,1787,96504866607694,96504866606261,96504867034069,426.375,427.808
3,1788,96504867196374,96504867194108,96504867477584,281.21,283.476
3,1789,96504867684701,96504867683981,96504868124906,440.205,440.925
3,1790,96504868272671,96504868271828,96504868794969,522.298,523.141
3,1791,96504868860361,96504868859675,96504869274015,413.654,414.34
3,1792,96504869448321,96504869447522,96504869830264,381.943,382.742
3,1793,96504869939787,96504869937395,96504870383772,443.985,446.377
3,1794,96504870526757,96504870525242,96504870971152,444.395,445.91
3,1795,96504871115967,96504871113089,96504871459369,343.402,346.28
3,1796,96504871603634,96504871602962,96504872036688,433.054,433.726
3,1797,96504872191694,96504872190809,96504872572916,381.222,382.107
3,1798,96504872779374,96504872778656,96504873104114,324.74,325.458
3,1799,96504873269880,96504873268529,96504873761667,491.787,493.138
3,1800,96504873859010,96504873856376,96504874291894,432.884,435.518
3,1801,96504874445980,96504874444223,96504874805462,359.482,361.239
3,1802,96504874934847,96504874934095,96504875377222,442.375,443.127
3,1803,96504875522677,96504875521943,96504875846277,323.6,324.334
3,1804,96504876110585,96504876109790,96504876494609,384.024,384.819
3,1805,96504876698385,96504876697637,96504877127080,428.695,429.443
3,1806,96504877188862,96504877187509,96504877547485,358.623,359.976
3,1807,96504877780433,96504877775357,96504878125064,344.631,349.707
3,1808,96504878364482,96504878363204,96504878807737,443.255,444.533
3,1809,96504878853918,96504878853076,96504879201601,347.683,348.525
3,1810,96504879441618,96504879440923,96504879957686,516.068,516.763
3,1811,96504880029598,96504880028770,96504880386760,357.162,357.99
3,1812,96504880521045,96504880518643,96504880898468,377.423,379.825
3,1813,96504881108355,96504881106490,96504881501968,393.613,395.478
3,1814,96504881696465,96504881694337,96504882077507,381.042,383.17
3,1815,96504882184931,96504882184210,96504882577935,393.004,393.725
3,1816,96504882778661,96504882772057,96504883165214,386.553,393.157
3,1817,96504883360651,96504883359904,96504883693482,332.831,333.578
3,1818,96504883948741,96504883947751,96504884511240,562.499,563.489
3,1819,96504884440248,96504884437624,96504884890293,450.045,452.669
3,1820,96504885027287,96504885025471,96504885577226,549.939,551.755
3,1821,96504885615687,96504885613318,96504886028921,413.234,415.603
3,1822,96504886104144,96504886103191,96504886653142,548.998,549.951
3,1823,96504886691834,96504886691038,96504887110548,418.714,419.51
3,1824,96504887280024,96504887278885,96504887645655,365.631,366.77
3,1825,96504887777720,96504887768758,96504888122972,345.252,354.214
3,1826,96504888359290,96504888356605,96504888831426,472.136,474.821
3,1827,96504888946039,96504888944452,96504889281821,335.782,337.369
3,1828,96504889435176,96504889434324,96504890001515,566.339,567.191
3,1829,96504890034196,96504890022172,96504890316096,281.9,293.924
3,1830,96504890610986,96504890610019,96504891030280,419.294,420.261
3,1831,96504891198626,96504891197866,96504891539267,340.641,341.401
3,1832,96504891689112,96504891687738,96504892297933,608.821,610.195
3,1833,96504892278292,96504892275586,96504892669865,391.573,394.279
3,1834,96504892864692,96504892863433,96504893149401,284.709,285.968
3,1835,96504893354089,96504893353305,96504893893137,539.048,539.832
3,1836,96504893941919,96504893941152,96504894351322,409.403,410.17
3,1837,96504894529819,96504894529000,96504894944723,414.904,415.723
3,1838,96504895021165,96504895018872,96504895490691,469.526,471.819
3,1839,96504895608045,96504895606719,96504895918045,310.0,311.326
3,1840,96504896196965,96504896194566,96504896573808,376.843,379.242
3,1841,96504896685082,96504896684439,96504897135266,450.184,450.827
3,1842,96504897273171,96504897272286,96504897607632,334.461,335.346
3,1843,96504897861041,96504897860133,96504898200862,339.821,340.729
3,1844,96504898448841,96504898447980,96504898781612,332.771,333.632
3,1845,96504898940258,96504898937853,96504899333901,393.643,396.048
3,1846,96504899527348,96504899525700,96504900029774,502.426,504.074
3,1847,96504900115717,96504900113547,96504900424708,308.991,311.161
3,1848,96504900604163,96504900603420,96504901202884,598.721,599.464
3,1849,96504901192113,96504901191267,96504901530615,338.502,339.348
3,1850,96504901779833,96504901779114,96504902256409,476.576,477.295
3,1851,96504902270320,96504902268987,96504902665563,395.243,396.576
3,1852,96504902859430,96504902856834,96504903187741,328.311,330.907
3,1853,96504903446050,96504903444681,96504903714029,267.979,269.348
3,1854,96504903935336,96504903934553,96504904406963,471.627,472.41
3,1855,96504904523156,96504904522401,96504904840927,317.771,318.526
3,1856,96504905111066,96504905110248,96504905529910,418.844,419.662
3,1857,96504905698916,96504905698095,96504906081599,382.683,383.504
3,1858,96504906189552,96504906187967,96504906702460,512.908,514.493
3,1859,96504906780382,96504906775815,96504907083833,303.451,308.018
3,1860,96504907365502,96504907363662,96504907664232,298.73,300.57
3,1861,96504907854519,96504907853534,96504908474049,619.53,620.515
3,1862,96504908442319,96504908441381,96504908995717,553.398,554.336
3,1863,96504909030339,96504909029229,96504909478393,448.054,449.164
3,1864,96504909522365,96504909519101,96504910010202,487.837,491.101
3,1865,96504910108615,96504910106948,96504910596661,488.046,489.713
3,1866,96504910698745,96504910694795,96504911305155,606.41,610.36
3,1867,96504911185501,96504911184668,96504911602235,416.734,417.567
3,1868,96504911781051,96504911772515,96504912217746,436.695,445.231
3,1869,96504912361331,96504912360362,96504912764924,403.593,404.562
3,1870,96504912949161,96504912948209,96504913365455,416.294,417.246
3,1871,96504913441457,96504913438082,96504914092660,651.203,654.578
3,1872,96504914028097,96504914025929,96504914485883,457.786,459.954
3,1873,96504914617037,96504914613776,96504915045891,428.854,432.115
3,1874,96504915104744,96504915103649,96504915560299,455.555,456.65
3,1875,96504915692343,96504915691496,96504916135158,442.815,443.662
3,1876,96504916280183,96504916279343,96504916695658,415.475,416.315
3,1877,96504916780481,96504916769216,96504917183664,403.183,414.448
3,1878,96504917360130,96504917357063,96504917732853,372.723,375.79
3,1879,96504917946610,96504917944910,96504918329812,383.202,384.902
3,1880,96504918435646,96504918434782,96504918906952,471.306,472.17
3,1881,96504919023506,96504919022630,96504919405779,382.273,383.149
3,1882,96504919611676,96504919610477,96504919991279,379.603,380.802
3,1883,96504920199366,96504920198324,96504920598879,399.513,400.555
3,1884,96504920689863,96504920688196,96504921139517,449.654,451.321
3,1885,96504921278133,96504921276044,96504921728327,450.194,452.283
3,1886,96504921865303,96504921863891,96504922389460,524.157,525.569
3,1887,96504922354478,96504922353763,96504922823475,468.997,469.712
3,1888,96504922942338,96504922941610,96504923220328,277.99,278.718
3,1889,96504923530208,96504923529458,96504923969203,438.995,439.745
3,1890,96504924021926,96504924019330,96504924850533,828.607,831.203
3,1891,96504924608785,96504924607177,96504925013408,404.623,406.231
3,1892,96504925197604,96504925195024,96504925731843,534.239,536.819
3,1893,96504925685711,96504925684897,96504926173498,487.787,488.601
3,1894,96504926273501,96504926272744,96504926691675,418.174,418.931
3,1895,96504926861381,96504926860591,96504927174372,312.991,313.781
3,1896,96504927449341,96504927448438,96504927866275,416.934,417.837
3,1897,96504927940597,96504927938311,96504928349982,409.385,411.671
3,1898,96504928527717,96504928526158,96504928929221,401.504,403.063
3,1899,96504929116717,96504929114005,96504929392937,276.22,278.932
3,1900,96504929604664,96504929603878,96504930000027,395.363,396.149
3,1901,96504930192434,96504930191725,96504930561436,369.002,369.711
3,1902,96504930780344,96504930779572,96504931179877,399.533,400.305
3,1903,96504931270790,96504931269445,96504931674304,403.514,404.859
3,1904,96504931859510,96504931857292,96504932290615,431.105,433.323
3,1905,96504932446410,96504932445139,96504932796611,350.201,351.472
3,1906,96504932935717,96504932935011,96504933347740,412.023,412.729
3,1907,96504933523877,96504933522859,96504933958391,434.514,435.532
3,1908,96504934111547,96504934110706,96504934484589,373.042,373.883
3,1909,96504934699315,96504934698553,96504935004896,305.581,306.343
3,1910,96504935189782,96504935188425,96504935690229,500.447,501.804
3,1911,96504935778513,96504935776273,96504936162976,384.463,386.703
3,1912,96504936365462,96504936364120,96504936708433,342.971,344.313
3,1913,96504936855058,96504936853992,96504937263233,408.175,409.241
3,1914,96504937442578,96504937441839,96504937892724,450.146,450.885
3,1915,96504938030458,96504938029687,96504938392261,361.803,362.574
3,1916,96504938521685,96504938519559,96504938996701,475.016,477.142
3,1917,96504939108695,96504939107406,96504939457617,348.922,350.211
3,1918,96504939698845,96504939695253,96504940209582,510.737,514.329
3,1919,96504940186101,96504940185126,96504940804642,618.541,619.516
3,1920,96504940778831,96504940772973,96504941302189,523.358,529.216
3,1921,96504941361701,96504941360820,96504941725654,363.953,364.834
3,1922,96504941949561,96504941948667,96504942364445,414.884,415.778
3,1923,96504942441128,96504942438540,96504942882103,440.975,443.563
3,1924,96504943027728,96504943026387,96504943470182,442.454,443.795
3,1925,96504943617007,96504943614234,96504943870676,253.669,256.442
3,1926,96504944104734,96504944104107,96504944597131,492.397,493.024
3,1927,96504944692674,96504944691954,96504945150369,457.695,458.415
3,1928,96504945280584,96504945279801,96504945636576,355.992,356.775
3,1929,96504945777160,96504945769674,96504946180384,403.224,410.71
3,1930,96504946359940,96504946357521,96504946873408,513.468,515.887
3,1931,96504946946760,96504946945368,96504947288741,341.981,343.373
3,1932,96504947435956,96504947435240,96504947812749,376.793,377.509
3,1933,96504948024036,96504948023088,96504948372948,348.912,349.86
3,1934,96504948611546,96504948610935,96504948984579,373.033,373.644
3,1935,96504949199476,96504949198782,96504949544207,344.731,345.425
3,1936,96504949689962,96504949688654,96504950036005,346.043,347.351
3,1937,96504950278882,96504950276502,96504950695296,416.414,418.794
3,1938,96504950865842,96504950864349,96504951229185,363.343,364.836
3,1939,96504951355219,96504951354221,96504951794284,439.065,440.063
3,1940,96504951942709,96504951942068,96504952425775,483.066,483.707
3,1941,96504952530619,96504952529916,96504952865070,334.451,335.154
3,1942,96504953022465,96504953019788,96504953543733,521.268,523.945
3,1943,96504953609145,96504953607635,96504953921045,311.9,313.41
3,1944,96504954198045,96504954195482,96504954525576,327.531,330.094
3,1945,96504954686302,96504954685355,96504955130496,444.194,445.141
3,1946,96504955273862,96504955273202,96504955604353,330.491,331.151
3,1947,96504955861921,96504955861049,96504956312516,450.595,451.467
3,1948,96504956449861,96504956448896,96504956967719,517.858,518.823
3,1949,96504956940928,96504956938769,96504957607250,666.322,668.481
3,1950,96504957528958,96504957526616,96504958058725,529.767,532.109
3,1951,96504958116788,96504958114463,96504958536982,420.194,422.519
3,1952,96504958605063,96504958604336,96504959222665,617.602,618.329
3,1953,96504959192933,96504959192183,96504959632888,439.955,440.705
3,1954,96504959780783,96504959780030,96504960143066,362.283,363.036
3,1955,96504960271160,96504960269903,96504960743656,472.496,473.753
3,1956,96504960860460,96504960857750,96504961217763,357.303,360.013
3,1957,96504961447040,96504961445597,96504961818303,371.263,372.706
3,1958,96504961936216,96504961935469,96504962431624,495.408,496.155
3,1959,96504962524096,96504962523317,96504962814816,290.72,291.499
3,1960,96504963111876,96504963111164,96504963415147,303.271,303.983
3,1961,96504963699646,96504963699011,96504964038038,338.392,339.027
3,1962,96504964190543,96504964188883,96504964637368,446.825,448.485
3,1963,96504964779022,96504964776731,96504965066093,287.071,289.362
3,1964,96504965365952,96504965364578,96504965747195,381.243,382.617
3,1965,96504965855379,96504965854450,96504966280804,425.425,426.354
3,1966,96504966442979,96504966442297,96504966789670,346.691,347.373
3,1967,96504967030829,96504967030145,96504967296797,265.968,266.652
3,1968,96504967522515,96504967520017,96504968093214,570.699,573.197
3,1969,96504968109245,96504968107864,96504968500429,391.184,392.565
3,1970,96504968697975,96504968695711,96504969113149,415.174,417.438
3,1971,96504969186292,96504969185584,96504969634406,448.114,448.822
3,1972,96504969774372,96504969773431,96504970117583,343.211,344.152
3,1973,96504970362041,96504970361278,96504970793176,431.135,431.898
3,1974,96504970949871,96504970949125,96504971351874,402.003,402.749
3,1975,96504971441308,96504971438998,96504971825631,384.323,386.633
3,1976,96504972028817,96504972026845,96504972518804,489.987,491.959
3,1977,96504972617877,96504972614692,96504973005960,388.083,391.268
3,1978,96504973105354,96504973104565,96504973507737,402.383,403.172
3,1979,96504973693164,96504973692412,96504974152740,459.576,460.328
3,1980,96504974281043,96504974280259,96504974709698,428.655,429.439
3,1981,96504974777901,96504974770132,96504975210445,432.544,440.313
3,1982,96504975360720,96504975357979,96504975711112,350.392,353.133
3,1983,96504975947190,96504975945826,96504976368314,421.124,422.488
3,1984,96504976436456,96504976435698,96504976962904,526.448,527.206
3,1985,96504977024386,96504977023546,96504977317076,292.69,293.53
3,1986,96504977612096,96504977611393,96504977984199,372.103,372.806
3,1987,96504978200246,96504978199240,96504978526667,326.421,327.427
3,1988,96504978690843,96504978689112,96504979071296,380.453,382.184
3,1989,96504979279183,96504979276960,96504979736218,457.035,459.258
3,1990,96504979866403,96504979864807,96504980229564,363.161,364.757
3,1991,96504980355369,96504980354679,96504980867236,511.867,512.557
3,1992,96504980943209,96504980942526,96504981299751,356.542,357.225
3,1993,96504981531149,96504981530374,96504981847189,316.04,316.815
3,1994,96504982022966,96504982020246,96504982446649,423.683,426.403
3,1995,96504982609726,96504982608093,96504982960407,350.681,352.314
3,1996,96504983198154,96504983195940,96504983555427,357.273,359.487
3,1997,96504983686551,96504983685813,96504984148757,462.206,462.944
3,1998,96504984274381,96504984273660,96504984571142,296.761,297.482
3,1999,96504984862441,96504984861507,96504985182942,320.501,321.435
3,2000,96504985450161,96504985449354,96504985809814,359.653,360.46
3,2001,96504985941387,96504985939227,96504986391483,450.096,452.256
3,2002,96504986528357,96504986527074,96504986864709,336.352,337.635
3,2003,96504987117447,96504987114921,96504987535441,417.994,420.52
3,2004,96504987605514,96504987604794,96504987997407,391.893,392.613
3,2005,96504988193364,96504988192641,96504988560056,366.692,367.415
3,2006,96504988781234,96504988780488,96504989244400,463.166,463.912
3,2007,96504989271710,96504989270361,96504989664454,392.744,394.093
3,2008,96504989860430,96504989858208,96504990186352,325.922,328.144
3,2009,96504990447910,96504990446055,96504990821092,373.182,375.037
3,2010,96504990936737,96504990935927,96504991418043,481.306,482.116
3,2011,96504991524597,96504991523775,96504991939601,415.004,415.826
3,2012,96504992112497,96504992111622,96504992597782,485.285,486.16
3,2013,96504992700586,96504992699469,96504993131151,430.565,431.682
3,2014,96504993190743,96504993189341,96504993626957,436.214,437.616
3,2015,96504993782413,96504993777189,96504994189716,407.303,412.527
3,2016,96504994366593,96504994365036,96504994732564,365.971,367.528
3,2017,96504994855649,96504994854908,96504995475540,619.891,620.632
3,2018,96504995443538,96504995442755,96504995847542,404.004,404.787
3,2019,96504996031528,96504996030603,96504996509895,478.367,479.292
3,2020,96504996522705,96504996520475,96504997039643,516.938,519.168
3,2021,96504997109985,96504997108322,96504997627313,517.328,518.991
3,2022,96504997698385,96504997696169,96504998185061,486.676,488.892
3,2023,96504998186811,96504998186042,96504998671308,484.497,485.266
3,2024,96504998778251,96504998773889,96504999231816,453.565,457.927
3,2025,96504999362941,96504999361736,96504999741524,378.583,379.788
3,2026,96504999950331,96504999949583,96505000268622,318.291,319.039
3,2027,96505000442518,96505000439456,96505000935424,492.906,495.968
3,2028,96505001028728,96505001027303,96505001457302,428.574,429.999
3,2029,96505001617438,96505001615150,96505001952618,335.18,337.468
3,2030,96505002105694,96505002105023,96505002455735,350.041,350.712
3,2031,96505002693714,96505002692870,96505003121499,427.785,428.629
3,2032,96505003281704,96505003280717,96505003681577,399.873,400.86
3,2033,96505003780160,96505003770590,96505004178464,398.304,407.874
3,2034,96505004360620,96505004358437,96505004806235,445.615,447.798
3,2035,96505004947670,96505004946284,96505005248270,300.6,301.986
3,2036,96505005436887,96505005436156,96505005910132,473.245,473.976
3,2037,96505006040377,96505006024004,96505006372148,331.771,348.144
3,2038,96505006612616,96505006611851,96505007008190,395.574,396.339
3,2039,96505007200436,96505007199698,96505007424214,223.778,224.516
3,2040,96505007691032,96505007689570,96505008164769,473.737,475.199
3,2041,96505008280062,96505008277418,96505008569442,289.38,292.024
3,2042,96505008866562,96505008865265,96505009331418,464.856,466.153
3,2043,96505009355809,96505009355137,96505009821875,466.066,466.738
3,2044,96505009943759,96505009942984,96505010426996,483.237,484.012
3,2045,96505010531619,96505010530832,96505010863900,332.281,333.068
3,2046,96505011024375,96505011020704,96505011675437,651.062,654.733
3,2047,96505011610405,96505011608551,96505012061491,451.086,452.94
3,2048,96505012199255,96505012196398,96505012652800,453.545,456.402
3,2049,96505012686972,96505012686271,96505013152987,466.015,466.716
3,2050,96505013274792,96505013274118,96505013700036,425.244,425.918
3,2051,96505013862681,96505013861965,96505014196353,333.672,334.388
3,2052,96505014450531,96505014449812,96505014790753,340.222,340.941
3,2053,96505014942268,96505014939685,96505015417354,475.086,477.669
3,2054,96505015529118,96505015527532,96505015804107,274.989,276.575
3,2055,96505016117968,96505016115379,96505016386177,268.209,270.798
3,2056,96505016605974,96505016605252,96505017067739,461.765,462.487
3,2057,96505017193874,96505017193099,96505017491704,297.83,298.605
3,2058,96505017781713,96505017780946,96505018196487,414.774,415.541
3,2059,96505018272511,96505018270819,96505018706355,433.844,435.536
3,2060,96505018860890,96505018858666,96505019198262,337.372,339.596
3,2061,96505019447820,96505019446513,96505019745720,297.9,299.207
3,2062,96505019937116,96505019936385,96505020406683,469.567,470.298
3,2063,96505020524946,96505020524233,96505020906329,381.383,382.096
3,2064,96505021112946,96505021112080,96505021601653,488.707,489.573
3,2065,96505021700626,96505021699927,96505022112500,411.874,412.573
3,2066,96505022191153,96505022189799,96505022667349,476.196,477.55
3,2067,96505022780722,96505022777647,96505023189367,408.645,411.72
3,2068,96505023367052,96505023365494,96505023781077,414.025,415.583
3,2069,96505023856099,96505023855366,96505024306455,450.356,451.089
3,2070,96505024443999,96505024443213,96505024834112,390.113,390.899
3,2071,96505025031799,96505025031061,96505025299088,267.289,268.027
3,2072,96505025523215,96505025520933,96505026207079,683.864,686.146
3,2073,96505026110275,96505026108780,96505026568880,458.605,460.1
3,2074,96505026698905,96505026696627,96505027145370,446.465,448.743
3,2075,96505027187292,96505027186500,96505027935857,748.565,749.357
3,2076,96505027775122,96505027774347,96505028378872,603.75,604.525
3,2077,96505028363002,96505028362194,96505028789815,426.813,427.621
3,2078,96505028950671,96505028950041,96505029525180,574.509,575.139
3,2079,96505029442428,96505029439914,96505029999867,557.439,559.953
3,2080,96505030029308,96505030027761,96505030418541,389.233,390.78
3,2081,96505030618308,96505030615608,96505030968859,350.551,353.251
3,2082,96505031106304,96505031105481,96505031477807,371.503,372.326
3,2083,96505031694044,96505031693328,96505032149929,455.885,456.601
3,2084,96505032281984,96505032281175,96505032696898,414.914,415.723
3,2085,96505032779291,96505032771048,96505033245666,466.375,474.618
3,2086,96505033361950,96505033358895,96505033670091,308.141,311.196
3,2087,96505033947970,96505033946742,96505034256480,308.51,309.738
3,2088,96505034437367,96505034436615,96505034903752,466.385,467.137
3,2089,96505035025266,96505035024462,96505035291806,266.54,267.344
3,2090,96505035613006,96505035612309,96505036060682,447.676,448.373
3,2091,96505036201036,96505036200156,96505036646841,445.805,446.685
3,2092,96505036691343,96505036690028,96505037131008,439.665,440.98
3,2093,96505037280353,96505037277876,96505037539561,259.208,261.685
3,2094,96505037867383,96505037865723,96505038176063,308.68,310.34
3,2095,96505038356339,96505038355595,96505038811795,455.456,456.2
3,2096,96505038944169,96505038943442,96505039344252,400.083,400.81
3,2097,96505039532069,96505039531290,96505039872990,340.921,341.7
3,2098,96505040023646,96505040021162,96505040414979,391.333,393.817
3,2099,96505040610526,96505040609009,96505040964287,353.761,355.278
3,2100,96505041199146,96505041196856,96505041648560,449.414,451.704
3,2101,96505041687431,96505041686729,96505042197699,510.268,510.97
3,2102,96505042275641,96505042274576,96505042580622,304.981,306.046
3,2103,96505042863161,96505042862423,96505043318977,455.816,456.554
3,2104,96505043450951,96505043450270,96505043842494,391.543,392.224
3,2105,96505043942727,96505043940143,96505044416104,473.377,475.961
3,2106,96505044529417,96505044527990,96505044820628,291.211,292.638
3,2107,96505045118597,96505045115837,96505045486080,367.483,370.243
3,2108,96505045606354,96505045605710,96505046102771,496.417,497.061
3,2109,96505046194294,96505046193557,96505046443282,248.988,249.725
3,2110,96505046782104,96505046781404,96505047215088,432.984,433.684
3,2111,96505047272940,96505047271277,96505047651013,378.073,379.736
3,2112,96505047862100,96505047859124,96505048207732,345.632,348.608
3,2113,96505048448720,96505048446971,96505048752961,304.241,305.99
3,2114,96505048937557,96505048936844,96505049473565,536.008,536.721
3,2115,96505049525367,96505049524691,96505049835107,309.74,310.416
3,2116,96505050113237,96505050112538,96505050551601,438.364,439.063
3,2117,96505050701067,96505050700385,96505051068519,367.452,368.134
3,2118,96505051191923,96505051190257,96505051565355,373.432,375.098
3,2119,96505051780663,96505051778105,96505052114644,333.981,336.539
3,2120,96505052367503,96505052365952,96505052733635,366.132,367.683
3,2121,96505052856450,96505052855824,96505053308994,452.544,453.17
3,2122,96505053444409,96505053443671,96505053819262,374.853,375.591
3,2123,96505054032208,96505054031519,96505054438343,406.135,406.824
3,2124,96505054523856,96505054521391,96505055015622,491.766,494.231
3,2125,96505055110725,96505055109238,96505055404155,293.43,294.917
3,2126,96505055700105,96505055697085,96505056133430,433.325,436.345
3,2127,96505056187641,96505056186958,96505056665508,477.867,478.55
3,2128,96505056778961,96505056774805,96505057069991,291.03,295.186
3,2129,96505057363351,96505057362652,96505057601530,238.179,238.878
3,2130,96505057951301,96505057950499,96505058366545,415.244,416.046
3,2131,96505058442928,96505058440372,96505058968496,525.568,528.124
3,2132,96505059029468,96505059028219,96505059625448,595.98,597.229
3,2133,96505059618868,96505059616066,96505059963989,345.121,347.923
3,2134,96505060106724,96505060105939,96505060684644,577.92,578.705
3,2135,96505060694594,96505060693786,96505061114668,420.074,420.882
3,2136,96505061282614,96505061281633,96505061784191,501.577,502.558
3,2137,96505061779170,96505061771506,96505062248347,469.177,476.841
3,2138,96505062361940,96505062359353,96505062987572,625.632,628.219
3,2139,96505062949280,96505062947200,96505063368454,419.174,421.254
3,2140,96505063437727,96505063437073,96505063882872,445.145,445.799
3,2141,96505064025607,96505064024920,96505064364548,338.941,339.628
3,2142,96505064613437,96505064612767,96505064949248,335.811,336.481
3,2143,96505065201587,96505065200614,96505065528767,327.18,328.153
3,2144,96505065691923,96505065690486,96505066155718,463.795,465.232
3,2145,96505066281273,96505066278334,96505066602194,320.921,323.86
3,2146,96505066867652,96505066866181,96505067222884,355.232,356.703
3,2147,96505067356719,96505067356053,96505067799034,442.315,442.981
3,2148,96505067944579,96505067943900,96505068434855,490.276,490.955
3,2149,96505068532409,96505068531748,96505068854940,322.531,323.192
3,2150,96505069024085,96505069021620,96505069524162,500.077,502.542
3,2151,96505069610925,96505069609467,96505069963597,352.672,354.13
3,2152,96505070199845,96505070197314,96505070657761,457.916,460.447
3,2153,96505070687892,96505070687187,96505071143087,455.195,455.9
3,2154,96505071275732,96505071275034,96505071827990,552.258,552.956
3,2155,96505071863562,96505071862881,96505072211583,348.021,348.702
3,2156,96505072451421,96505072450728,96505072802844,351.423,352.116
3,2157,96505072942798,96505072940601,96505073336161,393.363,395.56
3,2158,96505073529868,96505073528448,96505073859729,329.861,331.281
3,2159,96505074118878,96505074116295,96505074457079,338.201,340.784
3,2160,96505074606914,96505074606168,96505075077300,470.386,471.132
3,2161,96505075194704,96505075194015,96505075547036,352.332,353.021
3,2162,96505075782594,96505075781862,96505076218269,435.675,436.407
3,2163,96505076273271,96505076271735,96505076704445,431.174,432.71
3,2164,96505076861911,96505076859582,96505077290185,428.274,430.603
3,2165,96505077448880,96505077447429,96505077856544,407.664,409.115
3,2166,96505077937966,96505077937302,96505078313369,375.403,376.067
3,2167,96505078525856,96505078525149,96505078883149,357.293,358.0
3,2168,96505079113696,96505079112996,96505079602973,489.277,489.977
3,2169,96505079701586,96505079700843,96505080061529,359.943,360.686
3,2170,96505080192063,96505080190715,96505080698670,506.607,507.955
3,2171,96505080781283,96505080778563,96505081148875,367.592,370.312
3,2172,96505081367783,96505081366410,96505081676773,308.99,310.363
3,2173,96505081857009,96505081856282,96505082370067,513.058,513.785
3,2174,96505082444839,96505082444129,96505082814561,369.722,370.432
3,2175,96505083032689,96505083031977,96505083416292,383.603,384.315
3,2176,96505083524165,96505083521849,96505083988031,463.866,466.182
3,2177,96505084111305,96505084109696,96505084496378,385.073,386.682
3,2178,96505084700215,96505084697543,96505085190922,490.707,493.379
3,2179,96505085188102,96505085187416,96505085706469,518.367,519.053
3,2180,96505085778202,96505085775263,96505086215337,437.135,440.074
3,2181,96505086363812,96505086363110,96505086691042,327.23,327.932
3,2182,96505086951752,96505086950957,96505087245412,293.66,294.455
3,2183,96505087444098,96505087440830,96505087763419,319.321,322.589
3,2184,96505088030278,96505088028677,96505088470963,440.685,442.286
3,2185,96505088619138,96505088616524,96505089021781,402.643,405.257
3,2186,96505089107454,96505089106397,96505089655023,547.569,548.626
3,2187,96505089694914,96505089694244,96505090066707,371.793,372.463
3,2188,96505090282864,96505090282091,96505090641886,359.022,359.795
3,2189,96505090778491,96505090771964,96505091216776,438.285,444.812
3,2190,96505091362070,96505091359811,96505091785135,423.065,425.324
3,2191,96505091949290,96505091947658,96505092263201,313.911,315.543
3,2192,96505092438467,96505092437531,96505092992755,554.288,555.224
3,2193,96505093026057,96505093025378,96505093430310,404.253,404.932
3,2194,96505093613866,96505093613225,96505093989989,376.123,376.764
3,2195,96505094201946,96505094201072,96505094588490,386.544,387.418
3,2196,96505094692423,96505094690944,96505095079526,387.103,388.582
3,2197,96505095281373,96505095278792,96505095728368,446.995,449.576
3,2198,96505095868093,96505095866639,96505096277966,409.873,411.327
3,2199,96505096357199,96505096356511,96505096793094,435.895,436.583
3,2200,96505096945009,96505096944358,96505097275151,330.142,330.793
3,2201,96505097532909,96505097532206,96505097948673,415.764,416.467
3,2202,96505098024696,96505098022078,96505098646277,621.581,624.199
3,2203,96505098611156,96505098609925,96505099037179,426.023,427.254
3,2204,96505099200976,96505099197772,96505099570218,369.242,372.446
3,2205,96505099688442,96505099687645,96505100275221,586.779,587.576
3,2206,96505100276622,96505100275492,96505100719587,442.965,444.095
3,2207,96505100864092,96505100863339,96505101242354,378.262,379.015
3,2208,96505101452051,96505101451186,96505101878056,426.005,426.87
3,2209,96505101943569,96505101941059,96505102394133,450.564,453.074
3,2210,96505102530297,96505102528906,96505102803777,273.48,274.871
3,2211,96505103119568,96505103116753,96505103487110,367.542,370.357
3,2212,96505103607764,96505103606626,96505104043149,435.385,436.523
3,2213,96505104195144,96505104194473,96505104466863,271.719,272.39
3,2214,96505104782984,96505104782320,96505105124556,341.572,342.236
3,2215,96505105273810,96505105272193,96505105632042,358.232,359.849
3,2216,96505105863130,96505105860040,96505106185792,322.662,325.752
3,2217,96505106449260,96505106447887,96505106893775,444.515,445.888
3,2218,96505106938597,96505106937760,96505107511567,572.97,573.807
3,2219,96505107526347,96505107525607,96505107890049,363.702,364.442
3,2220,96505108114147,96505108113454,96505108445028,330.881,331.574
3,2221,96505108701907,96505108701301,96505109050098,348.191,348.797
3,2222,96505109193033,96505109191174,96505109629227,436.194,438.053
3,2223,96505109782193,96505109779021,96505110124395,342.202,345.374
3,2224,96505110368273,96505110366868,96505110795738,427.465,428.87
3,2225,96505110857360,96505110856740,96505111284853,427.493,428.113
3,2226,96505111445340,96505111444587,96505111967547,522.207,522.96
3,2227,96505112033159,96505112032435,96505112364581,331.422,332.146
3,2228,96505112525436,96505112522307,96505112953971,428.535,431.664
3,2229,96505113111946,96505113110154,96505113480568,368.622,370.414
3,2230,96505113700576,96505113698001,96505114126000,425.424,427.999
3,2231,96505114188652,96505114187874,96505114610946,422.294,423.072
3,2232,96505114778331,96505114775721,96505115383562,605.231,607.841
3,2233,96505115364331,96505115363568,96505115805506,441.175,441.938
3,2234,96505115952141,96505115951415,96505116410437,458.296,459.022
3,2235,96505116444208,96505116441288,96505116887764,443.556,446.476
3,2236,96505117030688,96505117029135,96505117411371,380.683,382.236
3,2237,96505117619708,96505117616982,96505117963999,344.291,347.017
3,2238,96505118107544,96505118106855,96505118522748,415.204,415.893
3,2239,96505118695434,96505118694702,96505119118368,422.934,423.666
3,2240,96505119283324,96505119282549,96505119655996,372.672,373.447
3,2241,96505119774471,96505119772422,96505120164324,389.853,391.902
3,2242,96505120362981,96505120360269,96505120789205,426.224,428.936
3,2243,96505120949961,96505120948116,96505121356884,406.923,408.768
3,2244,96505121438747,96505121437989,96505121850270,411.523,412.281
3,2245,96505122026517,96505122025836,96505122467232,440.715,441.396
3,2246,96505122614347,96505122613683,96505123066822,452.475,453.139
3,2247,96505123202247,96505123201530,96505123515487,313.24,313.957
3,2248,96505123693013,96505123691403,96505124037965,344.952,346.562
3,2249,96505124282233,96505124279250,96505124663496,381.263,384.246
3,2250,96505124868913,96505124867097,96505125155063,286.15,287.966
3,2251,96505125357629,96505125356969,96505125803025,445.396,446.056
3,2252,96505125945549,96505125944816,96505126364724,419.175,419.908
3,2253,96505126533369,96505126532664,96505126912912,379.543,380.248
3,2254,96505127024855,96505127022536,96505127618066,593.211,595.53
3,2255,96505127612385,96505127610383,96505128004218,391.833,393.835
3,2256,96505128201025,96505128198230,96505128548128,347.103,349.898
3,2257,96505128688932,96505128688103,96505129106586,417.654,418.483
3,2258,96505129277152,96505129275950,96505129738358,461.206,462.408
3,2259,96505129864542,96505129863797,96505130198063,333.521,334.266
3,2260,96505130452332,96505130451644,96505130897666,445.334,446.022
3,2261,96505130943778,96505130941517,96505131398933,455.155,457.416
3,2262,96505131530908,96505131529364,96505131908801,377.893,379.437
3,2263,96505132119908,96505132117211,96505132615945,496.037,498.734
3,2264,96505132607815,96505132607084,96505133165933,558.118,558.849
3,2265,96505133195724,96505133194931,96505133616768,421.044,421.837
3,2266,96505133783764,96505133782778,96505134242639,458.875,459.861
3,2267,96505134274431,96505134272651,96505134801199,526.768,528.548
3,2268,96505134863231,96505134860498,96505135205922,342.691,345.424
3,2269,96505135449951,96505135448345,96505135931997,482.046,483.652
3,2270,96505135938837,96505135938218,96505136498746,559.909,560.528
3,2271,96505136527127,96505136526065,96505136919500,392.373,393.435
3,2272,96505137115096,96505137113912,96505137434237,319.141,320.325
3,2273,96505137702456,96505137701759,96505138089750,387.294,387.991
3,2274,96505138193053,96505138191632,96505138698001,504.948,506.369
3,2275,96505138782493,96505138779479,96505139125995,343.502,346.516
3,2276,96505139368793,96505139367326,96505139716885,348.092,349.559
3,2277,96505139857799,96505139857198,96505140224512,366.713,367.314
3,2278,96505140446069,96505140445045,96505140962866,516.797,517.821
3,2279,96505141033639,96505141032893,96505141321119,287.48,288.226
3,2280,96505141525436,96505141522765,96505141977091,451.655,454.326
3,2281,96505142112325,96505142110612,96505142449237,336.912,338.625
3,2282,96505142701495,96505142698459,96505143100799,399.304,402.34
3,2283,96505143189062,96505143188332,96505143627347,438.285,439.015
3,2284,96505143777022,96505143776179,96505144063331,286.309,287.152
3,2285,96505144364682,96505144364026,96505144764165,399.483,400.139
3,2286,96505144952922,96505144951873,96505145252191,299.269,300.318
3,2287,96505145444588,96505145441746,96505145816671,372.083,374.925
3,2288,96505146031078,96505146029593,96505146641409,610.331,611.816
3,2289,96505146619718,96505146617440,96505147089974,470.256,472.534
3,2290,96505147108035,96505147107313,96505147636283,528.248,528.97
3,2291,96505147695885,96505147695160,96505148019495,323.61,324.335
3,2292,96505148284055,96505148283007,96505148776461,492.406,493.454
3,2293,96505148778861,96505148772880,96505149249187,470.326,476.307
3,2294,96505149363791,96505149360727,96505149891319,527.528,530.592
3,2295,96505149950320,96505149948574,96505150309863,359.543,361.289
3,2296,96505150439167,96505150438447,96505150816400,377.233,377.953
3,2297,96505151027067,96505151026294,96505151410450,383.383,384.156
3,2298,96505151614877,96505151614141,96505151892626,277.749,278.485
3,2299,96505152202736,96505152201988,96505152500886,298.15,298.898
3,2300,96505152693833,96505152691861,96505153223121,529.288,531.26
3,2301,96505153282483,96505153279708,96505153633385,350.902,353.677
3,2302,96505153869593,96505153867555,96505154180663,311.07,313.108
3,2303,96505154358159,96505154357427,96505154797524,439.365,440.097
3,2304,96505154946099,96505154945274,96505155345463,399.364,400.189
3,2305,96505155533959,96505155533122,96505155857550,323.591,324.428
3,2306,96505156025736,96505156022994,96505156474381,448.645,451.387
3,2307,96505156612496,96505156610841,96505157027570,415.074,416.729
3,2308,96505157201256,96505157198688,96505157481765,280.509,283.077
3,2309,96505157689282,96505157688561,96505158167418,478.136,478.857
3,2310,96505158277112,96505158276408,96505158649624,372.512,373.216
3,2311,96505158864842,96505158864255,96505159228324,363.482,364.069
3,2312,96505159452842,96505159452102,96505159803233,350.391,351.131
3,2313,96505159944639,96505159941975,96505160305460,360.821,363.485
3,2314,96505160531719,96505160529822,96505160917051,385.332,387.229
3,2315,96505161120428,96505161117669,96505161515272,394.844,397.603
3,2316,96505161608284,96505161607542,96505162159343,551.059,551.801
3,2317,96505162196224,96505162195389,96505162840376,644.152,644.987
3,2318,96505162783974,96505162783236,96505163205119,421.145,421.883
3,2319,96505163274760,96505163273109,96505163865911,591.151,592.802
3,2320,96505163863630,96505163860956,96505164262214,398.584,401.258
3,2321,96505164450360,96505164448803,96505164982709,532.349,533.906
3,2322,96505164939477,96505164938676,96505165436224,496.747,497.548
3,2323,96505165527227,96505165526523,96505165872798,345.571,346.275
3,2324,96505166115277,96505166114370,96505166493910,378.633,379.54
3,2325,96505166703077,96505166702217,96505167228425,525.348,526.208
3,2326,96505167193793,96505167192090,96505167824344,630.551,632.254
3,2327,96505167782813,96505167779937,96505168288700,505.887,508.763
3,2328,96505168369513,96505168367784,96505168827628,458.115,459.844
3,2329,96505168858450,96505168857656,96505169392767,534.317,535.111
3,2330,96505169446330,96505169445503,96505170121372,675.042,675.869
3,2331,96505170034240,96505170033351,96505170500315,466.075,466.964
3,2332,96505170527036,96505170523223,96505171056394,529.358,533.171
3,2333,96505171112966,96505171111070,96505171606592,493.626,495.522
3,2334,96505171701766,96505171698917,96505172289386,587.62,590.469
3,2335,96505172189732,96505172188790,96505172806253,616.521,617.463
3,2336,96505172777601,96505172776637,96505173280548,502.947,503.911
3,2337,96505173365281,96505173364484,96505173850128,484.847,485.644
3,2338,96505173953151,96505173952331,96505174462159,509.008,509.828
3,2339,96505174445399,96505174442204,96505175094410,649.011,652.206
3,2340,96505175032238,96505175030051,96505175692100,659.862,662.049
3,2341,96505175621198,96505175617898,96505176278140,656.942,660.242
3,2342,96505176108524,96505176107771,96505176738466,629.942,630.695
3,2343,96505176696584,96505176695618,96505177345576,648.992,649.958
3,2344,96505177284494,96505177283465,96505177859634,575.14,576.169
3,2345,96505177780541,96505177773338,96505178263897,483.356,490.559
3,2346,96505178365371,96505178361185,96505178756364,390.993,395.179
3,2347,96505178951291,96505178949032,96505179549291,598.0,600.259
3,2348,96505179440077,96505179438905,96505180150131,710.054,711.226
3,2349,96505180027747,96505180026752,96505180644398,616.651,617.646
3,2350,96505180615707,96505180614599,96505181158075,542.368,543.476
3,2351,96505181203677,96505181202446,96505181655682,452.005,453.236
3,2352,96505181694753,96505181692319,96505182242301,547.548,549.982
3,2353,96505182284753,96505182280166,96505182765299,480.546,485.133
3,2354,96505182870243,96505182868013,96505183395701,525.458,527.688
3,2355,96505183358800,96505183357885,96505183964920,606.12,607.035
3,2356,96505183946750,96505183945732,96505184556450,609.7,610.718
3,2357,96505184534659,96505184533580,96505185139370,604.711,605.79
3,2358,96505185027506,96505185023452,96505185531373,503.867,507.921
3,2359,96505185613885,96505185611299,96505186100092,486.207,488.793
3,2360,96505186202786,96505186199146,96505186687812,485.026,488.666
3,2361,96505186690122,96505186689019,96505187183899,493.777,494.88
3,2362,96505187277932,96505187276866,96505187711457,433.525,434.591
3,2363,96505187865862,96505187864713,96505188465572,599.71,600.859
3,2364,96505188454422,96505188452560,96505188928668,474.246,476.108
3,2365,96505188946908,96505188942433,96505189602881,655.973,660.448
3,2366,96505189532848,96505189530280,96505189935402,402.554,405.122
3,2367,96505190121898,96505190118127,96505190689528,567.63,571.401
3,2368,96505190609035,96505190608000,96505191327919,718.884,719.919
3,2369,96505191196865,96505191195847,96505191743502,546.637,547.655
3,2370,96505191784794,96505191783694,96505192187828,403.034,404.134
3,2371,96505192275971,96505192273567,96505192844450,568.479,570.883
3,2372,96505192867701,96505192861414,96505193298755,431.054,437.341
3,2373,96505193451121,96505193449261,96505194079142,628.021,629.881
3,2374,96505193939947,96505193939134,96505194451104,511.157,511.97
3,2375,96505194527817,96505194526981,96505195077405,549.588,550.424
3,2376,96505195115907,96505195114828,96505195599993,484.086,485.165
3,2377,96505195703396,96505195702675,96505196261136,557.74,558.461
3,2378,96505196194203,96505196192548,96505196886357,692.154,693.809
3,2379,96505196783584,96505196780395,96505197439455,655.871,659.06
3,2380,96505197369783,96505197368242,96505197823008,453.225,454.766
3,2381,96505197858769,96505197858114,96505198363036,504.267,504.922
3,2382,96505198446689,96505198445962,96505198819722,373.033,373.76
3,2383,96505199034579,96505199033809,96505199550876,516.297,517.067
3,2384,96505199527646,96505199523681,96505199985052,457.406,461.371
3,2385,96505200113016,96505200111528,96505200453187,340.171,341.659
3,2386,96505200702205,96505200699375,96505201167971,465.766,468.596
3,2387,96505201190022,96505201189248,96505201663548,473.526,474.3
3,2388,96505201778452,96505201777095,96505202229437,450.985,452.342
3,2389,96505202366002,96505202364942,96505202845208,479.206,480.266
3,2390,96505202953772,96505202952789,96505203338524,384.752,385.735
3,2391,96505203445748,96505203442662,96505204090161,644.413,647.499
3,2392,96505204032428,96505204030509,96505204646539,614.111,616.03
3,2393,96505204621378,96505204618356,96505205125675,504.297,507.319
3,2394,96505205109105,96505205108229,96505205798928,689.823,690.699
3,2395,96505205696945,96505205696076,96505206190811,493.866,494.735
3,2396,96505206284705,96505206283923,96505206687707,403.002,403.784
3,2397,96505206779381,96505206773796,96505207217026,437.645,443.23
3,2398,96505207367781,96505207361643,96505207997002,629.221,635.359
3,2399,96505207951171,96505207949490,96505208378705,427.534,429.215
3,2400,96505208440147,96505208439363,96505209066159,626.012,626.796
3,2401,96505209027877,96505209027210,96505209470122,442.245,442.912
3,2402,96505209615727,96505209615057,96505210124304,508.577,509.247
3,2403,96505210203686,96505210202904,96505210578120,374.434,375.216
3,2404,96505210694373,96505210692777,96505211252402,558.029,559.625
3,2405,96505211282883,96505211280624,96505211600194,317.311,319.57
3,2406,96505211870193,96505211868471,96505212259796,389.603,391.325
3,2407,96505212358960,96505212358343,96505212817636,458.676,459.293
3,2408,96505212946969,96505212946191,96505213469967,522.998,523.776
3,2409,96505213535249,96505213534038,96505214104928,569.679,570.89
3,2410,96505214027776,96505214023910,96505214426680,398.904,402.77
3,2411,96505214613156,96505214611757,96505214983118,369.962,371.361
3,2412,96505215203036,96505215199604,96505215653971,450.935,454.367
3,2413,96505215690412,96505215689477,96505216157598,467.186,468.121
3,2414,96505216278222,96505216277324,96505216715186,436.964,437.862
3,2415,96505216866152,96505216865171,96505217226734,360.582,361.563
3,2416,96505217454012,96505217453018,96505218116404,662.392,663.386
3,2417,96505217945809,96505217942891,96505218473996,528.187,531.105
3,2418,96505218532299,96505218530738,96505219042225,509.926,511.487
3,2419,96505219121688,96505219118585,96505219501351,379.663,382.766
3,2420,96505219609385,96505219608458,96505220059290,449.905,450.832
3,2421,96505220197304,96505220196305,96505220725923,528.619,529.618
3,2422,96505220785234,96505220784152,96505221151916,366.682,367.764
3,2423,96505221275901,96505221274025,96505221834420,558.519,560.395
3,2424,96505221865661,96505221861872,96505222414129,548.468,552.257
3,2425,96505222451400,96505222449719,96505222816513,365.113,366.794
3,2426,96505222940497,96505222939592,96505223408503,468.006,468.911
3,2427,96505223528317,96505223527439,96505223977642,449.325,450.203
3,2428,96505224116107,96505224115286,96505224472819,356.712,357.533
3,2429,96505224704177,96505224703133,96505225227205,523.028,524.072
3,2430,96505225195003,96505225193006,96505225853816,658.813,660.81
3,2431,96505225805844,96505225780853,96505226280900,475.056,500.047
3,2432,96505226370263,96505226368700,96505226790067,419.804,421.367
3,2433,96505226859430,96505226858572,96505227286804,427.374,428.232
3,2434,96505227447210,96505227446420,96505227986498,539.288,540.078
3,2435,96505228035000,96505228034267,96505228363581,328.581,329.314
3,2436,96505228526526,96505228524139,96505229112916,586.39,588.777
3,2437,96505229113426,96505229111986,96505229510929,397.503,398.943
3,2438,96505229701976,96505229699833,96505230176261,474.285,476.428
3,2439,96505230190483,96505230189706,96505230612366,421.883,422.66
3,2440,96505230778373,96505230777553,96505231106273,327.9,328.72
3,2441,96505231366101,96505231365400,96505231707813,341.712,342.413
3,2442,96505231954031,96505231953247,96505232396567,442.536,443.32
3,2443,96505232445549,96505232443120,96505233006747,561.198,563.627
3,2444,96505233032228,96505233030967,96505233576927,544.699,545.96
3,2445,96505233621368,96505233618814,96505233991731,370.363,372.917
3,2446,96505234109414,96505234108687,96505234678794,569.38,570.107
3,2447,96505234697294,96505234696534,96505235051936,354.642,355.402
3,2448,96505235285224,96505235284381,96505235604285,319.061,319.904
3,2449,96505235778861,96505235774254,96505236231836,452.975,457.582
3,2450,96505236364701,96505236362101,96505236666591,301.89,304.49
3,2451,96505236951301,96505236949948,96505237332533,381.232,382.585
3,2452,96505237440507,96505237439821,96505237801669,361.162,361.848
3,2453,96505238028667,96505238027668,96505238513554,484.887,485.886
3,2454,96505238616167,96505238615515,96505239086643,470.476,471.128
3,2455,96505239204227,96505239203362,96505239589950,385.723,386.588
3,2456,96505239694464,96505239693235,96505240254052,559.588,560.817
3,2457,96505240283383,96505240281082,96505240708898,425.515,427.816
3,2458,96505240870293,96505240868929,96505241337489,467.196,468.56
3,2459,96505241360020,96505241358801,96505241818025,458.005,459.224
3,2460,96505241947380,96505241946649,96505242296191,348.811,349.542
3,2461,96505242535350,96505242534496,96505242809859,274.509,275.363
3,2462,96505243026656,96505243024368,96505243601025,574.369,576.657
3,2463,96505243613435,96505243612215,96505243978738,365.303,366.523
3,2464,96505244202556,96505244200062,96505244565178,362.622,365.116
3,2465,96505244690922,96505244689935,96505245145227,454.305,455.292
3,2466,96505245278422,96505245277782,96505245651625,373.203,373.843
3,2467,96505245866342,96505245865629,96505246267436,401.094,401.807
3,2468,96505246454262,96505246453476,96505246818354,364.092,364.878
3,2469,96505246945968,96505246943349,96505247370403,424.435,427.054
3,2470,96505247532568,96505247531196,96505247956303,423.735,425.107
3,2471,96505248121468,96505248119043,96505248364626,243.158,245.583
3,2472,96505248609595,96505248608916,96505249087421,477.826,478.505
3,2473,96505249198005,96505249196763,96505249512806,314.801,316.043
3,2474,96505249785415,96505249784610,96505250240940,455.525,456.33
3,2475,96505250275831,96505250274483,96505250688285,412.454,413.802
3,2476,96505250864441,96505250862330,96505251229104,364.663,366.774
3,2477,96505251451491,96505251450177,96505251764181,312.69,314.004
3,2478,96505251940838,96505251940050,96505252382372,441.534,442.322
3,2479,96505252528937,96505252527897,96505252932851,403.914,404.954
3,2480,96505253116657,96505253115744,96505253432347,315.69,316.603
3,2481,96505253704337,96505253703591,96505253977816,273.479,274.225
3,2482,96505254194904,96505254193464,96505254709291,514.387,515.827
3,2483,96505254783924,96505254781311,96505255098484,314.56,317.173
3,2484,96505255370444,96505255369158,96505255748706,378.262,379.548
3,2485,96505255859999,96505255859030,96505256216321,356.322,357.291
3,2486,96505256447769,96505256446878,96505256881095,433.326,434.217
3,2487,96505257035379,96505257034725,96505257422453,387.074,387.728
3,2488,96505257526756,96505257524597,96505257975761,449.005,451.164
3,2489,96505258113816,96505258112444,96505258527180,413.364,414.736
3,2490,96505258703225,96505258700291,96505259147101,443.876,446.81
3,2491,96505259190832,96505259190164,96505259561934,371.102,371.77
3,2492,96505259779522,96505259778011,96505260234557,455.035,456.546
3,2493,96505260366652,96505260365858,96505260813358,446.706,447.5
3,2494,96505260954482,96505260953705,96505261474559,520.077,520.854
3,2495,96505261446018,96505261443578,96505261871663,425.645,428.085
3,2496,96505262033318,96505262031425,96505262424562,391.244,393.137
3,2497,96505262621548,96505262619272,96505263013132,391.584,393.86
3,2498,96505263110045,96505263109145,96505263644092,534.047,534.947
3,2499,96505263697765,96505263696992,96505264161791,464.026,464.799
3,2500,96505264285565,96505264284839,96505264705299,419.734,420.46
3,2501,96505264776281,96505264774712,96505265133343,357.062,358.631
3,2502,96505265365271,96505265362559,96505265681392,316.121,318.833
3,2503,96505265951861,96505265950406,96505266336404,384.543,385.998
3,2504,96505266441038,96505266440279,96505266946425,505.387,506.146
3,2505,96505267028818,96505267028126,96505267445041,416.223,416.915
3,2506,96505267616747,96505267615973,96505268041641,424.894,425.668
3,2507,96505268204517,96505268203820,96505268552029,347.512,348.209
3,2508,96505268695313,96505268693693,96505269065936,370.623,372.243
3,2509,96505269283883,96505269281540,96505269641536,357.653,359.996
3,2510,96505269871003,96505269869387,96505270185564,314.561,316.177
3,2511,96505270359950,96505270359259,96505270744863,384.913,385.604
3,2512,96505270947899,96505270947107,96505271368083,420.184,420.976
3,2513,96505271535649,96505271534954,96505271867341,331.692,332.387
3,2514,96505272027316,96505272024826,96505272561734,534.418,536.908
3,2515,96505272613876,96505272612673,96505273039471,425.595,426.798
3,2516,96505273203456,96505273200521,96505273605960,402.504,405.439
3,2517,96505273691042,96505273690393,96505274172148,481.106,481.755
3,2518,96505274279122,96505274278240,96505274756389,477.267,478.149
3,2519,96505274866802,96505274866087,96505275182733,315.931,316.646
3,2520,96505275454742,96505275453934,96505275783833,329.091,329.899
3,2521,96505275946129,96505275943807,96505276304091,357.962,360.284
3,2522,96505276533059,96505276531654,96505276964073,431.014,432.419
3,2523,96505277122169,96505277119501,96505277465860,343.691,346.359
3,2524,96505277610055,96505277609374,96505278085171,475.116,475.797
3,2525,96505278197915,96505278197221,96505278569827,371.912,372.606
3,2526,96505278785954,96505278785068,96505279170938,384.984,385.87
3,2527,96505279276361,96505279274941,96505279675515,399.154,400.574
3,2528,96505279866341,96505279862788,96505280238914,372.573,376.126
3,2529,96505280452060,96505280450635,96505280936567,484.507,485.932
3,2530,96505280941277,96505280940508,96505281341751,400.474,401.243
3,2531,96505281529097,96505281528355,96505281975043,445.946,446.688
3,2532,96505282116947,96505282116202,96505282571482,454.535,455.28
3,2533,96505282704797,96505282704049,96505283110030,405.233,405.981
3,2534,96505283195623,96505283193922,96505283734312,538.689,540.39
3,2535,96505283784063,96505283781769,96505284159786,375.723,378.017
3,2536,96505284370913,96505284369616,96505284732786,361.873,363.17
3,2537,96505284860230,96505284859488,96505285201682,341.452,342.194
3,2538,96505285448000,96505285447336,96505285859754,411.754,412.418
3,2539,96505286035890,96505286035183,96505286387122,351.232,351.939
3,2540,96505286527716,96505286525055,96505286980012,452.296,454.957
3,2541,96505287114166,96505287112902,96505287524550,410.384,411.648
3,2542,96505287702946,96505287700750,96505288112969,410.023,412.219
3,2543,96505288191333,96505288190622,96505288603696,412.363,413.074
3,2544,96505288779173,96505288778469,96505289169225,390.052,390.756
3,2545,96505289367363,96505289366316,96505289781286,413.923,414.97
3,2546,96505289954882,96505289954163,96505290360846,405.964,406.683
3,2547,96505290446419,96505290444036,96505290924715,478.296,480.679
3,2548,96505291033239,96505291031883,96505291396731,363.492,364.848
3,2549,96505291622079,96505291619730,96505291995241,373.162,375.511
3,2550,96505292110304,96505292109603,96505292615062,504.758,505.459
3,2551,96505292698354,96505292697450,96505293010345,311.991,312.895
3,2552,96505293286104,96505293285297,96505293659647,373.543,374.35
3,2553,96505293779392,96505293775170,96505294230316,450.924,455.146
3,2554,96505294365991,96505294363017,96505294808756,442.765,445.739
3,2555,96505294952281,96505294950864,96505295273031,320.75,322.167
3,2556,96505295441597,96505295440737,96505295889783,448.186,449.046
3,2557,96505296029467,96505296028584,96505296426880,397.413,398.296
3,2558,96505296617217,96505296616431,96505297069423,452.206,452.992
3,2559,96505297205017,96505297204278,96505297526328,321.311,322.05
3,2560,96505297695404,96505297694151,96505298063306,367.902,369.155
3,2561,96505298284474,96505298281998,96505298718488,434.014,436.49
3,2562,96505298871193,96505298869845,96505299324439,453.246,454.594
3,2563,96505299360420,96505299359717,96505299874988,514.568,515.271
3,2564,96505299948250,96505299947565,96505300323432,375.182,375.867
3,2565,96505300536520,96505300535412,96505300990855,454.335,455.443
3,2566,96505301027626,96505301025284,96505301608156,580.53,582.872
3,2567,96505301614776,96505301613131,96505302028160,413.384,415.029
3,2568,96505302203316,96505302200979,96505302611780,408.464,410.801
3,2569,96505302691582,96505302690851,96505303083055,391.473,392.204
3,2570,96505303279432,96505303278698,96505303825991,546.559,547.293
3,2571,96505303867302,96505303866545,96505304164183,296.881,297.638
3,2572,96505304455052,96505304454392,96505304779443,324.391,325.051
3,2573,96505304946978,96505304944265,96505305357963,410.985,413.698
3,2574,96505305533428,96505305532112,96505306039616,506.188,507.504
3,2575,96505306122358,96505306119959,96505306460500,338.142,340.541
3,2576,96505306610585,96505306609832,96505307045640,435.055,435.808
3,2577,96505307198485,96505307197679,96505307561177,362.692,363.498
3,2578,96505307786265,96505307785526,96505308200969,414.704,415.443
3,2579,96505308277001,96505308275399,96505308738417,461.416,463.018
3,2580,96505308865781,96505308863246,96505309270095,404.314,406.849
3,2581,96505309452561,96505309451093,96505309806063,353.502,354.97
3,2582,96505309941688,96505309940966,96505310432164,490.476,491.198
3,2583,96505310529648,96505310528813,96505310951501,421.853,422.688
3,2584,96505311117327,96505311116660,96505311459309,341.982,342.649
3,2585,96505311705337,96505311704507,96505311965686,260.349,261.179
3,2586,96505312195844,96505312194380,96505312782904,587.06,588.524
3,2587,96505312785114,96505312782227,96505313135485,350.371,353.258
3,2588,96505313371724,96505313370074,96505313732226,360.502,362.152
3,2589,96505313860650,96505313859946,96505314271754,411.104,411.808
3,2590,96505314448509,96505314447794,96505314811452,362.943,363.658
3,2591,96505315036419,96505315035641,96505315499945,463.526,464.304
3,2592,96505315527847,96505315525513,96505316096796,568.949,571.283
3,2593,96505316115246,96505316113360,96505316582492,467.246,469.132
3,2594,96505316703246,96505316701208,96505317053528,350.282,352.32
3,2595,96505317191822,96505317191080,96505317650768,458.946,459.688
3,2596,96505317779652,96505317778927,96505318346722,567.07,567.795
3,2597,96505318367742,96505318366774,96505318872389,504.647,505.615
3,2598,96505318955422,96505318954621,96505319288693,333.271,334.072
3,2599,96505319447368,96505319444494,96505320034068,586.7,589.574
3,2600,96505320033978,96505320032341,96505320655470,621.492,623.129
3,2601,96505320622678,96505320620188,96505321160827,538.149,540.639
3,2602,96505321110755,96505321110061,96505321555330,444.575,445.269
3,2603,96505321698665,96505321697908,96505322185292,486.627,487.384
3,2604,96505322286425,96505322285755,96505322633436,347.011,347.681
3,2605,96505322779971,96505322775628,96505323341540,561.569,565.912
3,2606,96505323366111,96505323363475,96505323907849,541.738,544.374
3,2607,96505323952751,96505323951322,96505324487400,534.649,536.078
3,2608,96505324441918,96505324441195,96505325036517,594.599,595.322
3,2609,96505325029848,96505325029042,96505325543935,514.087,514.893
3,2610,96505325617658,96505325616889,96505326072793,455.135,455.904
3,2611,96505328828226,96505326204736,96505329827220,998.994,3622.484
3,2612,96505328843107,96505326694609,96505329917903,1074.796,3223.294
3,2613,96505328854837,96505327282456,96505330071768,1216.931,2789.312
3,2614,96505328860137,96505327870303,96505330420810,1560.673,2550.507
3,2615,96505328865558,96505328360175,96505330955048,2089.49,2594.873
3,2616,96505328948921,96505328948023,96505331054211,2105.29,2106.188
3,2617,96505329536909,96505329535870,96505331826557,2289.648,2290.687
3,2618,96505330029107,96505330025742,96505331919791,1890.684,1894.049
3,2619,96505330615926,96505330613589,96505332076006,1460.08,1462.417
3,2620,96505331205337,96505331201437,96505332648595,1443.258,1447.158
3,2621,96505331692402,96505331691309,96505332782829,1090.427,1091.52
3,2622,96505332281182,96505332279156,96505333172433,891.251,893.277
3,2623,96505332887333,96505332867003,96505333598677,711.344,731.674
3,2624,96505333455702,96505333454850,96505333963479,507.777,508.629
3,2625,96505333947019,96505333944723,96505334546169,599.15,601.446
3,2626,96505334534069,96505334532570,96505334849130,315.061,316.56
3,2627,96505335122749,96505335120417,96505335422799,300.05,302.382
3,2628,96505335611075,96505335610290,96505336345570,734.495,735.28
3,2629,96505336198905,96505336198137,96505336515766,316.861,317.629
3,2630,96505336786685,96505336785984,96505337131827,345.142,345.843
3,2631,96505337277252,96505337275857,96505337801570,524.318,525.713
3,2632,96505337866302,96505337863704,96505338351307,485.005,487.603
3,2633,96505338452852,96505338451551,96505338749201,296.349,297.65
3,2634,96505338948598,96505338941424,96505339550298,601.7,608.874
3,2635,96505339534718,96505339529271,96505339919230,384.512,389.959
3,2636,96505340127707,96505340117118,96505340676656,548.949,559.538
3,2637,96505340719758,96505340704965,96505341206044,486.286,501.079
3,2638,96505341207694,96505341194838,96505341626709,419.015,431.871
3,2639,96505341785814,96505341782685,96505342189098,403.284,406.413
3,2640,96505342381744,96505342370532,96505342937803,556.059,567.271
3,2641,96505342861470,96505342860404,96505343294385,432.915,433.981
3,2642,96505343457810,96505343448252,96505343902245,444.435,453.993
3,2643,96505344040480,96505344036099,96505344505785,465.305,469.686
3,2644,96505344539077,96505344525971,96505345015323,476.246,489.352
3,2645,96505345119837,96505345113818,96505345569712,449.875,455.894
3,2646,96505345718666,96505345701666,96505346148241,429.575,446.575
3,2647,96505346192323,96505346191538,96505346698990,506.667,507.452
3,2648,96505346780133,96505346779385,96505347413184,633.051,633.799
3,2649,96505347368053,96505347367232,96505347739235,371.182,372.003
3,2650,96505347956192,96505347955079,96505348391627,435.435,436.548
3,2651,96505348447999,96505348444952,96505348979587,531.588,534.635
3,2652,96505349034849,96505349032799,96505349393471,358.622,360.672
3,2653,96505349623279,96505349620646,96505349988411,365.132,367.765
3,2654,96505350111356,96505350110519,96505350684714,573.358,574.195
3,2655,96505350699355,96505350698366,96505351159530,460.175,461.164
3,2656,96505351287055,96505351286213,96505351841814,554.759,555.601
3,2657,96505351777502,96505351776086,96505352220887,443.385,444.801
3,2658,96505352367222,96505352363933,96505352759825,392.603,395.892
3,2659,96505352953442,96505352951780,96505353349695,396.253,397.915
3,2660,96505353442377,96505353441653,96505353972386,530.009,530.733
3,2661,96505354030257,96505354029500,96505354486644,456.387,457.144
3,2662,96505354618077,96505354617347,96505355030322,412.245,412.975
3,2663,96505355206187,96505355205194,96505355608791,402.604,403.597
3,2664,96505355696204,96505355695067,96505356221562,525.358,526.495
3,2665,96505356285124,96505356282914,96505356655406,370.282,372.492
3,2666,96505356872024,96505356870761,96505357194854,322.83,324.093
3,2667,96505357361420,96505357360633,96505357883808,522.388,523.175
3,2668,96505357949260,96505357948481,96505358344053,394.793,395.572
3,2669,96505358536990,96505358536328,96505359058117,521.127,521.789
3,2670,96505359028557,96505359026200,96505359539974,511.417,513.774
3,2671,96505359615706,96505359614047,96505360015660,399.954,401.613
3,2672,96505360204176,96505360201895,96505360562818,358.642,360.923
3,2673,96505360692543,96505360691767,96505361216161,523.618,524.394
3,2674,96505361280343,96505361279614,96505361723418,443.075,443.804
3,2675,96505361868223,96505361867461,96505362219324,351.101,351.863
3,2676,96505362456033,96505362455309,96505362874097,418.064,418.788
3,2677,96505362947479,96505362945181,96505363456616,509.137,511.435
3,2678,96505363534969,96505363533028,96505364137859,602.89,604.831
3,2679,96505364124489,96505364120875,96505364677288,552.799,556.413
3,2680,96505364611475,96505364610748,96505365079081,467.606,468.333
3,2681,96505365199715,96505365198595,96505365739573,539.858,540.978
3,2682,96505365787485,96505365786442,96505366117746,330.261,331.304
3,2683,96505366278791,96505366276315,96505366904042,625.251,627.727
3,2684,96505366867491,96505366864162,96505367323757,456.266,459.595
3,2685,96505367453751,96505367452009,96505367998000,544.249,545.991
3,2686,96505367943208,96505367941882,96505368503077,559.869,561.195
3,2687,96505368530488,96505368529729,96505368986723,456.235,456.994
3,2688,96505369118277,96505369117576,96505369484210,365.933,366.634
3,2689,96505369706227,96505369705423,96505370020248,314.021,314.825
3,2690,96505370196744,96505370195296,96505370624529,427.785,429.233
3,2691,96505370785754,96505370783143,96505371185498,399.744,402.355
3,2692,96505371372334,96505371370990,96505371872931,500.597,501.941
3,2693,96505371861760,96505371860862,96505372349297,487.537,488.435
3,2694,96505372449370,96505372448710,96505372963898,514.528,515.188
3,2695,96505373037470,96505373036557,96505373508076,470.606,471.519
3,2696,96505373528587,96505373526429,96505373934190,405.603,407.761
3,2697,96505374115707,96505374114276,96505374543971,428.264,429.695
3,2698,96505374704337,96505374702124,96505375132321,427.984,430.197
3,2699,96505375192733,96505375191996,96505375705390,512.657,513.394
3,2700,96505375780492,96505375779843,96505376148255,367.763,368.412
3,2701,96505376368482,96505376367690,96505376750676,382.194,382.986
3,2702,96505376956332,96505376955538,96505377414628,458.296,459.09
3,2703,96505377447650,96505377445410,96505377863503,415.853,418.093
3,2704,96505378034529,96505378033257,96505378382731,348.202,349.474
3,2705,96505378623418,96505378621104,96505378985601,362.183,364.497
3,2706,96505379111845,96505379110977,96505379658734,546.889,547.757
3,2707,96505379699895,96505379698824,96505380149320,449.425,450.496
3,2708,96505380287515,96505380286671,96505380578325,290.81,291.654
3,2709,96505380778741,96505380776544,96505381350001,571.26,573.457
3,2710,96505381367511,96505381364391,96505381871828,504.317,507.437
3,2711,96505381953831,96505381952238,96505382385156,431.325,432.918
3,2712,96505382443258,96505382442111,96505383010077,566.819,567.966
3,2713,96505383031058,96505383029958,96505383456313,425.255,426.355
3,2714,96505383618768,96505383617805,96505384129615,510.847,511.81
3,2715,96505384206688,96505384205652,96505384684354,477.666,478.702
3,2716,96505384697624,96505384695525,96505385268903,571.279,573.378
3,2717,96505385286854,96505385283372,96505385680327,393.473,396.955
3,2718,96505385872834,96505385871219,96505386441903,569.069,570.684
3,2719,96505386362051,96505386361091,96505386850596,488.545,489.505
3,2720,96505386950231,96505386948939,96505387481558,531.327,532.619
3,2721,96505387537840,96505387536786,96505387902992,365.152,366.206
3,2722,96505388029487,96505388026658,96505388581316,551.829,554.658
3,2723,96505388616276,96505388614505,96505389111233,494.957,496.728
3,2724,96505389205516,96505389202353,96505389681612,476.096,479.259
3,2725,96505389693353,96505389692225,96505390117537,424.184,425.312
3,2726,96505390281062,96505390280072,96505390823641,542.579,543.569
3,2727,96505390868962,96505390867919,96505391337988,469.026,470.069
3,2728,96505391456772,96505391455767,96505391833945,377.173,378.178
3,2729,96505391948609,96505391945639,96505392330042,381.433,384.403
3,2730,96505392534929,96505392533486,96505392952933,418.004,419.447
3,2731,96505393123279,96505393121333,96505393611045,487.766,489.712
3,2732,96505393611995,96505393611206,96505394103312,491.317,492.106
3,2733,96505394199745,96505394199053,96505394639240,439.495,440.187
3,2734,96505394787585,96505394786900,96505395265381,477.796,478.481
3,2735,96505395278232,96505395276773,96505395805110,526.878,528.337
3,2736,96505395867262,96505395864620,96505396237354,370.092,372.734
3,2737,96505396453682,96505396452467,96505396900096,446.414,447.629
3,2738,96505396943428,96505396942340,96505397543499,600.071,601.159
3,2739,96505397530848,96505397530187,96505397993593,462.745,463.406
3,2740,96505398119188,96505398118034,96505398552512,433.324,434.478
3,2741,96505398706617,96505398705881,96505399209524,502.907,503.643
3,2742,96505399197203,96505399195754,96505399581267,384.064,385.513
3,2743,96505399785764,96505399783601,96505400136056,350.292,352.455
3,2744,96505400372773,96505400371448,96505400803028,430.255,431.58
3,2745,96505400862050,96505400861320,96505401244053,382.003,382.733
3,2746,96505401449880,96505401449168,96505401886295,436.415,437.127
3,2747,96505402037810,96505402037015,96505402354851,317.041,317.836
3,2748,96505402529126,96505402526887,96505403028923,499.797,502.036
3,2749,96505403116006,96505403114734,96505403507280,391.274,392.546
3,2750,96505403704846,96505403702582,96505404077479,372.633,374.897
3,2751,96505404193263,96505404192454,96505404579956,386.693,387.502
3,2752,96505404781063,96505404780301,96505405178106,397.043,397.805
3,2753,96505405368933,96505405368148,96505405692503,323.57,324.355
3,2754,96505405956793,96505405955996,96505406312745,355.952,356.749
3,2755,96505406448119,96505406445868,96505406872734,424.615,426.866
3,2756,96505407035199,96505407033715,96505407481464,446.265,447.749
3,2757,96505407623659,96505407621562,96505407946989,323.33,325.427
3,2758,96505408112126,96505408111435,96505408572311,460.185,460.876
3,2759,96505408700076,96505408699282,96505408985725,285.649,286.443
3,2760,96505409287815,96505409287129,96505409699209,411.394,412.08
3,2761,96505409778642,96505409777002,96505410137144,358.502,360.142
3,2762,96505410367192,96505410364849,96505410782035,414.843,417.186
3,2763,96505410954492,96505410952696,96505411294703,340.211,342.007
3,2764,96505411542741,96505411540543,96505411902214,359.473,361.671
3,2765,96505412031427,96505412030416,96505412528285,496.858,497.869
3,2766,96505412619237,96505412618263,96505413228638,609.401,610.375
3,2767,96505413207087,96505413206110,96505413738716,531.629,532.606
3,2768,96505413697484,96505413695983,96505414111288,413.804,415.305
3,2769,96505414288034,96505414283830,96505414811412,523.378,527.582
3,2770,96505414873554,96505414871677,96505415332990,459.436,461.313
3,2771,96505415362560,96505415361549,96505415783514,420.954,421.965
3,2772,96505415950350,96505415949397,96505416469107,518.757,519.71
3,2773,96505416538180,96505416537244,96505416888672,350.492,351.428
3,2774,96505417030407,96505417027116,96505417584425,554.018,557.309
3,2775,96505417616777,96505417614963,96505418040330,423.553,425.367
3,2776,96505418205066,96505418202811,96505418634251,429.185,431.44
3,2777,96505418792276,96505418790658,96505419264482,472.206,473.824
3,2778,96505419281233,96505419280530,96505419708438,427.205,427.908
3,2779,96505419869183,96505419868377,96505420232385,363.202,364.008
3,2780,96505420456943,96505420456225,96505420916478,459.535,460.253
3,2781,96505420948309,96505420946097,96505421312791,364.482,366.694
3,2782,96505421535159,96505421533944,96505422049867,514.708,515.923
3,2783,96505422124199,96505422121791,96505422503072,378.873,381.281
3,2784,96505422612375,96505422611664,96505423063260,450.885,451.596
3,2785,96505423200185,96505423199511,96505423546337,346.152,346.826
3,2786,96505423788095,96505423787358,96505424120046,331.951,332.688
3,2787,96505424278971,96505424277231,96505424708366,429.395,431.135
3,2788,96505424867331,96505424865078,96505425243014,375.683,377.936
3,2789,96505425454031,96505425452925,96505425916977,462.946,464.052
3,2790,96505426042931,96505426040772,96505426419224,376.293,378.452
3,2791,96505426531408,96505426530645,96505426909141,377.733,378.496
3,2792,96505427119338,96505427118492,96505427403387,284.049,284.895
3,2793,96505427707227,96505427706339,96505428140522,433.295,434.183
3,2794,96505428197444,96505428196212,96505428730302,532.858,534.09
3,2795,96505428786344,96505428784059,96505429070783,284.439,286.724
3,2796,96505429373294,96505429371906,96505429828269,454.975,456.363
3,2797,96505429862600,96505429861778,96505430295865,433.265,434.087
3,2798,96505430450400,96505430449626,96505430743700,293.3,294.074
3,2799,96505431038240,96505431037473,96505431389442,351.202,351.969
3,2800,96505431529767,96505431527345,96505432087355,557.588,560.01
3,2801,96505432116687,96505432115192,96505432408917,292.23,293.725
3,2802,96505432705227,96505432703040,96505433106190,400.963,403.15
3,2803,96505433292157,96505433290887,96505433567335,275.178,276.448
3,2804,96505433781512,96505433780759,96505434225158,443.646,444.399
3,2805,96505434369812,96505434368606,96505434803767,433.955,435.161
3,2806,96505434957803,96505434956454,96505435399137,441.334,442.683
3,2807,96505435448700,96505435446326,96505436004468,555.768,558.142
3,2808,96505436035989,96505436034173,96505436556417,520.428,522.244
3,2809,96505436625398,96505436622020,96505437078334,452.936,456.314
3,2810,96505437112745,96505437111893,96505437660544,547.799,548.651
3,2811,96505437700565,96505437699740,96505437957514,256.949,257.774
3,2812,96505438288465,96505438287587,96505438800662,512.197,513.075
3,2813,96505438779062,96505438777460,96505439297859,518.797,520.399
3,2814,96505439367791,96505439365307,96505439780836,413.045,415.529
3,2815,96505439954601,96505439953154,96505440327964,373.363,374.81
3,2816,96505440543651,96505440541001,96505440881063,337.412,340.062
3,2817,96505441031738,96505441030874,96505441379429,347.691,348.555
3,2818,96505441619538,96505441618721,96505441947409,327.871,328.688
3,2819,96505442207338,96505442206568,96505442551439,344.101,344.871
3,2820,96505442697734,96505442696441,96505443156669,458.935,460.228
3,2821,96505443286444,96505443284288,96505443633696,347.252,349.408
3,2822,96505443873634,96505443872135,96505444189274,315.64,317.139
3,2823,96505444362711,96505444362007,96505444756004,393.293,393.997
3,2824,96505444950531,96505444949855,96505445282232,331.701,332.377
3,2825,96505445538461,96505445537702,96505445852081,313.62,314.379
3,2826,96505446029727,96505446027574,96505446486682,456.955,459.108
3,2827,96505446616726,96505446615421,96505446945107,328.381,329.686
3,2828,96505447205426,96505447203269,96505447549059,343.633,345.79
3,2829,96505447792346,96505447791116,96505448144018,351.672,352.902
3,2830,96505448281783,96505448280988,96505448701257,419.474,420.269
3,2831,96505448869752,96505448868835,96505449102160,232.408,233.325
3,2832,96505449457772,96505449456683,96505449860456,402.684,403.773
3,2833,96505449949009,96505449946555,96505450272670,323.661,326.115
3,2834,96505450536249,96505450534402,96505450995825,459.576,461.423
3,2835,96505451124949,96505451122249,96505451500362,375.413,378.113
3,2836,96505451613185,96505451612122,96505452031879,418.694,419.757
3,2837,96505452200805,96505452199969,96505452543047,342.242,343.078
3,2838,96505452788875,96505452787816,96505453129937,341.062,342.121
3,2839,96505453279152,96505453277689,96505453665174,386.022,387.485
3,2840,96505453868152,96505453865536,96505454195613,327.461,330.077
3,2841,96505454454702,96505454453383,96505454867346,412.644,413.963
3,2842,96505455043431,96505455041230,96505455466485,423.054,425.255
3,2843,96505455531868,96505455531103,96505456041385,509.517,510.282
3,2844,96505456119938,96505456118950,96505456515961,396.023,397.011
3,2845,96505456707608,96505456706797,96505457150423,442.815,443.626
3,2846,96505457198055,96505457196670,96505457765233,567.178,568.563
3,2847,96505457786794,96505457784517,96505458132596,345.802,348.079
3,2848,96505458373674,96505458372364,96505458816659,442.985,444.295
3,2849,96505458862940,96505458862236,96505459244103,381.163,381.867
3,2850,96505459450920,96505459450084,96505459897516,446.596,447.432
3,2851,96505460038690,96505460037931,96505460361581,322.891,323.65
3,2852,96505460530766,96505460527803,96505461112107,581.341,584.304
3,2853,96505461117456,96505461115650,96505461448028,330.572,332.378
3,2854,96505461706766,96505461703498,96505462124460,417.694,420.962
3,2855,96505462293146,96505462291345,96505462578676,285.53,287.331
3,2856,96505462782003,96505462781217,96505463247589,465.586,466.372
3,2857,96505463369733,96505463369064,96505463630221,260.488,261.157
3,2858,96505463957563,96505463956912,96505464267323,309.76,310.411
3,2859,96505464448779,96505464446784,96505464862093,413.314,415.309
3,2860,96505465035799,96505465034631,96505465462924,427.125,428.293
3,2861,96505465624969,96505465622478,96505465905519,280.55,283.041
3,2862,96505466113056,96505466112351,96505466604352,491.296,492.001
3,2863,96505466701306,96505466700198,96505467059697,358.391,359.499
3,2864,96505467288905,96505467288045,96505467586685,297.78,298.64
3,2865,96505467779232,96505467777918,96505468214856,435.624,436.938
3,2866,96505468367902,96505468365765,96505468896330,528.428,530.565
3,2867,96505468955252,96505468953612,96505469271342,316.09,317.73
3,2868,96505469543742,96505469541459,96505469965006,421.264,423.547
3,2869,96505470032127,96505470031332,96505470357459,325.332,326.127
3,2870,96505470619967,96505470619179,96505471067523,447.556,448.344
3,2871,96505471207777,96505471207026,96505471475706,267.929,268.68
3,2872,96505471698514,96505471696899,96505472180971,482.457,484.072
3,2873,96505472287254,96505472284746,96505472625456,338.202,340.71
3,2874,96505472873894,96505472872593,96505473227176,353.282,354.583
3,2875,96505473363230,96505473362465,96505473838667,475.437,476.202
3,2876,96505473951060,96505473950313,96505474381125,430.065,430.812
3,2877,96505474538810,96505474538160,96505474895052,356.242,356.892
3,2878,96505475030337,96505475028032,96505475535923,505.586,507.891
3,2879,96505475617327,96505475615879,96505475961728,344.401,345.849
3,2880,96505476206066,96505476203727,96505476519108,313.042,315.381
3,2881,96505476792896,96505476791574,96505477080266,287.37,288.692
3,2882,96505477282233,96505477281446,96505477671226,388.993,389.78
3,2883,96505477870043,96505477869293,96505478214405,344.362,345.112
3,2884,96505478457963,96505478457141,96505478872127,414.164,414.986
3,2885,96505478949279,96505478947013,96505479323512,374.233,376.499
3,2886,96505479536059,96505479534860,96505480031476,495.417,496.616
3,2887,96505480125729,96505480122707,96505480473121,347.392,350.414
3,2888,96505480613286,96505480612580,96505481166165,552.879,553.585
3,2889,96505481201136,96505481200427,96505481493485,292.349,293.058
3,2890,96505481789065,96505481788274,96505482264371,475.306,476.097
3,2891,96505482279331,96505482278147,96505482755568,476.237,477.421
3,2892,96505482868302,96505482865994,96505483337748,469.446,471.754
3,2893,96505483455391,96505483453841,96505483919437,464.046,465.596
3,2894,96505484043881,96505484041688,96505484397073,353.192,355.385
3,2895,96505484532318,96505484531561,96505485012844,480.526,481.283
3,2896,96505485120108,96505485119408,96505485564412,444.304,445.004
3,2897,96505485707998,96505485707255,96505486151492,443.494,444.237
3,2898,96505486198424,96505486197128,96505486757733,559.309,560.605
3,2899,96505486787444,96505486784975,96505487290111,502.667,505.136
3,2900,96505487374214,96505487372822,96505487708075,333.861,335.253
3,2901,96505487863471,96505487862695,96505488274254,410.783,411.559
3,2902,96505488451230,96505488450542,96505488839604,388.374,389.062
3,2903,96505489039270,96505489038389,96505489383972,344.702,345.583
3,2904,96505489530457,96505489528261,96505489940530,410.073,412.269
3,2905,96505490117527,96505490116108,96505490463868,346.341,347.76
3,2906,96505490706177,96505490703956,96505491080049,373.872,376.093
3,2907,96505491293117,96505491291803,96505491609918,316.801,318.115
3,2908,96505491782513,96505491781675,96505492294280,511.767,512.605
3,2909,96505492370273,96505492369522,96505492625891,255.618,256.369
3,2910,96505492958353,96505492957370,96505493316355,358.002,358.985
3,2911,96505493449680,96505493447242,96505493880894,431.214,433.652
3,2912,96505494036399,96505494035089,96505494458843,422.444,423.754
3,2913,96505494625589,96505494622936,96505494930159,304.57,307.223
3,2914,96505495113575,96505495112809,96505495563931,450.356,451.122
3,2915,96505495701325,96505495700656,96505496028616,327.291,327.96
3,2916,96505496289395,96505496288503,96505496567935,278.54,279.432
3,2917,96505496779692,96505496778376,96505497266778,487.086,488.402
3,2918,96505497368291,96505497366223,96505497741375,373.084,375.152
3,2919,96505497955231,96505497954070,96505498235321,280.09,281.251
3,2920,96505498545311,96505498541917,96505498879653,334.342,337.736
3,2921,96505499032778,96505499031790,96505499554826,522.048,523.036
3,2922,96505499620588,96505499619637,96505500084964,464.376,465.327
3,2923,96505500208898,96505500207484,96505500641132,432.234,433.648
3,2924,96505500699374,96505500697357,96505501201941,502.567,504.584
3,2925,96505501288394,96505501285204,96505501651107,362.713,365.903
3,2926,96505501875024,96505501873051,96505502271937,396.913,398.886
3,2927,96505502364561,96505502362924,96505502812235,447.674,449.311
3,2928,96505502951881,96505502950771,96505503389785,437.904,439.014
3,2929,96505503539511,96505503538618,96505503901972,362.461,363.354
3,2930,96505504030997,96505504028490,96505504539604,508.607,511.114
3,2931,96505504617517,96505504616337,96505504974939,357.422,358.602
3,2932,96505505207257,96505505204185,96505505584280,377.023,380.095
3,2933,96505505793377,96505505792032,96505506100007,306.63,307.975
3,2934,96505506282654,96505506281904,96505506721878,439.224,439.974
3,2935,96505506870473,96505506869751,96505507135792,265.319,266.041
3,2936,96505507458282,96505507457599,96505507843816,385.534,386.217
3,2937,96505507949699,96505507947471,96505508380584,430.885,433.113
3,2938,96505508537059,96505508535318,96505508881151,344.092,345.833
3,2939,96505509125369,96505509123165,96505509459571,334.202,336.406
3,2940,96505509613775,96505509613038,96505510066521,452.746,453.483
3,2941,96505510201615,96505510200885,96505510582198,380.583,381.313
3,2942,96505510789415,96505510788732,96505511185618,396.203,396.886
3,2943,96505511279982,96505511278605,96505511638224,358.242,359.619
3,2944,96505511868902,96505511866452,96505512283256,414.354,416.804
3,2945,96505512455632,96505512454299,96505512812664,357.032,358.365
3,2946,96505513044592,96505513042146,96505513320621,276.029,278.475
3,2947,96505513532798,96505513532019,96505513960013,427.215,427.994
3,2948,96505514120648,96505514119866,96505514475550,354.902,355.684
3,2949,96505514708398,96505514707713,96505515088301,379.903,380.588
3,2950,96505515199195,96505515197586,96505515717072,517.877,519.486
3,2951,96505515787585,96505515785433,96505516210168,422.583,424.735
3,2952,96505516374734,96505516373280,96505516822779,448.045,449.499
3,2953,96505516863951,96505516863153,96505517406389,542.438,543.236
3,2954,96505517451851,96505517451000,96505517877755,425.904,426.755
3,2955,96505518039650,96505518038847,96505518396133,356.483,357.286
3,2956,96505518531557,96505518528719,96505519004423,472.866,475.704
3,2957,96505519117997,96505519116566,96505519436938,318.941,320.372
3,2958,96505519706737,96505519704414,96505520114421,407.684,410.007
3,2959,96505520293696,96505520292261,96505520538965,245.269,246.704
3,2960,96505520782783,96505520782133,96505521122105,339.322,339.972
3,2961,96505521370733,96505521369980,96505521795847,425.114,425.867
3,2962,96505521958543,96505521957828,96505522365786,407.243,407.958
3,2963,96505522451339,96505522447700,96505522906965,455.626,459.265
3,2964,96505523037309,96505523035547,96505523372891,335.582,337.344
3,2965,96505523626849,96505523623394,96505524011903,385.054,388.509
3,2966,96505524114156,96505524113267,96505524659845,545.689,546.578
3,2967,96505524702146,96505524701114,96505525146730,444.584,445.616
3,2968,96505525289866,96505525288961,96505525656888,367.022,367.927
3,2969,96505525781812,96505525778834,96505526165425,383.613,386.591
3,2970,96505526370222,96505526366681,96505526808237,438.015,441.556
3,2971,96505526956242,96505526954528,96505527365225,408.983,410.697
3,2972,96505527545552,96505527542375,96505528043749,498.197,501.374
3,2973,96505528033378,96505528032248,96505528498914,465.536,466.666
3,2974,96505528620848,96505528620095,96505528944989,324.141,324.894
3,2975,96505529208908,96505529207942,96505529538029,329.121,330.087
3,2976,96505529699215,96505529697815,96505530120259,421.044,422.444
3,2977,96505530287995,96505530285662,96505530804432,516.437,518.77
3,2978,96505530874884,96505530873509,96505531229036,354.152,355.527
3,2979,96505531364130,96505531363382,96505531839637,475.507,476.255
3,2980,96505531951990,96505531951229,96505532457058,505.068,505.829
3,2981,96505532539800,96505532539076,96505532940874,401.074,401.798
3,2982,96505533031987,96505533028948,96505533550725,518.738,521.777
3,2983,96505533618027,96505533616795,96505534148344,530.317,531.549
3,2984,96505534208396,96505534204643,96505534784926,576.53,580.283
3,2985,96505534793846,96505534792490,96505535307074,513.228,514.584
3,2986,96505535283093,96505535282362,96505535923455,640.362,641.093
3,2987,96505535871493,96505535870209,96505536419652,548.159,549.443
3,2988,96505536458733,96505536458057,96505537205358,746.625,747.301
3,2989,96505536952039,96505536947929,96505537648873,696.834,700.944
3,2990,96505537537179,96505537535776,96505538022386,485.207,486.61
3,2991,96505538127159,96505538123623,96505538651167,524.008,527.544
3,2992,96505538614416,96505538613496,96505539437144,822.728,823.648
3,2993,96505539202976,96505539201343,96505539903649,700.673,702.306
3,2994,96505539789956,96505539789190,96505540347864,557.908,558.674
3,2995,96505540280512,96505540279063,96505541160832,880.32,881.769
3,2996,96505540870772,96505540866910,96505541570066,699.294,703.156
3,2997,96505541456102,96505541454757,96505542059632,603.53,604.875
3,2998,96505542047032,96505542042604,96505542668682,621.65,626.078
3,2999,96505542533368,96505542532477,96505543065096,531.728,532.619
3,3000,96505543121018,96505543120324,96505543695597,574.579,575.273
3,3001,96505543708938,96505543708171,96505544351750,642.812,643.579
3,3002,96505544199574,96505544198044,96505544836616,637.042,638.572
3,3003,96505544789435,96505544785891,96505545434846,645.411,648.955
3,3004,96505545375084,96505545373738,96505545836000,460.916,462.262
3,3005,96505545872621,96505545863611,96505546511793,639.172,648.182
3,3006,96505546463431,96505546451458,96505547183376,719.945,731.918
3,3007,96505547045240,96505547039305,96505547691102,645.862,651.797
3,3008,96505547544577,96505547529177,96505548065545,520.968,536.368
3,3009,96505548130757,96505548117024,96505548763709,632.952,646.685
3,3010,96505548712117,96505548704872,96505549127251,415.134,422.379
3,3011,96505549310837,96505549292719,96505549657469,346.632,364.75
3,3012,96505549788883,96505549782591,96505550343533,554.65,560.942
3,3013,96505550382834,96505550370438,96505550919612,536.778,549.174
3,3014,96505550972544,96505550958286,96505551630446,657.902,672.16
3,3015,96505551451490,96505551448158,96505552083550,632.06,635.392
3,3016,96505552046579,96505552036005,96505552557037,510.458,521.032
3,3017,96505552625650,96505552623852,96505553218299,592.649,594.447
3,3018,96505553123686,96505553113725,96505553672115,548.429,558.39
3,3019,96505553717466,96505553701572,96505554318717,601.251,617.145
3,3020,96505554291956,96505554289419,96505554735521,443.565,446.102
3,3021,96505554781593,96505554779292,96505555294859,513.266,515.567
3,3022,96505555382693,96505555367139,96505555950812,568.119,583.673
3,3023,96505555969822,96505555954986,96505556682317,712.495,727.331
3,3024,96505556545241,96505556542833,96505557123162,577.921,580.329
3,3025,96505557048178,96505557032706,96505557695040,646.862,662.334
3,3026,96505557640279,96505557620553,96505558095654,455.375,475.101
3,3027,96505558225418,96505558208400,96505558591141,365.723,382.741
3,3028,96505558705625,96505558698273,96505559383118,677.493,684.845
3,3029,96505559306485,96505559286120,96505559842043,535.558,555.923
3,3030,96505559884135,96505559873967,96505560400172,516.037,526.205
3,3031,96505560366691,96505560363840,96505561011913,645.222,648.073
3,3032,96505560958700,96505560951687,96505561685326,726.626,733.639
3,3033,96505561541841,96505561539534,96505561960795,418.954,421.261
3,3034,96505562042898,96505562029406,96505562562835,519.937,533.429
3,3035,96505562624327,96505562617253,96505563105533,481.206,488.28
3,3036,96505563222587,96505563205101,96505563733745,511.158,528.644
3,3037,96505563808237,96505563792948,96505564216961,408.724,424.013
3,3038,96505564293673,96505564282820,96505564751779,458.106,468.959
3,3039,96505564885014,96505564870667,96505565583958,698.944,713.291
3,3040,96505565461403,96505565458515,96505565932739,471.336,474.224
3,3041,96505565961539,96505565948387,96505566574310,612.771,625.923
3,3042,96505566549649,96505566536234,96505567188212,638.563,651.978
3,3043,96505567128110,96505567124081,96505567746940,618.83,622.859
3,3044,96505567629697,96505567613954,96505568298069,668.372,684.115
3,3045,96505568207586,96505568201801,96505568703512,495.926,501.711
3,3046,96505568801016,96505568789648,96505569256041,455.025,466.393
3,3047,96505569291882,96505569279521,96505569929424,637.542,649.903
3,3048,96505569868962,96505569867368,96505570336307,467.345,468.939
3,3049,96505570463602,96505570455215,96505571020991,557.389,565.776
3,3050,96505571047482,96505571043062,96505571536688,489.206,493.626
3,3051,96505571549539,96505571532935,96505572171300,621.761,638.365
3,3052,96505572129599,96505572120782,96505572594645,465.046,473.863
3,3053,96505572719759,96505572708629,96505573163933,444.174,455.304
3,3054,96505573216895,96505573198502,96505573758424,541.529,559.922
3,3055,96505573789005,96505573786349,96505574356263,567.258,569.914
3,3056,96505574385005,96505574374196,96505575020896,635.891,646.7
3,3057,96505574878871,96505574864069,96505575563735,684.864,699.666
3,3058,96505575465241,96505575451916,96505575908586,443.345,456.67
3,3059,96505576044931,96505576039763,96505576563768,518.837,524.005
3,3060,96505576545698,96505576529635,96505577280983,735.285,751.348
3,3061,96505577132228,96505577117483,96505577745489,613.261,628.006
3,3062,96505577718548,96505577705330,96505578148132,429.584,442.802
3,3063,96505578307047,96505578293177,96505578789084,482.037,495.907
3,3064,96505578783753,96505578783049,96505579379053,595.3,596.004
3,3065,96505579383923,96505579370896,96505579945112,561.189,574.216
3,3066,96505579961343,96505579958744,96505580423689,462.346,464.945
3,3067,96505580455160,96505580448616,96505580999188,544.028,550.572
3,3068,96505581045520,96505581036463,96505581620819,575.299,584.356
3,3069,96505581626429,96505581624310,96505582198769,572.34,574.459
3,3070,96505582126306,96505582114183,96505582876831,750.525,762.648
3,3071,96505582706885,96505582702030,96505583444421,737.536,742.391
3,3072,96505583300396,96505583289877,96505583787793,487.397,497.916
3,3073,96505583788323,96505583779750,96505584216507,428.184,436.757
3,3074,96505584369792,96505584367597,96505584705933,336.141,338.336
3,3075,96505584958882,96505584955444,96505585460719,501.837,505.275
3,3076,96505585547662,96505585543291,96505585983937,436.275,440.646
3,3077,96505586034329,96505586033164,96505586452483,418.154,419.319
3,3078,96505586631439,96505586621011,96505587079304,447.865,458.293
3,3079,96505587222409,96505587208858,96505587691254,468.845,482.396
3,3080,96505587721925,96505587698731,96505588323446,601.521,624.715
3,3081,96505588306055,96505588286578,96505588695518,389.463,408.94
3,3082,96505588880905,96505588874425,96505589411392,530.487,536.967
3,3083,96505589374831,96505589364298,96505589898229,523.398,533.931
3,3084,96505589954321,96505589952145,96505590325234,370.913,373.089
3,3085,96505590541911,96505590539992,96505590996226,454.315,456.234
3,3086,96505591035938,96505591029864,96505591452302,416.364,422.438
3,3087,96505591626037,96505591617712,96505592011280,385.243,393.568
3,3088,96505592215847,96505592205559,96505592616121,400.274,410.562
3,3089,96505592807247,96505592793406,96505593182500,375.253,389.094
3,3090,96505593290754,96505593283278,96505593841703,550.949,558.425
3,3091,96505593881204,96505593871125,96505594318079,436.875,446.954
3,3092,96505594462403,96505594458973,96505594969141,506.738,510.168
3,3093,96505594950510,96505594948845,96505595451697,501.187,502.852
3,3094,96505595550450,96505595536692,96505595994705,444.255,458.013
3,3095,96505596140990,96505596124539,96505596471741,330.751,347.202
3,3096,96505596621446,96505596614412,96505597122293,500.847,507.881
3,3097,96505597485925,96505597202259,96505597879759,393.834,677.5
3,3098,96505597800916,96505597790106,96505598176918,376.002,386.812
3,3099,96505598297153,96505598279979,96505598723247,426.094,443.268
3,3100,96505598879193,96505598867826,96505599244974,365.781,377.148
3,3101,96505599468753,96505599455673,96505599898987,430.234,443.314
3,3102,96505600046452,96505600043520,96505600407184,360.732,363.664
3,3103,96505600547169,96505600533393,96505601086747,539.578,553.354
3,3104,96505601125589,96505601121240,96505601556903,431.314,435.663
3,3105,96505601712719,96505601709087,96505602144243,431.524,435.156
3,3106,96505602202435,96505602198960,96505602671321,468.886,472.361
3,3107,96505602804475,96505602786807,96505603143576,339.101,356.769
3,3108,96505603384055,96505603374654,96505603849580,465.525,474.926
3,3109,96505603879641,96505603864527,96505604254324,374.683,389.797
3,3110,96505604463641,96505604452374,96505604888736,425.095,436.362
3,3111,96505605046441,96505605040221,96505605414704,368.263,374.483
3,3112,96505605546127,96505605530093,96505606149019,602.892,618.926
3,3113,96505606126528,96505606117941,96505606601483,474.955,483.542
3,3114,96505606722867,96505606705788,96505607134381,411.514,428.593
3,3115,96505607303407,96505607293635,96505607743992,440.585,450.357
3,3116,96505607785943,96505607783507,96505608213018,427.075,429.511
3,3117,96505608373433,96505608371354,96505608741306,367.873,369.952
3,3118,96505608979433,96505608959202,96505609412379,432.946,453.177
3,3119,96505609459730,96505609449074,96505610005258,545.528,556.184
3,3120,96505610044299,96505610036921,96505610443673,399.374,406.752
3,3121,96505610646440,96505610624768,96505611157677,511.237,532.909
3,3122,96505611126267,96505611114641,96505611854381,728.114,739.74
3,3123,96505611715417,96505611702488,96505612269135,553.718,566.647
3,3124,96505612296456,96505612290335,96505612802783,506.327,512.448
3,3125,96505612786412,96505612780208,96505613284130,497.718,503.922
3,3126,96505613374972,96505613368055,96505613825528,450.556,457.473
3,3127,96505613971603,96505613955902,96505614446918,475.315,491.016
3,3128,96505614549102,96505614543749,96505614866863,317.761,323.114
3,3129,96505615047178,96505615033622,96505615665750,618.572,632.128
3,3130,96505615622298,96505615621469,96505616128726,506.428,507.257
3,3131,96505616210358,96505616209316,96505616616212,405.854,406.896
3,3132,96505616700544,96505616699189,96505617275984,575.44,576.795
3,3133,96505617289554,96505617287036,96505617793431,503.877,506.395
3,3134,96505617876594,96505617874883,96505618308849,432.255,433.966
3,3135,96505618365571,96505618364756,96505618891059,525.488,526.303
3,3136,96505618953261,96505618952603,96505619356415,403.154,403.812
3,3137,96505619541291,96505619540450,96505620023307,482.016,482.857
3,3138,96505620032397,96505620030322,96505620563705,531.308,533.383
3,3139,96505620619717,96505620618170,96505621073703,453.986,455.533
3,3140,96505621209017,96505621206017,96505621549719,340.702,343.702
3,3141,96505621804118,96505621793864,96505622272073,467.955,478.209
3,3142,96505622284564,96505622283736,96505622870144,585.58,586.408
3,3143,96505622872294,96505622871583,96505623334279,461.985,462.696
3,3144,96505623460244,96505623459431,96505623852827,392.583,393.396
3,3145,96505623951530,96505623949303,96505624454507,502.977,505.204
3,3146,96505624538770,96505624537150,96505625016946,478.176,479.796
3,3147,96505625127350,96505625124997,96505625537513,410.163,412.516
3,3148,96505625615706,96505625614870,96505626230987,615.281,616.117
3,3149,96505626203685,96505626202717,96505626813736,610.051,611.019
3,3150,96505626791475,96505626790564,96505627190269,398.794,399.705
3,3151,96505627282112,96505627280437,96505627795159,513.047,514.722
3,3152,96505627870742,96505627868284,96505628341398,470.656,473.114
3,3153,96505628457592,96505628456131,96505628893947,436.355,437.816
3,3154,96505629046722,96505629043978,96505629451045,404.323,407.067
3,3155,96505629534618,96505629533851,96505630053476,518.858,519.625
3,3156,96505630122488,96505630121698,96505630436159,313.671,314.461
3,3157,96505630710348,96505630709545,96505631115742,405.394,406.197
3,3158,96505631200875,96505631199418,96505631733322,532.447,533.904
3,3159,96505631790145,96505631787265,96505632100765,310.62,313.5
3,3160,96505632376745,96505632375112,96505632797358,420.613,422.246
3,3161,96505632865861,96505632864985,96505633390859,524.998,525.874
3,3162,96505633453501,96505633452832,96505633957718,504.217,504.886
3,3163,96505634041731,96505634040679,96505634443895,402.164,403.216
3,3164,96505634532888,96505634530551,96505635085136,552.248,554.585
3,3165,96505635119798,96505635118399,96505635468909,349.111,350.51
3,3166,96505635709577,96505635706246,96505636151652,442.075,445.406
3,3167,96505636295707,96505636294093,96505636693280,397.573,399.187
3,3168,96505636784754,96505636783965,96505637365213,580.459,581.248
3,3169,96505637372704,96505637371812,96505637795878,423.174,424.066
3,3170,96505637960593,96505637959660,96505638410638,450.045,450.978
3,3171,96505638452120,96505638449532,96505638966637,514.517,517.105
3,3172,96505639039069,96505639037379,96505639584208,545.139,546.829
3,3173,96505639627809,96505639625226,96505640019392,391.583,394.166
3,3174,96505640115816,96505640115099,96505640609212,493.396,494.113
3,3175,96505640703736,96505640702946,96505641082829,379.093,379.883
3,3176,96505641291996,96505641290793,96505641639608,347.612,348.815
3,3177,96505641782792,96505641780666,96505642346611,563.819,565.945
3,3178,96505642371492,96505642368513,96505642873099,501.607,504.586
3,3179,96505642957442,96505642956360,96505643465409,507.967,509.049
3,3180,96505643549692,96505643544207,96505643962546,412.854,418.339
3,3181,96505644034989,96505644034080,96505644466573,431.584,432.493
3,3182,96505644622939,96505644621927,96505645074454,451.515,452.527
3,3183,96505645211008,96505645209774,96505645629892,418.884,420.118
3,3184,96505645701055,96505645699647,96505646198221,497.166,498.574
3,3185,96505646290315,96505646287494,96505646698428,408.113,410.934
3,3186,96505646876825,96505646875341,96505647254058,377.233,378.717
3,3187,96505647366081,96505647365214,96505647765714,399.633,400.5
3,3188,96505647953851,96505647953061,96505648313003,359.152,359.942
3,3189,96505648541911,96505648540908,96505648908813,366.902,367.905
3,3190,96505649033978,96505649030780,96505649507253,473.275,476.473
3,3191,96505649620358,96505649618628,96505650021371,401.013,402.743
3,3192,96505650209738,96505650206475,96505650556399,346.661,349.924
3,3193,96505650796297,96505650794322,96505651119658,323.361,325.336
3,3194,96505651285243,96505651284194,96505651725788,440.545,441.594
3,3195,96505651873183,96505651872041,96505652214225,341.042,342.184
3,3196,96505652460763,96505652459889,96505653084894,624.131,625.005
3,3197,96505652952350,96505652949761,96505653407225,454.875,457.464
3,3198,96505653539050,96505653537608,96505654055517,516.467,517.909
3,3199,96505654131820,96505654125455,96505654539744,407.924,414.289
3,3200,96505654616146,96505654615328,96505655257917,641.771,642.589
3,3201,96505655204346,96505655203175,96505655706483,502.137,503.308
3,3202,96505655792186,96505655791022,96505656287902,495.716,496.88
3,3203,96505656282972,96505656280895,96505656751838,468.866,470.943
3,3204,96505656872402,96505656868742,96505657205763,333.361,337.021
3,3205,96505657458742,96505657456589,96505657844425,385.683,387.836
3,3206,96505658048322,96505658044436,96505658589980,541.658,545.544
3,3207,96505658535259,96505658534309,96505658954453,419.194,420.144
3,3208,96505659123069,96505659122156,96505659595784,472.715,473.628
3,3209,96505659711169,96505659710003,96505660214766,503.597,504.763
3,3210,96505660201465,96505660199876,96505660662410,460.945,462.534
3,3211,96505660791155,96505660787723,96505661209659,418.504,421.936
3,3212,96505661377485,96505661375570,96505661793798,416.313,418.228
3,3213,96505661866591,96505661865443,96505662387129,520.538,521.686
3,3214,96505662454271,96505662453290,96505662902486,448.215,449.196
3,3215,96505663042131,96505663041137,96505663540828,498.697,499.691
3,3216,96505663534788,96505663531009,96505664095656,560.868,564.647
3,3217,96505664121157,96505664118857,96505664605044,483.887,486.187
3,3218,96505664710097,96505664706704,96505665070550,360.453,363.846
3,3219,96505665296857,96505665294551,96505665706441,409.584,411.89
3,3220,96505665785653,96505665784423,96505666277410,491.757,492.987
3,3221,96505666373213,96505666372271,96505666848430,475.217,476.159
3,3222,96505666961113,96505666960118,96505667366857,405.744,406.739
3,3223,96505667453080,96505667449990,96505668050750,597.67,600.76
3,3224,96505668039580,96505668037837,96505668417953,378.373,380.116
3,3225,96505668628750,96505668625684,96505668978652,349.902,352.968
3,3226,96505669116566,96505669115557,96505669587182,470.616,471.625
3,3227,96505669704526,96505669703404,96505670043947,339.421,340.543
3,3228,96505670292286,96505670291251,96505670719031,426.745,427.78
3,3229,96505670782943,96505670781124,96505671364282,581.339,583.158
3,3230,96505671371853,96505671368971,96505671733674,361.821,364.703
3,3231,96505671958573,96505671956818,96505672366226,407.653,409.408
3,3232,96505672547242,96505672544665,96505673010697,463.455,466.032
3,3233,96505673035238,96505673034538,96505673456133,420.895,421.595
3,3234,96505673623208,96505673622385,96505674188548,565.34,566.163
3,3235,96505674210988,96505674210232,96505674634523,423.535,424.291
3,3236,96505674701445,96505674700105,96505675118929,417.484,418.824
3,3237,96505675290044,96505675287952,96505675723230,433.186,435.278
3,3238,96505675877204,96505675875799,96505676267338,390.134,391.539
3,3239,96505676366511,96505676365672,96505676927180,560.669,561.508
3,3240,96505676954261,96505676953519,96505677359075,404.814,405.556
3,3241,96505677542231,96505677541366,96505677849921,307.69,308.555
3,3242,96505678033407,96505678031238,96505678501173,467.766,469.935
3,3243,96505678620597,96505678619086,96505678995510,374.913,376.424
3,3244,96505679209157,96505679206933,96505679484147,274.99,277.214
3,3245,96505679796127,96505679794780,96505680135239,339.112,340.459
3,3246,96505680285454,96505680284652,96505680766550,481.096,481.898
3,3247,96505680873184,96505680872500,96505681184494,311.31,311.994
3,3248,96505681461154,96505681460347,96505681785144,323.99,324.797
3,3249,96505681952750,96505681950219,96505682296722,343.972,346.503
3,3250,96505682539580,96505682538066,96505682916723,377.143,378.657
3,3251,96505683128200,96505683125913,96505683434810,306.61,308.897
3,3252,96505683616507,96505683615786,96505684109983,493.476,494.197
3,3253,96505684204527,96505684203633,96505684529777,325.25,326.144
3,3254,96505684792245,96505684791480,96505685303493,511.248,512.013
3,3255,96505685282772,96505685281353,96505685790390,507.618,509.037
3,3256,96505685871343,96505685869200,96505686261745,390.402,392.545
3,3257,96505686458592,96505686457047,96505686935868,477.276,478.821
3,3258,96505687047072,96505687044894,96505687453396,406.324,408.502
3,3259,96505687535418,96505687534767,96505688047516,512.098,512.749
3,3260,96505688123548,96505688122614,96505688566103,442.555,443.489
3,3261,96505688711128,96505688710461,96505689132143,421.015,421.682
3,3262,96505689201735,96505689200334,96505689739463,537.728,539.129
3,3263,96505689790205,96505689788181,96505690229490,439.285,441.309
3,3264,96505690377705,96505690376028,96505690684995,307.29,308.967
3,3265,96505690866651,96505690865901,96505691248554,381.903,382.653
3,3266,96505691454531,96505691453748,96505691871885,417.354,418.137
3,3267,96505692042441,96505692041595,96505692448695,406.254,407.1
3,3268,96505692533998,96505692531467,96505693063165,529.167,531.698
3,3269,96505693120818,96505693119315,96505693447388,326.57,328.073
3,3270,96505693709597,96505693707162,96505694202794,493.197,495.632
3,3271,96505694296217,96505694295009,96505694663950,367.733,368.941
3,3272,96505694785974,96505694784881,96505695224478,438.504,439.597
3,3273,96505695373424,96505695372729,96505695700214,326.79,327.485
3,3274,96505695961404,96505695960576,96505696408559,447.155,447.983
3,3275,96505696452670,96505696450448,96505696989778,537.108,539.33
3,3276,96505697039529,96505697038295,96505697379281,339.752,340.986
3,3277,96505697628170,96505697626142,96505697963311,335.141,337.169
3,3278,96505698117076,96505698116015,96505698533190,416.114,417.175
3,3279,96505698704776,96505698703862,96505699046667,341.891,342.805
3,3280,96505699292376,96505699291709,96505699562835,270.459,271.126
3,3281,96505699782782,96505699781582,96505700317301,534.519,535.719
3,3282,96505700371712,96505700369429,96505700729074,357.362,359.645
3,3283,96505700958542,96505700957276,96505701288693,330.151,331.417
3,3284,96505701547412,96505701545123,96505701920905,373.493,375.782
3,3285,96505702035759,96505702034996,96505702531715,495.956,496.719
3,3286,96505702623929,96505702622843,96505702944459,320.53,321.616
3,3287,96505703211369,96505703210690,96505703537600,326.231,326.91
3,3288,96505703701965,96505703700563,96505704219872,517.907,519.309
3,3289,96505704290535,96505704288410,96505704640547,350.012,352.137
3,3290,96505704877495,96505704876257,96505705188955,311.46,312.698
3,3291,96505705366952,96505705366130,96505705826777,459.825,460.647
3,3292,96505705954691,96505705953977,96505706360565,405.874,406.588
3,3293,96505706542721,96505706541824,96505706892553,349.832,350.729
3,3294,96505707034248,96505707031696,96505707457962,423.714,426.266
3,3295,96505707620878,96505707619544,96505708016511,395.633,396.967
3,3296,96505708209848,96505708207391,96505708584200,374.352,376.809
3,3297,96505708796698,96505708795238,96505709187420,390.722,392.182
3,3298,96505709286013,96505709285110,96505709653386,367.373,368.276
3,3299,96505709873733,96505709872958,96505710148893,275.16,275.935
3,3300,96505710461673,96505710460805,96505710919479,457.806,458.674
3,3301,96505710953120,96505710950677,96505711463457,510.337,512.78
3,3302,96505711539890,96505711538524,96505712083079,543.189,544.555
3,3303,96505712129009,96505712126371,96505712633556,504.547,507.185
3,3304,96505712617206,96505712616244,96505713070991,453.785,454.747
3,3305,96505713205016,96505713204091,96505713568179,363.163,364.088
3,3306,96505713792746,96505713791938,96505714281173,488.427,489.235
3,3307,96505714283073,96505714281811,96505714700037,416.964,418.226
3,3308,96505714871692,96505714869658,96505715345049,473.357,475.391
3,3309,96505715459112,96505715457505,96505715796954,337.842,339.449
3,3310,96505716047472,96505716045352,96505716550129,502.657,504.777
3,3311,96505716536009,96505716535225,96505716956243,420.234,421.018
3,3312,96505717123799,96505717123072,96505717448349,324.55,325.277
3,3313,96505717711739,96505717710919,96505718080221,368.482,369.302
3,3314,96505718202525,96505718200792,96505718653211,450.686,452.419
3,3315,96505718790685,96505718788639,96505719074095,283.41,285.456
3,3316,96505719377825,96505719376486,96505719717806,339.981,341.32
3,3317,96505719867041,96505719866359,96505720313316,446.275,446.957
3,3318,96505720454921,96505720454206,96505720832964,378.043,378.758
3,3319,96505721042771,96505721042053,96505721385132,342.361,343.079
3,3320,96505721534398,96505721531925,96505721956082,421.684,424.157
3,3321,96505722121317,96505722119773,96505722462909,341.592,343.136
3,3322,96505722709587,96505722707620,96505723078479,368.892,370.859
3,3323,96505723296897,96505723295467,96505723853656,556.759,558.189
3,3324,96505723786074,96505723785339,96505724315661,529.587,530.322
3,3325,96505724373853,96505724373187,96505724684224,310.371,311.037
3,3326,96505724961773,96505724961034,96505725375388,413.615,414.354
3,3327,96505725453360,96505725450906,96505725858014,404.654,407.108
3,3328,96505726040040,96505726038753,96505726606219,566.179,567.466
3,3329,96505726628750,96505726626600,96505726963021,334.271,336.421
3,3330,96505727117206,96505727116473,96505727580942,463.736,464.469
3,3331,96505727705116,96505727704320,96505728018566,313.45,314.246
3,3332,96505728292966,96505728292167,96505728644037,351.071,351.87
3,3333,96505728783563,96505728782040,96505729238268,454.705,456.228
3,3334,96505729371973,96505729369887,96505729817367,445.394,447.48
3,3335,96505729959123,96505729957734,96505730329985,370.862,372.251
3,3336,96505730547613,96505730545581,96505730941726,394.113,396.145
3,3337,96505731036299,96505731035454,96505731487364,451.065,451.91
3,3338,96505731624069,96505731623301,96505731965950,341.881,342.649
3,3339,96505732211898,96505732211148,96505732527469,315.571,316.321
3,3340,96505732702365,96505732701021,96505733100699,398.334,399.678
3,3341,96505733292105,96505733288868,96505733631046,338.941,342.178
3,3342,96505733878024,96505733876715,96505734286209,408.185,409.494
3,3343,96505734367451,96505734366588,96505734732984,365.533,366.396
3,3344,96505734955241,96505734954435,96505735294733,339.492,340.298
3,3345,96505735543091,96505735542282,96505735793610,250.519,251.328
3,3346,96505736034317,96505736032154,96505736572086,537.769,539.932
3,3347,96505736621457,96505736620002,96505736976089,354.632,356.087
3,3348,96505737210057,96505737207849,96505737639762,429.705,431.913
3,3349,96505737796877,96505737795696,96505738175480,378.603,379.784
3,3350,96505738286264,96505738285568,96505738718438,432.174,432.87
3,3351,96505738874074,96505738873416,96505739226536,352.462,353.12
3,3352,96505739462244,96505739461263,96505739910568,448.324,449.305
3,3353,96505739953300,96505739951135,96505740331663,378.363,380.528
3,3354,96505740540440,96505740538982,96505740998335,457.895,459.353
3,3355,96505741129030,96505741126830,96505741415029,285.999,288.199
3,3356,96505741617477,96505741616702,96505742066251,448.774,449.549
3,3357,96505742205247,96505742204549,96505742526607,321.36,322.058
3,3358,96505742793217,96505742792396,96505743256211,462.994,463.815
3,3359,96505743283593,96505743282269,96505743695566,411.973,413.297
3,3360,96505743872283,96505743870116,96505744317638,445.355,447.522
3,3361,96505744459122,96505744457963,96505744956159,497.037,498.196
3,3362,96505745048042,96505745045810,96505745361973,313.931,316.163
3,3363,96505745536348,96505745535683,96505746023005,486.657,487.322
3,3364,96505746124468,96505746123530,96505746461520,337.052,337.99
3,3365,96505746712168,96505746711377,96505747025949,313.781,314.572
3,3366,96505747202545,96505747201250,96505747655470,452.925,454.22
3,3367,96505747791425,96505747789097,96505748218999,427.574,429.902
3,3368,96505748378195,96505748376944,96505748822469,444.274,445.525
3,3369,96505748867571,96505748866817,96505749303047,435.476,436.23
3,3370,96505749455711,96505749454664,96505749789522,333.811,334.858
3,3371,96505750043191,96505750042511,96505750349472,306.281,306.961
3,3372,96505750534618,96505750532383,96505751083816,549.198,551.433
3,3373,96505751121588,96505751120231,96505751400737,279.149,280.506
3,3374,96505751710388,96505751708078,96505752094320,383.932,386.242
3,3375,96505752297227,96505752295925,96505752707701,410.474,411.776
3,3376,96505752786544,96505752785797,96505753232059,445.515,446.262
3,3377,96505753374354,96505753373645,96505753732736,358.382,359.091
3,3378,96505753962554,96505753961492,96505754433679,471.125,472.187
3,3379,96505754453420,96505754451364,96505754945057,491.637,493.693
3,3380,96505755040440,96505755039211,96505755391662,351.222,352.451
3,3381,96505755629370,96505755627059,96505755941690,312.32,314.631
3,3382,96505756117727,96505756116931,96505756561852,444.125,444.921
3,3383,96505756705586,96505756704778,96505757065249,359.663,360.471
3,3384,96505757293616,96505757292625,96505757668949,375.333,376.324
3,3385,96505757783832,96505757782498,96505758148885,365.053,366.387
3,3386,96505758372452,96505758370345,96505758790166,417.714,419.821
3,3387,96505758959552,96505758958192,96505759202361,242.809,244.169
3,3388,96505759548132,96505759546039,96505759941555,393.423,395.516
3,3389,96505760036649,96505760035912,96505760384100,347.451,348.188
3,3390,96505760624399,96505760623759,96505760998362,373.963,374.603
3,3391,96505761212349,96505761211606,96505761573940,361.591,362.334
3,3392,96505761702785,96505761701479,96505762105189,402.404,403.71
3,3393,96505762291635,96505762289326,96505762605266,313.631,315.94
3,3394,96505762878545,96505762877173,96505763246777,368.232,369.604
3,3395,96505763367812,96505763367046,96505763746594,378.782,379.548
3,3396,96505763955672,96505763954893,96505764261362,305.69,306.469
3,3397,96505764543421,96505764542740,96505764900253,356.832,357.513
3,3398,96505765035118,96505765032612,96505765484843,449.725,452.231
3,3399,96505765621918,96505765620460,96505765980620,358.702,360.16
3,3400,96505766210328,96505766208307,96505766484667,274.339,276.36
3,3401,96505766797768,96505766796154,96505767178281,380.513,382.127
3,3402,96505767286664,96505767286026,96505767885374,598.71,599.348
3,3403,96505767874513,96505767873874,96505768221916,347.403,348.042
3,3404,96505768462463,96505768461721,96505768745804,283.341,284.083
3,3405,96505768953781,96505768951593,96505769382715,428.934,431.122
3,3406,96505769541130,96505769539440,96505769999216,458.086,459.776
3,3407,96505770129640,96505770127288,96505770477732,348.092,350.444
3,3408,96505770618036,96505770617160,96505771019470,401.434,402.31
3,3409,96505771205766,96505771205007,96505771686702,480.936,481.695
3,3410,96505771793556,96505771792854,96505772125357,331.801,332.503
3,3411,96505772283983,96505772282727,96505772779800,495.817,497.073
3,3412,96505772872902,96505772870574,96505773232144,359.242,361.57
3,3413,96505773460012,96505773458421,96505773765903,305.891,307.482
3,3414,96505774048152,96505774046268,96505774359762,311.61,313.494
3,3415,96505774536879,96505774536141,96505774914312,377.433,378.171
3,3416,96505775124669,96505775123988,96505775503212,378.543,379.224
3,3417,96505775712559,96505775711835,96505775998868,286.309,287.033
3,3418,96505776203325,96505776201708,96505776737513,534.188,535.805
3,3419,96505776791915,96505776789555,96505777118256,326.341,328.701
3,3420,96505777378635,96505777377402,96505777704006,325.371,326.604
3,3421,96505777868232,96505777867275,96505778303376,435.144,436.101
3,3422,96505778455812,96505778455122,96505778914747,458.935,459.625
3,3423,96505779043672,96505779042969,96505779359552,315.88,316.583
3,3424,96505779535148,96505779532841,96505780041275,506.127,508.434
3,3425,96505780122007,96505780120689,96505780387087,265.08,266.398
3,3426,96505780710647,96505780708536,96505781080450,369.803,371.914
3,3427,96505781297747,96505781296383,96505781663600,365.853,367.217
3,3428,96505781787004,96505781786255,96505782321682,534.678,535.427
3,3429,96505782374754,96505782374103,96505782799418,424.664,425.315
3,3430,96505782962703,96505782961950,96505783396419,433.716,434.469
3,3431,96505783453850,96505783451822,96505783871664,417.814,419.842
3,3432,96505784041080,96505784039669,96505784443784,402.704,404.115
3,3433,96505784629870,96505784627517,96505784985062,355.192,357.545
3,3434,96505785118156,96505785117389,96505785556072,437.916,438.683
3,3435,96505785705986,96505785705236,96505786026927,320.941,321.691
3,3436,96505786293856,96505786293083,96505786760982,467.126,467.899
3,3437,96505786784233,96505786782956,96505787186987,402.754,404.031
3,3438,96505787372953,96505787370803,96505787697313,324.36,326.51
3,3439,96505787960263,96505787958650,96505788373297,413.034,414.647
3,3440,96505788548803,96505788546497,96505789036419,487.616,489.922
3,3441,96505789037029,96505789036370,96505789465804,428.775,429.434
3,3442,96505789624939,96505789624217,96505789945660,320.721,321.443
3,3443,96505790212799,96505790212064,96505790574381,361.582,362.317
3,3444,96505790703446,96505790701937,96505791125609,422.163,423.672
3,3445,96505791292166,96505791289784,96505791722510,430.344,432.726
3,3446,96505791878915,96505791877631,96505792294369,415.454,416.738
3,3447,96505792368231,96505792367504,96505792812097,443.866,444.593
3,3448,96505792956061,96505792955351,96505793310533,354.472,355.182
3,3449,96505793543921,96505793543198,96505793802270,258.349,259.072
3,3450,96505794035427,96505794033070,96505794464932,429.505,431.862
3,3451,96505794622187,96505794620918,96505794984900,362.713,363.982
3,3452,96505795211197,96505795208765,96505795712664,501.467,503.899
3,3453,96505795797937,96505795796612,96505796172870,374.933,376.258
3,3454,96505796287204,96505796286484,96505796750110,462.906,463.626
3,3455,96505796875194,96505796874332,96505797300218,425.024,425.886
3,3456,96505797462994,96505797462179,96505797963231,500.237,501.052
3,3457,96505797954170,96505797952051,96505798371744,417.574,419.693
3,3458,96505798541240,96505798539898,96505798877841,336.601,337.943
3,3459,96505799129730,96505799127746,96505799570165,440.435,442.419
3,3460,96505799618377,96505799617618,96505800097893,479.516,480.275
3,3461,96505800206327,96505800205465,96505800558769,352.442,353.304
3,3462,96505800794007,96505800793312,96505801115707,321.7,322.395
3,3463,96505801284553,96505801283185,96505801746288,461.735,463.103
3,3464,96505801873093,96505801871032,96505802254386,381.293,383.354
3,3465,96505802460133,96505802458879,96505802892337,432.204,433.458
3,3466,96505803048833,96505803046726,96505803403885,355.052,357.159
3,3467,96505803537309,96505803536599,96505803865430,328.121,328.831
3,3468,96505804125118,96505804124446,96505804501171,376.053,376.725
3,3469,96505804713098,96505804712293,96505805026199,313.101,313.906
3,3470,96505805203565,96505805202166,96505805555867,352.302,353.701
3,3471,96505805792935,96505805790013,96505806067625,274.69,277.612
3,3472,96505806379345,96505806377860,96505806712936,333.591,335.076
3,3473,96505806868551,96505806867733,96505807257725,389.174,389.992
3,3474,96505807456301,96505807455580,96505807809743,353.442,354.163
3,3475,96505808044091,96505808043427,96505808378002,333.911,334.575
3,3476,96505808535528,96505808533299,96505809119808,584.28,586.509
3,3477,96505809122498,96505809121147,96505809646906,524.408,525.759
3,3478,96505809711298,96505809708994,96505810162023,450.725,453.029
3,3479,96505810298008,96505810296841,96505810613638,315.63,316.797
3,3480,96505810787554,96505810786713,96505811290771,503.217,504.058
3,3481,96505811375244,96505811374561,96505811819409,444.165,444.848
3,3482,96505811963134,96505811962408,96505812449780,486.646,487.372
3,3483,96505812454741,96505812452280,96505812934187,479.446,481.907
3,3484,96505813041740,96505813040127,96505813525826,484.086,485.699
3,3485,96505813630170,96505813627975,96505813967411,337.241,339.436
3,3486,96505814118707,96505814117847,96505814682046,563.339,564.199
3,3487,96505814706637,96505814705694,96505815215014,508.377,509.32
3,3488,96505815294366,96505815293541,96505815642278,347.912,348.737
3,3489,96505815784952,96505815783414,96505816171826,386.874,388.412
3,3490,96505816374023,96505816371261,96505816781377,407.354,410.116
3,3491,96505816960442,96505816959108,96505817343446,383.004,384.338
3,3492,96505817549302,96505817546955,96505817941455,392.153,394.5
3,3493,96505818037579,96505818036828,96505818394821,357.242,357.993
3,3494,96505818625429,96505818624675,96505819019862,394.433,395.187
3,3495,96505819213319,96505819212522,96505819479778,266.459,267.256
3,3496,96505819703905,96505819702395,96505820133750,429.845,431.355
3,3497,96505820292695,96505820290242,96505820573585,280.89,283.343
3,3498,96505820879435,96505820878089,96505821362902,483.467,484.813
3,3499,96505821368802,96505821367962,96505821807277,438.475,439.315
3,3500,96505821956632,96505821955809,96505822259452,302.82,303.643
3,3501,96505822544321,96505822543656,96505822816480,272.159,272.824
3,3502,96505823035578,96505823033528,96505823490763,455.185,457.235
3,3503,96505823622578,96505823621376,96505823996640,374.062,375.264
3,3504,96505824211498,96505824209223,96505824664033,452.535,454.81
3,3505,96505824798448,96505824797070,96505825098807,300.359,301.737
3,3506,96505825287734,96505825286942,96505825821762,534.028,534.82
3,3507,96505825875534,96505825874790,96505826182145,306.611,307.355
3,3508,96505826463404,96505826462637,96505826855118,391.714,392.481
3,3509,96505826954741,96505826952509,96505827292662,337.921,340.153
3,3510,96505827541791,96505827540356,96505827924413,382.622,384.057
3,3511,96505828130621,96505828128204,96505828546044,415.423,417.84
3,3512,96505828618816,96505828618076,96505829171375,552.559,553.299
3,3513,96505829207186,96505829205923,96505829647281,440.095,441.358
3,3514,96505829794506,96505829793770,96505830138638,344.132,344.868
3,3515,96505830285093,96505830283643,96505830639735,354.642,356.092
3,3516,96505830873683,96505830871490,96505831500624,626.941,629.134
3,3517,96505831460603,96505831459337,96505831931519,470.916,472.182
3,3518,96505832050082,96505832047184,96505832517848,467.766,470.664
3,3519,96505832538189,96505832537057,96505833089028,550.839,551.971
3,3520,96505833125899,96505833124904,96505833557883,431.984,432.979
3,3521,96505833713669,96505833712751,96505834117003,403.334,404.252
3,3522,96505834204195,96505834202624,96505834813806,609.611,611.182
3,3523,96505834792455,96505834790471,96505835266452,473.997,475.981
3,3524,96505835379595,96505835378318,96505835751048,371.453,372.73
3,3525,96505835869172,96505835868191,96505836363108,493.936,494.917
3,3526,96505836456792,96505836456038,96505836995240,538.448,539.202
3,3527,96505837044662,96505837043885,96505837629561,584.899,585.676
3,3528,96505837536118,96505837533757,96505838282794,746.676,749.037
3,3529,96505838122888,96505838121605,96505838703138,580.25,581.533
3,3530,96505838711628,96505838709452,96505839285377,573.749,575.925
3,3531,96505839298547,96505839297299,96505839824415,525.868,527.116
3,3532,96505839787914,96505839787171,96505840277470,489.556,490.299
3,3533,96505840375764,96505840375019,96505840906692,530.928,531.673
3,3534,96505840963674,96505840962866,96505841330406,366.732,367.54
3,3535,96505841456160,96505841452738,96505841958537,502.377,505.799
3,3536,96505842042070,96505842040585,96505842383652,341.582,343.067
3,3537,96505842630720,96505842628433,96505843037193,406.473,408.76
3,3538,96505843119007,96505843118305,96505843528791,409.784,410.486
3,3539,96505843707226,96505843706152,96505844147041,439.815,440.889
3,3540,96505844295146,96505844293999,96505844740961,445.815,446.962
3,3541,96505844785083,96505844783872,96505845393364,608.281,609.492
3,3542,96505845375063,96505845371719,96505845835729,460.666,464.01
3,3543,96505845960853,96505845959566,96505846401398,440.545,441.832
3,3544,96505846549723,96505846547413,96505847036279,486.556,488.866
3,3545,96505847051520,96505847037286,96505847449353,397.833,412.067
3,3546,96505847625999,96505847625133,96505848119896,493.897,494.763
3,3547,96505848213689,96505848212980,96505848595612,381.923,382.632
3,3548,96505848704226,96505848702853,96505849147721,443.495,444.868
3,3549,96505849293206,96505849290700,96505849598136,304.93,307.436
3,3550,96505849879856,96505849878547,96505850279628,399.772,401.081
3,3551,96505850369472,96505850368420,96505850854998,485.526,486.578
3,3552,96505850957001,96505850956267,96505851328884,371.883,372.617
3,3553,96505851544881,96505851544114,96505851861182,316.301,317.068
3,3554,96505852036058,96505852033986,96505852553686,517.628,519.7
3,3555,96505852622968,96505852621834,96505852939438,316.47,317.604
3,3556,96505853211997,96505853209681,96505853563450,351.453,353.769
3,3557,96505853798897,96505853797528,96505854164560,365.663,367.032
3,3558,96505854288164,96505854287400,96505854804881,516.717,517.481
3,3559,96505854875984,96505854875248,96505855218925,342.941,343.677
3,3560,96505855463974,96505855463095,96505855899319,435.345,436.224
3,3561,96505855955570,96505855952967,96505856284892,329.322,331.925
3,3562,96505856542070,96505856540814,96505856948084,406.014,407.27
3,3563,96505857130620,96505857128662,96505857572175,441.555,443.513
3,3564,96505857619217,96505857618534,96505858049771,430.554,431.237
3,3565,96505858207227,96505858206381,96505858636931,429.704,430.55
3,3566,96505858794987,96505858794228,96505859234812,439.825,440.584
3,3567,96505859285823,96505859284101,96505859672756,386.933,388.655
3,3568,96505859873933,96505859871948,96505860310927,436.994,438.979
3,3569,96505860461073,96505860459795,96505860738542,277.469,278.747
3,3570,96505861050303,96505861047642,96505861314971,264.668,267.329
3,3571,96505861538610,96505861537515,96505861969934,431.324,432.419
3,3572,96505862126269,96505862125362,96505862564764,438.495,439.402
3,3573,96505862714009,96505862713209,96505863059191,345.182,345.982
3,3574,96505863204495,96505863203082,96505863667231,462.736,464.149
3,3575,96505863793005,96505863790929,96505864148557,355.552,357.628
3,3576,96505864380285,96505864378776,96505864729357,349.072,350.581
3,3577,96505864869661,96505864868649,96505865279986,410.325,411.337
3,3578,96505865457261,96505865456496,96505865896126,438.865,439.63
3,3579,96505866045121,96505866044343,96505866440184,395.063,395.841
3,3580,96505866536988,96505866534215,96505867000764,463.776,466.549
3,3581,96505867123998,96505867122063,96505867589533,465.535,467.47
3,3582,96505867712668,96505867709910,96505868141982,429.314,432.072
3,3583,96505868299428,96505868297757,96505868613419,313.991,315.662
3,3584,96505868788444,96505868787629,96505869280191,491.747,492.562
3,3585,96505869376184,96505869375477,96505869863491,487.307,488.014
3,3586,96505869964224,96505869963324,96505870466901,502.677,503.577
3,3587,96505870456521,96505870453196,96505870830514,373.993,377.318
3,3588,96505871042711,96505871041043,96505871490475,447.764,449.432
3,3589,96505871631470,96505871628891,96505871982923,351.453,354.032
3,3590,96505872119597,96505872118763,96505872620594,500.997,501.831
3,3591,96505872707327,96505872706610,96505873181942,474.615,475.332
3,3592,96505873295457,96505873294457,96505873649938,354.481,355.481
3,3593,96505873785563,96505873784330,96505874134255,348.692,349.925
3,3594,96505874374963,96505874372177,96505874911441,536.478,539.264
3,3595,96505874961543,96505874960024,96505875264343,302.8,304.319
3,3596,96505875550363,96505875547871,96505875936146,385.783,388.275
3,3597,96505876038449,96505876037744,96505876464354,425.905,426.61
3,3598,96505876626479,96505876625591,96505877129456,502.977,503.865
3,3599,96505877214189,96505877213438,96505877595341,381.152,381.903
3,3600,96505877705535,96505877703311,96505878055327,349.792,352.016
3,3601,96505878293455,96505878291158,96505878686678,393.223,395.52
3,3602,96505878881555,96505878879005,96505879259048,377.493,380.043
3,3603,96505879369762,96505879368878,96505879806227,436.465,437.349
3,3604,96505879957582,96505879956725,96505880322914,365.332,366.189
3,3605,96505880545332,96505880544572,96505880996007,450.675,451.435
3,3606,96505881036848,96505881034445,96505881520284,483.436,485.839
3,3607,96505881623508,96505881622292,96505882015831,392.323,393.539
3,3608,96505882213008,96505882210139,96505882597151,384.143,387.012
3,3609,96505882800058,96505882797986,96505883200202,400.144,402.216
3,3610,96505883288964,96505883287858,96505883882474,593.51,594.616
3,3611,96505883876704,96505883875706,96505884241096,364.392,365.39
3,3612,96505884464554,96505884463553,96505884784405,319.851,320.852
3,3613,96505884956311,96505884953425,96505885348784,392.473,395.359
3,3614,96505885543201,96505885541272,96505885995656,452.455,454.384
3,3615,96505886131911,96505886129120,96505886407629,275.718,278.509
3,3616,96505886632357,96505886618992,96505887230997,598.64,612.005
3,3617,96505887207876,96505887206839,96505887692513,484.637,485.674
3,3618,96505887795366,96505887794686,96505888122708,327.342,328.022
3,3619,96505888286023,96505888284559,96505888812441,526.418,527.882
3,3620,96505888875533,96505888872406,96505889263486,387.953,391.08
3,3621,96505889461603,96505889460253,96505889863636,402.033,403.383
3,3622,96505890050382,96505890048100,96505890502228,451.846,454.128
3,3623,96505890538719,96505890537973,96505890915942,377.223,377.969
3,3624,96505891126559,96505891125820,96505891477761,351.202,351.941
3,3625,96505891714579,96505891713667,96505892069961,355.382,356.294
3,3626,96505892205345,96505892203540,96505892711942,506.597,508.402
3,3627,96505892793565,96505892791387,96505893111226,317.661,319.839
3,3628,96505893380395,96505893379234,96505893750288,369.893,371.054
3,3629,96505893870572,96505893869107,96505894459542,588.97,590.435
3,3630,96505894457712,96505894456954,96505894829684,371.972,372.73
3,3631,96505895045852,96505895044801,96505895309070,263.218,264.269
3,3632,96505895537398,96505895534674,96505896018384,480.986,483.71
3,3633,96505896123808,96505896122521,96505896609674,485.866,487.153
3,3634,96505896712678,96505896710368,96505897125881,413.203,415.513
3,3635,96505897299558,96505897298215,96505897585497,285.939,287.282
3,3636,96505897788925,96505897788087,96505898235959,447.034,447.872
3,3637,96505898377085,96505898375935,96505898660424,283.339,284.489
3,3638,96505898964604,96505898963782,96505899278335,313.731,314.553
3,3639,96505899456000,96505899453654,96505899893635,437.635,439.981
3,3640,96505900042860,96505900041501,96505900428834,385.974,387.333
3,3641,96505900631650,96505900629349,96505901006043,374.393,376.694
3,3642,96505901120017,96505901119221,96505901558872,438.855,439.651
3,3643,96505901708137,96505901707068,96505902076299,368.162,369.231
3,3644,96505902386670,96505902294915,96505902700370,313.7,405.455
3,3645,96505902787293,96505902784788,96505903117374,330.081,332.586
3,3646,96505903375523,96505903372635,96505903830788,455.265,458.153
3,3647,96505903961743,96505903960482,96505904206741,244.998,246.259
3,3648,96505904550913,96505904548329,96505904802592,251.679,254.263
3,3649,96505905039019,96505905038202,96505905442733,403.714,404.531
3,3650,96505905626729,96505905626049,96505906029303,402.574,403.254
3,3651,96505906214999,96505906213896,96505906522230,307.231,308.334
3,3652,96505906705066,96505906703769,96505907099289,394.223,395.52
3,3653,96505907293616,96505907291616,96505907652598,358.982,360.982
3,3654,96505907880916,96505907879463,96505908213567,332.651,334.104
3,3655,96505908370002,96505908369336,96505908736555,366.553,367.219
3,3656,96505909038984,96505908957183,96505909388627,349.643,431.444
3,3657,96505909546002,96505909545030,96505909943195,397.193,398.165
3,3658,96505910037309,96505910034903,96505910469333,432.024,434.43
3,3659,96505910624499,96505910622750,96505910988560,364.061,365.81
3,3660,96505911212748,96505911210597,96505911664363,451.615,453.766
3,3661,96505911810238,96505911798444,96505912225802,415.564,427.358
3,3662,96505912289104,96505912288316,96505912725869,436.765,437.553
3,3663,96505912876974,96505912876164,96505913183344,306.37,307.18
3,3664,96505913464774,96505913464011,96505913911959,447.185,447.948
3,3665,96505913956230,96505913953883,96505914414216,457.986,460.333
3,3666,96505914543920,96505914541730,96505915006456,462.536,464.726
3,3667,96505915138571,96505915129578,96505915391849,253.278,262.271
3,3668,96505915621757,96505915619450,96505916035071,413.314,415.621
3,3669,96505916209717,96505916207297,96505916548339,338.622,341.042
3,3670,96505916797237,96505916795144,96505917234852,437.615,439.708
3,3671,96505917289103,96505917285017,96505917727588,438.485,442.571
3,3672,96505917880343,96505917872864,96505918240296,359.953,367.432
3,3673,96505918464273,96505918460711,96505918808205,343.932,347.494
3,3674,96505919056463,96505919048558,96505919317882,261.419,269.324
3,3675,96505919540150,96505919538431,96505919954954,414.804,416.523
3,3676,96505920128300,96505920126278,96505920579785,451.485,453.507
3,3677,96505920716059,96505920714125,96505921095422,379.363,381.297
3,3678,96505921207516,96505921203998,96505921798426,590.91,594.428
3,3679,96505921799286,96505921791845,96505922205709,406.423,413.864
3,3680,96505922383466,96505922379692,96505922756358,372.892,376.666
3,3681,96505922871562,96505922869565,96505923329288,457.726,459.723
3,3682,96505923459371,96505923457412,96505923938548,479.177,481.136
3,3683,96505924047231,96505924045259,96505924397484,350.253,352.225
3,3684,96505924542419,96505924535132,96505925109228,566.809,574.096
3,3685,96505925201651,96505925122979,96505925553112,351.461,430.133
3,3686,96505925717738,96505925710826,96505926152163,434.425,441.337
3,3687,96505926302088,96505926298673,96505926576767,274.679,278.094
3,3688,96505926790564,96505926788545,96505927204298,413.734,415.753
3,3689,96505927378524,96505927376393,96505927760257,381.733,383.864
3,3690,96505927966224,96505927964240,96505928253934,287.71,289.694
3,3691,96505928461570,96505928454112,96505928932937,471.367,478.825
3,3692,96505929045410,96505929041959,96505929452704,407.294,410.745
3,3693,96505929637290,96505929629807,96505929969812,332.522,340.005
3,3694,96505930121967,96505930119679,96505930553331,431.364,433.652
3,3695,96505930709877,96505930707526,96505931075859,365.982,368.333
3,3696,96505931297207,96505931295373,96505931574646,277.439,279.273
3,3697,96505931788383,96505931785246,96505932356722,568.339,571.476
3,3698,96505932379533,96505932373093,96505932889311,509.778,516.218
3,3699,96505932964133,96505932960940,96505933375007,410.874,414.067
3,3700,96505933555203,96505933548787,96505933821042,265.839,272.255
3,3701,96505934040420,96505934038660,96505934498155,457.735,459.495
3,3702,96505934628359,96505934626507,96505935126506,498.147,499.999
3,3703,96505935216229,96505935214354,96505935518649,302.42,304.295
3,3704,96505935707666,96505935704227,96505936117700,410.034,413.473
3,3705,96505936298706,96505936292074,96505936644297,345.591,352.223
3,3706,96505936883435,96505936879921,96505937316290,432.855,436.369
3,3707,96505937371602,96505937369794,96505937764005,392.403,394.211
3,3708,96505937959522,96505937957641,96505938343475,383.953,385.834
3,3709,96505938547492,96505938545488,96505938910184,362.692,364.696
3,3710,96505939041569,96505939035361,96505939579026,537.457,543.665
3,3711,96505939626508,96505939623208,96505940019371,392.863,396.163
3,3712,96505940219789,96505940211055,96505940636773,416.984,425.718
3,3713,96505940802358,96505940798902,96505941174750,372.392,375.848
3,3714,96505941290844,96505941288774,96505941752460,461.616,463.686
3,3715,96505941878434,96505941876622,96505942256207,377.773,379.585
3,3716,96505942466504,96505942464469,96505942813566,347.062,349.097
3,3717,96505942961101,96505942954341,96505943303152,342.051,348.811
3,3718,96505943545641,96505943542188,96505943984596,438.955,442.408
3,3719,96505944137730,96505944130036,96505944416020,278.29,285.984
3,3720,96505944621757,96505944619908,96505944990190,368.433,370.282
3,3721,96505945209597,96505945207755,96505945620871,411.274,413.116
3,3722,96505945797737,96505945795602,96505946234461,436.724,438.859
3,3723,96505946288744,96505946285475,96505946641665,352.921,356.19
3,3724,96505946880093,96505946873322,96505947291487,411.394,418.165
3,3725,96505947464874,96505947461169,96505947834586,369.712,373.417
3,3726,96505948055783,96505948049016,96505948445077,389.294,396.061
3,3727,96505948540649,96505948538889,96505948882231,341.582,343.342
3,3728,96505949128939,96505949126736,96505949511733,382.794,384.997
3,3729,96505949716689,96505949714583,96505950154514,437.825,439.931
3,3730,96505950208025,96505950204456,96505950657211,449.186,452.755
3,3731,96505950798725,96505950792303,96505951141157,342.432,348.854
3,3732,96505951383765,96505951380150,96505951652444,268.679,272.294
3,3733,96505951871952,96505951870023,96505952325717,453.765,455.694
3,3734,96505952459782,96505952457870,96505952936348,476.566,478.478
3,3735,96505953047352,96505953045717,96505953356132,308.78,310.415
3,3736,96505953542188,96505953535590,96505954066736,524.548,531.146
3,3737,96505954128418,96505954123437,96505954548362,419.944,424.925
3,3738,96505954717998,96505954711284,96505955132162,414.164,420.878
3,3739,96505955302588,96505955299131,96505955688961,386.373,389.83
3,3740,96505955790945,96505955789004,96505956205169,414.224,416.165
3,3741,96505956378675,96505956376851,96505956781278,402.603,404.427
3,3742,96505956966515,96505956964698,96505957408919,442.404,444.221
3,3743,96505957460531,96505957454570,96505957880815,420.284,426.245
3,3744,96505958045851,96505958042417,96505958391073,345.222,348.656
3,3745,96505958636461,96505958630265,96505959202960,566.499,572.695
3,3746,96505959121977,96505959120137,96505959586312,464.335,466.175
3,3747,96505959710017,96505959707984,96505960077649,367.632,369.665
3,3748,96505960297886,96505960295831,96505960690190,392.304,394.359
3,3749,96505960789123,96505960785704,96505961220838,431.715,435.134
3,3750,96505961380174,96505961373551,96505961886941,506.767,513.39
3,3751,96505961965033,96505961961398,96505962310345,345.312,348.947
3,3752,96505962556204,96505962549245,96505962934985,378.781,385.74
3,3753,96505963041199,96505963039118,96505963373720,332.521,334.602
3,3754,96505963628889,96505963626965,96505963916559,287.67,289.594
3,3755,96505964216869,96505964214812,96505964612542,395.673,397.73
3,3756,96505964708416,96505964704685,96505965164371,455.955,459.686
3,3757,96505965299226,96505965292532,96505965554744,255.518,262.212
3,3758,96505965884036,96505965880379,96505966143884,259.848,263.505
3,3759,96505966372292,96505966370252,96505966905730,533.438,535.478
3,3760,96505966960462,96505966958099,96505967262332,301.87,304.233
3,3761,96505967547832,96505967545946,96505967890024,342.192,344.078
3,3762,96505968042238,96505968035819,96505968533895,491.657,498.076
3,3763,96505968626529,96505968623666,96505968990470,363.941,366.804
3,3764,96505969217488,96505969211513,96505969517518,300.03,306.005
3,3765,96505969802958,96505969799360,96505970191441,388.483,392.081
3,3766,96505970290864,96505970289233,96505970719449,428.585,430.216
3,3767,96505970879115,96505970877080,96505971222787,343.672,345.707
3,3768,96505971466934,96505971464927,96505971843537,376.603,378.61
3,3769,96505971960831,96505971954799,96505972377485,416.654,422.686
3,3770,96505972546130,96505972542646,96505973031377,485.247,488.731
3,3771,96505973136411,96505973130494,96505973452601,316.19,322.107
3,3772,96505973622297,96505973620366,96505974095273,472.976,474.907
3,3773,96505974209977,96505974208213,96505974535028,325.051,326.815
3,3774,96505974797887,96505974796060,96505975268132,470.245,472.072
3,3775,96505975289033,96505975285933,96505975668676,379.643,382.743
3,3776,96505975880133,96505975873780,96505976335279,455.146,461.499
3,3777,96505976465413,96505976461627,96505976804765,339.352,343.138
3,3778,96505977055693,96505977049474,96505977474407,418.714,424.933
3,3779,96505977541170,96505977539347,96505978009395,468.225,470.048
3,3780,96505978128770,96505978127194,96505978503052,374.282,375.858
3,3781,96505978716839,96505978715041,96505979170355,453.516,455.314
3,3782,96505979207686,96505979204914,96505979673982,466.296,469.068
3,3783,96505979798336,96505979792761,96505980145987,347.651,353.226
3,3784,96505980383896,96505980380608,96505980705896,322.0,325.288
3,3785,96505980872393,96505980870481,96505981297006,424.613,426.525
3,3786,96505981460362,96505981458328,96505981850485,390.123,392.157
3,3787,96505982048062,96505982046175,96505982382953,334.891,336.778
3,3788,96505982635891,96505982634022,96505982969103,333.212,335.081
3,3789,96505983127279,96505983123895,96505983436799,309.52,312.904
3,3790,96505983717569,96505983711742,96505984035299,317.73,323.557
3,3791,96505984302848,96505984299589,96505984662470,359.622,362.881
3,3792,96505984791244,96505984789462,96505985239090,447.846,449.628
3,3793,96505985378934,96505985377309,96505985613262,234.328,235.953
3,3794,96505985967034,96505985965156,96505986327497,360.463,362.341
3,3795,96505986460971,96505986455028,96505986904556,443.585,449.528
3,3796,96505987045731,96505987042875,96505987425803,380.072,382.928
3,3797,96505987635970,96505987630723,96505987940041,304.071,309.318
3,3798,96505988122457,96505988120595,96505988619254,496.797,498.659
3,3799,96505988710167,96505988708442,96505989087190,377.023,378.748
3,3800,96505989297887,96505989296289,96505989720841,422.954,424.552
3,3801,96505989886187,96505989884137,96505990239749,353.562,355.612
3,3802,96505990379043,96505990374009,96505990814539,435.496,440.53
3,3803,96505990965233,96505990961856,96505991351056,385.823,389.2
3,3804,96505991555483,96505991549703,96505992070581,515.098,520.878
3,3805,96505992041180,96505992039576,96505992457284,416.104,417.708
3,3806,96505992629300,96505992627423,96505992910239,280.939,282.816
3,3807,96505993217130,96505993215270,96505993554051,336.921,338.781
3,3808,96505993708526,96505993705143,96505994160682,452.156,455.539
3,3809,96505994299356,96505994292990,96505994570805,271.449,277.815
3,3810,96505994884226,96505994880837,96505995271809,387.583,390.972
3,3811,96505995372712,96505995370710,96505995878930,506.218,508.22
3,3812,96505995960952,96505995958557,96505996419788,458.836,461.231
3,3813,96505996548242,96505996546404,96505996920395,372.153,373.991
3,3814,96505997136012,96505997134251,96505997479113,343.101,344.862
3,3815,96505997627348,96505997624124,96505997987601,360.253,363.477
3,3816,96505998218619,96505998211971,96505998542669,324.05,330.698
3,3817,96505998803568,96505998799818,96505999173830,370.262,374.012
3,3818,96505999291975,96505999289691,96505999749870,457.895,460.179
3,3819,96505999879414,96505999877538,96506000303089,423.675,425.551
3,3820,96506000467544,96506000465385,96506000836417,368.873,371.032
3,3821,96506000963691,96506000955257,96506001428436,464.745,473.179
3,3822,96506001547921,96506001543104,96506001978665,430.744,435.561
3,3823,96506002139570,96506002130952,96506002447351,307.781,316.399
3,3824,96506002623757,96506002620824,96506003094143,470.386,473.319
3,3825,96506003211037,96506003208671,96506003521367,310.33,312.696
3,3826,96506003798577,96506003796518,96506004100717,302.14,304.199
3,3827,96506004386407,96506004384366,96506004767880,381.473,383.514
3,3828,96506004881224,96506004874238,96506005328889,447.665,454.651
3,3829,96506005466214,96506005462085,96506005802335,336.121,340.25
3,3830,96506006056613,96506006049932,96506006377634,321.021,327.702
3,3831,96506006541809,96506006539805,96506006914742,372.933,374.937
3,3832,96506007129639,96506007127652,96506007533043,403.404,405.391
3,3833,96506007717639,96506007715499,96506008036990,319.351,321.491
3,3834,96506008209226,96506008205372,96506008578639,369.413,373.267
3,3835,96506008800416,96506008793219,96506009136107,335.691,342.888
3,3836,96506009384715,96506009381066,96506009719447,334.732,338.381
3,3837,96506009872972,96506009870939,96506010208984,336.012,338.045
3,3838,96506010460962,96506010458786,96506010896577,435.615,437.791
3,3839,96506011049452,96506011046633,96506011445245,395.793,398.612
3,3840,96506011636572,96506011634480,96506011973614,337.042,339.134
3,3841,96506012127918,96506012124353,96506012466000,338.082,341.647
3,3842,96506012719548,96506012712200,96506013097901,378.353,385.701
3,3843,96506013303688,96506013300047,96506013579378,275.69,279.331
3,3844,96506013792105,96506013789920,96506014171388,379.283,381.468
3,3845,96506014379835,96506014377767,96506014781809,401.974,404.042
3,3846,96506014967685,96506014965614,96506015354427,386.742,388.813
3,3847,96506015462511,96506015455486,96506015911227,448.716,455.741
3,3848,96506016047591,96506016043333,96506016409203,361.612,365.87
3,3849,96506016637531,96506016631181,96506017101927,464.396,470.746
3,3850,96506017123608,96506017121053,96506017654115,530.507,533.062
3,3851,96506017711588,96506017708900,96506018033478,321.89,324.578
3,3852,96506018299366,96506018296747,96506018610178,310.812,313.431
3,3853,96506018887616,96506018884595,96506019137915,250.299,253.32
3,3854,96506019381654,96506019374467,96506019812778,431.124,438.311
3,3855,96506019965333,96506019962314,96506020347567,382.234,385.253
3,3856,96506020555794,96506020550161,96506020962327,406.533,412.166
3,3857,96506021042139,96506021040034,96506021374781,332.642,334.747
3,3858,96506021629929,96506021627881,96506022087355,457.426,459.474
3,3859,96506022217319,96506022215728,96506022575681,358.362,359.953
3,3860,96506022709626,96506022705601,96506023247994,538.368,542.393
3,3861,96506023300266,96506023293448,96506023660088,359.822,366.64
3,3862,96506023884906,96506023881295,96506024297760,412.854,416.465
3,3863,96506024373042,96506024371168,96506024758725,385.683,387.557
3,3864,96506024961012,96506024959015,96506025238352,277.34,279.337
3,3865,96506025548852,96506025546862,96506025993857,445.005,446.995
3,3866,96506026136642,96506026134709,96506026525515,388.873,390.806
3,3867,96506026627829,96506026624582,96506027075903,448.074,451.321
3,3868,96506027219088,96506027212429,96506027571760,352.672,359.331
3,3869,96506027803518,96506027800276,96506028069667,266.149,269.391
3,3870,96506028292065,96506028290149,96506028761041,468.976,470.892
3,3871,96506028880155,96506028877996,96506029302889,422.734,424.893
3,3872,96506029467855,96506029465843,96506029849888,382.033,384.045
3,3873,96506029962981,96506029955715,96506030341524,378.543,385.809
3,3874,96506030547261,96506030543562,96506030947044,399.783,403.482
3,3875,96506031136631,96506031131410,96506031512213,375.582,380.803
3,3876,96506031622197,96506031621282,96506032062572,440.375,441.29
3,3877,96506032210077,96506032209129,96506032564789,354.712,355.66
3,3878,96506032797787,96506032796976,96506033162469,364.682,365.493
3,3879,96506033385557,96506033384824,96506033649536,263.979,264.712
3,3880,96506033877383,96506033874696,96506034329489,452.106,454.793
3,3881,96506034463923,96506034462543,96506034812695,348.772,350.152
3,3882,96506035053023,96506035050390,96506035418716,365.693,368.326
3,3883,96506035540980,96506035540263,96506035919783,378.803,379.52
3,3884,96506036128800,96506036128110,96506036417029,288.229,288.919
3,3885,96506036716670,96506036715957,96506037176885,460.215,460.928
3,3886,96506037206996,96506037205830,96506037756635,549.639,550.805
3,3887,96506037795906,96506037793677,96506038180239,384.333,386.562
3,3888,96506038382836,96506038381524,96506038642685,259.849,261.161
3,3889,96506038872133,96506038871397,96506039341498,469.365,470.101
3,3890,96506039459923,96506039459244,96506039922157,462.234,462.913
3,3891,96506040048162,96506040047091,96506040379314,331.152,332.223
3,3892,96506040636222,96506040634938,96506041025825,389.603,390.887
3,3893,96506041126298,96506041124811,96506041508682,382.384,383.871
3,3894,96506041714799,96506041712658,96506042067940,353.141,355.282
3,3895,96506042301938,96506042300505,96506042638470,336.532,337.965
3,3896,96506042791244,96506042790378,96506043278001,486.757,487.623
3,3897,96506043378964,96506043378225,96506043796688,417.724,418.463
3,3898,96506043966874,96506043966072,96506044369888,403.014,403.816
3,3899,96506044458741,96506044455944,96506044819633,360.892,363.689
3,3900,96506045045211,96506045043792,96506045446705,401.494,402.913
3,3901,96506045633941,96506045631639,96506045955951,322.01,324.312
3,3902,96506046122367,96506046121511,96506046655726,533.359,534.215
3,3903,96506046710177,96506046709358,96506047132831,422.654,423.473
3,3904,96506047298227,96506047297205,96506047767183,468.956,469.978
3,3905,96506047885807,96506047885053,96506048207258,321.451,322.205
3,3906,96506048377224,96506048374925,96506048780507,403.283,405.582
3,3907,96506048964043,96506048962772,96506049334436,370.393,371.664
3,3908,96506049552963,96506049550619,96506049888314,335.351,337.695
3,3909,96506050041230,96506050040492,96506050496375,455.145,455.883
3,3910,96506050629050,96506050628339,96506051098516,469.466,470.177
3,3911,96506051216880,96506051216186,96506051473449,256.569,257.263
3,3912,96506051707406,96506051706059,96506052114220,406.814,408.161
3,3913,96506052296166,96506052293906,96506052645008,348.842,351.102
3,3914,96506052882985,96506052881753,96506053300340,417.355,418.587
3,3915,96506053372362,96506053371626,96506053809137,436.775,437.511
3,3916,96506053960332,96506053959473,96506054393957,433.625,434.484
3,3917,96506054548032,96506054547320,96506055052600,504.568,505.28
3,3918,96506055135932,96506055135167,96506055501674,365.742,366.507
3,3919,96506055626388,96506055625040,96506055980660,354.272,355.62
3,3920,96506056215688,96506056212887,96506056648033,432.345,435.146
3,3921,96506056802068,96506056800734,96506057099768,297.7,299.034
3,3922,96506057291305,96506057290607,96506057636206,344.901,345.599
3,3923,96506057879345,96506057878454,96506058299758,420.413,421.304
3,3924,96506058467484,96506058466301,96506058821937,354.453,355.636
3,3925,96506058958761,96506058956173,96506059390205,431.444,434.032
3,3926,96506059545601,96506059544021,96506060036907,491.306,492.886
3,3927,96506060133901,96506060131868,96506060425441,291.54,293.573
3,3928,96506060622458,96506060621740,96506061096223,473.765,474.483
3,3929,96506061210297,96506061209587,96506061519618,309.321,310.031
3,3930,96506061798277,96506061797434,96506062157579,359.302,360.145
3,3931,96506062386017,96506062385282,96506062685527,299.51,300.245
3,3932,96506062877624,96506062875154,96506063285727,408.103,410.573
3,3933,96506063464184,96506063463001,96506063784394,320.21,321.393
3,3934,96506064052994,96506064050848,96506064453007,400.013,402.159
3,3935,96506064541429,96506064540721,96506064910133,368.704,369.412
3,3936,96506065129409,96506065128568,96506065422269,292.86,293.701
3,3937,96506065717189,96506065716415,96506066073591,356.402,357.176
3,3938,96506066207916,96506066206288,96506066741864,533.948,535.576
3,3939,96506066796326,96506066794135,96506067060015,263.689,265.88
3,3940,96506067383256,96506067381982,96506067663075,279.819,281.093
3,3941,96506067872642,96506067871855,96506068297247,424.605,425.392
3,3942,96506068460672,96506068459702,96506068803134,342.462,343.432
3,3943,96506069048322,96506069047549,96506069460546,412.224,412.997
3,3944,96506069636082,96506069635396,96506069998055,361.973,362.659
3,3945,96506070126498,96506070125269,96506070540443,413.945,415.174
3,3946,96506070715508,96506070713116,96506071142023,426.515,428.907
3,3947,96506071302748,96506071300963,96506071610669,307.921,309.706
3,3948,96506071791585,96506071790836,96506072304252,512.667,513.416
3,3949,96506072379465,96506072378683,96506072693785,314.32,315.102
3,3950,96506072967165,96506072966530,96506073405059,437.894,438.529
3,3951,96506073458601,96506073456402,96506073793132,334.531,336.73
3,3952,96506074046031,96506074044250,96506074365152,319.121,320.902
3,3953,96506074634311,96506074632097,96506074997003,362.692,364.906
3,3954,96506075122708,96506075121969,96506075584323,461.615,462.354
3,3955,96506075710468,96506075709816,96506076091980,381.512,382.164
3,3956,96506076298297,96506076297663,96506076583607,285.31,285.944
3,3957,96506076886237,96506076885511,96506077238179,351.942,352.668
3,3958,96506077377654,96506077375383,96506078011455,633.801,636.072
3,3959,96506077964563,96506077963230,96506078368617,404.054,405.387
3,3960,96506078553273,96506078551077,96506078857083,303.81,306.006
3,3961,96506079041630,96506079040950,96506079457504,415.874,416.554
3,3962,96506079629539,96506079628797,96506079989902,360.363,361.105
3,3963,96506080217359,96506080216644,96506080522950,305.591,306.306
3,3964,96506080708116,96506080706517,96506081082269,374.153,375.752
3,3965,96506081296576,96506081294364,96506081704319,407.743,409.955
3,3966,96506081883536,96506081882211,96506082319781,436.245,437.57
3,3967,96506082372862,96506082372084,96506082764666,391.804,392.582
3,3968,96506082960632,96506082959931,96506083348126,387.494,388.195
3,3969,96506083548502,96506083547778,96506083978787,430.285,431.009
3,3970,96506084136312,96506084135625,96506084565397,429.085,429.772
3,3971,96506084626839,96506084625498,96506085086694,459.855,461.196
3,3972,96506085215509,96506085213345,96506085537759,322.25,324.414
3,3973,96506085802829,96506085801192,96506086178191,375.362,376.999
3,3974,96506086291745,96506086291065,96506086710979,419.234,419.914
3,3975,96506086879655,96506086878912,96506087250697,371.042,371.785
3,3976,96506087467515,96506087466759,96506087733313,265.798,266.554
3,3977,96506087958792,96506087956631,96506088449908,491.116,493.277
3,3978,96506088545751,96506088544479,96506088996196,450.445,451.717
3,3979,96506089135101,96506089132326,96506089494143,359.042,361.817
3,3980,96506089622897,96506089622198,96506089992440,369.543,370.242
3,3981,96506090210837,96506090210045,96506090541438,330.601,331.393
3,3982,96506090798607,96506090797892,96506091073307,274.7,275.415
3,3983,96506091386477,96506091385740,96506091830272,443.795,444.532
3,3984,96506091877933,96506091875612,96506092318548,440.615,442.936
3,3985,96506092464973,96506092463459,96506092833416,368.443,369.957
3,3986,96506093053343,96506093051306,96506093429556,376.213,378.25
3,3987,96506093541840,96506093541179,96506093972774,430.934,431.595
3,3988,96506094129780,96506094129026,96506094569475,439.695,440.449
3,3989,96506094717660,96506094716873,96506095045151,327.491,328.278
3,3990,96506095207836,96506095206746,96506095695813,487.977,489.067
3,3991,96506095796916,96506095794593,96506096107616,310.7,313.023
3,3992,96506096383676,96506096382440,96506096716627,332.951,334.187
3,3993,96506096872983,96506096872313,96506097327598,454.615,455.285
3,3994,96506097460893,96506097460160,96506097748522,287.629,288.362
3,3995,96506098048763,96506098048007,96506098334662,285.899,286.655
3,3996,96506098636702,96506098635854,96506098981584,344.882,345.73
3,3997,96506099126919,96506099125727,96506099458850,331.931,333.123
3,3998,96506099715759,96506099713574,96506100057661,341.902,344.087
3,3999,96506100302769,96506100301421,96506100721333,418.564,419.912
3,4000,96506100791974,96506100791294,96506101170927,378.953,379.633
3,4001,96506101379804,96506101379141,96506101676635,296.831,297.494
3,4002,96506101968064,96506101966988,96506102252815,284.751,285.827
3,4003,96506102459301,96506102456860,96506102894376,435.075,437.516
3,4004,96506103045991,96506103044708,96506103425844,379.853,381.136
3,4005,96506103634751,96506103632555,96506103987633,352.882,355.078
3,4006,96506104123177,96506104122427,96506104533882,410.705,411.455
3,4007,96506104711107,96506104710274,96506104982636,271.529,272.362
3,4008,96506105298827,96506105298121,96506105643719,344.892,345.598
3,4009,96506105886707,96506105885969,96506106233508,346.801,347.539
3,4010,96506106378294,96506106375841,96506106802808,424.514,426.967
3,4011,96506106965114,96506106963688,96506107325255,360.141,361.567
3,4012,96506107553923,96506107551535,96506107899965,346.042,348.43
3,4013,96506108042130,96506108041408,96506108480024,437.894,438.616
3,4014,96506108630050,96506108629255,96506108945850,315.8,316.595
3,4015,96506109217810,96506109217102,96506109586622,368.812,369.52
3,4016,96506109708266,96506109706975,96506110071268,363.002,364.293
3,4017,96506110296746,96506110294822,96506110707920,411.174,413.098
3,4018,96506110883916,96506110882669,96506111249128,365.212,366.459
3,4019,96506111373703,96506111372542,96506111908910,535.207,536.368
3,4020,96506111961122,96506111960389,96506112307424,346.302,347.035
3,4021,96506112548922,96506112548236,96506112836612,287.69,288.376
3,4022,96506113136742,96506113136083,96506113473664,336.922,337.581
3,4023,96506113627298,96506113625956,96506113974821,347.523,348.865
3,4024,96506114216178,96506114213803,96506114538940,322.762,325.137
3,4025,96506114803018,96506114801650,96506115154630,351.612,352.98
3,4026,96506115292265,96506115291523,96506115754861,462.596,463.338
3,4027,96506115880145,96506115879370,96506116229377,349.232,350.007
3,4028,96506116467965,96506116467217,96506116805826,337.861,338.609
3,4029,96506116958921,96506116957089,96506117437707,478.786,480.618
3,4030,96506117546511,96506117544937,96506117978255,431.744,433.318
3,4031,96506118134861,96506118132784,96506118441611,306.75,308.827
3,4032,96506118623328,96506118622656,96506119108894,485.566,486.238
3,4033,96506119211227,96506119210503,96506119614511,403.284,404.008
3,4034,96506119799077,96506119798350,96506120216231,417.154,417.881
3,4035,96506120386937,96506120386198,96506120759740,372.803,373.542
3,4036,96506120878464,96506120876070,96506121297448,418.984,421.378
3,4037,96506121465324,96506121463917,96506121809225,343.901,345.308
3,4038,96506122053724,96506122051764,96506122444857,391.133,393.093
3,4039,96506122542290,96506122541637,96506122927203,384.913,385.566
3,4040,96506123130230,96506123129484,96506123456611,326.381,327.127
3,4041,96506123718099,96506123717331,96506124142434,424.335,425.103
3,4042,96506124209367,96506124207204,96506124644931,435.564,437.727
3,4043,96506124797136,96506124795051,96506125165649,368.513,370.598
3,4044,96506125384376,96506125382898,96506125737678,353.302,354.78
3,4045,96506125873592,96506125872771,96506126328367,454.775,455.596
3,4046,96506126461302,96506126460618,96506126846406,385.104,385.788
3,4047,96506127049262,96506127048465,96506127423775,374.513,375.31
3,4048,96506127637062,96506127636312,96506128010105,373.043,373.793
3,4049,96506128127529,96506128126185,96506128618215,490.686,492.03
3,4050,96506128716538,96506128714032,96506129026069,309.531,312.037
3,4051,96506129302958,96506129301879,96506129586498,283.54,284.619
3,4052,96506129792605,96506129791752,96506130194189,401.584,402.437
3,4053,96506130380295,96506130379599,96506130690295,310.0,310.696
3,4054,96506130968125,96506130967446,96506131446131,478.006,478.685
3,4055,96506131459541,96506131457318,96506131874716,415.175,417.398
3,4056,96506132046821,96506132045166,96506132365942,319.121,320.776
3,4057,96506132635161,96506132633013,96506132912961,277.8,279.948
3,4058,96506133123808,96506133122885,96506133629305,505.497,506.42
3,4059,96506133711448,96506133710732,96506134117721,406.273,406.989
3,4060,96506134299248,96506134298580,96506134753463,454.215,454.883
3,4061,96506134887278,96506134886427,96506135310781,423.503,424.354
3,4062,96506135378814,96506135376299,96506135934523,555.709,558.224
3,4063,96506135965474,96506135964146,96506136323366,357.892,359.22
3,4064,96506136554074,96506136551993,96506136947517,393.443,395.524
3,4065,96506137042550,96506137041866,96506137451404,408.854,409.538
3,4066,96506137630400,96506137629713,96506137946540,316.14,316.827
3,4067,96506138218159,96506138217560,96506138630964,412.805,413.404
3,4068,96506138708886,96506138707433,96506139130311,421.425,422.878
3,4069,96506139297456,96506139295280,96506139555275,257.819,259.995
3,4070,96506139884366,96506139883127,96506140230507,346.141,347.38
3,4071,96506140373742,96506140373000,96506140793306,419.564,420.306
3,4072,96506140961562,96506140960847,96506141349296,387.734,388.449
3,4073,96506141549322,96506141548694,96506141875454,326.132,326.76
3,4074,96506142137222,96506142136541,96506142444773,307.551,308.232
3,4075,96506142627779,96506142626414,96506143015182,387.403,388.768
3,4076,96506143216359,96506143214261,96506143506859,290.5,292.598
3,4077,96506143803549,96506143802108,96506144160691,357.142,358.583
3,4078,96506144292695,96506144291981,96506144858774,566.079,566.793
3,4079,96506144880885,96506144879828,96506145240497,359.612,360.669
3,4080,96506145468375,96506145467675,96506145869478,401.103,401.803
3,4081,96506145959802,96506145957547,96506146430537,470.735,472.99
3,4082,96506146546542,96506146545395,96506146872112,325.57,326.717
3,4083,96506147135601,96506147133242,96506147443262,307.661,310.02
3,4084,96506147623807,96506147623114,96506148050012,426.205,426.898
3,4085,96506148211707,96506148210961,96506148493617,281.91,282.656
3,4086,96506148799487,96506148798809,96506149061046,261.559,262.237
3,4087,96506149387377,96506149386656,96506149723319,335.942,336.663
3,4088,96506149878603,96506149876528,96506150224766,346.163,348.238
3,4089,96506150465773,96506150464375,96506150731413,265.64,267.038
3,4090,96506151054363,96506151052222,96506151373304,318.941,321.082
3,4091,96506151542780,96506151542095,96506151994825,452.045,452.73
3,4092,96506152130690,96506152129942,96506152520333,389.643,390.391
3,4093,96506152718910,96506152717789,96506153036851,317.941,319.062
3,4094,96506153208886,96506153207662,96506153673082,464.196,465.42
3,4095,96506153797796,96506153795509,96506154112997,315.201,317.488
3,4096,96506154384606,96506154383356,96506154704017,319.411,320.661
3,4097,96506154874233,96506154873229,96506155315618,441.385,442.389
3,4098,96506155461823,96506155461076,96506155944429,482.606,483.353
3,4099,96506156136395,96506156048923,96506156453316,316.921,404.393
3,4100,96506156637492,96506156636770,96506157079297,441.805,442.527
3,4101,96506157127979,96506157126643,96506157478020,350.041,351.377
3,4102,96506157716989,96506157714490,96506158136173,419.184,421.683
3,4103,96506158303649,96506158302337,96506158601789,298.14,299.452
3,4104,96506158792866,96506158792210,96506159262681,469.815,470.471
3,4105,96506159381074,96506159380057,96506159720306,339.232,340.249
3,4106,96506159968654,96506159967904,96506160426230,457.576,458.326
3,4107,96506160460282,96506160457776,96506160903427,443.145,445.651
3,4108,96506161046801,96506161045624,96506161375952,329.151,330.328
3,4109,96506161635761,96506161633471,96506161943101,307.34,309.63
3,4110,96506162124157,96506162123343,96506162548552,424.395,425.209
3,4111,96506162711897,96506162711190,96506163053989,342.092,342.799
3,4112,96506163299737,96506163299038,96506163555736,255.999,256.698
3,4113,96506163887577,96506163886885,96506164251580,364.003,364.695
3,4114,96506164378924,96506164376757,96506164964384,585.46,587.627
3,4115,96506164966084,96506164964604,96506165310535,344.451,345.931
3,4116,96506165554663,96506165552451,96506165955957,401.294,403.506
3,4117,96506166043300,96506166042324,96506166456404,413.104,414.08
3,4118,96506166630860,96506166630171,96506166959181,328.321,329.01
3,4119,96506167218710,96506167218018,96506167549291,330.581,331.273
3,4120,96506167709227,96506167707891,96506168194262,485.035,486.371
3,4121,96506168297846,96506168295738,96506168726141,428.295,430.403
3,4122,96506168885086,96506168883585,96506169307150,422.064,423.565
3,4123,96506169374263,96506169373458,96506169931391,557.128,557.933
3,4124,96506169962033,96506169961305,96506170353746,391.713,392.441
3,4125,96506170549903,96506170549152,96506170919235,369.332,370.083
3,4126,96506171137773,96506171136999,96506171528335,390.562,391.336
3,4127,96506171628008,96506171626872,96506172141136,513.128,514.264
3,4128,96506172217149,96506172214719,96506172521569,304.42,306.85
3,4129,96506172803818,96506172802566,96506173285415,481.597,482.849
3,4130,96506173293175,96506173292439,96506173662327,369.152,369.888
3,4131,96506173881255,96506173880286,96506174258848,377.593,378.562
3,4132,96506174469275,96506174468133,96506174709903,240.628,241.77
3,4133,96506174960541,96506174958005,96506175346415,385.874,388.41
3,4134,96506175547521,96506175545853,96506175933125,385.604,387.272
3,4135,96506176135861,96506176133700,96506176442121,306.26,308.421
3,4136,96506176624348,96506176623572,96506177128175,503.827,504.603
3,4137,96506177212108,96506177211419,96506177582200,370.092,370.781
3,4138,96506177799977,96506177799267,96506178259023,459.046,459.756
3,4139,96506178387917,96506178387114,96506178761190,373.273,374.076
3,4140,96506178879354,96506178876986,96506179239826,360.472,362.84
3,4141,96506179466094,96506179464833,96506179742823,276.729,277.99
3,4142,96506180055874,96506180052680,96506180381595,325.721,328.915
3,4143,96506180543340,96506180542553,96506181022477,479.137,479.924
3,4144,96506181131340,96506181130400,96506181445540,314.2,315.14
3,4145,96506181719130,96506181718247,96506182139804,420.674,421.557
3,4146,96506182209517,96506182208120,96506182625841,416.324,417.721
3,4147,96506182808066,96506182795967,96506183104167,296.101,308.2
3,4148,96506183385247,96506183383814,96506183699337,314.09,315.523
3,4149,96506183874582,96506183873687,96506184397540,522.958,523.853
3,4150,96506184462212,96506184461534,96506184749632,287.42,288.098
3,4151,96506185050512,96506185049381,96506185377213,326.701,327.832
3,4152,96506185637882,96506185637228,96506186083758,445.876,446.53
3,4153,96506186128389,96506186127101,96506186454530,326.141,327.429
3,4154,96506186717218,96506186714948,96506187039960,322.742,325.012
3,4155,96506187304128,96506187302795,96506187619389,315.261,316.594
3,4156,96506187793385,96506187792668,96506188277922,484.537,485.254
3,4157,96506188381195,96506188380515,96506188807210,426.015,426.695
3,4158,96506188969145,96506188968362,96506189390449,421.304,422.087
3,4159,96506189460281,96506189458234,96506189897057,436.776,438.823
3,4160,96506190047851,96506190046082,96506190357802,309.951,311.72
3,4161,96506190635941,96506190633929,96506191003734,367.793,369.805
3,4162,96506191124488,96506191123801,96506191554832,430.344,431.031
3,4163,96506191712468,96506191711648,96506192104361,391.893,392.713
3,4164,96506192300188,96506192299496,96506192659060,358.872,359.564
3,4165,96506192888898,96506192887343,96506193247739,358.841,360.396
3,4166,96506193380034,96506193377215,96506193853510,473.476,476.295
3,4167,96506193966534,96506193965062,96506194329306,362.772,364.244
3,4168,96506194555484,96506194552909,96506194915116,359.632,362.207
3,4169,96506195043430,96506195042782,96506195449774,406.344,406.992
3,4170,96506195631350,96506195630629,96506196040404,409.054,409.775
3,4171,96506196219250,96506196218476,96506196585172,365.922,366.696
3,4172,96506196709696,96506196708349,96506197122640,412.944,414.291
3,4173,96506197298616,96506197296196,96506197691789,393.173,395.593
3,4174,96506197885366,96506197884043,96506198270070,384.704,386.027
3,4175,96506198374673,96506198373916,96506198756545,381.872,382.629
3,4176,96506198962512,96506198961763,96506199335826,373.314,374.063
3,4177,96506199550392,96506199549610,96506199841272,290.88,291.662
3,4178,96506200138142,96506200137457,96506200493184,355.042,355.727
3,4179,96506200628909,96506200627330,96506201007052,378.143,379.722
3,4180,96506201217299,96506201215177,96506201525109,307.81,309.932
3,4181,96506201804169,96506201803024,96506202215762,411.593,412.738
3,4182,96506202293585,96506202292897,96506202669648,376.063,376.751
3,4183,96506202881585,96506202880744,96506203299609,418.024,418.865
3,4184,96506203469315,96506203468591,96506203751835,282.52,283.244
3,4185,96506203960562,96506203958463,96506204413717,453.155,455.254
3,4186,96506204547652,96506204546311,96506204852212,304.56,305.901
3,4187,96506205136481,96506205134158,96506205420691,284.21,286.533
3,4188,96506205624818,96506205624030,96506206003461,378.643,379.431
3,4189,96506206212648,96506206211877,96506206603220,390.572,391.343
3,4190,96506206800487,96506206799725,96506207188080,387.593,388.355
3,4191,96506207388487,96506207387572,96506207711588,323.101,324.016
3,4192,96506207879623,96506207877444,96506208218785,339.162,341.341
3,4193,96506208466503,96506208465291,96506208714343,247.84,249.052
3,4194,96506209055333,96506209053139,96506209473048,417.715,419.909
3,4195,96506209543850,96506209543011,96506209958184,414.334,415.173
3,4196,96506210131610,96506210130858,96506210478431,346.821,347.573
3,4197,96506210719800,96506210718705,96506211045071,325.271,326.366
3,4198,96506211209886,96506211208578,96506211780296,570.41,571.718
3,4199,96506211799276,96506211796425,96506212128747,329.471,332.322
3,4200,96506212385966,96506212384272,96506212746309,360.343,362.037
3,4201,96506212874893,96506212874145,96506213307227,432.334,433.082
3,4202,96506213462793,96506213461992,96506213914528,451.735,452.536
3,4203,96506214050833,96506214049839,96506214365794,314.961,315.955
3,4204,96506214638533,96506214637686,96506215149250,510.717,511.564
3,4205,96506215128889,96506215127559,96506215660657,531.768,533.098
3,4206,96506215717609,96506215715406,96506216171904,454.295,456.498
3,4207,96506216305159,96506216303253,96506216684102,378.943,380.849
3,4208,96506216793806,96506216793126,96506217306352,512.546,513.226
3,4209,96506217381845,96506217380973,96506217817080,435.235,436.107
3,4210,96506217969554,96506217968820,96506218407020,437.466,438.2
3,4211,96506218461052,96506218458692,96506218911576,450.524,452.884
3,4212,96506219047832,96506219046540,96506219417034,369.202,370.494
3,4213,96506219636862,96506219634387,96506220053856,416.994,419.469
3,4214,96506220124967,96506220124259,96506220712617,587.65,588.358
3,4215,96506220712947,96506220712106,96506221032808,319.861,320.702
3,4216,96506221300677,96506221299954,96506221574027,273.35,274.073
3,4217,96506221888497,96506221887801,96506222227149,338.652,339.348
3,4218,96506222380094,96506222377673,96506222990895,610.801,613.222
3,4219,96506222966784,96506222965520,96506223294345,327.561,328.825
3,4220,96506223555334,96506223553368,96506223984958,429.624,431.59
3,4221,96506224044060,96506224043240,96506224455655,411.595,412.415
3,4222,96506224631760,96506224631087,96506225044064,412.304,412.977
3,4223,96506225219710,96506225218934,96506225580622,360.912,361.688
3,4224,96506225710157,96506225708807,96506226076929,366.772,368.122
3,4225,96506226299206,96506226296654,96506226611227,312.021,314.573
3,4226,96506226886136,96506226884501,96506227351422,465.286,466.921
3,4227,96506227375083,96506227374374,96506227842669,467.586,468.295
3,4228,96506227962883,96506227962221,96506228291804,328.921,329.583
3,4229,96506228551023,96506228550068,96506229001207,450.184,451.139
3,4230,96506229138663,96506229137915,96506229531276,392.613,393.361
3,4231,96506229629289,96506229627788,96506230068473,439.184,440.685
3,4232,96506230218769,96506230215635,96506230487388,268.619,271.753
3,4233,96506230804828,96506230803482,96506231145140,340.312,341.658
3,4234,96506231294115,96506231293355,96506231745340,451.225,451.985
3,4235,96506231881815,96506231881202,96506232318430,436.615,437.228
3,4236,96506232469805,96506232469049,96506232808536,338.731,339.487
3,4237,96506232961151,96506232958921,96506233483529,522.378,524.608
3,4238,96506233548321,96506233546769,96506233982636,434.315,435.867
3,4239,96506234136651,96506234134616,96506234466662,330.011,332.046
3,4240,96506234625158,96506234624488,96506235075343,450.185,450.855
3,4241,96506235213138,96506235212335,96506235561760,348.622,349.425
3,4242,96506235800908,96506235800183,96506236140289,339.381,340.106
3,4243,96506236388717,96506236388030,96506236665857,277.14,277.827
3,4244,96506236879954,96506236877902,96506237285808,405.854,407.906
3,4245,96506237466874,96506237465749,96506238076545,609.671,610.796
3,4246,96506238056034,96506238053597,96506238432147,376.113,378.55
3,4247,96506238544200,96506238543469,96506238973165,428.965,429.696
3,4248,96506239132100,96506239131316,96506239446050,313.95,314.734
3,4249,96506239719920,96506239719163,96506240052661,332.741,333.498
3,4250,96506240210517,96506240209036,96506240631201,420.684,422.165
3,4251,96506240799107,96506240796883,96506241180160,381.053,383.277
3,4252,96506241386217,96506241384730,96506241765230,379.013,380.5
3,4253,96506241875333,96506241874603,96506242362309,486.976,487.706
3,4254,96506242463152,96506242462450,96506242881857,418.705,419.407
3,4255,96506243051002,96506243050297,96506243354053,303.051,303.756
3,4256,96506243638842,96506243638144,96506244072797,433.955,434.653
3,4257,96506244129559,96506244128017,96506244511652,382.093,383.635
3,4258,96506244718279,96506244715864,96506245070101,351.822,354.237
3,4259,96506245305468,96506245303711,96506245627550,322.082,323.839
3,4260,96506245794295,96506245793584,96506246147077,352.782,353.493
3,4261,96506246382235,96506246381431,96506246725057,342.822,343.626
3,4262,96506246970055,96506246969278,96506247442001,471.946,472.723
3,4263,96506247461731,96506247459150,96506247883756,422.025,424.606
3,4264,96506248048301,96506248046998,96506248520098,471.797,473.1
3,4265,96506248636931,96506248634845,96506249010204,373.273,375.359
3,4266,96506249125438,96506249124717,96506249477450,352.012,352.733
3,4267,96506249713308,96506249712564,96506250065810,352.502,353.246
3,4268,96506250301118,96506250300412,96506250689080,387.962,388.668
3,4269,96506250889268,96506250888259,96506251238129,348.861,349.87
3,4270,96506251380544,96506251378131,96506251758677,378.133,380.546
3,4271,96506251967354,96506251965978,96506252348317,380.963,382.339
3,4272,96506252556074,96506252553826,96506252989048,432.974,435.222
3,4273,96506253044421,96506253043698,96506253485236,440.815,441.538
3,4274,96506253632271,96506253631545,96506254105526,473.255,473.981
3,4275,96506254220341,96506254219392,96506254579022,358.681,359.63
3,4276,96506254710717,96506254709265,96506255181803,471.086,472.538
3,4277,96506255302557,96506255297112,96506255747392,444.835,450.28
3,4278,96506255886316,96506255884959,96506256336891,450.575,451.932
3,4279,96506256375573,96506256374832,96506256811868,436.295,437.036
3,4280,96506256963273,96506256962679,96506257237942,274.669,275.263
3,4281,96506257551212,96506257550526,96506257982077,430.865,431.551
3,4282,96506258139152,96506258138373,96506258466974,327.822,328.601
3,4283,96506258629729,96506258628246,96506259091345,461.616,463.099
3,4284,96506259218559,96506259216093,96506259583121,364.562,367.028
3,4285,96506259805079,96506259803940,96506260162501,357.422,358.561
3,4286,96506260295195,96506260293813,96506260783262,488.067,489.449
3,4287,96506260882605,96506260881660,96506261183095,300.49,301.435
3,4288,96506261470595,96506261469507,96506261894059,423.464,424.552
3,4289,96506261961602,96506261959379,96506262560462,598.86,601.083
3,4290,96506262548512,96506262547227,96506263113191,564.679,565.964
3,4291,96506263137392,96506263135074,96506263542515,405.123,407.441
3,4292,96506263625728,96506263624946,96506264185057,559.329,560.111
3,4293,96506264213538,96506264212793,96506264631492,417.954,418.699
3,4294,96506264801428,96506264800641,96506265225792,424.364,425.151
3,4295,96506265389378,96506265388488,96506265721499,332.121,333.011
3,4296,96506265880555,96506265878360,96506266222736,342.181,344.376
3,4297,96506266467283,96506266466207,96506266873568,406.285,407.361
3,4298,96506267056134,96506267054055,96506267489589,433.455,435.534
3,4299,96506267544700,96506267543927,96506267899092,354.392,355.165
3,4300,96506268132490,96506268131774,96506268589626,457.136,457.852
3,4301,96506268720790,96506268719621,96506269072352,351.562,352.731
3,4302,96506269210746,96506269209494,96506269607370,396.624,397.876
3,4303,96506269799366,96506269797341,96506270186720,387.354,389.379
3,4304,96506270386756,96506270385188,96506270718597,331.841,333.409
3,4305,96506270875933,96506270875061,96506271307777,431.844,432.716
3,4306,96506271463773,96506271462908,96506271833525,369.752,370.617
3,4307,96506272051413,96506272050755,96506272458766,407.353,408.011
3,4308,96506272639343,96506272638602,96506272910672,271.329,272.07
3,4309,96506273129869,96506273128475,96506273589995,460.126,461.52
3,4310,96506273718379,96506273716322,96506274180575,462.196,464.253
3,4311,96506274305629,96506274304169,96506274656350,350.721,352.181
3,4312,96506274794736,96506274794042,96506275157797,363.061,363.755
3,4313,96506275382636,96506275381889,96506275792849,410.213,410.96
3,4314,96506275970435,96506275969736,96506276310286,339.851,340.55
3,4315,96506276462432,96506276459608,96506276960488,498.056,500.88
3,4316,96506277048802,96506277047456,96506277555139,506.337,507.683
3,4317,96506277638822,96506277635303,96506278074726,435.904,439.423
3,4318,96506278126017,96506278125175,96506278638315,512.298,513.14
3,4319,96506278713767,96506278713022,96506279091000,377.233,377.978
3,4320,96506279301637,96506279300870,96506279616078,314.441,315.208
3,4321,96506279889407,96506279888717,96506280312792,423.385,424.075
3,4322,96506280380994,96506280378589,96506280954453,573.459,575.864
3,4323,96506280967964,96506280966436,96506281284625,316.661,318.189
3,4324,96506281556424,96506281554284,96506281891246,334.822,336.962
3,4325,96506282044890,96506282044156,96506282572878,527.988,528.722
3,4326,96506282632670,96506282632003,96506283125927,493.257,493.924
3,4327,96506283220710,96506283219850,96506283534041,313.331,314.191
3,4328,96506283711117,96506283709723,96506284210634,499.517,500.911
3,4329,96506284300077,96506284297570,96506284644298,344.221,346.728
3,4330,96506284886717,96506284885417,96506285403204,516.487,517.787
3,4331,96506285376003,96506285375290,96506285797117,421.114,421.827
3,4332,96506285963923,96506285963137,96506286312084,348.161,348.947
3,4333,96506286551703,96506286550984,96506286895935,344.232,344.951
3,4334,96506287139553,96506287138831,96506287580208,440.655,441.377
3,4335,96506287630139,96506287628704,96506287994201,364.062,365.497
3,4336,96506288218819,96506288216551,96506288634993,416.174,418.442
3,4337,96506288805749,96506288804398,96506289147551,341.802,343.153
3,4338,96506289295216,96506289294271,96506289721560,426.344,427.289
3,4339,96506289882906,96506289882118,96506290234077,351.171,351.959
3,4340,96506290470715,96506290469965,96506290811476,340.761,341.511
3,4341,96506290961981,96506290959837,96506291364185,402.204,404.348
3,4342,96506291548971,96506291547685,96506291893293,344.322,345.608
3,4343,96506292137521,96506292135532,96506292555385,417.864,419.853
3,4344,96506292626168,96506292625404,96506293082844,456.676,457.44
3,4345,96506293213898,96506293213251,96506293551790,337.892,338.539
3,4346,96506293801848,96506293801099,96506294199432,397.584,398.333
3,4347,96506294389718,96506294388946,96506294727729,338.011,338.783
3,4348,96506294880994,96506294878818,96506295289628,408.634,410.81
3,4349,96506295468094,96506295466665,96506295812826,344.732,346.161
3,4350,96506296057034,96506296054513,96506296416156,359.122,361.643
3,4351,96506296545191,96506296544385,96506296893332,348.141,348.947
3,4352,96506297133170,96506297132232,96506297554444,421.274,422.212
3,4353,96506297720740,96506297720079,96506298125394,404.654,405.315
3,4354,96506298211247,96506298209952,96506298816887,605.64,606.935
3,4355,96506298801157,96506298797799,96506299182120,380.963,384.321
3,4356,96506299387287,96506299385646,96506299738118,350.831,352.472
3,4357,96506299876573,96506299875519,96506300367020,490.447,491.501
3,4358,96506300464243,96506300463366,96506300848806,384.563,385.44
3,4359,96506301051893,96506301051213,96506301552849,500.956,501.636
3,4360,96506301639773,96506301639060,96506301960464,320.691,321.404
3,4361,96506302130350,96506302128933,96506302673558,543.208,544.625
3,4362,96506302719510,96506302716780,96506303082581,363.071,365.801
3,4363,96506303305989,96506303304627,96506303690822,384.833,386.195
3,4364,96506303823447,96506303794500,96506304338794,515.347,544.294
3,4365,96506304383145,96506304382347,96506304690955,307.81,308.608
3,4366,96506304971145,96506304970194,96506305401899,430.754,431.705
3,4367,96506305462941,96506305460066,96506305922868,459.927,462.802
3,4368,96506306049241,96506306047914,96506306473996,424.755,426.082
3,4369,96506306637781,96506306635761,96506307116448,478.667,480.687
3,4370,96506307126498,96506307125633,96506307529582,403.084,403.949
3,4371,96506307714288,96506307713480,96506308138523,424.235,425.043
3,4372,96506308302098,96506308301328,96506308705782,403.684,404.454
3,4373,96506308889898,96506308889175,96506309298041,408.143,408.866
3,4374,96506309381374,96506309379047,96506309945243,563.869,566.196
3,4375,96506309968164,96506309966894,96506310284315,316.151,317.421
3,4376,96506310557094,96506310554742,96506311040690,483.596,485.948
3,4377,96506311045351,96506311044614,96506311397012,351.661,352.398
3,4378,96506311633131,96506311632461,96506312122457,489.326,489.996
3,4379,96506312221071,96506312220308,96506312582862,361.791,362.554
3,4380,96506312711857,96506312710181,96506313116061,404.204,405.88
3,4381,96506313300377,96506313298028,96506313777363,476.986,479.335
3,4382,96506313887096,96506313885875,96506314187627,300.531,301.752
3,4383,96506314376743,96506314375748,96506314986174,609.431,610.426
3,4384,96506314964833,96506314963595,96506315474390,509.557,510.795
3,4385,96506315552402,96506315551442,96506315989918,437.516,438.476
3,4386,96506316140032,96506316139289,96506316461063,321.031,321.774
3,4387,96506316630469,96506316629162,96506317054504,424.035,425.342
3,4388,96506317219639,96506317217009,96506317673264,453.625,456.255
3,4389,96506317806249,96506317804856,96506318172651,366.402,367.795
3,4390,96506318295445,96506318294729,96506318820393,524.948,525.664
3,4391,96506318883275,96506318882576,96506319204406,321.131,321.83
3,4392,96506319471145,96506319470423,96506319835128,363.983,364.705
3,4393,96506319962452,96506319960295,96506320417647,455.195,457.352
3,4394,96506320549482,96506320548143,96506320910753,361.271,362.61
3,4395,96506321138422,96506321135990,96506321489924,351.502,353.934
3,4396,96506321626668,96506321625862,96506322097504,470.836,471.642
3,4397,96506322214448,96506322213709,96506322549619,335.171,335.91
3,4398,96506322802258,96506322801557,96506323231823,429.565,430.266
3,4399,96506323390078,96506323389404,96506323672758,282.68,283.354
3,4400,96506323881465,96506323879276,96506324339680,458.215,460.404
3,4401,96506324468635,96506324467123,96506324748303,279.668,281.18
3,4402,96506325057094,96506325054971,96506325445277,388.183,390.306
3,4403,96506325545590,96506325544843,96506325933464,387.874,388.621
3,4404,96506326133340,96506326132690,96506326539715,406.375,407.025
3,4405,96506326721280,96506326720537,96506327164355,443.075,443.818
3,4406,96506327211706,96506327210410,96506327691394,479.688,480.984
3,4407,96506327800546,96506327798257,96506328151239,350.693,352.982
3,4408,96506328387246,96506328386104,96506328854412,467.166,468.308
3,4409,96506328876643,96506328875977,96506329463593,586.95,587.616
3,4410,96506329464463,96506329463824,96506330009352,544.889,545.528
3,4411,96506330052383,96506330051671,96506330362493,310.11,310.822
3,4412,96506330640293,96506330639518,96506331080598,440.305,441.08
3,4413,96506331130979,96506331129391,96506331594475,463.496,465.084
3,4414,96506331719269,96506331717238,96506332157004,437.735,439.766
3,4415,96506332306479,96506332305085,96506332657381,350.902,352.296
3,4416,96506332795786,96506332794958,96506333133277,337.491,338.319
3,4417,96506333383566,96506333382805,96506333756698,373.132,373.893
3,4418,96506333971366,96506333970652,96506334402360,430.994,431.708
3,4419,96506334463412,96506334460524,96506334949569,486.157,489.045
3,4420,96506335049632,96506335048372,96506335506397,456.765,458.025
3,4421,96506335639212,96506335636219,96506335911851,272.639,275.632
3,4422,96506336126749,96506336126091,96506336567413,440.664,441.322
3,4423,96506336714657,96506336713938,96506337090960,376.303,377.022
3,4424,96506337302577,96506337301786,96506337657059,354.482,355.273
3,4425,96506337890317,96506337889633,96506338244789,354.472,355.156
3,4426,96506338381795,96506338379505,96506338959654,577.859,580.149
3,4427,96506338968754,96506338967352,96506339302396,333.642,335.044
3,4428,96506339557244,96506339555200,96506339830774,273.53,275.574
3,4429,96506340048990,96506340045072,96506340500506,451.516,455.434
3,4430,96506340633760,96506340632919,96506341097146,463.386,464.227
3,4431,96506341221560,96506341220766,96506341623844,402.284,403.078
3,4432,96506341711887,96506341710639,96506342249365,537.478,538.726
3,4433,96506342301227,96506342298486,96506342644018,342.791,345.532
3,4434,96506342887507,96506342886333,96506343205307,317.8,318.974
3,4435,96506343376913,96506343376206,96506343825309,448.396,449.103
3,4436,96506343964633,96506343964053,96506344315195,350.562,351.142
3,4437,96506344552633,96506344551900,96506344854724,302.091,302.824
3,4438,96506345140473,96506345139747,96506345500625,360.152,360.878
3,4439,96506345631099,96506345629620,96506346043423,412.324,413.803
3,4440,96506346219859,96506346217467,96506346635584,415.725,418.117
3,4441,96506346806959,96506346805314,96506347171162,364.203,365.848
3,4442,96506347296036,96506347295187,96506347796683,500.647,501.496
3,4443,96506347883806,96506347883034,96506348255158,371.352,372.124
3,4444,96506348472126,96506348470881,96506348883729,411.603,412.848
3,4445,96506348963442,96506348960754,96506349372356,408.914,411.602
3,4446,96506349549882,96506349548601,96506349963646,413.764,415.045
3,4447,96506350138612,96506350136448,96506350556786,418.174,420.338
3,4448,96506350627088,96506350626320,96506351059583,432.495,433.263
3,4449,96506351214868,96506351214167,96506351494857,279.989,280.69
3,4450,96506351802738,96506351802015,96506352223303,420.565,421.288
3,4451,96506352390628,96506352389862,96506352697508,306.88,307.646
3,4452,96506352881824,96506352879734,96506353301719,419.895,421.985
3,4453,96506353468624,96506353467581,96506353872758,404.134,405.177
3,4454,96506354057964,96506354055429,96506354462568,404.604,407.139
3,4455,96506354545981,96506354545301,96506354889642,343.661,344.341
3,4456,96506355133951,96506355133148,96506355400710,266.759,267.562
3,4457,96506355721730,96506355720995,96506356154545,432.815,433.55
3,4458,96506356212147,96506356210868,96506356749545,537.398,538.677
3,4459,96506356801457,96506356798715,96506357063985,262.528,265.27
3,4460,96506357388417,96506357386562,96506357738908,350.491,352.346
3,4461,96506357877153,96506357876435,96506358322318,445.165,445.883
3,4462,96506358464983,96506358464282,96506358777133,312.15,312.851
3,4463,96506359052883,96506359052129,96506359443967,391.084,391.838
3,4464,96506359640933,96506359639976,96506359907941,267.008,267.965
3,4465,96506360131070,96506360129849,96506360559124,428.054,429.275
3,4466,96506360719760,96506360717696,96506361022139,302.379,304.443
3,4467,96506361306790,96506361305543,96506361700913,394.123,395.37
3,4468,96506361796105,96506361795416,96506362314293,518.188,518.877
3,4469,96506362384005,96506362383263,96506362724017,340.012,340.754
3,4470,96506362972185,96506362971110,96506363433161,460.976,462.051
3,4471,96506363463822,96506363460983,96506363896257,432.435,435.274
3,4472,96506364050532,96506364048830,96506364533448,482.916,484.618
3,4473,96506364639881,96506364636677,96506364990114,350.233,353.437
3,4474,96506365127418,96506365126549,96506365559802,432.384,433.253
3,4475,96506365715188,96506365714396,96506366078501,363.313,364.105
3,4476,96506366303148,96506366302244,96506366841776,538.628,539.532
3,4477,96506366890828,96506366890091,96506367375255,484.427,485.164
3,4478,96506367382694,96506367379963,96506367825889,443.195,445.926
3,4479,96506367969054,96506367967810,96506368315806,346.752,347.996
3,4480,96506368558114,96506368555658,96506368931206,373.092,375.548
3,4481,96506369046201,96506369045530,96506369384312,338.111,338.782
3,4482,96506369634221,96506369633377,96506370090056,455.835,456.679
3,4483,96506370221961,96506370221224,96506370510190,288.229,288.966
3,4484,96506370712567,96506370711097,96506371157612,445.045,446.515
3,4485,96506371301167,96506371298944,96506371728772,427.605,429.828
3,4486,96506371888617,96506371886791,96506372208878,320.261,322.087
3,4487,96506372377344,96506372376664,96506372846399,469.055,469.735
3,4488,96506372965234,96506372964511,96506373329785,364.551,365.274
3,4489,96506373553073,96506373552358,96506374024829,471.756,472.471
3,4490,96506374140952,96506374140205,96506374528086,387.134,387.881
3,4491,96506374631379,96506374630078,96506374992772,361.393,362.694
3,4492,96506375219959,96506375217925,96506375671044,451.085,453.119
3,4493,96506375806949,96506375805772,96506376108499,301.55,302.727
3,4494,96506376296385,96506376295645,96506376656898,360.513,361.253
3,4495,96506376884165,96506376883492,96506377221117,336.952,337.625
3,4496,96506377472095,96506377471339,96506377972382,500.287,501.043
3,4497,96506377963352,96506377961212,96506378496770,533.418,535.558
3,4498,96506378550522,96506378549059,96506378986947,436.425,437.888
3,4499,96506379139572,96506379136906,96506379585887,446.315,448.981
3,4500,96506379627538,96506379626778,96506380100455,472.917,473.677
3,4501,96506380215338,96506380214625,96506380491717,276.379,277.092
3,4502,96506380803168,96506380802473,96506381210462,407.294,407.989
3,4503,96506381391088,96506381390320,96506381727329,336.241,337.009
3,4504,96506381882595,96506381880192,96506382274498,391.903,394.306
3,4505,96506382469395,96506382468039,96506382752894,283.499,284.855
3,4506,96506383058074,96506383055887,96506383488529,430.455,432.642
3,4507,96506383546431,96506383545759,96506383933364,386.933,387.605
3,4508,96506384134351,96506384133606,96506384399099,264.748,265.493
3,4509,96506384722290,96506384721453,96506385168316,446.026,446.863
3,4510,96506385213527,96506385211326,96506385721754,508.227,510.428
3,4511,96506385802407,96506385799173,96506386232372,429.965,433.199
3,4512,96506386388426,96506386387020,96506386793590,405.164,406.57
3,4513,96506386877663,96506386876893,96506387487844,610.181,610.951
3,4514,96506387465593,96506387464740,96506387929409,463.816,464.669
3,4515,96506388053453,96506388052587,96506388419375,365.922,366.788
3,4516,96506388641253,96506388640434,96506388958794,317.541,318.36
3,4517,96506389131539,96506389130307,96506389510472,378.933,380.165
3,4518,96506389720529,96506389718154,96506390104172,383.643,386.018
3,4519,96506390307489,96506390306001,96506390676771,369.282,370.77
3,4520,96506390805326,96506390795874,96506391332134,526.808,536.26
3,4521,96506391384546,96506391383721,96506391683285,298.739,299.564
3,4522,96506391972316,96506391971568,96506392443481,471.165,471.913
3,4523,96506392463562,96506392461441,96506392928258,464.696,466.817
3,4524,96506393050402,96506393049288,96506393520378,469.976,471.09
3,4525,96506393639372,96506393637135,96506394121638,482.266,484.503
3,4526,96506394127749,96506394127007,96506394517522,389.773,390.515
3,4527,96506394715609,96506394714854,96506395119712,404.103,404.858
3,4528,96506395303468,96506395302702,96506395751473,448.005,448.771
3,4529,96506395891218,96506395890549,96506396297762,406.544,407.213
3,4530,96506396382525,96506396380421,96506396849761,467.236,469.34
3,4531,96506396969654,96506396968268,96506397278905,309.251,310.637
3,4532,96506397558515,96506397556116,96506397833244,274.729,277.128
3,4533,96506398046740,96506398045988,96506398491256,444.516,445.268
3,4534,96506398634610,96506398633835,96506399021984,387.374,388.149
3,4535,96506399222440,96506399221682,96506399597923,375.483,376.241
3,4536,96506399712547,96506399711555,96506400279156,566.609,567.601
3,4537,96506400301787,96506400299402,96506400737202,435.415,437.8
3,4538,96506400888517,96506400887249,96506401362833,474.316,475.584
3,4539,96506401377783,96506401377122,96506401914772,536.989,537.65
3,4540,96506401965663,96506401964969,96506402548053,582.39,583.084
3,4541,96506402553583,96506402552816,96506402986317,432.734,433.501
3,4542,96506403141393,96506403140663,96506403507695,366.302,367.032
3,4543,96506403631770,96506403630536,96506404102925,471.155,472.389
3,4544,96506404220829,96506404218383,96506404593132,372.303,374.749
3,4545,96506404807699,96506404806230,96506405120009,312.31,313.779
3,4546,96506405296786,96506405296103,96506405758361,461.575,462.258
3,4547,96506405884676,96506405883950,96506406331641,446.965,447.691
3,4548,96506406472766,96506406471797,96506406861988,389.222,390.191
3,4549,96506406963912,96506406961670,96506407453359,489.447,491.689
3,4550,96506407550652,96506407549517,96506407972576,421.924,423.059
3,4551,96506408139522,96506408137364,96506408467823,328.301,330.459
3,4552,96506408627929,96506408627236,96506409004711,376.782,377.475
3,4553,96506409215808,96506409215083,96506409543809,328.001,328.726
3,4554,96506409803688,96506409802931,96506410105538,301.85,302.607
3,4555,96506410391518,96506410390778,96506410809993,418.475,419.215
3,4556,96506410882754,96506410880650,96506411387282,504.528,506.632
3,4557,96506411469814,96506411468497,96506411891879,422.065,423.382
3,4558,96506412058964,96506412056345,96506412575862,516.898,519.517
3,4559,96506412546881,96506412546217,96506412950164,403.283,403.947
3,4560,96506413134791,96506413134064,96506413661868,527.077,527.804
3,4561,96506413722720,96506413721911,96506414058691,335.971,336.78
3,4562,96506414213117,96506414211784,96506414625821,412.704,414.037
3,4563,96506414802287,96506414799631,96506415226062,423.775,426.431
3,4564,96506415388957,96506415387478,96506415745029,356.072,357.551
3,4565,96506415878044,96506415877351,96506416346659,468.615,469.308
3,4566,96506416465993,96506416465198,96506416984991,518.998,519.793
3,4567,96506417054093,96506417053045,96506417421816,367.723,368.771
3,4568,96506417641783,96506417640892,96506417959014,317.231,318.122
3,4569,96506418132570,96506418130765,96506418727659,595.089,596.894
3,4570,96506418721090,96506418718612,96506419170584,449.494,451.972
3,4571,96506419308000,96506419306459,96506419664512,356.512,358.053
3,4572,96506419797056,96506419796332,96506420326184,529.128,529.852
3,4573,96506420384945,96506420384179,96506420751718,366.773,367.539
3,4574,96506420972805,96506420972026,96506421433961,461.156,461.935
3,4575,96506421464383,96506421461899,96506421955179,490.796,493.28
3,4576,96506422051102,96506422049746,96506422489197,438.095,439.451
3,4577,96506422639931,96506422637593,96506422973414,333.483,335.821
3,4578,96506423128198,96506423127465,96506423488711,360.513,361.246
3,4579,96506423716088,96506423715313,96506424075361,359.273,360.048
3,4580,96506424303918,96506424303160,96506424779734,475.816,476.574
3,4581,96506424891658,96506424891007,96506425216099,324.441,325.092
3,4582,96506425383014,96506425380879,96506425721076,338.062,340.197
3,4583,96506425969904,96506425968726,96506426345247,375.343,376.521
3,4584,96506426558964,96506426556574,96506426968879,409.915,412.305
3,4585,96506427047101,96506427046446,96506427438744,391.643,392.298
3,4586,96506427635421,96506427634293,96506428075596,440.175,441.303
3,4587,96506428222901,96506428222140,96506428439988,217.087,217.848
3,4588,96506428713577,96506428712013,96506429080970,367.393,368.957
3,4589,96506429302117,96506429299860,96506429669880,367.763,370.02
3,4590,96506429889337,96506429887707,96506430301810,412.473,414.103
3,4591,96506430378294,96506430377580,96506430809948,431.654,432.368
3,4592,96506430966074,96506430965427,96506431318075,352.001,352.648
3,4593,96506431554084,96506431553274,96506431917935,363.851,364.661
3,4594,96506432141843,96506432141121,96506432594248,452.405,453.127
3,4595,96506432632529,96506432630994,96506433098025,465.496,467.031
3,4596,96506433227780,96506433218841,96506433579392,351.612,360.551
3,4597,96506433810860,96506433806688,96506434171752,360.892,365.064
3,4598,96506434298525,96506434296561,96506434795333,496.808,498.772
3,4599,96506434886455,96506434884408,96506435271099,384.644,386.691
3,4600,96506435474185,96506435472255,96506435932681,458.496,460.426
3,4601,96506435969533,96506435962128,96506436432969,463.436,470.841
3,4602,96506436553402,96506436549975,96506436948456,395.054,398.481
3,4603,96506437145632,96506437137822,96506437572426,426.794,434.604
3,4604,96506437629458,96506437627694,96506438053803,424.345,426.109
3,4605,96506438217648,96506438215542,96506438797788,580.14,582.246
3,4606,96506438805358,96506438803389,96506439179231,373.873,375.842
3,4607,96506439393488,96506439391236,96506439637406,243.918,246.17
3,4608,96506439887904,96506439881108,96506440308889,420.985,427.781
3,4609,96506440472565,96506440468955,96506440828547,355.982,359.592
3,4610,96506441063894,96506441056803,96506441443417,379.523,386.614
3,4611,96506441548591,96506441546675,96506441980545,431.954,433.87
3,4612,96506442136111,96506442134522,96506442548374,412.263,413.852
3,4613,96506442724601,96506442722369,96506443180376,455.775,458.007
3,4614,96506443215777,96506443212242,96506443701493,485.716,489.251
3,4615,96506443807797,96506443800089,96506444191150,383.353,391.061
3,4616,96506444391507,96506444387936,96506444809741,418.234,421.805
3,4617,96506444879694,96506444877809,96506445237886,358.192,360.077
3,4618,96506445467333,96506445465656,96506445919828,452.495,454.172
3,4619,96506446055873,96506446053503,96506446324442,268.569,270.939
3,4620,96506446643273,96506446641350,96506447052127,408.854,410.777
3,4621,96506447134549,96506447131223,96506447526863,392.314,395.64
3,4622,96506447725980,96506447719070,96506448144594,418.614,425.524
3,4623,96506448310319,96506448306917,96506448673772,363.453,366.855
3,4624,96506448798646,96506448796790,96506449295083,496.437,498.293
3,4625,96506449386586,96506449384637,96506449830220,443.634,445.583
3,4626,96506449974316,96506449972484,96506450418630,444.314,446.146
3,4627,96506450468932,96506450462357,96506450965229,496.297,502.872
3,4628,96506451053682,96506451050204,96506451433885,380.203,383.681
3,4629,96506451644442,96506451638051,96506451959833,315.391,321.782
3,4630,96506452129829,96506452127923,96506452646866,517.037,518.943
3,4631,96506452717839,96506452715771,96506453118552,400.713,402.781
3,4632,96506453305208,96506453303618,96506453699442,394.234,395.824
3,4633,96506453893608,96506453891465,96506454226659,333.051,335.194
3,4634,96506454387945,96506454381337,96506454857860,469.915,476.523
3,4635,96506454972625,96506454969184,96506455303176,330.551,333.992
3,4636,96506455563605,96506455557032,96506455928277,364.672,371.245
3,4637,96506456048811,96506456046904,96506456479386,430.575,432.482
3,4638,96506456636751,96506456634751,96506457060035,423.284,425.284
3,4639,96506457224320,96506457222598,96506457633365,409.045,410.767
3,4640,96506457716148,96506457712471,96506458176933,460.785,464.462
3,4641,96506458307737,96506458300318,96506458678370,370.633,378.052
3,4642,96506458891627,96506458888165,96506459372804,481.177,484.639
3,4643,96506459379843,96506459378038,96506459867170,487.327,489.132
3,4644,96506459967753,96506459965885,96506460465910,498.157,500.025
3,4645,96506460555843,96506460553732,96506460893925,338.082,340.193
3,4646,96506461143573,96506461141579,96506461561677,418.104,420.098
3,4647,96506461635060,96506461631452,96506462002732,367.672,371.28
3,4648,96506462226009,96506462219299,96506462570102,344.093,350.803
3,4649,96506462810189,96506462807146,96506463059097,248.908,251.951
3,4650,96506463299306,96506463297019,96506463663909,364.603,366.89
3,4651,96506463886736,96506463884866,96506464419543,532.807,534.677
3,4652,96506464474666,96506464472713,96506464960532,485.866,487.819
3,4653,96506464968682,96506464962586,96506465361525,392.843,398.939
3,4654,96506465553492,96506465550433,96506465956496,403.004,406.063
3,4655,96506466144942,96506466138280,96506466511445,366.503,373.165
3,4656,96506466629719,96506466628152,96506467160267,530.548,532.115
3,4657,96506467217879,96506467216000,96506467619082,401.203,403.082
3,4658,96506467805669,96506467803847,96506468193961,388.292,390.114
3,4659,96506468393749,96506468391694,96506468631876,238.127,240.182
3,4660,96506468887975,96506468881566,96506469328180,440.205,446.614
3,4661,96506469473035,96506469469413,96506469806996,333.961,337.583
3,4662,96506470064885,96506470057261,96506470494999,430.114,437.738
3,4663,96506470548901,96506470547133,96506470907114,358.213,359.981
3,4664,96506471137061,96506471134980,96506471464982,327.921,330.002
3,4665,96506471724620,96506471722827,96506472181807,457.187,458.98
3,4666,96506472215917,96506472212700,96506472746886,530.969,534.186
3,4667,96506472807108,96506472800547,96506473086366,279.258,285.819
3,4668,96506473391697,96506473388394,96506473835712,444.015,447.318
3,4669,96506473880084,96506473878267,96506474362139,482.055,483.872
3,4670,96506474467853,96506474466114,96506474899718,431.865,433.604
3,4671,96506475055633,96506475053961,96506475443997,388.364,390.036
3,4672,96506475643903,96506475641808,96506475968084,324.181,326.276
3,4673,96506476135060,96506476131681,96506476605785,470.725,474.104
3,4674,96506476725400,96506476719528,96506477016210,290.81,296.682
3,4675,96506477310860,96506477307375,96506477699293,388.433,391.918
3,4676,96506477799206,96506477797248,96506478210140,410.934,412.892
3,4677,96506478386826,96506478385095,96506478717157,330.331,332.062
3,4678,96506478975086,96506478972942,96506479326177,351.091,353.235
3,4679,96506479469532,96506479462815,96506479850275,380.743,387.46
3,4680,96506480053853,96506480050662,96506480417624,363.771,366.962
3,4681,96506480644682,96506480638509,96506481047496,402.814,408.987
3,4682,96506481130228,96506481128381,96506481630245,500.017,501.864
3,4683,96506481717988,96506481716229,96506482038320,320.332,322.091
3,4684,96506482305818,96506482304076,96506482728203,422.385,424.127
3,4685,96506482893678,96506482891923,96506483301452,407.774,409.529
3,4686,96506483388355,96506483381795,96506483908382,520.027,526.587
3,4687,96506483972934,96506483969642,96506484252094,279.16,282.452
3,4688,96506484564145,96506484557490,96506485024840,460.695,467.35
3,4689,96506485049341,96506485047362,96506485434185,384.844,386.823
3,4690,96506485637481,96506485635209,96506485957022,319.541,321.813
3,4691,96506486224881,96506486223056,96506486592513,367.632,369.457
3,4692,96506486716247,96506486712929,96506487171363,455.116,458.434
3,4693,96506487307617,96506487300776,96506487640919,333.302,340.143
3,4694,96506487891727,96506487888623,96506488286910,395.183,398.287
3,4695,96506488380554,96506488378496,96506488824629,444.075,446.133
3,4696,96506488968254,96506488966343,96506489372847,404.593,406.504
3,4697,96506489556164,96506489554190,96506489839623,283.459,285.433
3,4698,96506490143814,96506490142037,96506490547927,404.113,405.89
3,4699,96506490635410,96506490631910,96506491072254,436.844,440.344
3,4700,96506491226200,96506491219757,96506491601193,374.993,381.436
3,4701,96506491811120,96506491807604,96506492193393,382.273,385.789
3,4702,96506492299427,96506492297477,96506492870875,571.448,573.398
3,4703,96506492887245,96506492885324,96506493270749,383.504,385.425
3,4704,96506493475315,96506493473171,96506493755765,280.45,282.594
3,4705,96506493969123,96506493963044,96506494395536,426.413,432.492
3,4706,96506494554702,96506494550891,96506495027008,472.306,476.117
3,4707,96506495145073,96506495138738,96506495606948,461.875,468.21
3,4708,96506495630538,96506495628610,96506496111184,480.646,482.574
3,4709,96506496218378,96506496216458,96506496627033,408.655,410.575
3,4710,96506496806128,96506496804305,96506497186521,380.393,382.216
3,4711,96506497393898,96506497392152,96506497717039,323.141,324.887
3,4712,96506497888425,96506497882024,96506498416293,527.868,534.269
3,4713,96506498473095,96506498469871,96506498832966,359.871,363.095
3,4714,96506499064684,96506499057719,96506499428397,363.713,370.678
3,4715,96506499549491,96506499547591,96506499879112,329.621,331.521
3,4716,96506500137391,96506500135438,96506500504674,367.283,369.236
3,4717,96506500725091,96506500723285,96506501031881,306.79,308.596
3,4718,96506501216778,96506501213158,96506501716935,500.157,503.777
3,4719,96506501807237,96506501801005,96506502127728,320.491,326.723
3,4720,96506502392447,96506502388852,96506502856643,464.196,467.791
3,4721,96506502880824,96506502878725,96506503338349,457.525,459.624
3,4722,96506503470264,96506503466572,96506503970761,500.497,504.189
3,4723,96506504056454,96506504054419,96506504456827,400.373,402.408
3,4724,96506504644414,96506504642266,96506504913042,268.628,270.776
3,4725,96506505135980,96506505132139,96506505685718,549.738,553.579
3,4726,96506505726570,96506505719986,96506506150924,424.354,430.938
3,4727,96506506311109,96506506307833,96506506738724,427.615,430.891
3,4728,96506506799666,96506506797706,96506507190599,390.933,392.893
3,4729,96506507387476,96506507385553,96506507817660,430.184,432.107
3,4730,96506507975406,96506507973400,96506508421091,445.685,447.691
3,4731,96506508470363,96506508463273,96506508816804,346.441,353.531
3,4732,96506509055032,96506509051120,96506509368193,313.161,317.073
3,4733,96506509644922,96506509638967,96506509980844,335.922,341.877
3,4734,96506510130969,96506510128839,96506510578924,447.955,450.085
3,4735,96506510718829,96506510716687,96506511063610,344.781,346.923
3,4736,96506511306359,96506511304534,96506511730723,424.364,426.189
3,4737,96506511894448,96506511892381,96506512176038,281.59,283.657
3,4738,96506512389105,96506512382253,96506512854631,465.526,472.378
3,4739,96506512973275,96506512970101,96506513253365,280.09,283.264
3,4740,96506513564515,96506513557948,96506513833494,268.979,275.546
3,4741,96506514049561,96506514047820,96506514562919,513.358,515.099
3,4742,96506514637601,96506514635667,96506515072216,434.615,436.549
3,4743,96506515225321,96506515223514,96506515575413,350.092,351.899
3,4744,96506515716988,96506515713387,96506516136302,419.314,422.915
3,4745,96506516307688,96506516301234,96506516624418,316.73,323.184
3,4746,96506516891838,96506516889081,96506517270710,378.872,381.629
3,4747,96506517380883,96506517378954,96506517811929,431.046,432.975
3,4748,96506517968973,96506517966801,96506518300764,331.791,333.963
3,4749,96506518556713,96506518554648,96506518926956,370.243,372.308
3,4750,96506519144313,96506519142495,96506519532937,388.624,390.442
3,4751,96506519635900,96506519632368,96506520078784,442.884,446.416
3,4752,96506520226640,96506520220215,96506520555321,328.681,335.106
3,4753,96506520811249,96506520808062,96506521066438,255.189,258.376
3,4754,96506521300016,96506521297935,96506521713410,413.394,415.475
3,4755,96506521887396,96506521885782,96506522281239,393.843,395.457
3,4756,96506522475266,96506522473629,96506522801847,326.581,328.218
3,4757,96506522970152,96506522963502,96506523326554,356.402,363.052
3,4758,96506523553972,96506523551349,96506523993167,439.195,441.818
3,4759,96506524145772,96506524139196,96506524530596,384.824,391.4
3,4760,96506524630959,96506524629068,96506525091894,460.935,462.826
3,4761,96506525218619,96506525216916,96506525597002,378.383,380.086
3,4762,96506525807099,96506525804763,96506526234603,427.504,429.84
3,4763,96506526394419,96506526392610,96506526661197,266.778,268.587
3,4764,96506526888535,96506526882482,96506527401533,512.998,519.051
3,4765,96506527473765,96506527470330,96506527750014,276.249,279.684
3,4766,96506528064695,96506528058177,96506528389805,325.11,331.628
3,4767,96506528549811,96506528548049,96506528976235,426.424,428.186
3,4768,96506529138581,96506529135896,96506529523794,385.213,387.898
3,4769,96506529725531,96506529723743,96506530047022,321.491,323.279
3,4770,96506530216897,96506530213616,96506530640072,423.175,426.456
3,4771,96506530808238,96506530801463,96506531149710,341.472,348.247
3,4772,96506531392757,96506531389310,96506531845712,452.955,456.402
3,4773,96506531881204,96506531879183,96506532444643,563.439,565.46
3,4774,96506532468814,96506532467030,96506532959220,490.406,492.19
3,4775,96506533056853,96506533054877,96506533402665,345.812,347.788
3,4776,96506533644493,96506533642724,96506533975265,330.772,332.541
3,4777,96506534136280,96506534132597,96506534506032,369.752,373.435
3,4778,96506534727230,96506534720444,96506535081632,354.402,361.188
3,4779,96506535311670,96506535308291,96506535660421,348.751,352.13
3,4780,96506535800226,96506535798164,96506536315494,515.268,517.33
3,4781,96506536387846,96506536386011,96506536831491,443.645,445.48
3,4782,96506536975936,96506536973858,96506537313497,337.561,339.639
3,4783,96506537470893,96506537463731,96506537831465,360.572,367.734
3,4784,96506538054983,96506538051578,96506538388494,333.511,336.916
3,4785,96506538646002,96506538639425,96506538904201,258.199,264.776
3,4786,96506539131149,96506539129297,96506539603765,472.616,474.468
3,4787,96506539718999,96506539717145,96506540091551,372.552,374.406
3,4788,96506540306989,96506540304992,96506540753214,446.225,448.222
3,4789,96506540894508,96506540892839,96506541194019,299.511,301.18
3,4790,96506541388925,96506541382711,96506541880052,491.127,497.341
3,4791,96506541973834,96506541970559,96506542370228,396.394,399.669
3,4792,96506542564815,96506542558406,96506542929797,364.982,371.391
3,4793,96506543050131,96506543048278,96506543472206,422.075,423.928
3,4794,96506543638171,96506543636125,96506544025754,387.583,389.629
3,4795,96506544225731,96506544223972,96506544534891,309.16,310.919
3,4796,96506544717167,96506544713845,96506545137631,420.464,423.786
3,4797,96506545308357,96506545301692,96506545633939,325.582,332.247
3,4798,96506545893137,96506545889539,96506546341303,448.166,451.764
3,4799,96506546381384,96506546379412,96506546795638,414.254,416.226
3,4800,96506546968884,96506546967259,96506547346467,377.583,379.208
3,4801,96506547556974,96506547555106,96506547978738,421.764,423.632
3,4802,96506548144604,96506548142953,96506548513106,368.502,370.153
3,4803,96506548636170,96506548632826,96506549031763,395.593,398.937
3,4804,96506549228230,96506549220673,96506549563282,335.052,342.609
3,4805,96506549811720,96506549808520,96506550091490,279.77,282.97
3,4806,96506550300177,96506550298393,96506550826894,526.717,528.501
3,4807,96506550887947,96506550886240,96506551237358,349.411,351.118
3,4808,96506551475755,96506551474087,96506551879849,404.094,405.762
3,4809,96506551971143,96506551963960,96506552366986,395.843,403.026
3,4810,96506552555313,96506552551807,96506552914905,359.592,363.098
3,4811,96506553145793,96506553139654,96506553552366,406.573,412.712
3,4812,96506553730912,96506553727501,96506554054253,323.341,326.752
3,4813,96506554219588,96506554217374,96506554641523,421.935,424.149
3,4814,96506554807058,96506554805221,96506555340377,533.319,535.156
3,4815,96506555395228,96506555393068,96506555729990,334.762,336.922
3,4816,96506555889876,96506555882940,96506556318780,428.904,435.84
3,4817,96506556473925,96506556470788,96506556823897,349.972,353.109
3,4818,96506557065444,96506557058635,96506557457998,392.554,399.363
3,4819,96506557550251,96506557548507,96506557926374,376.123,377.867
3,4820,96506558138541,96506558136354,96506558472052,333.511,335.698
3,4821,96506558726151,96506558724201,96506559130535,404.384,406.334
3,4822,96506559217198,96506559214074,96506559753146,535.948,539.072
3,4823,96506559808547,96506559801921,96506560106568,298.021,304.647
3,4824,96506560393277,96506560389768,96506560669806,276.529,280.038
3,4825,96506560984267,96506560977615,96506561318678,334.411,341.063
3,4826,96506561469254,96506561467488,96506562016032,546.778,548.544
3,4827,96506562057324,96506562055335,96506562397485,340.161,342.15
3,4828,96506562645184,96506562643182,96506563104559,459.375,461.377
3,4829,96506563136230,96506563133055,96506563583575,447.345,450.52
3,4830,96506563727400,96506563720902,96506564071732,344.332,350.83
3,4831,96506564312570,96506564308749,96506564654862,342.292,346.113
3,4832,96506564800566,96506564798622,96506565184620,384.054,385.998
3,4833,96506565388456,96506565386469,96506565739628,351.172,353.159
3,4834,96506565976076,96506565974316,96506566388730,412.654,414.414
3,4835,96506566471493,96506566464189,96506566808564,337.071,344.375
3,4836,96506567055502,96506567052036,96506567492627,437.125,440.591
3,4837,96506567646933,96506567639883,96506568049926,402.993,410.043
3,4838,96506568231512,96506568227730,96506568620245,388.733,392.515
3,4839,96506568719759,96506568717603,96506569060410,340.651,342.807
3,4840,96506569307149,96506569305450,96506569719253,412.104,413.803
3,4841,96506569895408,96506569893297,96506570313093,417.685,419.796
3,4842,96506570389915,96506570383169,96506570990155,600.24,606.986
3,4843,96506570974365,96506570971017,96506571308096,333.731,337.079
3,4844,96506571565625,96506571558864,96506571859935,294.31,301.071
3,4845,96506572050362,96506572048736,96506572463425,413.063,414.689
3,4846,96506572638421,96506572636583,96506573011594,373.173,375.011
3,4847,96506573226261,96506573224430,96506573584803,358.542,360.373
3,4848,96506573717888,96506573714303,96506574161723,443.835,447.42
3,4849,96506574309048,96506574302150,96506574666170,357.122,364.02
3,4850,96506574893188,96506574889997,96506575224129,330.941,334.132
3,4851,96506575484567,96506575477844,96506575805508,320.941,327.664
3,4852,96506575969463,96506575967717,96506576375728,406.265,408.011
3,4853,96506576557343,96506576555564,96506576956787,399.444,401.223
3,4854,96506577145113,96506577143411,96506577493076,347.963,349.665
3,4855,96506577636460,96506577633284,96506578086065,449.605,452.781
3,4856,96506578227010,96506578221131,96506578645024,418.014,423.893
3,4857,96506578812169,96506578808978,96506579090779,278.61,281.801
3,4858,96506579300816,96506579298851,96506579759222,458.406,460.371
3,4859,96506579888596,96506579886698,96506580184666,296.07,297.968
3,4860,96506580476436,96506580474545,96506580827228,350.792,352.683
3,4861,96506580971262,96506580964418,96506581384037,412.775,419.619
3,4862,96506581555182,96506581552265,96506581936955,381.773,384.69
3,4863,96506582147012,96506582140112,96506582590758,443.746,450.646
3,4864,96506582731212,96506582727959,96506583123006,391.794,395.047
3,4865,96506583219639,96506583217832,96506583682495,462.856,464.663
3,4866,96506583807819,96506583805679,96506584118779,310.96,313.1
3,4867,96506584395719,96506584393526,96506584635676,239.957,242.15
3,4868,96506584890155,96506584883398,96506585389452,499.297,506.054
3,4869,96506585474665,96506585471246,96506585868518,393.853,397.272
3,4870,96506586065585,96506586059093,96506586469189,403.604,410.096
3,4871,96506586550662,96506586548965,96506587070079,519.417,521.114
3,4872,96506587139612,96506587136812,96506587535265,395.653,398.453
3,4873,96506587726541,96506587724659,96506588047792,321.251,323.133
3,4874,96506588217928,96506588214532,96506588698374,480.446,483.842
3,4875,96506588809178,96506588802379,96506589203881,394.703,401.502
3,4876,96506589393697,96506589390226,96506589735339,341.642,345.113
3,4877,96506589985238,96506589978073,96506590292878,307.64,314.805
3,4878,96506590469654,96506590467946,96506590884458,414.804,416.512
3,4879,96506591057193,96506591055793,96506591436536,379.343,380.743
3,4880,96506591645543,96506591643640,96506592024136,378.593,380.496
3,4881,96506592136800,96506592133513,96506592576435,439.635,442.922
3,4882,96506592727750,96506592721360,96506593091762,364.012,370.402
3,4883,96506593312860,96506593309207,96506593586109,273.249,276.902
3,4884,96506593800996,96506593799080,96506594187730,386.734,388.65
3,4885,96506594388706,96506594386927,96506594875783,487.077,488.856
3,4886,96506594976756,96506594974774,96506595338278,361.522,363.504
3,4887,96506595471053,96506595464647,96506595925898,454.845,461.251
3,4888,96506596056133,96506596052494,96506596585280,529.147,532.786
3,4889,96506596647422,96506596640341,96506597051356,403.934,411.015
3,4890,96506597262863,96506597228188,96506597681698,418.835,453.51
3,4891,96506597720039,96506597718061,96506598194415,474.376,476.354
3,4892,96506598307669,96506598305908,96506598662381,354.712,356.473
3,4893,96506598895589,96506598893755,96506599201028,305.439,307.273
3,4894,96506599390945,96506599383627,96506599976865,585.92,593.238
3,4895,96506599974855,96506599971475,96506600452512,477.657,481.037
3,4896,96506600565415,96506600559322,96506600942027,376.612,382.705
3,4897,96506601051221,96506601049194,96506601487386,436.165,438.192
3,4898,96506601638811,96506601637041,96506602068875,430.064,431.834
3,4899,96506602226791,96506602224889,96506602611395,384.604,386.506
3,4900,96506602718107,96506602714761,96506603232135,514.028,517.374
3,4901,96506603309118,96506603302608,96506603667440,358.322,364.832
3,4902,96506603893287,96506603890455,96506604358743,465.456,468.288
3,4903,96506604485448,96506604478302,96506604831659,346.211,353.357
3,4904,96506604970014,96506604968175,96506605464990,494.976,496.815
3,4905,96506605557844,96506605556022,96506605831093,273.249,275.071
3,4906,96506606145454,96506606143869,96506606559888,414.434,416.019
3,4907,96506606636830,96506606633742,96506606980432,343.602,346.69
3,4908,96506607228180,96506607221589,96506607581432,353.252,359.843
3,4909,96506607812220,96506607809436,96506608129061,316.841,319.625
3,4910,96506608300997,96506608299309,96506608665248,364.251,365.939
3,4911,96506608888977,96506608887156,96506609214557,325.58,327.401
3,4912,96506609477037,96506609475003,96506609869240,392.203,394.237
3,4913,96506609970873,96506609964876,96506610491570,520.697,526.694
3,4914,96506610556593,96506610552723,96506610976387,419.794,423.664
3,4915,96506611147183,96506611140570,96506611588958,441.775,448.388
3,4916,96506611732023,96506611728417,96506612178647,446.624,450.23
3,4917,96506612220348,96506612218290,96506612726856,506.508,508.566
3,4918,96506612807908,96506612806137,96506613120209,312.301,314.072
3,4919,96506613395718,96506613393984,96506613741711,345.993,347.727
3,4920,96506613890246,96506613883856,96506614321260,431.014,437.404
3,4921,96506614475165,96506614471704,96506614921880,446.715,450.176
3,4922,96506615066395,96506615059551,96506615461809,395.414,402.258
3,4923,96506615551371,96506615549423,96506615986517,435.146,437.094
3,4924,96506616139141,96506616137270,96506616491123,351.982,353.853
3,4925,96506616727001,96506616725118,96506617068473,341.472,343.355
3,4926,96506617218008,96506617214990,96506617686523,468.515,471.533
3,4927,96506617809697,96506617802837,96506618237002,427.305,434.165
3,4928,96506618395057,96506618390684,96506618754369,359.312,363.685
3,4929,96506618984747,96506618978531,96506619328679,343.932,350.148
3,4930,96506619470174,96506619468404,96506619940080,469.906,471.676
3,4931,96506620058354,96506620056251,96506620327983,269.629,271.732
3,4932,96506620645724,96506620644098,96506621090829,445.105,446.731
3,4933,96506621137280,96506621133971,96506621591236,453.956,457.265
3,4934,96506621728270,96506621721818,96506622231307,503.037,509.489
3,4935,96506622313380,96506622309665,96506622760435,447.055,450.77
3,4936,96506622801567,96506622799538,96506623236241,434.674,436.703
3,4937,96506623389347,96506623387385,96506623789070,399.723,401.685
3,4938,96506623977206,96506623975232,96506624507614,530.408,532.382
3,4939,96506624472083,96506624465105,96506624889567,417.484,424.462
3,4940,96506625056022,96506625052952,96506625492037,436.015,439.085
3,4941,96506625646903,96506625640799,96506625925802,278.899,285.003
3,4942,96506626232352,96506626228646,96506626589565,357.213,360.919
3,4943,96506626720419,96506626718519,96506627169474,449.055,450.955
3,4944,96506627308059,96506627306366,96506627738353,430.294,431.987
3,4945,96506627896359,96506627894213,96506628243920,347.561,349.707
3,4946,96506628390225,96506628384085,96506628912213,521.988,528.128
3,4947,96506628975065,96506628971933,96506629281685,306.62,309.752
3,4948,96506629566695,96506629559780,96506629810493,243.798,250.713
3,4949,96506630051282,96506630049652,96506630490347,439.065,440.695
3,4950,96506630639481,96506630637499,96506631106737,467.256,469.238
3,4951,96506631227001,96506631225347,96506631583133,356.132,357.786
3,4952,96506631718268,96506631715219,96506632127651,409.383,412.432
3,4953,96506632309758,96506632303066,96506632693450,383.692,390.384
3,4954,96506632894428,96506632890913,96506633435366,540.938,544.453
3,4955,96506633485808,96506633478760,96506633846319,360.511,367.559
3,4956,96506633970544,96506633968633,96506634424280,453.736,455.647
3,4957,96506634558484,96506634556480,96506634869684,311.2,313.204
3,4958,96506635146103,96506635144327,96506635640681,494.578,496.354
3,4959,96506635637541,96506635634200,96506635985362,347.821,351.162
3,4960,96506636229280,96506636222047,96506636585932,356.652,363.885
3,4961,96506636813130,96506636809894,96506637107100,293.97,297.206
3,4962,96506637301686,96506637299767,96506637730121,428.435,430.354
3,4963,96506637889496,96506637887614,96506638318881,429.385,431.267
3,4964,96506638477286,96506638475461,96506638864400,387.114,388.939
3,4965,96506638971983,96506638965334,96506639321125,349.142,355.791
3,4966,96506639556472,96506639553181,96506640066210,509.738,513.029
3,4967,96506640147992,96506640141028,96506640549946,401.954,408.918
3,4968,96506640732612,96506640728875,96506641080705,348.093,351.83
3,4969,96506641220769,96506641218748,96506641559411,338.642,340.663
3,4970,96506641808609,96506641806595,96506642228133,419.524,421.538
3,4971,96506642396309,96506642394442,96506642733620,337.311,339.178
3,4972,96506642890895,96506642884314,96506643296499,405.604,412.185
3,4973,96506643476225,96506643472162,96506643880449,404.224,408.287
3,4974,96506644066785,96506644060009,96506644535751,468.966,475.742
3,4975,96506644551872,96506644549881,96506644961125,409.253,411.244
3,4976,96506645139522,96506645137728,96506645498664,359.142,360.936
3,4977,96506645727412,96506645725576,96506646148346,420.934,422.77
3,4978,96506646218888,96506646215448,96506646719325,500.437,503.877
3,4979,96506646809718,96506646803295,96506647108968,299.25,305.673
3,4980,96506647394068,96506647391142,96506647813002,418.934,421.86
3,4981,96506647985838,96506647978989,96506648523806,537.968,544.817
3,4982,96506648470434,96506648468862,96506648988592,518.158,519.73
3,4983,96506649058664,96506649056709,96506649410086,351.422,353.377
3,4984,96506649646323,96506649644556,96506650057258,410.935,412.702
3,4985,96506650137910,96506650134429,96506650513823,375.913,379.394
3,4986,96506650728320,96506650722276,96506651179825,451.505,457.549
3,4987,96506651314060,96506651310123,96506651627951,313.891,317.828
3,4988,96506651801906,96506651799996,96506652224401,422.495,424.405
3,4989,96506652389716,96506652387843,96506652793620,403.904,405.777
3,4990,96506652977836,96506652975690,96506653405761,427.925,430.071
3,4991,96506653472213,96506653465563,96506653850926,378.713,385.363
3,4992,96506654056703,96506654053410,96506654436706,380.003,383.296
3,4993,96506654647993,96506654641257,96506655016465,368.472,375.208
3,4994,96506655232293,96506655229104,96506655596085,363.792,366.981
3,4995,96506655720899,96506655718977,96506656196746,475.847,477.769
3,4996,96506656308649,96506656306824,96506656738534,429.885,431.71
3,4997,96506656896519,96506656894671,96506657184818,288.299,290.147
3,4998,96506657390465,96506657384543,96506657898782,508.317,514.239
3,4999,96506657975546,96506657972391,96506658314666,339.12,342.275
3,5000,96506658567205,96506658560238,96506659020111,452.906,459.873
3,5001,96506659052142,96506659050110,96506659460766,408.624,410.656
3,5002,96506659639971,96506659637957,96506660113957,473.986,476.0
3,5003,96506660227581,96506660225805,96506660570353,342.772,344.548
3,5004,96506660718897,96506660715677,96506661141662,422.765,425.985
3,5005,96506661310338,96506661303524,96506661763384,453.046,459.86
3,5006,96506661895257,96506661891371,96506662299851,404.594,408.48
3,5007,96506662485468,96506662479218,96506662750766,265.298,271.548
3,5008,96506662970924,96506662969091,96506663336296,365.372,367.205
3,5009,96506663558834,96506663556938,96506663976318,417.484,419.38
3,5010,96506664146644,96506664144785,96506664510066,363.422,365.281
3,5011,96506664637870,96506664634658,96506665011353,373.483,376.695
3,5012,96506665228920,96506665222505,96506665573982,345.062,351.477
3,5013,96506665813340,96506665810352,96506666128371,315.031,318.019
3,5014,96506666301977,96506666300225,96506666751902,449.925,451.677
3,5015,96506666889797,96506666888072,96506667287950,398.153,399.878
3,5016,96506667477857,96506667475919,96506667732475,254.618,256.556
3,5017,96506667972333,96506667965792,96506668415278,442.945,449.486
3,5018,96506668557253,96506668553639,96506668890794,333.541,337.155
3,5019,96506669147833,96506669141486,96506669420822,272.989,279.336
3,5020,96506669732563,96506669729333,96506670142346,409.783,413.013
3,5021,96506670221270,96506670219206,96506670614283,393.013,395.077
3,5022,96506670811629,96506670807053,96506671346377,534.748,539.324
3,5023,96506671395888,96506671394900,96506671712309,316.421,317.409
3,5024,96506671888056,96506671884772,96506672248898,360.842,364.126
3,5025,96506672474325,96506672472620,96506672797716,323.391,325.096
3,5026,96506673063575,96506673060467,96506673524771,461.196,464.304
3,5027,96506673551041,96506673550339,96506674006197,455.156,455.858
3,5028,96506674138911,96506674138186,96506674527465,388.554,389.279
3,5029,96506674726811,96506674726034,96506675078193,351.382,352.159
3,5030,96506675217308,96506675215906,96506675740686,523.378,524.78
3,5031,96506675806878,96506675803753,96506676089027,282.149,285.274
3,5032,96506676395538,96506676391600,96506676757090,361.552,365.49
3,5033,96506676986107,96506676979448,96506677336490,350.383,357.042
3,5034,96506677471174,96506677469320,96506677862417,391.243,393.097
3,5035,96506678059134,96506678057167,96506678434597,375.463,377.43
3,5036,96506678648764,96506678645014,96506679137201,488.437,492.187
3,5037,96506679138291,96506679134887,96506679609166,470.875,474.279
3,5038,96506679730050,96506679722734,96506680153125,423.075,430.391
3,5039,96506680313880,96506680310581,96506680673532,359.652,362.951
3,5040,96506680802397,96506680800454,96506681272843,470.446,472.389
3,5041,96506681390147,96506681388301,96506681780819,390.672,392.518
3,5042,96506681978057,96506681976148,96506682375450,397.393,399.302
3,5043,96506682472333,96506682466021,96506682934769,462.436,468.748
3,5044,96506683057013,96506683053868,96506683480707,423.694,426.839
3,5045,96506683648563,96506683641715,96506684090768,442.205,449.053
3,5046,96506684233343,96506684229562,96506684666047,432.704,436.485
3,5047,96506684721579,96506684719435,96506685133443,411.864,414.008
3,5048,96506685309279,96506685307282,96506685671031,361.752,363.749
3,5049,96506685897299,96506685895129,96506686237280,339.981,342.151
3,5050,96506686391866,96506686385001,96506686856361,464.495,471.36
3,5051,96506686976105,96506686972849,96506687328987,352.882,356.138
3,5052,96506687567105,96506687560696,96506687917867,350.762,357.171
3,5053,96506688052572,96506688050568,96506688462225,409.653,411.657
3,5054,96506688640442,96506688638415,96506689123557,483.115,485.142
3,5055,96506689227831,96506689226263,96506689506631,278.8,280.368
3,5056,96506689719688,96506689716135,96506690149492,429.804,433.357
3,5057,96506690311278,96506690303982,96506690635359,324.081,331.377
3,5058,96506690894998,96506690891829,96506691332063,437.065,440.234
3,5059,96506691486058,96506691479677,96506691892291,406.233,412.614
3,5060,96506691971514,96506691969549,96506692378288,406.774,408.739
3,5061,96506692559344,96506692557396,96506692966988,407.644,409.592
3,5062,96506693147064,96506693145243,96506693608109,461.045,462.866
3,5063,96506693638681,96506693635116,96506694083706,445.025,448.59
3,5064,96506694229121,96506694222963,96506694634434,405.313,411.471
3,5065,96506694814061,96506694810810,96506695087580,273.519,276.77
3,5066,96506695302496,96506695300683,96506695709921,407.425,409.238
3,5067,96506695890366,96506695888530,96506696293370,403.004,404.84
3,5068,96506696478266,96506696476377,96506696818868,340.602,342.491
3,5069,96506696972393,96506696966250,96506697358716,386.323,392.466
3,5070,96506697557363,96506697554097,96506697923665,366.302,369.568
3,5071,96506698148403,96506698141944,96506698537066,388.663,395.122
3,5072,96506698733102,96506698729791,96506699091324,358.222,361.533
3,5073,96506699221719,96506699219664,96506699599272,377.553,379.608
3,5074,96506699811579,96506699807511,96506700236934,425.355,429.423
3,5075,96506700397399,96506700395358,96506700745500,348.101,350.142
3,5076,96506700891985,96506700885230,96506701307939,415.954,422.709
3,5077,96506701476605,96506701473078,96506701826038,349.433,352.96
3,5078,96506702067485,96506702060925,96506702464189,396.704,403.264
3,5079,96506702552952,96506702550797,96506703102551,549.599,551.754
3,5080,96506703141082,96506703138644,96506703493414,352.332,354.77
3,5081,96506703728382,96506703726492,96506704087184,358.802,360.692
3,5082,96506704219408,96506704216364,96506704709635,490.227,493.271
3,5083,96506704935752,96506704804211,96506705314935,379.183,510.724
3,5084,96506705395468,96506705392058,96506705727919,332.451,335.861
3,5085,96506705986728,96506705979906,96506706292148,305.42,312.242
3,5086,96506706471714,96506706469778,96506706858477,386.763,388.699
3,5087,96506707059454,96506707057625,96506707433527,374.073,375.902
3,5088,96506707647593,96506707645472,96506708127371,479.778,481.899
3,5089,96506708138450,96506708135345,96506708547485,409.035,412.14
3,5090,96506708729251,96506708723192,96506709208297,479.046,485.105
3,5091,96506709314310,96506709311039,96506709661332,347.022,350.293
3,5092,96506709803057,96506709800912,96506710414397,611.34,613.485
3,5093,96506710390466,96506710388759,96506710826002,435.536,437.243
3,5094,96506710978686,96506710976606,96506711352250,373.564,375.644
3,5095,96506711473053,96506711466479,96506711872697,399.644,406.218
3,5096,96506712058193,96506712054326,96506712341112,282.919,286.786
3,5097,96506712649083,96506712642173,96506713000795,351.712,358.622
3,5098,96506713232913,96506713230020,96506713651897,418.984,421.877
3,5099,96506713721709,96506713719893,96506714087832,366.123,367.939
3,5100,96506714309499,96506714307740,96506714660250,350.751,352.51
3,5101,96506714897029,96506714895587,96506715227650,330.621,332.063
3,5102,96506715392455,96506715385459,96506715821990,429.535,436.531
3,5103,96506715976336,96506715973307,96506716408630,432.294,435.323
3,5104,96506716567365,96506716561154,96506716900926,333.561,339.772
3,5105,96506717053122,96506717051026,96506717494367,441.245,443.341
3,5106,96506717641062,96506717638873,96506718015004,373.942,376.131
3,5107,96506718228621,96506718226721,96506718555082,326.461,328.361
3,5108,96506718720588,96506718716593,96506719160842,440.254,444.249
3,5109,96506719310818,96506719304440,96506719701562,390.744,397.122
3,5110,96506719895337,96506719892287,96506720161047,265.71,268.76
3,5111,96506720486278,96506720480135,96506720825409,339.131,345.274
3,5112,96506720971904,96506720970007,96506721337746,365.842,367.739
3,5113,96506721559724,96506721557854,96506721899076,339.352,341.222
3,5114,96506722147374,96506722145701,96506722650891,503.517,505.19
3,5115,96506722638990,96506722635574,96506722994782,355.792,359.208
3,5116,96506723230000,96506723223421,96506723589823,359.823,366.402
3,5117,96506723814460,96506723811268,96506724184812,370.352,373.544
3,5118,96506724302997,96506724301141,96506724825605,522.608,524.464
3,5119,96506724890727,96506724888988,96506725214537,323.81,325.549
3,5120,96506725479047,96506725476835,96506725798077,319.03,321.242
3,5121,96506725973103,96506725966708,96506726358157,385.054,391.449
3,5122,96506726558003,96506726554555,96506726918905,360.902,364.35
3,5123,96506727149013,96506727142402,96506727460744,311.731,318.342
3,5124,96506727734113,96506727730249,96506728079494,345.381,349.245
3,5125,96506728222130,96506728220122,96506728573631,351.501,353.509
3,5126,96506728809829,96506728807969,96506729099119,289.29,291.15
3,5127,96506729397699,96506729395816,96506729739040,341.341,343.224
3,5128,96506729892626,96506729885688,96506730305680,413.054,419.992
3,5129,96506730476996,96506730473536,96506730909400,432.404,435.864
3,5130,96506731068556,96506731061383,96506731485910,417.354,424.527
3,5131,96506731553061,96506731551255,96506731991356,438.295,440.101
3,5132,96506732140891,96506732139102,96506732501764,360.873,362.662
3,5133,96506732728751,96506732726950,96506733195237,466.486,468.287
3,5134,96506733220188,96506733216822,96506733725396,505.208,508.574
3,5135,96506733811099,96506733804669,96506734177800,366.701,373.131
3,5136,96506734396208,96506734392516,96506734831153,434.945,438.637
3,5137,96506734985897,96506734980364,96506735303988,318.091,323.624
3,5138,96506735471094,96506735470236,96506735922840,451.746,452.604
3,5139,96506736058834,96506736058083,96506736390435,331.601,332.352
3,5140,96506736646684,96506736645930,96506737053508,406.824,407.578
3,5141,96506737137211,96506737135803,96506737541204,403.993,405.401
3,5142,96506737726311,96506737723650,96506738083052,356.741,359.402
3,5143,96506738312810,96506738311497,96506738585479,272.669,273.982
3,5144,96506738802127,96506738801370,96506739148739,346.612,347.369
3,5145,96506739389917,96506739389217,96506739780489,390.572,391.272
3,5146,96506739977857,96506739977064,96506740313408,335.551,336.344
3,5147,96506740469413,96506740466937,96506740823075,353.662,356.138
3,5148,96506741056172,96506741054784,96506741429306,373.134,374.522
3,5149,96506741644773,96506741642631,96506742055687,410.914,413.056
3,5150,96506742231522,96506742230478,96506742582795,351.273,352.317
3,5151,96506742721109,96506742720351,96506743031680,310.571,311.329
3,5152,96506743308899,96506743308198,96506743697532,388.633,389.334
3,5153,96506743896829,96506743896045,96506744219730,322.901,323.685
3,5154,96506744388475,96506744385917,96506744873172,484.697,487.255
3,5155,96506744975165,96506744973765,96506745369088,393.923,395.323
3,5156,96506745563915,96506745561612,96506745994809,430.894,433.197
3,5157,96506746052162,96506746051484,96506746381213,329.051,329.729
3,5158,96506746640332,96506746639331,96506747060656,420.324,421.325
3,5159,96506747228192,96506747227179,96506747579184,350.992,352.005
3,5160,96506747718338,96506747717051,96506748219345,501.007,502.294
3,5161,96506748307598,96506748304898,96506748627229,319.631,322.331
3,5162,96506748894118,96506748892745,96506749251620,357.502,358.875
3,5163,96506749483568,96506749480593,96506749861571,378.003,380.978
3,5164,96506749971205,96506749970465,96506750409449,438.244,438.984
3,5165,96506750558974,96506750558312,96506750939907,380.933,381.595
3,5166,96506751147014,96506751146159,96506751498866,351.852,352.707
3,5167,96506751637261,96506751636032,96506751968322,331.061,332.29
3,5168,96506752226711,96506752223879,96506752620114,393.403,396.235
3,5169,96506752813121,96506752811726,96506753145012,331.891,333.286
3,5170,96506753302336,96506753301599,96506753730301,427.965,428.702
3,5171,96506753890296,96506753889446,96506754240129,349.833,350.683
3,5172,96506754478146,96506754477293,96506754885731,407.585,408.438
3,5173,96506754969623,96506754967166,96506755357056,387.433,389.89
3,5174,96506755556173,96506755555013,96506755883434,327.261,328.421
3,5175,96506756145233,96506756142860,96506756505275,360.042,362.415
3,5176,96506756731883,96506756730707,96506757159827,427.944,429.12
3,5177,96506757221559,96506757220580,96506757653813,432.254,433.233
3,5178,96506757809169,96506757808427,96506758272155,462.986,463.728
3,5179,96506758396879,96506758396274,96506758713740,316.861,317.466
3,5180,96506758889615,96506758886146,96506759436724,547.109,550.578
3,5181,96506759475835,96506759473994,96506759869709,393.874,395.715
3,5182,96506760063985,96506760061841,96506760457859,393.874,396.018
3,5183,96506760552542,96506760551713,96506760992127,439.585,440.414
3,5184,96506761140392,96506761139560,96506761456763,316.371,317.203
3,5185,96506761728162,96506761727408,96506762076613,348.451,349.205
3,5186,96506762218518,96506762217280,96506762648633,430.115,431.353
3,5187,96506762807258,96506762805127,96506763132499,325.241,327.372
3,5188,96506763394308,96506763392974,96506763717589,323.281,324.615
3,5189,96506763983278,96506763980822,96506764341690,358.412,360.868
3,5190,96506764471364,96506764470694,96506764894129,422.765,423.435
3,5191,96506765059274,96506765058541,96506765432767,373.493,374.226
3,5192,96506765647114,96506765646388,96506765972685,325.571,326.297
3,5193,96506766137430,96506766136261,96506766587776,450.346,451.515
3,5194,96506766726090,96506766724108,96506767154285,428.195,430.177
3,5195,96506767313300,96506767311955,96506767623041,309.741,311.086
3,5196,96506767802617,96506767801828,96506768143428,340.811,341.6
3,5197,96506768390397,96506768389675,96506768793630,403.233,403.955
3,5198,96506768978246,96506768977522,96506769339639,361.393,362.117
3,5199,96506769469673,96506769467395,96506769879047,409.374,411.652
3,5200,96506770056403,96506770055242,96506770489377,432.974,434.135
3,5201,96506770645433,96506770643089,96506770939573,294.14,296.484
3,5202,96506771233643,96506771230936,96506771652557,418.914,421.621
3,5203,96506771722069,96506771720809,96506772111153,389.084,390.344
3,5204,96506772309709,96506772308656,96506772661981,352.272,353.325
3,5205,96506772897219,96506772896503,96506773149347,252.128,252.844
3,5206,96506773389116,96506773386375,96506773783729,394.613,397.354
3,5207,96506773975476,96506773974223,96506774425560,450.084,451.337
3,5208,96506774564336,96506774562070,96506774976189,411.853,414.119
3,5209,96506775052662,96506775051942,96506775395814,343.152,343.872
3,5210,96506775640492,96506775639789,96506776014864,374.372,375.075
3,5211,96506776228522,96506776227637,96506776625955,397.433,398.318
3,5212,96506776718719,96506776717509,96506777141113,422.394,423.604
3,5213,96506777307369,96506777305356,96506777694831,387.462,389.475
3,5214,96506777894488,96506777893203,96506778307602,413.114,414.399
3,5215,96506778483607,96506778481051,96506778746797,263.19,265.746
3,5216,96506778971864,96506778970923,96506779404789,432.925,433.866
3,5217,96506779559774,96506779558770,96506780036490,476.716,477.72
3,5218,96506780147584,96506780146617,96506780606910,459.326,460.293
3,5219,96506780637610,96506780636490,96506781151508,513.898,515.018
3,5220,96506781227230,96506781224337,96506781700337,473.107,476.0
3,5221,96506781813460,96506781812184,96506782229154,415.694,416.97
3,5222,96506782302707,96506782302057,96506782961889,659.182,659.832
3,5223,96506782890707,96506782889904,96506783354903,464.196,464.999
3,5224,96506783478437,96506783477751,96506784003455,525.018,525.704
3,5225,96506783970343,96506783967624,96506784415088,444.745,447.464
3,5226,96506784556813,96506784555471,96506784885315,328.502,329.844
3,5227,96506785145603,96506785143318,96506785463614,318.011,320.296
3,5228,96506785732653,96506785731165,96506786163807,431.154,432.642
3,5229,96506786221810,96506786221038,96506786627363,405.553,406.325
3,5230,96506786809610,96506786808885,96506787202643,393.033,393.758
3,5231,96506787397450,96506787396732,96506787692319,294.869,295.587
3,5232,96506787888586,96506787886604,96506788380123,491.537,493.519
3,5233,96506788475706,96506788474452,96506788886009,410.303,411.557
3,5234,96506789064796,96506789062299,96506789546072,481.276,483.773
3,5235,96506789553022,96506789552171,96506789950306,397.284,398.135
3,5236,96506790140761,96506790140018,96506790520664,379.903,380.646
3,5237,96506790728681,96506790727866,96506791077994,349.313,350.128
3,5238,96506791219138,96506791217738,96506791682194,463.056,464.456
3,5239,96506791807518,96506791805585,96506792102928,295.41,297.343
3,5240,96506792394738,96506792393432,96506792654936,260.198,261.504
3,5241,96506792983598,96506792981280,96506793292208,308.61,310.928
3,5242,96506793471844,96506793471152,96506793925530,453.686,454.378
3,5243,96506794059784,96506794058999,96506794389415,329.631,330.416
3,5244,96506794647474,96506794646846,96506794972545,325.071,325.699
3,5245,96506795138271,96506795136719,96506795629307,491.036,492.588
3,5246,96506795726721,96506795724566,96506796100713,373.992,376.147
3,5247,96506796314431,96506796312413,96506796733694,419.263,421.281
3,5248,96506796803107,96506796802286,96506797231872,428.765,429.586
3,5249,96506797390877,96506797390133,96506797747949,357.072,357.816
3,5250,96506797978807,96506797977980,96506798401961,423.154,423.981
3,5251,96506798470244,96506798467853,96506798855056,384.812,387.203
3,5252,96506799057153,96506799055700,96506799466677,409.524,410.977
3,5253,96506799645893,96506799643547,96506800118859,472.966,475.312
3,5254,96506800232733,96506800231394,96506800618856,386.123,387.462
3,5255,96506800721959,96506800721267,96506801182985,461.026,461.718
3,5256,96506801309789,96506801309114,96506801696822,387.033,387.708
3,5257,96506801898049,96506801896961,96506802250451,352.402,353.49
3,5258,96506802389575,96506802386833,96506802806720,417.145,419.887
3,5259,96506802975995,96506802974681,96506803318757,342.762,344.076
3,5260,96506803564675,96506803562528,96506803955838,391.163,393.31
3,5261,96506804053202,96506804052400,96506804403764,350.562,351.364
3,5262,96506804641052,96506804640247,96506804991484,350.432,351.237
3,5263,96506805228992,96506805228095,96506805561763,332.771,333.668
3,5264,96506805719308,96506805717967,96506806139682,420.374,421.715
3,5265,96506806307918,96506806305814,96506806635659,327.741,329.845
3,5266,96506806894948,96506806893661,96506807195619,300.671,301.958
3,5267,96506807483668,96506807481509,96506807991485,507.817,509.976
3,5268,96506807972105,96506807971381,96506808465481,493.376,494.1
3,5269,96506808560025,96506808559228,96506808910616,350.591,351.388
3,5270,96506809147794,96506809147075,96506809562159,414.365,415.084
3,5271,96506809638151,96506809636948,96506810049334,411.183,412.386
3,5272,96506810226771,96506810224795,96506810520751,293.98,295.956
3,5273,96506810813811,96506810812642,96506811134572,320.761,321.93
3,5274,96506811303247,96506811302515,96506811851905,548.658,549.39
3,5275,96506811891166,96506811890362,96506812260760,369.594,370.398
3,5276,96506812478926,96506812478209,96506812731275,252.349,253.066
3,5277,96506812970084,96506812968082,96506813335995,365.911,367.913
3,5278,96506813557043,96506813555929,96506813972117,415.074,416.188
3,5279,96506814145613,96506814143776,96506814450223,304.61,306.447
3,5280,96506814732803,96506814731623,96506815150337,417.534,418.714
3,5281,96506815222179,96506815221496,96506815667125,444.946,445.629
3,5282,96506815810039,96506815809343,96506816235564,425.525,426.221
3,5283,96506816397929,96506816397190,96506816680019,282.09,282.829
3,5284,96506816889136,96506816887063,96506817261329,372.193,374.266
3,5285,96506817476566,96506817474910,96506817784486,307.92,309.576
3,5286,96506818065065,96506818062757,96506818594703,529.638,531.946
3,5287,96506818553822,96506818552629,96506819007307,453.485,454.678
3,5288,96506819141352,96506819140476,96506819695401,554.049,554.925
3,5289,96506819729402,96506819728324,96506820122425,393.023,394.101
3,5290,96506820220168,96506820218196,96506821004425,784.257,786.229
3,5291,96506820808578,96506820806043,96506821186331,377.753,380.288
3,5292,96506821395048,96506821393890,96506821928426,533.378,534.536
3,5293,96506821983838,96506821981738,96506822344450,360.612,362.712
3,5294,96506822472415,96506822471610,96506823021843,549.428,550.233
3,5295,96506823060335,96506823059457,96506823597272,536.937,537.815
3,5296,96506823648004,96506823647304,96506824089810,441.806,442.506
3,5297,96506824138240,96506824137177,96506824656688,518.448,519.511
3,5298,96506824727401,96506824725024,96506825213117,485.716,488.093
3,5299,96506825314080,96506825312871,96506825760086,446.006,447.215
3,5300,96506825803367,96506825802744,96506826328615,525.248,525.871
3,5301,96506826391427,96506826390591,96506826804151,412.724,413.56
3,5302,96506826979067,96506826978438,96506827439523,460.456,461.085
3,5303,96506827470733,96506827468311,96506827956290,485.557,487.979
3,5304,96506828057323,96506828056158,96506828366763,309.44,310.605
3,5305,96506828646173,96506828644005,96506828985515,339.342,341.51
3,5306,96506829233423,96506829231852,96506829545984,312.561,314.132
3,5307,96506829722439,96506829721725,96506830097503,375.064,375.778
3,5308,96506830310309,96506830309572,96506830671281,360.972,361.709
3,5309,96506830898119,96506830897419,96506831137427,239.308,240.008
3,5310,96506831389386,96506831387292,96506831990076,600.69,602.784
3,5311,96506831976996,96506831975139,96506832364409,387.413,389.27
3,5312,96506832565216,96506832562986,96506832958499,393.283,395.513
3,5313,96506833053722,96506833052858,96506833506998,453.276,454.14
3,5314,96506833641392,96506833640705,96506834006784,365.392,366.079
3,5315,96506834229362,96506834228553,96506834586054,356.692,357.501
3,5316,96506834719769,96506834718425,96506835148243,428.474,429.818
3,5317,96506835308799,96506835306272,96506835676121,367.322,369.849
3,5318,96506835895649,96506835894119,96506836325523,429.874,431.404
3,5319,96506836484188,96506836481967,96506836925883,441.695,443.916
3,5320,96506836972584,96506836971839,96506837442151,469.567,470.312
3,5321,96506837560504,96506837559686,96506837907346,346.842,347.66
3,5322,96506838148264,96506838147533,96506838494396,346.132,346.863
3,5323,96506838638531,96506838637406,96506839071906,433.375,434.5
3,5324,96506839228090,96506839225253,96506839604123,376.033,378.87
3,5325,96506839814510,96506839813100,96506840121721,307.211,308.621
3,5326,96506840303677,96506840302973,96506840734441,430.764,431.468
3,5327,96506840891687,96506840890820,96506841273020,381.333,382.2
3,5328,96506841479527,96506841478667,96506841801817,322.29,323.15
3,5329,96506841970523,96506841968540,96506842445480,474.957,476.94
3,5330,96506842557563,96506842556387,96506842943326,385.763,386.939
3,5331,96506843146413,96506843144234,96506843509856,363.443,365.622
3,5332,96506843733663,96506843732081,96506844056744,323.081,324.663
3,5333,96506844222690,96506844221954,96506844617923,395.233,395.969
3,5334,96506844810580,96506844809801,96506845224564,413.984,414.763
3,5335,96506845398370,96506845397648,96506845748271,349.901,350.623
3,5336,96506845889536,96506845887521,96506846247528,357.992,360.007
3,5337,96506846476536,96506846475368,96506846824867,348.331,349.499
3,5338,96506847065946,96506847063215,96506847455228,389.282,392.013
3,5339,96506847553843,96506847553087,96506847987947,434.104,434.86
3,5340,96506848141622,96506848140934,96506848509915,368.293,368.981
3,5341,96506848729581,96506848728782,96506849099615,370.034,370.833
3,5342,96506849219868,96506849218654,96506849700585,480.717,481.931
3,5343,96506849808518,96506849806501,96506850168021,359.503,361.52
3,5344,96506850395838,96506850394348,96506850871064,475.226,476.716
3,5345,96506850984628,96506850982196,96506851368561,383.933,386.365
3,5346,96506851472794,96506851472068,96506851807645,334.851,335.577
3,5347,96506852060714,96506852059915,96506852426437,365.723,366.522
3,5348,96506852648564,96506852647762,96506853034798,386.234,387.036
3,5349,96506853139011,96506853137635,96506853578986,439.975,441.351
3,5350,96506853727721,96506853725482,96506854056862,329.141,331.38
3,5351,96506854314481,96506854313329,96506854673352,358.871,360.023
3,5352,96506854803947,96506854803202,96506855227961,424.014,424.759
3,5353,96506855391847,96506855391049,96506855799781,407.934,408.732
3,5354,96506855979697,96506855978896,96506856305797,326.1,326.901
3,5355,96506856471194,96506856468769,96506856927159,455.965,458.39
3,5356,96506857058074,96506857056616,96506857392655,334.581,336.039
3,5357,96506857646443,96506857644463,96506858015516,369.073,371.053
3,5358,96506858233703,96506858232310,96506858652327,418.624,420.017
3,5359,96506858722860,96506858722183,96506859110532,387.672,388.349
3,5360,96506859310879,96506859310030,96506859757275,446.396,447.245
3,5361,96506859898569,96506859897877,96506860308613,410.044,410.736
3,5362,96506860389786,96506860387750,96506860900663,510.877,512.913
3,5363,96506860976855,96506860975597,96506861265256,288.401,289.659
3,5364,96506861565605,96506861563444,96506861918907,353.302,355.463
3,5365,96506862054192,96506862053316,96506862564230,510.038,510.914
3,5366,96506862641942,96506862641163,96506863122148,480.206,480.985
3,5367,96506863229882,96506863229011,96506863499911,270.029,270.9
3,5368,96506863719968,96506863718883,96506864211605,491.637,492.722
3,5369,96506864308708,96506864306730,96506864796705,487.997,489.975
3,5370,96506864896028,96506864894577,96506865376964,480.936,482.387
3,5371,96506865485538,96506865482425,96506865922363,436.825,439.938
3,5372,96506865973605,96506865972297,96506866497583,523.978,525.286
3,5373,96506866561025,96506866560144,96506867031730,470.705,471.586
3,5374,96506867148974,96506867147991,96506867635711,486.737,487.72
3,5375,96506867639351,96506867637864,96506868258871,619.52,621.007
3,5376,96506868228601,96506868225711,96506868693247,464.646,467.536
3,5377,96506868815301,96506868813558,96506869366000,550.699,552.442
3,5378,96506869304088,96506869303431,96506869824055,519.967,520.624
3,5379,96506869892367,96506869891278,96506870255759,363.392,364.481
3,5380,96506870479947,96506870479125,96506870827269,347.322,348.144
3,5381,96506870971124,96506870968998,96506871339706,368.582,370.708
3,5382,96506871558114,96506871556845,96506872003469,445.355,446.624
3,5383,96506872147084,96506872144692,96506872496545,349.461,351.853
3,5384,96506872733723,96506872732539,96506873154758,421.035,422.219
3,5385,96506873223129,96506873222412,96506873737517,514.388,515.105
3,5386,96506873811049,96506873810259,96506874248074,437.025,437.815
3,5387,96506874398819,96506874398106,96506874636438,237.619,238.332
3,5388,96506874890116,96506874887979,96506875256728,366.612,368.749
3,5389,96506875477186,96506875475826,96506875741545,264.359,265.719
3,5390,96506876065785,96506876063673,96506876456409,390.624,392.736
3,5391,96506876554432,96506876553545,96506877057859,503.427,504.314
3,5392,96506877142172,96506877141392,96506877536555,394.383,395.163
3,5393,96506877730182,96506877729240,96506878069834,339.652,340.594
3,5394,96506878220289,96506878219112,96506878709645,489.356,490.533
3,5395,96506878809028,96506878806959,96506879119239,310.211,312.28
3,5396,96506879395928,96506879394806,96506879809653,413.725,414.847
3,5397,96506879984918,96506879982654,96506880333320,348.402,350.666
3,5398,96506880473325,96506880472526,96506880935530,462.205,463.004
3,5399,96506881061095,96506881060373,96506881410336,349.241,349.963
3,5400,96506881648995,96506881648220,96506882101520,452.525,453.3
3,5401,96506882139381,96506882138093,96506882540424,401.043,402.331
3,5402,96506882728591,96506882725940,96506883117324,388.733,391.384
3,5403,96506883315601,96506883313787,96506883659663,344.062,345.876
3,5404,96506883804487,96506883803660,96506884159349,354.862,355.689
3,5405,96506884392527,96506884391507,96506884825992,433.465,434.485
3,5406,96506884980267,96506884979354,96506885348279,368.012,368.925
3,5407,96506885471833,96506885469227,96506885970570,498.737,501.343
3,5408,96506886058333,96506886057074,96506886457227,398.894,400.153
3,5409,96506886647473,96506886644921,96506886935213,287.74,290.292
3,5410,96506887234413,96506887232768,96506887631317,396.904,398.549
3,5411,96506887723460,96506887722641,96506888091202,367.742,368.561
3,5412,96506888311329,96506888310488,96506888642601,331.272,332.113
3,5413,96506888898989,96506888898335,96506889218490,319.501,320.155
3,5414,96506889390516,96506889388208,96506889848241,457.725,460.033
3,5415,96506889977146,96506889976055,96506890332368,355.222,356.313
3,5416,96506890566396,96506890563902,96506890896177,329.781,332.275
3,5417,96506891054672,96506891053774,96506891464706,410.034,410.932
3,5418,96506891642342,96506891641622,96506891997204,354.862,355.582
3,5419,96506892230272,96506892229469,96506892573994,343.722,344.525
3,5420,96506892720429,96506892719341,96506893098062,377.633,378.721
3,5421,96506893309399,96506893307188,96506893575728,266.329,268.54
3,5422,96506893896229,96506893895035,96506894168008,271.779,272.973
3,5423,96506894484879,96506894482883,96506894802609,317.73,319.726
3,5424,96506894973524,96506894972755,96506895434910,461.386,462.155
3,5425,96506895561204,96506895560602,96506895882596,321.392,321.994
3,5426,96506896149254,96506896148449,96506896591269,442.015,442.82
3,5427,96506896639791,96506896638322,96506897048895,409.104,410.573
3,5428,96506897228070,96506897226169,96506897555912,327.842,329.743
3,5429,96506897815160,96506897814016,96506898136912,321.752,322.896
3,5430,96506898304607,96506898303889,96506898691761,387.154,387.872
3,5431,96506898892687,96506898891736,96506899212138,319.451,320.402
3,5432,96506899480337,96506899479583,96506899820529,340.192,340.946
3,5433,96506899971623,96506899969456,96506900371507,399.884,402.051
3,5434,96506900558563,96506900557303,96506901009379,450.816,452.076
3,5435,96506901147243,96506901145150,96506901438543,291.3,293.393
3,5436,96506901734353,96506901732997,96506902036704,302.351,303.707
3,5437,96506902223570,96506902222870,96506902681165,457.595,458.295
3,5438,96506902811650,96506902810717,96506903172211,360.561,361.494
3,5439,96506903399580,96506903398564,96506903718750,319.17,320.186
3,5440,96506903891256,96506903888437,96506904366802,475.546,478.365
3,5441,96506904477516,96506904476284,96506904915870,438.354,439.586
3,5442,96506905066456,96506905064131,96506905377696,311.24,313.565
3,5443,96506905555013,96506905554003,96506906010708,455.695,456.705
3,5444,96506906143193,96506906141851,96506906511265,368.072,369.414
3,5445,96506906730802,96506906729698,96506907082464,351.662,352.766
3,5446,96506907221349,96506907219570,96506907803858,582.509,584.288
3,5447,96506907814679,96506907807417,96506908213432,398.753,406.015
3,5448,96506908396528,96506908395264,96506908810922,414.394,415.658
3,5449,96506908985378,96506908983112,96506909330330,344.952,347.218
3,5450,96506909473794,96506909472984,96506909943111,469.317,470.127
3,5451,96506910061574,96506910060831,96506910375365,313.791,314.534
3,5452,96506910649504,96506910648678,96506910968795,319.291,320.117
3,5453,96506911139901,96506911138551,96506911543075,403.174,404.524
3,5454,96506911728991,96506911726398,96506912231008,502.017,504.61
3,5455,96506912315421,96506912314245,96506912721534,406.113,407.289
3,5456,96506912804907,96506912804118,96506913345215,540.308,541.097
3,5457,96506913392827,96506913391965,96506913742399,349.572,350.434
3,5458,96506913980587,96506913979812,96506914427802,447.215,447.99
3,5459,96506914471814,96506914469685,96506914959460,487.646,489.775
3,5460,96506915058694,96506915057532,96506915431116,372.422,373.584
3,5461,96506915647703,96506915645379,96506916103449,455.746,458.07
3,5462,96506916234583,96506916233226,96506916603466,368.883,370.24
3,5463,96506916723880,96506916723099,96506917118343,394.463,395.244
3,5464,96506917312030,96506917310946,96506917828457,516.427,517.511
3,5465,96506917899470,96506917898793,96506918214410,314.94,315.617
3,5466,96506918390716,96506918388666,96506918906554,515.838,517.888
3,5467,96506918978106,96506918976513,96506919260996,282.89,284.483
3,5468,96506919566606,96506919564360,96506919992070,425.464,427.71
3,5469,96506920054892,96506920054232,96506920576400,521.508,522.168
3,5470,96506920643142,96506920642080,96506920960183,317.041,318.103
3,5471,96506921230612,96506921229927,96506921617045,386.433,387.118
3,5472,96506921721068,96506921719799,96506922090451,369.383,370.652
3,5473,96506922309708,96506922307646,96506922643980,334.272,336.334
3,5474,96506922896728,96506922895493,96506923437896,541.168,542.403
3,5475,96506923485528,96506923483341,96506923911303,425.775,427.962
3,5476,96506923974225,96506923973213,96506924418919,444.694,445.706
3,5477,96506924561895,96506924561060,96506924889176,327.281,328.116
3,5478,96506925149575,96506925148907,96506925507226,357.651,358.319
3,5479,96506925639831,96506925638780,96506925987633,347.802,348.853
3,5480,96506926228741,96506926226627,96506926643545,414.804,416.918
3,5481,96506926816011,96506926814474,96506927109171,293.16,294.697
3,5482,96506927305298,96506927304347,96506927730882,425.584,426.535
3,5483,96506927892877,96506927892194,96506928248489,355.612,356.295
3,5484,96506928480937,96506928480041,96506928850080,369.143,370.039
3,5485,96506928971994,96506928969914,96506929325046,353.052,355.132
3,5486,96506929558834,96506929557761,96506930129923,571.089,572.162
3,5487,96506930147834,96506930145608,96506930505656,357.822,360.048
3,5488,96506930734673,96506930733455,96506931026523,291.85,293.068
3,5489,96506931224009,96506931223328,96506931655915,431.906,432.587
3,5490,96506931811889,96506931811175,96506932248564,436.675,437.389
3,5491,96506932399829,96506932399022,96506932752641,352.812,353.619
3,5492,96506932891046,96506932888895,96506933512907,621.861,624.012
3,5493,96506933477986,96506933476742,96506933899781,421.795,423.039
3,5494,96506934066466,96506934064589,96506934451689,385.223,387.1
3,5495,96506934555162,96506934554461,96506934988487,433.325,434.026
3,5496,96506935143112,96506935142309,96506935556786,413.674,414.477
3,5497,96506935731142,96506935730156,96506936086014,354.872,355.858
3,5498,96506936221669,96506936220028,96506936653403,431.734,433.375
3,5499,96506936809998,96506936807875,96506937102269,292.271,294.394
3,5500,96506937397068,96506937395722,96506937749351,352.283,353.629
3,5501,96506937985638,96506937983570,96506938488975,503.337,505.405
3,5502,96506938474255,96506938473442,96506938962612,488.357,489.17
3,5503,96506939062035,96506939061289,96506939652045,590.01,590.756
3,5504,96506939649835,96506939649136,96506939953574,303.739,304.438
3,5505,96506940140391,96506940139009,96506940617228,476.837,478.219
3,5506,96506940729011,96506940726856,96506941156146,427.135,429.29
3,5507,96506941316171,96506941314703,96506941786757,470.586,472.054
3,5508,96506941805378,96506941804576,96506942394608,589.23,590.032
3,5509,96506942393117,96506942392423,96506942790631,397.514,398.208
3,5510,96506942981127,96506942980270,96506943399252,418.125,418.982
3,5511,96506943473004,96506943470143,96506944060374,587.37,590.231
3,5512,96506944059223,96506944057990,96506944441457,382.234,383.467
3,5513,96506944648804,96506944645837,96506945215183,566.379,569.346
3,5514,96506945234843,96506945233684,96506945824713,589.87,591.029
3,5515,96506945724430,96506945723557,96506946245228,520.798,521.671
3,5516,96506946312110,96506946311404,96506946892879,580.769,581.475
3,5517,96506946900029,96506946899251,96506947347125,447.096,447.874
3,5518,96506947392146,96506947389124,96506948039688,647.542,650.564
3,5519,96506947978366,96506947976971,96506948521374,543.008,544.403
3,5520,96506948568076,96506948564818,96506949282700,714.624,717.882
3,5521,96506949055442,96506949054690,96506949517868,462.426,463.178
3,5522,96506949643372,96506949642538,96506950189190,545.818,546.652
3,5523,96506950231082,96506950230385,96506950757300,526.218,526.915
3,5524,96506950721479,96506950720257,96506951399871,678.392,679.614
3,5525,96506951311929,96506951308104,96506951977261,665.332,669.157
3,5526,96506951897099,96506951895951,96506952434577,537.478,538.626
3,5527,96506952487698,96506952483799,96506953302146,814.448,818.347
3,5528,96506952974495,96506952973671,96506953661488,686.993,687.817
3,5529,96506953562325,96506953561518,96506954150675,588.35,589.157
3,5530,96506954150195,96506954149365,96506954552058,401.863,402.693
3,5531,96506954640672,96506954639238,96506955323254,682.582,684.016
3,5532,96506955230871,96506955227085,96506955721568,490.697,494.483
3,5533,96506955816090,96506955814932,96506956336139,520.049,521.207
3,5534,96506956305727,96506956304805,96506956976550,670.823,671.745
3,5535,96506956893327,96506956892652,96506957257460,364.133,364.808
3,5536,96506957481547,96506957480499,96506958006905,525.358,526.406
3,5537,96506957973853,96506957970372,96506958485911,512.058,515.539
3,5538,96506958559293,96506958558219,96506959066581,507.288,508.362
3,5539,96506959149163,96506959146066,96506959759174,610.011,613.108
3,5540,96506959735143,96506959733913,96506960113906,378.763,379.993
3,5541,96506960224540,96506960223786,96506960781688,557.148,557.902
3,5542,96506960812580,96506960811633,96506961283325,470.745,471.692
3,5543,96506961400270,96506961399480,96506961971719,571.449,572.239
3,5544,96506961892906,96506961889353,96506962450436,557.53,561.083
3,5545,96506962478456,96506962477200,96506962968163,489.707,490.963
3,5546,96506963068096,96506963065047,96506963729658,661.562,664.611
3,5547,96506963555573,96506963554919,96506964204515,648.942,649.596
3,5548,96506964143663,96506964142767,96506964677130,533.467,534.363
3,5549,96506964731333,96506964730614,96506965252160,520.827,521.546
3,5550,96506965221649,96506965220486,96506965675004,453.355,454.518
3,5551,96506965811499,96506965808333,96506966231223,419.724,422.89
3,5552,96506966397419,96506966396180,96506966816903,419.484,420.723
3,5553,96506966986989,96506966984028,96506967574939,587.95,590.911
3,5554,96506967474585,96506967473900,96506968164679,690.094,690.779
3,5555,96506968062454,96506968061747,96506968427317,364.863,365.57
3,5556,96506968650784,96506968649594,96506969363938,713.154,714.344
3,5557,96506969140711,96506969139467,96506969818875,678.164,679.408
3,5558,96506969730741,96506969727314,96506970273950,543.209,546.636
3,5559,96506970316431,96506970315161,96506970907700,591.269,592.539
3,5560,96506970805947,96506970805034,96506971578313,772.366,773.279
3,5561,96506971393617,96506971392881,96506971967387,573.77,574.506
3,5562,96506971981707,96506971980728,96506972443573,461.866,462.845
3,5563,96506972474324,96506972470601,96506973158517,684.193,687.916
3,5564,96506973059544,96506973058448,96506973522910,463.366,464.462
3,5565,96506973650073,96506973646295,96506974118739,468.666,472.444
3,5566,96506974235284,96506974234142,96506974833164,597.88,599.022
3,5567,96506974724920,96506974724015,96506975317900,592.98,593.885
3,5568,96506975312610,96506975311862,96506976097917,785.307,786.055
3,5569,96506975900500,96506975899709,96506976271792,371.292,372.083
3,5570,96506976395026,96506976389582,96506976869063,474.037,479.481
3,5571,96506976979036,96506976977429,96506977422891,443.855,445.462
3,5572,96506977569596,96506977565276,96506978031632,462.036,466.356
3,5573,96506978056042,96506978055148,96506978559030,502.988,503.882
3,5574,96506978644002,96506978642996,96506979085677,441.675,442.681
3,5575,96506979231762,96506979230843,96506979940246,708.484,709.403
3,5576,96506979722238,96506979720715,96506980299679,577.441,578.964
3,5577,96506980312489,96506980308562,96506980685351,372.862,376.789
3,5578,96506980897848,96506980896410,96506981326693,428.845,430.283
3,5579,96506981488458,96506981484257,96506982044207,555.749,559.95
3,5580,96506981975055,96506981974129,96506982446981,471.926,472.852
3,5581,96506982562905,96506982561976,96506982900337,337.432,338.361
3,5582,96506983150715,96506983149823,96506983507517,356.802,357.694
3,5583,96506983641251,96506983639696,96506984252852,611.601,613.156
3,5584,96506984230331,96506984227543,96506984678147,447.816,450.604
3,5585,96506984817161,96506984815390,96506985266816,449.655,451.426
3,5586,96506985306168,96506985305263,96506985933219,627.051,627.956
3,5587,96506985893968,96506985893110,96506986302011,408.043,408.901
3,5588,96506986481887,96506986480957,96506986884771,402.884,403.814
3,5589,96506986973274,96506986970830,96506987532703,559.429,561.873
3,5590,96506987560044,96506987558677,96506988178024,617.98,619.347
3,5591,96506988149454,96506988146524,96506988531227,381.773,384.703
3,5592,96506988735954,96506988734371,96506989229880,493.926,495.509
3,5593,96506989225230,96506989224244,96506989739358,514.128,515.114
3,5594,96506989813060,96506989812091,96506990370049,556.989,557.958
3,5595,96506990400849,96506990399938,96506990858105,457.256,458.167
3,5596,96506990892377,96506990889811,96506991476156,583.779,586.345
3,5597,96506991479316,96506991477658,96506992016244,536.928,538.586
3,5598,96506992068266,96506992065505,96506992548673,480.407,483.168
3,5599,96506992556262,96506992555377,96506992968417,412.155,413.04
3,5600,96506993144242,96506993143225,96506993598387,454.145,455.162
3,5601,96506993731982,96506993731072,96506994224829,492.847,493.757
3,5602,96506994222679,96506994220944,96506994793618,570.939,572.674
3,5603,96506994811489,96506994808791,96506995254923,443.434,446.132
3,5604,96506995398068,96506995396639,96506995868024,469.956,471.385
3,5605,96506995987658,96506995984486,96506996422274,434.616,437.788
3,5606,96506996475185,96506996474358,96506996943911,468.726,469.553
3,5607,96506997063075,96506997062205,96506997541961,478.886,479.756
3,5608,96506997651075,96506997650052,96506998191963,540.888,541.911
3,5609,96506998141331,96506998139925,96506998706930,565.599,567.005
3,5610,96506998730501,96506998727772,96506999199357,468.856,471.585
3,5611,96506999317051,96506999315619,96506999750386,433.335,434.767
3,5612,96506999806548,96506999805492,96507000435399,628.851,629.907
3,5613,96507000394228,96507000393339,96507000879754,485.526,486.415
3,5614,96507000982108,96507000981186,96507001590388,608.28,609.202
3,5615,96507001472914,96507001471059,96507001963651,490.737,492.592
3,5616,96507002060174,96507002058906,96507002595742,535.568,536.836
3,5617,96507002649294,96507002646753,96507003017176,367.882,370.423
3,5618,96507003235753,96507003234600,96507003644828,409.075,410.228
3,5619,96507003725260,96507003724473,96507004196346,471.086,471.873
3,5620,96507004313070,96507004312320,96507004704223,391.153,391.903
3,5621,96507004900939,96507004900167,96507005363925,462.986,463.758
3,5622,96507005391886,96507005390040,96507005999077,607.191,609.037
3,5623,96507005979196,96507005977887,96507006417461,438.265,439.574
3,5624,96507006568006,96507006565734,96507006956579,388.573,390.845
3,5625,96507007056283,96507007055606,96507007710884,654.601,655.278
3,5626,96507007644162,96507007643454,96507008153890,509.728,510.436
3,5627,96507008231932,96507008231301,96507008661567,429.635,430.266
3,5628,96507008722419,96507008721173,96507009361100,638.681,639.927
3,5629,96507009311479,96507009309020,96507009739513,428.034,430.493
3,5630,96507009898139,96507009896868,96507010464848,566.709,567.98
3,5631,96507010486789,96507010484715,96507010917483,430.694,432.768
3,5632,96507010975445,96507010974587,96507011428811,453.366,454.224
3,5633,96507011563255,96507011562434,96507012040631,477.376,478.197
3,5634,96507012151095,96507012150281,96507012480956,329.861,330.675
3,5635,96507012641392,96507012640154,96507013226921,585.529,586.767
3,5636,96507013229902,96507013228001,96507013733319,503.417,505.318
3,5637,96507013817041,96507013815848,96507014177973,360.932,362.125
3,5638,96507014306527,96507014305721,96507014953669,647.142,647.948
3,5639,96507014894257,96507014893568,96507015277061,382.804,383.493
3,5640,96507015482297,96507015481415,96507016001415,519.118,520.0
3,5641,96507015973514,96507015971288,96507016424319,450.805,453.031
3,5642,96507016560323,96507016559135,96507017141834,581.511,582.699
3,5643,96507017148903,96507017146982,96507017621680,472.777,474.698
3,5644,96507017736403,96507017734829,96507018307093,570.69,572.264
3,5645,96507018225430,96507018224702,96507018716076,490.646,491.374
3,5646,96507018813280,96507018812549,96507019191813,378.533,379.264
3,5647,96507019401360,96507019400396,96507019708550,307.19,308.154
3,5648,96507019892226,96507019890269,96507020275469,383.243,385.2
3,5649,96507020479306,96507020478116,96507020991504,512.198,513.388
3,5650,96507021068206,96507021065963,96507021539933,471.727,473.97
3,5651,96507021556533,96507021555835,96507021960356,403.823,404.521
3,5652,96507022144393,96507022143683,96507022660250,515.857,516.567
3,5653,96507022732243,96507022731530,96507023194968,462.725,463.438
3,5654,96507023222759,96507023221402,96507023724086,501.327,502.684
3,5655,96507023811509,96507023809249,96507024370677,559.168,561.428
3,5656,96507024398649,96507024397097,96507024801333,402.684,404.236
3,5657,96507024987389,96507024984944,96507025455865,468.476,470.921
3,5658,96507025475636,96507025474816,96507026256481,780.845,781.665
3,5659,96507026063384,96507026062663,96507026444438,381.054,381.775
3,5660,96507026651504,96507026650510,96507027030917,379.413,380.407
3,5661,96507027142681,96507027140383,96507027616197,473.516,475.814
3,5662,96507027731081,96507027728230,96507028143705,412.624,415.475
3,5663,96507028317461,96507028316077,96507028835429,517.968,519.352
3,5664,96507028810288,96507028805950,96507029364587,554.299,558.637
3,5665,96507029394647,96507029393797,96507029759730,365.083,365.933
3,5666,96507029982387,96507029981644,96507030430433,448.046,448.789
3,5667,96507030473624,96507030471517,96507031012432,538.808,540.915
3,5668,96507031060734,96507031059364,96507031600142,539.408,540.778
3,5669,96507031649214,96507031647211,96507032074238,425.024,427.027
3,5670,96507032236184,96507032235058,96507032661198,425.014,426.14
3,5671,96507032725660,96507032724931,96507033246137,520.477,521.206
3,5672,96507033313550,96507033312778,96507033743555,430.005,430.777
3,5673,96507033901420,96507033900625,96507034225811,324.391,325.186
3,5674,96507034392817,96507034390498,96507034766189,373.372,375.691
3,5675,96507034979517,96507034978345,96507035327238,347.721,348.893
3,5676,96507035568676,96507035566192,96507035995441,426.765,429.249
3,5677,96507036056703,96507036056064,96507036415135,358.432,359.071
3,5678,96507036644663,96507036643912,96507036935872,291.209,291.96
3,5679,96507037233003,96507037231759,96507037539053,306.05,307.294
3,5680,96507037722889,96507037721631,96507038163843,440.954,442.212
3,5681,96507038311429,96507038309478,96507038653120,341.691,343.642
3,5682,96507038898878,96507038897326,96507039303442,404.564,406.116
3,5683,96507039487318,96507039485173,96507039795018,307.7,309.845
3,5684,96507039975785,96507039975045,96507040402649,426.864,427.604
3,5685,96507040563665,96507040562892,96507041028041,464.376,465.149
3,5686,96507041151445,96507041150739,96507041508157,356.712,357.418
3,5687,96507041641811,96507041640612,96507041973142,331.331,332.53
3,5688,96507042230441,96507042228459,96507042642165,411.724,413.706
3,5689,96507042817561,96507042816306,96507043086790,269.229,270.484
3,5690,96507043306908,96507043306179,96507043865057,558.149,558.878
3,5691,96507043894868,96507043894026,96507044306822,411.954,412.796
3,5692,96507044482588,96507044481873,96507044908532,425.944,426.659
3,5693,96507044973954,96507044971746,96507045492861,518.907,521.115
3,5694,96507045560914,96507045559593,96507046136444,575.53,576.851
3,5695,96507046149614,96507046147440,96507046474254,324.64,326.814
3,5696,96507046736494,96507046735287,96507047006143,269.649,270.856
3,5697,96507047225950,96507047225160,96507047624863,398.913,399.703
3,5698,96507047813680,96507047813007,96507048110020,296.34,297.013
3,5699,96507048401580,96507048400854,96507048715780,314.2,314.926
3,5700,96507048892837,96507048890727,96507049378303,485.466,487.576
3,5701,96507049479827,96507049478574,96507049831718,351.891,353.144
3,5702,96507050068737,96507050066421,96507050408207,339.47,341.786
3,5703,96507050557052,96507050556293,96507050996647,439.595,440.354
3,5704,96507051144872,96507051144141,96507051623818,478.946,479.677
3,5705,96507051732822,96507051731988,96507052097755,364.933,365.767
3,5706,96507052223459,96507052221860,96507052696275,472.816,474.415
3,5707,96507052811699,96507052809707,96507053146451,334.752,336.744
3,5708,96507053398679,96507053397555,96507053873785,475.106,476.23
3,5709,96507053987838,96507053985402,96507054280558,292.72,295.156
3,5710,96507054476135,96507054475274,96507054833687,357.552,358.413
3,5711,96507055063785,96507055063121,96507055407367,343.582,344.246
3,5712,96507055651755,96507055650969,96507056005257,353.502,354.288
3,5713,96507056142461,96507056140841,96507056625257,482.796,484.416
3,5714,96507056731731,96507056728688,96507057161556,429.825,432.868
3,5715,96507057317961,96507057316535,96507057601621,283.66,285.086
3,5716,96507057807268,96507057806408,96507058241542,434.274,435.134
3,5717,96507058395468,96507058394255,96507058838373,442.905,444.118
3,5718,96507058983258,96507058982102,96507059422173,438.915,440.071
3,5719,96507059475274,96507059471975,96507059905389,430.115,433.414
3,5720,96507060061474,96507060059822,96507060442677,381.203,382.855
3,5721,96507060651104,96507060647669,96507061110129,459.025,462.46
3,5722,96507061236784,96507061235516,96507061559165,322.381,323.649
3,5723,96507061726310,96507061725389,96507062117633,391.323,392.244
3,5724,96507062314130,96507062313236,96507062766145,452.015,452.909
3,5725,96507062901780,96507062901083,96507063350295,448.515,449.212
3,5726,96507063392986,96507063390956,96507063885484,492.498,494.528
3,5727,96507063979926,96507063978803,96507064338969,359.043,360.166
3,5728,96507064568936,96507064566650,96507064917948,349.012,351.298
3,5729,96507065057613,96507065056522,96507065442436,384.823,385.914
3,5730,96507065645063,96507065644370,96507066065676,420.613,421.306
3,5731,96507066233322,96507066232217,96507066558124,324.802,325.907
3,5732,96507066723239,96507066722089,96507067170185,446.946,448.096
3,5733,96507067311969,96507067309936,96507067780864,468.895,470.928
3,5734,96507067899159,96507067897784,96507068268431,369.272,370.647
3,5735,96507068487469,96507068485631,96507068839281,351.812,353.65
3,5736,96507068976535,96507068975503,96507069397399,420.864,421.896
3,5737,96507069564435,96507069563350,96507069937267,372.832,373.917
3,5738,96507070151855,96507070151198,96507070504747,352.892,353.549
3,5739,96507070642262,96507070641070,96507071074806,432.544,433.736
3,5740,96507071230902,96507071228917,96507071560893,329.991,331.976
3,5741,96507071817862,96507071816764,96507072211375,393.513,394.611
3,5742,96507072307308,96507072306637,96507072764523,457.215,457.886
3,5743,96507072895468,96507072894484,96507073213308,317.84,318.824
3,5744,96507073483077,96507073482331,96507073849280,366.203,366.949
3,5745,96507073974115,96507073972204,96507074479101,504.986,506.897
3,5746,96507074561034,96507074560051,96507074981718,420.684,421.667
3,5747,96507075150143,96507075147898,96507075434454,284.311,286.556
3,5748,96507075737103,96507075735745,96507076161028,423.925,425.283
3,5749,96507076226550,96507076225618,96507076651935,425.385,426.317
3,5750,96507076814430,96507076813465,96507077154282,339.852,340.817
3,5751,96507077402070,96507077401312,96507077751962,349.892,350.65
3,5752,96507077892966,96507077891185,96507078365573,472.607,474.388
3,5753,96507078480136,96507078479032,96507078888480,408.344,409.448
3,5754,96507079069266,96507079066879,96507079446169,376.903,379.29
3,5755,96507079557523,96507079556751,96507079891964,334.441,335.213
3,5756,96507080145303,96507080144599,96507080484575,339.272,339.976
3,5757,96507080733213,96507080732446,96507081176917,443.704,444.471
3,5758,96507081223449,96507081222318,96507081679864,456.415,457.546
3,5759,96507081812379,96507081810165,96507082172701,360.322,362.536
3,5760,96507082399429,96507082398013,96507082804403,404.974,406.39
3,5761,96507082988219,96507082985860,96507083348501,360.282,362.641
3,5762,96507083476486,96507083475732,96507083913980,437.494,438.248
3,5763,96507084064416,96507084063579,96507084436978,372.562,373.399
3,5764,96507084652194,96507084651427,96507084894893,242.699,243.466
3,5765,96507085142311,96507085141299,96507085649369,507.058,508.07
3,5766,96507085731212,96507085729146,96507086086874,355.662,357.728
3,5767,96507086318291,96507086316993,96507086693374,375.083,376.381
3,5768,96507086807577,96507086806866,96507087183301,375.724,376.435
3,5769,96507087395527,96507087394713,96507087663547,268.02,268.834
3,5770,96507087983307,96507087982560,96507088362110,378.803,379.55
3,5771,96507088474554,96507088472433,96507088938620,464.066,466.187
3,5772,96507089061274,96507089060280,96507089573111,511.837,512.831
3,5773,96507089650104,96507089648127,96507089981675,331.571,333.548
3,5774,96507090237464,96507090235974,96507090581655,344.191,345.681
3,5775,96507090726550,96507090725847,96507091072092,345.542,346.245
3,5776,96507091314470,96507091313694,96507091659262,344.792,345.568
3,5777,96507091902240,96507091901541,96507092379526,477.286,477.985
3,5778,96507092393357,96507092391414,96507092833042,439.685,441.628
3,5779,96507092980397,96507092979261,96507093294587,314.19,315.326
3,5780,96507093569426,96507093567108,96507093980930,411.504,413.822
3,5781,96507094057703,96507094056980,96507094471877,414.174,414.897
3,5782,96507094645583,96507094644828,96507094921142,275.559,276.314
3,5783,96507095233483,96507095232675,96507095524082,290.599,291.407
3,5784,96507095723680,96507095722547,96507096213156,489.476,490.609
3,5785,96507096313219,96507096310394,96507096758264,445.045,447.87
3,5786,96507096899429,96507096898242,96507097336543,437.114,438.301
3,5787,96507097488028,96507097486089,96507097821870,333.842,335.781
3,5788,96507097976695,96507097975961,96507098536034,559.339,560.073
3,5789,96507098564475,96507098563808,96507098928947,364.472,365.139
3,5790,96507099152465,96507099151656,96507099622361,469.896,470.705
3,5791,96507099642751,96507099641528,96507100034955,392.204,393.427
3,5792,96507100232161,96507100229375,96507100610094,377.933,380.719
3,5793,96507100818461,96507100817222,96507101257416,438.955,440.194
3,5794,96507101307898,96507101307095,96507101905028,597.13,597.933
3,5795,96507101895788,96507101894942,96507102340052,444.264,445.11
3,5796,96507102483558,96507102482789,96507102759377,275.819,276.588
3,5797,96507102974584,96507102972662,96507103351167,376.583,378.505
3,5798,96507103562014,96507103560509,96507104064451,502.437,503.942
3,5799,96507104150254,96507104148356,96507104515716,365.462,367.36
3,5800,96507104737334,96507104736203,96507105082905,345.571,346.702
3,5801,96507105227051,96507105226076,96507105562152,335.101,336.076
3,5802,96507105815420,96507105813923,96507106080999,265.579,267.076
3,5803,96507106402930,96507106401770,96507106737931,335.001,336.161
3,5804,96507106893937,96507106891643,96507107426754,532.817,535.111
3,5805,96507107480737,96507107479490,96507107835209,354.472,355.719
3,5806,96507108069227,96507108067337,96507108338916,269.689,271.579
3,5807,96507108558173,96507108557209,96507109031049,472.876,473.84
3,5808,96507109145742,96507109145057,96507109439082,293.34,294.025
3,5809,96507109734052,96507109732904,96507110149116,415.064,416.212
3,5810,96507110224099,96507110222776,96507110722936,498.837,500.16
3,5811,96507110812559,96507110810623,96507111147941,335.382,337.318
3,5812,96507111399739,96507111398471,96507111719529,319.79,321.058
3,5813,96507111988988,96507111986318,96507112343711,354.723,357.393
3,5814,96507112477435,96507112476190,96507112943251,465.816,467.061
3,5815,96507113065195,96507113064037,96507113401147,335.952,337.11
3,5816,96507113652765,96507113651885,96507113946085,293.32,294.2
3,5817,96507114143082,96507114141757,96507114603298,460.216,461.541
3,5818,96507114732311,96507114729604,96507115213877,481.566,484.273
3,5819,96507115318771,96507115317451,96507115686414,367.643,368.963
3,5820,96507115808078,96507115807324,96507116335066,526.988,527.742
3,5821,96507116396048,96507116395171,96507116675878,279.83,280.707
3,5822,96507116983818,96507116983018,96507117456023,472.205,473.005
3,5823,96507117475004,96507117472891,96507117927320,452.316,454.429
3,5824,96507118061924,96507118060738,96507118487178,425.254,426.44
3,5825,96507118650754,96507118648585,96507119048277,397.523,399.692
3,5826,96507119237744,96507119236432,96507119627227,389.483,390.795
3,5827,96507119727041,96507119726305,96507120067302,340.261,340.997
3,5828,96507120314880,96507120314152,96507120576119,261.239,261.967
3,5829,96507120902961,96507120901999,96507121277203,374.242,375.204
3,5830,96507121393817,96507121391872,96507121900784,506.967,508.912
3,5831,96507121980766,96507121979719,96507122376800,396.034,397.081
3,5832,96507122569646,96507122567566,96507122842986,273.34,275.42
3,5833,96507123058203,96507123057438,96507123402784,344.581,345.346
3,5834,96507123645963,96507123645286,96507124058177,412.214,412.891
3,5835,96507124233952,96507124233133,96507124623256,389.304,390.123
3,5836,96507124821652,96507124820980,96507125186215,364.563,365.235
3,5837,96507125312749,96507125310852,96507125764264,451.515,453.412
3,5838,96507125899919,96507125898700,96507126231730,331.811,333.03
3,5839,96507126488689,96507126486547,96507126835870,347.181,349.323
3,5840,96507126977155,96507126976419,96507127410480,433.325,434.061
3,5841,96507127565085,96507127564266,96507128023570,458.485,459.304
3,5842,96507128152865,96507128152114,96507128514237,361.372,362.123
3,5843,96507128643672,96507128641986,96507129007544,363.872,365.558
3,5844,96507129232662,96507129229833,96507129642485,409.823,412.652
3,5845,96507129818822,96507129817680,96507130088941,270.119,271.261
3,5846,96507130308188,96507130307553,96507130788154,479.966,480.601
3,5847,96507130896148,96507130895400,96507131351323,455.175,455.923
3,5848,96507131483968,96507131483247,96507131863551,379.583,380.304
3,5849,96507132071818,96507132071094,96507132495532,423.714,424.438
3,5850,96507132562244,96507132560967,96507132972038,409.794,411.071
3,5851,96507133150813,96507133148814,96507133528676,377.863,379.862
3,5852,96507133737643,96507133736661,96507134196560,458.917,459.899
3,5853,96507134227220,96507134226534,96507134613714,386.494,387.18
3,5854,96507134815960,96507134814381,96507135272796,456.836,458.415
3,5855,96507135403010,96507135402228,96507135712500,309.49,310.272
3,5856,96507135894056,96507135892101,96507136375173,481.117,483.072
3,5857,96507136481126,96507136479948,96507136980134,499.008,500.186
3,5858,96507137069846,96507137067795,96507137430599,360.753,362.804
3,5859,96507137558493,96507137557667,96507137921586,363.093,363.919
3,5860,96507138146193,96507138145515,96507138507485,361.292,361.97
3,5861,96507138734163,96507138733362,96507139074464,340.301,341.102
3,5862,96507139321993,96507139321209,96507139673935,351.942,352.726
3,5863,96507139813049,96507139811081,96507140314226,501.177,503.145
3,5864,96507140400499,96507140398929,96507140850865,450.366,451.936
3,5865,96507140988579,96507140986776,96507141322760,334.181,335.984
3,5866,96507141477326,96507141476648,96507141925800,448.474,449.152
3,5867,96507142065186,96507142064495,96507142439328,374.142,374.833
3,5868,96507142653066,96507142652343,96507143096250,443.184,443.907
3,5869,96507143143732,96507143142215,96507143630638,486.906,488.423
3,5870,96507143732562,96507143730062,96507144176477,443.915,446.415
3,5871,96507144318942,96507144317909,96507144610071,291.129,292.162
3,5872,96507144808498,96507144807782,96507145278614,470.116,470.832
3,5873,96507145396387,96507145395629,96507145844243,447.856,448.614
3,5874,96507145984167,96507145983476,96507146424452,440.285,440.976
3,5875,96507146572067,96507146571323,96507146922200,350.133,350.877
3,5876,96507147062664,96507147061196,96507147477718,415.054,416.522
3,5877,96507147651514,96507147649043,96507147989596,338.082,340.553
3,5878,96507148238034,96507148236890,96507148650768,412.734,413.878
3,5879,96507148727460,96507148726763,96507149155115,427.655,428.352
3,5880,96507149315340,96507149314610,96507149744215,428.875,429.605
3,5881,96507149903160,96507149902457,96507150283113,379.953,380.656
3,5882,96507150394357,96507150392330,96507150861582,467.225,469.252
3,5883,96507150981847,96507150980177,96507151326828,344.981,346.651
3,5884,96507151570666,96507151568024,96507151972010,401.344,403.986
3,5885,96507152058633,96507152057896,96507152483057,424.424,425.161
3,5886,96507152646433,96507152645744,96507152999035,352.602,353.291
3,5887,96507153234433,96507153233591,96507153598305,363.872,364.714
3,5888,96507153822153,96507153821438,96507154208135,385.982,386.697
3,5889,96507154313399,96507154311310,96507154630700,317.301,319.39
3,5890,96507154900619,96507154899158,96507155344064,443.445,444.906
3,5891,96507155488859,96507155487005,96507155897673,408.814,410.668
3,5892,96507155977666,96507155976877,96507156507704,530.038,530.827
3,5893,96507156565425,96507156564724,96507156974109,408.684,409.385
3,5894,96507157153295,96507157152572,96507157613711,460.416,461.139
3,5895,96507157643501,96507157642444,96507158062276,418.775,419.832
3,5896,96507158232671,96507158230291,96507158622945,390.274,392.654
3,5897,96507158819431,96507158818138,96507159165964,346.533,347.826
3,5898,96507159308728,96507159308011,96507159885287,576.559,577.276
3,5899,96507159896668,96507159895858,96507160295592,398.924,399.734
3,5900,96507160484418,96507160483705,96507160846440,362.022,362.735
3,5901,96507161072368,96507161071552,96507161408698,336.33,337.146
3,5902,96507161562584,96507161561425,96507162028700,466.116,467.275
3,5903,96507162151274,96507162149272,96507162454974,303.7,305.702
3,5904,96507162738274,96507162737119,96507162992753,254.479,255.634
3,5905,96507163227721,96507163226992,96507163647235,419.514,420.243
3,5906,96507163816410,96507163814839,96507164256445,440.035,441.606
3,5907,96507164403520,96507164402686,96507164748292,344.772,345.606
3,5908,96507164895187,96507164892559,96507165304110,408.923,411.551
3,5909,96507165482157,96507165480406,96507165851739,369.582,371.333
3,5910,96507166071537,96507166068253,96507166508131,436.594,439.878
3,5911,96507166558833,96507166558125,96507167017829,458.996,459.704
3,5912,96507167146893,96507167145973,96507167462043,315.15,316.07
3,5913,96507167734983,96507167733820,96507168144157,409.174,410.337
3,5914,96507168322652,96507168321667,96507168780738,458.086,459.071
3,5915,96507168815300,96507168811539,96507169201172,385.872,389.633
3,5916,96507169401119,96507169399387,96507169873565,472.446,474.178
3,5917,96507169990759,96507169987234,96507170390482,399.723,403.248
3,5918,96507170478875,96507170477106,96507171027634,548.759,550.528
3,5919,96507171065735,96507171064953,96507171389797,324.062,324.844
3,5920,96507171653485,96507171652801,96507172049439,395.954,396.638
3,5921,96507172143982,96507172142673,96507172535645,391.663,392.972
3,5922,96507172733021,96507172730520,96507173123065,390.044,392.545
3,5923,96507173319731,96507173318367,96507173638282,318.551,319.915
3,5924,96507173808938,96507173808240,96507174253343,444.405,445.103
3,5925,96507174396958,96507174396087,96507174823943,426.985,427.856
3,5926,96507174984588,96507174983934,96507175452084,467.496,468.15
3,5927,96507175572458,96507175571781,96507175928670,356.212,356.889
3,5928,96507176062904,96507176061654,96507176489709,426.805,428.055
3,5929,96507176651754,96507176649501,96507176987655,335.901,338.154
3,5930,96507177238464,96507177237348,96507177602996,364.532,365.648
3,5931,96507177727951,96507177727221,96507178080322,352.371,353.101
3,5932,96507178315791,96507178315068,96507178719864,404.073,404.796
3,5933,96507178903791,96507178902915,96507179177430,273.639,274.515
3,5934,96507179394927,96507179392788,96507179835752,440.825,442.964
3,5935,96507179981797,96507179980635,96507180398100,416.303,417.465
3,5936,96507180570557,96507180568482,96507180909218,338.661,340.736
3,5937,96507181059013,96507181058354,96507181473317,414.304,414.963
3,5938,96507181646853,96507181646202,96507182041757,394.904,395.555
3,5939,96507182235103,96507182234049,96507182558054,322.951,324.005
3,5940,96507182822902,96507182821896,96507183131653,308.751,309.757
3,5941,96507183313909,96507183311768,96507183688742,374.833,376.974
3,5942,96507183900779,96507183899616,96507184340904,440.125,441.288
3,5943,96507184489339,96507184487463,96507184912534,423.195,425.071
3,5944,96507184978015,96507184977335,96507185460801,482.786,483.466
3,5945,96507185565885,96507185565182,96507185956499,390.614,391.317
3,5946,96507186153845,96507186153030,96507186627472,473.627,474.442
3,5947,96507186644462,96507186642902,96507187003864,359.402,360.962
3,5948,96507187232872,96507187230749,96507187653466,420.594,422.717
3,5949,96507187819922,96507187818596,96507188172834,352.912,354.238
3,5950,96507188309218,96507188308469,96507188733672,424.454,425.203
3,5951,96507188897078,96507188896316,96507189273950,376.872,377.634
3,5952,96507189484878,96507189484163,96507189751936,267.058,267.773
3,5953,96507190072778,96507190072010,96507190438530,365.752,366.52
3,5954,96507190563475,96507190561883,96507191002679,439.204,440.796
3,5955,96507191152125,96507191149730,96507191492415,340.29,342.685
3,5956,96507191738824,96507191737577,96507192092996,354.172,355.419
3,5957,96507192228290,96507192227450,96507192572013,343.723,344.563
3,5958,96507192816060,96507192815297,96507193222505,406.445,407.208
3,5959,96507193403840,96507193403144,96507193728841,325.001,325.697
3,5960,96507193895196,96507193893017,96507194374914,479.718,481.897
3,5961,96507194482076,96507194480864,96507194744506,262.43,263.642
3,5962,96507195070936,96507195068711,96507195385337,314.401,316.626
3,5963,96507195559353,96507195558584,96507195991357,432.004,432.773
3,5964,96507196147183,96507196146431,96507196521446,374.263,375.015
3,5965,96507196734933,96507196734278,96507197058943,324.01,324.665
3,5966,96507197322903,96507197322125,96507197737607,414.704,415.482
3,5967,96507197815259,96507197811997,96507198140381,325.122,328.384
3,5968,96507198401699,96507198399845,96507198872885,471.186,473.04
3,5969,96507198991179,96507198987692,96507199438595,447.416,450.903
3,5970,96507199478336,96507199477564,96507200098996,620.66,621.432
3,5971,96507200066146,96507200065411,96507200472579,406.433,407.168
3,5972,96507200653996,96507200653259,96507201001287,347.291,348.028
3,5973,96507201144282,96507201143131,96507201573747,429.465,430.616
3,5974,96507201733252,96507201730978,96507202178997,445.745,448.019
3,5975,96507202320002,96507202318825,96507202742906,422.904,424.081
3,5976,96507202809479,96507202808698,96507203333816,524.337,525.118
3,5977,96507203397349,96507203396545,96507203682028,284.679,285.483
3,5978,96507203985178,96507203984392,96507204441384,456.206,456.992
3,5979,96507204572927,96507204572239,96507204904729,331.802,332.49
3,5980,96507205063174,96507205062112,96507205552091,488.917,489.979
3,5981,96507205652324,96507205649959,96507206033768,381.444,383.809
3,5982,96507206239274,96507206237806,96507206616037,376.763,378.231
3,5983,96507206728400,96507206727679,96507207198807,470.407,471.128
3,5984,96507207316310,96507207315526,96507207631971,315.661,316.445
3,5985,96507207904160,96507207903373,96507208251482,347.322,348.109
3,5986,96507208395407,96507208393246,96507208923714,528.307,530.468
3,5987,96507208982467,96507208981093,96507209342119,359.652,361.026
3,5988,96507209571097,96507209568940,96507209847436,276.339,278.496
3,5989,96507210059493,96507210058813,96507210490578,431.085,431.765
3,5990,96507210647383,96507210646660,96507211085948,438.565,439.288
3,5991,96507211235203,96507211234507,96507211599336,364.133,364.829
3,5992,96507211823123,96507211822354,96507212171154,348.031,348.8
3,5993,96507212314250,96507212312226,96507212723623,409.373,411.397
3,5994,96507212901229,96507212900074,96507213196449,295.22,296.375
3,5995,96507213489799,96507213487921,96507213838771,348.972,350.85
3,5996,96507213978786,96507213977793,96507214402670,423.884,424.877
3,5997,96507214566536,96507214565640,96507214914187,347.651,348.547
3,5998,96507215154406,96507215153488,96507215600621,446.215,447.133
3,5999,96507215644541,96507215643360,96507216135099,490.558,491.739
3,6000,96507216234052,96507216231207,96507216635055,401.003,403.848
3,6001,96507216820321,96507216819054,96507217157343,337.022,338.289
3,6002,96507217309668,96507217308927,96507217671661,361.993,362.734
3,6003,96507217897438,96507217896774,96507218177537,280.099,280.763
3,6004,96507218485308,96507218484621,96507218901922,416.614,417.301
3,6005,96507219073198,96507219072468,96507219488772,415.574,416.304
3,6006,96507219563674,96507219562341,96507219891096,327.422,328.755
3,6007,96507220152714,96507220150188,96507220537258,384.544,387.07
3,6008,96507220739334,96507220738035,96507221250012,510.678,511.977
3,6009,96507221228651,96507221227908,96507221688487,459.836,460.579
3,6010,96507221816641,96507221815755,96507222231385,414.744,415.63
3,6011,96507222404260,96507222403602,96507222744822,340.562,341.22
3,6012,96507222895597,96507222893475,96507223365053,469.456,471.578
3,6013,96507223482637,96507223481322,96507223874820,392.183,393.498
3,6014,96507224071477,96507224069169,96507224380227,308.75,311.058
3,6015,96507224559734,96507224559042,96507225043569,483.835,484.527
3,6016,96507225147923,96507225146889,96507225493495,345.572,346.606
3,6017,96507225735433,96507225734736,96507226087145,351.712,352.409
3,6018,96507226323323,96507226322583,96507226827820,504.497,505.237
3,6019,96507226814460,96507226812455,96507227168342,353.882,355.887
3,6020,96507227401590,96507227400303,96507227871065,469.475,470.762
3,6021,96507227990530,96507227988150,96507228301770,311.24,313.62
3,6022,96507228478905,96507228478022,96507228935991,457.086,457.969
3,6023,96507229066535,96507229065869,96507229436769,370.234,370.9
3,6024,96507229654475,96507229653717,96507230017908,363.433,364.191
3,6025,96507230145202,96507230143589,96507230521585,376.383,377.996
3,6026,96507230734372,96507230731436,96507231113904,379.532,382.468
3,6027,96507231320652,96507231319283,96507231808338,487.686,489.055
3,6028,96507231810138,96507231809156,96507232260354,450.216,451.198
3,6029,96507232397988,96507232397003,96507232705528,307.54,308.525
3,6030,96507232986358,96507232984850,96507233393761,407.403,408.911
3,6031,96507233573708,96507233572697,96507233911140,337.432,338.443
3,6032,96507234064084,96507234062570,96507234427747,363.663,365.177
3,6033,96507234653664,96507234650417,96507235061988,408.324,411.571
3,6034,96507235239364,96507235238264,96507235581106,341.742,342.842
3,6035,96507235728901,96507235728137,96507236103313,374.412,375.176
3,6036,96507236316731,96507236315984,96507236740205,423.474,424.221
3,6037,96507236904551,96507236903831,96507237315224,410.673,411.393
3,6038,96507237396317,96507237393704,96507237782140,385.823,388.436
3,6039,96507237982927,96507237981551,96507238375880,392.953,394.329
3,6040,96507238571507,96507238569398,96507238984390,412.883,414.992
3,6041,96507239060153,96507239059271,96507239453637,393.484,394.366
3,6042,96507239647803,96507239647118,96507240072347,424.544,425.229
3,6043,96507240235743,96507240234965,96507240591635,355.892,356.67
3,6044,96507240823593,96507240822812,96507241243657,420.064,420.845
3,6045,96507241314799,96507241312684,96507241675922,361.123,363.238
3,6046,96507241901879,96507241900532,96507242264122,362.243,363.59
3,6047,96507242490619,96507242488379,96507242854052,363.433,365.673
3,6048,96507242978946,96507242978251,96507243312947,334.001,334.696
3,6049,96507243566925,96507243566098,96507243984380,417.455,418.282
3,6050,96507244154685,96507244153946,96507244634251,479.566,480.305
3,6051,96507244645292,96507244643818,96507245031675,386.383,387.857
3,6052,96507245233582,96507245231665,96507245697498,463.916,465.833
3,6053,96507245820662,96507245819512,96507246184074,363.412,364.562
3,6054,96507246310158,96507246309385,96507246946200,636.042,636.815
3,6055,96507246898908,96507246897232,96507247430016,531.108,532.784
3,6056,96507247485908,96507247485079,96507247885791,399.883,400.712
3,6057,96507248073668,96507248072926,96507248393159,319.491,320.233
3,6058,96507248564065,96507248562799,96507249117523,553.458,554.724
3,6059,96507249153015,96507249150646,96507249474485,321.47,323.839
3,6060,96507249739845,96507249738493,96507250210350,470.505,471.857
3,6061,96507250229191,96507250228366,96507250682437,453.246,454.071
3,6062,96507250816991,96507250816213,96507251185523,368.532,369.31
3,6063,96507251404860,96507251404060,96507251723961,319.101,319.901
3,6064,96507251895807,96507251893933,96507252278170,382.363,384.237
3,6065,96507252482877,96507252481780,96507252928202,445.325,446.422
3,6066,96507253072607,96507253069627,96507253395458,322.851,325.831
3,6067,96507253560503,96507253559500,96507253930055,369.552,370.555
3,6068,96507254148493,96507254147347,96507254563177,414.684,415.83
3,6069,96507254736233,96507254735194,96507255158258,422.025,423.064
3,6070,96507255324453,96507255323041,96507255653424,328.971,330.383
3,6071,96507255816299,96507255812913,96507256276125,459.826,463.212
3,6072,96507256403289,96507256400761,96507256760121,356.832,359.36
3,6073,96507256991479,96507256988608,96507257317631,326.152,329.023
3,6074,96507257479426,96507257478480,96507257859479,380.053,380.999
3,6075,96507258067086,96507258066327,96507258441358,374.272,375.031
3,6076,96507258654876,96507258654175,96507259100060,445.184,445.885
3,6077,96507259145362,96507259144047,96507259498874,353.512,354.827
3,6078,96507259733832,96507259731894,96507260138056,404.224,406.162
3,6079,96507260321092,96507260319741,96507260652623,331.531,332.882
3,6080,96507260810389,96507260809614,96507261201962,391.573,392.348
3,6081,96507261398159,96507261397461,96507261885984,487.825,488.523
3,6082,96507261986108,96507261985308,96507262372211,386.103,386.903
3,6083,96507262573948,96507262573155,96507262889818,315.87,316.663
3,6084,96507263064175,96507263063028,96507263419186,355.011,356.158
3,6085,96507263652855,96507263650875,96507263992516,339.661,341.641
3,6086,96507264239784,96507264238722,96507264607766,367.982,369.044
3,6087,96507264729290,96507264728595,96507265048971,319.681,320.376
3,6088,96507265317350,96507265316442,96507265654792,337.442,338.35
3,6089,96507265904980,96507265904289,96507266236751,331.771,332.462
3,6090,96507266396177,96507266394162,96507267009208,613.031,615.046
3,6091,96507266983237,96507266982009,96507267270667,287.43,288.658
3,6092,96507267571807,96507267569856,96507267965820,394.013,395.964
3,6093,96507268060453,96507268059729,96507268547150,486.697,487.421
3,6094,96507268648363,96507268647576,96507268939643,291.28,292.067
3,6095,96507269236223,96507269235423,96507269624747,388.524,389.324
3,6096,96507269823993,96507269823270,96507270171614,347.621,348.344
3,6097,96507270315850,96507270313142,96507270727074,411.224,413.932
3,6098,96507270902120,96507270900990,96507271265852,363.732,364.862
3,6099,96507271490789,96507271488837,96507271937154,446.365,448.317
3,6100,96507271979446,96507271978709,96507272575696,596.25,596.987
3,6101,96507272567336,96507272566556,96507272939058,371.722,372.502
3,6102,96507273155116,96507273154404,96507273494107,338.991,339.703
3,6103,96507273645312,96507273644276,96507274068336,423.024,424.06
3,6104,96507274234172,96507274232123,96507274672426,438.254,440.303
3,6105,96507274821252,96507274819970,96507275111741,290.489,291.771
3,6106,96507275310588,96507275309843,96507275779065,468.477,469.222
3,6107,96507275898358,96507275897690,96507276332123,433.765,434.433
3,6108,96507276486298,96507276485537,96507276863941,377.643,378.404
3,6109,96507277074048,96507277073384,96507277353967,279.919,280.583
3,6110,96507277564704,96507277563257,96507278031460,466.756,468.203
3,6111,96507278153114,96507278151104,96507278584770,431.656,433.666
3,6112,96507278740064,96507278738951,96507279220060,479.996,481.109
3,6113,96507279229561,96507279228824,96507279686056,456.495,457.232
3,6114,96507279817781,96507279816671,96507280175103,357.322,358.432
3,6115,96507280405881,96507280404518,96507280850055,444.174,445.537
3,6116,96507280896997,96507280894391,96507281425545,528.548,531.154
3,6117,96507281483507,96507281482238,96507281786988,303.481,304.75
3,6118,96507282072267,96507282070085,96507282508412,436.145,438.327
3,6119,96507282560684,96507282559958,96507283030449,469.765,470.491
3,6120,96507283148523,96507283147805,96507283507805,359.282,360.0
3,6121,96507283736373,96507283735652,96507284119636,383.263,383.984
3,6122,96507284324263,96507284323499,96507284680185,355.922,356.686
3,6123,96507284815480,96507284813372,96507285260965,445.485,447.593
3,6124,96507285403210,96507285401219,96507285765601,362.391,364.382
3,6125,96507285991410,96507285989066,96507286345242,353.832,356.176
3,6126,96507286479876,96507286478938,96507287065415,585.539,586.477
3,6127,96507287067805,96507287066785,96507287381026,313.221,314.241
3,6128,96507287655585,96507287654633,96507288164633,509.048,510.0
3,6129,96507288146423,96507288144505,96507288519245,372.822,374.74
3,6130,96507288735733,96507288732352,96507289168557,432.824,436.205
3,6131,96507289322082,96507289320199,96507289677864,355.782,357.665
3,6132,96507289811418,96507289810072,96507290155580,344.162,345.508
3,6133,96507290398728,96507290397919,96507290809612,410.884,411.693
3,6134,96507290986518,96507290985766,96507291429553,443.035,443.787
3,6135,96507291574258,96507291573613,96507291986952,412.694,413.339
3,6136,96507292064905,96507292063486,96507292479099,414.194,415.613
3,6137,96507292653524,96507292651333,96507292962155,308.631,310.822
3,6138,96507293240404,96507293239180,96507293495253,254.849,256.073
3,6139,96507293729761,96507293729053,96507294153115,423.354,424.062
3,6140,96507294317681,96507294316900,96507294712334,394.653,395.434
3,6141,96507294905511,96507294904747,96507295294114,388.603,389.367
3,6142,96507295396907,96507295394620,96507295918924,522.017,524.304
3,6143,96507295983537,96507295982467,96507296264377,280.84,281.91
3,6144,96507296572327,96507296570314,96507296962691,390.364,392.377
3,6145,96507297060814,96507297060187,96507297379355,318.541,319.168
3,6146,96507297648844,96507297648034,96507298042937,394.093,394.903
3,6147,96507298236704,96507298235881,96507298640786,404.082,404.905
3,6148,96507298824573,96507298823728,96507299178035,353.462,354.307
3,6149,96507299315630,96507299313601,96507299742924,427.294,429.323
3,6150,96507299902519,96507299901448,96507300290933,388.414,389.485
3,6151,96507300492049,96507300489295,96507300792180,300.131,302.885
3,6152,96507300980016,96507300979167,96507301432681,452.665,453.514
3,6153,96507301567766,96507301567014,96507301999240,431.474,432.226
3,6154,96507302155625,96507302154862,96507302508228,352.603,353.366
3,6155,96507302645782,96507302644734,96507303031706,385.924,386.972
3,6156,96507303234632,96507303232581,96507303514142,279.51,281.561
3,6157,96507303821822,96507303820428,96507304191014,369.192,370.586
3,6158,96507304311018,96507304310301,96507304677821,366.803,367.52
3,6159,96507304898838,96507304898148,96507305228920,330.082,330.772
3,6160,96507305486698,96507305485995,96507305839770,353.072,353.775
3,6161,96507306074598,96507306073842,96507306381839,307.241,307.997
3,6162,96507306564915,96507306563715,96507307076002,511.087,512.287
3,6163,96507307154105,96507307151562,96507307544878,390.773,393.316
3,6164,96507307740645,96507307739409,96507308004313,263.668,264.904
3,6165,96507308229971,96507308229282,96507308741608,511.637,512.326
3,6166,96507308817911,96507308817129,96507309290937,473.026,473.808
3,6167,96507309405751,96507309404976,96507309729612,323.861,324.636
3,6168,96507309896998,96507309894849,96507310381853,484.855,487.004
3,6169,96507310484048,96507310482696,96507310778647,294.599,295.951
3,6170,96507311072507,96507311070543,96507311481951,409.444,411.408
3,6171,96507311561153,96507311560416,96507311932686,371.533,372.27
3,6172,96507312149093,96507312148263,96507312520646,371.553,372.383
3,6173,96507312736853,96507312736110,96507313098656,361.803,362.546
3,6174,96507313324703,96507313323957,96507313701116,376.413,377.159
3,6175,96507313815819,96507313813830,96507314123480,307.661,309.65
3,6176,96507314403039,96507314401677,96507314682899,279.86,281.222
3,6177,96507314991389,96507314989524,96507315418724,427.335,429.2
3,6178,96507315480136,96507315479396,96507315941952,461.816,462.556
3,6179,96507316068016,96507316067243,96507316402177,334.161,334.934
3,6180,96507316655856,96507316655091,96507317094881,439.025,439.79
3,6181,96507317146952,96507317144963,96507317591027,444.075,446.064
3,6182,96507317735482,96507317732810,96507318022911,287.429,290.101
3,6183,96507318321832,96507318320657,96507318700485,378.653,379.828
3,6184,96507318811339,96507318810530,96507319194611,383.272,384.081
3,6185,96507319399659,96507319398377,96507319897575,497.916,499.198
3,6186,96507319987229,96507319986224,96507320491555,504.326,505.331
3,6187,96507320574898,96507320574071,96507320926520,351.622,352.449
3,6188,96507321065615,96507321063944,96507321472599,406.984,408.655
3,6189,96507321654415,96507321651791,96507322137681,483.266,485.89
3,6190,96507322241425,96507322239638,96507322820614,579.189,580.976
3,6191,96507322730761,96507322729511,96507323194186,463.425,464.675
3,6192,96507323318270,96507323317358,96507323900311,582.041,582.953
3,6193,96507323906110,96507323905205,96507324362467,456.357,457.262
3,6194,96507324397967,96507324395078,96507325148893,750.926,753.815
3,6195,96507324984337,96507324982925,96507325372470,388.133,389.545
3,6196,96507325573727,96507325570772,96507326032063,458.336,461.291
3,6197,96507326061913,96507326060645,96507326434547,372.634,373.902
3,6198,96507326649383,96507326648492,96507327098249,448.866,449.757
3,6199,96507327237343,96507327236339,96507327724200,486.857,487.861
3,6200,96507327825153,96507327824186,96507328194295,369.142,370.109
3,6201,96507328316790,96507328314059,96507328893989,577.199,579.93
3,6202,96507328903430,96507328901906,96507329193970,290.54,292.064
3,6203,96507329492349,96507329489753,96507330008837,516.488,519.084
3,6204,96507329980646,96507329979625,96507330438991,458.345,459.366
3,6205,96507330568566,96507330567472,96507330923668,355.102,356.196
3,6206,96507331156406,96507331155320,96507331730816,574.41,575.496
3,6207,96507331646593,96507331645192,96507332096907,450.314,451.715
3,6208,96507332235732,96507332233039,96507332727869,492.137,494.83
3,6209,96507332822442,96507332820886,96507333185934,363.492,365.048
3,6210,96507333311739,96507333310759,96507333736743,425.004,425.984
3,6211,96507333899699,96507333898606,96507334283052,383.353,384.446
3,6212,96507334487358,96507334486453,96507334874601,387.243,388.148
3,6213,96507335075288,96507335074300,96507335428640,353.352,354.34
3,6214,96507335565534,96507335564173,96507335945767,380.233,381.594
3,6215,96507336154645,96507336152020,96507336538508,383.863,386.488
3,6216,96507336741484,96507336739867,96507337284923,543.439,545.056
3,6217,96507337230551,96507337229740,96507337722407,491.856,492.667
3,6218,96507337818491,96507337817587,96507338411331,592.84,593.744
3,6219,96507338406311,96507338405434,96507338875996,469.685,470.562
3,6220,96507338897707,96507338895307,96507339540349,642.642,645.042
3,6221,96507339484577,96507339483154,96507339912152,427.575,428.998
3,6222,96507340073617,96507340071001,96507340527312,453.695,456.311
3,6223,96507340561834,96507340560874,96507341320499,758.665,759.625
3,6224,96507341149644,96507341148721,96507341794005,644.361,645.284
3,6225,96507341737483,96507341736568,96507342148627,411.144,412.059
3,6226,96507342325323,96507342324415,96507342833680,508.357,509.265
3,6227,96507342816620,96507342814288,96507343334767,518.147,520.479
3,6228,96507343403620,96507343402135,96507343964859,561.239,562.724
3,6229,96507343992740,96507343989982,96507344328581,335.841,338.599
3,6230,96507344480466,96507344479854,96507345014024,533.558,534.17
3,6231,96507345068436,96507345067701,96507345430978,362.542,363.277
3,6232,96507345656266,96507345655549,96507345915005,258.739,259.456
3,6233,96507346146383,96507346145421,96507346650220,503.837,504.799
3,6234,96507346735553,96507346733268,96507347150816,415.263,417.548
3,6235,96507347322352,96507347321115,96507347591561,269.209,270.446
3,6236,96507347811688,96507347810988,96507348356767,545.079,545.779
3,6237,96507348399738,96507348398835,96507348748221,348.483,349.386
3,6238,96507348987708,96507348986682,96507349381301,393.593,394.619
3,6239,96507349575328,96507349574529,96507349985272,409.944,410.743
3,6240,96507350065825,96507350064402,96507350591602,525.777,527.2
3,6241,96507350654304,96507350652249,96507351028458,374.154,376.209
3,6242,96507351241294,96507351240096,96507351650048,408.754,409.952
3,6243,96507351730711,96507351729969,96507352071443,340.732,341.474
3,6244,96507352318481,96507352317816,96507352607871,289.39,290.055
3,6245,96507352906481,96507352905663,96507353307665,401.184,402.002
3,6246,96507353397557,96507353395536,96507353841762,444.205,446.226
3,6247,96507353984577,96507353983383,96507354414522,429.945,431.139
3,6248,96507354573027,96507354571230,96507354975381,402.354,404.151
3,6249,96507355061864,96507355061103,96507355582871,521.007,521.768
3,6250,96507355649684,96507355648950,96507355980105,330.421,331.155
3,6251,96507356238164,96507356236797,96507356556794,318.63,319.997
3,6252,96507356825424,96507356824644,96507357184795,359.371,360.151
3,6253,96507357316830,96507357314517,96507357696483,379.653,381.966
3,6254,96507357903449,96507357902364,96507358367125,463.676,464.761
3,6255,96507358492210,96507358490211,96507358846891,354.681,356.68
3,6256,96507358980826,96507358980083,96507359448582,467.756,468.499
3,6257,96507359568896,96507359567931,96507359934138,365.242,366.207
3,6258,96507360156425,96507360155778,96507360568090,411.665,412.312
3,6259,96507360646992,96507360645650,96507361094998,448.006,449.348
3,6260,96507361235502,96507361233497,96507361702978,467.476,469.481
3,6261,96507361822572,96507361821344,96507362125062,302.49,303.718
3,6262,96507362311859,96507362311217,96507362782084,470.225,470.867
3,6263,96507362900288,96507362899064,96507363265701,365.413,366.637
3,6264,96507363487688,96507363486911,96507363896992,409.304,410.081
3,6265,96507364075498,96507364074758,96507364416440,340.942,341.682
3,6266,96507364565755,96507364564631,96507365045061,479.306,480.43
3,6267,96507365154685,96507365152478,96507365507097,352.412,354.619
3,6268,96507365741615,96507365740325,96507366123607,381.992,383.282
3,6269,96507366231111,96507366230198,96507366578603,347.492,348.405
3,6270,96507366818781,96507366818045,96507367264796,446.015,446.751
3,6271,96507367407171,96507367405892,96507367791344,384.173,385.452
3,6272,96507367897778,96507367895765,96507368324472,426.694,428.707
3,6273,96507368484978,96507368483612,96507368790058,305.08,306.446
3,6274,96507369073627,96507369071459,96507369494911,421.284,423.452
3,6275,96507369562334,96507369561332,96507370013409,451.075,452.077
3,6276,96507370149933,96507370149179,96507370414082,264.149,264.903
3,6277,96507370737683,96507370737026,96507371166957,429.274,429.931
3,6278,96507371325563,96507371324873,96507371759468,433.905,434.595
3,6279,96507371816709,96507371814746,96507372261035,444.326,446.289
3,6280,96507372403939,96507372402593,96507372864225,460.286,461.632
3,6281,96507372992729,96507372990440,96507373375163,382.434,384.723
3,6282,96507373481096,96507373480312,96507374015304,534.208,534.992
3,6283,96507374069406,96507374068160,96507374537241,467.835,469.081
3,6284,96507374656816,96507374656007,96507375090971,434.155,434.964
3,6285,96507375147672,96507375145879,96507375494534,346.862,348.655
3,6286,96507375736012,96507375733726,96507376119005,382.993,385.279
3,6287,96507376322792,96507376321573,96507376746026,423.234,424.453
3,6288,96507376812299,96507376811446,96507377227013,414.714,415.567
3,6289,96507377400289,96507377399293,96507377718969,318.68,319.676
3,6290,96507377987889,96507377987140,96507378355681,367.792,368.541
3,6291,96507378575769,96507378574987,96507378933630,357.861,358.643
3,6292,96507379066075,96507379064860,96507379506340,440.265,441.48
3,6293,96507379655345,96507379652707,96507380005896,350.551,353.189
3,6294,96507380241815,96507380240554,96507380589596,347.781,349.042
3,6295,96507380731372,96507380730427,96507381170246,438.874,439.819
3,6296,96507381318991,96507381318274,96507381652653,333.662,334.379
3,6297,96507381906860,96507381906121,96507382321955,415.095,415.834
3,6298,96507382397898,96507382395994,96507382849162,451.264,453.168
3,6299,96507382985087,96507382983841,96507383314228,329.141,330.387
3,6300,96507383573997,96507383571688,96507383889888,315.891,318.2
3,6301,96507384062323,96507384061561,96507384458797,396.474,397.236
3,6302,96507384650303,96507384649408,96507385061928,411.625,412.52
3,6303,96507385238143,96507385237255,96507385482022,243.879,244.767
3,6304,96507385825783,96507385825102,96507386278049,452.266,452.947
3,6305,96507386316760,96507386314975,96507386691143,374.383,376.168
3,6306,96507386904130,96507386902822,96507387325244,421.114,422.422
3,6307,96507387492620,96507387490669,96507387738608,245.988,247.939
3,6308,96507387981226,96507387980541,96507388661779,680.553,681.238
3,6309,96507388569136,96507388568389,96507389097584,528.448,529.195
3,6310,96507389157146,96507389156236,96507389689674,532.528,533.438
3,6311,96507389647483,96507389646108,96507390058436,410.953,412.328
3,6312,96507390236932,96507390233955,96507390609895,372.963,375.94
3,6313,96507390823062,96507390821802,96507391174614,351.552,352.812
3,6314,96507391312399,96507391311675,96507391863198,550.799,551.523
3,6315,96507391900559,96507391899522,96507392265840,365.281,366.318
3,6316,96507392488149,96507392487369,96507392810469,322.32,323.1
3,6317,96507393075778,96507393075216,96507393330127,254.349,254.911
3,6318,96507393566615,96507393565089,96507394100783,534.168,535.694
3,6319,96507394154905,96507394152936,96507394465395,310.49,312.459
3,6320,96507394742294,96507394740783,96507395171409,429.115,430.626
3,6321,96507395231351,96507395230656,96507395700197,468.846,469.541
3,6322,96507395819291,96507395818503,96507396185173,365.882,366.67
3,6323,96507396407091,96507396406350,96507396833145,426.054,426.795
3,6324,96507396898637,96507396896223,96507397288141,389.504,391.918
3,6325,96507397485157,96507397484070,96507397884221,399.064,400.151
3,6326,96507398074067,96507398071917,96507398542223,468.156,470.306
3,6327,96507398562534,96507398561790,96507398985788,423.254,423.998
3,6328,96507399150374,96507399149637,96507399516666,366.292,367.029
3,6329,96507399738184,96507399737484,96507400115736,377.552,378.252
3,6330,96507400326063,96507400325331,96507400736677,410.614,411.346
3,6331,96507400817100,96507400815204,96507401210313,393.213,395.109
3,6332,96507401404100,96507401403051,96507401796603,392.503,393.552
3,6333,96507401992880,96507401990898,96507402256138,263.258,265.24
3,6334,96507402481476,96507402480770,96507402864129,382.653,383.359
3,6335,96507403069376,96507403068618,96507403404937,335.561,336.319
3,6336,96507403657186,96507403656465,96507404067030,409.844,410.565
3,6337,96507404148063,96507404146337,96507404670360,522.297,524.023
3,6338,96507404736333,96507404734184,96507405244679,508.346,510.495
3,6339,96507405323783,96507405322031,96507405726745,402.962,404.714
3,6340,96507405812778,96507405811904,96507406450590,637.812,638.686
3,6341,96507406400558,96507406399751,96507406724690,324.132,324.939
3,6342,96507406988238,96507406987598,96507407434634,446.396,447.036
3,6343,96507407576278,96507407575445,96507407874059,297.781,298.614
3,6344,96507408067075,96507408065318,96507408765918,698.843,700.6
3,6345,96507408655834,96507408653165,96507409023277,367.443,370.112
3,6346,96507409242424,96507409241012,96507409705640,463.216,464.628
3,6347,96507409731851,96507409730885,96507410166486,434.635,435.601
3,6348,96507410319671,96507410318732,96507410654202,334.531,335.47
3,6349,96507410907711,96507410906579,96507411258293,350.582,351.714
3,6350,96507411399257,96507411396452,96507412136262,737.005,739.81
3,6351,96507411985827,96507411984299,96507412311999,326.172,327.7
3,6352,96507412574947,96507412572146,96507413094514,519.567,522.368
3,6353,96507413063024,96507413062019,96507413597191,534.167,535.172
3,6354,96507413650774,96507413649866,96507413969725,318.951,319.859
3,6355,96507414238644,96507414237713,96507414586705,348.061,348.992
3,6356,96507414826464,96507414825560,96507415260258,433.794,434.698
3,6357,96507415318210,96507415315433,96507415747435,429.225,432.002
3,6358,96507415904790,96507415903280,96507416321064,416.274,417.784
3,6359,96507416493980,96507416491127,96507416873083,379.103,381.956
3,6360,96507416981937,96507416980999,96507417524595,542.658,543.596
3,6361,96507417569796,96507417568847,96507418061453,491.657,492.606
3,6362,96507418157606,96507418156694,96507418692164,534.558,535.47
3,6363,96507418648112,96507418646566,96507419171240,523.128,524.674
3,6364,96507419237052,96507419234413,96507419718389,481.337,483.976
3,6365,96507419824122,96507419822260,96507420367481,543.359,545.221
3,6366,96507420312929,96507420312133,96507420944860,631.931,632.727
3,6367,96507420900948,96507420899980,96507421262651,361.703,362.671
3,6368,96507421488748,96507421487827,96507422022977,534.229,535.15
3,6369,96507422076618,96507422075674,96507422590736,514.118,515.062
3,6370,96507422566945,96507422565547,96507422931207,364.262,365.66
3,6371,96507423156685,96507423153394,96507423664002,507.317,510.608
3,6372,96507423742685,96507423741241,96507424197850,455.165,456.609
3,6373,96507424232051,96507424231114,96507424671666,439.615,440.552
3,6374,96507424819901,96507424818961,96507425178693,358.792,359.732
3,6375,96507425407931,96507425406808,96507425858177,450.246,451.369
3,6376,96507425899418,96507425896681,96507426369573,470.155,472.892
3,6377,96507426486098,96507426484528,96507426839870,353.772,355.342
3,6378,96507427075158,96507427072375,96507427558173,483.015,485.798
3,6379,96507427563234,96507427562248,96507428033270,470.036,471.022
3,6380,96507428151224,96507428150095,96507428504825,353.601,354.73
3,6381,96507428738864,96507428737942,96507429237790,498.926,499.848
3,6382,96507429326784,96507429325789,96507429788409,461.625,462.62
3,6383,96507429818770,96507429815662,96507430255605,436.835,439.943
3,6384,96507430405129,96507430403509,96507430904887,499.758,501.378
3,6385,96507431023391,96507430991356,96507431402564,379.173,411.208
3,6386,96507431483446,96507431481228,96507432087167,603.721,605.939
3,6387,96507432071546,96507432069076,96507432594464,522.918,525.388
3,6388,96507432659226,96507432656923,96507432989797,330.571,332.874
3,6389,96507433150662,96507433146795,96507433555736,405.074,408.941
3,6390,96507433742283,96507433734642,96507434121456,379.173,386.814
3,6391,96507434325902,96507434322489,96507434801308,475.406,478.819
3,6392,96507434814489,96507434812362,96507435364038,549.549,551.676
3,6393,96507435402249,96507435400209,96507435684948,282.699,284.739
3,6394,96507435990169,96507435988056,96507436367532,377.363,379.476
3,6395,96507436577929,96507436575903,96507436914329,336.4,338.426
3,6396,96507437069175,96507437065776,96507437471539,402.364,405.763
3,6397,96507437660415,96507437653623,96507438103530,443.115,449.907
3,6398,96507438245085,96507438241470,96507438687490,442.405,446.02
3,6399,96507438733712,96507438731343,96507439150826,417.114,419.483
3,6400,96507439320012,96507439319190,96507439662253,342.241,343.063
3,6401,96507439907831,96507439907037,96507440348556,440.725,441.519
3,6402,96507440400588,96507440396910,96507440872473,471.885,475.563
3,6403,96507440986268,96507440984757,96507441321579,335.311,336.822
3,6404,96507441575358,96507441572604,96507441949910,374.552,377.306
3,6405,96507442063143,96507442062477,96507442399365,336.222,336.888
3,6406,96507442651073,96507442650324,96507443196372,545.299,546.048
3,6407,96507443238903,96507443238171,96507443600126,361.223,361.955
3,6408,96507443826713,96507443826018,96507444221636,394.923,395.618
3,6409,96507444318690,96507444315891,96507444710183,391.493,394.292
3,6410,96507444905210,96507444903738,96507445308503,403.293,404.765
3,6411,96507445493690,96507445491585,96507445888333,394.643,396.748
3,6412,96507445982456,96507445981457,96507446326108,343.652,344.651
3,6413,96507446570236,96507446569305,96507447069833,499.597,500.528
3,6414,96507447158016,96507447157152,96507447514458,356.442,357.306
3,6415,96507447648513,96507447647024,96507448238672,590.159,591.648
3,6416,96507448237143,96507448234871,96507448599175,362.032,364.304
3,6417,96507448824052,96507448822719,96507449201055,377.003,378.336
3,6418,96507449313419,96507449312591,96507449787504,474.085,474.913
3,6419,96507449901169,96507449900438,96507450386215,485.046,485.777
3,6420,96507450489039,96507450488285,96507450802309,313.27,314.024
3,6421,96507451076889,96507451076132,96507451439591,362.702,363.459
3,6422,96507451567215,96507451566005,96507452222527,655.312,656.522
3,6423,96507452156285,96507452153852,96507452624821,468.536,470.969
3,6424,96507452743515,96507452741699,96507453168709,425.194,427.01
3,6425,96507453232501,96507453231572,96507453945056,712.555,713.484
3,6426,96507453820161,96507453819419,96507454267716,447.555,448.297
3,6427,96507454408031,96507454407266,96507454894177,486.146,486.911
3,6428,96507454899928,96507454897139,96507455466917,566.989,569.778
3,6429,96507455486187,96507455484986,96507455965363,479.176,480.377
3,6430,96507456076297,96507456072833,96507456495842,419.545,423.009
3,6431,96507456563544,96507456562706,96507456907055,343.511,344.349
3,6432,96507457151284,96507457150553,96507457462284,311.0,311.731
3,6433,96507457739234,96507457738400,96507458237211,497.977,498.811
3,6434,96507458327073,96507458326247,96507458713617,386.544,387.37
3,6435,96507458818330,96507458816120,96507459335507,517.177,519.387
3,6436,96507459405290,96507459403967,96507459719651,314.361,315.684
3,6437,96507459993980,96507459991814,96507460369893,375.913,378.079
3,6438,96507460482527,96507460481686,96507460929801,447.274,448.115
3,6439,96507461070326,96507461069534,96507461420318,349.992,350.784
3,6440,96507461658046,96507461657381,96507462082190,424.144,424.809
3,6441,96507462148333,96507462147253,96507462571847,423.514,424.594
3,6442,96507462736893,96507462735100,96507463212549,475.656,477.449
3,6443,96507463324183,96507463322948,96507463748906,424.723,425.958
3,6444,96507463813529,96507463812820,96507464301445,487.916,488.625
3,6445,96507464401368,96507464400667,96507464907116,505.748,506.449
3,6446,96507464989278,96507464988514,96507465361651,372.373,373.137
3,6447,96507465577238,96507465576361,96507465927450,350.212,351.089
3,6448,96507466067545,96507466066234,96507466602413,534.868,536.179
3,6449,96507466656235,96507466654081,96507466994276,338.041,340.195
3,6450,96507467243035,96507467241928,96507467535815,292.78,293.887
3,6451,96507467732581,96507467731801,96507468195547,462.966,463.746
3,6452,96507468320391,96507468319648,96507468591930,271.539,272.282
3,6453,96507468908261,96507468907495,96507469255832,347.571,348.337
3,6454,96507469399747,96507469397368,96507469892874,493.127,495.506
3,6455,96507469986367,96507469985215,96507470296748,310.381,311.533
3,6456,96507470575457,96507470573062,96507470976441,400.984,403.379
3,6457,96507471063634,96507471062935,96507471582521,518.887,519.586
3,6458,96507471651614,96507471650782,96507472221693,570.079,570.911
3,6459,96507472239294,96507472238629,96507472639327,400.033,400.698
3,6460,96507472827164,96507472826476,96507473176655,349.491,350.179
3,6461,96507473318490,96507473316349,96507473786546,468.056,470.197
3,6462,96507473905350,96507473904196,96507474221441,316.091,317.245
3,6463,96507474494500,96507474492043,96507474860653,366.153,368.61
3,6464,96507474982747,96507474981915,96507475320848,338.101,338.933
3,6465,96507475570517,96507475569763,96507475953549,383.032,383.786
3,6466,96507476158407,96507476157610,96507476538429,380.022,380.819
3,6467,96507476649133,96507476647482,96507477049766,400.633,402.284
3,6468,96507477238733,96507477235329,96507477698628,459.895,463.299
3,6469,96507477824572,96507477823177,96507478144974,320.402,321.797
3,6470,96507478313699,96507478313049,96507478735453,421.754,422.404
3,6471,96507478901619,96507478900896,96507479303742,402.123,402.846
3,6472,96507479489438,96507479488743,96507479939134,449.696,450.391
3,6473,96507480077308,96507480076590,96507480467942,390.634,391.352
3,6474,96507480567425,96507480566463,96507481081302,513.877,514.839
3,6475,96507481156905,96507481154310,96507481529198,372.293,374.888
3,6476,96507481743485,96507481742157,96507482071046,327.561,328.889
3,6477,96507482232971,96507482232030,96507482637215,404.244,405.185
3,6478,96507482820681,96507482819877,96507483257206,436.525,437.329
3,6479,96507483408541,96507483407724,96507483836856,428.315,429.132
3,6480,96507483899868,96507483897597,96507484330842,430.974,433.245
3,6481,96507484486818,96507484485444,96507484876511,389.693,391.067
3,6482,96507485075258,96507485073291,96507485481201,405.943,407.91
3,6483,96507485563874,96507485563164,96507485989318,425.444,426.154
3,6484,96507486151754,96507486151011,96507486504395,352.641,353.384
3,6485,96507486739554,96507486738858,96507487143298,403.744,404.44
3,6486,96507487327414,96507487326705,96507487714707,387.293,388.002
3,6487,96507487818941,96507487816578,96507488163922,344.981,347.344
3,6488,96507488405511,96507488404425,96507488904787,499.276,500.362
3,6489,96507488994630,96507488992272,96507489256539,261.909,264.267
3,6490,96507489482896,96507489482144,96507490020244,537.348,538.1
3,6491,96507490070726,96507490069992,96507490462539,391.813,392.547
3,6492,96507490658576,96507490657839,96507491169983,511.407,512.144
3,6493,96507491149212,96507491147711,96507491647310,498.098,499.599
3,6494,96507491737672,96507491735558,96507492180467,442.795,444.909
3,6495,96507492324852,96507492323406,96507492657793,332.941,334.387
3,6496,96507492813999,96507492813278,96507493369377,555.378,556.099
3,6497,96507493401789,96507493401125,96507493720060,318.271,318.935
3,6498,96507493989719,96507493988972,96507494416703,426.984,427.731
3,6499,96507494577579,96507494576819,96507494795306,217.727,218.487
3,6500,96507495067855,96507495066692,96507495457389,389.534,390.697
3,6501,96507495656875,96507495654539,96507496097380,440.505,442.841
3,6502,96507496243705,96507496242386,96507496680670,436.965,438.284
3,6503,96507496733022,96507496732259,96507497281090,548.068,548.831
3,6504,96507497320862,96507497320106,96507497679763,358.901,359.657
3,6505,96507497908692,96507497907953,96507498373607,464.915,465.654
3,6506,96507498399978,96507498397826,96507498951077,551.099,553.251
3,6507,96507498987268,96507498985673,96507499379151,391.883,393.478
3,6508,96507499575638,96507499573520,96507500020213,444.575,446.693
3,6509,96507500064085,96507500063393,96507500403325,339.24,339.932
3,6510,96507500651943,96507500651240,96507501024847,372.904,373.607
3,6511,96507501239743,96507501239087,96507501553844,314.101,314.757
3,6512,96507501827663,96507501826934,96507502264498,436.835,437.564
3,6513,96507502318880,96507502316807,96507502689913,371.033,373.106
3,6514,96507502905890,96507502904654,96507503272552,366.662,367.898
3,6515,96507503494580,96507503492501,96507503937664,443.084,445.163
3,6516,96507503983126,96507503982373,96507504366809,383.683,384.436
3,6517,96507504570966,96507504570221,96507505078504,507.538,508.283
3,6518,96507505158856,96507505158068,96507505668284,509.428,510.216
3,6519,96507505649233,96507505647940,96507506043006,393.773,395.066
3,6520,96507506237783,96507506235787,96507506589635,351.852,353.848
3,6521,96507506825952,96507506823635,96507507105802,279.85,282.167
3,6522,96507507314399,96507507313507,96507507797805,483.406,484.298
3,6523,96507507902099,96507507901354,96507508266832,364.733,365.478
3,6524,96507508490199,96507508489201,96507508906423,416.224,417.222
3,6525,96507509077769,96507509077048,96507509460542,382.773,383.494
3,6526,96507509568015,96507509566921,96507510112293,544.278,545.372
3,6527,96507510156875,96507510154768,96507510579619,422.744,424.851
3,6528,96507510743695,96507510742615,96507511208941,465.246,466.326
3,6529,96507511233482,96507511232488,96507511816301,582.819,583.813
3,6530,96507511821281,96507511820335,96507512236765,415.484,416.43
3,6531,96507512409161,96507512408182,96507512696021,286.86,287.839
3,6532,96507512900398,96507512898055,96507513487177,586.779,589.122
3,6533,96507513487697,96507513485902,96507513909832,422.135,423.93
3,6534,96507514075907,96507514073749,96507514615795,539.888,542.046
3,6535,96507514564434,96507514563622,96507515105372,540.938,541.75
3,6536,96507515152584,96507515151469,96507515661621,509.037,510.152
3,6537,96507515740224,96507515739316,96507516080895,340.671,341.579
3,6538,96507516328384,96507516327163,96507516719947,391.563,392.784
3,6539,96507516820420,96507516817036,96507517344338,523.918,527.302
3,6540,96507517406430,96507517404883,96507517864015,457.585,459.132
3,6541,96507518017721,96507517992730,96507518428725,411.004,435.995
3,6542,96507518484747,96507518482602,96507518939582,454.835,456.98
3,6543,96507519072646,96507519070450,96507519395657,323.011,325.207
3,6544,96507519660476,96507519658297,96507520089801,429.325,431.504
3,6545,96507520151503,96507520148169,96507520689641,538.138,541.472
3,6546,96507520742933,96507520736016,96507521124725,381.792,388.709
3,6547,96507521327063,96507521323864,96507521757277,430.214,433.413
3,6548,96507521815679,96507521813736,96507522260024,444.345,446.288
3,6549,96507522403489,96507522401583,96507522806543,403.054,404.96
3,6550,96507522991689,96507522989430,96507523438964,447.275,449.534
3,6551,96507523579229,96507523577278,96507523941361,362.132,364.083
3,6552,96507524070656,96507524067150,96507524529761,459.105,462.611
3,6553,96507524661235,96507524654997,96507525101260,440.025,446.263
3,6554,96507525246285,96507525242844,96507525628318,382.033,385.474
3,6555,96507525734881,96507525732717,96507526212837,477.956,480.12
3,6556,96507526322261,96507526320564,96507526728175,405.914,407.611
3,6557,96507526910191,96507526908411,96507527364206,454.015,455.795
3,6558,96507527404898,96507527398284,96507527798762,393.864,400.478
3,6559,96507527989087,96507527986131,96507528286548,297.461,300.417
3,6560,96507528580198,96507528573978,96507528890528,310.33,316.55
3,6561,96507529065774,96507529063851,96507529461667,395.893,397.816
3,6562,96507529653774,96507529651698,96507530047067,393.293,395.369
3,6563,96507530241184,96507530239545,96507530622317,381.133,382.772
3,6564,96507530829264,96507530827392,96507531276038,446.774,448.646
3,6565,96507531323240,96507531317265,96507531685733,362.493,368.468
3,6566,96507531908480,96507531905112,96507532309164,400.684,404.052
3,6567,96507532499410,96507532492959,96507532862203,362.793,369.244
3,6568,96507532984687,96507532982831,96507533500184,515.497,517.353
3,6569,96507533572477,96507533570679,96507533947959,375.482,377.28
3,6570,96507534160527,96507534158526,96507534642463,481.936,483.937
3,6571,96507534651693,96507534648398,96507535114649,462.956,466.251
3,6572,96507535242723,96507535236245,96507535600385,357.662,364.14
3,6573,96507535827563,96507535824093,96507536187645,360.082,363.552
3,6574,96507536315950,96507536313965,96507536882059,566.109,568.094
3,6575,96507536904200,96507536901812,96507537365115,460.915,463.303
3,6576,96507537491838,96507537489659,96507537800720,308.882,311.061
3,6577,96507538079138,96507538077507,96507538356608,277.47,279.101
3,6578,96507538570716,96507538567379,96507539050772,480.056,483.393
3,6579,96507539162146,96507539155226,96507539476606,314.46,321.38
3,6580,96507539746595,96507539743073,96507540091156,344.561,348.083
3,6581,96507540234911,96507540232946,96507540783880,548.969,550.934
3,6582,96507540822641,96507540820793,96507541312138,489.497,491.345
3,6583,96507541410711,96507541408640,96507541722592,311.881,313.952
3,6584,96507541905479,96507541898513,96507542470558,565.079,572.045
3,6585,96507542489638,96507542486360,96507542934952,445.314,448.592
3,6586,96507543080527,96507543074207,96507543563984,483.457,489.777
3,6587,96507543566124,96507543564080,96507544045160,479.036,481.08
3,6588,96507544153894,96507544151927,96507544667082,513.188,515.155
3,6589,96507544741774,96507544739774,96507545099576,357.802,359.802
3,6590,96507545330224,96507545327621,96507545760518,430.294,432.897
3,6591,96507545827300,96507545817494,96507546180682,353.382,363.188
3,6592,96507546409110,96507546405341,96507546857155,448.045,451.814
3,6593,96507547000690,96507546993188,96507547328832,328.142,335.644
3,6594,96507547486037,96507547483060,96507548059437,573.4,576.377
3,6595,96507548073087,96507548070908,96507548472340,399.253,401.432
3,6596,96507548660537,96507548658755,96507549106892,446.355,448.137
3,6597,96507549152313,96507549148627,96507549545977,393.664,397.35
3,6598,96507549742313,96507549736474,96507550225429,483.116,488.955
3,6599,96507550327812,96507550324322,96507550664574,336.762,340.252
3,6600,96507550816149,96507550814194,96507551341237,525.088,527.043
3,6601,96507551404629,96507551402041,96507551872895,468.266,470.854
3,6602,96507551992279,96507551989888,96507552437384,445.105,447.496
3,6603,96507552580429,96507552577736,96507552962221,381.792,384.485
3,6604,96507553070945,96507553067608,96507553516311,445.366,448.703
3,6605,96507553662006,96507553655455,96507554040148,378.142,384.693
3,6606,96507554246795,96507554243302,96507554594927,348.132,351.625
3,6607,96507554735332,96507554733175,96507555158676,423.344,425.501
3,6608,96507555322992,96507555321022,96507555702984,379.992,381.962
3,6609,96507555910812,96507555908869,96507556262164,351.352,353.295
3,6610,96507556404888,96507556398742,96507556908225,503.337,509.483
3,6611,96507556989788,96507556986589,96507557414343,424.555,427.754
3,6612,96507557581318,96507557574436,96507557928189,346.871,353.753
3,6613,96507558066285,96507558064309,96507558477598,411.313,413.289
3,6614,96507558654084,96507558652156,96507559071249,417.165,419.093
3,6615,96507559241974,96507559240003,96507559546674,304.7,306.671
3,6616,96507559829774,96507559827850,96507560187046,357.272,359.196
3,6617,96507560324881,96507560317723,96507560819647,494.766,501.924
3,6618,96507560910101,96507560905570,96507561334194,424.093,428.624
3,6619,96507561500450,96507561493417,96507561950606,450.156,457.189
3,6620,96507561985106,96507561983289,96507562464172,479.066,480.883
3,6621,96507562572996,96507562571137,96507563042213,469.217,471.076
3,6622,96507563161516,96507563158984,96507563631403,469.887,472.419
3,6623,96507563651883,96507563648856,96507564140929,489.046,492.073
3,6624,96507564243323,96507564236703,96507564506152,262.829,269.449
3,6625,96507564827703,96507564824551,96507565137894,310.191,313.343
3,6626,96507565316529,96507565314423,96507565853578,537.049,539.155
3,6627,96507565904139,96507565902270,96507566358664,454.525,456.394
3,6628,96507566491879,96507566490117,96507566917924,426.045,427.807
3,6629,96507567079639,96507567077965,96507567350928,271.289,272.963
3,6630,96507567570875,96507567567837,96507568107324,536.449,539.487
3,6631,96507568162795,96507568155684,96507568433174,270.379,277.49
3,6632,96507568746715,96507568743531,96507569187800,441.085,444.269
3,6633,96507569235462,96507569233404,96507569759890,524.428,526.486
3,6634,96507569823192,96507569821251,96507570349660,526.468,528.409
3,6635,96507570411062,96507570409098,96507570673500,262.438,264.402
3,6636,96507570905578,96507570898971,96507571320482,414.904,421.511
3,6637,96507571490408,96507571486818,96507571784928,294.52,298.11
3,6638,96507572080768,96507572074665,96507572554013,473.245,479.348
3,6639,96507572566694,96507572564538,96507573039950,473.256,475.412
3,6640,96507573154454,96507573152385,96507573474965,320.511,322.58
3,6641,96507573742164,96507573740232,96507574096406,354.242,356.174
3,6642,96507574330084,96507574328079,96507574653255,323.171,325.176
3,6643,96507574824741,96507574817952,96507575383759,559.018,565.807
3,6644,96507575409180,96507575405799,96507575789313,380.133,383.514
3,6645,96507576000581,96507575993646,96507576400974,400.393,407.328
3,6646,96507576485617,96507576483518,96507576961843,476.226,478.325
3,6647,96507577073017,96507577071366,96507577382217,309.2,310.851
3,6648,96507577661606,96507577659213,96507578135053,473.447,475.84
3,6649,96507578152623,96507578149085,96507578522715,370.092,373.63
3,6650,96507578744993,96507578736932,96507579211208,466.215,474.276
3,6651,96507579328813,96507579324780,96507579635063,306.25,310.283
3,6652,96507579816669,96507579814652,96507580259664,442.995,445.012
3,6653,96507580404869,96507580402499,96507580859675,454.806,457.176
3,6654,96507580992749,96507580990346,96507581440064,447.315,449.718
3,6655,96507581579979,96507581578194,96507581919260,339.281,341.066
3,6656,96507582070936,96507582068066,96507582457748,386.812,389.682
3,6657,96507582661826,96507582655913,96507583027628,365.802,371.715
3,6658,96507583247436,96507583243760,96507583620768,373.332,377.008
3,6659,96507583735532,96507583733633,96507584155026,419.494,421.393
3,6660,96507584323622,96507584321480,96507584722955,399.333,401.475
3,6661,96507584911201,96507584909327,96507585320615,409.414,411.288
3,6662,96507585405438,96507585399200,96507585816102,410.664,416.902
3,6663,96507585990257,96507585987047,96507586427633,437.376,440.586
3,6664,96507586581008,96507586574894,96507586961161,380.153,386.267
3,6665,96507587066804,96507587064767,96507587511390,444.586,446.623
3,6666,96507587654854,96507587652614,96507588253934,599.08,601.32
3,6667,96507588242384,96507588240461,96507588591926,349.542,351.465
3,6668,96507588830524,96507588828308,96507589173925,343.401,345.617
3,6669,96507589325340,96507589318181,96507589805067,479.727,486.886
3,6670,96507589909380,96507589906028,96507590268822,359.442,362.794
3,6671,96507590500960,96507590493875,96507590817211,316.251,323.336
3,6672,96507590985727,96507590983747,96507591385131,399.404,401.384
3,6673,96507591573817,96507591571595,96507591946439,372.622,374.844
3,6674,96507592161457,96507592159442,96507592512398,350.941,352.956
3,6675,96507592652783,96507592649314,96507593048726,395.943,399.412
3,6676,96507593243963,96507593237161,96507593580335,336.372,343.174
3,6677,96507593828463,96507593825009,96507594154113,325.65,329.104
3,6678,96507594317030,96507594314881,96507594802446,485.416,487.565
3,6679,96507594904710,96507594902728,96507595362245,457.535,459.517
3,6680,96507595492610,96507595490575,96507595920424,427.814,429.849
3,6681,96507596080349,96507596078423,96507596457841,377.492,379.418
3,6682,96507596571556,96507596568295,96507597036242,464.686,467.947
3,6683,96507597163196,96507597156142,96507597483896,320.7,327.754
3,6684,96507597747185,96507597743989,96507598144199,397.014,400.21
3,6685,96507598236021,96507598233862,96507598591473,355.452,357.611
3,6686,96507598823871,96507598821709,96507599198674,374.803,376.965
3,6687,96507599411601,96507599409556,96507599718282,306.681,308.726
3,6688,96507599906319,96507599899429,96507600316642,410.323,417.213
3,6689,96507600491568,96507600487276,96507600877401,385.833,390.125
3,6690,96507601083418,96507601075123,96507601516393,432.975,441.27
3,6691,96507601566654,96507601564996,96507602059031,492.377,494.035
3,6692,96507602155424,96507602152843,96507602662291,506.867,509.448
3,6693,96507602742404,96507602740690,96507603057705,315.301,317.015
3,6694,96507603330624,96507603328537,96507603804770,474.146,476.233
3,6695,96507603824960,96507603818410,96507604210624,385.664,392.214
3,6696,96507604409361,96507604406257,96507604873136,463.775,466.879
3,6697,96507605000640,96507604994104,96507605363663,363.023,369.559
3,6698,96507605486397,96507605483976,96507606046085,559.688,562.109
3,6699,96507606073717,96507606071824,96507606471410,397.693,399.586
3,6700,96507606661497,96507606659671,96507607065881,404.384,406.21
3,6701,96507607152553,96507607149543,96507607565317,412.764,415.774
3,6702,96507607744243,96507607737390,96507608181218,436.975,443.828
3,6703,96507608328783,96507608325238,96507608714446,385.663,389.208
3,6704,96507608817199,96507608815110,96507609295976,478.777,480.866
3,6705,96507609405059,96507609402957,96507609868155,463.096,465.198
3,6706,96507609992779,96507609990804,96507610427154,434.375,436.35
3,6707,96507610580729,96507610578652,96507610926711,345.982,348.059
3,6708,96507611072025,96507611068524,96507611597933,525.908,529.409
3,6709,96507611662916,96507611656371,96507611987457,324.541,331.086
3,6710,96507612247935,96507612244218,96507612616737,368.802,372.519
3,6711,96507612735962,96507612734091,96507613080253,344.291,346.162
3,6712,96507613323602,96507613321938,96507613737156,413.554,415.218
3,6713,96507613911702,96507613909785,96507614293724,382.022,383.939
3,6714,96507614406758,96507614399658,96507614910025,503.267,510.367
3,6715,96507614991188,96507614987505,96507615333830,342.642,346.325
3,6716,96507615581718,96507615575352,96507615949240,367.522,373.888
3,6717,96507616067645,96507616065225,96507616520600,452.955,455.375
3,6718,96507616655005,96507616653072,96507617134321,479.316,481.249
3,6719,96507617243984,96507617240919,96507617672249,428.265,431.33
3,6720,96507617831134,96507617828766,96507618221308,390.174,392.542
3,6721,96507618325721,96507618318639,96507618728164,402.443,409.525
3,6722,96507618909631,96507618906486,96507619338045,428.414,431.559
3,6723,96507619500911,96507619494333,96507619918325,417.414,423.992
3,6724,96507619986487,96507619984205,96507620554226,567.739,570.021
3,6725,96507620573866,96507620572053,96507621001121,427.255,429.068
3,6726,96507621161816,96507621159900,96507621567090,405.274,407.19
3,6727,96507621653394,96507621649772,96507622071928,418.534,422.156
3,6728,96507622243984,96507622237619,96507622595085,351.101,357.466
3,6729,96507622829003,96507622825467,96507623190625,361.622,365.158
3,6730,96507623317239,96507623315339,96507623799206,481.967,483.867
3,6731,96507623915750,96507623903186,96507624358664,442.914,455.478
3,6732,96507624492919,96507624491033,96507624871482,378.563,380.449
3,6733,96507625080809,96507625078881,96507625437871,357.062,358.99
3,6734,96507625572345,96507625568753,96507626037931,465.586,469.178
3,6735,96507626163755,96507626156600,96507626527528,363.773,370.928
3,6736,96507626747925,96507626744447,96507627116428,368.503,371.981
3,6737,96507627237022,96507627234320,96507627680357,443.335,446.037
3,6738,96507627824132,96507627822167,96507628106081,281.949,283.914
3,6739,96507628412242,96507628410014,96507628886888,474.646,476.874
3,6740,96507628905968,96507628899887,96507629337523,431.555,437.636
3,6741,96507629490678,96507629487734,96507629870991,380.313,383.257
3,6742,96507630082428,96507630075581,96507630434160,351.732,358.579
3,6743,96507630567705,96507630565454,96507631010720,443.015,445.266
3,6744,96507631155355,96507631153301,96507631590939,435.584,437.638
3,6745,96507631743165,96507631741148,96507632134407,391.242,393.259
3,6746,96507632331245,96507632328995,96507632805340,474.095,476.345
3,6747,96507632825321,96507632818868,96507633142912,317.591,324.044
3,6748,96507633409950,96507633406715,96507633908867,498.917,502.152
3,6749,96507634008760,96507633994562,96507634342102,333.342,347.54
3,6750,96507634486397,96507634484434,96507634888700,402.303,404.266
3,6751,96507635074667,96507635072282,96507635385848,311.181,313.566
3,6752,96507635661946,96507635660129,96507636051290,389.344,391.161
3,6753,96507636153383,96507636150001,96507636572687,419.304,422.686
3,6754,96507636743483,96507636737848,96507637122516,379.033,384.668
3,6755,96507637328733,96507637325696,96507637679095,350.362,353.399
3,6756,96507637817410,96507637815568,96507638222603,405.193,407.035
3,6757,96507638405579,96507638403415,96507638813853,408.274,410.438
3,6758,96507638993269,96507638991262,96507639411053,417.784,419.791
3,6759,96507639581029,96507639579110,96507639865899,284.87,286.789
3,6760,96507640072236,96507640068982,96507640474050,401.814,405.068
3,6761,96507640663576,96507640656829,96507641108791,445.215,451.962
3,6762,96507641247616,96507641244676,96507641636379,388.763,391.703
3,6763,96507641736752,96507641734549,96507642151125,414.373,416.576
3,6764,96507642324372,96507642322396,96507642737415,413.043,415.019
3,6765,96507642911962,96507642910243,96507643250343,338.381,340.1
3,6766,96507643407398,96507643400116,96507643921606,514.208,521.49
3,6767,96507643990809,96507643987963,96507644320419,329.61,332.456
3,6768,96507644582488,96507644575810,96507644959641,377.153,383.831
3,6769,96507645067644,96507645065683,96507645401336,333.692,335.653
3,6770,96507645655494,96507645653530,96507646003196,347.702,349.666
3,6771,96507646243224,96507646241377,96507646719950,476.726,478.573
3,6772,96507646831174,96507646829224,96507647177185,346.011,347.961
3,6773,96507647325891,96507647319097,96507647811867,485.976,492.77
3,6774,96507647910420,96507647906944,96507648218561,308.141,311.617
3,6775,96507648501621,96507648494791,96507648855662,354.041,360.871
3,6776,96507648986707,96507648984663,96507649440762,454.055,456.099
3,6777,96507649574527,96507649572511,96507649844836,270.309,272.325
3,6778,96507650162587,96507650160358,96507650483897,321.31,323.539
3,6779,96507650653423,96507650650230,96507651021136,367.713,370.906
3,6780,96507651244803,96507651238077,96507651656457,411.654,418.38
3,6781,96507651829223,96507651825925,96507652124353,295.13,298.428
3,6782,96507652317790,96507652315797,96507652833447,515.657,517.65
3,6783,96507652905940,96507652903644,96507653360255,454.315,456.611
3,6784,96507653493380,96507653491491,96507653882842,389.462,391.351
3,6785,96507654081719,96507654079339,96507654504493,422.774,425.154
3,6786,96507654572526,96507654569211,96507654953329,380.803,384.118
3,6787,96507655164516,96507655157058,96507655568719,404.203,411.661
3,6788,96507655748406,96507655744905,96507656128549,380.143,383.644
3,6789,96507656236932,96507656234778,96507656788020,551.088,553.242
3,6790,96507656824851,96507656822625,96507657286637,461.786,464.012
3,6791,96507657412541,96507657410472,96507657680791,268.25,270.319
3,6792,96507657908049,96507657900345,96507658393395,485.346,493.05
3,6793,96507658491888,96507658488192,96507658978585,486.697,490.393
3,6794,96507659082449,96507659076039,96507659416800,334.351,340.761
3,6795,96507659567674,96507659565912,96507660048110,480.436,482.198
3,6796,96507660156014,96507660153759,96507660587919,431.905,434.16
3,6797,96507660743824,96507660741606,96507661174319,430.495,432.713
3,6798,96507661331584,96507661329453,96507661700816,369.232,371.363
3,6799,96507661826620,96507661819326,96507662250685,424.065,431.359
3,6800,96507662410621,96507662407173,96507662728751,318.13,321.578
3,6801,96507663009351,96507662995020,96507663360953,351.602,365.933
3,6802,96507663486967,96507663484893,96507664016195,529.228,531.302
3,6803,96507664074437,96507664072740,96507664425158,350.721,352.418
3,6804,96507664662337,96507664660587,96507665004449,342.112,343.862
3,6805,96507665153944,96507665150459,96507665517835,363.891,367.376
3,6806,96507665745243,96507665738306,96507666222409,477.166,484.103
3,6807,96507666329423,96507666326154,96507666659545,330.122,333.391
3,6808,96507666817950,96507666816026,96507667387319,569.369,571.293
3,6809,96507667405730,96507667403873,96507667792082,386.352,388.209
3,6810,96507667993489,96507667991720,96507668302380,308.891,310.66
3,6811,96507668581369,96507668579568,96507668977463,396.094,397.895
3,6812,96507669072525,96507669069440,96507669466459,393.934,397.019
3,6813,96507669663246,96507669657287,96507670038208,374.962,380.921
3,6814,96507670248855,96507670245134,96507670552586,303.731,307.452
3,6815,96507670737092,96507670735007,96507671116285,379.193,381.278
3,6816,96507671325172,96507671322854,96507671741366,416.194,418.512
3,6817,96507671912992,96507671910701,96507672321445,408.453,410.744
3,6818,96507672406738,96507672400574,96507672854864,448.126,454.29
3,6819,96507672991548,96507672988421,96507673341740,350.192,353.319
3,6820,96507673582788,96507673576268,96507673953171,370.383,376.903
3,6821,96507674067955,96507674066141,96507674501329,433.374,435.188
3,6822,96507674656045,96507674653988,96507675142061,486.016,488.073
3,6823,96507675243874,96507675241835,96507675564445,320.571,322.61
3,6824,96507675831464,96507675829682,96507676137135,305.671,307.453
3,6825,96507676326191,96507676319555,96507676899310,573.119,579.755
3,6826,96507676911241,96507676907402,96507677380656,469.415,473.254
3,6827,96507677502241,96507677495249,96507677848012,345.771,352.763
3,6828,96507677987047,96507677985122,96507678483414,496.367,498.292
3,6829,96507678574977,96507678572969,96507678938159,363.182,365.19
3,6830,96507679163127,96507679160816,96507679569191,406.064,408.375
3,6831,96507679654484,96507679650688,96507680048487,394.003,397.799
3,6832,96507680244934,96507680238535,96507680726060,481.126,487.525
3,6833,96507680830104,96507680826383,96507681266428,436.324,440.045
3,6834,96507681318409,96507681316255,96507681762485,444.076,446.23
3,6835,96507681906289,96507681904102,96507682320963,414.674,416.861
3,6836,96507682493869,96507682491949,96507682926814,432.945,434.865
3,6837,96507683081749,96507683079797,96507683454872,373.123,375.075
3,6838,96507683573526,96507683569669,96507683981540,408.014,411.871
3,6839,96507684164546,96507684157516,96507684546029,381.483,388.513
3,6840,96507684748755,96507684745363,96507685116088,367.333,370.725
3,6841,96507685236882,96507685235236,96507685649606,412.724,414.37
3,6842,96507685825902,96507685823083,96507686264307,438.405,441.224
3,6843,96507686413282,96507686410930,96507686737922,324.64,326.992
3,6844,96507686908268,96507686900803,96507687283721,375.453,382.918
3,6845,96507687492318,96507687488650,96507687962494,470.176,473.844
3,6846,96507688082478,96507688076497,96507688551974,469.496,475.477
3,6847,96507688568645,96507688566370,96507689043101,474.456,476.731
3,6848,96507689156465,96507689154217,96507689618700,462.235,464.483
3,6849,96507689743845,96507689742064,96507690087716,343.871,345.652
3,6850,96507690331865,96507690329911,96507690792770,460.905,462.859
3,6851,96507690825661,96507690819784,96507691261045,435.384,441.261
3,6852,96507691410501,96507691407631,96507691889237,478.736,481.606
3,6853,96507692015661,96507691995478,96507692327341,311.68,331.863
3,6854,96507692487327,96507692485351,96507692944153,456.826,458.802
3,6855,96507693075377,96507693073198,96507693504401,429.024,431.203
3,6856,96507693663327,96507693661045,96507694164874,501.547,503.829
3,6857,96507694154173,96507694150917,96507694686252,532.079,535.335
3,6858,96507694745254,96507694738764,96507695148197,402.943,409.433
3,6859,96507695328163,96507695326612,96507695603173,275.01,276.561
3,6860,96507695917943,96507695914459,96507696251044,333.101,336.585
3,6861,96507696405110,96507696404331,96507696792213,387.103,387.882
3,6862,96507696992879,96507696992178,96507697438944,446.065,446.766
3,6863,96507697580789,96507697580026,96507697887370,306.581,307.344
3,6864,96507698071076,96507698069898,96507698562512,491.436,492.614
3,6865,96507698660646,96507698657745,96507698997978,337.332,340.233
3,6866,96507699246596,96507699245592,96507699636589,389.993,390.997
3,6867,96507699736222,96507699735465,96507700205858,469.636,470.393
3,6868,96507700324072,96507700323312,96507700712665,388.593,389.353
3,6869,96507700911832,96507700911159,96507701365108,453.276,453.949
3,6870,96507701403409,96507701401032,96507701812392,408.983,411.36
3,6871,96507701990019,96507701988879,96507702395172,405.153,406.293
3,6872,96507702579819,96507702576726,96507702965181,385.362,388.455
3,6873,96507703165718,96507703164573,96507703566271,400.553,401.698
3,6874,96507703655114,96507703654446,96507704298296,643.182,643.85
3,6875,96507704243014,96507704242293,96507704654328,411.314,412.035
3,6876,96507704830854,96507704830140,96507705157175,326.321,327.035
3,6877,96507705322201,96507705320013,96507705751105,428.904,431.092
3,6878,96507705909310,96507705907860,96507706304074,394.764,396.214
3,6879,96507706497900,96507706495707,96507706860943,363.043,365.236
3,6880,96507706986227,96507706985580,96507707460633,474.406,475.053
3,6881,96507707574187,96507707573427,96507707942439,368.252,369.012
3,6882,96507708162117,96507708161274,96507708672154,510.037,510.88
3,6883,96507708652163,96507708651146,96507709085598,433.435,434.452
3,6884,96507709241153,96507709238993,96507709672488,431.335,433.495
3,6885,96507709827713,96507709826841,96507710140343,312.63,313.502
3,6886,96507710416703,96507710414688,96507710792886,376.183,378.198
3,6887,96507710905220,96507710904560,96507711342264,437.044,437.704
3,6888,96507711493090,96507711492407,96507711968526,475.436,476.119
3,6889,96507712081270,96507712080255,96507712491873,410.603,411.618
3,6890,96507712571146,96507712570127,96507713020051,448.905,449.924
3,6891,96507713160586,96507713157974,96507713489937,329.351,331.963
3,6892,96507713747476,96507713745821,96507714100667,353.191,354.846
3,6893,96507714236882,96507714235694,96507714653947,417.065,418.253
3,6894,96507714824292,96507714823541,96507715177364,353.072,353.823
3,6895,96507715412351,96507715411388,96507715760064,347.713,348.676
3,6896,96507715903738,96507715901261,96507716297232,393.494,395.971
3,6897,96507716490338,96507716489108,96507716754497,264.159,265.389
3,6898,96507717079118,96507717076955,96507717456611,377.493,379.656
3,6899,96507717665788,96507717664802,96507718099063,433.275,434.261
3,6900,96507718155394,96507718154675,96507718602480,447.086,447.805
3,6901,96507718743634,96507718742522,96507719107137,363.503,364.615
3,6902,96507719331064,96507719330369,96507719691386,360.322,361.017
3,6903,96507719823161,96507719820242,96507720204804,381.643,384.562
3,6904,96507720409871,96507720408089,96507720895298,485.427,487.209
3,6905,96507720999041,96507720995936,96507721302811,303.77,306.875
3,6906,96507721487347,96507721485809,96507721909481,422.134,423.672
3,6907,96507722074717,96507722073656,96507722504232,429.515,430.576
3,6908,96507722662507,96507722661503,96507722954967,292.46,293.464
3,6909,96507723153004,96507723151375,96507723584258,431.254,432.883
3,6910,96507723742164,96507723739222,96507724071265,329.101,332.043
3,6911,96507724328714,96507724327070,96507724629183,300.469,302.113
3,6912,96507724917753,96507724914917,96507725291835,374.082,376.918
3,6913,96507725405750,96507725404789,96507725850995,445.245,446.206
3,6914,96507725993309,96507725992636,96507726358042,364.733,365.406
3,6915,96507726581229,96507726580484,96507726965413,384.184,384.929
3,6916,96507727071545,96507727070356,96507727426028,354.483,355.672
3,6917,96507727660745,96507727658203,96507728074690,413.945,416.487
3,6918,96507728247315,96507728246050,96507728520775,273.46,274.725
3,6919,96507728736672,96507728735923,96507729172887,436.215,436.964
3,6920,96507729324452,96507729323770,96507729652543,328.091,328.773
3,6921,96507729912372,96507729911617,96507730347897,435.525,436.28
3,6922,96507730403568,96507730401490,96507730891875,488.307,490.385
3,6923,96507730990528,96507730989337,96507731327730,337.202,338.393
3,6924,96507731579348,96507731577184,96507732032663,453.315,455.479
3,6925,96507732166198,96507732165031,96507732588942,422.744,423.911
3,6926,96507732655615,96507732654904,96507733234084,578.469,579.18
3,6927,96507733243525,96507733242751,96507733578906,335.381,336.155
3,6928,96507733831305,96507733830598,96507734140305,309.0,309.707
3,6929,96507734322671,96507734320471,96507734792377,469.706,471.906
3,6930,96507734909671,96507734908318,96507735245952,336.281,337.634
3,6931,96507735498351,96507735496165,96507735887163,388.812,390.998
3,6932,96507735986758,96507735986038,96507736535235,548.477,549.197
3,6933,96507736574567,96507736573885,96507736956180,381.613,382.295
3,6934,96507737162406,96507737161732,96507737599701,437.295,437.969
3,6935,96507737653064,96507737651604,96507738035687,382.623,384.083
3,6936,96507738241364,96507738239451,96507738663118,421.754,423.667
3,6937,96507738828453,96507738827299,96507739062882,234.429,235.583
3,6938,96507739417273,96507739415146,96507739812347,395.074,397.201
3,6939,96507739905659,96507739905018,96507740413737,508.078,508.719
3,6940,96507740493659,96507740492865,96507740932354,438.695,439.489
3,6941,96507741081439,96507741080713,96507741378599,297.16,297.886
3,6942,96507741571756,96507741570585,96507741930598,358.842,360.013
3,6943,96507742161396,96507742158432,96507742504027,342.631,345.595
3,6944,96507742747416,96507742746279,96507743103208,355.792,356.929
3,6945,96507743236892,96507743236152,96507743583714,346.822,347.562
3,6946,96507743824702,96507743823999,96507744248247,423.545,424.248
3,6947,96507744412612,96507744411846,96507744699521,286.909,287.675
3,6948,96507744904489,96507744901719,96507745267741,363.252,366.022
3,6949,96507745491128,96507745489566,96507745862301,371.173,372.735
3,6950,96507746080168,96507746077413,96507746389379,309.211,311.966
3,6951,96507746666588,96507746665260,96507747079843,413.255,414.583
3,6952,96507747155875,96507747155133,96507747492976,337.101,337.843
3,6953,96507747743715,96507747742980,96507748094846,351.131,351.866
3,6954,96507748331495,96507748330827,96507748790410,458.915,459.583
3,6955,96507748823091,96507748820700,96507749199603,376.512,378.903
3,6956,96507749410061,96507749408547,96507749903768,493.707,495.221
3,6957,96507749998321,96507749996394,96507750380874,382.553,384.48
3,6958,96507750486957,96507750486267,96507750948463,461.506,462.196
3,6959,96507751074897,96507751074114,96507751408529,333.632,334.415
3,6960,96507751662767,96507751661961,96507752048770,386.003,386.809
3,6961,96507752153343,96507752151833,96507752477225,323.882,325.392
3,6962,96507752741863,96507752739681,96507753097955,356.092,358.274
3,6963,96507753328543,96507753327528,96507753608723,280.18,281.195
3,6964,96507753917273,96507753915375,96507754268085,350.812,352.71
3,6965,96507754405970,96507754405247,96507754900746,494.776,495.499
3,6966,96507754993970,96507754993094,96507755365472,371.502,372.378
3,6967,96507755581639,96507755580942,96507755897180,315.541,316.238
3,6968,96507756072146,96507756070814,96507756522211,450.065,451.397
3,6969,96507756661736,96507756658661,96507757081940,420.204,423.279
3,6970,96507757248276,96507757246508,96507757704721,456.445,458.213
3,6971,96507757737072,96507757736381,96507758191398,454.326,455.017
3,6972,96507758324912,96507758324228,96507758622252,297.34,298.024
3,6973,96507758912792,96507758912075,96507759367488,454.696,455.413
3,6974,96507759403759,96507759401948,96507759989669,585.91,587.721
3,6975,96507759990869,96507759989795,96507760316709,325.84,326.914
3,6976,96507760579319,96507760577642,96507760921910,342.591,344.268
3,6977,96507761166599,96507761165489,96507761418617,252.018,253.128
3,6978,96507761656114,96507761655362,96507762057058,400.944,401.696
3,6979,96507762243944,96507762243209,96507762607297,363.353,364.088
3,6980,96507762831754,96507762831056,96507763282510,450.756,451.454
3,6981,96507763322941,96507763320929,96507763758536,435.595,437.607
3,6982,96507763910261,96507763908776,96507764287334,377.073,378.558
3,6983,96507764498740,96507764496623,96507764782410,283.67,285.787
3,6984,96507764987277,96507764986496,96507765404371,417.094,417.875
3,6985,96507765575087,96507765574343,96507765903618,328.531,329.275
3,6986,96507766163007,96507766162190,96507766559390,396.383,397.2
3,6987,96507766653213,96507766652062,96507767108689,455.476,456.627
3,6988,96507767242103,96507767239910,96507767593006,350.903,353.096
3,6989,96507767828933,96507767827757,96507768218087,389.154,390.33
3,6990,96507768417373,96507768415604,96507768694813,277.44,279.209
3,6991,96507768906200,96507768905476,96507769351015,444.815,445.539
3,6992,96507769494070,96507769493323,96507769926044,431.974,432.721
3,6993,96507770082070,96507770081171,96507770340858,258.788,259.687
3,6994,96507770572346,96507770571043,96507771077213,504.867,506.17
3,6995,96507771160746,96507771158890,96507771511087,350.341,352.197
3,6996,96507771747976,96507771746737,96507772043216,295.24,296.479
3,6997,96507772237493,96507772236610,96507772729269,491.776,492.659
3,6998,96507772825173,96507772824457,96507773093681,268.508,269.224
3,6999,96507773413002,96507773412304,96507773743463,330.461,331.159
3,7000,96507773905459,96507773902177,96507774291792,386.333,389.615
3,7001,96507774491808,96507774490024,96507774841020,349.212,350.996
3,7002,96507775079998,96507775077871,96507775529493,449.495,451.622
3,7003,96507775667688,96507775665718,96507776082502,414.814,416.784
3,7004,96507776156394,96507776155591,96507776710253,553.859,554.662
3,7005,96507776744514,96507776743438,96507777154019,409.505,410.581
3,7006,96507777332494,96507777331285,96507777659996,327.502,328.711
3,7007,96507777825111,96507777821158,96507778273596,448.485,452.438
3,7008,96507778410781,96507778409005,96507778760773,349.992,351.768
3,7009,96507778999841,96507778996852,96507779407034,407.193,410.182
3,7010,96507779487457,96507779486725,96507779846229,358.772,359.504
3,7011,96507780075287,96507780074572,96507780426599,351.312,352.027
3,7012,96507780663217,96507780662419,96507781116123,452.906,453.704
3,7013,96507781153464,96507781152291,96507781498005,344.541,345.714
3,7014,96507781742454,96507781740139,96507782225320,482.866,485.181
3,7015,96507782329354,96507782327986,96507782636604,307.25,308.618
3,7016,96507782917843,96507782915833,96507783288636,370.793,372.803
3,7017,96507783406520,96507783405705,96507783822494,415.974,416.789
3,7018,96507783994360,96507783993552,96507784430114,435.754,436.562
3,7019,96507784582180,96507784581400,96507784949131,366.951,367.731
3,7020,96507785072386,96507785071272,96507785511981,439.595,440.709
3,7021,96507785661456,96507785659119,96507785953995,292.539,294.876
3,7022,96507786248285,96507786246966,96507786668910,420.625,421.944
3,7023,96507786737622,96507786736839,96507787173967,436.345,437.128
3,7024,96507787325482,96507787324686,96507787671153,345.671,346.467
3,7025,96507787913272,96507787912533,96507788183221,269.949,270.688
3,7026,96507788404568,96507788402406,96507788925986,521.418,523.58
3,7027,96507788991738,96507788990253,96507789239606,247.868,249.353
3,7028,96507789580148,96507789578100,96507789924440,344.292,346.34
3,7029,96507790167168,96507790165947,96507790511480,344.312,345.533
3,7030,96507790656605,96507790655820,96507791135391,478.786,479.571
3,7031,96507791244475,96507791243667,96507791551735,307.26,308.068
3,7032,96507791832185,96507791831514,96507792252958,420.773,421.444
3,7033,96507792323771,96507792321387,96507792734305,410.534,412.918
3,7034,96507792910281,96507792909234,96507793266673,356.392,357.439
3,7035,96507793499191,96507793497081,96507793868083,368.892,371.002
3,7036,96507793987598,96507793986954,96507794326418,338.82,339.464
3,7037,96507794575588,96507794574801,96507795001672,426.084,426.871
3,7038,96507795163407,96507795162648,96507795691905,528.498,529.257
3,7039,96507795653974,96507795652520,96507796021086,367.112,368.566
3,7040,96507796242574,96507796240368,96507796636737,394.163,396.369
3,7041,96507796897536,96507796828215,96507797301989,404.453,473.774
3,7042,96507797418174,96507797416062,96507797764155,345.981,348.093
3,7043,96507797906629,96507797905934,96507798438668,532.039,532.734
3,7044,96507798494449,96507798493781,96507798835481,341.032,341.7
3,7045,96507799082719,96507799081629,96507799479443,396.724,397.814
3,7046,96507799573286,96507799571501,96507800063452,490.166,491.951
3,7047,96507800162536,96507800159348,96507800551969,389.433,392.621
3,7048,96507800748396,96507800747195,96507801196731,448.335,449.536
3,7049,96507801237822,96507801237068,96507801762650,524.828,525.582
3,7050,96507801825792,96507801824915,96507802284438,458.646,459.523
3,7051,96507802413482,96507802412762,96507802706912,293.43,294.15
3,7052,96507802904729,96507802902635,96507803434386,529.657,531.751
3,7053,96507803491839,96507803490482,96507803801659,309.82,311.177
3,7054,96507804080458,96507804078329,96507804469472,389.014,391.143
3,7055,96507804667498,96507804666176,96507805061742,394.244,395.566
3,7056,96507805157085,96507805156049,96507805606911,449.826,450.862
3,7057,96507805744585,96507805743896,96507806162869,418.284,418.973
3,7058,96507806332525,96507806331743,96507806761179,428.654,429.436
3,7059,96507806824781,96507806821616,96507807243045,418.264,421.429
3,7060,96507807410581,96507807409463,96507807833505,422.924,424.042
3,7061,96507808000661,96507807997310,96507808468707,468.046,471.397
3,7062,96507808488298,96507808487183,96507808939992,451.694,452.809
3,7063,96507809075887,96507809075030,96507809563413,487.526,488.383
3,7064,96507809663747,96507809662877,96507810076171,412.424,413.294
3,7065,96507810154783,96507810152749,96507810647601,492.818,494.852
3,7066,96507810743544,96507810740597,96507811209560,466.016,468.963
3,7067,96507811330203,96507811328444,96507811677086,346.883,348.642
3,7068,96507811919113,96507811916291,96507812408780,489.667,492.489
3,7069,96507812407060,96507812406163,96507812831284,424.224,425.121
3,7070,96507812995340,96507812994010,96507813393254,397.914,399.244
3,7071,96507813582769,96507813581858,96507813982583,399.814,400.725
3,7072,96507814073236,96507814071730,96507814541802,468.566,470.072
3,7073,96507814662246,96507814659577,96507815116461,454.215,456.884
3,7074,96507815249716,96507815247424,96507815545396,295.68,297.972
3,7075,96507815738252,96507815737297,96507816409435,671.183,672.138
3,7076,96507816327432,96507816325144,96507816678435,351.003,353.291
3,7077,96507816915302,96507816912991,96507817405179,489.877,492.188
3,7078,96507817410759,96507817402864,96507817979388,568.629,576.524
3,7079,96507817994309,96507817990711,96507818433494,439.185,442.783
3,7080,96507818586218,96507818578558,96507819051204,464.986,472.646
3,7081,96507819169639,96507819166405,96507819596633,426.994,430.228
3,7082,96507819658335,96507819656278,96507820179462,521.127,523.184
3,7083,96507820246215,96507820244125,96507820566096,319.881,321.971
3,7084,96507820834045,96507820831972,96507821226418,392.373,394.446
3,7085,96507821329391,96507821321845,96507821784487,455.096,462.642
3,7086,96507821913181,96507821909692,96507822387097,473.916,477.405
3,7087,96507822504271,96507822497539,96507822878393,374.122,380.854
3,7088,96507822989197,96507822987412,96507823477334,488.137,489.922
3,7089,96507823577067,96507823575259,96507824015072,438.005,439.813
3,7090,96507824165197,96507824163106,96507824581821,416.624,418.715
3,7091,96507824656673,96507824652978,96507825112800,456.127,459.822
3,7092,96507825247574,96507825240826,96507825703659,456.085,462.833
3,7093,96507825831713,96507825828673,96507826215337,383.624,386.664
3,7094,96507826423534,96507826416520,96507826731684,308.15,315.164
3,7095,96507826908590,96507826906392,96507827397237,488.647,490.845
3,7096,96507827496260,96507827494240,96507827926044,429.784,431.804
3,7097,96507828084050,96507828082087,96507828326338,242.288,244.251
3,7098,96507828575376,96507828571959,96507829028532,453.156,456.573
3,7099,96507829165976,96507829159806,96507829545099,379.123,385.293
3,7100,96507829751056,96507829747653,96507830126279,375.223,378.626
3,7101,96507830239493,96507830237526,96507830650326,410.833,412.8
3,7102,96507830827693,96507830825373,96507831156534,328.841,331.161
3,7103,96507831415203,96507831413220,96507831808476,393.273,395.256
3,7104,96507831910889,96507831903093,96507832443367,532.478,540.274
3,7105,96507832494149,96507832490940,96507832903932,409.783,412.992
3,7106,96507833085739,96507833078787,96507833526704,440.965,447.917
3,7107,96507833670079,96507833666634,96507834023220,353.141,356.586
3,7108,96507834158284,96507834156507,96507834580219,421.935,423.712
3,7109,96507834746344,96507834744354,96507835063585,317.241,319.231
3,7110,96507835334304,96507835332201,96507835653655,319.351,321.454
3,7111,96507835828782,96507835822074,96507836133112,304.33,311.038
3,7112,96507836413561,96507836409921,96507836730842,317.281,320.921
3,7113,96507837017082,96507836997768,96507837359084,342.002,361.316
3,7114,96507837489727,96507837487641,96507837942083,452.356,454.442
3,7115,96507838077487,96507838075488,96507838355047,277.56,279.559
3,7116,96507838665707,96507838663335,96507839097312,431.605,433.977
3,7117,96507839156414,96507839153207,96507839591429,435.015,438.222
3,7118,96507839747593,96507839741055,96507840151157,403.564,410.102
3,7119,96507840332324,96507840328902,96507840726987,394.663,398.085
3,7120,96507840923693,96507840916749,96507841303976,380.283,387.227
3,7121,96507841408650,96507841406621,96507841718120,309.47,311.499
3,7122,96507841996010,96507841994469,96507842338312,342.302,343.843
3,7123,96507842584110,96507842582316,96507842962053,377.943,379.737
3,7124,96507843075456,96507843072188,96507843514851,439.395,442.663
3,7125,96507843666446,96507843660035,96507844019498,353.052,359.463
3,7126,96507844252486,96507844247882,96507844597228,344.742,349.346
3,7127,96507844739603,96507844737755,96507845162707,423.104,424.952
3,7128,96507845327502,96507845325602,96507845636493,308.991,310.891
3,7129,96507845915712,96507845913449,96507846369027,453.315,455.578
3,7130,96507846409899,96507846403322,96507846884376,474.477,481.054
3,7131,96507846994879,96507846991169,96507847331540,336.661,340.371
3,7132,96507847586109,96507847579016,96507847941551,355.442,362.535
3,7133,96507848170498,96507848166863,96507848492010,321.512,325.147
3,7134,96507848658835,96507848656736,96507849081670,422.835,424.934
3,7135,96507849246555,96507849244583,96507849510714,264.159,266.131
3,7136,96507849834535,96507849832430,96507850176906,342.371,344.476
3,7137,96507850329502,96507850322303,96507850815498,485.996,493.195
3,7138,96507850913581,96507850910150,96507851322025,408.444,411.875
3,7139,96507851505061,96507851497997,96507851788160,283.099,290.163
3,7140,96507851989948,96507851987870,96507852428993,439.045,441.123
3,7141,96507852577838,96507852575717,96507852978511,400.673,402.794
3,7142,96507853165587,96507853163564,96507853513639,348.052,350.075
3,7143,96507853656974,96507853653436,96507854069958,412.984,416.522
3,7144,96507854248194,96507854241284,96507854508022,259.828,266.738
3,7145,96507854832534,96507854829131,96507855098513,265.979,269.382
3,7146,96507855423854,96507855416978,96507855796717,372.863,379.739
3,7147,96507855908990,96507855906850,96507856266642,357.652,359.792
3,7148,96507856496620,96507856494698,96507856921334,424.714,426.636
3,7149,96507857084600,96507857082545,96507857597387,512.787,514.842
3,7150,96507857575807,96507857572417,96507858119765,543.958,547.348
3,7151,96507858166847,96507858160264,96507858543109,376.262,382.845
3,7152,96507858751146,96507858748111,96507859129759,378.613,381.648
3,7153,96507859239882,96507859237984,96507859578334,338.452,340.35
3,7154,96507859828062,96507859825831,96507860160503,332.441,334.672
3,7155,96507860415732,96507860413678,96507860756144,340.412,342.466
3,7156,96507860910169,96507860903551,96507861286321,376.152,382.77
3,7157,96507861494919,96507861491398,96507861858501,363.582,367.103
3,7158,96507862086228,96507862079245,96507862685639,599.411,606.394
3,7159,96507862670718,96507862667092,96507863125034,454.316,457.942
3,7160,96507863159115,96507863156965,96507863755906,596.791,598.941
3,7161,96507863746695,96507863744812,96507864202200,455.505,457.388
3,7162,96507864334105,96507864332659,96507864743998,409.893,411.339
3,7163,96507864828761,96507864822532,96507865292247,463.486,469.715
3,7164,96507865413721,96507865410379,96507865826696,412.975,416.317
3,7165,96507866011302,96507865998226,96507866358563,347.261,360.337
3,7166,96507866490058,96507866488099,96507866925122,435.064,437.023
3,7167,96507867077888,96507867075946,96507867439250,361.362,363.304
3,7168,96507867665978,96507867663793,96507868135793,469.815,472.0
3,7169,96507868157014,96507868153665,96507868661621,504.607,507.956
3,7170,96507868747274,96507868741513,96507869196510,449.236,454.997
3,7171,96507869333274,96507869329360,96507869638654,305.38,309.294
